"Timestamp","RuleTitle","Level","Computer","Channel","EventID","MitreTactics","MitreTags","OtherTags","RecordID","Details","ExtraFieldInfo","RuleFile","RuleID","EvtxFile"
"2025-12-22 14:21:51.305 +01:00","File Created","info","DESKTOP-G2OBL3D","Sysmon",11,"","","sysmon",166826,"Path: C:\Users\student\AppData\Local\Temp\__PSScriptPolicyTest_3zt4rc3j.spc.ps1 ¦ Proc: C:\WINDOWS\System32\WindowsPowerShell\v1.0\powershell.exe ¦ PID: 11108 ¦ PGUID: E9F06A57-45EE-6949-0A06-000000002100","CreationUtcTime: 2025-12-22 13:21:51.291 ¦ RuleName: - ¦ User: DESKTOP-G2OBL3D\student ¦ UtcTime: 2025-12-22 13:21:51.291","Sysmon_11_Info_FileCreated.yml","8a76bcd8-dec2-4c8a-995d-a4600aad8fe2","C:\Tools\Logs\art_1016.evtx"
"2025-12-22 14:21:16.981 +01:00","Proc Exec","info","DESKTOP-G2OBL3D","Sysmon",1,"","","sysmon",166803,"Cmdline: taskhostw.exe -RegisterDevice -ProtectionStateChanged -FreeNetworkOnly ¦ Proc: C:\Windows\System32\taskhostw.exe ¦ User: NT AUTHORITY\SYSTEM ¦ ParentCmdline: C:\WINDOWS\system32\svchost.exe -k netsvcs -p ¦ LID: 0x3e7 ¦ LGUID: E9F06A57-0DF5-6949-E703-000000000000 ¦ PID: 11100 ¦ PGUID: E9F06A57-45CC-6949-F305-000000002100 ¦ ParentPID: 1324 ¦ ParentPGUID: E9F06A57-0DF8-6949-1B00-000000002100 ¦ Description: Host Process for Windows Tasks ¦ Product: Microsoft® Windows® Operating System ¦ Company: Microsoft Corporation ¦ Hashes: MD5=3979F5BBEC9B7637719F9A096400A24A,SHA256=CAAAFB0C6F77CD37F402E644FC56B7D89E3D5FC51E128A4AC49481D281E582F8,IMPHASH=2196268E7A2880E3ADC74481297D0C4B","CurrentDirectory: C:\WINDOWS\system32\ ¦ FileVersion: 10.0.26100.2454 (WinBuild.160101.0800) ¦ IntegrityLevel: System ¦ OriginalFileName: taskhostw.exe ¦ ParentImage: C:\Windows\System32\svchost.exe ¦ RuleName: - ¦ TerminalSessionId: 0 ¦ UtcTime: 2025-12-22 13:21:16.972","Sysmon_1_Info_ProcExec.yml","85790e3e-e270-499f-a6ad-f8afe85c35f1","C:\Tools\Logs\art_1016.evtx"
"2025-12-22 14:21:17.643 +01:00","Proc Exec","info","DESKTOP-G2OBL3D","Sysmon",1,"","","sysmon",166804,"Cmdline: \\?\C:\Windows\System32\SecurityHealth\10.0.29429.1000-0\SecurityHealthHost.exe {08728914-3F57-4D52-9E31-49DAECA5A80A} -Embedding ¦ Proc: C:\Windows\System32\SecurityHealth\10.0.29429.1000-0\SecurityHealthHost.exe ¦ User: DESKTOP-G2OBL3D\student ¦ ParentCmdline: C:\WINDOWS\system32\svchost.exe -k DcomLaunch -p ¦ LID: 0x18ed3 ¦ LGUID: E9F06A57-0DF8-6949-D38E-010000000000 ¦ PID: 4488 ¦ PGUID: E9F06A57-45CD-6949-F405-000000002100 ¦ ParentPID: 916 ¦ ParentPGUID: E9F06A57-0DF6-6949-0D00-000000002100 ¦ Description: Windows Security Health Host ¦ Product: Microsoft® Windows® Operating System ¦ Company: Microsoft Corporation ¦ Hashes: MD5=6A1C7F240C04965EA3627ADA46E890DB,SHA256=4DAAC737340C506314BF4B5FA7979FBA68E0F9E22093F9EC50CAF647542A113F,IMPHASH=E8960CAF12CF621B3CA78988264C27F1","CurrentDirectory: C:\WINDOWS\system32\ ¦ FileVersion: 10.0.29429.1000 (WinBuild.160101.0800) ¦ IntegrityLevel: Medium ¦ OriginalFileName: SecurityHealthHost.exe ¦ ParentImage: C:\Windows\System32\svchost.exe ¦ ParentUser: NT AUTHORITY\SYSTEM ¦ RuleName: - ¦ TerminalSessionId: 1 ¦ UtcTime: 2025-12-22 13:21:17.640","Sysmon_1_Info_ProcExec.yml","85790e3e-e270-499f-a6ad-f8afe85c35f1","C:\Tools\Logs\art_1016.evtx"
"2025-12-22 14:21:17.869 +01:00","Proc Exec","info","DESKTOP-G2OBL3D","Sysmon",1,"","","sysmon",166805,"Cmdline: ""C:\WINDOWS\system32\HOSTNAME.EXE"" ¦ Proc: C:\Windows\System32\HOSTNAME.EXE ¦ User: DESKTOP-G2OBL3D\student ¦ ParentCmdline: ""C:\WINDOWS\System32\WindowsPowerShell\v1.0\powershell.exe"" -exec bypass ¦ LID: 0x18dcf ¦ LGUID: E9F06A57-0DF8-6949-CF8D-010000000000 ¦ PID: 3664 ¦ PGUID: E9F06A57-45CD-6949-F505-000000002100 ¦ ParentPID: 416 ¦ ParentPGUID: E9F06A57-37B7-6949-AD04-000000002100 ¦ Description: Hostname APP ¦ Product: Microsoft® Windows® Operating System ¦ Company: Microsoft Corporation ¦ Hashes: MD5=0411E7CFE0D452AFE541C1EA45033168,SHA256=8FF283FB7A282A9B2B30235016669DFE795665BCBB254FD17AC31FA9308D89D9,IMPHASH=8CB84C534505B1E47EF25FA2CD9A16BB","CurrentDirectory: C:\WINDOWS\system32\ ¦ FileVersion: 10.0.26100.2161 (WinBuild.160101.0800) ¦ IntegrityLevel: High ¦ OriginalFileName: hostname.exe ¦ ParentImage: C:\Windows\System32\WindowsPowerShell\v1.0\powershell.exe ¦ RuleName: - ¦ TerminalSessionId: 1 ¦ UtcTime: 2025-12-22 13:21:17.867","Sysmon_1_Info_ProcExec.yml","85790e3e-e270-499f-a6ad-f8afe85c35f1","C:\Tools\Logs\art_1016.evtx"
"2025-12-22 14:21:17.939 +01:00","Proc Exec","info","DESKTOP-G2OBL3D","Sysmon",1,"","","sysmon",166806,"Cmdline: ""C:\WINDOWS\system32\whoami.exe"" ¦ Proc: C:\Windows\System32\whoami.exe ¦ User: DESKTOP-G2OBL3D\student ¦ ParentCmdline: ""C:\WINDOWS\System32\WindowsPowerShell\v1.0\powershell.exe"" -exec bypass ¦ LID: 0x18dcf ¦ LGUID: E9F06A57-0DF8-6949-CF8D-010000000000 ¦ PID: 3996 ¦ PGUID: E9F06A57-45CD-6949-F605-000000002100 ¦ ParentPID: 416 ¦ ParentPGUID: E9F06A57-37B7-6949-AD04-000000002100 ¦ Description: whoami - displays logged on user information ¦ Product: Microsoft® Windows® Operating System ¦ Company: Microsoft Corporation ¦ Hashes: MD5=956692DADC5B2CEB46E9219F7A5BEFFA,SHA256=23240EF9F8B0A9A324110B1C2331DE31DC1B0E08F5359CB707E51A939AF56CD3,IMPHASH=E4464BCD92DF7AC69CCD074CB9C0EFED","CurrentDirectory: C:\WINDOWS\system32\ ¦ FileVersion: 10.0.26100.1882 (WinBuild.160101.0800) ¦ IntegrityLevel: High ¦ OriginalFileName: whoami.exe ¦ ParentImage: C:\Windows\System32\WindowsPowerShell\v1.0\powershell.exe ¦ RuleName: - ¦ TerminalSessionId: 1 ¦ UtcTime: 2025-12-22 13:21:17.934","Sysmon_1_Info_ProcExec.yml","85790e3e-e270-499f-a6ad-f8afe85c35f1","C:\Tools\Logs\art_1016.evtx"
"2025-12-22 14:21:18.725 +01:00","Proc Exec","info","DESKTOP-G2OBL3D","Sysmon",1,"","","sysmon",166807,"Cmdline: ""cmd.exe"" /c ipconfig /all & netsh interface show interface & arp -a & nbtstat -n & net config ¦ Proc: C:\Windows\System32\cmd.exe ¦ User: DESKTOP-G2OBL3D\student ¦ ParentCmdline: ""C:\WINDOWS\System32\WindowsPowerShell\v1.0\powershell.exe"" -exec bypass ¦ LID: 0x18dcf ¦ LGUID: E9F06A57-0DF8-6949-CF8D-010000000000 ¦ PID: 1256 ¦ PGUID: E9F06A57-45CE-6949-F805-000000002100 ¦ ParentPID: 416 ¦ ParentPGUID: E9F06A57-37B7-6949-AD04-000000002100 ¦ Description: Windows Command Processor ¦ Product: Microsoft® Windows® Operating System ¦ Company: Microsoft Corporation ¦ Hashes: MD5=FE48494F2B5A9C452F12E9BBE93A6BE6,SHA256=746C77047FC973F7CA66F8AF28274A30E05F4BB1751EE8A2C6546D9DA48E1115,IMPHASH=EDEF5A2A98D730D4288FE684BA0B0E00","CurrentDirectory: C:\Users\student\AppData\Local\Temp\ ¦ FileVersion: 10.0.26100.2454 (WinBuild.160101.0800) ¦ IntegrityLevel: High ¦ OriginalFileName: Cmd.Exe ¦ ParentImage: C:\Windows\System32\WindowsPowerShell\v1.0\powershell.exe ¦ RuleName: - ¦ TerminalSessionId: 1 ¦ UtcTime: 2025-12-22 13:21:18.695","Sysmon_1_Info_ProcExec.yml","85790e3e-e270-499f-a6ad-f8afe85c35f1","C:\Tools\Logs\art_1016.evtx"
"2025-12-22 14:21:18.836 +01:00","Proc Exec","info","DESKTOP-G2OBL3D","Sysmon",1,"","","sysmon",166808,"Cmdline: ipconfig /all ¦ Proc: C:\Windows\System32\ipconfig.exe ¦ User: DESKTOP-G2OBL3D\student ¦ ParentCmdline: ""cmd.exe"" /c ipconfig /all & netsh interface show interface & arp -a & nbtstat -n & net config ¦ LID: 0x18dcf ¦ LGUID: E9F06A57-0DF8-6949-CF8D-010000000000 ¦ PID: 8744 ¦ PGUID: E9F06A57-45CE-6949-FA05-000000002100 ¦ ParentPID: 1256 ¦ ParentPGUID: E9F06A57-45CE-6949-F805-000000002100 ¦ Description: IP Configuration Utility ¦ Product: Microsoft® Windows® Operating System ¦ Company: Microsoft Corporation ¦ Hashes: MD5=31828E7333486100E4087D0F4007BC1A,SHA256=9C552FA02A37BA6EA511A7A571B1D05671CE9C5589A6E180337ADD7BC35E3D0B,IMPHASH=2B5FDB90806962CA73F47C6A56EDA8F3","CurrentDirectory: C:\Users\student\AppData\Local\Temp\ ¦ FileVersion: 10.0.26100.1 (WinBuild.160101.0800) ¦ IntegrityLevel: High ¦ OriginalFileName: ipconfig.exe ¦ ParentImage: C:\Windows\System32\cmd.exe ¦ RuleName: - ¦ TerminalSessionId: 1 ¦ UtcTime: 2025-12-22 13:21:18.829","Sysmon_1_Info_ProcExec.yml","85790e3e-e270-499f-a6ad-f8afe85c35f1","C:\Tools\Logs\art_1016.evtx"
"2025-12-22 14:21:18.891 +01:00","Proc Exec","info","DESKTOP-G2OBL3D","Sysmon",1,"","","sysmon",166809,"Cmdline: netsh interface show interface ¦ Proc: C:\Windows\System32\netsh.exe ¦ User: DESKTOP-G2OBL3D\student ¦ ParentCmdline: ""cmd.exe"" /c ipconfig /all & netsh interface show interface & arp -a & nbtstat -n & net config ¦ LID: 0x18dcf ¦ LGUID: E9F06A57-0DF8-6949-CF8D-010000000000 ¦ PID: 9496 ¦ PGUID: E9F06A57-45CE-6949-FB05-000000002100 ¦ ParentPID: 1256 ¦ ParentPGUID: E9F06A57-45CE-6949-F805-000000002100 ¦ Description: Network Command Shell ¦ Product: Microsoft® Windows® Operating System ¦ Company: Microsoft Corporation ¦ Hashes: MD5=12AD15E6AB0F8C8830F1F600381F204A,SHA256=69AE00A67DCE3C75A810408B1424D2901A6E08B37FD16C9DA87D1B5874B13DD6,IMPHASH=251873EE5CC9E54F8BB552E4F6FDBD14","CurrentDirectory: C:\Users\student\AppData\Local\Temp\ ¦ FileVersion: 10.0.26100.1150 (WinBuild.160101.0800) ¦ IntegrityLevel: High ¦ OriginalFileName: netsh.exe ¦ ParentImage: C:\Windows\System32\cmd.exe ¦ RuleName: - ¦ TerminalSessionId: 1 ¦ UtcTime: 2025-12-22 13:21:18.888","Sysmon_1_Info_ProcExec.yml","85790e3e-e270-499f-a6ad-f8afe85c35f1","C:\Tools\Logs\art_1016.evtx"
"2025-12-22 14:21:19.570 +01:00","Proc Exec","info","DESKTOP-G2OBL3D","Sysmon",1,"","","sysmon",166810,"Cmdline: arp -a ¦ Proc: C:\Windows\System32\ARP.EXE ¦ User: DESKTOP-G2OBL3D\student ¦ ParentCmdline: ""cmd.exe"" /c ipconfig /all & netsh interface show interface & arp -a & nbtstat -n & net config ¦ LID: 0x18dcf ¦ LGUID: E9F06A57-0DF8-6949-CF8D-010000000000 ¦ PID: 1400 ¦ PGUID: E9F06A57-45CF-6949-FC05-000000002100 ¦ ParentPID: 1256 ¦ ParentPGUID: E9F06A57-45CE-6949-F805-000000002100 ¦ Description: TCP/IP Arp Command ¦ Product: Microsoft® Windows® Operating System ¦ Company: Microsoft Corporation ¦ Hashes: MD5=C103F8B558198870F74C94E3AC8A429B,SHA256=A1C6FED72B64CE1ACF5F5157EA38202AB8BFA2DEEF6677B5D1B95EB088DE0FA7,IMPHASH=CE555C0D08DA13219D2BB64D20B9780A","CurrentDirectory: C:\Users\student\AppData\Local\Temp\ ¦ FileVersion: 10.0.26100.2161 (WinBuild.160101.0800) ¦ IntegrityLevel: High ¦ OriginalFileName: arp.exe ¦ ParentImage: C:\Windows\System32\cmd.exe ¦ RuleName: - ¦ TerminalSessionId: 1 ¦ UtcTime: 2025-12-22 13:21:19.561","Sysmon_1_Info_ProcExec.yml","85790e3e-e270-499f-a6ad-f8afe85c35f1","C:\Tools\Logs\art_1016.evtx"
"2025-12-22 14:21:19.667 +01:00","Proc Exec","info","DESKTOP-G2OBL3D","Sysmon",1,"","","sysmon",166811,"Cmdline: nbtstat -n ¦ Proc: C:\Windows\System32\nbtstat.exe ¦ User: DESKTOP-G2OBL3D\student ¦ ParentCmdline: ""cmd.exe"" /c ipconfig /all & netsh interface show interface & arp -a & nbtstat -n & net config ¦ LID: 0x18dcf ¦ LGUID: E9F06A57-0DF8-6949-CF8D-010000000000 ¦ PID: 1116 ¦ PGUID: E9F06A57-45CF-6949-FD05-000000002100 ¦ ParentPID: 1256 ¦ ParentPGUID: E9F06A57-45CE-6949-F805-000000002100 ¦ Description: TCP/IP NetBios Information ¦ Product: Microsoft® Windows® Operating System ¦ Company: Microsoft Corporation ¦ Hashes: MD5=289ABD5259DD0F6977AA64ED7DF251CD,SHA256=4B5ABCD833A8550BA0E77B55B56D37F6C04AC8213E1344B179E380B1FB289FA6,IMPHASH=CDE20737AA225D4DF469DDED810ACF10","CurrentDirectory: C:\Users\student\AppData\Local\Temp\ ¦ FileVersion: 10.0.26100.1150 (WinBuild.160101.0800) ¦ IntegrityLevel: High ¦ OriginalFileName: nbtinfo.exe ¦ ParentImage: C:\Windows\System32\cmd.exe ¦ RuleName: - ¦ TerminalSessionId: 1 ¦ UtcTime: 2025-12-22 13:21:19.662","Sysmon_1_Info_ProcExec.yml","85790e3e-e270-499f-a6ad-f8afe85c35f1","C:\Tools\Logs\art_1016.evtx"
"2025-12-22 14:21:19.698 +01:00","Proc Exec","info","DESKTOP-G2OBL3D","Sysmon",1,"","","sysmon",166812,"Cmdline: net config ¦ Proc: C:\Windows\System32\net.exe ¦ User: DESKTOP-G2OBL3D\student ¦ ParentCmdline: ""cmd.exe"" /c ipconfig /all & netsh interface show interface & arp -a & nbtstat -n & net config ¦ LID: 0x18dcf ¦ LGUID: E9F06A57-0DF8-6949-CF8D-010000000000 ¦ PID: 1068 ¦ PGUID: E9F06A57-45CF-6949-FE05-000000002100 ¦ ParentPID: 1256 ¦ ParentPGUID: E9F06A57-45CE-6949-F805-000000002100 ¦ Description: Net Command ¦ Product: Microsoft® Windows® Operating System ¦ Company: Microsoft Corporation ¦ Hashes: MD5=0E6C2EDA203E61C8AB3B5FAF6E3F49A7,SHA256=63A96F43EB673FD465A4238E3A2BBFE5273B858D806A58375BA1520CE097CDF4,IMPHASH=EF46B86C2346DA0A991DE4B78AAF4E75","CurrentDirectory: C:\Users\student\AppData\Local\Temp\ ¦ FileVersion: 10.0.26100.1882 (WinBuild.160101.0800) ¦ IntegrityLevel: High ¦ OriginalFileName: net.exe ¦ ParentImage: C:\Windows\System32\cmd.exe ¦ RuleName: - ¦ TerminalSessionId: 1 ¦ UtcTime: 2025-12-22 13:21:19.691","Sysmon_1_Info_ProcExec.yml","85790e3e-e270-499f-a6ad-f8afe85c35f1","C:\Tools\Logs\art_1016.evtx"
"2025-12-22 14:21:19.730 +01:00","Proc Exec","info","DESKTOP-G2OBL3D","Sysmon",1,"","","sysmon",166813,"Cmdline: C:\WINDOWS\system32\net1 config ¦ Proc: C:\Windows\System32\net1.exe ¦ User: DESKTOP-G2OBL3D\student ¦ ParentCmdline: net config ¦ LID: 0x18dcf ¦ LGUID: E9F06A57-0DF8-6949-CF8D-010000000000 ¦ PID: 3436 ¦ PGUID: E9F06A57-45CF-6949-FF05-000000002100 ¦ ParentPID: 1068 ¦ ParentPGUID: E9F06A57-45CF-6949-FE05-000000002100 ¦ Description: Net Command ¦ Product: Microsoft® Windows® Operating System ¦ Company: Microsoft Corporation ¦ Hashes: MD5=12293EDB07AB8B4D92BAF4BEBFD7A9D8,SHA256=15E3429ECCE48FC6AB66371D040F4C40FB961F2CED4C7D40942279B19DEFE8C7,IMPHASH=98A56655C7E54BCE7F55B3F01AB5B07E","CurrentDirectory: C:\Users\student\AppData\Local\Temp\ ¦ FileVersion: 10.0.26100.1150 (WinBuild.160101.0800) ¦ IntegrityLevel: High ¦ OriginalFileName: net1.exe ¦ ParentImage: C:\Windows\System32\net.exe ¦ RuleName: - ¦ TerminalSessionId: 1 ¦ UtcTime: 2025-12-22 13:21:19.717","Sysmon_1_Info_ProcExec.yml","85790e3e-e270-499f-a6ad-f8afe85c35f1","C:\Tools\Logs\art_1016.evtx"
"2025-12-22 14:21:20.311 +01:00","Proc Exec","info","DESKTOP-G2OBL3D","Sysmon",1,"","","sysmon",166814,"Cmdline: ""cmd.exe"" /c netsh advfirewall firewall show rule name=all ¦ Proc: C:\Windows\System32\cmd.exe ¦ User: DESKTOP-G2OBL3D\student ¦ ParentCmdline: ""C:\WINDOWS\System32\WindowsPowerShell\v1.0\powershell.exe"" -exec bypass ¦ LID: 0x18dcf ¦ LGUID: E9F06A57-0DF8-6949-CF8D-010000000000 ¦ PID: 10892 ¦ PGUID: E9F06A57-45D0-6949-0006-000000002100 ¦ ParentPID: 416 ¦ ParentPGUID: E9F06A57-37B7-6949-AD04-000000002100 ¦ Description: Windows Command Processor ¦ Product: Microsoft® Windows® Operating System ¦ Company: Microsoft Corporation ¦ Hashes: MD5=FE48494F2B5A9C452F12E9BBE93A6BE6,SHA256=746C77047FC973F7CA66F8AF28274A30E05F4BB1751EE8A2C6546D9DA48E1115,IMPHASH=EDEF5A2A98D730D4288FE684BA0B0E00","CurrentDirectory: C:\Users\student\AppData\Local\Temp\ ¦ FileVersion: 10.0.26100.2454 (WinBuild.160101.0800) ¦ IntegrityLevel: High ¦ OriginalFileName: Cmd.Exe ¦ ParentImage: C:\Windows\System32\WindowsPowerShell\v1.0\powershell.exe ¦ RuleName: - ¦ TerminalSessionId: 1 ¦ UtcTime: 2025-12-22 13:21:20.298","Sysmon_1_Info_ProcExec.yml","85790e3e-e270-499f-a6ad-f8afe85c35f1","C:\Tools\Logs\art_1016.evtx"
"2025-12-22 14:21:20.358 +01:00","Proc Exec","info","DESKTOP-G2OBL3D","Sysmon",1,"","","sysmon",166815,"Cmdline: netsh advfirewall firewall show rule name=all ¦ Proc: C:\Windows\System32\netsh.exe ¦ User: DESKTOP-G2OBL3D\student ¦ ParentCmdline: ""cmd.exe"" /c netsh advfirewall firewall show rule name=all ¦ LID: 0x18dcf ¦ LGUID: E9F06A57-0DF8-6949-CF8D-010000000000 ¦ PID: 10320 ¦ PGUID: E9F06A57-45D0-6949-0206-000000002100 ¦ ParentPID: 10892 ¦ ParentPGUID: E9F06A57-45D0-6949-0006-000000002100 ¦ Description: Network Command Shell ¦ Product: Microsoft® Windows® Operating System ¦ Company: Microsoft Corporation ¦ Hashes: MD5=12AD15E6AB0F8C8830F1F600381F204A,SHA256=69AE00A67DCE3C75A810408B1424D2901A6E08B37FD16C9DA87D1B5874B13DD6,IMPHASH=251873EE5CC9E54F8BB552E4F6FDBD14","CurrentDirectory: C:\Users\student\AppData\Local\Temp\ ¦ FileVersion: 10.0.26100.1150 (WinBuild.160101.0800) ¦ IntegrityLevel: High ¦ OriginalFileName: netsh.exe ¦ ParentImage: C:\Windows\System32\cmd.exe ¦ RuleName: - ¦ TerminalSessionId: 1 ¦ UtcTime: 2025-12-22 13:21:20.351","Sysmon_1_Info_ProcExec.yml","85790e3e-e270-499f-a6ad-f8afe85c35f1","C:\Tools\Logs\art_1016.evtx"
"2025-12-22 14:21:21.372 +01:00","Proc Exec","info","DESKTOP-G2OBL3D","Sysmon",1,"","","sysmon",166816,"Cmdline: ""cmd.exe"" /c ipconfig /all & net config workstation & net view /all /domain & nltest /domain_trusts ¦ Proc: C:\Windows\System32\cmd.exe ¦ User: DESKTOP-G2OBL3D\student ¦ ParentCmdline: ""C:\WINDOWS\System32\WindowsPowerShell\v1.0\powershell.exe"" -exec bypass ¦ LID: 0x18dcf ¦ LGUID: E9F06A57-0DF8-6949-CF8D-010000000000 ¦ PID: 3228 ¦ PGUID: E9F06A57-45D1-6949-0306-000000002100 ¦ ParentPID: 416 ¦ ParentPGUID: E9F06A57-37B7-6949-AD04-000000002100 ¦ Description: Windows Command Processor ¦ Product: Microsoft® Windows® Operating System ¦ Company: Microsoft Corporation ¦ Hashes: MD5=FE48494F2B5A9C452F12E9BBE93A6BE6,SHA256=746C77047FC973F7CA66F8AF28274A30E05F4BB1751EE8A2C6546D9DA48E1115,IMPHASH=EDEF5A2A98D730D4288FE684BA0B0E00","CurrentDirectory: C:\Users\student\AppData\Local\Temp\ ¦ FileVersion: 10.0.26100.2454 (WinBuild.160101.0800) ¦ IntegrityLevel: High ¦ OriginalFileName: Cmd.Exe ¦ ParentImage: C:\Windows\System32\WindowsPowerShell\v1.0\powershell.exe ¦ RuleName: - ¦ TerminalSessionId: 1 ¦ UtcTime: 2025-12-22 13:21:21.364","Sysmon_1_Info_ProcExec.yml","85790e3e-e270-499f-a6ad-f8afe85c35f1","C:\Tools\Logs\art_1016.evtx"
"2025-12-22 14:21:21.406 +01:00","Proc Exec","info","DESKTOP-G2OBL3D","Sysmon",1,"","","sysmon",166817,"Cmdline: ipconfig /all ¦ Proc: C:\Windows\System32\ipconfig.exe ¦ User: DESKTOP-G2OBL3D\student ¦ ParentCmdline: ""cmd.exe"" /c ipconfig /all & net config workstation & net view /all /domain & nltest /domain_trusts ¦ LID: 0x18dcf ¦ LGUID: E9F06A57-0DF8-6949-CF8D-010000000000 ¦ PID: 6088 ¦ PGUID: E9F06A57-45D1-6949-0506-000000002100 ¦ ParentPID: 3228 ¦ ParentPGUID: E9F06A57-45D1-6949-0306-000000002100 ¦ Description: IP Configuration Utility ¦ Product: Microsoft® Windows® Operating System ¦ Company: Microsoft Corporation ¦ Hashes: MD5=31828E7333486100E4087D0F4007BC1A,SHA256=9C552FA02A37BA6EA511A7A571B1D05671CE9C5589A6E180337ADD7BC35E3D0B,IMPHASH=2B5FDB90806962CA73F47C6A56EDA8F3","CurrentDirectory: C:\Users\student\AppData\Local\Temp\ ¦ FileVersion: 10.0.26100.1 (WinBuild.160101.0800) ¦ IntegrityLevel: High ¦ OriginalFileName: ipconfig.exe ¦ ParentImage: C:\Windows\System32\cmd.exe ¦ RuleName: - ¦ TerminalSessionId: 1 ¦ UtcTime: 2025-12-22 13:21:21.401","Sysmon_1_Info_ProcExec.yml","85790e3e-e270-499f-a6ad-f8afe85c35f1","C:\Tools\Logs\art_1016.evtx"
"2025-12-22 14:21:21.438 +01:00","Proc Exec","info","DESKTOP-G2OBL3D","Sysmon",1,"","","sysmon",166818,"Cmdline: net config workstation ¦ Proc: C:\Windows\System32\net.exe ¦ User: DESKTOP-G2OBL3D\student ¦ ParentCmdline: ""cmd.exe"" /c ipconfig /all & net config workstation & net view /all /domain & nltest /domain_trusts ¦ LID: 0x18dcf ¦ LGUID: E9F06A57-0DF8-6949-CF8D-010000000000 ¦ PID: 3836 ¦ PGUID: E9F06A57-45D1-6949-0606-000000002100 ¦ ParentPID: 3228 ¦ ParentPGUID: E9F06A57-45D1-6949-0306-000000002100 ¦ Description: Net Command ¦ Product: Microsoft® Windows® Operating System ¦ Company: Microsoft Corporation ¦ Hashes: MD5=0E6C2EDA203E61C8AB3B5FAF6E3F49A7,SHA256=63A96F43EB673FD465A4238E3A2BBFE5273B858D806A58375BA1520CE097CDF4,IMPHASH=EF46B86C2346DA0A991DE4B78AAF4E75","CurrentDirectory: C:\Users\student\AppData\Local\Temp\ ¦ FileVersion: 10.0.26100.1882 (WinBuild.160101.0800) ¦ IntegrityLevel: High ¦ OriginalFileName: net.exe ¦ ParentImage: C:\Windows\System32\cmd.exe ¦ RuleName: - ¦ TerminalSessionId: 1 ¦ UtcTime: 2025-12-22 13:21:21.434","Sysmon_1_Info_ProcExec.yml","85790e3e-e270-499f-a6ad-f8afe85c35f1","C:\Tools\Logs\art_1016.evtx"
"2025-12-22 14:21:21.454 +01:00","Proc Exec","info","DESKTOP-G2OBL3D","Sysmon",1,"","","sysmon",166819,"Cmdline: C:\WINDOWS\system32\net1 config workstation ¦ Proc: C:\Windows\System32\net1.exe ¦ User: DESKTOP-G2OBL3D\student ¦ ParentCmdline: net config workstation ¦ LID: 0x18dcf ¦ LGUID: E9F06A57-0DF8-6949-CF8D-010000000000 ¦ PID: 3944 ¦ PGUID: E9F06A57-45D1-6949-0706-000000002100 ¦ ParentPID: 3836 ¦ ParentPGUID: E9F06A57-45D1-6949-0606-000000002100 ¦ Description: Net Command ¦ Product: Microsoft® Windows® Operating System ¦ Company: Microsoft Corporation ¦ Hashes: MD5=12293EDB07AB8B4D92BAF4BEBFD7A9D8,SHA256=15E3429ECCE48FC6AB66371D040F4C40FB961F2CED4C7D40942279B19DEFE8C7,IMPHASH=98A56655C7E54BCE7F55B3F01AB5B07E","CurrentDirectory: C:\Users\student\AppData\Local\Temp\ ¦ FileVersion: 10.0.26100.1150 (WinBuild.160101.0800) ¦ IntegrityLevel: High ¦ OriginalFileName: net1.exe ¦ ParentImage: C:\Windows\System32\net.exe ¦ RuleName: - ¦ TerminalSessionId: 1 ¦ UtcTime: 2025-12-22 13:21:21.450","Sysmon_1_Info_ProcExec.yml","85790e3e-e270-499f-a6ad-f8afe85c35f1","C:\Tools\Logs\art_1016.evtx"
"2025-12-22 14:21:21.488 +01:00","Proc Exec","info","DESKTOP-G2OBL3D","Sysmon",1,"","","sysmon",166820,"Cmdline: net view /all /domain ¦ Proc: C:\Windows\System32\net.exe ¦ User: DESKTOP-G2OBL3D\student ¦ ParentCmdline: ""cmd.exe"" /c ipconfig /all & net config workstation & net view /all /domain & nltest /domain_trusts ¦ LID: 0x18dcf ¦ LGUID: E9F06A57-0DF8-6949-CF8D-010000000000 ¦ PID: 10536 ¦ PGUID: E9F06A57-45D1-6949-0806-000000002100 ¦ ParentPID: 3228 ¦ ParentPGUID: E9F06A57-45D1-6949-0306-000000002100 ¦ Description: Net Command ¦ Product: Microsoft® Windows® Operating System ¦ Company: Microsoft Corporation ¦ Hashes: MD5=0E6C2EDA203E61C8AB3B5FAF6E3F49A7,SHA256=63A96F43EB673FD465A4238E3A2BBFE5273B858D806A58375BA1520CE097CDF4,IMPHASH=EF46B86C2346DA0A991DE4B78AAF4E75","CurrentDirectory: C:\Users\student\AppData\Local\Temp\ ¦ FileVersion: 10.0.26100.1882 (WinBuild.160101.0800) ¦ IntegrityLevel: High ¦ OriginalFileName: net.exe ¦ ParentImage: C:\Windows\System32\cmd.exe ¦ RuleName: - ¦ TerminalSessionId: 1 ¦ UtcTime: 2025-12-22 13:21:21.483","Sysmon_1_Info_ProcExec.yml","85790e3e-e270-499f-a6ad-f8afe85c35f1","C:\Tools\Logs\art_1016.evtx"
"2025-12-22 14:21:50.313 +01:00","Proc Exec","info","DESKTOP-G2OBL3D","Sysmon",1,"","","sysmon",166824,"Cmdline: nltest /domain_trusts ¦ Proc: C:\Windows\System32\nltest.exe ¦ User: DESKTOP-G2OBL3D\student ¦ ParentCmdline: ""cmd.exe"" /c ipconfig /all & net config workstation & net view /all /domain & nltest /domain_trusts ¦ LID: 0x18dcf ¦ LGUID: E9F06A57-0DF8-6949-CF8D-010000000000 ¦ PID: 3340 ¦ PGUID: E9F06A57-45EE-6949-0906-000000002100 ¦ ParentPID: 3228 ¦ ParentPGUID: E9F06A57-45D1-6949-0306-000000002100 ¦ Description: Microsoft® Logon Server Test Utility ¦ Product: Microsoft® Windows® Operating System ¦ Company: Microsoft Corporation ¦ Hashes: MD5=82FE62A6189783B708F5A83B33471DE4,SHA256=E156A71035B49528537621025AE549A84C2DE398C36040FA246761A50053D9D1,IMPHASH=FEBD12F085BCFE72F52871203AB1612D","CurrentDirectory: C:\Users\student\AppData\Local\Temp\ ¦ FileVersion: 10.0.26100.2454 (WinBuild.160101.0800) ¦ IntegrityLevel: High ¦ OriginalFileName: nltestrk.exe ¦ ParentImage: C:\Windows\System32\cmd.exe ¦ RuleName: - ¦ TerminalSessionId: 1 ¦ UtcTime: 2025-12-22 13:21:50.294","Sysmon_1_Info_ProcExec.yml","85790e3e-e270-499f-a6ad-f8afe85c35f1","C:\Tools\Logs\art_1016.evtx"
"2025-12-22 14:21:50.712 +01:00","Proc Exec","info","DESKTOP-G2OBL3D","Sysmon",1,"","","sysmon",166825,"Cmdline: ""powershell.exe"" & {$ports = Get-content \""""C:\AtomicRedTeam\atomics\T1016\src\top-128.txt\"""" $file = \""""$env:USERPROFILE\Desktop\open-ports.txt\"""" $totalopen = 0 $totalports = 0 New-Item $file -Force foreach ($port in $ports) { $test = new-object system.Net.Sockets.TcpClient $wait = $test.beginConnect(\""""allports.exposed\"""", $port, $null, $null) $wait.asyncwaithandle.waitone(250, $false) | Out-Null $totalports++ | Out-Null if ($test.Connected) { $result = \""""$port open\"""" Write-Host -ForegroundColor Green $result $result | Out-File -Encoding ASCII -append $file $totalopen++ | Out-Null } else { $result = \""""$port closed\"""" Write-Host -ForegroundColor Red $result $totalclosed++ | Out-Null $result | Out-File -Encoding ASCII -append $file } } $results = \""""There were a total of $totalopen open ports out of $totalports ports tested.\"""" $results | Out-File -Encoding ASCII -append $file Write-Host $results} ¦ Proc: C:\Windows\System32\WindowsPowerShell\v1.0\powershell.exe ¦ User: DESKTOP-G2OBL3D\student ¦ ParentCmdline: ""C:\WINDOWS\System32\WindowsPowerShell\v1.0\powershell.exe"" -exec bypass ¦ LID: 0x18dcf ¦ LGUID: E9F06A57-0DF8-6949-CF8D-010000000000 ¦ PID: 11108 ¦ PGUID: E9F06A57-45EE-6949-0A06-000000002100 ¦ ParentPID: 416 ¦ ParentPGUID: E9F06A57-37B7-6949-AD04-000000002100 ¦ Description: Windows PowerShell ¦ Product: Microsoft® Windows® Operating System ¦ Company: Microsoft Corporation ¦ Hashes: MD5=909A2EEC5534F01DFF87B7D47E57BFF7,SHA256=D3B4B97C2BF97D70E5655FF4C4CA1D8CEF9DED51685CFD764247CFDA98EE68DF,IMPHASH=AFACF6DC9041114B198160AAB4D0AE77","CommandLine: ""powershell.exe"" & {$ports = Get-content \""""C:\AtomicRedTeam\atomics\T1016\src\top-128.txt\"""" $file = \""""$env:USERPROFILE\Desktop\open-ports.txt\"""" $totalopen = 0 $totalports = 0 New-Item $file -Force foreach ($port in $ports) { $test = new-object system.Net.Sockets.TcpClient $wait = $test.beginConnect(\""""allports.exposed\"""", $port, $null, $null) $wait.asyncwaithandle.waitone(250, $false) | Out-Null $totalports++ | Out-Null if ($test.Connected) { $result = \""""$port open\"""" Write-Host -ForegroundColor Green $result $result | Out-File -Encoding ASCII -append $file $totalopen++ | Out-Null } else { $result = \""""$port closed\"""" Write-Host -ForegroundColor Red $result $totalclosed++ | Out-Null $result | Out-File -Encoding ASCII -append $file } } $results = \""""There were a total of $totalopen open ports out of $totalports ports tested.\"""" $results | Out-File -Encoding ASCII -append $file Write-Host $results} ¦ CurrentDirectory: C:\Users\student\AppData\Local\Temp\ ¦ FileVersion: 10.0.26100.1 (WinBuild.160101.0800) ¦ IntegrityLevel: High ¦ OriginalFileName: PowerShell.EXE ¦ RuleName: - ¦ TerminalSessionId: 1 ¦ UtcTime: 2025-12-22 13:21:50.690","Sysmon_1_Info_ProcExec.yml","85790e3e-e270-499f-a6ad-f8afe85c35f1","C:\Tools\Logs\art_1016.evtx"
"2025-12-22 14:21:53.351 +01:00","Proc Exec","info","DESKTOP-G2OBL3D","Sysmon",1,"","","sysmon",166828,"Cmdline: ""cmd.exe"" /c ""C:\AtomicRedTeam\atomics\..\ExternalPayloads\AdFind.exe"" -f (objectcategory=subnet) ¦ Proc: C:\Windows\System32\cmd.exe ¦ User: DESKTOP-G2OBL3D\student ¦ ParentCmdline: ""C:\WINDOWS\System32\WindowsPowerShell\v1.0\powershell.exe"" -exec bypass ¦ LID: 0x18dcf ¦ LGUID: E9F06A57-0DF8-6949-CF8D-010000000000 ¦ PID: 3048 ¦ PGUID: E9F06A57-45F1-6949-0F06-000000002100 ¦ ParentPID: 416 ¦ ParentPGUID: E9F06A57-37B7-6949-AD04-000000002100 ¦ Description: Windows Command Processor ¦ Product: Microsoft® Windows® Operating System ¦ Company: Microsoft Corporation ¦ Hashes: MD5=FE48494F2B5A9C452F12E9BBE93A6BE6,SHA256=746C77047FC973F7CA66F8AF28274A30E05F4BB1751EE8A2C6546D9DA48E1115,IMPHASH=EDEF5A2A98D730D4288FE684BA0B0E00","CurrentDirectory: C:\Users\student\AppData\Local\Temp\ ¦ FileVersion: 10.0.26100.2454 (WinBuild.160101.0800) ¦ IntegrityLevel: High ¦ OriginalFileName: Cmd.Exe ¦ ParentImage: C:\Windows\System32\WindowsPowerShell\v1.0\powershell.exe ¦ RuleName: - ¦ TerminalSessionId: 1 ¦ UtcTime: 2025-12-22 13:21:53.342","Sysmon_1_Info_ProcExec.yml","85790e3e-e270-499f-a6ad-f8afe85c35f1","C:\Tools\Logs\art_1016.evtx"
"2025-12-22 14:21:54.550 +01:00","Proc Exec","info","DESKTOP-G2OBL3D","Sysmon",1,"","","sysmon",166829,"Cmdline: C:\AtomicRedTeam\atomics\..\ExternalPayloads\AdFind.exe -f (objectcategory=subnet) ¦ Proc: C:\AtomicRedTeam\ExternalPayloads\AdFind.exe ¦ User: DESKTOP-G2OBL3D\student ¦ ParentCmdline: ""cmd.exe"" /c ""C:\AtomicRedTeam\atomics\..\ExternalPayloads\AdFind.exe"" -f (objectcategory=subnet) ¦ LID: 0x18dcf ¦ LGUID: E9F06A57-0DF8-6949-CF8D-010000000000 ¦ PID: 7180 ¦ PGUID: E9F06A57-45F2-6949-1106-000000002100 ¦ ParentPID: 3048 ¦ ParentPGUID: E9F06A57-45F1-6949-0F06-000000002100 ¦ Description: - ¦ Product: AdFind ¦ Company: www.joeware.net ¦ Hashes: MD5=12011C44955FD6631113F68A99447515,SHA256=C92C158D7C37FEA795114FA6491FE5F145AD2F8C08776B18AE79DB811E8E36A3,IMPHASH=12CE1C0F3F5837ECC18A3782408FA975","CurrentDirectory: C:\Users\student\AppData\Local\Temp\ ¦ FileVersion: 1.52.0.5064 ¦ IntegrityLevel: High ¦ OriginalFileName: AdFind.exe ¦ ParentImage: C:\Windows\System32\cmd.exe ¦ TerminalSessionId: 1 ¦ UtcTime: 2025-12-22 13:21:54.536","Sysmon_1_Info_ProcExec.yml","85790e3e-e270-499f-a6ad-f8afe85c35f1","C:\Tools\Logs\art_1016.evtx"
"2025-12-22 14:21:55.080 +01:00","Proc Exec","info","DESKTOP-G2OBL3D","Sysmon",1,"","","sysmon",166830,"Cmdline: ""cmd.exe"" /c ""C:\AtomicRedTeam\atomics\T1016\src\qakbot.bat"" ¦ Proc: C:\Windows\System32\cmd.exe ¦ User: DESKTOP-G2OBL3D\student ¦ ParentCmdline: ""C:\WINDOWS\System32\WindowsPowerShell\v1.0\powershell.exe"" -exec bypass ¦ LID: 0x18dcf ¦ LGUID: E9F06A57-0DF8-6949-CF8D-010000000000 ¦ PID: 9680 ¦ PGUID: E9F06A57-45F3-6949-1206-000000002100 ¦ ParentPID: 416 ¦ ParentPGUID: E9F06A57-37B7-6949-AD04-000000002100 ¦ Description: Windows Command Processor ¦ Product: Microsoft® Windows® Operating System ¦ Company: Microsoft Corporation ¦ Hashes: MD5=FE48494F2B5A9C452F12E9BBE93A6BE6,SHA256=746C77047FC973F7CA66F8AF28274A30E05F4BB1751EE8A2C6546D9DA48E1115,IMPHASH=EDEF5A2A98D730D4288FE684BA0B0E00","CurrentDirectory: C:\Users\student\AppData\Local\Temp\ ¦ FileVersion: 10.0.26100.2454 (WinBuild.160101.0800) ¦ IntegrityLevel: High ¦ OriginalFileName: Cmd.Exe ¦ ParentImage: C:\Windows\System32\WindowsPowerShell\v1.0\powershell.exe ¦ RuleName: - ¦ TerminalSessionId: 1 ¦ UtcTime: 2025-12-22 13:21:55.066","Sysmon_1_Info_ProcExec.yml","85790e3e-e270-499f-a6ad-f8afe85c35f1","C:\Tools\Logs\art_1016.evtx"
"2025-12-22 14:21:55.157 +01:00","Proc Exec","info","DESKTOP-G2OBL3D","Sysmon",1,"","","sysmon",166831,"Cmdline: whoami /all ¦ Proc: C:\Windows\System32\whoami.exe ¦ User: DESKTOP-G2OBL3D\student ¦ ParentCmdline: ""cmd.exe"" /c ""C:\AtomicRedTeam\atomics\T1016\src\qakbot.bat"" ¦ LID: 0x18dcf ¦ LGUID: E9F06A57-0DF8-6949-CF8D-010000000000 ¦ PID: 8200 ¦ PGUID: E9F06A57-45F3-6949-1406-000000002100 ¦ ParentPID: 9680 ¦ ParentPGUID: E9F06A57-45F3-6949-1206-000000002100 ¦ Description: whoami - displays logged on user information ¦ Product: Microsoft® Windows® Operating System ¦ Company: Microsoft Corporation ¦ Hashes: MD5=956692DADC5B2CEB46E9219F7A5BEFFA,SHA256=23240EF9F8B0A9A324110B1C2331DE31DC1B0E08F5359CB707E51A939AF56CD3,IMPHASH=E4464BCD92DF7AC69CCD074CB9C0EFED","CurrentDirectory: C:\Users\student\AppData\Local\Temp\ ¦ FileVersion: 10.0.26100.1882 (WinBuild.160101.0800) ¦ IntegrityLevel: High ¦ OriginalFileName: whoami.exe ¦ ParentImage: C:\Windows\System32\cmd.exe ¦ RuleName: - ¦ TerminalSessionId: 1 ¦ UtcTime: 2025-12-22 13:21:55.150","Sysmon_1_Info_ProcExec.yml","85790e3e-e270-499f-a6ad-f8afe85c35f1","C:\Tools\Logs\art_1016.evtx"
"2025-12-22 14:21:55.239 +01:00","Proc Exec","info","DESKTOP-G2OBL3D","Sysmon",1,"","","sysmon",166832,"Cmdline: cmd /c set ¦ Proc: C:\Windows\System32\cmd.exe ¦ User: DESKTOP-G2OBL3D\student ¦ ParentCmdline: ""cmd.exe"" /c ""C:\AtomicRedTeam\atomics\T1016\src\qakbot.bat"" ¦ LID: 0x18dcf ¦ LGUID: E9F06A57-0DF8-6949-CF8D-010000000000 ¦ PID: 8372 ¦ PGUID: E9F06A57-45F3-6949-1506-000000002100 ¦ ParentPID: 9680 ¦ ParentPGUID: E9F06A57-45F3-6949-1206-000000002100 ¦ Description: Windows Command Processor ¦ Product: Microsoft® Windows® Operating System ¦ Company: Microsoft Corporation ¦ Hashes: MD5=FE48494F2B5A9C452F12E9BBE93A6BE6,SHA256=746C77047FC973F7CA66F8AF28274A30E05F4BB1751EE8A2C6546D9DA48E1115,IMPHASH=EDEF5A2A98D730D4288FE684BA0B0E00","CurrentDirectory: C:\Users\student\AppData\Local\Temp\ ¦ FileVersion: 10.0.26100.2454 (WinBuild.160101.0800) ¦ IntegrityLevel: High ¦ OriginalFileName: Cmd.Exe ¦ RuleName: - ¦ TerminalSessionId: 1 ¦ UtcTime: 2025-12-22 13:21:55.232","Sysmon_1_Info_ProcExec.yml","85790e3e-e270-499f-a6ad-f8afe85c35f1","C:\Tools\Logs\art_1016.evtx"
"2025-12-22 14:21:55.257 +01:00","Proc Exec","info","DESKTOP-G2OBL3D","Sysmon",1,"","","sysmon",166833,"Cmdline: arp -a ¦ Proc: C:\Windows\System32\ARP.EXE ¦ User: DESKTOP-G2OBL3D\student ¦ ParentCmdline: ""cmd.exe"" /c ""C:\AtomicRedTeam\atomics\T1016\src\qakbot.bat"" ¦ LID: 0x18dcf ¦ LGUID: E9F06A57-0DF8-6949-CF8D-010000000000 ¦ PID: 3616 ¦ PGUID: E9F06A57-45F3-6949-1606-000000002100 ¦ ParentPID: 9680 ¦ ParentPGUID: E9F06A57-45F3-6949-1206-000000002100 ¦ Description: TCP/IP Arp Command ¦ Product: Microsoft® Windows® Operating System ¦ Company: Microsoft Corporation ¦ Hashes: MD5=C103F8B558198870F74C94E3AC8A429B,SHA256=A1C6FED72B64CE1ACF5F5157EA38202AB8BFA2DEEF6677B5D1B95EB088DE0FA7,IMPHASH=CE555C0D08DA13219D2BB64D20B9780A","CurrentDirectory: C:\Users\student\AppData\Local\Temp\ ¦ FileVersion: 10.0.26100.2161 (WinBuild.160101.0800) ¦ IntegrityLevel: High ¦ OriginalFileName: arp.exe ¦ ParentImage: C:\Windows\System32\cmd.exe ¦ RuleName: - ¦ TerminalSessionId: 1 ¦ UtcTime: 2025-12-22 13:21:55.253","Sysmon_1_Info_ProcExec.yml","85790e3e-e270-499f-a6ad-f8afe85c35f1","C:\Tools\Logs\art_1016.evtx"
"2025-12-22 14:21:55.297 +01:00","Proc Exec","info","DESKTOP-G2OBL3D","Sysmon",1,"","","sysmon",166834,"Cmdline: ipconfig /all ¦ Proc: C:\Windows\System32\ipconfig.exe ¦ User: DESKTOP-G2OBL3D\student ¦ ParentCmdline: ""cmd.exe"" /c ""C:\AtomicRedTeam\atomics\T1016\src\qakbot.bat"" ¦ LID: 0x18dcf ¦ LGUID: E9F06A57-0DF8-6949-CF8D-010000000000 ¦ PID: 10340 ¦ PGUID: E9F06A57-45F3-6949-1706-000000002100 ¦ ParentPID: 9680 ¦ ParentPGUID: E9F06A57-45F3-6949-1206-000000002100 ¦ Description: IP Configuration Utility ¦ Product: Microsoft® Windows® Operating System ¦ Company: Microsoft Corporation ¦ Hashes: MD5=31828E7333486100E4087D0F4007BC1A,SHA256=9C552FA02A37BA6EA511A7A571B1D05671CE9C5589A6E180337ADD7BC35E3D0B,IMPHASH=2B5FDB90806962CA73F47C6A56EDA8F3","CurrentDirectory: C:\Users\student\AppData\Local\Temp\ ¦ FileVersion: 10.0.26100.1 (WinBuild.160101.0800) ¦ IntegrityLevel: High ¦ OriginalFileName: ipconfig.exe ¦ ParentImage: C:\Windows\System32\cmd.exe ¦ RuleName: - ¦ TerminalSessionId: 1 ¦ UtcTime: 2025-12-22 13:21:55.291","Sysmon_1_Info_ProcExec.yml","85790e3e-e270-499f-a6ad-f8afe85c35f1","C:\Tools\Logs\art_1016.evtx"
"2025-12-22 14:21:55.349 +01:00","Proc Exec","info","DESKTOP-G2OBL3D","Sysmon",1,"","","sysmon",166835,"Cmdline: net view /all ¦ Proc: C:\Windows\System32\net.exe ¦ User: DESKTOP-G2OBL3D\student ¦ ParentCmdline: ""cmd.exe"" /c ""C:\AtomicRedTeam\atomics\T1016\src\qakbot.bat"" ¦ LID: 0x18dcf ¦ LGUID: E9F06A57-0DF8-6949-CF8D-010000000000 ¦ PID: 4636 ¦ PGUID: E9F06A57-45F3-6949-1806-000000002100 ¦ ParentPID: 9680 ¦ ParentPGUID: E9F06A57-45F3-6949-1206-000000002100 ¦ Description: Net Command ¦ Product: Microsoft® Windows® Operating System ¦ Company: Microsoft Corporation ¦ Hashes: MD5=0E6C2EDA203E61C8AB3B5FAF6E3F49A7,SHA256=63A96F43EB673FD465A4238E3A2BBFE5273B858D806A58375BA1520CE097CDF4,IMPHASH=EF46B86C2346DA0A991DE4B78AAF4E75","CurrentDirectory: C:\Users\student\AppData\Local\Temp\ ¦ FileVersion: 10.0.26100.1882 (WinBuild.160101.0800) ¦ IntegrityLevel: High ¦ OriginalFileName: net.exe ¦ ParentImage: C:\Windows\System32\cmd.exe ¦ RuleName: - ¦ TerminalSessionId: 1 ¦ UtcTime: 2025-12-22 13:21:55.343","Sysmon_1_Info_ProcExec.yml","85790e3e-e270-499f-a6ad-f8afe85c35f1","C:\Tools\Logs\art_1016.evtx"
"2025-12-22 14:22:24.367 +01:00","Proc Exec","info","DESKTOP-G2OBL3D","Sysmon",1,"","","sysmon",166836,"Cmdline: nslookup -querytype=ALL -timeout=10 _ldap._tcp.dc._msdcs.WORKGROUP ¦ Proc: C:\Windows\System32\nslookup.exe ¦ User: DESKTOP-G2OBL3D\student ¦ ParentCmdline: ""cmd.exe"" /c ""C:\AtomicRedTeam\atomics\T1016\src\qakbot.bat"" ¦ LID: 0x18dcf ¦ LGUID: E9F06A57-0DF8-6949-CF8D-010000000000 ¦ PID: 1084 ¦ PGUID: E9F06A57-4610-6949-1906-000000002100 ¦ ParentPID: 9680 ¦ ParentPGUID: E9F06A57-45F3-6949-1206-000000002100 ¦ Description: nslookup ¦ Product: Microsoft® Windows® Operating System ¦ Company: Microsoft Corporation ¦ Hashes: MD5=10FAC41C9075D456ABFBA9CD17C9A177,SHA256=123EF423B3B4623C02D60C683F5C0BCFEF232400A625FC172B7FAB04A97EB677,IMPHASH=EC3E3C718C086FAB4F7F35008A5E9116","CurrentDirectory: C:\Users\student\AppData\Local\Temp\ ¦ FileVersion: 10.0.26100.1150 (WinBuild.160101.0800) ¦ IntegrityLevel: High ¦ OriginalFileName: nslookup.exe ¦ ParentImage: C:\Windows\System32\cmd.exe ¦ RuleName: - ¦ TerminalSessionId: 1 ¦ UtcTime: 2025-12-22 13:22:24.150","Sysmon_1_Info_ProcExec.yml","85790e3e-e270-499f-a6ad-f8afe85c35f1","C:\Tools\Logs\art_1016.evtx"
"2025-12-22 14:22:24.464 +01:00","Proc Exec","info","DESKTOP-G2OBL3D","Sysmon",1,"","","sysmon",166837,"Cmdline: nslookup -querytype=ALL -timeout=10 _ldap._tcp.dc._msdcs.DomainName ¦ Proc: C:\Windows\System32\nslookup.exe ¦ User: DESKTOP-G2OBL3D\student ¦ ParentCmdline: ""cmd.exe"" /c ""C:\AtomicRedTeam\atomics\T1016\src\qakbot.bat"" ¦ LID: 0x18dcf ¦ LGUID: E9F06A57-0DF8-6949-CF8D-010000000000 ¦ PID: 3316 ¦ PGUID: E9F06A57-4610-6949-1A06-000000002100 ¦ ParentPID: 9680 ¦ ParentPGUID: E9F06A57-45F3-6949-1206-000000002100 ¦ Description: nslookup ¦ Product: Microsoft® Windows® Operating System ¦ Company: Microsoft Corporation ¦ Hashes: MD5=10FAC41C9075D456ABFBA9CD17C9A177,SHA256=123EF423B3B4623C02D60C683F5C0BCFEF232400A625FC172B7FAB04A97EB677,IMPHASH=EC3E3C718C086FAB4F7F35008A5E9116","CurrentDirectory: C:\Users\student\AppData\Local\Temp\ ¦ FileVersion: 10.0.26100.1150 (WinBuild.160101.0800) ¦ IntegrityLevel: High ¦ OriginalFileName: nslookup.exe ¦ ParentImage: C:\Windows\System32\cmd.exe ¦ RuleName: - ¦ TerminalSessionId: 1 ¦ UtcTime: 2025-12-22 13:22:24.437","Sysmon_1_Info_ProcExec.yml","85790e3e-e270-499f-a6ad-f8afe85c35f1","C:\Tools\Logs\art_1016.evtx"
"2025-12-22 14:22:24.517 +01:00","Proc Exec","info","DESKTOP-G2OBL3D","Sysmon",1,"","","sysmon",166838,"Cmdline: net share ¦ Proc: C:\Windows\System32\net.exe ¦ User: DESKTOP-G2OBL3D\student ¦ ParentCmdline: ""cmd.exe"" /c ""C:\AtomicRedTeam\atomics\T1016\src\qakbot.bat"" ¦ LID: 0x18dcf ¦ LGUID: E9F06A57-0DF8-6949-CF8D-010000000000 ¦ PID: 8332 ¦ PGUID: E9F06A57-4610-6949-1B06-000000002100 ¦ ParentPID: 9680 ¦ ParentPGUID: E9F06A57-45F3-6949-1206-000000002100 ¦ Description: Net Command ¦ Product: Microsoft® Windows® Operating System ¦ Company: Microsoft Corporation ¦ Hashes: MD5=0E6C2EDA203E61C8AB3B5FAF6E3F49A7,SHA256=63A96F43EB673FD465A4238E3A2BBFE5273B858D806A58375BA1520CE097CDF4,IMPHASH=EF46B86C2346DA0A991DE4B78AAF4E75","CurrentDirectory: C:\Users\student\AppData\Local\Temp\ ¦ FileVersion: 10.0.26100.1882 (WinBuild.160101.0800) ¦ IntegrityLevel: High ¦ OriginalFileName: net.exe ¦ ParentImage: C:\Windows\System32\cmd.exe ¦ RuleName: - ¦ TerminalSessionId: 1 ¦ UtcTime: 2025-12-22 13:22:24.513","Sysmon_1_Info_ProcExec.yml","85790e3e-e270-499f-a6ad-f8afe85c35f1","C:\Tools\Logs\art_1016.evtx"
"2025-12-22 14:22:24.535 +01:00","Proc Exec","info","DESKTOP-G2OBL3D","Sysmon",1,"","","sysmon",166839,"Cmdline: C:\WINDOWS\system32\net1 share ¦ Proc: C:\Windows\System32\net1.exe ¦ User: DESKTOP-G2OBL3D\student ¦ ParentCmdline: net share ¦ LID: 0x18dcf ¦ LGUID: E9F06A57-0DF8-6949-CF8D-010000000000 ¦ PID: 10852 ¦ PGUID: E9F06A57-4610-6949-1C06-000000002100 ¦ ParentPID: 8332 ¦ ParentPGUID: E9F06A57-4610-6949-1B06-000000002100 ¦ Description: Net Command ¦ Product: Microsoft® Windows® Operating System ¦ Company: Microsoft Corporation ¦ Hashes: MD5=12293EDB07AB8B4D92BAF4BEBFD7A9D8,SHA256=15E3429ECCE48FC6AB66371D040F4C40FB961F2CED4C7D40942279B19DEFE8C7,IMPHASH=98A56655C7E54BCE7F55B3F01AB5B07E","CurrentDirectory: C:\Users\student\AppData\Local\Temp\ ¦ FileVersion: 10.0.26100.1150 (WinBuild.160101.0800) ¦ IntegrityLevel: High ¦ OriginalFileName: net1.exe ¦ ParentImage: C:\Windows\System32\net.exe ¦ RuleName: - ¦ TerminalSessionId: 1 ¦ UtcTime: 2025-12-22 13:22:24.532","Sysmon_1_Info_ProcExec.yml","85790e3e-e270-499f-a6ad-f8afe85c35f1","C:\Tools\Logs\art_1016.evtx"
"2025-12-22 14:22:24.595 +01:00","Proc Exec","info","DESKTOP-G2OBL3D","Sysmon",1,"","","sysmon",166840,"Cmdline: route print ¦ Proc: C:\Windows\System32\ROUTE.EXE ¦ User: DESKTOP-G2OBL3D\student ¦ ParentCmdline: ""cmd.exe"" /c ""C:\AtomicRedTeam\atomics\T1016\src\qakbot.bat"" ¦ LID: 0x18dcf ¦ LGUID: E9F06A57-0DF8-6949-CF8D-010000000000 ¦ PID: 10536 ¦ PGUID: E9F06A57-4610-6949-1D06-000000002100 ¦ ParentPID: 9680 ¦ ParentPGUID: E9F06A57-45F3-6949-1206-000000002100 ¦ Description: TCP/IP Route Command ¦ Product: Microsoft® Windows® Operating System ¦ Company: Microsoft Corporation ¦ Hashes: MD5=0409CD743B886AB66B4D7A86BB6A0882,SHA256=2987A6AE73DBD9F86EF2CD136A809BB200D2EA2F8BEEECD545FC73EA1110C745,IMPHASH=95110DF86CE2E63EB457CE5860C12E57","CurrentDirectory: C:\Users\student\AppData\Local\Temp\ ¦ FileVersion: 10.0.26100.2161 (WinBuild.160101.0800) ¦ IntegrityLevel: High ¦ OriginalFileName: route.exe ¦ ParentImage: C:\Windows\System32\cmd.exe ¦ RuleName: - ¦ TerminalSessionId: 1 ¦ UtcTime: 2025-12-22 13:22:24.590","Sysmon_1_Info_ProcExec.yml","85790e3e-e270-499f-a6ad-f8afe85c35f1","C:\Tools\Logs\art_1016.evtx"
"2025-12-22 14:22:24.674 +01:00","Proc Exec","info","DESKTOP-G2OBL3D","Sysmon",1,"","","sysmon",166841,"Cmdline: netstat -nao ¦ Proc: C:\Windows\System32\NETSTAT.EXE ¦ User: DESKTOP-G2OBL3D\student ¦ ParentCmdline: ""cmd.exe"" /c ""C:\AtomicRedTeam\atomics\T1016\src\qakbot.bat"" ¦ LID: 0x18dcf ¦ LGUID: E9F06A57-0DF8-6949-CF8D-010000000000 ¦ PID: 4196 ¦ PGUID: E9F06A57-4610-6949-1E06-000000002100 ¦ ParentPID: 9680 ¦ ParentPGUID: E9F06A57-45F3-6949-1206-000000002100 ¦ Description: TCP/IP Netstat Command ¦ Product: Microsoft® Windows® Operating System ¦ Company: Microsoft Corporation ¦ Hashes: MD5=8675504D45BAA7C967F368A0CC2EF071,SHA256=EF5107FAE5168CBAEF13E15BEC0AD5BBC5C2E29CED7F7D0A54F883762D8ADC3E,IMPHASH=8039C4B8279086079F61FCD5411E6237","CurrentDirectory: C:\Users\student\AppData\Local\Temp\ ¦ FileVersion: 10.0.26100.2454 (WinBuild.160101.0800) ¦ IntegrityLevel: High ¦ OriginalFileName: netstat.exe ¦ ParentImage: C:\Windows\System32\cmd.exe ¦ RuleName: - ¦ TerminalSessionId: 1 ¦ UtcTime: 2025-12-22 13:22:24.669","Sysmon_1_Info_ProcExec.yml","85790e3e-e270-499f-a6ad-f8afe85c35f1","C:\Tools\Logs\art_1016.evtx"
"2025-12-22 14:22:24.706 +01:00","Proc Exec","info","DESKTOP-G2OBL3D","Sysmon",1,"","","sysmon",166842,"Cmdline: net localgroup ¦ Proc: C:\Windows\System32\net.exe ¦ User: DESKTOP-G2OBL3D\student ¦ ParentCmdline: ""cmd.exe"" /c ""C:\AtomicRedTeam\atomics\T1016\src\qakbot.bat"" ¦ LID: 0x18dcf ¦ LGUID: E9F06A57-0DF8-6949-CF8D-010000000000 ¦ PID: 3944 ¦ PGUID: E9F06A57-4610-6949-1F06-000000002100 ¦ ParentPID: 9680 ¦ ParentPGUID: E9F06A57-45F3-6949-1206-000000002100 ¦ Description: Net Command ¦ Product: Microsoft® Windows® Operating System ¦ Company: Microsoft Corporation ¦ Hashes: MD5=0E6C2EDA203E61C8AB3B5FAF6E3F49A7,SHA256=63A96F43EB673FD465A4238E3A2BBFE5273B858D806A58375BA1520CE097CDF4,IMPHASH=EF46B86C2346DA0A991DE4B78AAF4E75","CurrentDirectory: C:\Users\student\AppData\Local\Temp\ ¦ FileVersion: 10.0.26100.1882 (WinBuild.160101.0800) ¦ IntegrityLevel: High ¦ OriginalFileName: net.exe ¦ ParentImage: C:\Windows\System32\cmd.exe ¦ RuleName: - ¦ TerminalSessionId: 1 ¦ UtcTime: 2025-12-22 13:22:24.701","Sysmon_1_Info_ProcExec.yml","85790e3e-e270-499f-a6ad-f8afe85c35f1","C:\Tools\Logs\art_1016.evtx"
"2025-12-22 14:22:24.721 +01:00","Proc Exec","info","DESKTOP-G2OBL3D","Sysmon",1,"","","sysmon",166843,"Cmdline: C:\WINDOWS\system32\net1 localgroup ¦ Proc: C:\Windows\System32\net1.exe ¦ User: DESKTOP-G2OBL3D\student ¦ ParentCmdline: net localgroup ¦ LID: 0x18dcf ¦ LGUID: E9F06A57-0DF8-6949-CF8D-010000000000 ¦ PID: 10092 ¦ PGUID: E9F06A57-4610-6949-2006-000000002100 ¦ ParentPID: 3944 ¦ ParentPGUID: E9F06A57-4610-6949-1F06-000000002100 ¦ Description: Net Command ¦ Product: Microsoft® Windows® Operating System ¦ Company: Microsoft Corporation ¦ Hashes: MD5=12293EDB07AB8B4D92BAF4BEBFD7A9D8,SHA256=15E3429ECCE48FC6AB66371D040F4C40FB961F2CED4C7D40942279B19DEFE8C7,IMPHASH=98A56655C7E54BCE7F55B3F01AB5B07E","CurrentDirectory: C:\Users\student\AppData\Local\Temp\ ¦ FileVersion: 10.0.26100.1150 (WinBuild.160101.0800) ¦ IntegrityLevel: High ¦ OriginalFileName: net1.exe ¦ ParentImage: C:\Windows\System32\net.exe ¦ RuleName: - ¦ TerminalSessionId: 1 ¦ UtcTime: 2025-12-22 13:22:24.717","Sysmon_1_Info_ProcExec.yml","85790e3e-e270-499f-a6ad-f8afe85c35f1","C:\Tools\Logs\art_1016.evtx"
"2025-12-22 14:22:27.739 +01:00","Proc Exec","info","DESKTOP-G2OBL3D","Sysmon",1,"","","sysmon",166850,"Cmdline: ""cmd.exe"" /c nslookup -querytype=ALL -timeout=12 _ldap._tcp.dc._msdcs.%%USERDNSDOMAIN%% ¦ Proc: C:\Windows\System32\cmd.exe ¦ User: DESKTOP-G2OBL3D\student ¦ ParentCmdline: ""C:\WINDOWS\System32\WindowsPowerShell\v1.0\powershell.exe"" -exec bypass ¦ LID: 0x18dcf ¦ LGUID: E9F06A57-0DF8-6949-CF8D-010000000000 ¦ PID: 6488 ¦ PGUID: E9F06A57-4611-6949-2106-000000002100 ¦ ParentPID: 416 ¦ ParentPGUID: E9F06A57-37B7-6949-AD04-000000002100 ¦ Description: Windows Command Processor ¦ Product: Microsoft® Windows® Operating System ¦ Company: Microsoft Corporation ¦ Hashes: MD5=FE48494F2B5A9C452F12E9BBE93A6BE6,SHA256=746C77047FC973F7CA66F8AF28274A30E05F4BB1751EE8A2C6546D9DA48E1115,IMPHASH=EDEF5A2A98D730D4288FE684BA0B0E00","CurrentDirectory: C:\Users\student\AppData\Local\Temp\ ¦ FileVersion: 10.0.26100.2454 (WinBuild.160101.0800) ¦ IntegrityLevel: High ¦ OriginalFileName: Cmd.Exe ¦ ParentImage: C:\Windows\System32\WindowsPowerShell\v1.0\powershell.exe ¦ RuleName: - ¦ TerminalSessionId: 1 ¦ UtcTime: 2025-12-22 13:22:25.397","Sysmon_1_Info_ProcExec.yml","85790e3e-e270-499f-a6ad-f8afe85c35f1","C:\Tools\Logs\art_1016.evtx"
"2025-12-22 14:22:27.816 +01:00","Proc Exec","info","DESKTOP-G2OBL3D","Sysmon",1,"","","sysmon",166851,"Cmdline: nslookup -querytype=ALL -timeout=12 _ldap._tcp.dc._msdcs.%%USERDNSDOMAIN%% ¦ Proc: C:\Windows\System32\nslookup.exe ¦ User: DESKTOP-G2OBL3D\student ¦ ParentCmdline: ""cmd.exe"" /c nslookup -querytype=ALL -timeout=12 _ldap._tcp.dc._msdcs.%USERDNSDOMAIN% ¦ LID: 0x18dcf ¦ LGUID: E9F06A57-0DF8-6949-CF8D-010000000000 ¦ PID: 11048 ¦ PGUID: E9F06A57-4613-6949-2306-000000002100 ¦ ParentPID: 6488 ¦ ParentPGUID: E9F06A57-4611-6949-2106-000000002100 ¦ Description: nslookup ¦ Product: Microsoft® Windows® Operating System ¦ Company: Microsoft Corporation ¦ Hashes: MD5=10FAC41C9075D456ABFBA9CD17C9A177,SHA256=123EF423B3B4623C02D60C683F5C0BCFEF232400A625FC172B7FAB04A97EB677,IMPHASH=EC3E3C718C086FAB4F7F35008A5E9116","CurrentDirectory: C:\Users\student\AppData\Local\Temp\ ¦ FileVersion: 10.0.26100.1150 (WinBuild.160101.0800) ¦ IntegrityLevel: High ¦ OriginalFileName: nslookup.exe ¦ ParentImage: C:\Windows\System32\cmd.exe ¦ RuleName: - ¦ TerminalSessionId: 1 ¦ UtcTime: 2025-12-22 13:22:27.768","Sysmon_1_Info_ProcExec.yml","85790e3e-e270-499f-a6ad-f8afe85c35f1","C:\Tools\Logs\art_1016.evtx"
"2025-12-22 14:21:19.667 +01:00","Renamed Exe File","low","DESKTOP-G2OBL3D","Sysmon",1,"","","lolbas ¦ sysmon",166811,"Cmdline: nbtstat -n ¦ Proc: C:\Windows\System32\nbtstat.exe ¦ User: DESKTOP-G2OBL3D\student ¦ ParentCmdline: ""cmd.exe"" /c ipconfig /all & netsh interface show interface & arp -a & nbtstat -n & net config ¦ LID: 0x18dcf ¦ LGUID: E9F06A57-0DF8-6949-CF8D-010000000000 ¦ PID: 1116 ¦ PGUID: E9F06A57-45CF-6949-FD05-000000002100 ¦ ParentPID: 1256 ¦ ParentPGUID: E9F06A57-45CE-6949-F805-000000002100 ¦ Description: TCP/IP NetBios Information ¦ Product: Microsoft® Windows® Operating System ¦ Company: Microsoft Corporation ¦ Hashes: MD5=289ABD5259DD0F6977AA64ED7DF251CD,SHA256=4B5ABCD833A8550BA0E77B55B56D37F6C04AC8213E1344B179E380B1FB289FA6,IMPHASH=CDE20737AA225D4DF469DDED810ACF10","CurrentDirectory: C:\Users\student\AppData\Local\Temp\ ¦ FileVersion: 10.0.26100.1150 (WinBuild.160101.0800) ¦ IntegrityLevel: High ¦ OriginalFileName: nbtinfo.exe ¦ ParentImage: C:\Windows\System32\cmd.exe ¦ RuleName: - ¦ TerminalSessionId: 1 ¦ UtcTime: 2025-12-22 13:21:19.662","Sysmon_1_Low_ExeFileRenamed.yml","cc1b2ee2-e737-47ac-8ef1-d6065b65292b","C:\Tools\Logs\art_1016.evtx"
"2025-12-22 14:21:50.313 +01:00","Renamed Exe File","low","DESKTOP-G2OBL3D","Sysmon",1,"","","lolbas ¦ sysmon",166824,"Cmdline: nltest /domain_trusts ¦ Proc: C:\Windows\System32\nltest.exe ¦ User: DESKTOP-G2OBL3D\student ¦ ParentCmdline: ""cmd.exe"" /c ipconfig /all & net config workstation & net view /all /domain & nltest /domain_trusts ¦ LID: 0x18dcf ¦ LGUID: E9F06A57-0DF8-6949-CF8D-010000000000 ¦ PID: 3340 ¦ PGUID: E9F06A57-45EE-6949-0906-000000002100 ¦ ParentPID: 3228 ¦ ParentPGUID: E9F06A57-45D1-6949-0306-000000002100 ¦ Description: Microsoft® Logon Server Test Utility ¦ Product: Microsoft® Windows® Operating System ¦ Company: Microsoft Corporation ¦ Hashes: MD5=82FE62A6189783B708F5A83B33471DE4,SHA256=E156A71035B49528537621025AE549A84C2DE398C36040FA246761A50053D9D1,IMPHASH=FEBD12F085BCFE72F52871203AB1612D","CurrentDirectory: C:\Users\student\AppData\Local\Temp\ ¦ FileVersion: 10.0.26100.2454 (WinBuild.160101.0800) ¦ IntegrityLevel: High ¦ OriginalFileName: nltestrk.exe ¦ ParentImage: C:\Windows\System32\cmd.exe ¦ RuleName: - ¦ TerminalSessionId: 1 ¦ UtcTime: 2025-12-22 13:21:50.294","Sysmon_1_Low_ExeFileRenamed.yml","cc1b2ee2-e737-47ac-8ef1-d6065b65292b","C:\Tools\Logs\art_1016.evtx"
"2025-12-22 14:21:52.948 +01:00","DNS Query","info","DESKTOP-G2OBL3D","Sysmon",22,"","","sysmon",166827,"Query: allports.exposed ¦ Result: - ¦ Proc: C:\Windows\System32\WindowsPowerShell\v1.0\powershell.exe ¦ PID: 11108 ¦ PGUID: E9F06A57-45EE-6949-0A06-000000002100","QueryStatus: 9501 ¦ User: DESKTOP-G2OBL3D\student ¦ UtcTime: 2025-12-22 13:21:51.981","Sysmon_22_Info_DNS-Query.yml","d98f628c-2579-4388-bacc-381433b28e5b","C:\Tools\Logs\art_1016.evtx"
"2025-12-22 14:22:25.575 +01:00","Net Conn","info","DESKTOP-G2OBL3D","Sysmon",3,"","","sysmon",166844,"Initiated: true ¦ Proto: udp ¦ SrcIP: 192.168.201.128 ¦ SrcPort: 60678 ¦ SrcHost: DESKTOP-G2OBL3D.localdomain ¦ TgtIP: 192.168.201.2 ¦ TgtPort: 53 ¦ TgtHost: - ¦ User: DESKTOP-G2OBL3D\student ¦ Proc: C:\Windows\System32\nslookup.exe ¦ PID: 1084 ¦ PGUID: E9F06A57-4610-6949-1906-000000002100","DestinationIsIpv6: false ¦ DestinationPortName: domain ¦ SourceIsIpv6: false ¦ UtcTime: 2025-12-22 13:22:24.402","Sysmon_3_Info_NetConn.yml","a87defd7-1f87-4a34-8864-415ccb2ef21c","C:\Tools\Logs\art_1016.evtx"
"2025-12-22 14:22:25.575 +01:00","Net Conn","info","DESKTOP-G2OBL3D","Sysmon",3,"","","sysmon",166845,"Initiated: true ¦ Proto: udp ¦ SrcIP: 192.168.201.128 ¦ SrcPort: 60679 ¦ SrcHost: DESKTOP-G2OBL3D.localdomain ¦ TgtIP: 192.168.201.2 ¦ TgtPort: 53 ¦ TgtHost: - ¦ User: DESKTOP-G2OBL3D\student ¦ Proc: C:\Windows\System32\nslookup.exe ¦ PID: 1084 ¦ PGUID: E9F06A57-4610-6949-1906-000000002100","DestinationIsIpv6: false ¦ DestinationPortName: domain ¦ SourceIsIpv6: false ¦ UtcTime: 2025-12-22 13:22:24.405","Sysmon_3_Info_NetConn.yml","a87defd7-1f87-4a34-8864-415ccb2ef21c","C:\Tools\Logs\art_1016.evtx"
"2025-12-22 14:22:25.575 +01:00","Net Conn","info","DESKTOP-G2OBL3D","Sysmon",3,"","","sysmon",166846,"Initiated: true ¦ Proto: udp ¦ SrcIP: 192.168.201.128 ¦ SrcPort: 60680 ¦ SrcHost: DESKTOP-G2OBL3D.localdomain ¦ TgtIP: 192.168.201.2 ¦ TgtPort: 53 ¦ TgtHost: - ¦ User: DESKTOP-G2OBL3D\student ¦ Proc: C:\Windows\System32\nslookup.exe ¦ PID: 1084 ¦ PGUID: E9F06A57-4610-6949-1906-000000002100","DestinationIsIpv6: false ¦ DestinationPortName: domain ¦ SourceIsIpv6: false ¦ UtcTime: 2025-12-22 13:22:24.423","Sysmon_3_Info_NetConn.yml","a87defd7-1f87-4a34-8864-415ccb2ef21c","C:\Tools\Logs\art_1016.evtx"
"2025-12-22 14:22:25.575 +01:00","Net Conn","info","DESKTOP-G2OBL3D","Sysmon",3,"","","sysmon",166847,"Initiated: true ¦ Proto: udp ¦ SrcIP: 192.168.201.128 ¦ SrcPort: 60681 ¦ SrcHost: DESKTOP-G2OBL3D.localdomain ¦ TgtIP: 192.168.201.2 ¦ TgtPort: 53 ¦ TgtHost: - ¦ User: DESKTOP-G2OBL3D\student ¦ Proc: C:\Windows\System32\nslookup.exe ¦ PID: 3316 ¦ PGUID: E9F06A57-4610-6949-1A06-000000002100","DestinationIsIpv6: false ¦ DestinationPortName: domain ¦ SourceIsIpv6: false ¦ UtcTime: 2025-12-22 13:22:24.481","Sysmon_3_Info_NetConn.yml","a87defd7-1f87-4a34-8864-415ccb2ef21c","C:\Tools\Logs\art_1016.evtx"
"2025-12-22 14:22:25.575 +01:00","Net Conn","info","DESKTOP-G2OBL3D","Sysmon",3,"","","sysmon",166848,"Initiated: true ¦ Proto: udp ¦ SrcIP: 192.168.201.128 ¦ SrcPort: 60682 ¦ SrcHost: DESKTOP-G2OBL3D.localdomain ¦ TgtIP: 192.168.201.2 ¦ TgtPort: 53 ¦ TgtHost: - ¦ User: DESKTOP-G2OBL3D\student ¦ Proc: C:\Windows\System32\nslookup.exe ¦ PID: 3316 ¦ PGUID: E9F06A57-4610-6949-1A06-000000002100","DestinationIsIpv6: false ¦ DestinationPortName: domain ¦ SourceIsIpv6: false ¦ UtcTime: 2025-12-22 13:22:24.484","Sysmon_3_Info_NetConn.yml","a87defd7-1f87-4a34-8864-415ccb2ef21c","C:\Tools\Logs\art_1016.evtx"
"2025-12-22 14:22:25.575 +01:00","Net Conn","info","DESKTOP-G2OBL3D","Sysmon",3,"","","sysmon",166849,"Initiated: true ¦ Proto: udp ¦ SrcIP: 192.168.201.128 ¦ SrcPort: 60683 ¦ SrcHost: DESKTOP-G2OBL3D.localdomain ¦ TgtIP: 192.168.201.2 ¦ TgtPort: 53 ¦ TgtHost: - ¦ User: DESKTOP-G2OBL3D\student ¦ Proc: C:\Windows\System32\nslookup.exe ¦ PID: 3316 ¦ PGUID: E9F06A57-4610-6949-1A06-000000002100","DestinationIsIpv6: false ¦ DestinationPortName: domain ¦ SourceIsIpv6: false ¦ UtcTime: 2025-12-22 13:22:24.501","Sysmon_3_Info_NetConn.yml","a87defd7-1f87-4a34-8864-415ccb2ef21c","C:\Tools\Logs\art_1016.evtx"
"2025-12-22 14:22:29.049 +01:00","Net Conn","info","DESKTOP-G2OBL3D","Sysmon",3,"","","sysmon",166852,"Initiated: true ¦ Proto: udp ¦ SrcIP: 192.168.201.128 ¦ SrcPort: 60684 ¦ SrcHost: DESKTOP-G2OBL3D.localdomain ¦ TgtIP: 192.168.201.2 ¦ TgtPort: 53 ¦ TgtHost: - ¦ User: DESKTOP-G2OBL3D\student ¦ Proc: C:\Windows\System32\nslookup.exe ¦ PID: 11048 ¦ PGUID: E9F06A57-4613-6949-2306-000000002100","DestinationIsIpv6: false ¦ DestinationPortName: domain ¦ SourceIsIpv6: false ¦ UtcTime: 2025-12-22 13:22:27.832","Sysmon_3_Info_NetConn.yml","a87defd7-1f87-4a34-8864-415ccb2ef21c","C:\Tools\Logs\art_1016.evtx"
"2025-12-22 14:22:29.049 +01:00","Net Conn","info","DESKTOP-G2OBL3D","Sysmon",3,"","","sysmon",166853,"Initiated: true ¦ Proto: udp ¦ SrcIP: 192.168.201.128 ¦ SrcPort: 60685 ¦ SrcHost: DESKTOP-G2OBL3D.localdomain ¦ TgtIP: 192.168.201.2 ¦ TgtPort: 53 ¦ TgtHost: - ¦ User: DESKTOP-G2OBL3D\student ¦ Proc: C:\Windows\System32\nslookup.exe ¦ PID: 11048 ¦ PGUID: E9F06A57-4613-6949-2306-000000002100","DestinationIsIpv6: false ¦ DestinationPortName: domain ¦ SourceIsIpv6: false ¦ UtcTime: 2025-12-22 13:22:27.834","Sysmon_3_Info_NetConn.yml","a87defd7-1f87-4a34-8864-415ccb2ef21c","C:\Tools\Logs\art_1016.evtx"
"2025-12-22 14:22:29.049 +01:00","Net Conn","info","DESKTOP-G2OBL3D","Sysmon",3,"","","sysmon",166854,"Initiated: true ¦ Proto: udp ¦ SrcIP: 192.168.201.128 ¦ SrcPort: 60686 ¦ SrcHost: DESKTOP-G2OBL3D.localdomain ¦ TgtIP: 192.168.201.2 ¦ TgtPort: 53 ¦ TgtHost: - ¦ User: DESKTOP-G2OBL3D\student ¦ Proc: C:\Windows\System32\nslookup.exe ¦ PID: 11048 ¦ PGUID: E9F06A57-4613-6949-2306-000000002100","DestinationIsIpv6: false ¦ DestinationPortName: domain ¦ SourceIsIpv6: false ¦ UtcTime: 2025-12-22 13:22:27.835","Sysmon_3_Info_NetConn.yml","a87defd7-1f87-4a34-8864-415ccb2ef21c","C:\Tools\Logs\art_1016.evtx"
"2025-12-22 14:21:49.449 +01:00","Net Conn (Sysmon Alert)","med","DESKTOP-G2OBL3D","Sysmon",3,"","","sysmon",166821,"Initiated: true ¦ Proto: udp ¦ SrcIP: 192.168.201.128 ¦ SrcPort: 57171 ¦ SrcHost: DESKTOP-G2OBL3D.localdomain ¦ TgtIP: 192.168.201.2 ¦ TgtPort: 53 ¦ TgtHost: - ¦ User: DESKTOP-G2OBL3D\student ¦ Proc: C:\Users\student\AppData\Local\Programs\Microsoft VS Code\Code.exe ¦ PID: 7152 ¦ PGUID: E9F06A57-2183-6949-D903-000000002100","DestinationIsIpv6: false ¦ DestinationPortName: domain ¦ RuleName: Usermode ¦ SourceIsIpv6: false ¦ UtcTime: 2025-12-22 13:21:48.207","Sysmon_3_Med_NetConn_RuleAlert.yml","e13c5fe0-73f1-4c0f-aef5-1bab99b4237b","C:\Tools\Logs\art_1016.evtx"
"2025-12-22 14:21:49.449 +01:00","Net Conn (Sysmon Alert)","med","DESKTOP-G2OBL3D","Sysmon",3,"","","sysmon",166822,"Initiated: true ¦ Proto: udp ¦ SrcIP: 192.168.201.128 ¦ SrcPort: 60676 ¦ SrcHost: DESKTOP-G2OBL3D.localdomain ¦ TgtIP: 192.168.201.2 ¦ TgtPort: 53 ¦ TgtHost: - ¦ User: DESKTOP-G2OBL3D\student ¦ Proc: C:\Users\student\AppData\Local\Programs\Microsoft VS Code\Code.exe ¦ PID: 7152 ¦ PGUID: E9F06A57-2183-6949-D903-000000002100","DestinationIsIpv6: false ¦ DestinationPortName: domain ¦ RuleName: Usermode ¦ SourceIsIpv6: false ¦ UtcTime: 2025-12-22 13:21:48.208","Sysmon_3_Med_NetConn_RuleAlert.yml","e13c5fe0-73f1-4c0f-aef5-1bab99b4237b","C:\Tools\Logs\art_1016.evtx"
"2025-12-22 14:21:50.225 +01:00","Net Conn (Sysmon Alert)","med","DESKTOP-G2OBL3D","Sysmon",3,"","","sysmon",166823,"Initiated: true ¦ Proto: tcp ¦ SrcIP: 192.168.201.128 ¦ SrcPort: 59282 ¦ SrcHost: DESKTOP-G2OBL3D.localdomain ¦ TgtIP: 13.107.246.44 ¦ TgtPort: 443 ¦ TgtHost: - ¦ User: DESKTOP-G2OBL3D\student ¦ Proc: C:\Users\student\AppData\Local\Programs\Microsoft VS Code\Code.exe ¦ PID: 7152 ¦ PGUID: E9F06A57-2183-6949-D903-000000002100","DestinationIsIpv6: false ¦ DestinationPortName: https ¦ RuleName: Usermode ¦ SourceIsIpv6: false ¦ UtcTime: 2025-12-22 13:21:48.262","Sysmon_3_Med_NetConn_RuleAlert.yml","e13c5fe0-73f1-4c0f-aef5-1bab99b4237b","C:\Tools\Logs\art_1016.evtx"
"2025-12-22 14:21:17.869 +01:00","Suspicious Execution of Hostname","low","DESKTOP-G2OBL3D","Sysmon",1,"Disc","T1082","sysmon",166805,"Cmdline: ""C:\WINDOWS\system32\HOSTNAME.EXE"" ¦ Proc: C:\Windows\System32\HOSTNAME.EXE ¦ User: DESKTOP-G2OBL3D\student ¦ ParentCmdline: ""C:\WINDOWS\System32\WindowsPowerShell\v1.0\powershell.exe"" -exec bypass ¦ LID: 0x18dcf ¦ LGUID: E9F06A57-0DF8-6949-CF8D-010000000000 ¦ PID: 3664 ¦ PGUID: E9F06A57-45CD-6949-F505-000000002100 ¦ ParentPID: 416 ¦ ParentPGUID: E9F06A57-37B7-6949-AD04-000000002100 ¦ Description: Hostname APP ¦ Product: Microsoft® Windows® Operating System ¦ Company: Microsoft Corporation ¦ Hashes: MD5=0411E7CFE0D452AFE541C1EA45033168,SHA256=8FF283FB7A282A9B2B30235016669DFE795665BCBB254FD17AC31FA9308D89D9,IMPHASH=8CB84C534505B1E47EF25FA2CD9A16BB","CurrentDirectory: C:\WINDOWS\system32\ ¦ FileVersion: 10.0.26100.2161 (WinBuild.160101.0800) ¦ IntegrityLevel: High ¦ OriginalFileName: hostname.exe ¦ ParentImage: C:\Windows\System32\WindowsPowerShell\v1.0\powershell.exe ¦ RuleName: - ¦ TerminalSessionId: 1 ¦ UtcTime: 2025-12-22 13:21:17.867","proc_creation_win_hostname_execution.yml","cd4f18d8-b261-1a76-2600-f039cd6f0310","C:\Tools\Logs\art_1016.evtx"
"2025-12-22 14:21:20.358 +01:00","Firewall Configuration Discovery Via Netsh.EXE","low","DESKTOP-G2OBL3D","Sysmon",1,"Disc","T1016","sysmon",166815,"Cmdline: netsh advfirewall firewall show rule name=all ¦ Proc: C:\Windows\System32\netsh.exe ¦ User: DESKTOP-G2OBL3D\student ¦ ParentCmdline: ""cmd.exe"" /c netsh advfirewall firewall show rule name=all ¦ LID: 0x18dcf ¦ LGUID: E9F06A57-0DF8-6949-CF8D-010000000000 ¦ PID: 10320 ¦ PGUID: E9F06A57-45D0-6949-0206-000000002100 ¦ ParentPID: 10892 ¦ ParentPGUID: E9F06A57-45D0-6949-0006-000000002100 ¦ Description: Network Command Shell ¦ Product: Microsoft® Windows® Operating System ¦ Company: Microsoft Corporation ¦ Hashes: MD5=12AD15E6AB0F8C8830F1F600381F204A,SHA256=69AE00A67DCE3C75A810408B1424D2901A6E08B37FD16C9DA87D1B5874B13DD6,IMPHASH=251873EE5CC9E54F8BB552E4F6FDBD14","CurrentDirectory: C:\Users\student\AppData\Local\Temp\ ¦ FileVersion: 10.0.26100.1150 (WinBuild.160101.0800) ¦ IntegrityLevel: High ¦ OriginalFileName: netsh.exe ¦ ParentImage: C:\Windows\System32\cmd.exe ¦ RuleName: - ¦ TerminalSessionId: 1 ¦ UtcTime: 2025-12-22 13:21:20.351","proc_creation_win_netsh_fw_rules_discovery.yml","4589bb3a-6da6-0df5-73c2-ff5313349cc4","C:\Tools\Logs\art_1016.evtx"
"2025-12-22 14:21:21.488 +01:00","Share And Session Enumeration Using Net.EXE","low","DESKTOP-G2OBL3D","Sysmon",1,"Disc","T1018","sysmon",166820,"Cmdline: net view /all /domain ¦ Proc: C:\Windows\System32\net.exe ¦ User: DESKTOP-G2OBL3D\student ¦ ParentCmdline: ""cmd.exe"" /c ipconfig /all & net config workstation & net view /all /domain & nltest /domain_trusts ¦ LID: 0x18dcf ¦ LGUID: E9F06A57-0DF8-6949-CF8D-010000000000 ¦ PID: 10536 ¦ PGUID: E9F06A57-45D1-6949-0806-000000002100 ¦ ParentPID: 3228 ¦ ParentPGUID: E9F06A57-45D1-6949-0306-000000002100 ¦ Description: Net Command ¦ Product: Microsoft® Windows® Operating System ¦ Company: Microsoft Corporation ¦ Hashes: MD5=0E6C2EDA203E61C8AB3B5FAF6E3F49A7,SHA256=63A96F43EB673FD465A4238E3A2BBFE5273B858D806A58375BA1520CE097CDF4,IMPHASH=EF46B86C2346DA0A991DE4B78AAF4E75","CurrentDirectory: C:\Users\student\AppData\Local\Temp\ ¦ FileVersion: 10.0.26100.1882 (WinBuild.160101.0800) ¦ IntegrityLevel: High ¦ OriginalFileName: net.exe ¦ ParentImage: C:\Windows\System32\cmd.exe ¦ RuleName: - ¦ TerminalSessionId: 1 ¦ UtcTime: 2025-12-22 13:21:21.483","proc_creation_win_net_view_share_and_sessions_enum.yml","d8a2562e-dc20-a71b-74bd-6022c65c72e7","C:\Tools\Logs\art_1016.evtx"
"2025-12-22 14:21:55.349 +01:00","Share And Session Enumeration Using Net.EXE","low","DESKTOP-G2OBL3D","Sysmon",1,"Disc","T1018","sysmon",166835,"Cmdline: net view /all ¦ Proc: C:\Windows\System32\net.exe ¦ User: DESKTOP-G2OBL3D\student ¦ ParentCmdline: ""cmd.exe"" /c ""C:\AtomicRedTeam\atomics\T1016\src\qakbot.bat"" ¦ LID: 0x18dcf ¦ LGUID: E9F06A57-0DF8-6949-CF8D-010000000000 ¦ PID: 4636 ¦ PGUID: E9F06A57-45F3-6949-1806-000000002100 ¦ ParentPID: 9680 ¦ ParentPGUID: E9F06A57-45F3-6949-1206-000000002100 ¦ Description: Net Command ¦ Product: Microsoft® Windows® Operating System ¦ Company: Microsoft Corporation ¦ Hashes: MD5=0E6C2EDA203E61C8AB3B5FAF6E3F49A7,SHA256=63A96F43EB673FD465A4238E3A2BBFE5273B858D806A58375BA1520CE097CDF4,IMPHASH=EF46B86C2346DA0A991DE4B78AAF4E75","CurrentDirectory: C:\Users\student\AppData\Local\Temp\ ¦ FileVersion: 10.0.26100.1882 (WinBuild.160101.0800) ¦ IntegrityLevel: High ¦ OriginalFileName: net.exe ¦ ParentImage: C:\Windows\System32\cmd.exe ¦ RuleName: - ¦ TerminalSessionId: 1 ¦ UtcTime: 2025-12-22 13:21:55.343","proc_creation_win_net_view_share_and_sessions_enum.yml","d8a2562e-dc20-a71b-74bd-6022c65c72e7","C:\Tools\Logs\art_1016.evtx"
"2025-12-22 14:21:50.313 +01:00","Nltest.EXE Execution","low","DESKTOP-G2OBL3D","Sysmon",1,"Disc","T1016 ¦ T1018 ¦ T1482","sysmon",166824,"Cmdline: nltest /domain_trusts ¦ Proc: C:\Windows\System32\nltest.exe ¦ User: DESKTOP-G2OBL3D\student ¦ ParentCmdline: ""cmd.exe"" /c ipconfig /all & net config workstation & net view /all /domain & nltest /domain_trusts ¦ LID: 0x18dcf ¦ LGUID: E9F06A57-0DF8-6949-CF8D-010000000000 ¦ PID: 3340 ¦ PGUID: E9F06A57-45EE-6949-0906-000000002100 ¦ ParentPID: 3228 ¦ ParentPGUID: E9F06A57-45D1-6949-0306-000000002100 ¦ Description: Microsoft® Logon Server Test Utility ¦ Product: Microsoft® Windows® Operating System ¦ Company: Microsoft Corporation ¦ Hashes: MD5=82FE62A6189783B708F5A83B33471DE4,SHA256=E156A71035B49528537621025AE549A84C2DE398C36040FA246761A50053D9D1,IMPHASH=FEBD12F085BCFE72F52871203AB1612D","CurrentDirectory: C:\Users\student\AppData\Local\Temp\ ¦ FileVersion: 10.0.26100.2454 (WinBuild.160101.0800) ¦ IntegrityLevel: High ¦ OriginalFileName: nltestrk.exe ¦ ParentImage: C:\Windows\System32\cmd.exe ¦ RuleName: - ¦ TerminalSessionId: 1 ¦ UtcTime: 2025-12-22 13:21:50.294","proc_creation_win_nltest_execution.yml","eadb0b0a-eb40-d866-06be-ba5d9ca424d7","C:\Tools\Logs\art_1016.evtx"
"2025-12-22 14:21:50.313 +01:00","Potential Recon Activity Via Nltest.EXE","med","DESKTOP-G2OBL3D","Sysmon",1,"Disc","T1016 ¦ T1482","sysmon",166824,"Cmdline: nltest /domain_trusts ¦ Proc: C:\Windows\System32\nltest.exe ¦ User: DESKTOP-G2OBL3D\student ¦ ParentCmdline: ""cmd.exe"" /c ipconfig /all & net config workstation & net view /all /domain & nltest /domain_trusts ¦ LID: 0x18dcf ¦ LGUID: E9F06A57-0DF8-6949-CF8D-010000000000 ¦ PID: 3340 ¦ PGUID: E9F06A57-45EE-6949-0906-000000002100 ¦ ParentPID: 3228 ¦ ParentPGUID: E9F06A57-45D1-6949-0306-000000002100 ¦ Description: Microsoft® Logon Server Test Utility ¦ Product: Microsoft® Windows® Operating System ¦ Company: Microsoft Corporation ¦ Hashes: MD5=82FE62A6189783B708F5A83B33471DE4,SHA256=E156A71035B49528537621025AE549A84C2DE398C36040FA246761A50053D9D1,IMPHASH=FEBD12F085BCFE72F52871203AB1612D","CurrentDirectory: C:\Users\student\AppData\Local\Temp\ ¦ FileVersion: 10.0.26100.2454 (WinBuild.160101.0800) ¦ IntegrityLevel: High ¦ OriginalFileName: nltestrk.exe ¦ ParentImage: C:\Windows\System32\cmd.exe ¦ RuleName: - ¦ TerminalSessionId: 1 ¦ UtcTime: 2025-12-22 13:21:50.294","proc_creation_win_nltest_recon.yml","85352b19-fe33-7d68-49ea-839a7bdc5292","C:\Tools\Logs\art_1016.evtx"
"2025-12-22 14:22:24.367 +01:00","Network Reconnaissance Activity","high","DESKTOP-G2OBL3D","Sysmon",1,"Disc","T1087 ¦ T1082","car.2016-03-001 ¦ sysmon",166836,"Cmdline: nslookup -querytype=ALL -timeout=10 _ldap._tcp.dc._msdcs.WORKGROUP ¦ Proc: C:\Windows\System32\nslookup.exe ¦ User: DESKTOP-G2OBL3D\student ¦ ParentCmdline: ""cmd.exe"" /c ""C:\AtomicRedTeam\atomics\T1016\src\qakbot.bat"" ¦ LID: 0x18dcf ¦ LGUID: E9F06A57-0DF8-6949-CF8D-010000000000 ¦ PID: 1084 ¦ PGUID: E9F06A57-4610-6949-1906-000000002100 ¦ ParentPID: 9680 ¦ ParentPGUID: E9F06A57-45F3-6949-1206-000000002100 ¦ Description: nslookup ¦ Product: Microsoft® Windows® Operating System ¦ Company: Microsoft Corporation ¦ Hashes: MD5=10FAC41C9075D456ABFBA9CD17C9A177,SHA256=123EF423B3B4623C02D60C683F5C0BCFEF232400A625FC172B7FAB04A97EB677,IMPHASH=EC3E3C718C086FAB4F7F35008A5E9116","CurrentDirectory: C:\Users\student\AppData\Local\Temp\ ¦ FileVersion: 10.0.26100.1150 (WinBuild.160101.0800) ¦ IntegrityLevel: High ¦ OriginalFileName: nslookup.exe ¦ ParentImage: C:\Windows\System32\cmd.exe ¦ RuleName: - ¦ TerminalSessionId: 1 ¦ UtcTime: 2025-12-22 13:22:24.150","proc_creation_win_nslookup_domain_discovery.yml","8b0857a1-1072-5628-e381-1f06070a01bb","C:\Tools\Logs\art_1016.evtx"
"2025-12-22 14:22:24.464 +01:00","Network Reconnaissance Activity","high","DESKTOP-G2OBL3D","Sysmon",1,"Disc","T1087 ¦ T1082","car.2016-03-001 ¦ sysmon",166837,"Cmdline: nslookup -querytype=ALL -timeout=10 _ldap._tcp.dc._msdcs.DomainName ¦ Proc: C:\Windows\System32\nslookup.exe ¦ User: DESKTOP-G2OBL3D\student ¦ ParentCmdline: ""cmd.exe"" /c ""C:\AtomicRedTeam\atomics\T1016\src\qakbot.bat"" ¦ LID: 0x18dcf ¦ LGUID: E9F06A57-0DF8-6949-CF8D-010000000000 ¦ PID: 3316 ¦ PGUID: E9F06A57-4610-6949-1A06-000000002100 ¦ ParentPID: 9680 ¦ ParentPGUID: E9F06A57-45F3-6949-1206-000000002100 ¦ Description: nslookup ¦ Product: Microsoft® Windows® Operating System ¦ Company: Microsoft Corporation ¦ Hashes: MD5=10FAC41C9075D456ABFBA9CD17C9A177,SHA256=123EF423B3B4623C02D60C683F5C0BCFEF232400A625FC172B7FAB04A97EB677,IMPHASH=EC3E3C718C086FAB4F7F35008A5E9116","CurrentDirectory: C:\Users\student\AppData\Local\Temp\ ¦ FileVersion: 10.0.26100.1150 (WinBuild.160101.0800) ¦ IntegrityLevel: High ¦ OriginalFileName: nslookup.exe ¦ ParentImage: C:\Windows\System32\cmd.exe ¦ RuleName: - ¦ TerminalSessionId: 1 ¦ UtcTime: 2025-12-22 13:22:24.437","proc_creation_win_nslookup_domain_discovery.yml","8b0857a1-1072-5628-e381-1f06070a01bb","C:\Tools\Logs\art_1016.evtx"
"2025-12-22 14:22:27.739 +01:00","Network Reconnaissance Activity","high","DESKTOP-G2OBL3D","Sysmon",1,"Disc","T1087 ¦ T1082","car.2016-03-001 ¦ sysmon",166850,"Cmdline: ""cmd.exe"" /c nslookup -querytype=ALL -timeout=12 _ldap._tcp.dc._msdcs.%%USERDNSDOMAIN%% ¦ Proc: C:\Windows\System32\cmd.exe ¦ User: DESKTOP-G2OBL3D\student ¦ ParentCmdline: ""C:\WINDOWS\System32\WindowsPowerShell\v1.0\powershell.exe"" -exec bypass ¦ LID: 0x18dcf ¦ LGUID: E9F06A57-0DF8-6949-CF8D-010000000000 ¦ PID: 6488 ¦ PGUID: E9F06A57-4611-6949-2106-000000002100 ¦ ParentPID: 416 ¦ ParentPGUID: E9F06A57-37B7-6949-AD04-000000002100 ¦ Description: Windows Command Processor ¦ Product: Microsoft® Windows® Operating System ¦ Company: Microsoft Corporation ¦ Hashes: MD5=FE48494F2B5A9C452F12E9BBE93A6BE6,SHA256=746C77047FC973F7CA66F8AF28274A30E05F4BB1751EE8A2C6546D9DA48E1115,IMPHASH=EDEF5A2A98D730D4288FE684BA0B0E00","CurrentDirectory: C:\Users\student\AppData\Local\Temp\ ¦ FileVersion: 10.0.26100.2454 (WinBuild.160101.0800) ¦ IntegrityLevel: High ¦ OriginalFileName: Cmd.Exe ¦ ParentImage: C:\Windows\System32\WindowsPowerShell\v1.0\powershell.exe ¦ RuleName: - ¦ TerminalSessionId: 1 ¦ UtcTime: 2025-12-22 13:22:25.397","proc_creation_win_nslookup_domain_discovery.yml","8b0857a1-1072-5628-e381-1f06070a01bb","C:\Tools\Logs\art_1016.evtx"
"2025-12-22 14:22:27.816 +01:00","Network Reconnaissance Activity","high","DESKTOP-G2OBL3D","Sysmon",1,"Disc","T1087 ¦ T1082","car.2016-03-001 ¦ sysmon",166851,"Cmdline: nslookup -querytype=ALL -timeout=12 _ldap._tcp.dc._msdcs.%%USERDNSDOMAIN%% ¦ Proc: C:\Windows\System32\nslookup.exe ¦ User: DESKTOP-G2OBL3D\student ¦ ParentCmdline: ""cmd.exe"" /c nslookup -querytype=ALL -timeout=12 _ldap._tcp.dc._msdcs.%USERDNSDOMAIN% ¦ LID: 0x18dcf ¦ LGUID: E9F06A57-0DF8-6949-CF8D-010000000000 ¦ PID: 11048 ¦ PGUID: E9F06A57-4613-6949-2306-000000002100 ¦ ParentPID: 6488 ¦ ParentPGUID: E9F06A57-4611-6949-2106-000000002100 ¦ Description: nslookup ¦ Product: Microsoft® Windows® Operating System ¦ Company: Microsoft Corporation ¦ Hashes: MD5=10FAC41C9075D456ABFBA9CD17C9A177,SHA256=123EF423B3B4623C02D60C683F5C0BCFEF232400A625FC172B7FAB04A97EB677,IMPHASH=EC3E3C718C086FAB4F7F35008A5E9116","CurrentDirectory: C:\Users\student\AppData\Local\Temp\ ¦ FileVersion: 10.0.26100.1150 (WinBuild.160101.0800) ¦ IntegrityLevel: High ¦ OriginalFileName: nslookup.exe ¦ ParentImage: C:\Windows\System32\cmd.exe ¦ RuleName: - ¦ TerminalSessionId: 1 ¦ UtcTime: 2025-12-22 13:22:27.768","proc_creation_win_nslookup_domain_discovery.yml","8b0857a1-1072-5628-e381-1f06070a01bb","C:\Tools\Logs\art_1016.evtx"
"2025-12-22 14:21:50.712 +01:00","Non Interactive PowerShell Process Spawned","low","DESKTOP-G2OBL3D","Sysmon",1,"Exec","T1059.001","sysmon",166825,"Cmdline: ""powershell.exe"" & {$ports = Get-content \""""C:\AtomicRedTeam\atomics\T1016\src\top-128.txt\"""" $file = \""""$env:USERPROFILE\Desktop\open-ports.txt\"""" $totalopen = 0 $totalports = 0 New-Item $file -Force foreach ($port in $ports) { $test = new-object system.Net.Sockets.TcpClient $wait = $test.beginConnect(\""""allports.exposed\"""", $port, $null, $null) $wait.asyncwaithandle.waitone(250, $false) | Out-Null $totalports++ | Out-Null if ($test.Connected) { $result = \""""$port open\"""" Write-Host -ForegroundColor Green $result $result | Out-File -Encoding ASCII -append $file $totalopen++ | Out-Null } else { $result = \""""$port closed\"""" Write-Host -ForegroundColor Red $result $totalclosed++ | Out-Null $result | Out-File -Encoding ASCII -append $file } } $results = \""""There were a total of $totalopen open ports out of $totalports ports tested.\"""" $results | Out-File -Encoding ASCII -append $file Write-Host $results} ¦ Proc: C:\Windows\System32\WindowsPowerShell\v1.0\powershell.exe ¦ User: DESKTOP-G2OBL3D\student ¦ ParentCmdline: ""C:\WINDOWS\System32\WindowsPowerShell\v1.0\powershell.exe"" -exec bypass ¦ LID: 0x18dcf ¦ LGUID: E9F06A57-0DF8-6949-CF8D-010000000000 ¦ PID: 11108 ¦ PGUID: E9F06A57-45EE-6949-0A06-000000002100 ¦ ParentPID: 416 ¦ ParentPGUID: E9F06A57-37B7-6949-AD04-000000002100 ¦ Description: Windows PowerShell ¦ Product: Microsoft® Windows® Operating System ¦ Company: Microsoft Corporation ¦ Hashes: MD5=909A2EEC5534F01DFF87B7D47E57BFF7,SHA256=D3B4B97C2BF97D70E5655FF4C4CA1D8CEF9DED51685CFD764247CFDA98EE68DF,IMPHASH=AFACF6DC9041114B198160AAB4D0AE77","CommandLine: ""powershell.exe"" & {$ports = Get-content \""""C:\AtomicRedTeam\atomics\T1016\src\top-128.txt\"""" $file = \""""$env:USERPROFILE\Desktop\open-ports.txt\"""" $totalopen = 0 $totalports = 0 New-Item $file -Force foreach ($port in $ports) { $test = new-object system.Net.Sockets.TcpClient $wait = $test.beginConnect(\""""allports.exposed\"""", $port, $null, $null) $wait.asyncwaithandle.waitone(250, $false) | Out-Null $totalports++ | Out-Null if ($test.Connected) { $result = \""""$port open\"""" Write-Host -ForegroundColor Green $result $result | Out-File -Encoding ASCII -append $file $totalopen++ | Out-Null } else { $result = \""""$port closed\"""" Write-Host -ForegroundColor Red $result $totalclosed++ | Out-Null $result | Out-File -Encoding ASCII -append $file } } $results = \""""There were a total of $totalopen open ports out of $totalports ports tested.\"""" $results | Out-File -Encoding ASCII -append $file Write-Host $results} ¦ CurrentDirectory: C:\Users\student\AppData\Local\Temp\ ¦ FileVersion: 10.0.26100.1 (WinBuild.160101.0800) ¦ IntegrityLevel: High ¦ OriginalFileName: PowerShell.EXE ¦ RuleName: - ¦ TerminalSessionId: 1 ¦ UtcTime: 2025-12-22 13:21:50.690","proc_creation_win_powershell_non_interactive_execution.yml","7b9c1012-0114-7467-278f-9c073249b3b7","C:\Tools\Logs\art_1016.evtx"
"2025-12-22 14:21:54.550 +01:00","PUA - AdFind.EXE Execution","med","DESKTOP-G2OBL3D","Sysmon",1,"Disc","T1087.002","sysmon",166829,"Cmdline: C:\AtomicRedTeam\atomics\..\ExternalPayloads\AdFind.exe -f (objectcategory=subnet) ¦ Proc: C:\AtomicRedTeam\ExternalPayloads\AdFind.exe ¦ User: DESKTOP-G2OBL3D\student ¦ ParentCmdline: ""cmd.exe"" /c ""C:\AtomicRedTeam\atomics\..\ExternalPayloads\AdFind.exe"" -f (objectcategory=subnet) ¦ LID: 0x18dcf ¦ LGUID: E9F06A57-0DF8-6949-CF8D-010000000000 ¦ PID: 7180 ¦ PGUID: E9F06A57-45F2-6949-1106-000000002100 ¦ ParentPID: 3048 ¦ ParentPGUID: E9F06A57-45F1-6949-0F06-000000002100 ¦ Description: - ¦ Product: AdFind ¦ Company: www.joeware.net ¦ Hashes: MD5=12011C44955FD6631113F68A99447515,SHA256=C92C158D7C37FEA795114FA6491FE5F145AD2F8C08776B18AE79DB811E8E36A3,IMPHASH=12CE1C0F3F5837ECC18A3782408FA975","CurrentDirectory: C:\Users\student\AppData\Local\Temp\ ¦ FileVersion: 1.52.0.5064 ¦ IntegrityLevel: High ¦ OriginalFileName: AdFind.exe ¦ ParentImage: C:\Windows\System32\cmd.exe ¦ TerminalSessionId: 1 ¦ UtcTime: 2025-12-22 13:21:54.536","proc_creation_win_pua_adfind_execution.yml","0ccd6466-794b-30fd-c126-3cbb344a73af","C:\Tools\Logs\art_1016.evtx"
"2025-12-22 14:21:53.351 +01:00","PUA - AdFind Suspicious Execution","high","DESKTOP-G2OBL3D","Sysmon",1,"Disc","T1018 ¦ T1087.002 ¦ T1482 ¦ T1069.002","stp.1u ¦ sysmon",166828,"Cmdline: ""cmd.exe"" /c ""C:\AtomicRedTeam\atomics\..\ExternalPayloads\AdFind.exe"" -f (objectcategory=subnet) ¦ Proc: C:\Windows\System32\cmd.exe ¦ User: DESKTOP-G2OBL3D\student ¦ ParentCmdline: ""C:\WINDOWS\System32\WindowsPowerShell\v1.0\powershell.exe"" -exec bypass ¦ LID: 0x18dcf ¦ LGUID: E9F06A57-0DF8-6949-CF8D-010000000000 ¦ PID: 3048 ¦ PGUID: E9F06A57-45F1-6949-0F06-000000002100 ¦ ParentPID: 416 ¦ ParentPGUID: E9F06A57-37B7-6949-AD04-000000002100 ¦ Description: Windows Command Processor ¦ Product: Microsoft® Windows® Operating System ¦ Company: Microsoft Corporation ¦ Hashes: MD5=FE48494F2B5A9C452F12E9BBE93A6BE6,SHA256=746C77047FC973F7CA66F8AF28274A30E05F4BB1751EE8A2C6546D9DA48E1115,IMPHASH=EDEF5A2A98D730D4288FE684BA0B0E00","CurrentDirectory: C:\Users\student\AppData\Local\Temp\ ¦ FileVersion: 10.0.26100.2454 (WinBuild.160101.0800) ¦ IntegrityLevel: High ¦ OriginalFileName: Cmd.Exe ¦ ParentImage: C:\Windows\System32\WindowsPowerShell\v1.0\powershell.exe ¦ RuleName: - ¦ TerminalSessionId: 1 ¦ UtcTime: 2025-12-22 13:21:53.342","proc_creation_win_pua_adfind_susp_usage.yml","dfd21c0c-4e8f-53a4-f259-d7753ce30d5d","C:\Tools\Logs\art_1016.evtx"
"2025-12-22 14:21:54.550 +01:00","PUA - AdFind Suspicious Execution","high","DESKTOP-G2OBL3D","Sysmon",1,"Disc","T1018 ¦ T1087.002 ¦ T1482 ¦ T1069.002","stp.1u ¦ sysmon",166829,"Cmdline: C:\AtomicRedTeam\atomics\..\ExternalPayloads\AdFind.exe -f (objectcategory=subnet) ¦ Proc: C:\AtomicRedTeam\ExternalPayloads\AdFind.exe ¦ User: DESKTOP-G2OBL3D\student ¦ ParentCmdline: ""cmd.exe"" /c ""C:\AtomicRedTeam\atomics\..\ExternalPayloads\AdFind.exe"" -f (objectcategory=subnet) ¦ LID: 0x18dcf ¦ LGUID: E9F06A57-0DF8-6949-CF8D-010000000000 ¦ PID: 7180 ¦ PGUID: E9F06A57-45F2-6949-1106-000000002100 ¦ ParentPID: 3048 ¦ ParentPGUID: E9F06A57-45F1-6949-0F06-000000002100 ¦ Description: - ¦ Product: AdFind ¦ Company: www.joeware.net ¦ Hashes: MD5=12011C44955FD6631113F68A99447515,SHA256=C92C158D7C37FEA795114FA6491FE5F145AD2F8C08776B18AE79DB811E8E36A3,IMPHASH=12CE1C0F3F5837ECC18A3782408FA975","CurrentDirectory: C:\Users\student\AppData\Local\Temp\ ¦ FileVersion: 1.52.0.5064 ¦ IntegrityLevel: High ¦ OriginalFileName: AdFind.exe ¦ ParentImage: C:\Windows\System32\cmd.exe ¦ TerminalSessionId: 1 ¦ UtcTime: 2025-12-22 13:21:54.536","proc_creation_win_pua_adfind_susp_usage.yml","dfd21c0c-4e8f-53a4-f259-d7753ce30d5d","C:\Tools\Logs\art_1016.evtx"
"2025-12-22 14:21:53.351 +01:00","Renamed AdFind Execution","high","DESKTOP-G2OBL3D","Sysmon",1,"Disc","T1018 ¦ T1087.002 ¦ T1482 ¦ T1069.002","sysmon",166828,"Cmdline: ""cmd.exe"" /c ""C:\AtomicRedTeam\atomics\..\ExternalPayloads\AdFind.exe"" -f (objectcategory=subnet) ¦ Proc: C:\Windows\System32\cmd.exe ¦ User: DESKTOP-G2OBL3D\student ¦ ParentCmdline: ""C:\WINDOWS\System32\WindowsPowerShell\v1.0\powershell.exe"" -exec bypass ¦ LID: 0x18dcf ¦ LGUID: E9F06A57-0DF8-6949-CF8D-010000000000 ¦ PID: 3048 ¦ PGUID: E9F06A57-45F1-6949-0F06-000000002100 ¦ ParentPID: 416 ¦ ParentPGUID: E9F06A57-37B7-6949-AD04-000000002100 ¦ Description: Windows Command Processor ¦ Product: Microsoft® Windows® Operating System ¦ Company: Microsoft Corporation ¦ Hashes: MD5=FE48494F2B5A9C452F12E9BBE93A6BE6,SHA256=746C77047FC973F7CA66F8AF28274A30E05F4BB1751EE8A2C6546D9DA48E1115,IMPHASH=EDEF5A2A98D730D4288FE684BA0B0E00","CurrentDirectory: C:\Users\student\AppData\Local\Temp\ ¦ FileVersion: 10.0.26100.2454 (WinBuild.160101.0800) ¦ IntegrityLevel: High ¦ OriginalFileName: Cmd.Exe ¦ ParentImage: C:\Windows\System32\WindowsPowerShell\v1.0\powershell.exe ¦ RuleName: - ¦ TerminalSessionId: 1 ¦ UtcTime: 2025-12-22 13:21:53.342","proc_creation_win_renamed_adfind.yml","cb22f043-d2de-c99d-9f14-8c2706379f93","C:\Tools\Logs\art_1016.evtx"
"2025-12-22 14:21:17.939 +01:00","Local Accounts Discovery","low","DESKTOP-G2OBL3D","Sysmon",1,"Disc","T1033 ¦ T1087.001","sysmon",166806,"Cmdline: ""C:\WINDOWS\system32\whoami.exe"" ¦ Proc: C:\Windows\System32\whoami.exe ¦ User: DESKTOP-G2OBL3D\student ¦ ParentCmdline: ""C:\WINDOWS\System32\WindowsPowerShell\v1.0\powershell.exe"" -exec bypass ¦ LID: 0x18dcf ¦ LGUID: E9F06A57-0DF8-6949-CF8D-010000000000 ¦ PID: 3996 ¦ PGUID: E9F06A57-45CD-6949-F605-000000002100 ¦ ParentPID: 416 ¦ ParentPGUID: E9F06A57-37B7-6949-AD04-000000002100 ¦ Description: whoami - displays logged on user information ¦ Product: Microsoft® Windows® Operating System ¦ Company: Microsoft Corporation ¦ Hashes: MD5=956692DADC5B2CEB46E9219F7A5BEFFA,SHA256=23240EF9F8B0A9A324110B1C2331DE31DC1B0E08F5359CB707E51A939AF56CD3,IMPHASH=E4464BCD92DF7AC69CCD074CB9C0EFED","CurrentDirectory: C:\WINDOWS\system32\ ¦ FileVersion: 10.0.26100.1882 (WinBuild.160101.0800) ¦ IntegrityLevel: High ¦ OriginalFileName: whoami.exe ¦ ParentImage: C:\Windows\System32\WindowsPowerShell\v1.0\powershell.exe ¦ RuleName: - ¦ TerminalSessionId: 1 ¦ UtcTime: 2025-12-22 13:21:17.934","proc_creation_win_susp_local_system_owner_account_discovery.yml","e149ce89-80e1-9461-ab1f-2c14cabd84c0","C:\Tools\Logs\art_1016.evtx"
"2025-12-22 14:21:55.157 +01:00","Local Accounts Discovery","low","DESKTOP-G2OBL3D","Sysmon",1,"Disc","T1033 ¦ T1087.001","sysmon",166831,"Cmdline: whoami /all ¦ Proc: C:\Windows\System32\whoami.exe ¦ User: DESKTOP-G2OBL3D\student ¦ ParentCmdline: ""cmd.exe"" /c ""C:\AtomicRedTeam\atomics\T1016\src\qakbot.bat"" ¦ LID: 0x18dcf ¦ LGUID: E9F06A57-0DF8-6949-CF8D-010000000000 ¦ PID: 8200 ¦ PGUID: E9F06A57-45F3-6949-1406-000000002100 ¦ ParentPID: 9680 ¦ ParentPGUID: E9F06A57-45F3-6949-1206-000000002100 ¦ Description: whoami - displays logged on user information ¦ Product: Microsoft® Windows® Operating System ¦ Company: Microsoft Corporation ¦ Hashes: MD5=956692DADC5B2CEB46E9219F7A5BEFFA,SHA256=23240EF9F8B0A9A324110B1C2331DE31DC1B0E08F5359CB707E51A939AF56CD3,IMPHASH=E4464BCD92DF7AC69CCD074CB9C0EFED","CurrentDirectory: C:\Users\student\AppData\Local\Temp\ ¦ FileVersion: 10.0.26100.1882 (WinBuild.160101.0800) ¦ IntegrityLevel: High ¦ OriginalFileName: whoami.exe ¦ ParentImage: C:\Windows\System32\cmd.exe ¦ RuleName: - ¦ TerminalSessionId: 1 ¦ UtcTime: 2025-12-22 13:21:55.150","proc_creation_win_susp_local_system_owner_account_discovery.yml","e149ce89-80e1-9461-ab1f-2c14cabd84c0","C:\Tools\Logs\art_1016.evtx"
"2025-12-22 14:21:18.725 +01:00","Suspicious Network Command","low","DESKTOP-G2OBL3D","Sysmon",1,"Disc","T1016","sysmon",166807,"Cmdline: ""cmd.exe"" /c ipconfig /all & netsh interface show interface & arp -a & nbtstat -n & net config ¦ Proc: C:\Windows\System32\cmd.exe ¦ User: DESKTOP-G2OBL3D\student ¦ ParentCmdline: ""C:\WINDOWS\System32\WindowsPowerShell\v1.0\powershell.exe"" -exec bypass ¦ LID: 0x18dcf ¦ LGUID: E9F06A57-0DF8-6949-CF8D-010000000000 ¦ PID: 1256 ¦ PGUID: E9F06A57-45CE-6949-F805-000000002100 ¦ ParentPID: 416 ¦ ParentPGUID: E9F06A57-37B7-6949-AD04-000000002100 ¦ Description: Windows Command Processor ¦ Product: Microsoft® Windows® Operating System ¦ Company: Microsoft Corporation ¦ Hashes: MD5=FE48494F2B5A9C452F12E9BBE93A6BE6,SHA256=746C77047FC973F7CA66F8AF28274A30E05F4BB1751EE8A2C6546D9DA48E1115,IMPHASH=EDEF5A2A98D730D4288FE684BA0B0E00","CurrentDirectory: C:\Users\student\AppData\Local\Temp\ ¦ FileVersion: 10.0.26100.2454 (WinBuild.160101.0800) ¦ IntegrityLevel: High ¦ OriginalFileName: Cmd.Exe ¦ ParentImage: C:\Windows\System32\WindowsPowerShell\v1.0\powershell.exe ¦ RuleName: - ¦ TerminalSessionId: 1 ¦ UtcTime: 2025-12-22 13:21:18.695","proc_creation_win_susp_network_command.yml","65c1eb12-ba47-415b-97d3-ae809192045e","C:\Tools\Logs\art_1016.evtx"
"2025-12-22 14:21:18.836 +01:00","Suspicious Network Command","low","DESKTOP-G2OBL3D","Sysmon",1,"Disc","T1016","sysmon",166808,"Cmdline: ipconfig /all ¦ Proc: C:\Windows\System32\ipconfig.exe ¦ User: DESKTOP-G2OBL3D\student ¦ ParentCmdline: ""cmd.exe"" /c ipconfig /all & netsh interface show interface & arp -a & nbtstat -n & net config ¦ LID: 0x18dcf ¦ LGUID: E9F06A57-0DF8-6949-CF8D-010000000000 ¦ PID: 8744 ¦ PGUID: E9F06A57-45CE-6949-FA05-000000002100 ¦ ParentPID: 1256 ¦ ParentPGUID: E9F06A57-45CE-6949-F805-000000002100 ¦ Description: IP Configuration Utility ¦ Product: Microsoft® Windows® Operating System ¦ Company: Microsoft Corporation ¦ Hashes: MD5=31828E7333486100E4087D0F4007BC1A,SHA256=9C552FA02A37BA6EA511A7A571B1D05671CE9C5589A6E180337ADD7BC35E3D0B,IMPHASH=2B5FDB90806962CA73F47C6A56EDA8F3","CurrentDirectory: C:\Users\student\AppData\Local\Temp\ ¦ FileVersion: 10.0.26100.1 (WinBuild.160101.0800) ¦ IntegrityLevel: High ¦ OriginalFileName: ipconfig.exe ¦ ParentImage: C:\Windows\System32\cmd.exe ¦ RuleName: - ¦ TerminalSessionId: 1 ¦ UtcTime: 2025-12-22 13:21:18.829","proc_creation_win_susp_network_command.yml","65c1eb12-ba47-415b-97d3-ae809192045e","C:\Tools\Logs\art_1016.evtx"
"2025-12-22 14:21:18.891 +01:00","Suspicious Network Command","low","DESKTOP-G2OBL3D","Sysmon",1,"Disc","T1016","sysmon",166809,"Cmdline: netsh interface show interface ¦ Proc: C:\Windows\System32\netsh.exe ¦ User: DESKTOP-G2OBL3D\student ¦ ParentCmdline: ""cmd.exe"" /c ipconfig /all & netsh interface show interface & arp -a & nbtstat -n & net config ¦ LID: 0x18dcf ¦ LGUID: E9F06A57-0DF8-6949-CF8D-010000000000 ¦ PID: 9496 ¦ PGUID: E9F06A57-45CE-6949-FB05-000000002100 ¦ ParentPID: 1256 ¦ ParentPGUID: E9F06A57-45CE-6949-F805-000000002100 ¦ Description: Network Command Shell ¦ Product: Microsoft® Windows® Operating System ¦ Company: Microsoft Corporation ¦ Hashes: MD5=12AD15E6AB0F8C8830F1F600381F204A,SHA256=69AE00A67DCE3C75A810408B1424D2901A6E08B37FD16C9DA87D1B5874B13DD6,IMPHASH=251873EE5CC9E54F8BB552E4F6FDBD14","CurrentDirectory: C:\Users\student\AppData\Local\Temp\ ¦ FileVersion: 10.0.26100.1150 (WinBuild.160101.0800) ¦ IntegrityLevel: High ¦ OriginalFileName: netsh.exe ¦ ParentImage: C:\Windows\System32\cmd.exe ¦ RuleName: - ¦ TerminalSessionId: 1 ¦ UtcTime: 2025-12-22 13:21:18.888","proc_creation_win_susp_network_command.yml","65c1eb12-ba47-415b-97d3-ae809192045e","C:\Tools\Logs\art_1016.evtx"
"2025-12-22 14:21:19.570 +01:00","Suspicious Network Command","low","DESKTOP-G2OBL3D","Sysmon",1,"Disc","T1016","sysmon",166810,"Cmdline: arp -a ¦ Proc: C:\Windows\System32\ARP.EXE ¦ User: DESKTOP-G2OBL3D\student ¦ ParentCmdline: ""cmd.exe"" /c ipconfig /all & netsh interface show interface & arp -a & nbtstat -n & net config ¦ LID: 0x18dcf ¦ LGUID: E9F06A57-0DF8-6949-CF8D-010000000000 ¦ PID: 1400 ¦ PGUID: E9F06A57-45CF-6949-FC05-000000002100 ¦ ParentPID: 1256 ¦ ParentPGUID: E9F06A57-45CE-6949-F805-000000002100 ¦ Description: TCP/IP Arp Command ¦ Product: Microsoft® Windows® Operating System ¦ Company: Microsoft Corporation ¦ Hashes: MD5=C103F8B558198870F74C94E3AC8A429B,SHA256=A1C6FED72B64CE1ACF5F5157EA38202AB8BFA2DEEF6677B5D1B95EB088DE0FA7,IMPHASH=CE555C0D08DA13219D2BB64D20B9780A","CurrentDirectory: C:\Users\student\AppData\Local\Temp\ ¦ FileVersion: 10.0.26100.2161 (WinBuild.160101.0800) ¦ IntegrityLevel: High ¦ OriginalFileName: arp.exe ¦ ParentImage: C:\Windows\System32\cmd.exe ¦ RuleName: - ¦ TerminalSessionId: 1 ¦ UtcTime: 2025-12-22 13:21:19.561","proc_creation_win_susp_network_command.yml","65c1eb12-ba47-415b-97d3-ae809192045e","C:\Tools\Logs\art_1016.evtx"
"2025-12-22 14:21:19.667 +01:00","Suspicious Network Command","low","DESKTOP-G2OBL3D","Sysmon",1,"Disc","T1016","sysmon",166811,"Cmdline: nbtstat -n ¦ Proc: C:\Windows\System32\nbtstat.exe ¦ User: DESKTOP-G2OBL3D\student ¦ ParentCmdline: ""cmd.exe"" /c ipconfig /all & netsh interface show interface & arp -a & nbtstat -n & net config ¦ LID: 0x18dcf ¦ LGUID: E9F06A57-0DF8-6949-CF8D-010000000000 ¦ PID: 1116 ¦ PGUID: E9F06A57-45CF-6949-FD05-000000002100 ¦ ParentPID: 1256 ¦ ParentPGUID: E9F06A57-45CE-6949-F805-000000002100 ¦ Description: TCP/IP NetBios Information ¦ Product: Microsoft® Windows® Operating System ¦ Company: Microsoft Corporation ¦ Hashes: MD5=289ABD5259DD0F6977AA64ED7DF251CD,SHA256=4B5ABCD833A8550BA0E77B55B56D37F6C04AC8213E1344B179E380B1FB289FA6,IMPHASH=CDE20737AA225D4DF469DDED810ACF10","CurrentDirectory: C:\Users\student\AppData\Local\Temp\ ¦ FileVersion: 10.0.26100.1150 (WinBuild.160101.0800) ¦ IntegrityLevel: High ¦ OriginalFileName: nbtinfo.exe ¦ ParentImage: C:\Windows\System32\cmd.exe ¦ RuleName: - ¦ TerminalSessionId: 1 ¦ UtcTime: 2025-12-22 13:21:19.662","proc_creation_win_susp_network_command.yml","65c1eb12-ba47-415b-97d3-ae809192045e","C:\Tools\Logs\art_1016.evtx"
"2025-12-22 14:21:19.698 +01:00","Suspicious Network Command","low","DESKTOP-G2OBL3D","Sysmon",1,"Disc","T1016","sysmon",166812,"Cmdline: net config ¦ Proc: C:\Windows\System32\net.exe ¦ User: DESKTOP-G2OBL3D\student ¦ ParentCmdline: ""cmd.exe"" /c ipconfig /all & netsh interface show interface & arp -a & nbtstat -n & net config ¦ LID: 0x18dcf ¦ LGUID: E9F06A57-0DF8-6949-CF8D-010000000000 ¦ PID: 1068 ¦ PGUID: E9F06A57-45CF-6949-FE05-000000002100 ¦ ParentPID: 1256 ¦ ParentPGUID: E9F06A57-45CE-6949-F805-000000002100 ¦ Description: Net Command ¦ Product: Microsoft® Windows® Operating System ¦ Company: Microsoft Corporation ¦ Hashes: MD5=0E6C2EDA203E61C8AB3B5FAF6E3F49A7,SHA256=63A96F43EB673FD465A4238E3A2BBFE5273B858D806A58375BA1520CE097CDF4,IMPHASH=EF46B86C2346DA0A991DE4B78AAF4E75","CurrentDirectory: C:\Users\student\AppData\Local\Temp\ ¦ FileVersion: 10.0.26100.1882 (WinBuild.160101.0800) ¦ IntegrityLevel: High ¦ OriginalFileName: net.exe ¦ ParentImage: C:\Windows\System32\cmd.exe ¦ RuleName: - ¦ TerminalSessionId: 1 ¦ UtcTime: 2025-12-22 13:21:19.691","proc_creation_win_susp_network_command.yml","65c1eb12-ba47-415b-97d3-ae809192045e","C:\Tools\Logs\art_1016.evtx"
"2025-12-22 14:21:21.372 +01:00","Suspicious Network Command","low","DESKTOP-G2OBL3D","Sysmon",1,"Disc","T1016","sysmon",166816,"Cmdline: ""cmd.exe"" /c ipconfig /all & net config workstation & net view /all /domain & nltest /domain_trusts ¦ Proc: C:\Windows\System32\cmd.exe ¦ User: DESKTOP-G2OBL3D\student ¦ ParentCmdline: ""C:\WINDOWS\System32\WindowsPowerShell\v1.0\powershell.exe"" -exec bypass ¦ LID: 0x18dcf ¦ LGUID: E9F06A57-0DF8-6949-CF8D-010000000000 ¦ PID: 3228 ¦ PGUID: E9F06A57-45D1-6949-0306-000000002100 ¦ ParentPID: 416 ¦ ParentPGUID: E9F06A57-37B7-6949-AD04-000000002100 ¦ Description: Windows Command Processor ¦ Product: Microsoft® Windows® Operating System ¦ Company: Microsoft Corporation ¦ Hashes: MD5=FE48494F2B5A9C452F12E9BBE93A6BE6,SHA256=746C77047FC973F7CA66F8AF28274A30E05F4BB1751EE8A2C6546D9DA48E1115,IMPHASH=EDEF5A2A98D730D4288FE684BA0B0E00","CurrentDirectory: C:\Users\student\AppData\Local\Temp\ ¦ FileVersion: 10.0.26100.2454 (WinBuild.160101.0800) ¦ IntegrityLevel: High ¦ OriginalFileName: Cmd.Exe ¦ ParentImage: C:\Windows\System32\WindowsPowerShell\v1.0\powershell.exe ¦ RuleName: - ¦ TerminalSessionId: 1 ¦ UtcTime: 2025-12-22 13:21:21.364","proc_creation_win_susp_network_command.yml","65c1eb12-ba47-415b-97d3-ae809192045e","C:\Tools\Logs\art_1016.evtx"
"2025-12-22 14:21:21.406 +01:00","Suspicious Network Command","low","DESKTOP-G2OBL3D","Sysmon",1,"Disc","T1016","sysmon",166817,"Cmdline: ipconfig /all ¦ Proc: C:\Windows\System32\ipconfig.exe ¦ User: DESKTOP-G2OBL3D\student ¦ ParentCmdline: ""cmd.exe"" /c ipconfig /all & net config workstation & net view /all /domain & nltest /domain_trusts ¦ LID: 0x18dcf ¦ LGUID: E9F06A57-0DF8-6949-CF8D-010000000000 ¦ PID: 6088 ¦ PGUID: E9F06A57-45D1-6949-0506-000000002100 ¦ ParentPID: 3228 ¦ ParentPGUID: E9F06A57-45D1-6949-0306-000000002100 ¦ Description: IP Configuration Utility ¦ Product: Microsoft® Windows® Operating System ¦ Company: Microsoft Corporation ¦ Hashes: MD5=31828E7333486100E4087D0F4007BC1A,SHA256=9C552FA02A37BA6EA511A7A571B1D05671CE9C5589A6E180337ADD7BC35E3D0B,IMPHASH=2B5FDB90806962CA73F47C6A56EDA8F3","CurrentDirectory: C:\Users\student\AppData\Local\Temp\ ¦ FileVersion: 10.0.26100.1 (WinBuild.160101.0800) ¦ IntegrityLevel: High ¦ OriginalFileName: ipconfig.exe ¦ ParentImage: C:\Windows\System32\cmd.exe ¦ RuleName: - ¦ TerminalSessionId: 1 ¦ UtcTime: 2025-12-22 13:21:21.401","proc_creation_win_susp_network_command.yml","65c1eb12-ba47-415b-97d3-ae809192045e","C:\Tools\Logs\art_1016.evtx"
"2025-12-22 14:21:21.438 +01:00","Suspicious Network Command","low","DESKTOP-G2OBL3D","Sysmon",1,"Disc","T1016","sysmon",166818,"Cmdline: net config workstation ¦ Proc: C:\Windows\System32\net.exe ¦ User: DESKTOP-G2OBL3D\student ¦ ParentCmdline: ""cmd.exe"" /c ipconfig /all & net config workstation & net view /all /domain & nltest /domain_trusts ¦ LID: 0x18dcf ¦ LGUID: E9F06A57-0DF8-6949-CF8D-010000000000 ¦ PID: 3836 ¦ PGUID: E9F06A57-45D1-6949-0606-000000002100 ¦ ParentPID: 3228 ¦ ParentPGUID: E9F06A57-45D1-6949-0306-000000002100 ¦ Description: Net Command ¦ Product: Microsoft® Windows® Operating System ¦ Company: Microsoft Corporation ¦ Hashes: MD5=0E6C2EDA203E61C8AB3B5FAF6E3F49A7,SHA256=63A96F43EB673FD465A4238E3A2BBFE5273B858D806A58375BA1520CE097CDF4,IMPHASH=EF46B86C2346DA0A991DE4B78AAF4E75","CurrentDirectory: C:\Users\student\AppData\Local\Temp\ ¦ FileVersion: 10.0.26100.1882 (WinBuild.160101.0800) ¦ IntegrityLevel: High ¦ OriginalFileName: net.exe ¦ ParentImage: C:\Windows\System32\cmd.exe ¦ RuleName: - ¦ TerminalSessionId: 1 ¦ UtcTime: 2025-12-22 13:21:21.434","proc_creation_win_susp_network_command.yml","65c1eb12-ba47-415b-97d3-ae809192045e","C:\Tools\Logs\art_1016.evtx"
"2025-12-22 14:21:55.257 +01:00","Suspicious Network Command","low","DESKTOP-G2OBL3D","Sysmon",1,"Disc","T1016","sysmon",166833,"Cmdline: arp -a ¦ Proc: C:\Windows\System32\ARP.EXE ¦ User: DESKTOP-G2OBL3D\student ¦ ParentCmdline: ""cmd.exe"" /c ""C:\AtomicRedTeam\atomics\T1016\src\qakbot.bat"" ¦ LID: 0x18dcf ¦ LGUID: E9F06A57-0DF8-6949-CF8D-010000000000 ¦ PID: 3616 ¦ PGUID: E9F06A57-45F3-6949-1606-000000002100 ¦ ParentPID: 9680 ¦ ParentPGUID: E9F06A57-45F3-6949-1206-000000002100 ¦ Description: TCP/IP Arp Command ¦ Product: Microsoft® Windows® Operating System ¦ Company: Microsoft Corporation ¦ Hashes: MD5=C103F8B558198870F74C94E3AC8A429B,SHA256=A1C6FED72B64CE1ACF5F5157EA38202AB8BFA2DEEF6677B5D1B95EB088DE0FA7,IMPHASH=CE555C0D08DA13219D2BB64D20B9780A","CurrentDirectory: C:\Users\student\AppData\Local\Temp\ ¦ FileVersion: 10.0.26100.2161 (WinBuild.160101.0800) ¦ IntegrityLevel: High ¦ OriginalFileName: arp.exe ¦ ParentImage: C:\Windows\System32\cmd.exe ¦ RuleName: - ¦ TerminalSessionId: 1 ¦ UtcTime: 2025-12-22 13:21:55.253","proc_creation_win_susp_network_command.yml","65c1eb12-ba47-415b-97d3-ae809192045e","C:\Tools\Logs\art_1016.evtx"
"2025-12-22 14:21:55.297 +01:00","Suspicious Network Command","low","DESKTOP-G2OBL3D","Sysmon",1,"Disc","T1016","sysmon",166834,"Cmdline: ipconfig /all ¦ Proc: C:\Windows\System32\ipconfig.exe ¦ User: DESKTOP-G2OBL3D\student ¦ ParentCmdline: ""cmd.exe"" /c ""C:\AtomicRedTeam\atomics\T1016\src\qakbot.bat"" ¦ LID: 0x18dcf ¦ LGUID: E9F06A57-0DF8-6949-CF8D-010000000000 ¦ PID: 10340 ¦ PGUID: E9F06A57-45F3-6949-1706-000000002100 ¦ ParentPID: 9680 ¦ ParentPGUID: E9F06A57-45F3-6949-1206-000000002100 ¦ Description: IP Configuration Utility ¦ Product: Microsoft® Windows® Operating System ¦ Company: Microsoft Corporation ¦ Hashes: MD5=31828E7333486100E4087D0F4007BC1A,SHA256=9C552FA02A37BA6EA511A7A571B1D05671CE9C5589A6E180337ADD7BC35E3D0B,IMPHASH=2B5FDB90806962CA73F47C6A56EDA8F3","CurrentDirectory: C:\Users\student\AppData\Local\Temp\ ¦ FileVersion: 10.0.26100.1 (WinBuild.160101.0800) ¦ IntegrityLevel: High ¦ OriginalFileName: ipconfig.exe ¦ ParentImage: C:\Windows\System32\cmd.exe ¦ RuleName: - ¦ TerminalSessionId: 1 ¦ UtcTime: 2025-12-22 13:21:55.291","proc_creation_win_susp_network_command.yml","65c1eb12-ba47-415b-97d3-ae809192045e","C:\Tools\Logs\art_1016.evtx"
"2025-12-22 14:22:24.595 +01:00","Suspicious Network Command","low","DESKTOP-G2OBL3D","Sysmon",1,"Disc","T1016","sysmon",166840,"Cmdline: route print ¦ Proc: C:\Windows\System32\ROUTE.EXE ¦ User: DESKTOP-G2OBL3D\student ¦ ParentCmdline: ""cmd.exe"" /c ""C:\AtomicRedTeam\atomics\T1016\src\qakbot.bat"" ¦ LID: 0x18dcf ¦ LGUID: E9F06A57-0DF8-6949-CF8D-010000000000 ¦ PID: 10536 ¦ PGUID: E9F06A57-4610-6949-1D06-000000002100 ¦ ParentPID: 9680 ¦ ParentPGUID: E9F06A57-45F3-6949-1206-000000002100 ¦ Description: TCP/IP Route Command ¦ Product: Microsoft® Windows® Operating System ¦ Company: Microsoft Corporation ¦ Hashes: MD5=0409CD743B886AB66B4D7A86BB6A0882,SHA256=2987A6AE73DBD9F86EF2CD136A809BB200D2EA2F8BEEECD545FC73EA1110C745,IMPHASH=95110DF86CE2E63EB457CE5860C12E57","CurrentDirectory: C:\Users\student\AppData\Local\Temp\ ¦ FileVersion: 10.0.26100.2161 (WinBuild.160101.0800) ¦ IntegrityLevel: High ¦ OriginalFileName: route.exe ¦ ParentImage: C:\Windows\System32\cmd.exe ¦ RuleName: - ¦ TerminalSessionId: 1 ¦ UtcTime: 2025-12-22 13:22:24.590","proc_creation_win_susp_network_command.yml","65c1eb12-ba47-415b-97d3-ae809192045e","C:\Tools\Logs\art_1016.evtx"
"2025-12-22 14:21:55.157 +01:00","Enumerate All Information With Whoami.EXE","med","DESKTOP-G2OBL3D","Sysmon",1,"Disc","T1033","car.2016-03-001 ¦ sysmon",166831,"Cmdline: whoami /all ¦ Proc: C:\Windows\System32\whoami.exe ¦ User: DESKTOP-G2OBL3D\student ¦ ParentCmdline: ""cmd.exe"" /c ""C:\AtomicRedTeam\atomics\T1016\src\qakbot.bat"" ¦ LID: 0x18dcf ¦ LGUID: E9F06A57-0DF8-6949-CF8D-010000000000 ¦ PID: 8200 ¦ PGUID: E9F06A57-45F3-6949-1406-000000002100 ¦ ParentPID: 9680 ¦ ParentPGUID: E9F06A57-45F3-6949-1206-000000002100 ¦ Description: whoami - displays logged on user information ¦ Product: Microsoft® Windows® Operating System ¦ Company: Microsoft Corporation ¦ Hashes: MD5=956692DADC5B2CEB46E9219F7A5BEFFA,SHA256=23240EF9F8B0A9A324110B1C2331DE31DC1B0E08F5359CB707E51A939AF56CD3,IMPHASH=E4464BCD92DF7AC69CCD074CB9C0EFED","CurrentDirectory: C:\Users\student\AppData\Local\Temp\ ¦ FileVersion: 10.0.26100.1882 (WinBuild.160101.0800) ¦ IntegrityLevel: High ¦ OriginalFileName: whoami.exe ¦ ParentImage: C:\Windows\System32\cmd.exe ¦ RuleName: - ¦ TerminalSessionId: 1 ¦ UtcTime: 2025-12-22 13:21:55.150","proc_creation_win_whoami_all_execution.yml","a357930a-369c-6bb3-f29a-b87a030e2b15","C:\Tools\Logs\art_1016.evtx"
"2025-12-22 14:21:21.488 +01:00","Net.EXE Execution","low","DESKTOP-G2OBL3D","Sysmon",1,"Disc ¦ LatMov","T1007 ¦ T1049 ¦ T1018 ¦ T1135 ¦ T1201 ¦ T1069.001 ¦ T1069.002 ¦ T1087.001 ¦ T1087.002 ¦ T1021.002 ¦ S0039","detection.threat-hunting ¦ sysmon",166820,"Cmdline: net view /all /domain ¦ Proc: C:\Windows\System32\net.exe ¦ User: DESKTOP-G2OBL3D\student ¦ ParentCmdline: ""cmd.exe"" /c ipconfig /all & net config workstation & net view /all /domain & nltest /domain_trusts ¦ LID: 0x18dcf ¦ LGUID: E9F06A57-0DF8-6949-CF8D-010000000000 ¦ PID: 10536 ¦ PGUID: E9F06A57-45D1-6949-0806-000000002100 ¦ ParentPID: 3228 ¦ ParentPGUID: E9F06A57-45D1-6949-0306-000000002100 ¦ Description: Net Command ¦ Product: Microsoft® Windows® Operating System ¦ Company: Microsoft Corporation ¦ Hashes: MD5=0E6C2EDA203E61C8AB3B5FAF6E3F49A7,SHA256=63A96F43EB673FD465A4238E3A2BBFE5273B858D806A58375BA1520CE097CDF4,IMPHASH=EF46B86C2346DA0A991DE4B78AAF4E75","CurrentDirectory: C:\Users\student\AppData\Local\Temp\ ¦ FileVersion: 10.0.26100.1882 (WinBuild.160101.0800) ¦ IntegrityLevel: High ¦ OriginalFileName: net.exe ¦ ParentImage: C:\Windows\System32\cmd.exe ¦ RuleName: - ¦ TerminalSessionId: 1 ¦ UtcTime: 2025-12-22 13:21:21.483","proc_creation_win_net_execution.yml","6be034ef-d875-01a8-3667-a9e297d1df79","C:\Tools\Logs\art_1016.evtx"
"2025-12-22 14:21:55.349 +01:00","Net.EXE Execution","low","DESKTOP-G2OBL3D","Sysmon",1,"Disc ¦ LatMov","T1007 ¦ T1049 ¦ T1018 ¦ T1135 ¦ T1201 ¦ T1069.001 ¦ T1069.002 ¦ T1087.001 ¦ T1087.002 ¦ T1021.002 ¦ S0039","detection.threat-hunting ¦ sysmon",166835,"Cmdline: net view /all ¦ Proc: C:\Windows\System32\net.exe ¦ User: DESKTOP-G2OBL3D\student ¦ ParentCmdline: ""cmd.exe"" /c ""C:\AtomicRedTeam\atomics\T1016\src\qakbot.bat"" ¦ LID: 0x18dcf ¦ LGUID: E9F06A57-0DF8-6949-CF8D-010000000000 ¦ PID: 4636 ¦ PGUID: E9F06A57-45F3-6949-1806-000000002100 ¦ ParentPID: 9680 ¦ ParentPGUID: E9F06A57-45F3-6949-1206-000000002100 ¦ Description: Net Command ¦ Product: Microsoft® Windows® Operating System ¦ Company: Microsoft Corporation ¦ Hashes: MD5=0E6C2EDA203E61C8AB3B5FAF6E3F49A7,SHA256=63A96F43EB673FD465A4238E3A2BBFE5273B858D806A58375BA1520CE097CDF4,IMPHASH=EF46B86C2346DA0A991DE4B78AAF4E75","CurrentDirectory: C:\Users\student\AppData\Local\Temp\ ¦ FileVersion: 10.0.26100.1882 (WinBuild.160101.0800) ¦ IntegrityLevel: High ¦ OriginalFileName: net.exe ¦ ParentImage: C:\Windows\System32\cmd.exe ¦ RuleName: - ¦ TerminalSessionId: 1 ¦ UtcTime: 2025-12-22 13:21:55.343","proc_creation_win_net_execution.yml","6be034ef-d875-01a8-3667-a9e297d1df79","C:\Tools\Logs\art_1016.evtx"
"2025-12-22 14:22:24.517 +01:00","Net.EXE Execution","low","DESKTOP-G2OBL3D","Sysmon",1,"Disc ¦ LatMov","T1007 ¦ T1049 ¦ T1018 ¦ T1135 ¦ T1201 ¦ T1069.001 ¦ T1069.002 ¦ T1087.001 ¦ T1087.002 ¦ T1021.002 ¦ S0039","detection.threat-hunting ¦ sysmon",166838,"Cmdline: net share ¦ Proc: C:\Windows\System32\net.exe ¦ User: DESKTOP-G2OBL3D\student ¦ ParentCmdline: ""cmd.exe"" /c ""C:\AtomicRedTeam\atomics\T1016\src\qakbot.bat"" ¦ LID: 0x18dcf ¦ LGUID: E9F06A57-0DF8-6949-CF8D-010000000000 ¦ PID: 8332 ¦ PGUID: E9F06A57-4610-6949-1B06-000000002100 ¦ ParentPID: 9680 ¦ ParentPGUID: E9F06A57-45F3-6949-1206-000000002100 ¦ Description: Net Command ¦ Product: Microsoft® Windows® Operating System ¦ Company: Microsoft Corporation ¦ Hashes: MD5=0E6C2EDA203E61C8AB3B5FAF6E3F49A7,SHA256=63A96F43EB673FD465A4238E3A2BBFE5273B858D806A58375BA1520CE097CDF4,IMPHASH=EF46B86C2346DA0A991DE4B78AAF4E75","CurrentDirectory: C:\Users\student\AppData\Local\Temp\ ¦ FileVersion: 10.0.26100.1882 (WinBuild.160101.0800) ¦ IntegrityLevel: High ¦ OriginalFileName: net.exe ¦ ParentImage: C:\Windows\System32\cmd.exe ¦ RuleName: - ¦ TerminalSessionId: 1 ¦ UtcTime: 2025-12-22 13:22:24.513","proc_creation_win_net_execution.yml","6be034ef-d875-01a8-3667-a9e297d1df79","C:\Tools\Logs\art_1016.evtx"
"2025-12-22 14:22:24.535 +01:00","Net.EXE Execution","low","DESKTOP-G2OBL3D","Sysmon",1,"Disc ¦ LatMov","T1007 ¦ T1049 ¦ T1018 ¦ T1135 ¦ T1201 ¦ T1069.001 ¦ T1069.002 ¦ T1087.001 ¦ T1087.002 ¦ T1021.002 ¦ S0039","detection.threat-hunting ¦ sysmon",166839,"Cmdline: C:\WINDOWS\system32\net1 share ¦ Proc: C:\Windows\System32\net1.exe ¦ User: DESKTOP-G2OBL3D\student ¦ ParentCmdline: net share ¦ LID: 0x18dcf ¦ LGUID: E9F06A57-0DF8-6949-CF8D-010000000000 ¦ PID: 10852 ¦ PGUID: E9F06A57-4610-6949-1C06-000000002100 ¦ ParentPID: 8332 ¦ ParentPGUID: E9F06A57-4610-6949-1B06-000000002100 ¦ Description: Net Command ¦ Product: Microsoft® Windows® Operating System ¦ Company: Microsoft Corporation ¦ Hashes: MD5=12293EDB07AB8B4D92BAF4BEBFD7A9D8,SHA256=15E3429ECCE48FC6AB66371D040F4C40FB961F2CED4C7D40942279B19DEFE8C7,IMPHASH=98A56655C7E54BCE7F55B3F01AB5B07E","CurrentDirectory: C:\Users\student\AppData\Local\Temp\ ¦ FileVersion: 10.0.26100.1150 (WinBuild.160101.0800) ¦ IntegrityLevel: High ¦ OriginalFileName: net1.exe ¦ ParentImage: C:\Windows\System32\net.exe ¦ RuleName: - ¦ TerminalSessionId: 1 ¦ UtcTime: 2025-12-22 13:22:24.532","proc_creation_win_net_execution.yml","6be034ef-d875-01a8-3667-a9e297d1df79","C:\Tools\Logs\art_1016.evtx"
"2025-12-22 14:22:24.706 +01:00","Net.EXE Execution","low","DESKTOP-G2OBL3D","Sysmon",1,"Disc ¦ LatMov","T1007 ¦ T1049 ¦ T1018 ¦ T1135 ¦ T1201 ¦ T1069.001 ¦ T1069.002 ¦ T1087.001 ¦ T1087.002 ¦ T1021.002 ¦ S0039","detection.threat-hunting ¦ sysmon",166842,"Cmdline: net localgroup ¦ Proc: C:\Windows\System32\net.exe ¦ User: DESKTOP-G2OBL3D\student ¦ ParentCmdline: ""cmd.exe"" /c ""C:\AtomicRedTeam\atomics\T1016\src\qakbot.bat"" ¦ LID: 0x18dcf ¦ LGUID: E9F06A57-0DF8-6949-CF8D-010000000000 ¦ PID: 3944 ¦ PGUID: E9F06A57-4610-6949-1F06-000000002100 ¦ ParentPID: 9680 ¦ ParentPGUID: E9F06A57-45F3-6949-1206-000000002100 ¦ Description: Net Command ¦ Product: Microsoft® Windows® Operating System ¦ Company: Microsoft Corporation ¦ Hashes: MD5=0E6C2EDA203E61C8AB3B5FAF6E3F49A7,SHA256=63A96F43EB673FD465A4238E3A2BBFE5273B858D806A58375BA1520CE097CDF4,IMPHASH=EF46B86C2346DA0A991DE4B78AAF4E75","CurrentDirectory: C:\Users\student\AppData\Local\Temp\ ¦ FileVersion: 10.0.26100.1882 (WinBuild.160101.0800) ¦ IntegrityLevel: High ¦ OriginalFileName: net.exe ¦ ParentImage: C:\Windows\System32\cmd.exe ¦ RuleName: - ¦ TerminalSessionId: 1 ¦ UtcTime: 2025-12-22 13:22:24.701","proc_creation_win_net_execution.yml","6be034ef-d875-01a8-3667-a9e297d1df79","C:\Tools\Logs\art_1016.evtx"
"2025-12-22 14:22:24.721 +01:00","Net.EXE Execution","low","DESKTOP-G2OBL3D","Sysmon",1,"Disc ¦ LatMov","T1007 ¦ T1049 ¦ T1018 ¦ T1135 ¦ T1201 ¦ T1069.001 ¦ T1069.002 ¦ T1087.001 ¦ T1087.002 ¦ T1021.002 ¦ S0039","detection.threat-hunting ¦ sysmon",166843,"Cmdline: C:\WINDOWS\system32\net1 localgroup ¦ Proc: C:\Windows\System32\net1.exe ¦ User: DESKTOP-G2OBL3D\student ¦ ParentCmdline: net localgroup ¦ LID: 0x18dcf ¦ LGUID: E9F06A57-0DF8-6949-CF8D-010000000000 ¦ PID: 10092 ¦ PGUID: E9F06A57-4610-6949-2006-000000002100 ¦ ParentPID: 3944 ¦ ParentPGUID: E9F06A57-4610-6949-1F06-000000002100 ¦ Description: Net Command ¦ Product: Microsoft® Windows® Operating System ¦ Company: Microsoft Corporation ¦ Hashes: MD5=12293EDB07AB8B4D92BAF4BEBFD7A9D8,SHA256=15E3429ECCE48FC6AB66371D040F4C40FB961F2CED4C7D40942279B19DEFE8C7,IMPHASH=98A56655C7E54BCE7F55B3F01AB5B07E","CurrentDirectory: C:\Users\student\AppData\Local\Temp\ ¦ FileVersion: 10.0.26100.1150 (WinBuild.160101.0800) ¦ IntegrityLevel: High ¦ OriginalFileName: net1.exe ¦ ParentImage: C:\Windows\System32\net.exe ¦ RuleName: - ¦ TerminalSessionId: 1 ¦ UtcTime: 2025-12-22 13:22:24.717","proc_creation_win_net_execution.yml","6be034ef-d875-01a8-3667-a9e297d1df79","C:\Tools\Logs\art_1016.evtx"
