** Alert 1757863498.0: - sca,gdpr_IV_35.7.d,pci_dss_2.2,nist_800_53_CM.1,tsc_CC7.1,tsc_CC7.2,
2025 Sep 14 17:24:58 student-virtual-machine->sca
Rule: 19007 (level 7) -> 'CIS Ubuntu Linux 22.04 LTS Benchmark v2.0.0.: Ensure /tmp is a separate partition.'
{"type":"check","id":380680914,"policy":"CIS Ubuntu Linux 22.04 LTS Benchmark v2.0.0.","policy_id":"cis_ubuntu22-04","check":{"id":28500,"title":"Ensure /tmp is a separate partition.","description":"The /tmp directory is a world-writable directory used for temporary storage by all users and some applications. - IF - an entry for /tmp exists in /etc/fstab it will take precedence over entries in systemd default unit file. Note: In an environment where the main system is diskless and connected to iSCSI, entries in /etc/fstab may not take precedence. /tmp can be configured to use tmpfs. tmpfs puts everything into the kernel internal caches and grows and shrinks to accommodate the files it contains and is able to swap unneeded pages out to swap space. It has maximum size limits which can be adjusted on the fly via mount -o remount. Since tmpfs lives completely in the page cache and on swap, all tmpfs pages will be shown as \"Shmem\" in /proc/meminfo and \"Shared\" in free. Notice that these counters also include shared memory. The most reliable way to get the count is using df and du. tmpfs has three mount options for sizing: - size: The limit of allocated bytes for this tmpfs instance. The default is half of your physical RAM without swap. If you oversize your tmpfs instances the machine will deadlock since the OOM handler will not be able to free that memory. - nr_blocks: The same as size, but in blocks of PAGE_SIZE. - nr_inodes: The maximum number of inodes for this instance. The default is half of the number of your physical RAM pages, or (on a machine with highmem) the number of lowmem RAM pages, whichever is the lower. These parameters accept a suffix k, m or g and can be changed on remount. The size parameter also accepts a suffix % to limit this tmpfs instance to that percentage of your physical RAM. The default, when neither size nor nr_blocks is specified, is size=50%. Internal Only - General.","rationale":"Making /tmp its own file system allows an administrator to set additional mount options such as the noexec option on the mount, making /tmp useless for an attacker to install executable code. It would also prevent an attacker from establishing a hard link to a system setuid program and wait for it to be updated. Once the program was updated, the hard link would be broken, and the attacker would have his own copy of the program. If the program happened to have a security vulnerability, the attacker could continue to exploit the known flaw. This can be accomplished by either mounting tmpfs to /tmp, or creating a separate partition for /tmp.","remediation":"First ensure that systemd is correctly configured to ensure that /tmp will be mounted at boot time. # systemctl unmask tmp.mount For specific configuration requirements of the /tmp mount for your environment, modify /etc/fstab. Example of using tmpfs with specific mount options: tmpfs /tmp 0 tmpfs defaults,rw,nosuid,nodev,noexec,relatime,size=2G 0 Note: the size=2G is an example of setting a specific size for tmpfs. Example of using a volume or disk with specific mount options. The source location of the volume or disk will vary depending on your environment: <device> /tmp <fstype> defaults,nodev,nosuid,noexec 0 0.","compliance":{"cis":"1.1.2.1.1","cis_csc_v8":"4.8","cis_csc_v7":"9.2","cmmc_v2.0":"CM.L2-3.4.7,CM.L2-3.4.8,SC.L2-3.13.6","iso_27001-2013":"A.13.1.3","mitre_mitigations":"M1022","mitre_tactics":"TA0005","mitre_techniques":"T1499,T1499.001","pci_dss_v3.2.1":"1.1.6,1.2.1,2.2.2,2.2.5","pci_dss_v4.0":"1.2.5,2.2.4,6.4.1","soc_2":"CC6.3,CC6.6"},"rules":["c:findmnt -kn /tmp -> r:\\s*/tmp\\s","c:systemctl is-enabled tmp.mount -> !r:masked|disabled"],"condition":"all","references":"https://www.freedesktop.org/wiki/Software/systemd/APIFileSystems/,https://www.freedesktop.org/software/systemd/man/systemd-fstab-generator.html,https://www.kernel.org/doc/Documentation/filesystems/tmpfs.txt","command":"findmnt -kn /tmp","result":"failed"}}
sca.type: check
sca.scan_id: 380680914
sca.policy: CIS Ubuntu Linux 22.04 LTS Benchmark v2.0.0.
sca.check.id: 28500
sca.check.title: Ensure /tmp is a separate partition.
sca.check.description: The /tmp directory is a world-writable directory used for temporary storage by all users and some applications. - IF - an entry for /tmp exists in /etc/fstab it will take precedence over entries in systemd default unit file. Note: In an environment where the main system is diskless and connected to iSCSI, entries in /etc/fstab may not take precedence. /tmp can be configured to use tmpfs. tmpfs puts everything into the kernel internal caches and grows and shrinks to accommodate the files it contains and is able to swap unneeded pages out to swap space. It has maximum size limits which can be adjusted on the fly via mount -o remount. Since tmpfs lives completely in the page cache and on swap, all tmpfs pages will be shown as "Shmem" in /proc/meminfo and "Shared" in free. Notice that these counters also include shared memory. The most reliable way to get the count is using df and du. tmpfs has three mount options for sizing: - size: The limit of allocated bytes for this tmpfs instance. The default is half of your physical RAM without swap. If you oversize your tmpfs instances the machine will deadlock since the OOM handler will not be able to free that memory. - nr_blocks: The same as size, but in blocks of PAGE_SIZE. - nr_inodes: The maximum number of inodes for this instance. The default is half of the number of your physical RAM pages, or (on a machine with highmem) the number of lowmem RAM pages, whichever is the lower. These parameters accept a suffix k, m or g and can be changed on remount. The size parameter also accepts a suffix % to limit this tmpfs instance to that percentage of your physical RAM. The default, when neither size nor nr_blocks is specified, is size=50%. Internal Only - General.
sca.check.rationale: Making /tmp its own file system allows an administrator to set additional mount options such as the noexec option on the mount, making /tmp useless for an attacker to install executable code. It would also prevent an attacker from establishing a hard link to a system setuid program and wait for it to be updated. Once the program was updated, the hard link would be broken, and the attacker would have his own copy of the program. If the program happened to have a security vulnerability, the attacker could continue to exploit the known flaw. This can be accomplished by either mounting tmpfs to /tmp, or creating a separate partition for /tmp.
sca.check.remediation: First ensure that systemd is correctly configured to ensure that /tmp will be mounted at boot time. # systemctl unmask tmp.mount For specific configuration requirements of the /tmp mount for your environment, modify /etc/fstab. Example of using tmpfs with specific mount options: tmpfs /tmp 0 tmpfs defaults,rw,nosuid,nodev,noexec,relatime,size=2G 0 Note: the size=2G is an example of setting a specific size for tmpfs. Example of using a volume or disk with specific mount options. The source location of the volume or disk will vary depending on your environment: <device> /tmp <fstype> defaults,nodev,nosuid,noexec 0 0.
sca.check.compliance.cis: 1.1.2.1.1
sca.check.compliance.cis_csc_v8: 4.8
sca.check.compliance.cis_csc_v7: 9.2
sca.check.compliance.cmmc_v2.0: CM.L2-3.4.7,CM.L2-3.4.8,SC.L2-3.13.6
sca.check.compliance.iso_27001-2013: A.13.1.3
sca.check.compliance.mitre_mitigations: M1022
sca.check.compliance.mitre_tactics: TA0005
sca.check.compliance.mitre_techniques: T1499,T1499.001
sca.check.compliance.pci_dss_v3.2.1: 1.1.6,1.2.1,2.2.2,2.2.5
sca.check.compliance.pci_dss_v4.0: 1.2.5,2.2.4,6.4.1
sca.check.compliance.soc_2: CC6.3,CC6.6
sca.check.references: https://www.freedesktop.org/wiki/Software/systemd/APIFileSystems/,https://www.freedesktop.org/software/systemd/man/systemd-fstab-generator.html,https://www.kernel.org/doc/Documentation/filesystems/tmpfs.txt
sca.check.command: ["findmnt -kn /tmp"]
sca.check.result: failed

** Alert 1757863498.8275: - sca,gdpr_IV_35.7.d,pci_dss_2.2,nist_800_53_CM.1,tsc_CC7.1,tsc_CC7.2,
2025 Sep 14 17:24:58 student-virtual-machine->sca
Rule: 19007 (level 7) -> 'CIS Ubuntu Linux 22.04 LTS Benchmark v2.0.0.: Ensure nodev option set on /tmp partition.'
{"type":"check","id":380680914,"policy":"CIS Ubuntu Linux 22.04 LTS Benchmark v2.0.0.","policy_id":"cis_ubuntu22-04","check":{"id":28501,"title":"Ensure nodev option set on /tmp partition.","description":"The nodev mount option specifies that the filesystem cannot contain special devices.","rationale":"Since the /tmp filesystem is not intended to support devices, set this option to ensure that users cannot create a block or character special devices in /tmp.","remediation":"- IF - a separate partition exists for /tmp. Edit the /etc/fstab file and add nodev to the fourth field (mounting options) for the /tmp partition. Example: <device> /tmp <fstype> defaults,rw,nosuid,nodev,noexec,relatime 0 0 Run the following command to remount /tmp with the configured options: # mount -o remount /tmp.","compliance":{"cis":"1.1.2.1.2","cis_csc_v8":"4.8","cis_csc_v7":"9.2","cmmc_v2.0":"CM.L2-3.4.7,CM.L2-3.4.8,SC.L2-3.13.6","iso_27001-2013":"A.13.1.3","mitre_mitigations":"M1022","mitre_tactics":"TA0005","mitre_techniques":"T1200","pci_dss_v3.2.1":"1.1.6,1.2.1,2.2.2,2.2.5","pci_dss_v4.0":"1.2.5,2.2.4,6.4.1","soc_2":"CC6.3,CC6.6"},"rules":["c:findmnt -kn /tmp -> r:nodev"],"condition":"all","command":"findmnt -kn /tmp","result":"failed"}}
sca.type: check
sca.scan_id: 380680914
sca.policy: CIS Ubuntu Linux 22.04 LTS Benchmark v2.0.0.
sca.check.id: 28501
sca.check.title: Ensure nodev option set on /tmp partition.
sca.check.description: The nodev mount option specifies that the filesystem cannot contain special devices.
sca.check.rationale: Since the /tmp filesystem is not intended to support devices, set this option to ensure that users cannot create a block or character special devices in /tmp.
sca.check.remediation: - IF - a separate partition exists for /tmp. Edit the /etc/fstab file and add nodev to the fourth field (mounting options) for the /tmp partition. Example: <device> /tmp <fstype> defaults,rw,nosuid,nodev,noexec,relatime 0 0 Run the following command to remount /tmp with the configured options: # mount -o remount /tmp.
sca.check.compliance.cis: 1.1.2.1.2
sca.check.compliance.cis_csc_v8: 4.8
sca.check.compliance.cis_csc_v7: 9.2
sca.check.compliance.cmmc_v2.0: CM.L2-3.4.7,CM.L2-3.4.8,SC.L2-3.13.6
sca.check.compliance.iso_27001-2013: A.13.1.3
sca.check.compliance.mitre_mitigations: M1022
sca.check.compliance.mitre_tactics: TA0005
sca.check.compliance.mitre_techniques: T1200
sca.check.compliance.pci_dss_v3.2.1: 1.1.6,1.2.1,2.2.2,2.2.5
sca.check.compliance.pci_dss_v4.0: 1.2.5,2.2.4,6.4.1
sca.check.compliance.soc_2: CC6.3,CC6.6
sca.check.command: ["findmnt -kn /tmp"]
sca.check.result: failed

** Alert 1757863498.11163: - sca,gdpr_IV_35.7.d,pci_dss_2.2,nist_800_53_CM.1,tsc_CC7.1,tsc_CC7.2,
2025 Sep 14 17:24:58 student-virtual-machine->sca
Rule: 19007 (level 7) -> 'CIS Ubuntu Linux 22.04 LTS Benchmark v2.0.0.: Ensure noexec option set on /tmp partition.'
{"type":"check","id":380680914,"policy":"CIS Ubuntu Linux 22.04 LTS Benchmark v2.0.0.","policy_id":"cis_ubuntu22-04","check":{"id":28502,"title":"Ensure noexec option set on /tmp partition.","description":"The noexec mount option specifies that the filesystem cannot contain executable binaries.","rationale":"Since the /tmp filesystem is only intended for temporary file storage, set this option to ensure that users cannot run executable binaries from /tmp.","remediation":"- IF - a separate partition exists for /tmp. Edit the /etc/fstab file and add noexec to the fourth field (mounting options) for the /tmp partition. Example: <device> /tmp <fstype> defaults,rw,nosuid,nodev,noexec,relatime 0 0 Run the following command to remount /tmp with the configured options: # mount -o remount /tmp.","compliance":{"cis":"1.1.2.1.4","cis_csc_v8":"3.3","cis_csc_v7":"14.6","cmmc_v2.0":"AC.L1-3.1.1,AC.L1-3.1.2,AC.L2-3.1.3,AC.L2-3.1.5,MP.L2-3.8.2","hipaa":"164.308(a)(3)(i),164.308(a)(3)(ii)(A),164.312(a)(1)","iso_27001-2013":"A.9.1.1","mitre_mitigations":"M1022","mitre_tactics":"TA0005","mitre_techniques":"T1204,T1204.002","nist_sp_800-53":"AC-5,AC-6","pci_dss_v3.2.1":"7.1,7.1.1,7.1.2,7.1.3","pci_dss_v4.0":"1.3.1,7.1","soc_2":"CC5.2,CC6.1"},"rules":["c:findmnt -kn /tmp -> r:noexec"],"condition":"all","command":"findmnt -kn /tmp","result":"failed"}}
sca.type: check
sca.scan_id: 380680914
sca.policy: CIS Ubuntu Linux 22.04 LTS Benchmark v2.0.0.
sca.check.id: 28502
sca.check.title: Ensure noexec option set on /tmp partition.
sca.check.description: The noexec mount option specifies that the filesystem cannot contain executable binaries.
sca.check.rationale: Since the /tmp filesystem is only intended for temporary file storage, set this option to ensure that users cannot run executable binaries from /tmp.
sca.check.remediation: - IF - a separate partition exists for /tmp. Edit the /etc/fstab file and add noexec to the fourth field (mounting options) for the /tmp partition. Example: <device> /tmp <fstype> defaults,rw,nosuid,nodev,noexec,relatime 0 0 Run the following command to remount /tmp with the configured options: # mount -o remount /tmp.
sca.check.compliance.cis: 1.1.2.1.4
sca.check.compliance.cis_csc_v8: 3.3
sca.check.compliance.cis_csc_v7: 14.6
sca.check.compliance.cmmc_v2.0: AC.L1-3.1.1,AC.L1-3.1.2,AC.L2-3.1.3,AC.L2-3.1.5,MP.L2-3.8.2
sca.check.compliance.hipaa: 164.308(a)(3)(i),164.308(a)(3)(ii)(A),164.312(a)(1)
sca.check.compliance.iso_27001-2013: A.9.1.1
sca.check.compliance.mitre_mitigations: M1022
sca.check.compliance.mitre_tactics: TA0005
sca.check.compliance.mitre_techniques: T1204,T1204.002
sca.check.compliance.nist_sp_800-53: AC-5,AC-6
sca.check.compliance.pci_dss_v3.2.1: 7.1,7.1.1,7.1.2,7.1.3
sca.check.compliance.pci_dss_v4.0: 1.3.1,7.1
sca.check.compliance.soc_2: CC5.2,CC6.1
sca.check.command: ["findmnt -kn /tmp"]
sca.check.result: failed

** Alert 1757863498.14314: - sca,gdpr_IV_35.7.d,pci_dss_2.2,nist_800_53_CM.1,tsc_CC7.1,tsc_CC7.2,
2025 Sep 14 17:24:58 student-virtual-machine->sca
Rule: 19007 (level 7) -> 'CIS Ubuntu Linux 22.04 LTS Benchmark v2.0.0.: Ensure nosuid option set on /tmp partition.'
{"type":"check","id":380680914,"policy":"CIS Ubuntu Linux 22.04 LTS Benchmark v2.0.0.","policy_id":"cis_ubuntu22-04","check":{"id":28503,"title":"Ensure nosuid option set on /tmp partition.","description":"The nosuid mount option specifies that the filesystem cannot contain setuid files.","rationale":"Since the /tmp filesystem is only intended for temporary file storage, set this option to ensure that users cannot create setuid files in /tmp.","remediation":"- IF - a separate partition exists for /tmp. Edit the /etc/fstab file and add nosuid to the fourth field (mounting options) for the /tmp partition. Example: <device> /tmp <fstype> defaults,rw,nosuid,nodev,noexec,relatime 0 0 Run the following command to remount /tmp with the configured options: # mount -o remount /tmp.","compliance":{"cis":"1.1.2.1.3","cis_csc_v8":"3.3","cis_csc_v7":"14.6","cmmc_v2.0":"AC.L1-3.1.1,AC.L1-3.1.2,AC.L2-3.1.3,AC.L2-3.1.5,MP.L2-3.8.2","hipaa":"164.308(a)(3)(i),164.308(a)(3)(ii)(A),164.312(a)(1)","iso_27001-2013":"A.9.1.1","mitre_mitigations":"M1022","mitre_tactics":"TA0005","mitre_techniques":"T1548,T1548.001","nist_sp_800-53":"AC-5,AC-6","pci_dss_v3.2.1":"7.1,7.1.1,7.1.2,7.1.3","pci_dss_v4.0":"1.3.1,7.1","soc_2":"CC5.2,CC6.1"},"rules":["c:findmnt -kn /tmp -> r:nosuid"],"condition":"all","command":"findmnt -kn /tmp","result":"failed"}}
sca.type: check
sca.scan_id: 380680914
sca.policy: CIS Ubuntu Linux 22.04 LTS Benchmark v2.0.0.
sca.check.id: 28503
sca.check.title: Ensure nosuid option set on /tmp partition.
sca.check.description: The nosuid mount option specifies that the filesystem cannot contain setuid files.
sca.check.rationale: Since the /tmp filesystem is only intended for temporary file storage, set this option to ensure that users cannot create setuid files in /tmp.
sca.check.remediation: - IF - a separate partition exists for /tmp. Edit the /etc/fstab file and add nosuid to the fourth field (mounting options) for the /tmp partition. Example: <device> /tmp <fstype> defaults,rw,nosuid,nodev,noexec,relatime 0 0 Run the following command to remount /tmp with the configured options: # mount -o remount /tmp.
sca.check.compliance.cis: 1.1.2.1.3
sca.check.compliance.cis_csc_v8: 3.3
sca.check.compliance.cis_csc_v7: 14.6
sca.check.compliance.cmmc_v2.0: AC.L1-3.1.1,AC.L1-3.1.2,AC.L2-3.1.3,AC.L2-3.1.5,MP.L2-3.8.2
sca.check.compliance.hipaa: 164.308(a)(3)(i),164.308(a)(3)(ii)(A),164.312(a)(1)
sca.check.compliance.iso_27001-2013: A.9.1.1
sca.check.compliance.mitre_mitigations: M1022
sca.check.compliance.mitre_tactics: TA0005
sca.check.compliance.mitre_techniques: T1548,T1548.001
sca.check.compliance.nist_sp_800-53: AC-5,AC-6
sca.check.compliance.pci_dss_v3.2.1: 7.1,7.1.1,7.1.2,7.1.3
sca.check.compliance.pci_dss_v4.0: 1.3.1,7.1
sca.check.compliance.soc_2: CC5.2,CC6.1
sca.check.command: ["findmnt -kn /tmp"]
sca.check.result: failed

** Alert 1757863498.17439: - sca,gdpr_IV_35.7.d,pci_dss_2.2,nist_800_53_CM.1,tsc_CC7.1,tsc_CC7.2,
2025 Sep 14 17:24:58 student-virtual-machine->sca
Rule: 19007 (level 7) -> 'CIS Ubuntu Linux 22.04 LTS Benchmark v2.0.0.: Ensure separate partition exists for /var.'
{"type":"check","id":380680914,"policy":"CIS Ubuntu Linux 22.04 LTS Benchmark v2.0.0.","policy_id":"cis_ubuntu22-04","check":{"id":28504,"title":"Ensure separate partition exists for /var.","description":"The /var directory is used by daemons and other system services to temporarily store dynamic data. Some directories created by these processes may be world-writable.","rationale":"The reasoning for mounting /var on a separate partition is as follows. The default installation only creates a single / partition. Since the /var directory may contain world-writable files and directories, there is a risk of resource exhaustion. It will essentially have the whole disk available to fill up and impact the system as a whole. In addition, other operations on the system could fill up the disk unrelated to /var and cause unintended behavior across the system as the disk is full. See man auditd.conf for details. Configuring /var as its own file system allows an administrator to set additional mount options such as noexec/nosuid/nodev. These options limits an attackers ability to create exploits on the system. Other options allow for specific behavior. See man mount for exact details regarding filesystem-independent and filesystem-specific options. An example of exploiting /var may be an attacker establishing a hard-link to a system setuid program and wait for it to be updated. Once the program was updated, the hard-link would be broken and the attacker would have his own copy of the program. If the program happened to have a security vulnerability, the attacker could continue to exploit the known flaw.","remediation":"For new installations, during installation create a custom partition setup and specify a separate partition for /var. For systems that were previously installed, create a new partition and configure /etc/fstab as appropriate.","compliance":{"cis":"1.1.2.4.1","cis_csc_v8":"3.3","cis_csc_v7":"14.6","cmmc_v2.0":"AC.L1-3.1.1,AC.L1-3.1.2,AC.L2-3.1.3,AC.L2-3.1.5,MP.L2-3.8.2","hipaa":"164.308(a)(3)(i),164.308(a)(3)(ii)(A),164.312(a)(1)","iso_27001-2013":"A.9.1.1","mitre_mitigations":"M1022","mitre_tactics":"TA0006","mitre_techniques":"T1499,T1499.001","nist_sp_800-53":"AC-5,AC-6","pci_dss_v3.2.1":"7.1,7.1.1,7.1.2,7.1.3","pci_dss_v4.0":"1.3.1,7.1","soc_2":"CC5.2,CC6.1"},"rules":["c:findmnt -kn /var -> r:\\s*/var\\s"],"condition":"all","references":"http://tldp.org/HOWTO/LVM-HOWTO/","command":"findmnt -kn /var","result":"failed"}}
sca.type: check
sca.scan_id: 380680914
sca.policy: CIS Ubuntu Linux 22.04 LTS Benchmark v2.0.0.
sca.check.id: 28504
sca.check.title: Ensure separate partition exists for /var.
sca.check.description: The /var directory is used by daemons and other system services to temporarily store dynamic data. Some directories created by these processes may be world-writable.
sca.check.rationale: The reasoning for mounting /var on a separate partition is as follows. The default installation only creates a single / partition. Since the /var directory may contain world-writable files and directories, there is a risk of resource exhaustion. It will essentially have the whole disk available to fill up and impact the system as a whole. In addition, other operations on the system could fill up the disk unrelated to /var and cause unintended behavior across the system as the disk is full. See man auditd.conf for details. Configuring /var as its own file system allows an administrator to set additional mount options such as noexec/nosuid/nodev. These options limits an attackers ability to create exploits on the system. Other options allow for specific behavior. See man mount for exact details regarding filesystem-independent and filesystem-specific options. An example of exploiting /var may be an attacker establishing a hard-link to a system setuid program and wait for it to be updated. Once the program was updated, the hard-link would be broken and the attacker would have his own copy of the program. If the program happened to have a security vulnerability, the attacker could continue to exploit the known flaw.
sca.check.remediation: For new installations, during installation create a custom partition setup and specify a separate partition for /var. For systems that were previously installed, create a new partition and configure /etc/fstab as appropriate.
sca.check.compliance.cis: 1.1.2.4.1
sca.check.compliance.cis_csc_v8: 3.3
sca.check.compliance.cis_csc_v7: 14.6
sca.check.compliance.cmmc_v2.0: AC.L1-3.1.1,AC.L1-3.1.2,AC.L2-3.1.3,AC.L2-3.1.5,MP.L2-3.8.2
sca.check.compliance.hipaa: 164.308(a)(3)(i),164.308(a)(3)(ii)(A),164.312(a)(1)
sca.check.compliance.iso_27001-2013: A.9.1.1
sca.check.compliance.mitre_mitigations: M1022
sca.check.compliance.mitre_tactics: TA0006
sca.check.compliance.mitre_techniques: T1499,T1499.001
sca.check.compliance.nist_sp_800-53: AC-5,AC-6
sca.check.compliance.pci_dss_v3.2.1: 7.1,7.1.1,7.1.2,7.1.3
sca.check.compliance.pci_dss_v4.0: 1.3.1,7.1
sca.check.compliance.soc_2: CC5.2,CC6.1
sca.check.references: http://tldp.org/HOWTO/LVM-HOWTO/
sca.check.command: ["findmnt -kn /var"]
sca.check.result: failed

** Alert 1757863498.22821: - sca,gdpr_IV_35.7.d,pci_dss_2.2,nist_800_53_CM.1,tsc_CC7.1,tsc_CC7.2,
2025 Sep 14 17:24:58 student-virtual-machine->sca
Rule: 19007 (level 7) -> 'CIS Ubuntu Linux 22.04 LTS Benchmark v2.0.0.: Ensure nodev option set on /var partition.'
{"type":"check","id":380680914,"policy":"CIS Ubuntu Linux 22.04 LTS Benchmark v2.0.0.","policy_id":"cis_ubuntu22-04","check":{"id":28505,"title":"Ensure nodev option set on /var partition.","description":"The nodev mount option specifies that the filesystem cannot contain special devices.","rationale":"Since the /var filesystem is not intended to support devices, set this option to ensure that users cannot create a block or character special devices in /var.","remediation":"- IF - a separate partition exists for /var. Edit the /etc/fstab file and add nodev to the fourth field (mounting options) for the /var partition. Example: <device> /var <fstype> defaults,rw,nosuid,nodev,noexec,relatime 0 0 Run the following command to remount /var with the configured options: # mount -o remount /var.","compliance":{"cis":"1.1.2.4.2","cis_csc_v8":"3.3","cis_csc_v7":"14.6","cmmc_v2.0":"AC.L1-3.1.1,AC.L1-3.1.2,AC.L2-3.1.3,AC.L2-3.1.5,MP.L2-3.8.2","hipaa":"164.308(a)(3)(i),164.308(a)(3)(ii)(A),164.312(a)(1)","iso_27001-2013":"A.9.1.1","mitre_mitigations":"M1022","mitre_tactics":"TA0005","mitre_techniques":"T1200","nist_sp_800-53":"AC-5,AC-6","pci_dss_v3.2.1":"7.1,7.1.1,7.1.2,7.1.3","pci_dss_v4.0":"1.3.1,7.1","soc_2":"CC5.2,CC6.1"},"rules":["c:findmnt -kn /var -> r:nodev"],"condition":"all","command":"findmnt -kn /var","result":"failed"}}
sca.type: check
sca.scan_id: 380680914
sca.policy: CIS Ubuntu Linux 22.04 LTS Benchmark v2.0.0.
sca.check.id: 28505
sca.check.title: Ensure nodev option set on /var partition.
sca.check.description: The nodev mount option specifies that the filesystem cannot contain special devices.
sca.check.rationale: Since the /var filesystem is not intended to support devices, set this option to ensure that users cannot create a block or character special devices in /var.
sca.check.remediation: - IF - a separate partition exists for /var. Edit the /etc/fstab file and add nodev to the fourth field (mounting options) for the /var partition. Example: <device> /var <fstype> defaults,rw,nosuid,nodev,noexec,relatime 0 0 Run the following command to remount /var with the configured options: # mount -o remount /var.
sca.check.compliance.cis: 1.1.2.4.2
sca.check.compliance.cis_csc_v8: 3.3
sca.check.compliance.cis_csc_v7: 14.6
sca.check.compliance.cmmc_v2.0: AC.L1-3.1.1,AC.L1-3.1.2,AC.L2-3.1.3,AC.L2-3.1.5,MP.L2-3.8.2
sca.check.compliance.hipaa: 164.308(a)(3)(i),164.308(a)(3)(ii)(A),164.312(a)(1)
sca.check.compliance.iso_27001-2013: A.9.1.1
sca.check.compliance.mitre_mitigations: M1022
sca.check.compliance.mitre_tactics: TA0005
sca.check.compliance.mitre_techniques: T1200
sca.check.compliance.nist_sp_800-53: AC-5,AC-6
sca.check.compliance.pci_dss_v3.2.1: 7.1,7.1.1,7.1.2,7.1.3
sca.check.compliance.pci_dss_v4.0: 1.3.1,7.1
sca.check.compliance.soc_2: CC5.2,CC6.1
sca.check.command: ["findmnt -kn /var"]
sca.check.result: failed

** Alert 1757863498.25954: - sca,gdpr_IV_35.7.d,pci_dss_2.2,nist_800_53_CM.1,tsc_CC7.1,tsc_CC7.2,
2025 Sep 14 17:24:58 student-virtual-machine->sca
Rule: 19007 (level 7) -> 'CIS Ubuntu Linux 22.04 LTS Benchmark v2.0.0.: Ensure nosuid option set on /var partition.'
{"type":"check","id":380680914,"policy":"CIS Ubuntu Linux 22.04 LTS Benchmark v2.0.0.","policy_id":"cis_ubuntu22-04","check":{"id":28506,"title":"Ensure nosuid option set on /var partition.","description":"The nosuid mount option specifies that the filesystem cannot contain setuid files.","rationale":"Since the /var filesystem is only intended for variable files such as logs, set this option to ensure that users cannot create setuid files in /var.","remediation":"- IF - a separate partition exists for /var. Edit the /etc/fstab file and add nosuid to the fourth field (mounting options) for the /var partition. Example: <device> /var <fstype> defaults,rw,nosuid,nodev,noexec,relatime 0 0 Run the following command to remount /var with the configured options: # mount -o remount /var.","compliance":{"cis":"1.1.2.4.3","cis_csc_v8":"3.3","cis_csc_v7":"14.6","cmmc_v2.0":"AC.L1-3.1.1,AC.L1-3.1.2,AC.L2-3.1.3,AC.L2-3.1.5,MP.L2-3.8.2","hipaa":"164.308(a)(3)(i),164.308(a)(3)(ii)(A),164.312(a)(1)","iso_27001-2013":"A.9.1.1","mitre_mitigations":"M1022","mitre_tactics":"TA0005","mitre_techniques":"T1548,T1548.001","nist_sp_800-53":"AC-5,AC-6","pci_dss_v3.2.1":"7.1,7.1.1,7.1.2,7.1.3","pci_dss_v4.0":"1.3.1,7.1","soc_2":"CC5.2,CC6.1"},"rules":["c:findmnt -kn /var -> r:nosuid"],"condition":"all","command":"findmnt -kn /var","result":"failed"}}
sca.type: check
sca.scan_id: 380680914
sca.policy: CIS Ubuntu Linux 22.04 LTS Benchmark v2.0.0.
sca.check.id: 28506
sca.check.title: Ensure nosuid option set on /var partition.
sca.check.description: The nosuid mount option specifies that the filesystem cannot contain setuid files.
sca.check.rationale: Since the /var filesystem is only intended for variable files such as logs, set this option to ensure that users cannot create setuid files in /var.
sca.check.remediation: - IF - a separate partition exists for /var. Edit the /etc/fstab file and add nosuid to the fourth field (mounting options) for the /var partition. Example: <device> /var <fstype> defaults,rw,nosuid,nodev,noexec,relatime 0 0 Run the following command to remount /var with the configured options: # mount -o remount /var.
sca.check.compliance.cis: 1.1.2.4.3
sca.check.compliance.cis_csc_v8: 3.3
sca.check.compliance.cis_csc_v7: 14.6
sca.check.compliance.cmmc_v2.0: AC.L1-3.1.1,AC.L1-3.1.2,AC.L2-3.1.3,AC.L2-3.1.5,MP.L2-3.8.2
sca.check.compliance.hipaa: 164.308(a)(3)(i),164.308(a)(3)(ii)(A),164.312(a)(1)
sca.check.compliance.iso_27001-2013: A.9.1.1
sca.check.compliance.mitre_mitigations: M1022
sca.check.compliance.mitre_tactics: TA0005
sca.check.compliance.mitre_techniques: T1548,T1548.001
sca.check.compliance.nist_sp_800-53: AC-5,AC-6
sca.check.compliance.pci_dss_v3.2.1: 7.1,7.1.1,7.1.2,7.1.3
sca.check.compliance.pci_dss_v4.0: 1.3.1,7.1
sca.check.compliance.soc_2: CC5.2,CC6.1
sca.check.command: ["findmnt -kn /var"]
sca.check.result: failed

** Alert 1757863498.29089: - sca,gdpr_IV_35.7.d,pci_dss_2.2,nist_800_53_CM.1,tsc_CC7.1,tsc_CC7.2,
2025 Sep 14 17:24:58 student-virtual-machine->sca
Rule: 19007 (level 7) -> 'CIS Ubuntu Linux 22.04 LTS Benchmark v2.0.0.: Ensure separate partition exists for /var/tmp.'
{"type":"check","id":380680914,"policy":"CIS Ubuntu Linux 22.04 LTS Benchmark v2.0.0.","policy_id":"cis_ubuntu22-04","check":{"id":28507,"title":"Ensure separate partition exists for /var/tmp.","description":"The /var/tmp directory is a world-writable directory used for temporary storage by all users and some applications. Temporary files residing in /var/tmp are to be preserved between reboots.","rationale":"The default installation only creates a single / partition. Since the /var/tmp directory is world-writable, there is a risk of resource exhaustion. In addition, other operations on the system could fill up the disk unrelated to /var/tmp and cause potential disruption to daemons as the disk is full. Configuring /var/tmp as its own file system allows an administrator to set additional mount options such as noexec/nosuid/nodev. These options limits an attackers ability to create exploits on the system.","remediation":"For new installations, during installation create a custom partition setup and specify a separate partition for /var/tmp. For systems that were previously installed, create a new partition and configure /etc/fstab as appropriate. Internal Only - General.","compliance":{"cis":"1.1.2.5.1","cis_csc_v8":"3.3","cis_csc_v7":"14.6","cmmc_v2.0":"AC.L1-3.1.1,AC.L1-3.1.2,AC.L2-3.1.3,AC.L2-3.1.5,MP.L2-3.8.2","hipaa":"164.308(a)(3)(i),164.308(a)(3)(ii)(A),164.312(a)(1)","iso_27001-2013":"A.9.1.1","mitre_mitigations":"M1022","mitre_tactics":"TA0005","mitre_techniques":"T1499,T1499.001","nist_sp_800-53":"AC-5,AC-6","pci_dss_v3.2.1":"7.1,7.1.1,7.1.2,7.1.3","pci_dss_v4.0":"1.3.1,7.1","soc_2":"CC5.2,CC6.1"},"rules":["c:findmnt -kn /var/tmp -> r:\\s*/var/tmp\\s"],"condition":"all","references":"http://tldp.org/HOWTO/LVM-HOWTO/","command":"findmnt -kn /var/tmp","result":"failed"}}
sca.type: check
sca.scan_id: 380680914
sca.policy: CIS Ubuntu Linux 22.04 LTS Benchmark v2.0.0.
sca.check.id: 28507
sca.check.title: Ensure separate partition exists for /var/tmp.
sca.check.description: The /var/tmp directory is a world-writable directory used for temporary storage by all users and some applications. Temporary files residing in /var/tmp are to be preserved between reboots.
sca.check.rationale: The default installation only creates a single / partition. Since the /var/tmp directory is world-writable, there is a risk of resource exhaustion. In addition, other operations on the system could fill up the disk unrelated to /var/tmp and cause potential disruption to daemons as the disk is full. Configuring /var/tmp as its own file system allows an administrator to set additional mount options such as noexec/nosuid/nodev. These options limits an attackers ability to create exploits on the system.
sca.check.remediation: For new installations, during installation create a custom partition setup and specify a separate partition for /var/tmp. For systems that were previously installed, create a new partition and configure /etc/fstab as appropriate. Internal Only - General.
sca.check.compliance.cis: 1.1.2.5.1
sca.check.compliance.cis_csc_v8: 3.3
sca.check.compliance.cis_csc_v7: 14.6
sca.check.compliance.cmmc_v2.0: AC.L1-3.1.1,AC.L1-3.1.2,AC.L2-3.1.3,AC.L2-3.1.5,MP.L2-3.8.2
sca.check.compliance.hipaa: 164.308(a)(3)(i),164.308(a)(3)(ii)(A),164.312(a)(1)
sca.check.compliance.iso_27001-2013: A.9.1.1
sca.check.compliance.mitre_mitigations: M1022
sca.check.compliance.mitre_tactics: TA0005
sca.check.compliance.mitre_techniques: T1499,T1499.001
sca.check.compliance.nist_sp_800-53: AC-5,AC-6
sca.check.compliance.pci_dss_v3.2.1: 7.1,7.1.1,7.1.2,7.1.3
sca.check.compliance.pci_dss_v4.0: 1.3.1,7.1
sca.check.compliance.soc_2: CC5.2,CC6.1
sca.check.references: http://tldp.org/HOWTO/LVM-HOWTO/
sca.check.command: ["findmnt -kn /var/tmp"]
sca.check.result: failed

** Alert 1757863498.33151: - sca,gdpr_IV_35.7.d,pci_dss_2.2,nist_800_53_CM.1,tsc_CC7.1,tsc_CC7.2,
2025 Sep 14 17:24:58 student-virtual-machine->sca
Rule: 19007 (level 7) -> 'CIS Ubuntu Linux 22.04 LTS Benchmark v2.0.0.: Ensure noexec option set on /var/tmp partition.'
{"type":"check","id":380680914,"policy":"CIS Ubuntu Linux 22.04 LTS Benchmark v2.0.0.","policy_id":"cis_ubuntu22-04","check":{"id":28508,"title":"Ensure noexec option set on /var/tmp partition.","description":"The noexec mount option specifies that the filesystem cannot contain executable binaries.","rationale":"Since the /var/tmp filesystem is only intended for temporary file storage, set this option to ensure that users cannot run executable binaries from /var/tmp.","remediation":"- IF - a separate partition exists for /var/tmp. Edit the /etc/fstab file and add noexec to the fourth field (mounting options) for the /var/tmp partition. Example: <device> /var/tmp <fstype> defaults,rw,nosuid,nodev,noexec,relatime 0 0 Run the following command to remount /var/tmp with the configured options: # mount -o remount /var/tmp.","compliance":{"cis":"1.1.2.5.4","cis_csc_v8":"3.3","cis_csc_v7":"14.6","cmmc_v2.0":"AC.L1-3.1.1,AC.L1-3.1.2,AC.L2-3.1.3,AC.L2-3.1.5,MP.L2-3.8.2","hipaa":"164.308(a)(3)(i),164.308(a)(3)(ii)(A),164.312(a)(1)","iso_27001-2013":"A.9.1.1","mitre_mitigations":"M1022","mitre_tactics":"TA0005","mitre_techniques":"T1204,T1204.002","nist_sp_800-53":"AC-5,AC-6","pci_dss_v3.2.1":"7.1,7.1.1,7.1.2,7.1.3","pci_dss_v4.0":"1.3.1,7.1","soc_2":"CC5.2,CC6.1"},"rules":["c:findmnt -kn /var/tmp -> r:noexec"],"condition":"all","command":"findmnt -kn /var/tmp","result":"failed"}}
sca.type: check
sca.scan_id: 380680914
sca.policy: CIS Ubuntu Linux 22.04 LTS Benchmark v2.0.0.
sca.check.id: 28508
sca.check.title: Ensure noexec option set on /var/tmp partition.
sca.check.description: The noexec mount option specifies that the filesystem cannot contain executable binaries.
sca.check.rationale: Since the /var/tmp filesystem is only intended for temporary file storage, set this option to ensure that users cannot run executable binaries from /var/tmp.
sca.check.remediation: - IF - a separate partition exists for /var/tmp. Edit the /etc/fstab file and add noexec to the fourth field (mounting options) for the /var/tmp partition. Example: <device> /var/tmp <fstype> defaults,rw,nosuid,nodev,noexec,relatime 0 0 Run the following command to remount /var/tmp with the configured options: # mount -o remount /var/tmp.
sca.check.compliance.cis: 1.1.2.5.4
sca.check.compliance.cis_csc_v8: 3.3
sca.check.compliance.cis_csc_v7: 14.6
sca.check.compliance.cmmc_v2.0: AC.L1-3.1.1,AC.L1-3.1.2,AC.L2-3.1.3,AC.L2-3.1.5,MP.L2-3.8.2
sca.check.compliance.hipaa: 164.308(a)(3)(i),164.308(a)(3)(ii)(A),164.312(a)(1)
sca.check.compliance.iso_27001-2013: A.9.1.1
sca.check.compliance.mitre_mitigations: M1022
sca.check.compliance.mitre_tactics: TA0005
sca.check.compliance.mitre_techniques: T1204,T1204.002
sca.check.compliance.nist_sp_800-53: AC-5,AC-6
sca.check.compliance.pci_dss_v3.2.1: 7.1,7.1.1,7.1.2,7.1.3
sca.check.compliance.pci_dss_v4.0: 1.3.1,7.1
sca.check.compliance.soc_2: CC5.2,CC6.1
sca.check.command: ["findmnt -kn /var/tmp"]
sca.check.result: failed

** Alert 1757863498.36382: - sca,gdpr_IV_35.7.d,pci_dss_2.2,nist_800_53_CM.1,tsc_CC7.1,tsc_CC7.2,
2025 Sep 14 17:24:58 student-virtual-machine->sca
Rule: 19007 (level 7) -> 'CIS Ubuntu Linux 22.04 LTS Benchmark v2.0.0.: Ensure nosuid option set on /var/tmp partition.'
{"type":"check","id":380680914,"policy":"CIS Ubuntu Linux 22.04 LTS Benchmark v2.0.0.","policy_id":"cis_ubuntu22-04","check":{"id":28509,"title":"Ensure nosuid option set on /var/tmp partition.","description":"The nosuid mount option specifies that the filesystem cannot contain setuid files.","rationale":"Since the /var/tmp filesystem is only intended for temporary file storage, set this option to ensure that users cannot create setuid files in /var/tmp.","remediation":"- IF - a separate partition exists for /var/tmp. Edit the /etc/fstab file and add nosuid to the fourth field (mounting options) for the /var/tmp partition. Example: <device> /var/tmp <fstype> defaults,rw,nosuid,nodev,noexec,relatime 0 0 Run the following command to remount /var/tmp with the configured options: # mount -o remount /var/tmp.","compliance":{"cis":"1.1.2.5.3","cis_csc_v8":"3.3","cis_csc_v7":"14.6","cmmc_v2.0":"AC.L1-3.1.1,AC.L1-3.1.2,AC.L2-3.1.3,AC.L2-3.1.5,MP.L2-3.8.2","hipaa":"164.308(a)(3)(i),164.308(a)(3)(ii)(A),164.312(a)(1)","iso_27001-2013":"A.9.1.1","mitre_mitigations":"M1022","mitre_tactics":"TA0005","mitre_techniques":"T1548,T1548.001","nist_sp_800-53":"AC-5,AC-6","pci_dss_v3.2.1":"7.1,7.1.1,7.1.2,7.1.3","pci_dss_v4.0":"1.3.1,7.1","soc_2":"CC5.2,CC6.1"},"rules":["c:findmnt -kn /var/tmp -> r:nosuid"],"condition":"all","command":"findmnt -kn /var/tmp","result":"failed"}}
sca.type: check
sca.scan_id: 380680914
sca.policy: CIS Ubuntu Linux 22.04 LTS Benchmark v2.0.0.
sca.check.id: 28509
sca.check.title: Ensure nosuid option set on /var/tmp partition.
sca.check.description: The nosuid mount option specifies that the filesystem cannot contain setuid files.
sca.check.rationale: Since the /var/tmp filesystem is only intended for temporary file storage, set this option to ensure that users cannot create setuid files in /var/tmp.
sca.check.remediation: - IF - a separate partition exists for /var/tmp. Edit the /etc/fstab file and add nosuid to the fourth field (mounting options) for the /var/tmp partition. Example: <device> /var/tmp <fstype> defaults,rw,nosuid,nodev,noexec,relatime 0 0 Run the following command to remount /var/tmp with the configured options: # mount -o remount /var/tmp.
sca.check.compliance.cis: 1.1.2.5.3
sca.check.compliance.cis_csc_v8: 3.3
sca.check.compliance.cis_csc_v7: 14.6
sca.check.compliance.cmmc_v2.0: AC.L1-3.1.1,AC.L1-3.1.2,AC.L2-3.1.3,AC.L2-3.1.5,MP.L2-3.8.2
sca.check.compliance.hipaa: 164.308(a)(3)(i),164.308(a)(3)(ii)(A),164.312(a)(1)
sca.check.compliance.iso_27001-2013: A.9.1.1
sca.check.compliance.mitre_mitigations: M1022
sca.check.compliance.mitre_tactics: TA0005
sca.check.compliance.mitre_techniques: T1548,T1548.001
sca.check.compliance.nist_sp_800-53: AC-5,AC-6
sca.check.compliance.pci_dss_v3.2.1: 7.1,7.1.1,7.1.2,7.1.3
sca.check.compliance.pci_dss_v4.0: 1.3.1,7.1
sca.check.compliance.soc_2: CC5.2,CC6.1
sca.check.command: ["findmnt -kn /var/tmp"]
sca.check.result: failed

** Alert 1757863498.39587: - sca,gdpr_IV_35.7.d,pci_dss_2.2,nist_800_53_CM.1,tsc_CC7.1,tsc_CC7.2,
2025 Sep 14 17:24:58 student-virtual-machine->sca
Rule: 19007 (level 7) -> 'CIS Ubuntu Linux 22.04 LTS Benchmark v2.0.0.: Ensure nodev option set on /var/tmp partition.'
{"type":"check","id":380680914,"policy":"CIS Ubuntu Linux 22.04 LTS Benchmark v2.0.0.","policy_id":"cis_ubuntu22-04","check":{"id":28510,"title":"Ensure nodev option set on /var/tmp partition.","description":"The nodev mount option specifies that the filesystem cannot contain special devices.","rationale":"Since the /var/tmp filesystem is not intended to support devices, set this option to ensure that users cannot create a block or character special devices in /var/tmp.","remediation":"- IF - a separate partition exists for /var/tmp. Edit the /etc/fstab file and add nodev to the fourth field (mounting options) for the /var/tmp partition. Example: <device> /var/tmp <fstype> defaults,rw,nosuid,nodev,noexec,relatime 0 0 Run the following command to remount /var/tmp with the configured options: # mount -o remount /var/tmp.","compliance":{"cis":"1.1.2.5.2","cis_csc_v8":"3.3","cis_csc_v7":"14.6","cmmc_v2.0":"AC.L1-3.1.1,AC.L1-3.1.2,AC.L2-3.1.3,AC.L2-3.1.5,MP.L2-3.8.2","hipaa":"164.308(a)(3)(i),164.308(a)(3)(ii)(A),164.312(a)(1)","iso_27001-2013":"A.9.1.1","mitre_mitigations":"M1022","mitre_tactics":"TA0005","mitre_techniques":"T1499,T1499.001","nist_sp_800-53":"AC-5,AC-6","pci_dss_v3.2.1":"7.1,7.1.1,7.1.2,7.1.3","pci_dss_v4.0":"1.3.1,7.1","soc_2":"CC5.2,CC6.1"},"rules":["c:findmnt -kn /var/tmp -> r:nodev"],"condition":"all","command":"findmnt -kn /var/tmp","result":"failed"}}
sca.type: check
sca.scan_id: 380680914
sca.policy: CIS Ubuntu Linux 22.04 LTS Benchmark v2.0.0.
sca.check.id: 28510
sca.check.title: Ensure nodev option set on /var/tmp partition.
sca.check.description: The nodev mount option specifies that the filesystem cannot contain special devices.
sca.check.rationale: Since the /var/tmp filesystem is not intended to support devices, set this option to ensure that users cannot create a block or character special devices in /var/tmp.
sca.check.remediation: - IF - a separate partition exists for /var/tmp. Edit the /etc/fstab file and add nodev to the fourth field (mounting options) for the /var/tmp partition. Example: <device> /var/tmp <fstype> defaults,rw,nosuid,nodev,noexec,relatime 0 0 Run the following command to remount /var/tmp with the configured options: # mount -o remount /var/tmp.
sca.check.compliance.cis: 1.1.2.5.2
sca.check.compliance.cis_csc_v8: 3.3
sca.check.compliance.cis_csc_v7: 14.6
sca.check.compliance.cmmc_v2.0: AC.L1-3.1.1,AC.L1-3.1.2,AC.L2-3.1.3,AC.L2-3.1.5,MP.L2-3.8.2
sca.check.compliance.hipaa: 164.308(a)(3)(i),164.308(a)(3)(ii)(A),164.312(a)(1)
sca.check.compliance.iso_27001-2013: A.9.1.1
sca.check.compliance.mitre_mitigations: M1022
sca.check.compliance.mitre_tactics: TA0005
sca.check.compliance.mitre_techniques: T1499,T1499.001
sca.check.compliance.nist_sp_800-53: AC-5,AC-6
sca.check.compliance.pci_dss_v3.2.1: 7.1,7.1.1,7.1.2,7.1.3
sca.check.compliance.pci_dss_v4.0: 1.3.1,7.1
sca.check.compliance.soc_2: CC5.2,CC6.1
sca.check.command: ["findmnt -kn /var/tmp"]
sca.check.result: failed

** Alert 1757863498.42820: - sca,gdpr_IV_35.7.d,pci_dss_2.2,nist_800_53_CM.1,tsc_CC7.1,tsc_CC7.2,
2025 Sep 14 17:24:58 student-virtual-machine->sca
Rule: 19007 (level 7) -> 'CIS Ubuntu Linux 22.04 LTS Benchmark v2.0.0.: Ensure separate partition exists for /var/log.'
{"type":"check","id":380680914,"policy":"CIS Ubuntu Linux 22.04 LTS Benchmark v2.0.0.","policy_id":"cis_ubuntu22-04","check":{"id":28511,"title":"Ensure separate partition exists for /var/log.","description":"The /var/log directory is used by system services to store log data.","rationale":"The default installation only creates a single / partition. Since the /var/log directory contains log files which can grow quite large, there is a risk of resource exhaustion. It will essentially have the whole disk available to fill up and impact the system as a whole. Configuring /var/log as its own file system allows an administrator to set additional mount options such as noexec/nosuid/nodev. These options limit an attackers ability to create exploits on the system. Other options allow for specific behavior. See man mount for exact details regarding filesystem-independent and filesystem-specific options. As /var/log contains log files, care should be taken to ensure the security and integrity of the data and mount point.","remediation":"For new installations, during installation create a custom partition setup and specify a separate partition for /var/log . For systems that were previously installed, create a new partition and configure /etc/fstab as appropriate. Internal Only - General.","compliance":{"cis":"1.1.2.6.1","cis_csc_v8":"8.3","cis_csc_v7":"6.4","iso_27001-2013":"A.12.4.1","mitre_mitigations":"M1022","mitre_tactics":"TA0005","mitre_techniques":"T1499,T1499.001","pci_dss_v3.2.1":"10.7","soc_2":"A1.1"},"rules":["c:findmnt -kn /var/log -> r:\\s*/var/log\\s"],"condition":"all","references":"http://tldp.org/HOWTO/LVM-HOWTO/","command":"findmnt -kn /var/log","result":"failed"}}
sca.type: check
sca.scan_id: 380680914
sca.policy: CIS Ubuntu Linux 22.04 LTS Benchmark v2.0.0.
sca.check.id: 28511
sca.check.title: Ensure separate partition exists for /var/log.
sca.check.description: The /var/log directory is used by system services to store log data.
sca.check.rationale: The default installation only creates a single / partition. Since the /var/log directory contains log files which can grow quite large, there is a risk of resource exhaustion. It will essentially have the whole disk available to fill up and impact the system as a whole. Configuring /var/log as its own file system allows an administrator to set additional mount options such as noexec/nosuid/nodev. These options limit an attackers ability to create exploits on the system. Other options allow for specific behavior. See man mount for exact details regarding filesystem-independent and filesystem-specific options. As /var/log contains log files, care should be taken to ensure the security and integrity of the data and mount point.
sca.check.remediation: For new installations, during installation create a custom partition setup and specify a separate partition for /var/log . For systems that were previously installed, create a new partition and configure /etc/fstab as appropriate. Internal Only - General.
sca.check.compliance.cis: 1.1.2.6.1
sca.check.compliance.cis_csc_v8: 8.3
sca.check.compliance.cis_csc_v7: 6.4
sca.check.compliance.iso_27001-2013: A.12.4.1
sca.check.compliance.mitre_mitigations: M1022
sca.check.compliance.mitre_tactics: TA0005
sca.check.compliance.mitre_techniques: T1499,T1499.001
sca.check.compliance.pci_dss_v3.2.1: 10.7
sca.check.compliance.soc_2: A1.1
sca.check.references: http://tldp.org/HOWTO/LVM-HOWTO/
sca.check.command: ["findmnt -kn /var/log"]
sca.check.result: failed

** Alert 1757863498.46598: - sca,gdpr_IV_35.7.d,pci_dss_2.2,nist_800_53_CM.1,tsc_CC7.1,tsc_CC7.2,
2025 Sep 14 17:24:58 student-virtual-machine->sca
Rule: 19007 (level 7) -> 'CIS Ubuntu Linux 22.04 LTS Benchmark v2.0.0.: Ensure nodev option set on /var/log partition.'
{"type":"check","id":380680914,"policy":"CIS Ubuntu Linux 22.04 LTS Benchmark v2.0.0.","policy_id":"cis_ubuntu22-04","check":{"id":28512,"title":"Ensure nodev option set on /var/log partition.","description":"The nodev mount option specifies that the filesystem cannot contain special devices.","rationale":"Since the /var/log filesystem is not intended to support devices, set this option to ensure that users cannot create a block or character special devices in /var/log.","remediation":"- IF - a separate partition exists for /var/log. Edit the /etc/fstab file and add nodev to the fourth field (mounting options) for the /var/log partition. Example: <device> /var/log <fstype> defaults,rw,nosuid,nodev,noexec,relatime 0 0 Run the following command to remount /var/log with the configured options: # mount -o remount /var/log.","compliance":{"cis":"1.1.2.6.2","cis_csc_v8":"3.3","cis_csc_v7":"14.6","cmmc_v2.0":"AC.L1-3.1.1,AC.L1-3.1.2,AC.L2-3.1.3,AC.L2-3.1.5,MP.L2-3.8.2","hipaa":"164.308(a)(3)(i),164.308(a)(3)(ii)(A),164.312(a)(1)","iso_27001-2013":"A.9.1.1","mitre_mitigations":"M1038","mitre_tactics":"TA0005","mitre_techniques":"T1200","nist_sp_800-53":"AC-5,AC-6","pci_dss_v3.2.1":"7.1,7.1.1,7.1.2,7.1.3","pci_dss_v4.0":"1.3.1,7.1","soc_2":"CC5.2,CC6.1"},"rules":["c:findmnt -kn /var/log -> r:nodev"],"condition":"all","command":"findmnt -kn /var/log","result":"failed"}}
sca.type: check
sca.scan_id: 380680914
sca.policy: CIS Ubuntu Linux 22.04 LTS Benchmark v2.0.0.
sca.check.id: 28512
sca.check.title: Ensure nodev option set on /var/log partition.
sca.check.description: The nodev mount option specifies that the filesystem cannot contain special devices.
sca.check.rationale: Since the /var/log filesystem is not intended to support devices, set this option to ensure that users cannot create a block or character special devices in /var/log.
sca.check.remediation: - IF - a separate partition exists for /var/log. Edit the /etc/fstab file and add nodev to the fourth field (mounting options) for the /var/log partition. Example: <device> /var/log <fstype> defaults,rw,nosuid,nodev,noexec,relatime 0 0 Run the following command to remount /var/log with the configured options: # mount -o remount /var/log.
sca.check.compliance.cis: 1.1.2.6.2
sca.check.compliance.cis_csc_v8: 3.3
sca.check.compliance.cis_csc_v7: 14.6
sca.check.compliance.cmmc_v2.0: AC.L1-3.1.1,AC.L1-3.1.2,AC.L2-3.1.3,AC.L2-3.1.5,MP.L2-3.8.2
sca.check.compliance.hipaa: 164.308(a)(3)(i),164.308(a)(3)(ii)(A),164.312(a)(1)
sca.check.compliance.iso_27001-2013: A.9.1.1
sca.check.compliance.mitre_mitigations: M1038
sca.check.compliance.mitre_tactics: TA0005
sca.check.compliance.mitre_techniques: T1200
sca.check.compliance.nist_sp_800-53: AC-5,AC-6
sca.check.compliance.pci_dss_v3.2.1: 7.1,7.1.1,7.1.2,7.1.3
sca.check.compliance.pci_dss_v4.0: 1.3.1,7.1
sca.check.compliance.soc_2: CC5.2,CC6.1
sca.check.command: ["findmnt -kn /var/log"]
sca.check.result: failed

** Alert 1757863498.49811: - sca,gdpr_IV_35.7.d,pci_dss_2.2,nist_800_53_CM.1,tsc_CC7.1,tsc_CC7.2,
2025 Sep 14 17:24:58 student-virtual-machine->sca
Rule: 19007 (level 7) -> 'CIS Ubuntu Linux 22.04 LTS Benchmark v2.0.0.: Ensure noexec option set on /var/log partition.'
{"type":"check","id":380680914,"policy":"CIS Ubuntu Linux 22.04 LTS Benchmark v2.0.0.","policy_id":"cis_ubuntu22-04","check":{"id":28513,"title":"Ensure noexec option set on /var/log partition.","description":"The noexec mount option specifies that the filesystem cannot contain executable binaries.","rationale":"Since the /var/log filesystem is only intended for log files, set this option to ensure that users cannot run executable binaries from /var/log.","remediation":"- IF - a separate partition exists for /var/log. Edit the /etc/fstab file and add noexec to the fourth field (mounting options) for the /var/log partition. Example: <device> /var/log <fstype> defaults,rw,nosuid,nodev,noexec,relatime 0 0 Run the following command to remount /var/log with the configured options: # mount -o remount /var/log.","compliance":{"cis":"1.1.2.6.4","cis_csc_v8":"3.3","cis_csc_v7":"14.6","cmmc_v2.0":"AC.L1-3.1.1,AC.L1-3.1.2,AC.L2-3.1.3,AC.L2-3.1.5,MP.L2-3.8.2","hipaa":"164.308(a)(3)(i),164.308(a)(3)(ii)(A),164.312(a)(1)","iso_27001-2013":"A.9.1.1","mitre_mitigations":"M1022","mitre_tactics":"TA0005","mitre_techniques":"T1204,T1204.002","nist_sp_800-53":"AC-5,AC-6","pci_dss_v3.2.1":"7.1,7.1.1,7.1.2,7.1.3","pci_dss_v4.0":"1.3.1,7.1","soc_2":"CC5.2,CC6.1"},"rules":["c:findmnt -kn /var/log -> r:noexec"],"condition":"all","command":"findmnt -kn /var/log","result":"failed"}}
sca.type: check
sca.scan_id: 380680914
sca.policy: CIS Ubuntu Linux 22.04 LTS Benchmark v2.0.0.
sca.check.id: 28513
sca.check.title: Ensure noexec option set on /var/log partition.
sca.check.description: The noexec mount option specifies that the filesystem cannot contain executable binaries.
sca.check.rationale: Since the /var/log filesystem is only intended for log files, set this option to ensure that users cannot run executable binaries from /var/log.
sca.check.remediation: - IF - a separate partition exists for /var/log. Edit the /etc/fstab file and add noexec to the fourth field (mounting options) for the /var/log partition. Example: <device> /var/log <fstype> defaults,rw,nosuid,nodev,noexec,relatime 0 0 Run the following command to remount /var/log with the configured options: # mount -o remount /var/log.
sca.check.compliance.cis: 1.1.2.6.4
sca.check.compliance.cis_csc_v8: 3.3
sca.check.compliance.cis_csc_v7: 14.6
sca.check.compliance.cmmc_v2.0: AC.L1-3.1.1,AC.L1-3.1.2,AC.L2-3.1.3,AC.L2-3.1.5,MP.L2-3.8.2
sca.check.compliance.hipaa: 164.308(a)(3)(i),164.308(a)(3)(ii)(A),164.312(a)(1)
sca.check.compliance.iso_27001-2013: A.9.1.1
sca.check.compliance.mitre_mitigations: M1022
sca.check.compliance.mitre_tactics: TA0005
sca.check.compliance.mitre_techniques: T1204,T1204.002
sca.check.compliance.nist_sp_800-53: AC-5,AC-6
sca.check.compliance.pci_dss_v3.2.1: 7.1,7.1.1,7.1.2,7.1.3
sca.check.compliance.pci_dss_v4.0: 1.3.1,7.1
sca.check.compliance.soc_2: CC5.2,CC6.1
sca.check.command: ["findmnt -kn /var/log"]
sca.check.result: failed

** Alert 1757863498.53016: - sca,gdpr_IV_35.7.d,pci_dss_2.2,nist_800_53_CM.1,tsc_CC7.1,tsc_CC7.2,
2025 Sep 14 17:24:58 student-virtual-machine->sca
Rule: 19007 (level 7) -> 'CIS Ubuntu Linux 22.04 LTS Benchmark v2.0.0.: Ensure nosuid option set on /var/log partition.'
{"type":"check","id":380680914,"policy":"CIS Ubuntu Linux 22.04 LTS Benchmark v2.0.0.","policy_id":"cis_ubuntu22-04","check":{"id":28514,"title":"Ensure nosuid option set on /var/log partition.","description":"The nosuid mount option specifies that the filesystem cannot contain setuid files.","rationale":"Since the /var/log filesystem is only intended for log files, set this option to ensure that users cannot create setuid files in /var/log.","remediation":"- IF - a separate partition exists for /var/log. Edit the /etc/fstab file and add nosuid to the fourth field (mounting options) for the /var/log partition. Example: <device> /var/log <fstype> defaults,rw,nosuid,nodev,noexec,relatime 0 0 Run the following command to remount /var/log with the configured options: # mount -o remount /var/log.","compliance":{"cis":"1.1.2.6.3","cis_csc_v8":"3.3","cis_csc_v7":"14.6","cmmc_v2.0":"AC.L1-3.1.1,AC.L1-3.1.2,AC.L2-3.1.3,AC.L2-3.1.5,MP.L2-3.8.2","hipaa":"164.308(a)(3)(i),164.308(a)(3)(ii)(A),164.312(a)(1)","iso_27001-2013":"A.9.1.1","mitre_mitigations":"M1022","mitre_tactics":"TA0005","mitre_techniques":"T1548,T1548.001","nist_sp_800-53":"AC-5,AC-6","pci_dss_v3.2.1":"7.1,7.1.1,7.1.2,7.1.3","pci_dss_v4.0":"1.3.1,7.1","soc_2":"CC5.2,CC6.1"},"rules":["c:findmnt -kn /var/log -> r:nosuid"],"condition":"all","command":"findmnt -kn /var/log","result":"failed"}}
sca.type: check
sca.scan_id: 380680914
sca.policy: CIS Ubuntu Linux 22.04 LTS Benchmark v2.0.0.
sca.check.id: 28514
sca.check.title: Ensure nosuid option set on /var/log partition.
sca.check.description: The nosuid mount option specifies that the filesystem cannot contain setuid files.
sca.check.rationale: Since the /var/log filesystem is only intended for log files, set this option to ensure that users cannot create setuid files in /var/log.
sca.check.remediation: - IF - a separate partition exists for /var/log. Edit the /etc/fstab file and add nosuid to the fourth field (mounting options) for the /var/log partition. Example: <device> /var/log <fstype> defaults,rw,nosuid,nodev,noexec,relatime 0 0 Run the following command to remount /var/log with the configured options: # mount -o remount /var/log.
sca.check.compliance.cis: 1.1.2.6.3
sca.check.compliance.cis_csc_v8: 3.3
sca.check.compliance.cis_csc_v7: 14.6
sca.check.compliance.cmmc_v2.0: AC.L1-3.1.1,AC.L1-3.1.2,AC.L2-3.1.3,AC.L2-3.1.5,MP.L2-3.8.2
sca.check.compliance.hipaa: 164.308(a)(3)(i),164.308(a)(3)(ii)(A),164.312(a)(1)
sca.check.compliance.iso_27001-2013: A.9.1.1
sca.check.compliance.mitre_mitigations: M1022
sca.check.compliance.mitre_tactics: TA0005
sca.check.compliance.mitre_techniques: T1548,T1548.001
sca.check.compliance.nist_sp_800-53: AC-5,AC-6
sca.check.compliance.pci_dss_v3.2.1: 7.1,7.1.1,7.1.2,7.1.3
sca.check.compliance.pci_dss_v4.0: 1.3.1,7.1
sca.check.compliance.soc_2: CC5.2,CC6.1
sca.check.command: ["findmnt -kn /var/log"]
sca.check.result: failed

** Alert 1757863498.56195: - sca,gdpr_IV_35.7.d,pci_dss_2.2,nist_800_53_CM.1,tsc_CC7.1,tsc_CC7.2,
2025 Sep 14 17:24:58 student-virtual-machine->sca
Rule: 19007 (level 7) -> 'CIS Ubuntu Linux 22.04 LTS Benchmark v2.0.0.: Ensure separate partition exists for /var/log/audit.'
{"type":"check","id":380680914,"policy":"CIS Ubuntu Linux 22.04 LTS Benchmark v2.0.0.","policy_id":"cis_ubuntu22-04","check":{"id":28515,"title":"Ensure separate partition exists for /var/log/audit.","description":"The auditing daemon, auditd, stores log data in the /var/log/audit directory.","rationale":"The default installation only creates a single / partition. Since the /var/log/audit directory contains the audit.log file which can grow quite large, there is a risk of resource exhaustion. It will essentially have the whole disk available to fill up and impact the system as a whole. In addition, other operations on the system could fill up the disk unrelated to /var/log/audit and cause auditd to trigger it's space_left_action as the disk is full. See man auditd.conf for details. Configuring /var/log/audit as its own file system allows an administrator to set additional mount options such as noexec/nosuid/nodev. These options limit an attacker's ability to create exploits on the system. Other options allow for specific behavior. See man mount for exact details regarding filesystem-independent and filesystem-specific options. As /var/log/audit contains audit logs, care should be taken to ensure the security and integrity of the data and mount point.","remediation":"For new installations, during installation create a custom partition setup and specify a separate partition for /var/log/audit. For systems that were previously installed, create a new partition and configure /etc/fstab as appropriate.","compliance":{"cis":"1.1.2.7.1","cis_csc_v8":"8.3","cis_csc_v7":"6.4","iso_27001-2013":"A.12.4.1","mitre_mitigations":"M1022","mitre_tactics":"TA0005","mitre_techniques":"T1499,T1499.001","pci_dss_v3.2.1":"10.7","soc_2":"A1.1"},"rules":["c:findmnt -kn /var/log/audit -> r:\\s*/var/log/audit\\s"],"condition":"all","references":"http://tldp.org/HOWTO/LVM-HOWTO/","command":"findmnt -kn /var/log/audit","result":"failed"}}
sca.type: check
sca.scan_id: 380680914
sca.policy: CIS Ubuntu Linux 22.04 LTS Benchmark v2.0.0.
sca.check.id: 28515
sca.check.title: Ensure separate partition exists for /var/log/audit.
sca.check.description: The auditing daemon, auditd, stores log data in the /var/log/audit directory.
sca.check.rationale: The default installation only creates a single / partition. Since the /var/log/audit directory contains the audit.log file which can grow quite large, there is a risk of resource exhaustion. It will essentially have the whole disk available to fill up and impact the system as a whole. In addition, other operations on the system could fill up the disk unrelated to /var/log/audit and cause auditd to trigger it's space_left_action as the disk is full. See man auditd.conf for details. Configuring /var/log/audit as its own file system allows an administrator to set additional mount options such as noexec/nosuid/nodev. These options limit an attacker's ability to create exploits on the system. Other options allow for specific behavior. See man mount for exact details regarding filesystem-independent and filesystem-specific options. As /var/log/audit contains audit logs, care should be taken to ensure the security and integrity of the data and mount point.
sca.check.remediation: For new installations, during installation create a custom partition setup and specify a separate partition for /var/log/audit. For systems that were previously installed, create a new partition and configure /etc/fstab as appropriate.
sca.check.compliance.cis: 1.1.2.7.1
sca.check.compliance.cis_csc_v8: 8.3
sca.check.compliance.cis_csc_v7: 6.4
sca.check.compliance.iso_27001-2013: A.12.4.1
sca.check.compliance.mitre_mitigations: M1022
sca.check.compliance.mitre_tactics: TA0005
sca.check.compliance.mitre_techniques: T1499,T1499.001
sca.check.compliance.pci_dss_v3.2.1: 10.7
sca.check.compliance.soc_2: A1.1
sca.check.references: http://tldp.org/HOWTO/LVM-HOWTO/
sca.check.command: ["findmnt -kn /var/log/audit"]
sca.check.result: failed

** Alert 1757863498.60451: - sca,gdpr_IV_35.7.d,pci_dss_2.2,nist_800_53_CM.1,tsc_CC7.1,tsc_CC7.2,
2025 Sep 14 17:24:58 student-virtual-machine->sca
Rule: 19007 (level 7) -> 'CIS Ubuntu Linux 22.04 LTS Benchmark v2.0.0.: Ensure noexec option set on /var/log/audit partition.'
{"type":"check","id":380680914,"policy":"CIS Ubuntu Linux 22.04 LTS Benchmark v2.0.0.","policy_id":"cis_ubuntu22-04","check":{"id":28516,"title":"Ensure noexec option set on /var/log/audit partition.","description":"The noexec mount option specifies that the filesystem cannot contain executable binaries.","rationale":"Since the /var/log/audit filesystem is only intended for audit logs, set this option to ensure that users cannot run executable binaries from /var/log/audit.","remediation":"- IF - a separate partition exists for /var/log/audit. Edit the /etc/fstab file and add noexec to the fourth field (mounting options) for the /var/log/audit partition. Example: <device> /var/log/audit <fstype> defaults,rw,nosuid,nodev,noexec,relatime 0 0 Run the following command to remount /var/log/audit with the configured options: # mount -o remount /var/log/audit.","compliance":{"cis":"1.1.2.7.4","cis_csc_v8":"3.3","cis_csc_v7":"14.6","cmmc_v2.0":"AC.L1-3.1.1,AC.L1-3.1.2,AC.L2-3.1.3,AC.L2-3.1.5,MP.L2-3.8.2","hipaa":"164.308(a)(3)(i),164.308(a)(3)(ii)(A),164.312(a)(1)","iso_27001-2013":"A.9.1.1","mitre_mitigations":"M1022","mitre_tactics":"TA0005","mitre_techniques":"T1204,T1204.002","nist_sp_800-53":"AC-5,AC-6","pci_dss_v3.2.1":"7.1,7.1.1,7.1.2,7.1.3","pci_dss_v4.0":"1.3.1,7.1","soc_2":"CC5.2,CC6.1"},"rules":["c:findmnt -kn /var/log/audit -> r:noexec"],"condition":"all","command":"findmnt -kn /var/log/audit","result":"failed"}}
sca.type: check
sca.scan_id: 380680914
sca.policy: CIS Ubuntu Linux 22.04 LTS Benchmark v2.0.0.
sca.check.id: 28516
sca.check.title: Ensure noexec option set on /var/log/audit partition.
sca.check.description: The noexec mount option specifies that the filesystem cannot contain executable binaries.
sca.check.rationale: Since the /var/log/audit filesystem is only intended for audit logs, set this option to ensure that users cannot run executable binaries from /var/log/audit.
sca.check.remediation: - IF - a separate partition exists for /var/log/audit. Edit the /etc/fstab file and add noexec to the fourth field (mounting options) for the /var/log/audit partition. Example: <device> /var/log/audit <fstype> defaults,rw,nosuid,nodev,noexec,relatime 0 0 Run the following command to remount /var/log/audit with the configured options: # mount -o remount /var/log/audit.
sca.check.compliance.cis: 1.1.2.7.4
sca.check.compliance.cis_csc_v8: 3.3
sca.check.compliance.cis_csc_v7: 14.6
sca.check.compliance.cmmc_v2.0: AC.L1-3.1.1,AC.L1-3.1.2,AC.L2-3.1.3,AC.L2-3.1.5,MP.L2-3.8.2
sca.check.compliance.hipaa: 164.308(a)(3)(i),164.308(a)(3)(ii)(A),164.312(a)(1)
sca.check.compliance.iso_27001-2013: A.9.1.1
sca.check.compliance.mitre_mitigations: M1022
sca.check.compliance.mitre_tactics: TA0005
sca.check.compliance.mitre_techniques: T1204,T1204.002
sca.check.compliance.nist_sp_800-53: AC-5,AC-6
sca.check.compliance.pci_dss_v3.2.1: 7.1,7.1.1,7.1.2,7.1.3
sca.check.compliance.pci_dss_v4.0: 1.3.1,7.1
sca.check.compliance.soc_2: CC5.2,CC6.1
sca.check.command: ["findmnt -kn /var/log/audit"]
sca.check.result: failed

** Alert 1757863498.63778: - sca,gdpr_IV_35.7.d,pci_dss_2.2,nist_800_53_CM.1,tsc_CC7.1,tsc_CC7.2,
2025 Sep 14 17:24:58 student-virtual-machine->sca
Rule: 19007 (level 7) -> 'CIS Ubuntu Linux 22.04 LTS Benchmark v2.0.0.: Ensure nodev option set on /var/log/audit partition.'
{"type":"check","id":380680914,"policy":"CIS Ubuntu Linux 22.04 LTS Benchmark v2.0.0.","policy_id":"cis_ubuntu22-04","check":{"id":28517,"title":"Ensure nodev option set on /var/log/audit partition.","description":"The nodev mount option specifies that the filesystem cannot contain special devices.","rationale":"Since the /var/log/audit filesystem is not intended to support devices, set this option to ensure that users cannot create a block or character special devices in /var/log/audit.","remediation":"- IF - a separate partition exists for /var/log/audit. Edit the /etc/fstab file and add nodev to the fourth field (mounting options) for the /var/log/audit partition. Example: <device> /var/log/audit <fstype> defaults,rw,nosuid,nodev,noexec,relatime 0 0 Run the following command to remount /var/log/audit with the configured options: # mount -o remount /var/log/audit.","compliance":{"cis":"1.1.2.7.2","cis_csc_v8":"3.3","cis_csc_v7":"14.6","cmmc_v2.0":"AC.L1-3.1.1,AC.L1-3.1.2,AC.L2-3.1.3,AC.L2-3.1.5,MP.L2-3.8.2","hipaa":"164.308(a)(3)(i),164.308(a)(3)(ii)(A),164.312(a)(1)","iso_27001-2013":"A.9.1.1","mitre_mitigations":"M1022","mitre_tactics":"TA0005","mitre_techniques":"T1200","nist_sp_800-53":"AC-5,AC-6","pci_dss_v3.2.1":"7.1,7.1.1,7.1.2,7.1.3","pci_dss_v4.0":"1.3.1,7.1","soc_2":"CC5.2,CC6.1"},"rules":["c:findmnt -kn /var/log/audit -> r:nodev"],"condition":"all","command":"findmnt -kn /var/log/audit","result":"failed"}}
sca.type: check
sca.scan_id: 380680914
sca.policy: CIS Ubuntu Linux 22.04 LTS Benchmark v2.0.0.
sca.check.id: 28517
sca.check.title: Ensure nodev option set on /var/log/audit partition.
sca.check.description: The nodev mount option specifies that the filesystem cannot contain special devices.
sca.check.rationale: Since the /var/log/audit filesystem is not intended to support devices, set this option to ensure that users cannot create a block or character special devices in /var/log/audit.
sca.check.remediation: - IF - a separate partition exists for /var/log/audit. Edit the /etc/fstab file and add nodev to the fourth field (mounting options) for the /var/log/audit partition. Example: <device> /var/log/audit <fstype> defaults,rw,nosuid,nodev,noexec,relatime 0 0 Run the following command to remount /var/log/audit with the configured options: # mount -o remount /var/log/audit.
sca.check.compliance.cis: 1.1.2.7.2
sca.check.compliance.cis_csc_v8: 3.3
sca.check.compliance.cis_csc_v7: 14.6
sca.check.compliance.cmmc_v2.0: AC.L1-3.1.1,AC.L1-3.1.2,AC.L2-3.1.3,AC.L2-3.1.5,MP.L2-3.8.2
sca.check.compliance.hipaa: 164.308(a)(3)(i),164.308(a)(3)(ii)(A),164.312(a)(1)
sca.check.compliance.iso_27001-2013: A.9.1.1
sca.check.compliance.mitre_mitigations: M1022
sca.check.compliance.mitre_tactics: TA0005
sca.check.compliance.mitre_techniques: T1200
sca.check.compliance.nist_sp_800-53: AC-5,AC-6
sca.check.compliance.pci_dss_v3.2.1: 7.1,7.1.1,7.1.2,7.1.3
sca.check.compliance.pci_dss_v4.0: 1.3.1,7.1
sca.check.compliance.soc_2: CC5.2,CC6.1
sca.check.command: ["findmnt -kn /var/log/audit"]
sca.check.result: failed

** Alert 1757863498.67111: - sca,gdpr_IV_35.7.d,pci_dss_2.2,nist_800_53_CM.1,tsc_CC7.1,tsc_CC7.2,
2025 Sep 14 17:24:58 student-virtual-machine->sca
Rule: 19007 (level 7) -> 'CIS Ubuntu Linux 22.04 LTS Benchmark v2.0.0.: Ensure nosuid option set on /var/log/audit partition.'
{"type":"check","id":380680914,"policy":"CIS Ubuntu Linux 22.04 LTS Benchmark v2.0.0.","policy_id":"cis_ubuntu22-04","check":{"id":28518,"title":"Ensure nosuid option set on /var/log/audit partition.","description":"The nosuid mount option specifies that the filesystem cannot contain setuid files.","rationale":"Since the /var/log/audit filesystem is only intended for variable files such as logs, set this option to ensure that users cannot create setuid files in /var/log/audit.","remediation":"- IF - a separate partition exists for /var/log/audit. Edit the /etc/fstab file and add nosuid to the fourth field (mounting options) for the /var/log/audit partition. Example: <device> /var/log/audit <fstype> defaults,rw,nosuid,nodev,noexec,relatime 0 0 Run the following command to remount /var/log/audit with the configured options: # mount -o remount /var/log/audit.","compliance":{"cis":"1.1.2.7.3","cis_csc_v8":"3.3","cis_csc_v7":"14.6","cmmc_v2.0":"AC.L1-3.1.1,AC.L1-3.1.2,AC.L2-3.1.3,AC.L2-3.1.5,MP.L2-3.8.2","hipaa":"164.308(a)(3)(i),164.308(a)(3)(ii)(A),164.312(a)(1)","iso_27001-2013":"A.9.1.1","mitre_mitigations":"M1022","mitre_tactics":"TA0005","mitre_techniques":"T1548,T1548.001","nist_sp_800-53":"AC-5,AC-6","pci_dss_v3.2.1":"7.1,7.1.1,7.1.2,7.1.3","pci_dss_v4.0":"1.3.1,7.1","soc_2":"CC5.2,CC6.1"},"rules":["c:findmnt -kn /var/log/audit -> r:nosuid"],"condition":"all","command":"findmnt -kn /var/log/audit","result":"failed"}}
sca.type: check
sca.scan_id: 380680914
sca.policy: CIS Ubuntu Linux 22.04 LTS Benchmark v2.0.0.
sca.check.id: 28518
sca.check.title: Ensure nosuid option set on /var/log/audit partition.
sca.check.description: The nosuid mount option specifies that the filesystem cannot contain setuid files.
sca.check.rationale: Since the /var/log/audit filesystem is only intended for variable files such as logs, set this option to ensure that users cannot create setuid files in /var/log/audit.
sca.check.remediation: - IF - a separate partition exists for /var/log/audit. Edit the /etc/fstab file and add nosuid to the fourth field (mounting options) for the /var/log/audit partition. Example: <device> /var/log/audit <fstype> defaults,rw,nosuid,nodev,noexec,relatime 0 0 Run the following command to remount /var/log/audit with the configured options: # mount -o remount /var/log/audit.
sca.check.compliance.cis: 1.1.2.7.3
sca.check.compliance.cis_csc_v8: 3.3
sca.check.compliance.cis_csc_v7: 14.6
sca.check.compliance.cmmc_v2.0: AC.L1-3.1.1,AC.L1-3.1.2,AC.L2-3.1.3,AC.L2-3.1.5,MP.L2-3.8.2
sca.check.compliance.hipaa: 164.308(a)(3)(i),164.308(a)(3)(ii)(A),164.312(a)(1)
sca.check.compliance.iso_27001-2013: A.9.1.1
sca.check.compliance.mitre_mitigations: M1022
sca.check.compliance.mitre_tactics: TA0005
sca.check.compliance.mitre_techniques: T1548,T1548.001
sca.check.compliance.nist_sp_800-53: AC-5,AC-6
sca.check.compliance.pci_dss_v3.2.1: 7.1,7.1.1,7.1.2,7.1.3
sca.check.compliance.pci_dss_v4.0: 1.3.1,7.1
sca.check.compliance.soc_2: CC5.2,CC6.1
sca.check.command: ["findmnt -kn /var/log/audit"]
sca.check.result: failed

** Alert 1757863498.70446: - sca,gdpr_IV_35.7.d,pci_dss_2.2,nist_800_53_CM.1,tsc_CC7.1,tsc_CC7.2,
2025 Sep 14 17:24:58 student-virtual-machine->sca
Rule: 19007 (level 7) -> 'CIS Ubuntu Linux 22.04 LTS Benchmark v2.0.0.: Ensure separate partition exists for /home.'
{"type":"check","id":380680914,"policy":"CIS Ubuntu Linux 22.04 LTS Benchmark v2.0.0.","policy_id":"cis_ubuntu22-04","check":{"id":28519,"title":"Ensure separate partition exists for /home.","description":"The /home directory is used to support disk storage needs of local users.","rationale":"The default installation only creates a single / partition. Since the /home directory contains user generated data, there is a risk of resource exhaustion. It will essentially have the whole disk available to fill up and impact the system as a whole. In addition, other operations on the system could fill up the disk unrelated to /home and impact all local users. Configuring /home as its own file system allows an administrator to set additional mount options such as noexec/nosuid/nodev. These options limit an attacker's ability to create exploits on the system. In the case of /home options such as usrquota/grpquota may be considered to limit the impact that users can have on each other with regards to disk resource exhaustion. Other options allow for specific behavior. See man mount for exact details regarding filesystem-independent and filesystem-specific options. As /home contains user data, care should be taken to ensure the security and integrity of the data and mount point.","remediation":"For new installations, during installation create a custom partition setup and specify a separate partition for /home. For systems that were previously installed, create a new partition and configure /etc/fstab as appropriate. Internal Only - General.","compliance":{"cis":"1.1.2.3.1","cis_csc_v8":"3.3","cis_csc_v7":"14.6","cmmc_v2.0":"AC.L1-3.1.1,AC.L1-3.1.2,AC.L2-3.1.3,AC.L2-3.1.5,MP.L2-3.8.2","hipaa":"164.308(a)(3)(i),164.308(a)(3)(ii)(A),164.312(a)(1)","iso_27001-2013":"A.9.1.1","mitre_mitigations":"M1038","mitre_tactics":"TA0005","mitre_techniques":"T1499,T1499.001","nist_sp_800-53":"AC-5,AC-6","pci_dss_v3.2.1":"7.1,7.1.1,7.1.2,7.1.3","pci_dss_v4.0":"1.3.1,7.1","soc_2":"CC5.2,CC6.1"},"rules":["c:findmnt -kn /home -> r:\\s*/home\\s"],"condition":"all","references":"http://tldp.org/HOWTO/LVM-HOWTO/","command":"findmnt -kn /home","result":"failed"}}
sca.type: check
sca.scan_id: 380680914
sca.policy: CIS Ubuntu Linux 22.04 LTS Benchmark v2.0.0.
sca.check.id: 28519
sca.check.title: Ensure separate partition exists for /home.
sca.check.description: The /home directory is used to support disk storage needs of local users.
sca.check.rationale: The default installation only creates a single / partition. Since the /home directory contains user generated data, there is a risk of resource exhaustion. It will essentially have the whole disk available to fill up and impact the system as a whole. In addition, other operations on the system could fill up the disk unrelated to /home and impact all local users. Configuring /home as its own file system allows an administrator to set additional mount options such as noexec/nosuid/nodev. These options limit an attacker's ability to create exploits on the system. In the case of /home options such as usrquota/grpquota may be considered to limit the impact that users can have on each other with regards to disk resource exhaustion. Other options allow for specific behavior. See man mount for exact details regarding filesystem-independent and filesystem-specific options. As /home contains user data, care should be taken to ensure the security and integrity of the data and mount point.
sca.check.remediation: For new installations, during installation create a custom partition setup and specify a separate partition for /home. For systems that were previously installed, create a new partition and configure /etc/fstab as appropriate. Internal Only - General.
sca.check.compliance.cis: 1.1.2.3.1
sca.check.compliance.cis_csc_v8: 3.3
sca.check.compliance.cis_csc_v7: 14.6
sca.check.compliance.cmmc_v2.0: AC.L1-3.1.1,AC.L1-3.1.2,AC.L2-3.1.3,AC.L2-3.1.5,MP.L2-3.8.2
sca.check.compliance.hipaa: 164.308(a)(3)(i),164.308(a)(3)(ii)(A),164.312(a)(1)
sca.check.compliance.iso_27001-2013: A.9.1.1
sca.check.compliance.mitre_mitigations: M1038
sca.check.compliance.mitre_tactics: TA0005
sca.check.compliance.mitre_techniques: T1499,T1499.001
sca.check.compliance.nist_sp_800-53: AC-5,AC-6
sca.check.compliance.pci_dss_v3.2.1: 7.1,7.1.1,7.1.2,7.1.3
sca.check.compliance.pci_dss_v4.0: 1.3.1,7.1
sca.check.compliance.soc_2: CC5.2,CC6.1
sca.check.references: http://tldp.org/HOWTO/LVM-HOWTO/
sca.check.command: ["findmnt -kn /home"]
sca.check.result: failed

** Alert 1757863498.75225: - sca,gdpr_IV_35.7.d,pci_dss_2.2,nist_800_53_CM.1,tsc_CC7.1,tsc_CC7.2,
2025 Sep 14 17:24:58 student-virtual-machine->sca
Rule: 19007 (level 7) -> 'CIS Ubuntu Linux 22.04 LTS Benchmark v2.0.0.: Ensure nodev option set on /home partition.'
{"type":"check","id":380680914,"policy":"CIS Ubuntu Linux 22.04 LTS Benchmark v2.0.0.","policy_id":"cis_ubuntu22-04","check":{"id":28520,"title":"Ensure nodev option set on /home partition.","description":"The nodev mount option specifies that the filesystem cannot contain special devices.","rationale":"Since the /home filesystem is not intended to support devices, set this option to ensure that users cannot create a block or character special devices in /home.","remediation":"- IF - a separate partition exists for /home. Edit the /etc/fstab file and add nodev to the fourth field (mounting options) for the /home partition. Example: <device> /home <fstype> defaults,rw,nosuid,nodev,noexec,relatime 0 0 Run the following command to remount /home with the configured options: # mount -o remount /home.","compliance":{"cis":"1.1.2.3.2","cis_csc_v8":"3.3","cis_csc_v7":"14.6","cmmc_v2.0":"AC.L1-3.1.1,AC.L1-3.1.2,AC.L2-3.1.3,AC.L2-3.1.5,MP.L2-3.8.2","hipaa":"164.308(a)(3)(i),164.308(a)(3)(ii)(A),164.312(a)(1)","iso_27001-2013":"A.9.1.1","mitre_mitigations":"M1038","mitre_tactics":"TA0005","mitre_techniques":"T1200","nist_sp_800-53":"AC-5,AC-6","pci_dss_v3.2.1":"7.1,7.1.1,7.1.2,7.1.3","pci_dss_v4.0":"1.3.1,7.1","soc_2":"CC5.2,CC6.1"},"rules":["c:findmnt -kn /home -> r:nodev"],"condition":"all","command":"findmnt -kn /home","result":"failed"}}
sca.type: check
sca.scan_id: 380680914
sca.policy: CIS Ubuntu Linux 22.04 LTS Benchmark v2.0.0.
sca.check.id: 28520
sca.check.title: Ensure nodev option set on /home partition.
sca.check.description: The nodev mount option specifies that the filesystem cannot contain special devices.
sca.check.rationale: Since the /home filesystem is not intended to support devices, set this option to ensure that users cannot create a block or character special devices in /home.
sca.check.remediation: - IF - a separate partition exists for /home. Edit the /etc/fstab file and add nodev to the fourth field (mounting options) for the /home partition. Example: <device> /home <fstype> defaults,rw,nosuid,nodev,noexec,relatime 0 0 Run the following command to remount /home with the configured options: # mount -o remount /home.
sca.check.compliance.cis: 1.1.2.3.2
sca.check.compliance.cis_csc_v8: 3.3
sca.check.compliance.cis_csc_v7: 14.6
sca.check.compliance.cmmc_v2.0: AC.L1-3.1.1,AC.L1-3.1.2,AC.L2-3.1.3,AC.L2-3.1.5,MP.L2-3.8.2
sca.check.compliance.hipaa: 164.308(a)(3)(i),164.308(a)(3)(ii)(A),164.312(a)(1)
sca.check.compliance.iso_27001-2013: A.9.1.1
sca.check.compliance.mitre_mitigations: M1038
sca.check.compliance.mitre_tactics: TA0005
sca.check.compliance.mitre_techniques: T1200
sca.check.compliance.nist_sp_800-53: AC-5,AC-6
sca.check.compliance.pci_dss_v3.2.1: 7.1,7.1.1,7.1.2,7.1.3
sca.check.compliance.pci_dss_v4.0: 1.3.1,7.1
sca.check.compliance.soc_2: CC5.2,CC6.1
sca.check.command: ["findmnt -kn /home"]
sca.check.result: failed

** Alert 1757863498.78378: - sca,gdpr_IV_35.7.d,pci_dss_2.2,nist_800_53_CM.1,tsc_CC7.1,tsc_CC7.2,
2025 Sep 14 17:24:58 student-virtual-machine->sca
Rule: 19007 (level 7) -> 'CIS Ubuntu Linux 22.04 LTS Benchmark v2.0.0.: Ensure nosuid option set on /home partition.'
{"type":"check","id":380680914,"policy":"CIS Ubuntu Linux 22.04 LTS Benchmark v2.0.0.","policy_id":"cis_ubuntu22-04","check":{"id":28521,"title":"Ensure nosuid option set on /home partition.","description":"The nosuid mount option specifies that the filesystem cannot contain setuid files.","rationale":"Since the /home filesystem is only intended for user file storage, set this option to ensure that users cannot create setuid files in /home.","remediation":"- IF - a separate partition exists for /home. Edit the /etc/fstab file and add nosuid to the fourth field (mounting options) for the /home partition. Example: <device> /home <fstype> defaults,rw,nosuid,nodev,noexec,relatime 0 0 Run the following command to remount /home with the configured options: # mount -o remount /home.","compliance":{"cis":"1.1.2.3.3","cis_csc_v8":"3.3","cis_csc_v7":"14.6","cmmc_v2.0":"AC.L1-3.1.1,AC.L1-3.1.2,AC.L2-3.1.3,AC.L2-3.1.5,MP.L2-3.8.2","hipaa":"164.308(a)(3)(i),164.308(a)(3)(ii)(A),164.312(a)(1)","iso_27001-2013":"A.9.1.1","mitre_mitigations":"M1022","mitre_tactics":"TA0005","mitre_techniques":"T1548,T1548.001","nist_sp_800-53":"AC-5,AC-6","pci_dss_v3.2.1":"7.1,7.1.1,7.1.2,7.1.3","pci_dss_v4.0":"1.3.1,7.1","soc_2":"CC5.2,CC6.1"},"rules":["c:findmnt -kn /home -> r:nosuid"],"condition":"all","command":"findmnt -kn /home","result":"failed"}}
sca.type: check
sca.scan_id: 380680914
sca.policy: CIS Ubuntu Linux 22.04 LTS Benchmark v2.0.0.
sca.check.id: 28521
sca.check.title: Ensure nosuid option set on /home partition.
sca.check.description: The nosuid mount option specifies that the filesystem cannot contain setuid files.
sca.check.rationale: Since the /home filesystem is only intended for user file storage, set this option to ensure that users cannot create setuid files in /home.
sca.check.remediation: - IF - a separate partition exists for /home. Edit the /etc/fstab file and add nosuid to the fourth field (mounting options) for the /home partition. Example: <device> /home <fstype> defaults,rw,nosuid,nodev,noexec,relatime 0 0 Run the following command to remount /home with the configured options: # mount -o remount /home.
sca.check.compliance.cis: 1.1.2.3.3
sca.check.compliance.cis_csc_v8: 3.3
sca.check.compliance.cis_csc_v7: 14.6
sca.check.compliance.cmmc_v2.0: AC.L1-3.1.1,AC.L1-3.1.2,AC.L2-3.1.3,AC.L2-3.1.5,MP.L2-3.8.2
sca.check.compliance.hipaa: 164.308(a)(3)(i),164.308(a)(3)(ii)(A),164.312(a)(1)
sca.check.compliance.iso_27001-2013: A.9.1.1
sca.check.compliance.mitre_mitigations: M1022
sca.check.compliance.mitre_tactics: TA0005
sca.check.compliance.mitre_techniques: T1548,T1548.001
sca.check.compliance.nist_sp_800-53: AC-5,AC-6
sca.check.compliance.pci_dss_v3.2.1: 7.1,7.1.1,7.1.2,7.1.3
sca.check.compliance.pci_dss_v4.0: 1.3.1,7.1
sca.check.compliance.soc_2: CC5.2,CC6.1
sca.check.command: ["findmnt -kn /home"]
sca.check.result: failed

** Alert 1757863498.81513: - sca,gdpr_IV_35.7.d,pci_dss_2.2,nist_800_53_CM.1,tsc_CC7.1,tsc_CC7.2,
2025 Sep 14 17:24:58 student-virtual-machine->sca
Rule: 19008 (level 3) -> 'CIS Ubuntu Linux 22.04 LTS Benchmark v2.0.0.: Ensure nodev option set on /dev/shm partition.'
{"type":"check","id":380680914,"policy":"CIS Ubuntu Linux 22.04 LTS Benchmark v2.0.0.","policy_id":"cis_ubuntu22-04","check":{"id":28522,"title":"Ensure nodev option set on /dev/shm partition.","description":"The nodev mount option specifies that the filesystem cannot contain special devices.","rationale":"Since the /dev/shm filesystem is not intended to support devices, set this option to ensure that users cannot attempt to create special devices in /dev/shm partitions.","remediation":"- IF - a separate partition exists for /dev/shm. Edit the /etc/fstab file and add nodev to the fourth field (mounting options) for the /dev/shm partition. See the fstab(5) manual page for more information. Example: tmpfs /dev/shm tmpfs defaults,rw,nosuid,nodev,noexec,relatime 0 0 Run the following command to remount /dev/shm with the configured options: # mount -o remount /dev/shm Note: It is recommended to use tmpfs as the device/filesystem type as /dev/shm is used as shared memory space by applications.","compliance":{"cis":"1.1.2.2.2","cis_csc_v8":"3.3","cis_csc_v7":"14.6","cmmc_v2.0":"AC.L1-3.1.1,AC.L1-3.1.2,AC.L2-3.1.3,AC.L2-3.1.5,MP.L2-3.8.2","hipaa":"164.308(a)(3)(i),164.308(a)(3)(ii)(A),164.312(a)(1)","iso_27001-2013":"A.9.1.1","mitre_mitigations":"M1022","mitre_tactics":"TA0005","mitre_techniques":"T1200","nist_sp_800-53":"AC-5,AC-6","pci_dss_v3.2.1":"7.1,7.1.1,7.1.2,7.1.3","pci_dss_v4.0":"1.3.1,7.1","soc_2":"CC5.2,CC6.1"},"rules":["c:findmnt -kn /dev/shm -> r:nodev"],"condition":"all","command":"findmnt -kn /dev/shm","result":"passed"}}
sca.type: check
sca.scan_id: 380680914
sca.policy: CIS Ubuntu Linux 22.04 LTS Benchmark v2.0.0.
sca.check.id: 28522
sca.check.title: Ensure nodev option set on /dev/shm partition.
sca.check.description: The nodev mount option specifies that the filesystem cannot contain special devices.
sca.check.rationale: Since the /dev/shm filesystem is not intended to support devices, set this option to ensure that users cannot attempt to create special devices in /dev/shm partitions.
sca.check.remediation: - IF - a separate partition exists for /dev/shm. Edit the /etc/fstab file and add nodev to the fourth field (mounting options) for the /dev/shm partition. See the fstab(5) manual page for more information. Example: tmpfs /dev/shm tmpfs defaults,rw,nosuid,nodev,noexec,relatime 0 0 Run the following command to remount /dev/shm with the configured options: # mount -o remount /dev/shm Note: It is recommended to use tmpfs as the device/filesystem type as /dev/shm is used as shared memory space by applications.
sca.check.compliance.cis: 1.1.2.2.2
sca.check.compliance.cis_csc_v8: 3.3
sca.check.compliance.cis_csc_v7: 14.6
sca.check.compliance.cmmc_v2.0: AC.L1-3.1.1,AC.L1-3.1.2,AC.L2-3.1.3,AC.L2-3.1.5,MP.L2-3.8.2
sca.check.compliance.hipaa: 164.308(a)(3)(i),164.308(a)(3)(ii)(A),164.312(a)(1)
sca.check.compliance.iso_27001-2013: A.9.1.1
sca.check.compliance.mitre_mitigations: M1022
sca.check.compliance.mitre_tactics: TA0005
sca.check.compliance.mitre_techniques: T1200
sca.check.compliance.nist_sp_800-53: AC-5,AC-6
sca.check.compliance.pci_dss_v3.2.1: 7.1,7.1.1,7.1.2,7.1.3
sca.check.compliance.pci_dss_v4.0: 1.3.1,7.1
sca.check.compliance.soc_2: CC5.2,CC6.1
sca.check.command: ["findmnt -kn /dev/shm"]
sca.check.result: passed

** Alert 1757863498.85070: - sca,gdpr_IV_35.7.d,pci_dss_2.2,nist_800_53_CM.1,tsc_CC7.1,tsc_CC7.2,
2025 Sep 14 17:24:58 student-virtual-machine->sca
Rule: 19007 (level 7) -> 'CIS Ubuntu Linux 22.04 LTS Benchmark v2.0.0.: Ensure noexec option set on /dev/shm partition.'
{"type":"check","id":380680914,"policy":"CIS Ubuntu Linux 22.04 LTS Benchmark v2.0.0.","policy_id":"cis_ubuntu22-04","check":{"id":28523,"title":"Ensure noexec option set on /dev/shm partition.","description":"The noexec mount option specifies that the filesystem cannot contain executable binaries.","rationale":"Setting this option on a file system prevents users from executing programs from shared memory. This deters users from introducing potentially malicious software on the system.","remediation":"- IF - a separate partition exists for /dev/shm. Edit the /etc/fstab file and add noexec to the fourth field (mounting options) for the /dev/shm partition. Example: tmpfs /dev/shm tmpfs defaults,rw,nosuid,nodev,noexec,relatime 0 0 Run the following command to remount /dev/shm with the configured options: # mount -o remount /dev/shm Note: It is recommended to use tmpfs as the device/filesystem type as /dev/shm is used as shared memory space by applications.","compliance":{"cis":"1.1.2.2.4","cis_csc_v8":"3.3","cis_csc_v7":"14.6","cmmc_v2.0":"AC.L1-3.1.1,AC.L1-3.1.2,AC.L2-3.1.3,AC.L2-3.1.5,MP.L2-3.8.2","hipaa":"164.308(a)(3)(i),164.308(a)(3)(ii)(A),164.312(a)(1)","iso_27001-2013":"A.9.1.1","mitre_mitigations":"M1022","mitre_tactics":"TA0005","mitre_techniques":"T1204,T1204.002","nist_sp_800-53":"AC-5,AC-6","pci_dss_v3.2.1":"7.1,7.1.1,7.1.2,7.1.3","pci_dss_v4.0":"1.3.1,7.1","soc_2":"CC5.2,CC6.1"},"rules":["c:findmnt -kn /dev/shm -> r:noexec"],"condition":"all","command":"findmnt -kn /dev/shm","result":"failed"}}
sca.type: check
sca.scan_id: 380680914
sca.policy: CIS Ubuntu Linux 22.04 LTS Benchmark v2.0.0.
sca.check.id: 28523
sca.check.title: Ensure noexec option set on /dev/shm partition.
sca.check.description: The noexec mount option specifies that the filesystem cannot contain executable binaries.
sca.check.rationale: Setting this option on a file system prevents users from executing programs from shared memory. This deters users from introducing potentially malicious software on the system.
sca.check.remediation: - IF - a separate partition exists for /dev/shm. Edit the /etc/fstab file and add noexec to the fourth field (mounting options) for the /dev/shm partition. Example: tmpfs /dev/shm tmpfs defaults,rw,nosuid,nodev,noexec,relatime 0 0 Run the following command to remount /dev/shm with the configured options: # mount -o remount /dev/shm Note: It is recommended to use tmpfs as the device/filesystem type as /dev/shm is used as shared memory space by applications.
sca.check.compliance.cis: 1.1.2.2.4
sca.check.compliance.cis_csc_v8: 3.3
sca.check.compliance.cis_csc_v7: 14.6
sca.check.compliance.cmmc_v2.0: AC.L1-3.1.1,AC.L1-3.1.2,AC.L2-3.1.3,AC.L2-3.1.5,MP.L2-3.8.2
sca.check.compliance.hipaa: 164.308(a)(3)(i),164.308(a)(3)(ii)(A),164.312(a)(1)
sca.check.compliance.iso_27001-2013: A.9.1.1
sca.check.compliance.mitre_mitigations: M1022
sca.check.compliance.mitre_tactics: TA0005
sca.check.compliance.mitre_techniques: T1204,T1204.002
sca.check.compliance.nist_sp_800-53: AC-5,AC-6
sca.check.compliance.pci_dss_v3.2.1: 7.1,7.1.1,7.1.2,7.1.3
sca.check.compliance.pci_dss_v4.0: 1.3.1,7.1
sca.check.compliance.soc_2: CC5.2,CC6.1
sca.check.command: ["findmnt -kn /dev/shm"]
sca.check.result: failed

** Alert 1757863498.88579: - sca,gdpr_IV_35.7.d,pci_dss_2.2,nist_800_53_CM.1,tsc_CC7.1,tsc_CC7.2,
2025 Sep 14 17:24:58 student-virtual-machine->sca
Rule: 19008 (level 3) -> 'CIS Ubuntu Linux 22.04 LTS Benchmark v2.0.0.: Ensure nosuid option set on /dev/shm partition.'
{"type":"check","id":380680914,"policy":"CIS Ubuntu Linux 22.04 LTS Benchmark v2.0.0.","policy_id":"cis_ubuntu22-04","check":{"id":28524,"title":"Ensure nosuid option set on /dev/shm partition.","description":"The nosuid mount option specifies that the filesystem cannot contain setuid files.","rationale":"Setting this option on a file system prevents users from introducing privileged programs onto the system and allowing non-root users to execute them.","remediation":"- IF - a separate partition exists for /dev/shm. Edit the /etc/fstab file and add nosuid to the fourth field (mounting options) for the /dev/shm partition. See the fstab(5) manual page for more information. Example: tmpfs /dev/shm tmpfs defaults,rw,nosuid,nodev,noexec,relatime 0 0 Run the following command to remount /dev/shm with the configured options: # mount -o remount /dev/shm Note: It is recommended to use tmpfs as the device/filesystem type as /dev/shm is used as shared memory space by applications.","compliance":{"cis":"1.1.2.2.3","cis_csc_v8":"3.3","cis_csc_v7":"14.6","cmmc_v2.0":"AC.L1-3.1.1,AC.L1-3.1.2,AC.L2-3.1.3,AC.L2-3.1.5,MP.L2-3.8.2","hipaa":"164.308(a)(3)(i),164.308(a)(3)(ii)(A),164.312(a)(1)","iso_27001-2013":"A.9.1.1","mitre_mitigations":"M1038","mitre_tactics":"TA0005","mitre_techniques":"T1548,T1548.001","nist_sp_800-53":"AC-5,AC-6","pci_dss_v3.2.1":"7.1,7.1.1,7.1.2,7.1.3","pci_dss_v4.0":"1.3.1,7.1","soc_2":"CC5.2,CC6.1"},"rules":["c:findmnt -kn /dev/shm -> r:nosuid"],"condition":"all","command":"findmnt -kn /dev/shm","result":"passed"}}
sca.type: check
sca.scan_id: 380680914
sca.policy: CIS Ubuntu Linux 22.04 LTS Benchmark v2.0.0.
sca.check.id: 28524
sca.check.title: Ensure nosuid option set on /dev/shm partition.
sca.check.description: The nosuid mount option specifies that the filesystem cannot contain setuid files.
sca.check.rationale: Setting this option on a file system prevents users from introducing privileged programs onto the system and allowing non-root users to execute them.
sca.check.remediation: - IF - a separate partition exists for /dev/shm. Edit the /etc/fstab file and add nosuid to the fourth field (mounting options) for the /dev/shm partition. See the fstab(5) manual page for more information. Example: tmpfs /dev/shm tmpfs defaults,rw,nosuid,nodev,noexec,relatime 0 0 Run the following command to remount /dev/shm with the configured options: # mount -o remount /dev/shm Note: It is recommended to use tmpfs as the device/filesystem type as /dev/shm is used as shared memory space by applications.
sca.check.compliance.cis: 1.1.2.2.3
sca.check.compliance.cis_csc_v8: 3.3
sca.check.compliance.cis_csc_v7: 14.6
sca.check.compliance.cmmc_v2.0: AC.L1-3.1.1,AC.L1-3.1.2,AC.L2-3.1.3,AC.L2-3.1.5,MP.L2-3.8.2
sca.check.compliance.hipaa: 164.308(a)(3)(i),164.308(a)(3)(ii)(A),164.312(a)(1)
sca.check.compliance.iso_27001-2013: A.9.1.1
sca.check.compliance.mitre_mitigations: M1038
sca.check.compliance.mitre_tactics: TA0005
sca.check.compliance.mitre_techniques: T1548,T1548.001
sca.check.compliance.nist_sp_800-53: AC-5,AC-6
sca.check.compliance.pci_dss_v3.2.1: 7.1,7.1.1,7.1.2,7.1.3
sca.check.compliance.pci_dss_v4.0: 1.3.1,7.1
sca.check.compliance.soc_2: CC5.2,CC6.1
sca.check.command: ["findmnt -kn /dev/shm"]
sca.check.result: passed

** Alert 1757863499.92122: - sca,gdpr_IV_35.7.d,pci_dss_2.2,nist_800_53_CM.1,tsc_CC7.1,tsc_CC7.2,
2025 Sep 14 17:24:59 student-virtual-machine->sca
Rule: 19008 (level 3) -> 'CIS Ubuntu Linux 22.04 LTS Benchmark v2.0.0.: Ensure autofs services are not in use.'
{"type":"check","id":380680914,"policy":"CIS Ubuntu Linux 22.04 LTS Benchmark v2.0.0.","policy_id":"cis_ubuntu22-04","check":{"id":28525,"title":"Ensure autofs services are not in use.","description":"autofs allows automatic mounting of devices, typically including CD/DVDs and USB drives.","rationale":"With automounting enabled anyone with physical access could attach a USB drive or disc and have its contents available in the filesystem even if they lacked permissions to mount it themselves.","remediation":"Run the following commands to stop autofs.service and remove the autofs package: # systemctl stop autofs.service # apt purge autofs - OR - - IF - the autofs package is required as a dependency: Run the following commands to stop and mask autofs.service: # systemctl stop autofs.service # systemctl mask autofs.service.","compliance":{"cis":"2.1.1","cis_csc_v8":"10.3","cis_csc_v7":"8.5","cmmc_v2.0":"MP.L2-3.8.7","hipaa":"164.310(d)(1)","iso_27001-2013":"A.12.2.1","mitre_techniques":"T1068,T1203,T1211,T1212"},"rules":["not c: dpkg-query -s autofs -> r:install ok installed","not c:sh -c \"systemctl is-enabled autofs.service & systemctl is-active autofs.service\" -> r:^active$|^enabled$"],"condition":"any","command":" dpkg-query -s autofs","result":"passed"}}
sca.type: check
sca.scan_id: 380680914
sca.policy: CIS Ubuntu Linux 22.04 LTS Benchmark v2.0.0.
sca.check.id: 28525
sca.check.title: Ensure autofs services are not in use.
sca.check.description: autofs allows automatic mounting of devices, typically including CD/DVDs and USB drives.
sca.check.rationale: With automounting enabled anyone with physical access could attach a USB drive or disc and have its contents available in the filesystem even if they lacked permissions to mount it themselves.
sca.check.remediation: Run the following commands to stop autofs.service and remove the autofs package: # systemctl stop autofs.service # apt purge autofs - OR - - IF - the autofs package is required as a dependency: Run the following commands to stop and mask autofs.service: # systemctl stop autofs.service # systemctl mask autofs.service.
sca.check.compliance.cis: 2.1.1
sca.check.compliance.cis_csc_v8: 10.3
sca.check.compliance.cis_csc_v7: 8.5
sca.check.compliance.cmmc_v2.0: MP.L2-3.8.7
sca.check.compliance.hipaa: 164.310(d)(1)
sca.check.compliance.iso_27001-2013: A.12.2.1
sca.check.compliance.mitre_techniques: T1068,T1203,T1211,T1212
sca.check.command: [" dpkg-query -s autofs"]
sca.check.result: passed

** Alert 1757863499.94872: - sca,gdpr_IV_35.7.d,pci_dss_2.2,nist_800_53_CM.1,tsc_CC7.1,tsc_CC7.2,
2025 Sep 14 17:24:59 student-virtual-machine->sca
Rule: 19007 (level 7) -> 'CIS Ubuntu Linux 22.04 LTS Benchmark v2.0.0.: Ensure AIDE is installed.'
{"type":"check","id":380680914,"policy":"CIS Ubuntu Linux 22.04 LTS Benchmark v2.0.0.","policy_id":"cis_ubuntu22-04","check":{"id":28526,"title":"Ensure AIDE is installed.","description":"AIDE takes a snapshot of filesystem state including modification times, permissions, and file hashes which can then be used to compare against the current state of the filesystem to detect modifications to the system.","rationale":"By monitoring the filesystem state compromised files can be detected to prevent or limit the exposure of accidental or malicious misconfigurations or modified binaries.","remediation":"Install AIDE using the appropriate package manager or manual installation: # apt install aide aide-common Configure AIDE as appropriate for your environment. Consult the AIDE documentation for options. Run the following commands to initialize AIDE: # aideinit # mv /var/lib/aide/aide.db.new /var/lib/aide/aide.db.","compliance":{"cis":"6.1.1","cis_csc_v8":"3.14","cis_csc_v7":"14.9","cmmc_v2.0":"AC.L2-3.1.7","hipaa":"164.312(b),164.312(c)(1),164.312(c)(2)","iso_27001-2013":"A.12.4.3","mitre_techniques":"T1036,T1036.002,T1036.003,T1036.004,T1036.005,T1565,T1565.001","nist_sp_800-53":"AC-6(9)","pci_dss_v3.2.1":"10.2.1,11.5","pci_dss_v4.0":"10.2.1,10.2.1.1","soc_2":"CC6.1"},"rules":["c:dpkg-query -s aide -> r:Status: install ok installed","c:dpkg-query -s aide-common -> r:Status: install ok installed"],"condition":"all","command":"dpkg-query -s aide","result":"failed"}}
sca.type: check
sca.scan_id: 380680914
sca.policy: CIS Ubuntu Linux 22.04 LTS Benchmark v2.0.0.
sca.check.id: 28526
sca.check.title: Ensure AIDE is installed.
sca.check.description: AIDE takes a snapshot of filesystem state including modification times, permissions, and file hashes which can then be used to compare against the current state of the filesystem to detect modifications to the system.
sca.check.rationale: By monitoring the filesystem state compromised files can be detected to prevent or limit the exposure of accidental or malicious misconfigurations or modified binaries.
sca.check.remediation: Install AIDE using the appropriate package manager or manual installation: # apt install aide aide-common Configure AIDE as appropriate for your environment. Consult the AIDE documentation for options. Run the following commands to initialize AIDE: # aideinit # mv /var/lib/aide/aide.db.new /var/lib/aide/aide.db.
sca.check.compliance.cis: 6.1.1
sca.check.compliance.cis_csc_v8: 3.14
sca.check.compliance.cis_csc_v7: 14.9
sca.check.compliance.cmmc_v2.0: AC.L2-3.1.7
sca.check.compliance.hipaa: 164.312(b),164.312(c)(1),164.312(c)(2)
sca.check.compliance.iso_27001-2013: A.12.4.3
sca.check.compliance.mitre_techniques: T1036,T1036.002,T1036.003,T1036.004,T1036.005,T1565,T1565.001
sca.check.compliance.nist_sp_800-53: AC-6(9)
sca.check.compliance.pci_dss_v3.2.1: 10.2.1,11.5
sca.check.compliance.pci_dss_v4.0: 10.2.1,10.2.1.1
sca.check.compliance.soc_2: CC6.1
sca.check.command: ["dpkg-query -s aide"]
sca.check.result: failed

** Alert 1757863499.98141: - sca,gdpr_IV_35.7.d,pci_dss_2.2,nist_800_53_CM.1,tsc_CC7.1,tsc_CC7.2,
2025 Sep 14 17:24:59 student-virtual-machine->sca
Rule: 19007 (level 7) -> 'CIS Ubuntu Linux 22.04 LTS Benchmark v2.0.0.: Ensure bootloader password is set.'
{"type":"check","id":380680914,"policy":"CIS Ubuntu Linux 22.04 LTS Benchmark v2.0.0.","policy_id":"cis_ubuntu22-04","check":{"id":28527,"title":"Ensure bootloader password is set.","description":"Setting the boot loader password will require that anyone rebooting the system must enter a password before being able to set command line boot parameters.","rationale":"Requiring a boot password upon execution of the boot loader will prevent an unauthorized user from entering boot parameters or changing the boot partition. This prevents users from weakening security (e.g. turning off AppArmor at boot time).","remediation":"Create an encrypted password with grub-mkpasswd-pbkdf2: # grub-mkpasswd-pbkdf2 --iteration-count=600000 --salt=64 Enter password: <password> Reenter password: <password> PBKDF2 hash of your password is <encrypted-password> Add the following into a custom /etc/grub.d configuration file: cat <<EOF exec tail -n +2 $0 set superusers=\"<username>\" password_pbkdf2 <username> <encrypted-password> EOF The superuser/user information and password should not be contained in the /etc/grub.d/00_header file as this file could be overwritten in a package update. If there is a requirement to be able to boot/reboot without entering the password, edit /etc/grub.d/10_linux and add --unrestricted to the line CLASS= Example: CLASS=\"--class gnu-linux --class gnu --class os --unrestricted\" Run the following command to update the grub2 configuration: # update-grub.","compliance":{"cis":"1.4.1","cis_csc_v8":"3.3","cis_csc_v7":"14.6","cmmc_v2.0":"AC.L1-3.1.1,AC.L1-3.1.2,AC.L2-3.1.3,AC.L2-3.1.5,MP.L2-3.8.2","hipaa":"164.308(a)(3)(i),164.308(a)(3)(ii)(A),164.312(a)(1)","iso_27001-2013":"A.9.1.1","mitre_mitigations":"M1046","mitre_tactics":"TA0003","mitre_techniques":"T1542","nist_sp_800-53":"AC-5,AC-6","pci_dss_v3.2.1":"7.1,7.1.1,7.1.2,7.1.3","pci_dss_v4.0":"1.3.1,7.1","soc_2":"CC5.2,CC6.1"},"rules":["f:/boot/grub/grub.cfg -> r:^\\s*\\t*set superusers=","f:/boot/grub/grub.cfg -> r:^\\s*\\t*password_pbkdf2\\s*\\t*\\w+"],"condition":"all","file":"/boot/grub/grub.cfg","result":"failed"}}
sca.type: check
sca.scan_id: 380680914
sca.policy: CIS Ubuntu Linux 22.04 LTS Benchmark v2.0.0.
sca.check.id: 28527
sca.check.title: Ensure bootloader password is set.
sca.check.description: Setting the boot loader password will require that anyone rebooting the system must enter a password before being able to set command line boot parameters.
sca.check.rationale: Requiring a boot password upon execution of the boot loader will prevent an unauthorized user from entering boot parameters or changing the boot partition. This prevents users from weakening security (e.g. turning off AppArmor at boot time).
sca.check.remediation: Create an encrypted password with grub-mkpasswd-pbkdf2: # grub-mkpasswd-pbkdf2 --iteration-count=600000 --salt=64 Enter password: <password> Reenter password: <password> PBKDF2 hash of your password is <encrypted-password> Add the following into a custom /etc/grub.d configuration file: cat <<EOF exec tail -n +2 $0 set superusers="<username>" password_pbkdf2 <username> <encrypted-password> EOF The superuser/user information and password should not be contained in the /etc/grub.d/00_header file as this file could be overwritten in a package update. If there is a requirement to be able to boot/reboot without entering the password, edit /etc/grub.d/10_linux and add --unrestricted to the line CLASS= Example: CLASS="--class gnu-linux --class gnu --class os --unrestricted" Run the following command to update the grub2 configuration: # update-grub.
sca.check.compliance.cis: 1.4.1
sca.check.compliance.cis_csc_v8: 3.3
sca.check.compliance.cis_csc_v7: 14.6
sca.check.compliance.cmmc_v2.0: AC.L1-3.1.1,AC.L1-3.1.2,AC.L2-3.1.3,AC.L2-3.1.5,MP.L2-3.8.2
sca.check.compliance.hipaa: 164.308(a)(3)(i),164.308(a)(3)(ii)(A),164.312(a)(1)
sca.check.compliance.iso_27001-2013: A.9.1.1
sca.check.compliance.mitre_mitigations: M1046
sca.check.compliance.mitre_tactics: TA0003
sca.check.compliance.mitre_techniques: T1542
sca.check.compliance.nist_sp_800-53: AC-5,AC-6
sca.check.compliance.pci_dss_v3.2.1: 7.1,7.1.1,7.1.2,7.1.3
sca.check.compliance.pci_dss_v4.0: 1.3.1,7.1
sca.check.compliance.soc_2: CC5.2,CC6.1
sca.check.file: ["/boot/grub/grub.cfg"]
sca.check.result: failed

** Alert 1757863499.102708: - sca,gdpr_IV_35.7.d,pci_dss_2.2,nist_800_53_CM.1,tsc_CC7.1,tsc_CC7.2,
2025 Sep 14 17:24:59 student-virtual-machine->sca
Rule: 19007 (level 7) -> 'CIS Ubuntu Linux 22.04 LTS Benchmark v2.0.0.: Ensure access to bootloader config is configured.'
{"type":"check","id":380680914,"policy":"CIS Ubuntu Linux 22.04 LTS Benchmark v2.0.0.","policy_id":"cis_ubuntu22-04","check":{"id":28528,"title":"Ensure access to bootloader config is configured.","description":"The grub configuration file contains information on boot settings and passwords for unlocking boot options.","rationale":"Setting the permissions to read and write for root only prevents non-root users from seeing the boot parameters or changing them. Non-root users who read the boot parameters may be able to identify weaknesses in security upon boot and be able to exploit them.","remediation":"Run the following commands to set permissions on your grub configuration: # chown root:root /boot/grub/grub.cfg # chmod u-x,go-rwx /boot/grub/grub.cfg.","compliance":{"cis":"1.4.2","cis_csc_v8":"3.3","cis_csc_v7":"14.6","cmmc_v2.0":"AC.L1-3.1.1,AC.L1-3.1.2,AC.L2-3.1.3,AC.L2-3.1.5,MP.L2-3.8.2","hipaa":"164.308(a)(3)(i),164.308(a)(3)(ii)(A),164.312(a)(1)","iso_27001-2013":"A.9.1.1","mitre_mitigations":"M1022","mitre_tactics":"TA0005,TA0007","mitre_techniques":"T1542","nist_sp_800-53":"AC-5,AC-6","pci_dss_v3.2.1":"7.1,7.1.1,7.1.2,7.1.3","pci_dss_v4.0":"1.3.1,7.1","soc_2":"CC5.2,CC6.1"},"rules":["c:stat -Lc \"%n %a %u %U %g %G\" /boot/grub/grub.cfg -> r:0 root 0 root && r:600|400"],"condition":"all","command":"stat -Lc \"%n %a %u %U %g %G\" /boot/grub/grub.cfg","result":"failed"}}
sca.type: check
sca.scan_id: 380680914
sca.policy: CIS Ubuntu Linux 22.04 LTS Benchmark v2.0.0.
sca.check.id: 28528
sca.check.title: Ensure access to bootloader config is configured.
sca.check.description: The grub configuration file contains information on boot settings and passwords for unlocking boot options.
sca.check.rationale: Setting the permissions to read and write for root only prevents non-root users from seeing the boot parameters or changing them. Non-root users who read the boot parameters may be able to identify weaknesses in security upon boot and be able to exploit them.
sca.check.remediation: Run the following commands to set permissions on your grub configuration: # chown root:root /boot/grub/grub.cfg # chmod u-x,go-rwx /boot/grub/grub.cfg.
sca.check.compliance.cis: 1.4.2
sca.check.compliance.cis_csc_v8: 3.3
sca.check.compliance.cis_csc_v7: 14.6
sca.check.compliance.cmmc_v2.0: AC.L1-3.1.1,AC.L1-3.1.2,AC.L2-3.1.3,AC.L2-3.1.5,MP.L2-3.8.2
sca.check.compliance.hipaa: 164.308(a)(3)(i),164.308(a)(3)(ii)(A),164.312(a)(1)
sca.check.compliance.iso_27001-2013: A.9.1.1
sca.check.compliance.mitre_mitigations: M1022
sca.check.compliance.mitre_tactics: TA0005,TA0007
sca.check.compliance.mitre_techniques: T1542
sca.check.compliance.nist_sp_800-53: AC-5,AC-6
sca.check.compliance.pci_dss_v3.2.1: 7.1,7.1.1,7.1.2,7.1.3
sca.check.compliance.pci_dss_v4.0: 1.3.1,7.1
sca.check.compliance.soc_2: CC5.2,CC6.1
sca.check.command: ["stat -Lc \"%n %a %u %U %g %G\" /boot/grub/grub.cfg"]
sca.check.result: failed

** Alert 1757863499.105904: - sca,gdpr_IV_35.7.d,pci_dss_2.2,nist_800_53_CM.1,tsc_CC7.1,tsc_CC7.2,
2025 Sep 14 17:24:59 student-virtual-machine->sca
Rule: 19008 (level 3) -> 'CIS Ubuntu Linux 22.04 LTS Benchmark v2.0.0.: Ensure prelink is not installed.'
{"type":"check","id":380680914,"policy":"CIS Ubuntu Linux 22.04 LTS Benchmark v2.0.0.","policy_id":"cis_ubuntu22-04","check":{"id":28530,"title":"Ensure prelink is not installed.","description":"prelink is a program that modifies ELF shared libraries and ELF dynamically linked binaries in such a way that the time needed for the dynamic linker to perform relocations at startup significantly decreases.","rationale":"The prelinking feature can interfere with the operation of AIDE, because it changes binaries. Prelinking can also increase the vulnerability of the system if a malicious user is able to compromise a common library such as libc.","remediation":"Run the following command to restore binaries to normal: # prelink -ua Uninstall prelink using the appropriate package manager or manual installation: # apt purge prelink.","compliance":{"cis":"1.5.4","cis_csc_v8":"3.14","cis_csc_v7":"14.9","cmmc_v2.0":"AC.L2-3.1.7","hipaa":"164.312(b),164.312(c)(1),164.312(c)(2)","iso_27001-2013":"A.12.4.3","mitre_mitigations":"M1050","mitre_tactics":"TA0002","mitre_techniques":"T1055,T1055.009,T1065,T1065.001","nist_sp_800-53":"AC-6(9)","pci_dss_v3.2.1":"10.2.1,11.5","pci_dss_v4.0":"10.2.1,10.2.1.1","soc_2":"CC6.1"},"rules":["c:dpkg-query -s prelink -> r:package 'prelink' is not installed","not c:dpkg-query -s prelink -> r:install ok installed"],"condition":"any","command":"dpkg-query -s prelink","result":"passed"}}
sca.type: check
sca.scan_id: 380680914
sca.policy: CIS Ubuntu Linux 22.04 LTS Benchmark v2.0.0.
sca.check.id: 28530
sca.check.title: Ensure prelink is not installed.
sca.check.description: prelink is a program that modifies ELF shared libraries and ELF dynamically linked binaries in such a way that the time needed for the dynamic linker to perform relocations at startup significantly decreases.
sca.check.rationale: The prelinking feature can interfere with the operation of AIDE, because it changes binaries. Prelinking can also increase the vulnerability of the system if a malicious user is able to compromise a common library such as libc.
sca.check.remediation: Run the following command to restore binaries to normal: # prelink -ua Uninstall prelink using the appropriate package manager or manual installation: # apt purge prelink.
sca.check.compliance.cis: 1.5.4
sca.check.compliance.cis_csc_v8: 3.14
sca.check.compliance.cis_csc_v7: 14.9
sca.check.compliance.cmmc_v2.0: AC.L2-3.1.7
sca.check.compliance.hipaa: 164.312(b),164.312(c)(1),164.312(c)(2)
sca.check.compliance.iso_27001-2013: A.12.4.3
sca.check.compliance.mitre_mitigations: M1050
sca.check.compliance.mitre_tactics: TA0002
sca.check.compliance.mitre_techniques: T1055,T1055.009,T1065,T1065.001
sca.check.compliance.nist_sp_800-53: AC-6(9)
sca.check.compliance.pci_dss_v3.2.1: 10.2.1,11.5
sca.check.compliance.pci_dss_v4.0: 10.2.1,10.2.1.1
sca.check.compliance.soc_2: CC6.1
sca.check.command: ["dpkg-query -s prelink"]
sca.check.result: passed

** Alert 1757863499.109100: - sca,gdpr_IV_35.7.d,pci_dss_2.2,nist_800_53_CM.1,tsc_CC7.1,tsc_CC7.2,
2025 Sep 14 17:24:59 student-virtual-machine->sca
Rule: 19007 (level 7) -> 'CIS Ubuntu Linux 22.04 LTS Benchmark v2.0.0.: Ensure Automatic Error Reporting is not enabled.'
{"type":"check","id":380680914,"policy":"CIS Ubuntu Linux 22.04 LTS Benchmark v2.0.0.","policy_id":"cis_ubuntu22-04","check":{"id":28531,"title":"Ensure Automatic Error Reporting is not enabled.","description":"The Apport Error Reporting Service automatically generates crash reports for debugging.","rationale":"Apport collects potentially sensitive data, such as core dumps, stack traces, and log files. They can contain passwords, credit card numbers, serial numbers, and other private material.","remediation":"Edit /etc/default/apport and add or edit the enabled parameter to equal 0: enabled=0 Run the following commands to stop and mask the apport service # systemctl stop apport.service # systemctl mask apport.service - OR - Run the following command to remove the apport package: # apt purge apport.","compliance":{"cis":"1.5.5","cis_csc_v8":"4.8","cis_csc_v7":"9.2","cmmc_v2.0":"CM.L2-3.4.7,CM.L2-3.4.8,SC.L2-3.13.6","iso_27001-2013":"A.13.1.3","pci_dss_v3.2.1":"1.1.6,1.2.1,2.2.2,2.2.5","pci_dss_v4.0":"1.2.5,2.2.4,6.4.1","soc_2":"CC6.3,CC6.6"},"rules":["c:systemctl is-enabled apport.service -> r:disabled","not f:/etc/default/apport -> n:enabled=(\\d+) compare != 0","not c:systemctl is-active apport.service -> r:active"],"condition":"all","command":"systemctl is-enabled apport.service","result":"failed"}}
sca.type: check
sca.scan_id: 380680914
sca.policy: CIS Ubuntu Linux 22.04 LTS Benchmark v2.0.0.
sca.check.id: 28531
sca.check.title: Ensure Automatic Error Reporting is not enabled.
sca.check.description: The Apport Error Reporting Service automatically generates crash reports for debugging.
sca.check.rationale: Apport collects potentially sensitive data, such as core dumps, stack traces, and log files. They can contain passwords, credit card numbers, serial numbers, and other private material.
sca.check.remediation: Edit /etc/default/apport and add or edit the enabled parameter to equal 0: enabled=0 Run the following commands to stop and mask the apport service # systemctl stop apport.service # systemctl mask apport.service - OR - Run the following command to remove the apport package: # apt purge apport.
sca.check.compliance.cis: 1.5.5
sca.check.compliance.cis_csc_v8: 4.8
sca.check.compliance.cis_csc_v7: 9.2
sca.check.compliance.cmmc_v2.0: CM.L2-3.4.7,CM.L2-3.4.8,SC.L2-3.13.6
sca.check.compliance.iso_27001-2013: A.13.1.3
sca.check.compliance.pci_dss_v3.2.1: 1.1.6,1.2.1,2.2.2,2.2.5
sca.check.compliance.pci_dss_v4.0: 1.2.5,2.2.4,6.4.1
sca.check.compliance.soc_2: CC6.3,CC6.6
sca.check.command: ["systemctl is-enabled apport.service"]
sca.check.result: failed

** Alert 1757863499.111972: - sca,gdpr_IV_35.7.d,pci_dss_2.2,nist_800_53_CM.1,tsc_CC7.1,tsc_CC7.2,
2025 Sep 14 17:24:59 student-virtual-machine->sca
Rule: 19007 (level 7) -> 'CIS Ubuntu Linux 22.04 LTS Benchmark v2.0.0.: Ensure AppArmor is installed.'
{"type":"check","id":380680914,"policy":"CIS Ubuntu Linux 22.04 LTS Benchmark v2.0.0.","policy_id":"cis_ubuntu22-04","check":{"id":28533,"title":"Ensure AppArmor is installed.","description":"AppArmor provides Mandatory Access Controls.","rationale":"Without a Mandatory Access Control system installed only the default Discretionary Access Control system will be available.","remediation":"Install AppArmor. # apt install apparmor apparmor-utils.","compliance":{"cis":"1.3.1.1","cis_csc_v8":"3.3","cis_csc_v7":"14.6","cmmc_v2.0":"AC.L1-3.1.1,AC.L1-3.1.2,AC.L2-3.1.3,AC.L2-3.1.5,MP.L2-3.8.2","hipaa":"164.308(a)(3)(i),164.308(a)(3)(ii)(A),164.312(a)(1)","iso_27001-2013":"A.9.1.1","mitre_mitigations":"M1026","mitre_tactics":"TA0003","mitre_techniques":"T1068,T1565,T1565.001,T1565.003","nist_sp_800-53":"AC-5,AC-6","pci_dss_v3.2.1":"7.1,7.1.1,7.1.2,7.1.3","pci_dss_v4.0":"1.3.1,7.1","soc_2":"CC5.2,CC6.1"},"rules":["c:dpkg-query -s apparmor -> r:Status: install ok installed","c:dpkg-query -s apparmor-utils -> r:Status: install ok installed"],"condition":"all","command":"dpkg-query -s apparmor,dpkg-query -s apparmor-utils","result":"failed"}}
sca.type: check
sca.scan_id: 380680914
sca.policy: CIS Ubuntu Linux 22.04 LTS Benchmark v2.0.0.
sca.check.id: 28533
sca.check.title: Ensure AppArmor is installed.
sca.check.description: AppArmor provides Mandatory Access Controls.
sca.check.rationale: Without a Mandatory Access Control system installed only the default Discretionary Access Control system will be available.
sca.check.remediation: Install AppArmor. # apt install apparmor apparmor-utils.
sca.check.compliance.cis: 1.3.1.1
sca.check.compliance.cis_csc_v8: 3.3
sca.check.compliance.cis_csc_v7: 14.6
sca.check.compliance.cmmc_v2.0: AC.L1-3.1.1,AC.L1-3.1.2,AC.L2-3.1.3,AC.L2-3.1.5,MP.L2-3.8.2
sca.check.compliance.hipaa: 164.308(a)(3)(i),164.308(a)(3)(ii)(A),164.312(a)(1)
sca.check.compliance.iso_27001-2013: A.9.1.1
sca.check.compliance.mitre_mitigations: M1026
sca.check.compliance.mitre_tactics: TA0003
sca.check.compliance.mitre_techniques: T1068,T1565,T1565.001,T1565.003
sca.check.compliance.nist_sp_800-53: AC-5,AC-6
sca.check.compliance.pci_dss_v3.2.1: 7.1,7.1.1,7.1.2,7.1.3
sca.check.compliance.pci_dss_v4.0: 1.3.1,7.1
sca.check.compliance.soc_2: CC5.2,CC6.1
sca.check.command: ["dpkg-query -s apparmor", "dpkg-query -s apparmor-utils"]
sca.check.result: failed

** Alert 1757863499.114608: - sca,gdpr_IV_35.7.d,pci_dss_2.2,nist_800_53_CM.1,tsc_CC7.1,tsc_CC7.2,
2025 Sep 14 17:24:59 student-virtual-machine->sca
Rule: 19007 (level 7) -> 'CIS Ubuntu Linux 22.04 LTS Benchmark v2.0.0.: Ensure AppArmor is enabled in the bootloader configuration.'
{"type":"check","id":380680914,"policy":"CIS Ubuntu Linux 22.04 LTS Benchmark v2.0.0.","policy_id":"cis_ubuntu22-04","check":{"id":28534,"title":"Ensure AppArmor is enabled in the bootloader configuration.","description":"Configure AppArmor to be enabled at boot time and verify that it has not been overwritten by the bootloader boot parameters. Note: This recommendation is designed around the grub bootloader, if LILO or another bootloader is in use in your environment enact equivalent settings.","rationale":"AppArmor must be enabled at boot time in your bootloader configuration to ensure that the controls it provides are not overridden.","remediation":"Edit /etc/default/grub and add the apparmor=1 and security=apparmor parameters to the GRUB_CMDLINE_LINUX= line GRUB_CMDLINE_LINUX=\"apparmor=1 security=apparmor\" Run the following command to update the grub2 configuration: # update-grub.","compliance":{"cis":"1.3.1.2","cis_csc_v8":"3.3","cis_csc_v7":"14.6","cmmc_v2.0":"AC.L1-3.1.1,AC.L1-3.1.2,AC.L2-3.1.3,AC.L2-3.1.5,MP.L2-3.8.2","hipaa":"164.308(a)(3)(i),164.308(a)(3)(ii)(A),164.312(a)(1)","iso_27001-2013":"A.9.1.1","mitre_mitigations":"M1026","mitre_tactics":"TA0003","mitre_techniques":"T1068,T1565,T1565.001,T1565.003","nist_sp_800-53":"AC-5,AC-6","pci_dss_v3.2.1":"7.1,7.1.1,7.1.2,7.1.3","pci_dss_v4.0":"1.3.1,7.1","soc_2":"CC5.2,CC6.1"},"rules":["f:/boot/grub/grub.cfg -> r:^\\s*\\t*linux && !r:apparmor=1","f:/boot/grub/grub.cfg -> r:^\\s*\\t*linux && !r:security=apparmor"],"condition":"none","file":"/boot/grub/grub.cfg","result":"failed"}}
sca.type: check
sca.scan_id: 380680914
sca.policy: CIS Ubuntu Linux 22.04 LTS Benchmark v2.0.0.
sca.check.id: 28534
sca.check.title: Ensure AppArmor is enabled in the bootloader configuration.
sca.check.description: Configure AppArmor to be enabled at boot time and verify that it has not been overwritten by the bootloader boot parameters. Note: This recommendation is designed around the grub bootloader, if LILO or another bootloader is in use in your environment enact equivalent settings.
sca.check.rationale: AppArmor must be enabled at boot time in your bootloader configuration to ensure that the controls it provides are not overridden.
sca.check.remediation: Edit /etc/default/grub and add the apparmor=1 and security=apparmor parameters to the GRUB_CMDLINE_LINUX= line GRUB_CMDLINE_LINUX="apparmor=1 security=apparmor" Run the following command to update the grub2 configuration: # update-grub.
sca.check.compliance.cis: 1.3.1.2
sca.check.compliance.cis_csc_v8: 3.3
sca.check.compliance.cis_csc_v7: 14.6
sca.check.compliance.cmmc_v2.0: AC.L1-3.1.1,AC.L1-3.1.2,AC.L2-3.1.3,AC.L2-3.1.5,MP.L2-3.8.2
sca.check.compliance.hipaa: 164.308(a)(3)(i),164.308(a)(3)(ii)(A),164.312(a)(1)
sca.check.compliance.iso_27001-2013: A.9.1.1
sca.check.compliance.mitre_mitigations: M1026
sca.check.compliance.mitre_tactics: TA0003
sca.check.compliance.mitre_techniques: T1068,T1565,T1565.001,T1565.003
sca.check.compliance.nist_sp_800-53: AC-5,AC-6
sca.check.compliance.pci_dss_v3.2.1: 7.1,7.1.1,7.1.2,7.1.3
sca.check.compliance.pci_dss_v4.0: 1.3.1,7.1
sca.check.compliance.soc_2: CC5.2,CC6.1
sca.check.file: ["/boot/grub/grub.cfg"]
sca.check.result: failed

** Alert 1757863499.118105: - sca,gdpr_IV_35.7.d,pci_dss_2.2,nist_800_53_CM.1,tsc_CC7.1,tsc_CC7.2,
2025 Sep 14 17:24:59 student-virtual-machine->sca
Rule: 19008 (level 3) -> 'CIS Ubuntu Linux 22.04 LTS Benchmark v2.0.0.: Ensure message of the day is configured properly.'
{"type":"check","id":380680914,"policy":"CIS Ubuntu Linux 22.04 LTS Benchmark v2.0.0.","policy_id":"cis_ubuntu22-04","check":{"id":28537,"title":"Ensure message of the day is configured properly.","description":"The contents of the /etc/motd file are displayed to users after login and function as a message of the day for authenticated users. Unix-based systems have typically displayed information about the OS release and patch level upon logging in to the system. This information can be useful to developers who are developing software for a particular OS platform. If mingetty(8) supports the following options, they display operating system information: \\m - machine architecture \\r - operating system release \\s - operating system name \\v - operating system version.","rationale":"Warning messages inform users who are attempting to login to the system of their legal status regarding the system and must include the name of the organization that owns the system and any monitoring policies that are in place. Displaying OS and patch level information in login banners also has the side effect of providing detailed system information to attackers attempting to target specific exploits of a system. Authorized users can easily get this information by running the \" uname -a \" command once they have logged in.","remediation":"Edit the /etc/motd file with the appropriate contents according to your site policy, remove any instances of \\m , \\r , \\s , \\v or references to the OS platform - OR - - IF - the motd is not used, this file can be removed. Run the following command to remove the motd file: # rm /etc/motd.","compliance":{"cis":"1.6.1","mitre_tactics":"TA0007","mitre_techniques":"T1082,T1592,T1592.004"},"rules":["not f:/etc/motd","not f:/etc/motd -> r:\\\\v|\\\\r|\\\\m|\\s|Debian|Ubuntu"],"condition":"any","file":"/etc/motd","result":"passed"}}
sca.type: check
sca.scan_id: 380680914
sca.policy: CIS Ubuntu Linux 22.04 LTS Benchmark v2.0.0.
sca.check.id: 28537
sca.check.title: Ensure message of the day is configured properly.
sca.check.description: The contents of the /etc/motd file are displayed to users after login and function as a message of the day for authenticated users. Unix-based systems have typically displayed information about the OS release and patch level upon logging in to the system. This information can be useful to developers who are developing software for a particular OS platform. If mingetty(8) supports the following options, they display operating system information: \m - machine architecture \r - operating system release \s - operating system name \v - operating system version.
sca.check.rationale: Warning messages inform users who are attempting to login to the system of their legal status regarding the system and must include the name of the organization that owns the system and any monitoring policies that are in place. Displaying OS and patch level information in login banners also has the side effect of providing detailed system information to attackers attempting to target specific exploits of a system. Authorized users can easily get this information by running the " uname -a " command once they have logged in.
sca.check.remediation: Edit the /etc/motd file with the appropriate contents according to your site policy, remove any instances of \m , \r , \s , \v or references to the OS platform - OR - - IF - the motd is not used, this file can be removed. Run the following command to remove the motd file: # rm /etc/motd.
sca.check.compliance.cis: 1.6.1
sca.check.compliance.mitre_tactics: TA0007
sca.check.compliance.mitre_techniques: T1082,T1592,T1592.004
sca.check.file: ["/etc/motd"]
sca.check.result: passed

** Alert 1757863499.122077: - sca,gdpr_IV_35.7.d,pci_dss_2.2,nist_800_53_CM.1,tsc_CC7.1,tsc_CC7.2,
2025 Sep 14 17:24:59 student-virtual-machine->sca
Rule: 19007 (level 7) -> 'CIS Ubuntu Linux 22.04 LTS Benchmark v2.0.0.: Ensure local login warning banner is configured properly.'
{"type":"check","id":380680914,"policy":"CIS Ubuntu Linux 22.04 LTS Benchmark v2.0.0.","policy_id":"cis_ubuntu22-04","check":{"id":28538,"title":"Ensure local login warning banner is configured properly.","description":"The contents of the /etc/issue file are displayed to users prior to login for local terminals. Unix-based systems have typically displayed information about the OS release and patch level upon logging in to the system. This information can be useful to developers who are developing software for a particular OS platform. If mingetty(8) supports the following options, they display operating system information: \\m - machine architecture \\r - operating system release \\s - operating system name \\v - operating system version - or the operating system's name.","rationale":"Warning messages inform users who are attempting to login to the system of their legal status regarding the system and must include the name of the organization that owns the system and any monitoring policies that are in place. Displaying OS and patch level information in login banners also has the side effect of providing detailed system information to attackers attempting to target specific exploits of a system. Authorized users can easily get this information by running the \" uname -a \" command once they have logged in.","remediation":"Edit the /etc/issue file with the appropriate contents according to your site policy, remove any instances of \\m , \\r , \\s , \\v or references to the OS platform Example: # echo \"Authorized users only. All activity may be monitored and reported.\" > /etc/issue.","compliance":{"cis":"1.6.2","mitre_tactics":"TA0007","mitre_techniques":"T1082,T1592,T1592.004"},"rules":["not f:/etc/issue -> r:\\\\v|\\\\r|\\\\m|\\\\s|Debian|Ubuntu"],"condition":"all","file":"/etc/issue","result":"failed"}}
sca.type: check
sca.scan_id: 380680914
sca.policy: CIS Ubuntu Linux 22.04 LTS Benchmark v2.0.0.
sca.check.id: 28538
sca.check.title: Ensure local login warning banner is configured properly.
sca.check.description: The contents of the /etc/issue file are displayed to users prior to login for local terminals. Unix-based systems have typically displayed information about the OS release and patch level upon logging in to the system. This information can be useful to developers who are developing software for a particular OS platform. If mingetty(8) supports the following options, they display operating system information: \m - machine architecture \r - operating system release \s - operating system name \v - operating system version - or the operating system's name.
sca.check.rationale: Warning messages inform users who are attempting to login to the system of their legal status regarding the system and must include the name of the organization that owns the system and any monitoring policies that are in place. Displaying OS and patch level information in login banners also has the side effect of providing detailed system information to attackers attempting to target specific exploits of a system. Authorized users can easily get this information by running the " uname -a " command once they have logged in.
sca.check.remediation: Edit the /etc/issue file with the appropriate contents according to your site policy, remove any instances of \m , \r , \s , \v or references to the OS platform Example: # echo "Authorized users only. All activity may be monitored and reported." > /etc/issue.
sca.check.compliance.cis: 1.6.2
sca.check.compliance.mitre_tactics: TA0007
sca.check.compliance.mitre_techniques: T1082,T1592,T1592.004
sca.check.file: ["/etc/issue"]
sca.check.result: failed

** Alert 1757863499.125996: - sca,gdpr_IV_35.7.d,pci_dss_2.2,nist_800_53_CM.1,tsc_CC7.1,tsc_CC7.2,
2025 Sep 14 17:24:59 student-virtual-machine->sca
Rule: 19007 (level 7) -> 'CIS Ubuntu Linux 22.04 LTS Benchmark v2.0.0.: Ensure remote login warning banner is configured properly.'
{"type":"check","id":380680914,"policy":"CIS Ubuntu Linux 22.04 LTS Benchmark v2.0.0.","policy_id":"cis_ubuntu22-04","check":{"id":28539,"title":"Ensure remote login warning banner is configured properly.","description":"The contents of the /etc/issue.net file are displayed to users prior to login for remote connections from configured services. Unix-based systems have typically displayed information about the OS release and patch level upon logging in to the system. This information can be useful to developers who are developing software for a particular OS platform. If mingetty(8) supports the following options, they display operating system information: \\m - machine architecture \\r - operating system release \\s - operating system name \\v - operating system version.","rationale":"Warning messages inform users who are attempting to login to the system of their legal status regarding the system and must include the name of the organization that owns the system and any monitoring policies that are in place. Displaying OS and patch level information in login banners also has the side effect of providing detailed system information to attackers attempting to target specific exploits of a system. Authorized users can easily get this information by running the \" uname -a \" command once they have logged in.","remediation":"Edit the /etc/issue.net file with the appropriate contents according to your site policy, remove any instances of \\m , \\r , \\s , \\v or references to the OS platform Example: # echo \"Authorized users only. All activity may be monitored and reported.\" > /etc/issue.net.","compliance":{"cis":"1.6.3","mitre_tactics":"TA0007","mitre_techniques":"T1018,T1082,T1592,T1592.004"},"rules":["not f:/etc/issue.net -> r:\\\\v|\\\\r|\\\\m|\\\\s|Debian|Ubuntu"],"condition":"all","file":"/etc/issue.net","result":"failed"}}
sca.type: check
sca.scan_id: 380680914
sca.policy: CIS Ubuntu Linux 22.04 LTS Benchmark v2.0.0.
sca.check.id: 28539
sca.check.title: Ensure remote login warning banner is configured properly.
sca.check.description: The contents of the /etc/issue.net file are displayed to users prior to login for remote connections from configured services. Unix-based systems have typically displayed information about the OS release and patch level upon logging in to the system. This information can be useful to developers who are developing software for a particular OS platform. If mingetty(8) supports the following options, they display operating system information: \m - machine architecture \r - operating system release \s - operating system name \v - operating system version.
sca.check.rationale: Warning messages inform users who are attempting to login to the system of their legal status regarding the system and must include the name of the organization that owns the system and any monitoring policies that are in place. Displaying OS and patch level information in login banners also has the side effect of providing detailed system information to attackers attempting to target specific exploits of a system. Authorized users can easily get this information by running the " uname -a " command once they have logged in.
sca.check.remediation: Edit the /etc/issue.net file with the appropriate contents according to your site policy, remove any instances of \m , \r , \s , \v or references to the OS platform Example: # echo "Authorized users only. All activity may be monitored and reported." > /etc/issue.net.
sca.check.compliance.cis: 1.6.3
sca.check.compliance.mitre_tactics: TA0007
sca.check.compliance.mitre_techniques: T1018,T1082,T1592,T1592.004
sca.check.file: ["/etc/issue.net"]
sca.check.result: failed

** Alert 1757863499.129956: - sca,gdpr_IV_35.7.d,pci_dss_2.2,nist_800_53_CM.1,tsc_CC7.1,tsc_CC7.2,
2025 Sep 14 17:24:59 student-virtual-machine->sca
Rule: 19008 (level 3) -> 'CIS Ubuntu Linux 22.04 LTS Benchmark v2.0.0.: Ensure access to /etc/motd is configured.'
{"type":"check","id":380680914,"policy":"CIS Ubuntu Linux 22.04 LTS Benchmark v2.0.0.","policy_id":"cis_ubuntu22-04","check":{"id":28540,"title":"Ensure access to /etc/motd is configured.","description":"The contents of the /etc/motd file are displayed to users after login and function as a message of the day for authenticated users.","rationale":"- IF - the /etc/motd file does not have the correct access configured, it could be modified by unauthorized users with incorrect or misleading information.","remediation":"Run the following commands to set mode, owner, and group on /etc/motd: # chown root:root $(readlink -e /etc/motd) # chmod u-x,go-wx $(readlink -e /etc/motd) - OR - Run the following command to remove the /etc/motd file: # rm /etc/motd.","compliance":{"cis":"1.6.4","cis_csc_v8":"3.3","cis_csc_v7":"14.6","cmmc_v2.0":"AC.L1-3.1.1,AC.L1-3.1.2,AC.L2-3.1.3,AC.L2-3.1.5,MP.L2-3.8.2","hipaa":"164.308(a)(3)(i),164.308(a)(3)(ii)(A),164.312(a)(1)","iso_27001-2013":"A.9.1.1","mitre_mitigations":"M1022","mitre_tactics":"TA0005","mitre_techniques":"T1222,T1222.002","nist_sp_800-53":"AC-5,AC-6","pci_dss_v3.2.1":"7.1,7.1.1,7.1.2,7.1.3","pci_dss_v4.0":"1.3.1,7.1","soc_2":"CC5.2,CC6.1"},"rules":["not f:/etc/motd","c:stat -Lc \"%n %a %u %U %g %G\" /etc/motd -> r:0 root 0 root && r:644|640|600|400"],"condition":"any","file":"/etc/motd","result":"passed"}}
sca.type: check
sca.scan_id: 380680914
sca.policy: CIS Ubuntu Linux 22.04 LTS Benchmark v2.0.0.
sca.check.id: 28540
sca.check.title: Ensure access to /etc/motd is configured.
sca.check.description: The contents of the /etc/motd file are displayed to users after login and function as a message of the day for authenticated users.
sca.check.rationale: - IF - the /etc/motd file does not have the correct access configured, it could be modified by unauthorized users with incorrect or misleading information.
sca.check.remediation: Run the following commands to set mode, owner, and group on /etc/motd: # chown root:root $(readlink -e /etc/motd) # chmod u-x,go-wx $(readlink -e /etc/motd) - OR - Run the following command to remove the /etc/motd file: # rm /etc/motd.
sca.check.compliance.cis: 1.6.4
sca.check.compliance.cis_csc_v8: 3.3
sca.check.compliance.cis_csc_v7: 14.6
sca.check.compliance.cmmc_v2.0: AC.L1-3.1.1,AC.L1-3.1.2,AC.L2-3.1.3,AC.L2-3.1.5,MP.L2-3.8.2
sca.check.compliance.hipaa: 164.308(a)(3)(i),164.308(a)(3)(ii)(A),164.312(a)(1)
sca.check.compliance.iso_27001-2013: A.9.1.1
sca.check.compliance.mitre_mitigations: M1022
sca.check.compliance.mitre_tactics: TA0005
sca.check.compliance.mitre_techniques: T1222,T1222.002
sca.check.compliance.nist_sp_800-53: AC-5,AC-6
sca.check.compliance.pci_dss_v3.2.1: 7.1,7.1.1,7.1.2,7.1.3
sca.check.compliance.pci_dss_v4.0: 1.3.1,7.1
sca.check.compliance.soc_2: CC5.2,CC6.1
sca.check.file: ["/etc/motd"]
sca.check.result: passed

** Alert 1757863499.133070: - sca,gdpr_IV_35.7.d,pci_dss_2.2,nist_800_53_CM.1,tsc_CC7.1,tsc_CC7.2,
2025 Sep 14 17:24:59 student-virtual-machine->sca
Rule: 19008 (level 3) -> 'CIS Ubuntu Linux 22.04 LTS Benchmark v2.0.0.: Ensure access to /etc/issue is configured.'
{"type":"check","id":380680914,"policy":"CIS Ubuntu Linux 22.04 LTS Benchmark v2.0.0.","policy_id":"cis_ubuntu22-04","check":{"id":28541,"title":"Ensure access to /etc/issue is configured.","description":"The contents of the /etc/issue file are displayed to users prior to login for local terminals.","rationale":"- IF - the /etc/issue file does not have the correct access configured, it could be modified by unauthorized users with incorrect or misleading information.","remediation":"Run the following commands to set mode, owner, and group on /etc/issue: # chown root:root $(readlink -e /etc/issue) # chmod u-x,go-wx $(readlink -e /etc/issue).","compliance":{"cis":"1.6.5","cis_csc_v8":"3.3","cis_csc_v7":"14.6","cmmc_v2.0":"AC.L1-3.1.1,AC.L1-3.1.2,AC.L2-3.1.3,AC.L2-3.1.5,MP.L2-3.8.2","hipaa":"164.308(a)(3)(i),164.308(a)(3)(ii)(A),164.312(a)(1)","iso_27001-2013":"A.9.1.1","mitre_mitigations":"M1022","mitre_tactics":"TA0005","mitre_techniques":"T1222,T1222.002","nist_sp_800-53":"AC-5,AC-6","pci_dss_v3.2.1":"7.1,7.1.1,7.1.2,7.1.3","pci_dss_v4.0":"1.3.1,7.1","soc_2":"CC5.2,CC6.1"},"rules":["c:stat -Lc \"%n %a %u %U %g %G\" /etc/issue -> r:0 root 0 root && r:644|640|600|400"],"condition":"all","command":"stat -Lc \"%n %a %u %U %g %G\" /etc/issue","result":"passed"}}
sca.type: check
sca.scan_id: 380680914
sca.policy: CIS Ubuntu Linux 22.04 LTS Benchmark v2.0.0.
sca.check.id: 28541
sca.check.title: Ensure access to /etc/issue is configured.
sca.check.description: The contents of the /etc/issue file are displayed to users prior to login for local terminals.
sca.check.rationale: - IF - the /etc/issue file does not have the correct access configured, it could be modified by unauthorized users with incorrect or misleading information.
sca.check.remediation: Run the following commands to set mode, owner, and group on /etc/issue: # chown root:root $(readlink -e /etc/issue) # chmod u-x,go-wx $(readlink -e /etc/issue).
sca.check.compliance.cis: 1.6.5
sca.check.compliance.cis_csc_v8: 3.3
sca.check.compliance.cis_csc_v7: 14.6
sca.check.compliance.cmmc_v2.0: AC.L1-3.1.1,AC.L1-3.1.2,AC.L2-3.1.3,AC.L2-3.1.5,MP.L2-3.8.2
sca.check.compliance.hipaa: 164.308(a)(3)(i),164.308(a)(3)(ii)(A),164.312(a)(1)
sca.check.compliance.iso_27001-2013: A.9.1.1
sca.check.compliance.mitre_mitigations: M1022
sca.check.compliance.mitre_tactics: TA0005
sca.check.compliance.mitre_techniques: T1222,T1222.002
sca.check.compliance.nist_sp_800-53: AC-5,AC-6
sca.check.compliance.pci_dss_v3.2.1: 7.1,7.1.1,7.1.2,7.1.3
sca.check.compliance.pci_dss_v4.0: 1.3.1,7.1
sca.check.compliance.soc_2: CC5.2,CC6.1
sca.check.command: ["stat -Lc \"%n %a %u %U %g %G\" /etc/issue"]
sca.check.result: passed

** Alert 1757863499.136018: - sca,gdpr_IV_35.7.d,pci_dss_2.2,nist_800_53_CM.1,tsc_CC7.1,tsc_CC7.2,
2025 Sep 14 17:24:59 student-virtual-machine->sca
Rule: 19008 (level 3) -> 'CIS Ubuntu Linux 22.04 LTS Benchmark v2.0.0.: Ensure access to /etc/issue.net is configured.'
{"type":"check","id":380680914,"policy":"CIS Ubuntu Linux 22.04 LTS Benchmark v2.0.0.","policy_id":"cis_ubuntu22-04","check":{"id":28542,"title":"Ensure access to /etc/issue.net is configured.","description":"The contents of the /etc/issue.net file are displayed to users prior to login for remote connections from configured services.","rationale":"- IF - the /etc/issue.net file does not have the correct access configured, it could be modified by unauthorized users with incorrect or misleading information.","remediation":"Run the following commands to set mode, owner, and group on /etc/issue.net: # chown root:root $(readlink -e /etc/issue.net) # chmod u-x,go-wx $(readlink -e /etc/issue.net).","compliance":{"cis":"1.6.6","cis_csc_v8":"3.3","cis_csc_v7":"14.6","cmmc_v2.0":"AC.L1-3.1.1,AC.L1-3.1.2,AC.L2-3.1.3,AC.L2-3.1.5,MP.L2-3.8.2","hipaa":"164.308(a)(3)(i),164.308(a)(3)(ii)(A),164.312(a)(1)","iso_27001-2013":"A.9.1.1","mitre_mitigations":"M1022","mitre_tactics":"TA0005","mitre_techniques":"T1222,T1222.002","nist_sp_800-53":"AC-5,AC-6","pci_dss_v3.2.1":"7.1,7.1.1,7.1.2,7.1.3","pci_dss_v4.0":"1.3.1,7.1","soc_2":"CC5.2,CC6.1"},"rules":["c:stat -Lc \"%n %a %u %U %g %G\" /etc/issue.net -> r:0 root 0 root && r:644|640|600|400"],"condition":"all","command":"stat -Lc \"%n %a %u %U %g %G\" /etc/issue.net","result":"passed"}}
sca.type: check
sca.scan_id: 380680914
sca.policy: CIS Ubuntu Linux 22.04 LTS Benchmark v2.0.0.
sca.check.id: 28542
sca.check.title: Ensure access to /etc/issue.net is configured.
sca.check.description: The contents of the /etc/issue.net file are displayed to users prior to login for remote connections from configured services.
sca.check.rationale: - IF - the /etc/issue.net file does not have the correct access configured, it could be modified by unauthorized users with incorrect or misleading information.
sca.check.remediation: Run the following commands to set mode, owner, and group on /etc/issue.net: # chown root:root $(readlink -e /etc/issue.net) # chmod u-x,go-wx $(readlink -e /etc/issue.net).
sca.check.compliance.cis: 1.6.6
sca.check.compliance.cis_csc_v8: 3.3
sca.check.compliance.cis_csc_v7: 14.6
sca.check.compliance.cmmc_v2.0: AC.L1-3.1.1,AC.L1-3.1.2,AC.L2-3.1.3,AC.L2-3.1.5,MP.L2-3.8.2
sca.check.compliance.hipaa: 164.308(a)(3)(i),164.308(a)(3)(ii)(A),164.312(a)(1)
sca.check.compliance.iso_27001-2013: A.9.1.1
sca.check.compliance.mitre_mitigations: M1022
sca.check.compliance.mitre_tactics: TA0005
sca.check.compliance.mitre_techniques: T1222,T1222.002
sca.check.compliance.nist_sp_800-53: AC-5,AC-6
sca.check.compliance.pci_dss_v3.2.1: 7.1,7.1.1,7.1.2,7.1.3
sca.check.compliance.pci_dss_v4.0: 1.3.1,7.1
sca.check.compliance.soc_2: CC5.2,CC6.1
sca.check.command: ["stat -Lc \"%n %a %u %U %g %G\" /etc/issue.net"]
sca.check.result: passed

** Alert 1757863499.139086: - sca,gdpr_IV_35.7.d,pci_dss_2.2,nist_800_53_CM.1,tsc_CC7.1,tsc_CC7.2,
2025 Sep 14 17:24:59 student-virtual-machine->sca
Rule: 19009 (level 3) -> 'CIS Ubuntu Linux 22.04 LTS Benchmark v2.0.0.: Ensure chrony is running as user _chrony.'
{"type":"check","id":380680914,"policy":"CIS Ubuntu Linux 22.04 LTS Benchmark v2.0.0.","policy_id":"cis_ubuntu22-04","check":{"id":28545,"title":"Ensure chrony is running as user _chrony.","description":"The chrony package is installed with a dedicated user account _chrony. This account is granted the access required by the chronyd service.","rationale":"The chronyd service should run with only the required privlidges.","remediation":"Add or edit the user line to /etc/chrony/chrony.conf or a file ending in .conf in /etc/chrony/conf.d/: user _chrony - OR - If another time synchronization service is in use on the system, run the following command to remove chrony from the system: # apt purge chrony # apt autoremove chrony.","compliance":{"cis":"2.3.3.2","cis_csc_v8":"8.4","cis_csc_v7":"6.1","cmmc_v2.0":"AU.L2-3.3.7","iso_27001-2013":"A.12.4.4","mitre_mitigations":"M1022","mitre_tactics":"TA0002","mitre_techniques":"T1070,T1070.002,T1562,T1562.001","nist_sp_800-53":"AU-7","pci_dss_v3.2.1":"10.4","pci_dss_v4.0":"10.6,10.6.1,10.6.2,10.6.3","soc_2":"CC4.1,CC5.2"},"rules":["c:ps -ef -> r:_chrony\\.+chronyd","f:/etc/chrony/chrony.conf -> r:^user _chrony"],"condition":"any","file":"/etc/chrony/chrony.conf","command":"ps -ef","status":"Not applicable","reason":"Could not open file '/etc/chrony/chrony.conf'"}}
sca.type: check
sca.scan_id: 380680914
sca.policy: CIS Ubuntu Linux 22.04 LTS Benchmark v2.0.0.
sca.check.id: 28545
sca.check.title: Ensure chrony is running as user _chrony.
sca.check.description: The chrony package is installed with a dedicated user account _chrony. This account is granted the access required by the chronyd service.
sca.check.rationale: The chronyd service should run with only the required privlidges.
sca.check.remediation: Add or edit the user line to /etc/chrony/chrony.conf or a file ending in .conf in /etc/chrony/conf.d/: user _chrony - OR - If another time synchronization service is in use on the system, run the following command to remove chrony from the system: # apt purge chrony # apt autoremove chrony.
sca.check.compliance.cis: 2.3.3.2
sca.check.compliance.cis_csc_v8: 8.4
sca.check.compliance.cis_csc_v7: 6.1
sca.check.compliance.cmmc_v2.0: AU.L2-3.3.7
sca.check.compliance.iso_27001-2013: A.12.4.4
sca.check.compliance.mitre_mitigations: M1022
sca.check.compliance.mitre_tactics: TA0002
sca.check.compliance.mitre_techniques: T1070,T1070.002,T1562,T1562.001
sca.check.compliance.nist_sp_800-53: AU-7
sca.check.compliance.pci_dss_v3.2.1: 10.4
sca.check.compliance.pci_dss_v4.0: 10.6,10.6.1,10.6.2,10.6.3
sca.check.compliance.soc_2: CC4.1,CC5.2
sca.check.file: ["/etc/chrony/chrony.conf"]
sca.check.command: ["ps -ef"]
sca.check.result: not applicable
sca.check.reason: Could not open file '/etc/chrony/chrony.conf'

** Alert 1757863499.142125: - sca,gdpr_IV_35.7.d,pci_dss_2.2,nist_800_53_CM.1,tsc_CC7.1,tsc_CC7.2,
2025 Sep 14 17:24:59 student-virtual-machine->sca
Rule: 19007 (level 7) -> 'CIS Ubuntu Linux 22.04 LTS Benchmark v2.0.0.: Ensure chrony is enabled and running.'
{"type":"check","id":380680914,"policy":"CIS Ubuntu Linux 22.04 LTS Benchmark v2.0.0.","policy_id":"cis_ubuntu22-04","check":{"id":28546,"title":"Ensure chrony is enabled and running.","description":"chrony is a daemon for synchronizing the system clock across the network.","rationale":"chrony needs to be enabled and running in order to synchronize the system to a timeserver. Time synchronization is important to support time sensitive security mechanisms and to ensure log files have consistent time records across the enterprise to aid in forensic investigations.","remediation":"- IF - chrony is in use on the system, run the following commands: Run the following command to unmask chrony.service: # systemctl unmask chrony.service Run the following command to enable and start chrony.service: # systemctl --now enable chrony.service - OR - If another time synchronization service is in use on the system, run the following command to remove chrony: # apt purge chrony # apt autoremove chrony.","compliance":{"cis":"2.3.3.3","cis_csc_v8":"8.4","cis_csc_v7":"6.1","cmmc_v2.0":"AU.L2-3.3.7","iso_27001-2013":"A.12.4.4","mitre_mitigations":"M1022","mitre_tactics":"TA0002","mitre_techniques":"T1070,T1070.002,T1562,T1562.001","nist_sp_800-53":"AU-7","pci_dss_v3.2.1":"10.4","pci_dss_v4.0":"10.6,10.6.1,10.6.2,10.6.3","soc_2":"CC4.1,CC5.2"},"rules":["c:systemctl is-enabled chrony.service\" -> r:^enabled$","c:\"systemctl is-active chrony.service\" -> r:^active$"],"condition":"all","command":"systemctl is-enabled chrony.service\"","result":"failed"}}
sca.type: check
sca.scan_id: 380680914
sca.policy: CIS Ubuntu Linux 22.04 LTS Benchmark v2.0.0.
sca.check.id: 28546
sca.check.title: Ensure chrony is enabled and running.
sca.check.description: chrony is a daemon for synchronizing the system clock across the network.
sca.check.rationale: chrony needs to be enabled and running in order to synchronize the system to a timeserver. Time synchronization is important to support time sensitive security mechanisms and to ensure log files have consistent time records across the enterprise to aid in forensic investigations.
sca.check.remediation: - IF - chrony is in use on the system, run the following commands: Run the following command to unmask chrony.service: # systemctl unmask chrony.service Run the following command to enable and start chrony.service: # systemctl --now enable chrony.service - OR - If another time synchronization service is in use on the system, run the following command to remove chrony: # apt purge chrony # apt autoremove chrony.
sca.check.compliance.cis: 2.3.3.3
sca.check.compliance.cis_csc_v8: 8.4
sca.check.compliance.cis_csc_v7: 6.1
sca.check.compliance.cmmc_v2.0: AU.L2-3.3.7
sca.check.compliance.iso_27001-2013: A.12.4.4
sca.check.compliance.mitre_mitigations: M1022
sca.check.compliance.mitre_tactics: TA0002
sca.check.compliance.mitre_techniques: T1070,T1070.002,T1562,T1562.001
sca.check.compliance.nist_sp_800-53: AU-7
sca.check.compliance.pci_dss_v3.2.1: 10.4
sca.check.compliance.pci_dss_v4.0: 10.6,10.6.1,10.6.2,10.6.3
sca.check.compliance.soc_2: CC4.1,CC5.2
sca.check.command: ["systemctl is-enabled chrony.service\""]
sca.check.result: failed

** Alert 1757863499.145578: - sca,gdpr_IV_35.7.d,pci_dss_2.2,nist_800_53_CM.1,tsc_CC7.1,tsc_CC7.2,
2025 Sep 14 17:24:59 student-virtual-machine->sca
Rule: 19008 (level 3) -> 'CIS Ubuntu Linux 22.04 LTS Benchmark v2.0.0.: Ensure systemd-timesyncd is enabled and running.'
{"type":"check","id":380680914,"policy":"CIS Ubuntu Linux 22.04 LTS Benchmark v2.0.0.","policy_id":"cis_ubuntu22-04","check":{"id":28547,"title":"Ensure systemd-timesyncd is enabled and running.","description":"systemd-timesyncd is a daemon that has been added for synchronizing the system clock across the network.","rationale":"systemd-timesyncd needs to be enabled and running in order to synchronize the system to a timeserver. Time synchronization is important to support time sensitive security mechanisms and to ensure log files have consistent time records across the enterprise to aid in forensic investigations.","remediation":"- IF - systemd-timesyncd is in use on the system, run the following commands: Run the following command to unmask systemd-timesyncd.service: # systemctl unmask systemd-timesyncd.service Run the following command to enable and start systemd-timesyncd.service: # systemctl --now enable systemd-timesyncd.service - OR - If another time synchronization service is in use on the system, run the following command to stop and mask systemd-timesyncd: # systemctl --now mask systemd-timesyncd.service.","compliance":{"cis":"2.3.2.2","cis_csc_v8":"8.4","cis_csc_v7":"6.1","cmmc_v2.0":"AU.L2-3.3.7","iso_27001-2013":"A.12.4.4","mitre_mitigations":"M1022","mitre_tactics":"TA0002","mitre_techniques":"T1070,T1070.002,T1562,T1562.001","nist_sp_800-53":"AU-7","pci_dss_v3.2.1":"10.4","pci_dss_v4.0":"10.6,10.6.1,10.6.2,10.6.3","soc_2":"CC4.1,CC5.2"},"rules":["c:systemctl is-enabled systemd-timesyncd.service -> r:^enabled$","c:systemctl is-active systemd-timesyncd.service -> r:^active$"],"condition":"all","command":"systemctl is-enabled systemd-timesyncd.service,systemctl is-active systemd-timesyncd.service","result":"passed"}}
sca.type: check
sca.scan_id: 380680914
sca.policy: CIS Ubuntu Linux 22.04 LTS Benchmark v2.0.0.
sca.check.id: 28547
sca.check.title: Ensure systemd-timesyncd is enabled and running.
sca.check.description: systemd-timesyncd is a daemon that has been added for synchronizing the system clock across the network.
sca.check.rationale: systemd-timesyncd needs to be enabled and running in order to synchronize the system to a timeserver. Time synchronization is important to support time sensitive security mechanisms and to ensure log files have consistent time records across the enterprise to aid in forensic investigations.
sca.check.remediation: - IF - systemd-timesyncd is in use on the system, run the following commands: Run the following command to unmask systemd-timesyncd.service: # systemctl unmask systemd-timesyncd.service Run the following command to enable and start systemd-timesyncd.service: # systemctl --now enable systemd-timesyncd.service - OR - If another time synchronization service is in use on the system, run the following command to stop and mask systemd-timesyncd: # systemctl --now mask systemd-timesyncd.service.
sca.check.compliance.cis: 2.3.2.2
sca.check.compliance.cis_csc_v8: 8.4
sca.check.compliance.cis_csc_v7: 6.1
sca.check.compliance.cmmc_v2.0: AU.L2-3.3.7
sca.check.compliance.iso_27001-2013: A.12.4.4
sca.check.compliance.mitre_mitigations: M1022
sca.check.compliance.mitre_tactics: TA0002
sca.check.compliance.mitre_techniques: T1070,T1070.002,T1562,T1562.001
sca.check.compliance.nist_sp_800-53: AU-7
sca.check.compliance.pci_dss_v3.2.1: 10.4
sca.check.compliance.pci_dss_v4.0: 10.6,10.6.1,10.6.2,10.6.3
sca.check.compliance.soc_2: CC4.1,CC5.2
sca.check.command: ["systemctl is-enabled systemd-timesyncd.service", "systemctl is-active systemd-timesyncd.service"]
sca.check.result: passed

** Alert 1757863499.149435: - sca,gdpr_IV_35.7.d,pci_dss_2.2,nist_800_53_CM.1,tsc_CC7.1,tsc_CC7.2,
2025 Sep 14 17:24:59 student-virtual-machine->sca
Rule: 19007 (level 7) -> 'CIS Ubuntu Linux 22.04 LTS Benchmark v2.0.0.: Ensure X window server services are not in use.'
{"type":"check","id":380680914,"policy":"CIS Ubuntu Linux 22.04 LTS Benchmark v2.0.0.","policy_id":"cis_ubuntu22-04","check":{"id":28551,"title":"Ensure X window server services are not in use.","description":"The X Window System provides a Graphical User Interface (GUI) where users can have multiple windows in which to run programs and various add on. The X Windows system is typically used on workstations where users login, but not on servers where users typically do not login.","rationale":"Unless your organization specifically requires graphical login access via X Windows, remove it to reduce the potential attack surface.","remediation":"- IF - a Graphical Desktop Manager or X-Windows server is not required and approved by local site policy: Run the following command to remove the X Windows Server package: # apt purge xserver-common.","compliance":{"cis":"2.1.20","cis_csc_v8":"4.8","cis_csc_v7":"2.6","cmmc_v2.0":"CM.L2-3.4.7,CM.L2-3.4.8,SC.L2-3.13.6","iso_27001-2013":"A.12.5.1,A.12.6.2","mitre_mitigations":"M1042","mitre_tactics":"TA0008","mitre_techniques":"T1203,T1210,T1543,T1543.002","pci_dss_v3.2.1":"1.1.6,1.2.1,2.2.2,2.2.5","pci_dss_v4.0":"1.2.5,2.2.4,6.4.1","soc_2":"CC6.3,CC6.6"},"rules":["not c:dpkg-query -s xserver-common -> r:install ok installed"],"condition":"all","command":"dpkg-query -s xserver-common","result":"failed"}}
sca.type: check
sca.scan_id: 380680914
sca.policy: CIS Ubuntu Linux 22.04 LTS Benchmark v2.0.0.
sca.check.id: 28551
sca.check.title: Ensure X window server services are not in use.
sca.check.description: The X Window System provides a Graphical User Interface (GUI) where users can have multiple windows in which to run programs and various add on. The X Windows system is typically used on workstations where users login, but not on servers where users typically do not login.
sca.check.rationale: Unless your organization specifically requires graphical login access via X Windows, remove it to reduce the potential attack surface.
sca.check.remediation: - IF - a Graphical Desktop Manager or X-Windows server is not required and approved by local site policy: Run the following command to remove the X Windows Server package: # apt purge xserver-common.
sca.check.compliance.cis: 2.1.20
sca.check.compliance.cis_csc_v8: 4.8
sca.check.compliance.cis_csc_v7: 2.6
sca.check.compliance.cmmc_v2.0: CM.L2-3.4.7,CM.L2-3.4.8,SC.L2-3.13.6
sca.check.compliance.iso_27001-2013: A.12.5.1,A.12.6.2
sca.check.compliance.mitre_mitigations: M1042
sca.check.compliance.mitre_tactics: TA0008
sca.check.compliance.mitre_techniques: T1203,T1210,T1543,T1543.002
sca.check.compliance.pci_dss_v3.2.1: 1.1.6,1.2.1,2.2.2,2.2.5
sca.check.compliance.pci_dss_v4.0: 1.2.5,2.2.4,6.4.1
sca.check.compliance.soc_2: CC6.3,CC6.6
sca.check.command: ["dpkg-query -s xserver-common"]
sca.check.result: failed

** Alert 1757863499.152541: - sca,gdpr_IV_35.7.d,pci_dss_2.2,nist_800_53_CM.1,tsc_CC7.1,tsc_CC7.2,
2025 Sep 14 17:24:59 student-virtual-machine->sca
Rule: 19007 (level 7) -> 'CIS Ubuntu Linux 22.04 LTS Benchmark v2.0.0.: Ensure avahi daemon services are not in use.'
{"type":"check","id":380680914,"policy":"CIS Ubuntu Linux 22.04 LTS Benchmark v2.0.0.","policy_id":"cis_ubuntu22-04","check":{"id":28552,"title":"Ensure avahi daemon services are not in use.","description":"Avahi is a free zeroconf implementation, including a system for multicast DNS/DNS-SD service discovery. Avahi allows programs to publish and discover services and hosts running on a local network with no specific configuration. For example, a user can plug a computer into a network and Avahi automatically finds printers to print to, files to look at and people to talk to, as well as network services running on the machine.","rationale":"Automatic discovery of network services is not normally required for system functionality. It is recommended to remove this package to reduce the potential attack surface.","remediation":"Run the following commands to stop avahi-daemon.socket and avahi-daemon.service, and remove the avahi-daemon package: # systemctl stop avahi-daemon.socket avahi-daemon.service # apt purge avahi-daemon - OR - IF - the avahi-daemon package is required as a dependency: Run the following commands to stop and mask the avahi-daemon.socket and avahi-daemon.service: # systemctl stop avahi-daemon.socket avahi-daemon.service # systemctl mask avahi-daemon.socket avahi-daemon.service.","compliance":{"cis":"2.1.2","cis_csc_v8":"4.8","cis_csc_v7":"9.2","cmmc_v2.0":"CM.L2-3.4.7,CM.L2-3.4.8,SC.L2-3.13.6","iso_27001-2013":"A.13.1.3","mitre_mitigations":"M1042","mitre_tactics":"TA0008","mitre_techniques":"T1203,T1210,T1543,T1543.002","pci_dss_v3.2.1":"1.1.6,1.2.1,2.2.2,2.2.5","pci_dss_v4.0":"1.2.5,2.2.4,6.4.1","soc_2":"CC6.3,CC6.6"},"rules":["not c:dpkg-query -s avahi-daemon -> r:install ok installed","not c:sh -c \"systemctl is-enabled avahi-daemon.socket avahi-daemon.service & systemctl is-active avahi-daemon.socket avahi-daemon.service\" -> r:^active$|^enabled$"],"condition":"any","command":"dpkg-query -s avahi-daemon,sh -c \"systemctl is-enabled avahi-daemon.socket avahi-daemon.service & systemctl is-active avahi-daemon.socket avahi-daemon.service\"","result":"failed"}}
sca.type: check
sca.scan_id: 380680914
sca.policy: CIS Ubuntu Linux 22.04 LTS Benchmark v2.0.0.
sca.check.id: 28552
sca.check.title: Ensure avahi daemon services are not in use.
sca.check.description: Avahi is a free zeroconf implementation, including a system for multicast DNS/DNS-SD service discovery. Avahi allows programs to publish and discover services and hosts running on a local network with no specific configuration. For example, a user can plug a computer into a network and Avahi automatically finds printers to print to, files to look at and people to talk to, as well as network services running on the machine.
sca.check.rationale: Automatic discovery of network services is not normally required for system functionality. It is recommended to remove this package to reduce the potential attack surface.
sca.check.remediation: Run the following commands to stop avahi-daemon.socket and avahi-daemon.service, and remove the avahi-daemon package: # systemctl stop avahi-daemon.socket avahi-daemon.service # apt purge avahi-daemon - OR - IF - the avahi-daemon package is required as a dependency: Run the following commands to stop and mask the avahi-daemon.socket and avahi-daemon.service: # systemctl stop avahi-daemon.socket avahi-daemon.service # systemctl mask avahi-daemon.socket avahi-daemon.service.
sca.check.compliance.cis: 2.1.2
sca.check.compliance.cis_csc_v8: 4.8
sca.check.compliance.cis_csc_v7: 9.2
sca.check.compliance.cmmc_v2.0: CM.L2-3.4.7,CM.L2-3.4.8,SC.L2-3.13.6
sca.check.compliance.iso_27001-2013: A.13.1.3
sca.check.compliance.mitre_mitigations: M1042
sca.check.compliance.mitre_tactics: TA0008
sca.check.compliance.mitre_techniques: T1203,T1210,T1543,T1543.002
sca.check.compliance.pci_dss_v3.2.1: 1.1.6,1.2.1,2.2.2,2.2.5
sca.check.compliance.pci_dss_v4.0: 1.2.5,2.2.4,6.4.1
sca.check.compliance.soc_2: CC6.3,CC6.6
sca.check.command: ["dpkg-query -s avahi-daemon", "sh -c \"systemctl is-enabled avahi-daemon.socket avahi-daemon.service & systemctl is-active avahi-daemon.socket avahi-daemon.service\""]
sca.check.result: failed

** Alert 1757863499.156988: - sca,gdpr_IV_35.7.d,pci_dss_2.2,nist_800_53_CM.1,tsc_CC7.1,tsc_CC7.2,
2025 Sep 14 17:24:59 student-virtual-machine->sca
Rule: 19007 (level 7) -> 'CIS Ubuntu Linux 22.04 LTS Benchmark v2.0.0.: Ensure print server services are not in use.'
{"type":"check","id":380680914,"policy":"CIS Ubuntu Linux 22.04 LTS Benchmark v2.0.0.","policy_id":"cis_ubuntu22-04","check":{"id":28553,"title":"Ensure print server services are not in use.","description":"The Common Unix Print System (CUPS) provides the ability to print to both local and network printers. A system running CUPS can also accept print jobs from remote systems and print them to local printers. It also provides a web based remote administration capability.","rationale":"If the system does not need to print jobs or accept print jobs from other systems, it is recommended that CUPS be removed to reduce the potential attack surface.","remediation":"Run the following commands to stop cups.socket and cups.service, and remove the cups package: # systemctl stop cups.socket cups.service # apt purge cups - OR - - IF - the cups package is required as a dependency: Run the following commands to stop and mask the cups.socket and cups.service: # systemctl stop cups.socket cups.service # systemctl mask cups.socket cups.service.","compliance":{"cis":"2.1.11","cis_csc_v8":"4.8","cis_csc_v7":"9.2","cmmc_v2.0":"CM.L2-3.4.7,CM.L2-3.4.8,SC.L2-3.13.6","iso_27001-2013":"A.13.1.3","mitre_mitigations":"M1042","mitre_tactics":"TA0008","mitre_techniques":"T1203,T1210,T1543,T1543.002","pci_dss_v3.2.1":"1.1.6,1.2.1,2.2.2,2.2.5","pci_dss_v4.0":"1.2.5,2.2.4,6.4.1","soc_2":"CC6.3,CC6.6"},"rules":["not c:dpkg-query -s cups -> r:install ok installed","not c:sh -c \"systemctl is-enabled cups.socket cups.service & systemctl is-active cups.socket cups.service\" -> r:^active$|^enabled$"],"condition":"any","references":"http://www.cups.org","command":"dpkg-query -s cups,sh -c \"systemctl is-enabled cups.socket cups.service & systemctl is-active cups.socket cups.service\"","result":"failed"}}
sca.type: check
sca.scan_id: 380680914
sca.policy: CIS Ubuntu Linux 22.04 LTS Benchmark v2.0.0.
sca.check.id: 28553
sca.check.title: Ensure print server services are not in use.
sca.check.description: The Common Unix Print System (CUPS) provides the ability to print to both local and network printers. A system running CUPS can also accept print jobs from remote systems and print them to local printers. It also provides a web based remote administration capability.
sca.check.rationale: If the system does not need to print jobs or accept print jobs from other systems, it is recommended that CUPS be removed to reduce the potential attack surface.
sca.check.remediation: Run the following commands to stop cups.socket and cups.service, and remove the cups package: # systemctl stop cups.socket cups.service # apt purge cups - OR - - IF - the cups package is required as a dependency: Run the following commands to stop and mask the cups.socket and cups.service: # systemctl stop cups.socket cups.service # systemctl mask cups.socket cups.service.
sca.check.compliance.cis: 2.1.11
sca.check.compliance.cis_csc_v8: 4.8
sca.check.compliance.cis_csc_v7: 9.2
sca.check.compliance.cmmc_v2.0: CM.L2-3.4.7,CM.L2-3.4.8,SC.L2-3.13.6
sca.check.compliance.iso_27001-2013: A.13.1.3
sca.check.compliance.mitre_mitigations: M1042
sca.check.compliance.mitre_tactics: TA0008
sca.check.compliance.mitre_techniques: T1203,T1210,T1543,T1543.002
sca.check.compliance.pci_dss_v3.2.1: 1.1.6,1.2.1,2.2.2,2.2.5
sca.check.compliance.pci_dss_v4.0: 1.2.5,2.2.4,6.4.1
sca.check.compliance.soc_2: CC6.3,CC6.6
sca.check.references: http://www.cups.org
sca.check.command: ["dpkg-query -s cups", "sh -c \"systemctl is-enabled cups.socket cups.service & systemctl is-active cups.socket cups.service\""]
sca.check.result: failed

** Alert 1757863499.160852: - sca,gdpr_IV_35.7.d,pci_dss_2.2,nist_800_53_CM.1,tsc_CC7.1,tsc_CC7.2,
2025 Sep 14 17:24:59 student-virtual-machine->sca
Rule: 19008 (level 3) -> 'CIS Ubuntu Linux 22.04 LTS Benchmark v2.0.0.: Ensure dhcp server services are not in use.'
{"type":"check","id":380680914,"policy":"CIS Ubuntu Linux 22.04 LTS Benchmark v2.0.0.","policy_id":"cis_ubuntu22-04","check":{"id":28554,"title":"Ensure dhcp server services are not in use.","description":"The Dynamic Host Configuration Protocol (DHCP) is a service that allows machines to be dynamically assigned IP addresses. There are two versions of the DHCP protocol DHCPv4 and DHCPv6. At startup the server may be started for one or the other via the -4 or -6 arguments.","rationale":"Unless a system is specifically set up to act as a DHCP server, it is recommended that this package be removed to reduce the potential attack surface.","remediation":"Run the following commands to stop isc-dhcp-server.service and isc-dhcp-server6.service and remove the isc-dhcp-server package: # systemctl stop isc-dhcp-server.service isc-dhcp-server6.service # apt purge isc-dhcp-server - OR - -IF the isc-dhcp-server package is required as a dependency: Run the following commands to stop and mask isc-dhcp-server.service and isc-dhcp-server6.service: # systemctl stop isc-dhcp-server.service isc-dhcp-server6.service # systemctl mask isc-dhcp-server isc-dhcp-server6.service.","compliance":{"cis":"2.1.3","cis_csc_v8":"4.8","cis_csc_v7":"9.2","cmmc_v2.0":"CM.L2-3.4.7,CM.L2-3.4.8,SC.L2-3.13.6","iso_27001-2013":"A.13.1.3","mitre_mitigations":"M1042","mitre_tactics":"TA0008","mitre_techniques":"T1203,T1210,T1543,T1543.002","pci_dss_v3.2.1":"1.1.6,1.2.1,2.2.2,2.2.5","pci_dss_v4.0":"1.2.5,2.2.4,6.4.1","soc_2":"CC6.3,CC6.6"},"rules":["not c:dpkg-query -s isc-dhcp-server -> r:install ok installed","not c:sh -c \"systemctl is-enabled isc-dhcp-server.service isc-dhcp-server6.service & systemctl is-active isc-dhcp-server.service isc-dhcp-server6.service\" -> r:^active$|^enabled$"],"condition":"any","references":"http://www.isc.org/software/dhcp.","command":"dpkg-query -s isc-dhcp-server","result":"passed"}}
sca.type: check
sca.scan_id: 380680914
sca.policy: CIS Ubuntu Linux 22.04 LTS Benchmark v2.0.0.
sca.check.id: 28554
sca.check.title: Ensure dhcp server services are not in use.
sca.check.description: The Dynamic Host Configuration Protocol (DHCP) is a service that allows machines to be dynamically assigned IP addresses. There are two versions of the DHCP protocol DHCPv4 and DHCPv6. At startup the server may be started for one or the other via the -4 or -6 arguments.
sca.check.rationale: Unless a system is specifically set up to act as a DHCP server, it is recommended that this package be removed to reduce the potential attack surface.
sca.check.remediation: Run the following commands to stop isc-dhcp-server.service and isc-dhcp-server6.service and remove the isc-dhcp-server package: # systemctl stop isc-dhcp-server.service isc-dhcp-server6.service # apt purge isc-dhcp-server - OR - -IF the isc-dhcp-server package is required as a dependency: Run the following commands to stop and mask isc-dhcp-server.service and isc-dhcp-server6.service: # systemctl stop isc-dhcp-server.service isc-dhcp-server6.service # systemctl mask isc-dhcp-server isc-dhcp-server6.service.
sca.check.compliance.cis: 2.1.3
sca.check.compliance.cis_csc_v8: 4.8
sca.check.compliance.cis_csc_v7: 9.2
sca.check.compliance.cmmc_v2.0: CM.L2-3.4.7,CM.L2-3.4.8,SC.L2-3.13.6
sca.check.compliance.iso_27001-2013: A.13.1.3
sca.check.compliance.mitre_mitigations: M1042
sca.check.compliance.mitre_tactics: TA0008
sca.check.compliance.mitre_techniques: T1203,T1210,T1543,T1543.002
sca.check.compliance.pci_dss_v3.2.1: 1.1.6,1.2.1,2.2.2,2.2.5
sca.check.compliance.pci_dss_v4.0: 1.2.5,2.2.4,6.4.1
sca.check.compliance.soc_2: CC6.3,CC6.6
sca.check.references: http://www.isc.org/software/dhcp.
sca.check.command: ["dpkg-query -s isc-dhcp-server"]
sca.check.result: passed

** Alert 1757863499.164869: - sca,gdpr_IV_35.7.d,pci_dss_2.2,nist_800_53_CM.1,tsc_CC7.1,tsc_CC7.2,
2025 Sep 14 17:24:59 student-virtual-machine->sca
Rule: 19008 (level 3) -> 'CIS Ubuntu Linux 22.04 LTS Benchmark v2.0.0.: Ensure ldap server services are not in use.'
{"type":"check","id":380680914,"policy":"CIS Ubuntu Linux 22.04 LTS Benchmark v2.0.0.","policy_id":"cis_ubuntu22-04","check":{"id":28555,"title":"Ensure ldap server services are not in use.","description":"The Lightweight Directory Access Protocol (LDAP) was introduced as a replacement for NIS/YP. It is a service that provides a method for looking up information from a central database.","rationale":"If the system will not need to act as an LDAP server, it is recommended that the software be removed to reduce the potential attack surface.","remediation":"Run the following commands to stop slapd.service and remove the slapd package: # systemctl stop slapd.service # apt purge slapd - OR - - IF - the slapd package is required as a dependency: Run the following commands to stop and mask slapd.service: # systemctl stop slapd.service # systemctl mask slapd.service.","compliance":{"cis":"2.1.7","cis_csc_v8":"4.8","cis_csc_v7":"9.2","cmmc_v2.0":"CM.L2-3.4.7,CM.L2-3.4.8,SC.L2-3.13.6","iso_27001-2013":"A.13.1.3","mitre_mitigations":"M1042","mitre_tactics":"TA0008","mitre_techniques":"T1203,T1210,T1543,T1543.002","pci_dss_v3.2.1":"1.1.6,1.2.1,2.2.2,2.2.5","pci_dss_v4.0":"1.2.5,2.2.4,6.4.1","soc_2":"CC6.3,CC6.6"},"rules":["not c:dpkg-query -s slapd -> r:install ok installed","not c:sh -c \"systemctl is-enabled slapd.service & systemctl is-active slapd.service\" -> r:^active$|^enabled$"],"condition":"any","references":"http://www.openldap.org.","command":"dpkg-query -s slapd","result":"passed"}}
sca.type: check
sca.scan_id: 380680914
sca.policy: CIS Ubuntu Linux 22.04 LTS Benchmark v2.0.0.
sca.check.id: 28555
sca.check.title: Ensure ldap server services are not in use.
sca.check.description: The Lightweight Directory Access Protocol (LDAP) was introduced as a replacement for NIS/YP. It is a service that provides a method for looking up information from a central database.
sca.check.rationale: If the system will not need to act as an LDAP server, it is recommended that the software be removed to reduce the potential attack surface.
sca.check.remediation: Run the following commands to stop slapd.service and remove the slapd package: # systemctl stop slapd.service # apt purge slapd - OR - - IF - the slapd package is required as a dependency: Run the following commands to stop and mask slapd.service: # systemctl stop slapd.service # systemctl mask slapd.service.
sca.check.compliance.cis: 2.1.7
sca.check.compliance.cis_csc_v8: 4.8
sca.check.compliance.cis_csc_v7: 9.2
sca.check.compliance.cmmc_v2.0: CM.L2-3.4.7,CM.L2-3.4.8,SC.L2-3.13.6
sca.check.compliance.iso_27001-2013: A.13.1.3
sca.check.compliance.mitre_mitigations: M1042
sca.check.compliance.mitre_tactics: TA0008
sca.check.compliance.mitre_techniques: T1203,T1210,T1543,T1543.002
sca.check.compliance.pci_dss_v3.2.1: 1.1.6,1.2.1,2.2.2,2.2.5
sca.check.compliance.pci_dss_v4.0: 1.2.5,2.2.4,6.4.1
sca.check.compliance.soc_2: CC6.3,CC6.6
sca.check.references: http://www.openldap.org.
sca.check.command: ["dpkg-query -s slapd"]
sca.check.result: passed

** Alert 1757863499.168170: - sca,gdpr_IV_35.7.d,pci_dss_2.2,nist_800_53_CM.1,tsc_CC7.1,tsc_CC7.2,
2025 Sep 14 17:24:59 student-virtual-machine->sca
Rule: 19008 (level 3) -> 'CIS Ubuntu Linux 22.04 LTS Benchmark v2.0.0.: Ensure network file system services are not in use.'
{"type":"check","id":380680914,"policy":"CIS Ubuntu Linux 22.04 LTS Benchmark v2.0.0.","policy_id":"cis_ubuntu22-04","check":{"id":28556,"title":"Ensure network file system services are not in use.","description":"The Network File System (NFS) is one of the first and most widely distributed file systems in the UNIX environment. It provides the ability for systems to mount file systems of other servers through the network.","rationale":"If the system does not export NFS shares, it is recommended that the nfs-kernel-server package be removed to reduce the remote attack surface.","remediation":"Run the following command to stop nfs-server.service and remove nfs-kernel- server package: # systemctl stop nfs-server.service # apt purge nfs-kernel-server - OR - - IF - the nfs-kernel-server package is required as a dependency: Run the following commands to stop and mask the nfs-server.service: # systemctl stop nfs-server.service # systemctl mask nfs-server.service.","compliance":{"cis":"2.1.9","cis_csc_v8":"4.8","cis_csc_v7":"9.2","cmmc_v2.0":"CM.L2-3.4.7,CM.L2-3.4.8,SC.L2-3.13.6","iso_27001-2013":"A.13.1.3","mitre_mitigations":"M1042","mitre_tactics":"TA0008","mitre_techniques":"T1005,T1039,T1083,T1135,T1210","pci_dss_v3.2.1":"1.1.6,1.2.1,2.2.2,2.2.5","pci_dss_v4.0":"1.2.5,2.2.4,6.4.1","soc_2":"CC6.3,CC6.6"},"rules":["not c:dpkg-query -s nfs-kernel-server -> r:install ok installed","not c:sh -c \"systemctl is-enabled nfs-server.service & systemctl is-active nfs-server.service\" -> r:^active$|^enabled$"],"condition":"any","command":"dpkg-query -s nfs-kernel-server","result":"passed"}}
sca.type: check
sca.scan_id: 380680914
sca.policy: CIS Ubuntu Linux 22.04 LTS Benchmark v2.0.0.
sca.check.id: 28556
sca.check.title: Ensure network file system services are not in use.
sca.check.description: The Network File System (NFS) is one of the first and most widely distributed file systems in the UNIX environment. It provides the ability for systems to mount file systems of other servers through the network.
sca.check.rationale: If the system does not export NFS shares, it is recommended that the nfs-kernel-server package be removed to reduce the remote attack surface.
sca.check.remediation: Run the following command to stop nfs-server.service and remove nfs-kernel- server package: # systemctl stop nfs-server.service # apt purge nfs-kernel-server - OR - - IF - the nfs-kernel-server package is required as a dependency: Run the following commands to stop and mask the nfs-server.service: # systemctl stop nfs-server.service # systemctl mask nfs-server.service.
sca.check.compliance.cis: 2.1.9
sca.check.compliance.cis_csc_v8: 4.8
sca.check.compliance.cis_csc_v7: 9.2
sca.check.compliance.cmmc_v2.0: CM.L2-3.4.7,CM.L2-3.4.8,SC.L2-3.13.6
sca.check.compliance.iso_27001-2013: A.13.1.3
sca.check.compliance.mitre_mitigations: M1042
sca.check.compliance.mitre_tactics: TA0008
sca.check.compliance.mitre_techniques: T1005,T1039,T1083,T1135,T1210
sca.check.compliance.pci_dss_v3.2.1: 1.1.6,1.2.1,2.2.2,2.2.5
sca.check.compliance.pci_dss_v4.0: 1.2.5,2.2.4,6.4.1
sca.check.compliance.soc_2: CC6.3,CC6.6
sca.check.command: ["dpkg-query -s nfs-kernel-server"]
sca.check.result: passed

** Alert 1757863499.171640: - sca,gdpr_IV_35.7.d,pci_dss_2.2,nist_800_53_CM.1,tsc_CC7.1,tsc_CC7.2,
2025 Sep 14 17:24:59 student-virtual-machine->sca
Rule: 19008 (level 3) -> 'CIS Ubuntu Linux 22.04 LTS Benchmark v2.0.0.: Ensure dns server services are not in use.'
{"type":"check","id":380680914,"policy":"CIS Ubuntu Linux 22.04 LTS Benchmark v2.0.0.","policy_id":"cis_ubuntu22-04","check":{"id":28557,"title":"Ensure dns server services are not in use.","description":"The Domain Name System (DNS) is a hierarchical naming system that maps names to IP addresses for computers, services and other resources connected to a network.","rationale":"Unless a system is specifically designated to act as a DNS server, it is recommended that the package be deleted to reduce the potential attack surface.","remediation":"Run the following commands to stop bind9.service and remove the bind9 package: # systemctl stop bind9.service # apt purge bind9 - OR - - IF - the bind9 package is required as a dependency: Run the following commands to stop and mask bind9.service: # systemctl stop bind9.service # systemctl mask bind9.service.","compliance":{"cis":"2.1.4","cis_csc_v8":"4.8","cis_csc_v7":"9.2","cmmc_v2.0":"CM.L2-3.4.7,CM.L2-3.4.8,SC.L2-3.13.6","iso_27001-2013":"A.13.1.3","mitre_mitigations":"M1042","mitre_tactics":"TA0008","mitre_techniques":"T1203,T1210,T1543,T1543.002","pci_dss_v3.2.1":"1.1.6,1.2.1,2.2.2,2.2.5","pci_dss_v4.0":"1.2.5,2.2.4,6.4.1","soc_2":"CC6.3,CC6.6"},"rules":["not c:dpkg-query -s bind9 -> r:install ok installed","not c:sh -c \"systemctl is-enabled bind9.service & systemctl is-active bind9.service\" -> r:^active$|^enabled$"],"condition":"any","command":"dpkg-query -s bind9","result":"passed"}}
sca.type: check
sca.scan_id: 380680914
sca.policy: CIS Ubuntu Linux 22.04 LTS Benchmark v2.0.0.
sca.check.id: 28557
sca.check.title: Ensure dns server services are not in use.
sca.check.description: The Domain Name System (DNS) is a hierarchical naming system that maps names to IP addresses for computers, services and other resources connected to a network.
sca.check.rationale: Unless a system is specifically designated to act as a DNS server, it is recommended that the package be deleted to reduce the potential attack surface.
sca.check.remediation: Run the following commands to stop bind9.service and remove the bind9 package: # systemctl stop bind9.service # apt purge bind9 - OR - - IF - the bind9 package is required as a dependency: Run the following commands to stop and mask bind9.service: # systemctl stop bind9.service # systemctl mask bind9.service.
sca.check.compliance.cis: 2.1.4
sca.check.compliance.cis_csc_v8: 4.8
sca.check.compliance.cis_csc_v7: 9.2
sca.check.compliance.cmmc_v2.0: CM.L2-3.4.7,CM.L2-3.4.8,SC.L2-3.13.6
sca.check.compliance.iso_27001-2013: A.13.1.3
sca.check.compliance.mitre_mitigations: M1042
sca.check.compliance.mitre_tactics: TA0008
sca.check.compliance.mitre_techniques: T1203,T1210,T1543,T1543.002
sca.check.compliance.pci_dss_v3.2.1: 1.1.6,1.2.1,2.2.2,2.2.5
sca.check.compliance.pci_dss_v4.0: 1.2.5,2.2.4,6.4.1
sca.check.compliance.soc_2: CC6.3,CC6.6
sca.check.command: ["dpkg-query -s bind9"]
sca.check.result: passed

** Alert 1757863499.174829: - syslog,dpkg,pci_dss_10.6.1,gpg13_4.10,gdpr_IV_35.7.d,hipaa_164.312.b,nist_800_53_AU.6,tsc_CC7.2,tsc_CC7.3,tsc_CC8.1,
2025 Sep 14 17:24:59 student-virtual-machine->/var/log/dpkg.log
Rule: 2901 (level 3) -> 'New dpkg (Debian Package) requested to install.'
2025-09-14 17:24:57 install filebeat:amd64 <none> 7.10.2-1
dpkg_status: install
package: filebeat
arch: amd64
version: <none>

** Alert 1757863499.175241: - syslog,dpkg,config_changed,pci_dss_10.6.1,pci_dss_10.2.7,gpg13_4.10,gdpr_IV_35.7.d,hipaa_164.312.b,nist_800_53_AU.6,nist_800_53_AU.14,tsc_CC7.2,tsc_CC7.3,tsc_CC6.8,tsc_CC8.1,
2025 Sep 14 17:24:59 student-virtual-machine->/var/log/dpkg.log
Rule: 2904 (level 7) -> 'Dpkg (Debian Package) half configured.'
2025-09-14 17:24:57 status half-configured filebeat:amd64 7.10.2-1
dpkg_status: status half-configured
package: filebeat
arch: amd64
version: 7.10.2-1

** Alert 1757863499.175727: - syslog,dpkg,config_changed,pci_dss_10.6.1,pci_dss_10.2.7,gpg13_4.10,gdpr_IV_35.7.d,hipaa_164.312.b,nist_800_53_AU.6,nist_800_53_AU.14,tsc_CC7.2,tsc_CC7.3,tsc_CC6.8,tsc_CC8.1,
2025 Sep 14 17:24:59 student-virtual-machine->/var/log/dpkg.log
Rule: 2902 (level 7) -> 'New dpkg (Debian Package) installed.'
2025-09-14 17:24:57 status installed filebeat:amd64 7.10.2-1
dpkg_status: status installed
package: filebeat
arch: amd64
version: 7.10.2-1

** Alert 1757863499.176199: - sca,gdpr_IV_35.7.d,pci_dss_2.2,nist_800_53_CM.1,tsc_CC7.1,tsc_CC7.2,
2025 Sep 14 17:24:59 student-virtual-machine->sca
Rule: 19008 (level 3) -> 'CIS Ubuntu Linux 22.04 LTS Benchmark v2.0.0.: Ensure web server services are not in use.'
{"type":"check","id":380680914,"policy":"CIS Ubuntu Linux 22.04 LTS Benchmark v2.0.0.","policy_id":"cis_ubuntu22-04","check":{"id":28559,"title":"Ensure web server services are not in use.","description":"Web servers provide the ability to host web site content.","rationale":"Unless there is a local site approved requirement to run a web server service on the system, web server packages should be removed to reduce the potential attack surface.","remediation":"Run the following commands to stop httpd.socket, httpd.service, and nginx.service, and remove httpd and nginx packages: # systemctl stop apache2.socket httpd.service nginx.service # apt purge apache2 nginx - OR - - IF - a package is installed and is required for dependencies: Run the following commands to stop and mask apache2.socket, apache2.service, and nginx.service: # systemctl stop apache2.socket apache2.service nginx.service # systemctl mask apache2.socket apache2.service nginx.service Note: Other web server packages may exist. If not required and authorized by local site policy, they should also be removed. If the package is required for a dependency, the service and socket should be stopped and masked.","compliance":{"cis":"2.1.18","cis_csc_v8":"4.8","cis_csc_v7":"9.2","cmmc_v2.0":"CM.L2-3.4.7,CM.L2-3.4.8,SC.L2-3.13.6","iso_27001-2013":"A.13.1.3","mitre_mitigations":"M1042","mitre_tactics":"TA0008","mitre_techniques":"T1203,T1210,T1543,T1543.002","pci_dss_v3.2.1":"1.1.6,1.2.1,2.2.2,2.2.5","pci_dss_v4.0":"1.2.5,2.2.4,6.4.1","soc_2":"CC6.3,CC6.6"},"rules":["not c:dpkg-query -s apache2 nginx -> r:install ok installed","not c:sh -c \"systemctl is-enabled apache2.socket apache2.service nginx.service & systemctl is-active apache2.socket apache2.service nginx.service\" -> r:^active$|^enabled$"],"condition":"any","command":"dpkg-query -s apache2 nginx","result":"passed"}}
sca.type: check
sca.scan_id: 380680914
sca.policy: CIS Ubuntu Linux 22.04 LTS Benchmark v2.0.0.
sca.check.id: 28559
sca.check.title: Ensure web server services are not in use.
sca.check.description: Web servers provide the ability to host web site content.
sca.check.rationale: Unless there is a local site approved requirement to run a web server service on the system, web server packages should be removed to reduce the potential attack surface.
sca.check.remediation: Run the following commands to stop httpd.socket, httpd.service, and nginx.service, and remove httpd and nginx packages: # systemctl stop apache2.socket httpd.service nginx.service # apt purge apache2 nginx - OR - - IF - a package is installed and is required for dependencies: Run the following commands to stop and mask apache2.socket, apache2.service, and nginx.service: # systemctl stop apache2.socket apache2.service nginx.service # systemctl mask apache2.socket apache2.service nginx.service Note: Other web server packages may exist. If not required and authorized by local site policy, they should also be removed. If the package is required for a dependency, the service and socket should be stopped and masked.
sca.check.compliance.cis: 2.1.18
sca.check.compliance.cis_csc_v8: 4.8
sca.check.compliance.cis_csc_v7: 9.2
sca.check.compliance.cmmc_v2.0: CM.L2-3.4.7,CM.L2-3.4.8,SC.L2-3.13.6
sca.check.compliance.iso_27001-2013: A.13.1.3
sca.check.compliance.mitre_mitigations: M1042
sca.check.compliance.mitre_tactics: TA0008
sca.check.compliance.mitre_techniques: T1203,T1210,T1543,T1543.002
sca.check.compliance.pci_dss_v3.2.1: 1.1.6,1.2.1,2.2.2,2.2.5
sca.check.compliance.pci_dss_v4.0: 1.2.5,2.2.4,6.4.1
sca.check.compliance.soc_2: CC6.3,CC6.6
sca.check.command: ["dpkg-query -s apache2 nginx"]
sca.check.result: passed

** Alert 1757863499.180124: - sca,gdpr_IV_35.7.d,pci_dss_2.2,nist_800_53_CM.1,tsc_CC7.1,tsc_CC7.2,
2025 Sep 14 17:24:59 student-virtual-machine->sca
Rule: 19008 (level 3) -> 'CIS Ubuntu Linux 22.04 LTS Benchmark v2.0.0.: Ensure ftp server services are not in use.'
{"type":"check","id":380680914,"policy":"CIS Ubuntu Linux 22.04 LTS Benchmark v2.0.0.","policy_id":"cis_ubuntu22-04","check":{"id":28558,"title":"Ensure ftp server services are not in use.","description":"The File Transfer Protocol (FTP) provides networked computers with the ability to transfer files.","rationale":"FTP does not protect the confidentiality of data or authentication credentials. It is recommended SFTP be used if file transfer is required. Unless there is a need to run the system as a FTP server (for example, to allow anonymous downloads), it is recommended that the package be deleted to reduce the potential attack surface.","remediation":"Run the following commands to stop vsftpd.service and remove the vsftpd package: # systemctl stop vsftpd.service # apt purge vsftpd - OR - - IF - the vsftpd package is required as a dependency: Run the following commands to stop and mask the vsftpd.service: # systemctl stop vsftpd.service # systemctl mask vsftpd.service Note: Other ftp server packages may exist. If not required and authorized by local site policy, they should also be removed. If the package is required for a dependency, the service should be stopped and masked.","compliance":{"cis":"2.1.6","cis_csc_v8":"4.8","cis_csc_v7":"9.2","cmmc_v2.0":"CM.L2-3.4.7,CM.L2-3.4.8,SC.L2-3.13.6","iso_27001-2013":"A.13.1.3","mitre_mitigations":"M1042","mitre_tactics":"TA0008","mitre_techniques":"T1203,T1210,T1543,T1543.002","pci_dss_v3.2.1":"1.1.6,1.2.1,2.2.2,2.2.5","pci_dss_v4.0":"1.2.5,2.2.4,6.4.1","soc_2":"CC6.3,CC6.6"},"rules":["not c:dpkg-query -s vsftpd -> r:install ok installed","not c:sh -c \"systemctl is-enabled vsftpd.service & systemctl is-active vsftpd.service\" -> r:^active$|^enabled$"],"condition":"any","command":"dpkg-query -s vsftpd","result":"passed"}}
sca.type: check
sca.scan_id: 380680914
sca.policy: CIS Ubuntu Linux 22.04 LTS Benchmark v2.0.0.
sca.check.id: 28558
sca.check.title: Ensure ftp server services are not in use.
sca.check.description: The File Transfer Protocol (FTP) provides networked computers with the ability to transfer files.
sca.check.rationale: FTP does not protect the confidentiality of data or authentication credentials. It is recommended SFTP be used if file transfer is required. Unless there is a need to run the system as a FTP server (for example, to allow anonymous downloads), it is recommended that the package be deleted to reduce the potential attack surface.
sca.check.remediation: Run the following commands to stop vsftpd.service and remove the vsftpd package: # systemctl stop vsftpd.service # apt purge vsftpd - OR - - IF - the vsftpd package is required as a dependency: Run the following commands to stop and mask the vsftpd.service: # systemctl stop vsftpd.service # systemctl mask vsftpd.service Note: Other ftp server packages may exist. If not required and authorized by local site policy, they should also be removed. If the package is required for a dependency, the service should be stopped and masked.
sca.check.compliance.cis: 2.1.6
sca.check.compliance.cis_csc_v8: 4.8
sca.check.compliance.cis_csc_v7: 9.2
sca.check.compliance.cmmc_v2.0: CM.L2-3.4.7,CM.L2-3.4.8,SC.L2-3.13.6
sca.check.compliance.iso_27001-2013: A.13.1.3
sca.check.compliance.mitre_mitigations: M1042
sca.check.compliance.mitre_tactics: TA0008
sca.check.compliance.mitre_techniques: T1203,T1210,T1543,T1543.002
sca.check.compliance.pci_dss_v3.2.1: 1.1.6,1.2.1,2.2.2,2.2.5
sca.check.compliance.pci_dss_v4.0: 1.2.5,2.2.4,6.4.1
sca.check.compliance.soc_2: CC6.3,CC6.6
sca.check.command: ["dpkg-query -s vsftpd"]
sca.check.result: passed

** Alert 1757863499.183990: - sca,gdpr_IV_35.7.d,pci_dss_2.2,nist_800_53_CM.1,tsc_CC7.1,tsc_CC7.2,
2025 Sep 14 17:24:59 student-virtual-machine->sca
Rule: 19008 (level 3) -> 'CIS Ubuntu Linux 22.04 LTS Benchmark v2.0.0.: Ensure message access server services are not in use.'
{"type":"check","id":380680914,"policy":"CIS Ubuntu Linux 22.04 LTS Benchmark v2.0.0.","policy_id":"cis_ubuntu22-04","check":{"id":28560,"title":"Ensure message access server services are not in use.","description":"dovecot-imapd and dovecot-pop3d are an open source IMAP and POP3 server for Linux based systems.","rationale":"Unless POP3 and/or IMAP servers are to be provided by this system, it is recommended that the package be removed to reduce the potential attack surface. Note: Several IMAP/POP3 servers exist and can use other service names. These should also be audited and the packages removed if not required.","remediation":"Run one of the following commands to remove dovecot-imapd and dovecot-pop3d: Run the following commands to stop dovecot.socket and dovecot.service, and remove the dovecot-imapd and dovecot-pop3d packages: # systemctl stop dovecot.socket dovecot.service # apt purge dovecot-imapd dovecot-pop3d - OR - - IF - a package is installed and is required for dependencies: Run the following commands to stop and mask dovecot.socket and dovecot.service: # systemctl stop dovecot.socket dovecot.service # systemctl mask dovecot.socket dovecot.service.","compliance":{"cis":"2.1.8","cis_csc_v8":"4.8","cis_csc_v7":"9.2","cmmc_v2.0":"CM.L2-3.4.7,CM.L2-3.4.8,SC.L2-3.13.6","iso_27001-2013":"A.13.1.3","mitre_mitigations":"M1042","mitre_tactics":"TA0008","mitre_techniques":"T1203,T1210,T1543,T1543.002","pci_dss_v3.2.1":"1.1.6,1.2.1,2.2.2,2.2.5","pci_dss_v4.0":"1.2.5,2.2.4,6.4.1","soc_2":"CC6.3,CC6.6"},"rules":["not c:dpkg-query -s dovecot-imapd dovecot-pop3d -> r:install ok installed|install ok installed","not c:sh -c \"systemctl is-enabled dovecot.socket dovecot.service & systemctl is-active dovecot.socket dovecot.service\" -> r:^active$|^enabled$"],"condition":"any","command":"dpkg-query -s dovecot-imapd dovecot-pop3d","result":"passed"}}
sca.type: check
sca.scan_id: 380680914
sca.policy: CIS Ubuntu Linux 22.04 LTS Benchmark v2.0.0.
sca.check.id: 28560
sca.check.title: Ensure message access server services are not in use.
sca.check.description: dovecot-imapd and dovecot-pop3d are an open source IMAP and POP3 server for Linux based systems.
sca.check.rationale: Unless POP3 and/or IMAP servers are to be provided by this system, it is recommended that the package be removed to reduce the potential attack surface. Note: Several IMAP/POP3 servers exist and can use other service names. These should also be audited and the packages removed if not required.
sca.check.remediation: Run one of the following commands to remove dovecot-imapd and dovecot-pop3d: Run the following commands to stop dovecot.socket and dovecot.service, and remove the dovecot-imapd and dovecot-pop3d packages: # systemctl stop dovecot.socket dovecot.service # apt purge dovecot-imapd dovecot-pop3d - OR - - IF - a package is installed and is required for dependencies: Run the following commands to stop and mask dovecot.socket and dovecot.service: # systemctl stop dovecot.socket dovecot.service # systemctl mask dovecot.socket dovecot.service.
sca.check.compliance.cis: 2.1.8
sca.check.compliance.cis_csc_v8: 4.8
sca.check.compliance.cis_csc_v7: 9.2
sca.check.compliance.cmmc_v2.0: CM.L2-3.4.7,CM.L2-3.4.8,SC.L2-3.13.6
sca.check.compliance.iso_27001-2013: A.13.1.3
sca.check.compliance.mitre_mitigations: M1042
sca.check.compliance.mitre_tactics: TA0008
sca.check.compliance.mitre_techniques: T1203,T1210,T1543,T1543.002
sca.check.compliance.pci_dss_v3.2.1: 1.1.6,1.2.1,2.2.2,2.2.5
sca.check.compliance.pci_dss_v4.0: 1.2.5,2.2.4,6.4.1
sca.check.compliance.soc_2: CC6.3,CC6.6
sca.check.command: ["dpkg-query -s dovecot-imapd dovecot-pop3d"]
sca.check.result: passed

** Alert 1757863499.187949: - sca,gdpr_IV_35.7.d,pci_dss_2.2,nist_800_53_CM.1,tsc_CC7.1,tsc_CC7.2,
2025 Sep 14 17:24:59 student-virtual-machine->sca
Rule: 19008 (level 3) -> 'CIS Ubuntu Linux 22.04 LTS Benchmark v2.0.0.: Ensure web proxy server services are not in use.'
{"type":"check","id":380680914,"policy":"CIS Ubuntu Linux 22.04 LTS Benchmark v2.0.0.","policy_id":"cis_ubuntu22-04","check":{"id":28562,"title":"Ensure web proxy server services are not in use.","description":"Squid is a standard proxy server used in many distributions and environments.","rationale":"Unless a system is specifically set up to act as a proxy server, it is recommended that the squid package be removed to reduce the potential attack surface. Note: Several HTTP proxy servers exist. These should be checked and removed unless required.","remediation":"Run the following commands to stop squid.service and remove the squid package: # systemctl stop squid.service # apt purge squid - OR - If the squid package is required as a dependency: Run the following commands to stop and mask the squid.service: # systemctl stop squid.service # systemctl mask squid.service.","compliance":{"cis":"2.1.17","cis_csc_v8":"4.8","cis_csc_v7":"9.2","cmmc_v2.0":"CM.L2-3.4.7,CM.L2-3.4.8,SC.L2-3.13.6","iso_27001-2013":"A.13.1.3","mitre_mitigations":"M1042","mitre_tactics":"TA0008","mitre_techniques":"T1203,T1210,T1543,T1543.002","pci_dss_v3.2.1":"1.1.6,1.2.1,2.2.2,2.2.5","pci_dss_v4.0":"1.2.5,2.2.4,6.4.1","soc_2":"CC6.3,CC6.6"},"rules":["not c:dpkg-query -s squid -> r:install ok installed","not c:sh -c \"systemctl is-enabled squid.service & systemctl is-active squid.service\" -> r:^active$|^enabled$"],"condition":"any","command":"dpkg-query -s squid","result":"passed"}}
sca.type: check
sca.scan_id: 380680914
sca.policy: CIS Ubuntu Linux 22.04 LTS Benchmark v2.0.0.
sca.check.id: 28562
sca.check.title: Ensure web proxy server services are not in use.
sca.check.description: Squid is a standard proxy server used in many distributions and environments.
sca.check.rationale: Unless a system is specifically set up to act as a proxy server, it is recommended that the squid package be removed to reduce the potential attack surface. Note: Several HTTP proxy servers exist. These should be checked and removed unless required.
sca.check.remediation: Run the following commands to stop squid.service and remove the squid package: # systemctl stop squid.service # apt purge squid - OR - If the squid package is required as a dependency: Run the following commands to stop and mask the squid.service: # systemctl stop squid.service # systemctl mask squid.service.
sca.check.compliance.cis: 2.1.17
sca.check.compliance.cis_csc_v8: 4.8
sca.check.compliance.cis_csc_v7: 9.2
sca.check.compliance.cmmc_v2.0: CM.L2-3.4.7,CM.L2-3.4.8,SC.L2-3.13.6
sca.check.compliance.iso_27001-2013: A.13.1.3
sca.check.compliance.mitre_mitigations: M1042
sca.check.compliance.mitre_tactics: TA0008
sca.check.compliance.mitre_techniques: T1203,T1210,T1543,T1543.002
sca.check.compliance.pci_dss_v3.2.1: 1.1.6,1.2.1,2.2.2,2.2.5
sca.check.compliance.pci_dss_v4.0: 1.2.5,2.2.4,6.4.1
sca.check.compliance.soc_2: CC6.3,CC6.6
sca.check.command: ["dpkg-query -s squid"]
sca.check.result: passed

** Alert 1757863499.191186: - sca,gdpr_IV_35.7.d,pci_dss_2.2,nist_800_53_CM.1,tsc_CC7.1,tsc_CC7.2,
2025 Sep 14 17:24:59 student-virtual-machine->sca
Rule: 19008 (level 3) -> 'CIS Ubuntu Linux 22.04 LTS Benchmark v2.0.0.: Ensure samba file server services are not in use.'
{"type":"check","id":380680914,"policy":"CIS Ubuntu Linux 22.04 LTS Benchmark v2.0.0.","policy_id":"cis_ubuntu22-04","check":{"id":28561,"title":"Ensure samba file server services are not in use.","description":"The Samba daemon allows system administrators to configure their Linux systems to share file systems and directories with Windows desktops. Samba will advertise the file systems and directories via the Server Message Block (SMB) protocol. Windows desktop users will be able to mount these directories and file systems as letter drives on their systems.","rationale":"If there is no need to mount directories and file systems to Windows systems, then this service should be deleted to reduce the potential attack surface.","remediation":"Run the following commands to stop smbd.service and remove samba package: # systemctl stop smbd.service # apt purge samba - OR - - IF - the samba package is required as a dependency: Run the following commands to stop and mask the smbd.service: # systemctl stop smbd.service # systemctl mask smbd.service.","compliance":{"cis":"2.1.14","cis_csc_v8":"4.8","cis_csc_v7":"9.2","cmmc_v2.0":"CM.L2-3.4.7,CM.L2-3.4.8,SC.L2-3.13.6","iso_27001-2013":"A.13.1.3","mitre_tactics":"TA0008","mitre_techniques":"T1005,T1039,T1083,T1135,T1203,T1210,T1543,T1543.002","pci_dss_v3.2.1":"1.1.6,1.2.1,2.2.2,2.2.5","pci_dss_v4.0":"1.2.5,2.2.4,6.4.1","soc_2":"CC6.3,CC6.6"},"rules":["not c:dpkg-query -s samba -> r:install ok installed","not c:sh -c \"systemctl is-enabled smbd.service & systemctl is-active smbd.service\" -> r:^active$|^enabled$"],"condition":"any","command":"dpkg-query -s samba","result":"passed"}}
sca.type: check
sca.scan_id: 380680914
sca.policy: CIS Ubuntu Linux 22.04 LTS Benchmark v2.0.0.
sca.check.id: 28561
sca.check.title: Ensure samba file server services are not in use.
sca.check.description: The Samba daemon allows system administrators to configure their Linux systems to share file systems and directories with Windows desktops. Samba will advertise the file systems and directories via the Server Message Block (SMB) protocol. Windows desktop users will be able to mount these directories and file systems as letter drives on their systems.
sca.check.rationale: If there is no need to mount directories and file systems to Windows systems, then this service should be deleted to reduce the potential attack surface.
sca.check.remediation: Run the following commands to stop smbd.service and remove samba package: # systemctl stop smbd.service # apt purge samba - OR - - IF - the samba package is required as a dependency: Run the following commands to stop and mask the smbd.service: # systemctl stop smbd.service # systemctl mask smbd.service.
sca.check.compliance.cis: 2.1.14
sca.check.compliance.cis_csc_v8: 4.8
sca.check.compliance.cis_csc_v7: 9.2
sca.check.compliance.cmmc_v2.0: CM.L2-3.4.7,CM.L2-3.4.8,SC.L2-3.13.6
sca.check.compliance.iso_27001-2013: A.13.1.3
sca.check.compliance.mitre_tactics: TA0008
sca.check.compliance.mitre_techniques: T1005,T1039,T1083,T1135,T1203,T1210,T1543,T1543.002
sca.check.compliance.pci_dss_v3.2.1: 1.1.6,1.2.1,2.2.2,2.2.5
sca.check.compliance.pci_dss_v4.0: 1.2.5,2.2.4,6.4.1
sca.check.compliance.soc_2: CC6.3,CC6.6
sca.check.command: ["dpkg-query -s samba"]
sca.check.result: passed

** Alert 1757863499.194746: - sca,gdpr_IV_35.7.d,pci_dss_2.2,nist_800_53_CM.1,tsc_CC7.1,tsc_CC7.2,
2025 Sep 14 17:24:59 student-virtual-machine->sca
Rule: 19008 (level 3) -> 'CIS Ubuntu Linux 22.04 LTS Benchmark v2.0.0.: Ensure snmp services are not in use.'
{"type":"check","id":380680914,"policy":"CIS Ubuntu Linux 22.04 LTS Benchmark v2.0.0.","policy_id":"cis_ubuntu22-04","check":{"id":28563,"title":"Ensure snmp services are not in use.","description":"Simple Network Management Protocol (SNMP) is a widely used protocol for monitoring the health and welfare of network equipment, computer equipment and devices like UPSs. Net-SNMP is a suite of applications used to implement SNMPv1 (RFC 1157), SNMPv2 (RFCs 1901-1908), and SNMPv3 (RFCs 3411-3418) using both IPv4 and IPv6. Support for SNMPv2 classic (a.k.a. \"SNMPv2 historic\" - RFCs 1441-1452) was dropped with the 4.0 release of the UCD-snmp package. The Simple Network Management Protocol (SNMP) server is used to listen for SNMP commands from an SNMP management system, execute the commands or collect the information and then send results back to the requesting system.","rationale":"The SNMP server can communicate using SNMPv1, which transmits data in the clear and does not require authentication to execute commands. SNMPv3 replaces the simple/clear text password sharing used in SNMPv2 with more securely encoded parameters. If the the SNMP service is not required, the snmpd package should be removed to reduce the attack surface of the system. Note: If SNMP is required: - The server should be configured for SNMP v3 only. User Authentication and Message Encryption should be configured. If SNMP v2 is absolutely necessary, modify the community strings' values. -.","remediation":"Run the following commands to stop snmpd.service and remove the snmpd package: # systemctl stop snmpd.service # apt purge snmpd - OR - If the package is required for dependencies: Run the following commands to stop and mask the snmpd.service: # systemctl stop snmpd.service # systemctl mask snmpd.service.","compliance":{"cis":"2.1.15","cis_csc_v8":"4.8","cis_csc_v7":"9.2","cmmc_v2.0":"CM.L2-3.4.7,CM.L2-3.4.8,SC.L2-3.13.6","iso_27001-2013":"A.13.1.3","mitre_mitigations":"M1042","mitre_tactics":"TA0008","mitre_techniques":"T1203,T1210,T1543,T1543.002","pci_dss_v3.2.1":"1.1.6,1.2.1,2.2.2,2.2.5","pci_dss_v4.0":"1.2.5,2.2.4,6.4.1","soc_2":"CC6.3,CC6.6"},"rules":["not c:dpkg-query -s snmpd -> r:install ok installed","not c:sh -c \"systemctl is-enabled snmpd.service & systemctl is-active snmpd.service\" -> r:^active$|^enabled$"],"condition":"any","command":"dpkg-query -s snmpd","result":"passed"}}
sca.type: check
sca.scan_id: 380680914
sca.policy: CIS Ubuntu Linux 22.04 LTS Benchmark v2.0.0.
sca.check.id: 28563
sca.check.title: Ensure snmp services are not in use.
sca.check.description: Simple Network Management Protocol (SNMP) is a widely used protocol for monitoring the health and welfare of network equipment, computer equipment and devices like UPSs. Net-SNMP is a suite of applications used to implement SNMPv1 (RFC 1157), SNMPv2 (RFCs 1901-1908), and SNMPv3 (RFCs 3411-3418) using both IPv4 and IPv6. Support for SNMPv2 classic (a.k.a. "SNMPv2 historic" - RFCs 1441-1452) was dropped with the 4.0 release of the UCD-snmp package. The Simple Network Management Protocol (SNMP) server is used to listen for SNMP commands from an SNMP management system, execute the commands or collect the information and then send results back to the requesting system.
sca.check.rationale: The SNMP server can communicate using SNMPv1, which transmits data in the clear and does not require authentication to execute commands. SNMPv3 replaces the simple/clear text password sharing used in SNMPv2 with more securely encoded parameters. If the the SNMP service is not required, the snmpd package should be removed to reduce the attack surface of the system. Note: If SNMP is required: - The server should be configured for SNMP v3 only. User Authentication and Message Encryption should be configured. If SNMP v2 is absolutely necessary, modify the community strings' values. -.
sca.check.remediation: Run the following commands to stop snmpd.service and remove the snmpd package: # systemctl stop snmpd.service # apt purge snmpd - OR - If the package is required for dependencies: Run the following commands to stop and mask the snmpd.service: # systemctl stop snmpd.service # systemctl mask snmpd.service.
sca.check.compliance.cis: 2.1.15
sca.check.compliance.cis_csc_v8: 4.8
sca.check.compliance.cis_csc_v7: 9.2
sca.check.compliance.cmmc_v2.0: CM.L2-3.4.7,CM.L2-3.4.8,SC.L2-3.13.6
sca.check.compliance.iso_27001-2013: A.13.1.3
sca.check.compliance.mitre_mitigations: M1042
sca.check.compliance.mitre_tactics: TA0008
sca.check.compliance.mitre_techniques: T1203,T1210,T1543,T1543.002
sca.check.compliance.pci_dss_v3.2.1: 1.1.6,1.2.1,2.2.2,2.2.5
sca.check.compliance.pci_dss_v4.0: 1.2.5,2.2.4,6.4.1
sca.check.compliance.soc_2: CC6.3,CC6.6
sca.check.command: ["dpkg-query -s snmpd"]
sca.check.result: passed

** Alert 1757863499.199805: - sca,gdpr_IV_35.7.d,pci_dss_2.2,nist_800_53_CM.1,tsc_CC7.1,tsc_CC7.2,
2025 Sep 14 17:24:59 student-virtual-machine->sca
Rule: 19008 (level 3) -> 'CIS Ubuntu Linux 22.04 LTS Benchmark v2.0.0.: Ensure nis server services are not in use.'
{"type":"check","id":380680914,"policy":"CIS Ubuntu Linux 22.04 LTS Benchmark v2.0.0.","policy_id":"cis_ubuntu22-04","check":{"id":28564,"title":"Ensure nis server services are not in use.","description":"The Network Information Service (NIS) (formally known as Yellow Pages) is a client-server directory service protocol for distributing system configuration files. The NIS server is a collection of programs that allow for the distribution of configuration files. The NIS client (ypbind) was used to bind a machine to an NIS server and receive the distributed configuration files.","rationale":"ypserv.service is inherently an insecure system that has been vulnerable to DOS attacks, buffer overflows and has poor authentication for querying NIS maps. NIS generally has been replaced by such protocols as Lightweight Directory Access Protocol (LDAP). It is recommended that ypserv.service be removed and other, more secure services be used.","remediation":"Run the following commands to stop ypserv.service and remove ypserv package: # systemctl stop ypserv.service # apt purge ypserv - OR - - IF - the ypserv package is required as a dependency: Run the following commands to stop and mask ypserv.service: # systemctl stop ypserv.service # systemctl mask ypserv.service.","compliance":{"cis":"2.1.10","cis_csc_v8":"4.8","cis_csc_v7":"9.2","cmmc_v2.0":"CM.L2-3.4.7,CM.L2-3.4.8,SC.L2-3.13.6","iso_27001-2013":"A.13.1.3","mitre_mitigations":"M1042","mitre_tactics":"TA0008","mitre_techniques":"T1203,T1210,T1543,T1543.002","pci_dss_v3.2.1":"1.1.6,1.2.1,2.2.2,2.2.5","pci_dss_v4.0":"1.2.5,2.2.4,6.4.1","soc_2":"CC6.3,CC6.6"},"rules":["not c:dpkg-query -s ypserv -> r:install ok installed","not c:sh -c \"systemctl is-enabled ypserv.service & systemctl is-active ypserv.service\" -> r:^active$|^enabled$"],"condition":"any","command":"dpkg-query -s ypserv","result":"passed"}}
sca.type: check
sca.scan_id: 380680914
sca.policy: CIS Ubuntu Linux 22.04 LTS Benchmark v2.0.0.
sca.check.id: 28564
sca.check.title: Ensure nis server services are not in use.
sca.check.description: The Network Information Service (NIS) (formally known as Yellow Pages) is a client-server directory service protocol for distributing system configuration files. The NIS server is a collection of programs that allow for the distribution of configuration files. The NIS client (ypbind) was used to bind a machine to an NIS server and receive the distributed configuration files.
sca.check.rationale: ypserv.service is inherently an insecure system that has been vulnerable to DOS attacks, buffer overflows and has poor authentication for querying NIS maps. NIS generally has been replaced by such protocols as Lightweight Directory Access Protocol (LDAP). It is recommended that ypserv.service be removed and other, more secure services be used.
sca.check.remediation: Run the following commands to stop ypserv.service and remove ypserv package: # systemctl stop ypserv.service # apt purge ypserv - OR - - IF - the ypserv package is required as a dependency: Run the following commands to stop and mask ypserv.service: # systemctl stop ypserv.service # systemctl mask ypserv.service.
sca.check.compliance.cis: 2.1.10
sca.check.compliance.cis_csc_v8: 4.8
sca.check.compliance.cis_csc_v7: 9.2
sca.check.compliance.cmmc_v2.0: CM.L2-3.4.7,CM.L2-3.4.8,SC.L2-3.13.6
sca.check.compliance.iso_27001-2013: A.13.1.3
sca.check.compliance.mitre_mitigations: M1042
sca.check.compliance.mitre_tactics: TA0008
sca.check.compliance.mitre_techniques: T1203,T1210,T1543,T1543.002
sca.check.compliance.pci_dss_v3.2.1: 1.1.6,1.2.1,2.2.2,2.2.5
sca.check.compliance.pci_dss_v4.0: 1.2.5,2.2.4,6.4.1
sca.check.compliance.soc_2: CC6.3,CC6.6
sca.check.command: ["dpkg-query -s ypserv"]
sca.check.result: passed

** Alert 1757863499.203829: - sca,gdpr_IV_35.7.d,pci_dss_2.2,nist_800_53_CM.1,tsc_CC7.1,tsc_CC7.2,
2025 Sep 14 17:24:59 student-virtual-machine->sca
Rule: 19008 (level 3) -> 'CIS Ubuntu Linux 22.04 LTS Benchmark v2.0.0.: Ensure mail transfer agent is configured for local-only mode.'
{"type":"check","id":380680914,"policy":"CIS Ubuntu Linux 22.04 LTS Benchmark v2.0.0.","policy_id":"cis_ubuntu22-04","check":{"id":28565,"title":"Ensure mail transfer agent is configured for local-only mode.","description":"Mail Transfer Agents (MTA), such as sendmail and Postfix, are used to listen for incoming mail and transfer the messages to the appropriate user or mail server. If the system is not intended to be a mail server, it is recommended that the MTA be configured to only process local mail.","rationale":"The software for all Mail Transfer Agents is complex and most have a long history of security issues. While it is important to ensure that the system can process local mail messages, it is not necessary to have the MTA's daemon listening on a port unless the server is intended to be a mail server that receives and processes mail from other systems. Internal Only - General.","remediation":"Edit /etc/postfix/main.cf and add the following line to the RECEIVING MAIL section. If the line already exists, change it to look like the line below: inet_interfaces = loopback-only Run the following command to restart postfix: # systemctl restart postfix Note: - This recommendation is designed around the postfix mail server. - Depending on your environment you may have an alternative MTA installed such as exim4. If this is the case consult the documentation for your installed MTA to configure the recommended state.","compliance":{"cis":"2.1.21","cis_csc_v8":"4.8","cis_csc_v7":"9.2","cmmc_v2.0":"CM.L2-3.4.7,CM.L2-3.4.8,SC.L2-3.13.6","iso_27001-2013":"A.13.1.3","mitre_mitigations":"M1042","mitre_tactics":"TA0008","mitre_techniques":"T1018,T1210","pci_dss_v3.2.1":"1.1.6,1.2.1,2.2.2,2.2.5","pci_dss_v4.0":"1.2.5,2.2.4,6.4.1","soc_2":"CC6.3,CC6.6"},"rules":["not c:ss -lntu -> r:\\.*:25\\s && r:127.0.0.1:25\\s+|::1]:25\\s+"],"condition":"all","command":"ss -lntu","result":"passed"}}
sca.type: check
sca.scan_id: 380680914
sca.policy: CIS Ubuntu Linux 22.04 LTS Benchmark v2.0.0.
sca.check.id: 28565
sca.check.title: Ensure mail transfer agent is configured for local-only mode.
sca.check.description: Mail Transfer Agents (MTA), such as sendmail and Postfix, are used to listen for incoming mail and transfer the messages to the appropriate user or mail server. If the system is not intended to be a mail server, it is recommended that the MTA be configured to only process local mail.
sca.check.rationale: The software for all Mail Transfer Agents is complex and most have a long history of security issues. While it is important to ensure that the system can process local mail messages, it is not necessary to have the MTA's daemon listening on a port unless the server is intended to be a mail server that receives and processes mail from other systems. Internal Only - General.
sca.check.remediation: Edit /etc/postfix/main.cf and add the following line to the RECEIVING MAIL section. If the line already exists, change it to look like the line below: inet_interfaces = loopback-only Run the following command to restart postfix: # systemctl restart postfix Note: - This recommendation is designed around the postfix mail server. - Depending on your environment you may have an alternative MTA installed such as exim4. If this is the case consult the documentation for your installed MTA to configure the recommended state.
sca.check.compliance.cis: 2.1.21
sca.check.compliance.cis_csc_v8: 4.8
sca.check.compliance.cis_csc_v7: 9.2
sca.check.compliance.cmmc_v2.0: CM.L2-3.4.7,CM.L2-3.4.8,SC.L2-3.13.6
sca.check.compliance.iso_27001-2013: A.13.1.3
sca.check.compliance.mitre_mitigations: M1042
sca.check.compliance.mitre_tactics: TA0008
sca.check.compliance.mitre_techniques: T1018,T1210
sca.check.compliance.pci_dss_v3.2.1: 1.1.6,1.2.1,2.2.2,2.2.5
sca.check.compliance.pci_dss_v4.0: 1.2.5,2.2.4,6.4.1
sca.check.compliance.soc_2: CC6.3,CC6.6
sca.check.command: ["ss -lntu"]
sca.check.result: passed

** Alert 1757863499.208041: - sca,gdpr_IV_35.7.d,pci_dss_2.2,nist_800_53_CM.1,tsc_CC7.1,tsc_CC7.2,
2025 Sep 14 17:24:59 student-virtual-machine->sca
Rule: 19008 (level 3) -> 'CIS Ubuntu Linux 22.04 LTS Benchmark v2.0.0.: Ensure rsync services are not in use.'
{"type":"check","id":380680914,"policy":"CIS Ubuntu Linux 22.04 LTS Benchmark v2.0.0.","policy_id":"cis_ubuntu22-04","check":{"id":28566,"title":"Ensure rsync services are not in use.","description":"The rsync service can be used to synchronize files between systems over network links.","rationale":"rsync.service presents a security risk as the rsync protocol is unencrypted. The rsync package should be removed to reduce the attack area of the system.","remediation":"Run the following commands to stop rsync.service, and remove the rsync package: # systemctl stop rsync.service # apt purge rsync - OR - - IF - the rsync package is required as a dependency: Run the following commands to stop and mask rsync.service: # systemctl stop rsync.service # systemctl mask rsync.service.","compliance":{"cis":"2.1.13","cis_csc_v8":"4.8","cis_csc_v7":"9.2","cmmc_v2.0":"CM.L2-3.4.7,CM.L2-3.4.8,SC.L2-3.13.6","iso_27001-2013":"A.13.1.3","mitre_mitigations":"M1042","mitre_tactics":"TA0008","mitre_techniques":"T1105,T1203,T1210,T1543,T1543.002,T1570","pci_dss_v3.2.1":"1.1.6,1.2.1,2.2.2,2.2.5","pci_dss_v4.0":"1.2.5,2.2.4,6.4.1","soc_2":"CC6.3,CC6.6"},"rules":["not c:dpkg-query -s rsync -> r:install ok installed","not c:sh -c \"systemctl is-enabled rsync.service & systemctl is-active rsync.service\" -> r:^active$|^enabled$"],"condition":"any","command":"dpkg-query -s rsync,sh -c \"systemctl is-enabled rsync.service & systemctl is-active rsync.service\"","result":"passed"}}
sca.type: check
sca.scan_id: 380680914
sca.policy: CIS Ubuntu Linux 22.04 LTS Benchmark v2.0.0.
sca.check.id: 28566
sca.check.title: Ensure rsync services are not in use.
sca.check.description: The rsync service can be used to synchronize files between systems over network links.
sca.check.rationale: rsync.service presents a security risk as the rsync protocol is unencrypted. The rsync package should be removed to reduce the attack area of the system.
sca.check.remediation: Run the following commands to stop rsync.service, and remove the rsync package: # systemctl stop rsync.service # apt purge rsync - OR - - IF - the rsync package is required as a dependency: Run the following commands to stop and mask rsync.service: # systemctl stop rsync.service # systemctl mask rsync.service.
sca.check.compliance.cis: 2.1.13
sca.check.compliance.cis_csc_v8: 4.8
sca.check.compliance.cis_csc_v7: 9.2
sca.check.compliance.cmmc_v2.0: CM.L2-3.4.7,CM.L2-3.4.8,SC.L2-3.13.6
sca.check.compliance.iso_27001-2013: A.13.1.3
sca.check.compliance.mitre_mitigations: M1042
sca.check.compliance.mitre_tactics: TA0008
sca.check.compliance.mitre_techniques: T1105,T1203,T1210,T1543,T1543.002,T1570
sca.check.compliance.pci_dss_v3.2.1: 1.1.6,1.2.1,2.2.2,2.2.5
sca.check.compliance.pci_dss_v4.0: 1.2.5,2.2.4,6.4.1
sca.check.compliance.soc_2: CC6.3,CC6.6
sca.check.command: ["dpkg-query -s rsync", "sh -c \"systemctl is-enabled rsync.service & systemctl is-active rsync.service\""]
sca.check.result: passed

** Alert 1757863499.211262: - sca,gdpr_IV_35.7.d,pci_dss_2.2,nist_800_53_CM.1,tsc_CC7.1,tsc_CC7.2,
2025 Sep 14 17:24:59 student-virtual-machine->sca
Rule: 19008 (level 3) -> 'CIS Ubuntu Linux 22.04 LTS Benchmark v2.0.0.: Ensure NIS Client is not installed.'
{"type":"check","id":380680914,"policy":"CIS Ubuntu Linux 22.04 LTS Benchmark v2.0.0.","policy_id":"cis_ubuntu22-04","check":{"id":28567,"title":"Ensure NIS Client is not installed.","description":"The Network Information Service (NIS), formerly known as Yellow Pages, is a client-server directory service protocol used to distribute system configuration files. The NIS client was used to bind a machine to an NIS server and receive the distributed configuration files.","rationale":"The NIS service is inherently an insecure system that has been vulnerable to DOS attacks, buffer overflows and has poor authentication for querying NIS maps. NIS generally has been replaced by such protocols as Lightweight Directory Access Protocol (LDAP). It is recommended that the service be removed.","remediation":"Uninstall nis: # apt purge nis.","compliance":{"cis":"2.2.1","cis_csc_v8":"4.8","cis_csc_v7":"2.6","cmmc_v2.0":"CM.L2-3.4.7,CM.L2-3.4.8,SC.L2-3.13.6","iso_27001-2013":"A.12.5.1,A.12.6.2","mitre_mitigations":"M1042","mitre_tactics":"TA0008","mitre_techniques":"T1203,T1543,T1543.002","pci_dss_v3.2.1":"1.1.6,1.2.1,2.2.2,2.2.5","pci_dss_v4.0":"1.2.5,2.2.4,6.4.1","soc_2":"CC6.3,CC6.6"},"rules":["not c:dpkg-query -s nis -> r:install ok installed"],"condition":"all","command":"dpkg-query -s nis","result":"passed"}}
sca.type: check
sca.scan_id: 380680914
sca.policy: CIS Ubuntu Linux 22.04 LTS Benchmark v2.0.0.
sca.check.id: 28567
sca.check.title: Ensure NIS Client is not installed.
sca.check.description: The Network Information Service (NIS), formerly known as Yellow Pages, is a client-server directory service protocol used to distribute system configuration files. The NIS client was used to bind a machine to an NIS server and receive the distributed configuration files.
sca.check.rationale: The NIS service is inherently an insecure system that has been vulnerable to DOS attacks, buffer overflows and has poor authentication for querying NIS maps. NIS generally has been replaced by such protocols as Lightweight Directory Access Protocol (LDAP). It is recommended that the service be removed.
sca.check.remediation: Uninstall nis: # apt purge nis.
sca.check.compliance.cis: 2.2.1
sca.check.compliance.cis_csc_v8: 4.8
sca.check.compliance.cis_csc_v7: 2.6
sca.check.compliance.cmmc_v2.0: CM.L2-3.4.7,CM.L2-3.4.8,SC.L2-3.13.6
sca.check.compliance.iso_27001-2013: A.12.5.1,A.12.6.2
sca.check.compliance.mitre_mitigations: M1042
sca.check.compliance.mitre_tactics: TA0008
sca.check.compliance.mitre_techniques: T1203,T1543,T1543.002
sca.check.compliance.pci_dss_v3.2.1: 1.1.6,1.2.1,2.2.2,2.2.5
sca.check.compliance.pci_dss_v4.0: 1.2.5,2.2.4,6.4.1
sca.check.compliance.soc_2: CC6.3,CC6.6
sca.check.command: ["dpkg-query -s nis"]
sca.check.result: passed

** Alert 1757863499.214283: - sca,gdpr_IV_35.7.d,pci_dss_2.2,nist_800_53_CM.1,tsc_CC7.1,tsc_CC7.2,
2025 Sep 14 17:24:59 student-virtual-machine->sca
Rule: 19008 (level 3) -> 'CIS Ubuntu Linux 22.04 LTS Benchmark v2.0.0.: Ensure rsh client is not installed.'
{"type":"check","id":380680914,"policy":"CIS Ubuntu Linux 22.04 LTS Benchmark v2.0.0.","policy_id":"cis_ubuntu22-04","check":{"id":28568,"title":"Ensure rsh client is not installed.","description":"The rsh-client package contains the client commands for the rsh services.","rationale":"These legacy clients contain numerous security exposures and have been replaced with the more secure SSH package. Even if the server is removed, it is best to ensure the clients are also removed to prevent users from inadvertently attempting to use these commands and therefore exposing their credentials. Note that removing the rsh-client package removes the clients for rsh, rcp and rlogin.","remediation":"Uninstall rsh: # apt purge rsh-client.","compliance":{"cis":"2.2.2","cis_csc_v8":"4.8","cis_csc_v7":"9.2","cmmc_v2.0":"CM.L2-3.4.7,CM.L2-3.4.8,SC.L2-3.13.6","iso_27001-2013":"A.13.1.3","mitre_mitigations":"M1041,M1042","mitre_tactics":"TA0008","mitre_techniques":"T1040,T1203,T1543,T1543.002","pci_dss_v3.2.1":"1.1.6,1.2.1,2.2.2,2.2.5","pci_dss_v4.0":"1.2.5,2.2.4,6.4.1","soc_2":"CC6.3,CC6.6"},"rules":["not c:dpkg-query -s rsh-client -> r:install ok installed"],"condition":"all","command":"dpkg-query -s rsh-client","result":"passed"}}
sca.type: check
sca.scan_id: 380680914
sca.policy: CIS Ubuntu Linux 22.04 LTS Benchmark v2.0.0.
sca.check.id: 28568
sca.check.title: Ensure rsh client is not installed.
sca.check.description: The rsh-client package contains the client commands for the rsh services.
sca.check.rationale: These legacy clients contain numerous security exposures and have been replaced with the more secure SSH package. Even if the server is removed, it is best to ensure the clients are also removed to prevent users from inadvertently attempting to use these commands and therefore exposing their credentials. Note that removing the rsh-client package removes the clients for rsh, rcp and rlogin.
sca.check.remediation: Uninstall rsh: # apt purge rsh-client.
sca.check.compliance.cis: 2.2.2
sca.check.compliance.cis_csc_v8: 4.8
sca.check.compliance.cis_csc_v7: 9.2
sca.check.compliance.cmmc_v2.0: CM.L2-3.4.7,CM.L2-3.4.8,SC.L2-3.13.6
sca.check.compliance.iso_27001-2013: A.13.1.3
sca.check.compliance.mitre_mitigations: M1041,M1042
sca.check.compliance.mitre_tactics: TA0008
sca.check.compliance.mitre_techniques: T1040,T1203,T1543,T1543.002
sca.check.compliance.pci_dss_v3.2.1: 1.1.6,1.2.1,2.2.2,2.2.5
sca.check.compliance.pci_dss_v4.0: 1.2.5,2.2.4,6.4.1
sca.check.compliance.soc_2: CC6.3,CC6.6
sca.check.command: ["dpkg-query -s rsh-client"]
sca.check.result: passed

** Alert 1757863499.217127: - sca,gdpr_IV_35.7.d,pci_dss_2.2,nist_800_53_CM.1,tsc_CC7.1,tsc_CC7.2,
2025 Sep 14 17:24:59 student-virtual-machine->sca
Rule: 19008 (level 3) -> 'CIS Ubuntu Linux 22.04 LTS Benchmark v2.0.0.: Ensure talk client is not installed.'
{"type":"check","id":380680914,"policy":"CIS Ubuntu Linux 22.04 LTS Benchmark v2.0.0.","policy_id":"cis_ubuntu22-04","check":{"id":28569,"title":"Ensure talk client is not installed.","description":"The talk software makes it possible for users to send and receive messages across systems through a terminal session. The talk client, which allows initialization of talk sessions, is installed by default.","rationale":"The software presents a security risk as it uses unencrypted protocols for communication.","remediation":"Uninstall talk: # apt purge talk.","compliance":{"cis":"2.2.3","cis_csc_v8":"4.8","cis_csc_v7":"9.2","cmmc_v2.0":"CM.L2-3.4.7,CM.L2-3.4.8,SC.L2-3.13.6","iso_27001-2013":"A.13.1.3","mitre_mitigations":"M1041,M1042","mitre_tactics":"TA0006,TA0008","mitre_techniques":"T1203,T1543,T1543.002","pci_dss_v3.2.1":"1.1.6,1.2.1,2.2.2,2.2.5","pci_dss_v4.0":"1.2.5,2.2.4,6.4.1","soc_2":"CC6.3,CC6.6"},"rules":["not c:dpkg-query -s talk -> r:install ok installed"],"condition":"all","command":"dpkg-query -s talk","result":"passed"}}
sca.type: check
sca.scan_id: 380680914
sca.policy: CIS Ubuntu Linux 22.04 LTS Benchmark v2.0.0.
sca.check.id: 28569
sca.check.title: Ensure talk client is not installed.
sca.check.description: The talk software makes it possible for users to send and receive messages across systems through a terminal session. The talk client, which allows initialization of talk sessions, is installed by default.
sca.check.rationale: The software presents a security risk as it uses unencrypted protocols for communication.
sca.check.remediation: Uninstall talk: # apt purge talk.
sca.check.compliance.cis: 2.2.3
sca.check.compliance.cis_csc_v8: 4.8
sca.check.compliance.cis_csc_v7: 9.2
sca.check.compliance.cmmc_v2.0: CM.L2-3.4.7,CM.L2-3.4.8,SC.L2-3.13.6
sca.check.compliance.iso_27001-2013: A.13.1.3
sca.check.compliance.mitre_mitigations: M1041,M1042
sca.check.compliance.mitre_tactics: TA0006,TA0008
sca.check.compliance.mitre_techniques: T1203,T1543,T1543.002
sca.check.compliance.pci_dss_v3.2.1: 1.1.6,1.2.1,2.2.2,2.2.5
sca.check.compliance.pci_dss_v4.0: 1.2.5,2.2.4,6.4.1
sca.check.compliance.soc_2: CC6.3,CC6.6
sca.check.command: ["dpkg-query -s talk"]
sca.check.result: passed

** Alert 1757863499.219606: - sca,gdpr_IV_35.7.d,pci_dss_2.2,nist_800_53_CM.1,tsc_CC7.1,tsc_CC7.2,
2025 Sep 14 17:24:59 student-virtual-machine->sca
Rule: 19007 (level 7) -> 'CIS Ubuntu Linux 22.04 LTS Benchmark v2.0.0.: Ensure telnet client is not installed.'
{"type":"check","id":380680914,"policy":"CIS Ubuntu Linux 22.04 LTS Benchmark v2.0.0.","policy_id":"cis_ubuntu22-04","check":{"id":28570,"title":"Ensure telnet client is not installed.","description":"The telnet package contains the telnet client, which allows users to start connections to other systems via the telnet protocol.","rationale":"The telnet protocol is insecure and unencrypted. The use of an unencrypted transmission medium could allow an unauthorized user to steal credentials. The ssh package provides an encrypted session and stronger security and is included in most Linux distributions.","remediation":"Uninstall telnet: # apt purge telnet.","compliance":{"cis":"2.2.4","cis_csc_v8":"4.8","cis_csc_v7":"9.2","cmmc_v2.0":"CM.L2-3.4.7,CM.L2-3.4.8,SC.L2-3.13.6","iso_27001-2013":"A.13.1.3","mitre_mitigations":"M1041,M1042","mitre_tactics":"TA0006,TA0008","mitre_techniques":"T1040,T1203,T1543,T1543.002","pci_dss_v3.2.1":"1.1.6,1.2.1,2.2.2,2.2.5","pci_dss_v4.0":"1.2.5,2.2.4,6.4.1","soc_2":"CC6.3,CC6.6"},"rules":["not c:dpkg-query -s telnet -> r:install ok installed"],"condition":"all","command":"dpkg-query -s telnet","result":"failed"}}
sca.type: check
sca.scan_id: 380680914
sca.policy: CIS Ubuntu Linux 22.04 LTS Benchmark v2.0.0.
sca.check.id: 28570
sca.check.title: Ensure telnet client is not installed.
sca.check.description: The telnet package contains the telnet client, which allows users to start connections to other systems via the telnet protocol.
sca.check.rationale: The telnet protocol is insecure and unencrypted. The use of an unencrypted transmission medium could allow an unauthorized user to steal credentials. The ssh package provides an encrypted session and stronger security and is included in most Linux distributions.
sca.check.remediation: Uninstall telnet: # apt purge telnet.
sca.check.compliance.cis: 2.2.4
sca.check.compliance.cis_csc_v8: 4.8
sca.check.compliance.cis_csc_v7: 9.2
sca.check.compliance.cmmc_v2.0: CM.L2-3.4.7,CM.L2-3.4.8,SC.L2-3.13.6
sca.check.compliance.iso_27001-2013: A.13.1.3
sca.check.compliance.mitre_mitigations: M1041,M1042
sca.check.compliance.mitre_tactics: TA0006,TA0008
sca.check.compliance.mitre_techniques: T1040,T1203,T1543,T1543.002
sca.check.compliance.pci_dss_v3.2.1: 1.1.6,1.2.1,2.2.2,2.2.5
sca.check.compliance.pci_dss_v4.0: 1.2.5,2.2.4,6.4.1
sca.check.compliance.soc_2: CC6.3,CC6.6
sca.check.command: ["dpkg-query -s telnet"]
sca.check.result: failed

** Alert 1757863499.222309: - sca,gdpr_IV_35.7.d,pci_dss_2.2,nist_800_53_CM.1,tsc_CC7.1,tsc_CC7.2,
2025 Sep 14 17:24:59 student-virtual-machine->sca
Rule: 19008 (level 3) -> 'CIS Ubuntu Linux 22.04 LTS Benchmark v2.0.0.: Ensure ldap client is not installed.'
{"type":"check","id":380680914,"policy":"CIS Ubuntu Linux 22.04 LTS Benchmark v2.0.0.","policy_id":"cis_ubuntu22-04","check":{"id":28571,"title":"Ensure ldap client is not installed.","description":"The Lightweight Directory Access Protocol (LDAP) was introduced as a replacement for NIS/YP. It is a service that provides a method for looking up information from a central database.","rationale":"If the system will not need to act as an LDAP client, it is recommended that the software be removed to reduce the potential attack surface.","remediation":"Uninstall ldap-utils: # apt purge ldap-utils.","compliance":{"cis":"2.2.5","cis_csc_v8":"4.8","cis_csc_v7":"9.2","cmmc_v2.0":"CM.L2-3.4.7,CM.L2-3.4.8,SC.L2-3.13.6","iso_27001-2013":"A.13.1.3","mitre_mitigations":"M1042","mitre_tactics":"TA0008","mitre_techniques":"T1203,T1543,T1543.002","pci_dss_v3.2.1":"1.1.6,1.2.1,2.2.2,2.2.5","pci_dss_v4.0":"1.2.5,2.2.4,6.4.1","soc_2":"CC6.3,CC6.6"},"rules":["not c:dpkg-query -s ldap-utils -> r:install ok installed"],"condition":"all","command":"dpkg-query -s ldap-utils","result":"passed"}}
sca.type: check
sca.scan_id: 380680914
sca.policy: CIS Ubuntu Linux 22.04 LTS Benchmark v2.0.0.
sca.check.id: 28571
sca.check.title: Ensure ldap client is not installed.
sca.check.description: The Lightweight Directory Access Protocol (LDAP) was introduced as a replacement for NIS/YP. It is a service that provides a method for looking up information from a central database.
sca.check.rationale: If the system will not need to act as an LDAP client, it is recommended that the software be removed to reduce the potential attack surface.
sca.check.remediation: Uninstall ldap-utils: # apt purge ldap-utils.
sca.check.compliance.cis: 2.2.5
sca.check.compliance.cis_csc_v8: 4.8
sca.check.compliance.cis_csc_v7: 9.2
sca.check.compliance.cmmc_v2.0: CM.L2-3.4.7,CM.L2-3.4.8,SC.L2-3.13.6
sca.check.compliance.iso_27001-2013: A.13.1.3
sca.check.compliance.mitre_mitigations: M1042
sca.check.compliance.mitre_tactics: TA0008
sca.check.compliance.mitre_techniques: T1203,T1543,T1543.002
sca.check.compliance.pci_dss_v3.2.1: 1.1.6,1.2.1,2.2.2,2.2.5
sca.check.compliance.pci_dss_v4.0: 1.2.5,2.2.4,6.4.1
sca.check.compliance.soc_2: CC6.3,CC6.6
sca.check.command: ["dpkg-query -s ldap-utils"]
sca.check.result: passed

** Alert 1757863499.224862: - sca,gdpr_IV_35.7.d,pci_dss_2.2,nist_800_53_CM.1,tsc_CC7.1,tsc_CC7.2,
2025 Sep 14 17:24:59 student-virtual-machine->sca
Rule: 19008 (level 3) -> 'CIS Ubuntu Linux 22.04 LTS Benchmark v2.0.0.: Ensure rpcbind services are not in use.'
{"type":"check","id":380680914,"policy":"CIS Ubuntu Linux 22.04 LTS Benchmark v2.0.0.","policy_id":"cis_ubuntu22-04","check":{"id":28572,"title":"Ensure rpcbind services are not in use.","description":"The rpcbind utility maps RPC services to the ports on which they listen. RPC processes notify rpcbind when they start, registering the ports they are listening on and the RPC program numbers they expect to serve. The client system then contacts rpcbind on the server with a particular RPC program number. The rpcbind.service redirects the client to the proper port number so it can communicate with the requested service. Portmapper is an RPC service, which always listens on tcp and udp 111, and is used to map other RPC services (such as nfs, nlockmgr, quotad, mountd, etc.) to their corresponding port number on the server. When a remote host makes an RPC call to that server, it first consults with portmap to determine where the RPC server is listening.","rationale":"A small request (~82 bytes via UDP) sent to the Portmapper generates a large response (7x to 28x amplification), which makes it a suitable tool for DDoS attacks. If rpcbind is not required, it is recommended to remove rpcbind package to reduce the potential attack surface.","remediation":"Run the following commands to stop rpcbind.socket and rpcbind.service, and remove the rpcbind package: # systemctl stop rpcbind.socket rpcbind.service # apt purge rpcbind - OR - - IF - the rpcbind package is required as a dependency: Run the following commands to stop and mask the rpcbind.socket and rpcbind.service: # systemctl stop rpcbind.socket rpcbind.service # systemctl mask rpcbind.socket rpcbind.service.","compliance":{"cis":"2.1.12","cis_csc_v8":"4.8","cis_csc_v7":"9.2","cmmc_v2.0":"CM.L2-3.4.7,CM.L2-3.4.8,SC.L2-3.13.6","iso_27001-2013":"A.13.1.3","mitre_mitigations":"M1042","mitre_tactics":"TA0008","mitre_techniques":"T1203,T1210,T1498,T1498.002,T1543,T1543.002","pci_dss_v3.2.1":"1.1.6,1.2.1,2.2.2,2.2.5","pci_dss_v4.0":"1.2.5,2.2.4,6.4.1","soc_2":"CC6.3,CC6.6"},"rules":["not c:dpkg-query -s rpcbind -> r:install ok installed","not c:sh -c \"systemctl is-enabled rpcbind.socket rpcbind.service & systemctl is-active rpcbind.socket rpcbind.service\" -> r:^active$|^enabled$"],"condition":"any","command":"dpkg-query -s rpcbind","result":"passed"}}
sca.type: check
sca.scan_id: 380680914
sca.policy: CIS Ubuntu Linux 22.04 LTS Benchmark v2.0.0.
sca.check.id: 28572
sca.check.title: Ensure rpcbind services are not in use.
sca.check.description: The rpcbind utility maps RPC services to the ports on which they listen. RPC processes notify rpcbind when they start, registering the ports they are listening on and the RPC program numbers they expect to serve. The client system then contacts rpcbind on the server with a particular RPC program number. The rpcbind.service redirects the client to the proper port number so it can communicate with the requested service. Portmapper is an RPC service, which always listens on tcp and udp 111, and is used to map other RPC services (such as nfs, nlockmgr, quotad, mountd, etc.) to their corresponding port number on the server. When a remote host makes an RPC call to that server, it first consults with portmap to determine where the RPC server is listening.
sca.check.rationale: A small request (~82 bytes via UDP) sent to the Portmapper generates a large response (7x to 28x amplification), which makes it a suitable tool for DDoS attacks. If rpcbind is not required, it is recommended to remove rpcbind package to reduce the potential attack surface.
sca.check.remediation: Run the following commands to stop rpcbind.socket and rpcbind.service, and remove the rpcbind package: # systemctl stop rpcbind.socket rpcbind.service # apt purge rpcbind - OR - - IF - the rpcbind package is required as a dependency: Run the following commands to stop and mask the rpcbind.socket and rpcbind.service: # systemctl stop rpcbind.socket rpcbind.service # systemctl mask rpcbind.socket rpcbind.service.
sca.check.compliance.cis: 2.1.12
sca.check.compliance.cis_csc_v8: 4.8
sca.check.compliance.cis_csc_v7: 9.2
sca.check.compliance.cmmc_v2.0: CM.L2-3.4.7,CM.L2-3.4.8,SC.L2-3.13.6
sca.check.compliance.iso_27001-2013: A.13.1.3
sca.check.compliance.mitre_mitigations: M1042
sca.check.compliance.mitre_tactics: TA0008
sca.check.compliance.mitre_techniques: T1203,T1210,T1498,T1498.002,T1543,T1543.002
sca.check.compliance.pci_dss_v3.2.1: 1.1.6,1.2.1,2.2.2,2.2.5
sca.check.compliance.pci_dss_v4.0: 1.2.5,2.2.4,6.4.1
sca.check.compliance.soc_2: CC6.3,CC6.6
sca.check.command: ["dpkg-query -s rpcbind"]
sca.check.result: passed

** Alert 1757863499.229762: - sca,gdpr_IV_35.7.d,pci_dss_2.2,nist_800_53_CM.1,tsc_CC7.1,tsc_CC7.2,
2025 Sep 14 17:24:59 student-virtual-machine->sca
Rule: 19008 (level 3) -> 'CIS Ubuntu Linux 22.04 LTS Benchmark v2.0.0.: Ensure ufw is installed.'
{"type":"check","id":380680914,"policy":"CIS Ubuntu Linux 22.04 LTS Benchmark v2.0.0.","policy_id":"cis_ubuntu22-04","check":{"id":28573,"title":"Ensure ufw is installed.","description":"The Uncomplicated Firewall (ufw) is a frontend for iptables and is particularly well-suited for host-based firewalls. ufw provides a framework for managing Netfilter, as well as a command-line interface for manipulating the firewall.","rationale":"A firewall utility is required to configure the Linux kernel's Netfilter framework via the iptables or nftables back-end. The Linux kernel's Netfilter framework host-based firewall can protect against threats originating from within a corporate network to include malicious mobile code and poorly configured software on a host. Note: Only one firewall utility should be installed and configured. UFW is dependent on the iptables package.","remediation":"Run the following command to install Uncomplicated Firewall (UFW): apt install ufw.","compliance":{"cis":"4.1.1","cis_csc_v8":"4.4,4.5","cis_csc_v7":"9.4","cmmc_v2.0":"AC.L1-3.1.20,CM.L2-3.4.7,SC.L1-3.13.1,SC.L2-3.13.6","iso_27001-2013":"A.13.1.1","mitre_mitigations":"M1031,M1037","mitre_tactics":"TA0011","mitre_techniques":"T1562,T1562.004","nist_sp_800-53":"SC-7(5)","pci_dss_v3.2.1":"1.1.4,1.3.1,1.4","pci_dss_v4.0":"1.2.1,1.4.1","soc_2":"CC6.6"},"rules":["c:dpkg-query -s ufw -> r:install ok installed"],"condition":"all","command":"dpkg-query -s ufw","result":"passed"}}
sca.type: check
sca.scan_id: 380680914
sca.policy: CIS Ubuntu Linux 22.04 LTS Benchmark v2.0.0.
sca.check.id: 28573
sca.check.title: Ensure ufw is installed.
sca.check.description: The Uncomplicated Firewall (ufw) is a frontend for iptables and is particularly well-suited for host-based firewalls. ufw provides a framework for managing Netfilter, as well as a command-line interface for manipulating the firewall.
sca.check.rationale: A firewall utility is required to configure the Linux kernel's Netfilter framework via the iptables or nftables back-end. The Linux kernel's Netfilter framework host-based firewall can protect against threats originating from within a corporate network to include malicious mobile code and poorly configured software on a host. Note: Only one firewall utility should be installed and configured. UFW is dependent on the iptables package.
sca.check.remediation: Run the following command to install Uncomplicated Firewall (UFW): apt install ufw.
sca.check.compliance.cis: 4.1.1
sca.check.compliance.cis_csc_v8: 4.4,4.5
sca.check.compliance.cis_csc_v7: 9.4
sca.check.compliance.cmmc_v2.0: AC.L1-3.1.20,CM.L2-3.4.7,SC.L1-3.13.1,SC.L2-3.13.6
sca.check.compliance.iso_27001-2013: A.13.1.1
sca.check.compliance.mitre_mitigations: M1031,M1037
sca.check.compliance.mitre_tactics: TA0011
sca.check.compliance.mitre_techniques: T1562,T1562.004
sca.check.compliance.nist_sp_800-53: SC-7(5)
sca.check.compliance.pci_dss_v3.2.1: 1.1.4,1.3.1,1.4
sca.check.compliance.pci_dss_v4.0: 1.2.1,1.4.1
sca.check.compliance.soc_2: CC6.6
sca.check.command: ["dpkg-query -s ufw"]
sca.check.result: passed

** Alert 1757863499.233092: - sca,gdpr_IV_35.7.d,pci_dss_2.2,nist_800_53_CM.1,tsc_CC7.1,tsc_CC7.2,
2025 Sep 14 17:24:59 student-virtual-machine->sca
Rule: 19008 (level 3) -> 'CIS Ubuntu Linux 22.04 LTS Benchmark v2.0.0.: Ensure iptables-persistent is not installed with ufw.'
{"type":"check","id":380680914,"policy":"CIS Ubuntu Linux 22.04 LTS Benchmark v2.0.0.","policy_id":"cis_ubuntu22-04","check":{"id":28574,"title":"Ensure iptables-persistent is not installed with ufw.","description":"The iptables-persistent is a boot-time loader for Netfilter rules, iptables plugin.","rationale":"Running both ufw and the services included in the iptables-persistent package may lead to conflict.","remediation":"Run the following command to remove the iptables-persistent package: # apt purge iptables-persistent.","compliance":{"cis":"4.1.2","cis_csc_v8":"4.4,4.5","cis_csc_v7":"9.4","cmmc_v2.0":"AC.L1-3.1.20,CM.L2-3.4.7,SC.L1-3.13.1,SC.L2-3.13.6","iso_27001-2013":"A.13.1.1","mitre_mitigations":"M1033","mitre_tactics":"TA0005","mitre_techniques":"T1562,T1562.004","nist_sp_800-53":"SC-7(5)","pci_dss_v3.2.1":"1.1.4,1.3.1,1.4","pci_dss_v4.0":"1.2.1,1.4.1","soc_2":"CC6.6"},"rules":["not c:dpkg-query -s iptables-persistent -> r:install ok installed"],"condition":"all","command":"dpkg-query -s iptables-persistent","result":"passed"}}
sca.type: check
sca.scan_id: 380680914
sca.policy: CIS Ubuntu Linux 22.04 LTS Benchmark v2.0.0.
sca.check.id: 28574
sca.check.title: Ensure iptables-persistent is not installed with ufw.
sca.check.description: The iptables-persistent is a boot-time loader for Netfilter rules, iptables plugin.
sca.check.rationale: Running both ufw and the services included in the iptables-persistent package may lead to conflict.
sca.check.remediation: Run the following command to remove the iptables-persistent package: # apt purge iptables-persistent.
sca.check.compliance.cis: 4.1.2
sca.check.compliance.cis_csc_v8: 4.4,4.5
sca.check.compliance.cis_csc_v7: 9.4
sca.check.compliance.cmmc_v2.0: AC.L1-3.1.20,CM.L2-3.4.7,SC.L1-3.13.1,SC.L2-3.13.6
sca.check.compliance.iso_27001-2013: A.13.1.1
sca.check.compliance.mitre_mitigations: M1033
sca.check.compliance.mitre_tactics: TA0005
sca.check.compliance.mitre_techniques: T1562,T1562.004
sca.check.compliance.nist_sp_800-53: SC-7(5)
sca.check.compliance.pci_dss_v3.2.1: 1.1.4,1.3.1,1.4
sca.check.compliance.pci_dss_v4.0: 1.2.1,1.4.1
sca.check.compliance.soc_2: CC6.6
sca.check.command: ["dpkg-query -s iptables-persistent"]
sca.check.result: passed

** Alert 1757863499.235609: - sca,gdpr_IV_35.7.d,pci_dss_2.2,nist_800_53_CM.1,tsc_CC7.1,tsc_CC7.2,
2025 Sep 14 17:24:59 student-virtual-machine->sca
Rule: 19008 (level 3) -> 'CIS Ubuntu Linux 22.04 LTS Benchmark v2.0.0.: Ensure ufw service is enabled.'
{"type":"check","id":380680914,"policy":"CIS Ubuntu Linux 22.04 LTS Benchmark v2.0.0.","policy_id":"cis_ubuntu22-04","check":{"id":28575,"title":"Ensure ufw service is enabled.","description":"UncomplicatedFirewall (ufw) is a frontend for iptables. ufw provides a framework for managing Netfilter, as well as a command-line and available graphical user interface for manipulating the firewall. Note: - When running ufw enable or starting ufw via its initscript, ufw will flush its chains. This is required so ufw can maintain a consistent state, but it may drop existing connections (eg ssh). ufw does support adding rules before enabling the firewall. - Run the following command before running ufw enable. # ufw allow proto tcp from any to any port 22 - The rules will still be flushed, but the ssh port will be open after enabling the firewall. Please note that once ufw is 'enabled', ufw will not flush the chains when adding or removing rules (but will when modifying a rule or changing the default policy) - By default, ufw will prompt when enabling the firewall while running under ssh. This can be disabled by using ufw --force enable.","rationale":"The ufw service must be enabled and running in order for ufw to protect the system.","remediation":"Run the following command to unmask the ufw daemon: # systemctl unmask ufw.service Run the following command to enable and start the ufw daemon: # systemctl --now enable ufw.service active Run the following command to enable ufw: # ufw enable.","compliance":{"cis":"4.1.3","cis_csc_v8":"4.4,4.5","cis_csc_v7":"9.4","cmmc_v2.0":"AC.L1-3.1.20,CM.L2-3.4.7,SC.L1-3.13.1,SC.L2-3.13.6","iso_27001-2013":"A.13.1.1","mitre_mitigations":"M1018","mitre_tactics":"TA0005","mitre_techniques":"T1562,T1562.004","nist_sp_800-53":"SC-7(5)","pci_dss_v3.2.1":"1.1.4,1.3.1,1.4","pci_dss_v4.0":"1.2.1,1.4.1","soc_2":"CC6.6"},"rules":["c:systemctl is-enabled ufw.service -> r:^enabled","c:systemctl is-active ufw -> r:^active"],"condition":"all","references":"http://manpages.ubuntu.com/manpages/precise/en/man8/ufw.8.html","command":"systemctl is-enabled ufw.service,systemctl is-active ufw","result":"passed"}}
sca.type: check
sca.scan_id: 380680914
sca.policy: CIS Ubuntu Linux 22.04 LTS Benchmark v2.0.0.
sca.check.id: 28575
sca.check.title: Ensure ufw service is enabled.
sca.check.description: UncomplicatedFirewall (ufw) is a frontend for iptables. ufw provides a framework for managing Netfilter, as well as a command-line and available graphical user interface for manipulating the firewall. Note: - When running ufw enable or starting ufw via its initscript, ufw will flush its chains. This is required so ufw can maintain a consistent state, but it may drop existing connections (eg ssh). ufw does support adding rules before enabling the firewall. - Run the following command before running ufw enable. # ufw allow proto tcp from any to any port 22 - The rules will still be flushed, but the ssh port will be open after enabling the firewall. Please note that once ufw is 'enabled', ufw will not flush the chains when adding or removing rules (but will when modifying a rule or changing the default policy) - By default, ufw will prompt when enabling the firewall while running under ssh. This can be disabled by using ufw --force enable.
sca.check.rationale: The ufw service must be enabled and running in order for ufw to protect the system.
sca.check.remediation: Run the following command to unmask the ufw daemon: # systemctl unmask ufw.service Run the following command to enable and start the ufw daemon: # systemctl --now enable ufw.service active Run the following command to enable ufw: # ufw enable.
sca.check.compliance.cis: 4.1.3
sca.check.compliance.cis_csc_v8: 4.4,4.5
sca.check.compliance.cis_csc_v7: 9.4
sca.check.compliance.cmmc_v2.0: AC.L1-3.1.20,CM.L2-3.4.7,SC.L1-3.13.1,SC.L2-3.13.6
sca.check.compliance.iso_27001-2013: A.13.1.1
sca.check.compliance.mitre_mitigations: M1018
sca.check.compliance.mitre_tactics: TA0005
sca.check.compliance.mitre_techniques: T1562,T1562.004
sca.check.compliance.nist_sp_800-53: SC-7(5)
sca.check.compliance.pci_dss_v3.2.1: 1.1.4,1.3.1,1.4
sca.check.compliance.pci_dss_v4.0: 1.2.1,1.4.1
sca.check.compliance.soc_2: CC6.6
sca.check.references: http://manpages.ubuntu.com/manpages/precise/en/man8/ufw.8.html
sca.check.command: ["systemctl is-enabled ufw.service", "systemctl is-active ufw"]
sca.check.result: passed

** Alert 1757863499.240279: - sca,gdpr_IV_35.7.d,pci_dss_2.2,nist_800_53_CM.1,tsc_CC7.1,tsc_CC7.2,
2025 Sep 14 17:24:59 student-virtual-machine->sca
Rule: 19007 (level 7) -> 'CIS Ubuntu Linux 22.04 LTS Benchmark v2.0.0.: Ensure ufw loopback traffic is configured.'
{"type":"check","id":380680914,"policy":"CIS Ubuntu Linux 22.04 LTS Benchmark v2.0.0.","policy_id":"cis_ubuntu22-04","check":{"id":28576,"title":"Ensure ufw loopback traffic is configured.","description":"Configure the loopback interface to accept traffic. Configure all other interfaces to deny traffic to the loopback network (127.0.0.0/8 for IPv4 and ::1/128 for IPv6).","rationale":"Loopback traffic is generated between processes on machine and is typically critical to operation of the system. The loopback interface is the only place that loopback network (127.0.0.0/8 for IPv4 and ::1/128 for IPv6) traffic should be seen, all other interfaces should ignore traffic on this network as an anti-spoofing measure.","remediation":"Run the following commands to implement the loopback rules: # ufw allow in on lo # ufw allow out on lo # ufw deny in from 127.0.0.0/8 # ufw deny in from ::1.","compliance":{"cis":"4.1.4","cis_csc_v8":"4.4,4.5","cis_csc_v7":"9.4","cmmc_v2.0":"AC.L1-3.1.20,CM.L2-3.4.7,SC.L1-3.13.1,SC.L2-3.13.6","iso_27001-2013":"A.13.1.1","mitre_mitigations":"M1031,M1037","mitre_tactics":"TA0011","mitre_techniques":"T1562,T1562.004","nist_sp_800-53":"SC-7(5)","pci_dss_v3.2.1":"1.1.4,1.3.1,1.4","pci_dss_v4.0":"1.2.1,1.4.1","soc_2":"CC6.6"},"rules":["c:ufw status verbose -> r:Anywhere on lo\\s*ALLOW IN\\s*Anywhere","c:ufw status verbose -> r:Anywhere\\s*DENY IN\\s*127.0.0.0/8","c:ufw status verbose -> r:Anywhere \\(v6\\) on lo\\s*ALLOW IN\\s*Anywhere \\(v6\\)","c:ufw status verbose -> r:Anywhere \\(v6\\)\\s*DENY IN\\s*::1","c:ufw status verbose -> r:Anywhere\\s*\\t*ALLOW OUT\\s*Anywhere on lo","c:ufw status verbose -> r:Anywhere \\(v6\\)\\s*ALLOW OUT\\s*Anywhere \\(v6\\) on lo"],"condition":"all","command":"ufw status verbose","result":"failed"}}
sca.type: check
sca.scan_id: 380680914
sca.policy: CIS Ubuntu Linux 22.04 LTS Benchmark v2.0.0.
sca.check.id: 28576
sca.check.title: Ensure ufw loopback traffic is configured.
sca.check.description: Configure the loopback interface to accept traffic. Configure all other interfaces to deny traffic to the loopback network (127.0.0.0/8 for IPv4 and ::1/128 for IPv6).
sca.check.rationale: Loopback traffic is generated between processes on machine and is typically critical to operation of the system. The loopback interface is the only place that loopback network (127.0.0.0/8 for IPv4 and ::1/128 for IPv6) traffic should be seen, all other interfaces should ignore traffic on this network as an anti-spoofing measure.
sca.check.remediation: Run the following commands to implement the loopback rules: # ufw allow in on lo # ufw allow out on lo # ufw deny in from 127.0.0.0/8 # ufw deny in from ::1.
sca.check.compliance.cis: 4.1.4
sca.check.compliance.cis_csc_v8: 4.4,4.5
sca.check.compliance.cis_csc_v7: 9.4
sca.check.compliance.cmmc_v2.0: AC.L1-3.1.20,CM.L2-3.4.7,SC.L1-3.13.1,SC.L2-3.13.6
sca.check.compliance.iso_27001-2013: A.13.1.1
sca.check.compliance.mitre_mitigations: M1031,M1037
sca.check.compliance.mitre_tactics: TA0011
sca.check.compliance.mitre_techniques: T1562,T1562.004
sca.check.compliance.nist_sp_800-53: SC-7(5)
sca.check.compliance.pci_dss_v3.2.1: 1.1.4,1.3.1,1.4
sca.check.compliance.pci_dss_v4.0: 1.2.1,1.4.1
sca.check.compliance.soc_2: CC6.6
sca.check.command: ["ufw status verbose"]
sca.check.result: failed

** Alert 1757863499.243858: - sca,gdpr_IV_35.7.d,pci_dss_2.2,nist_800_53_CM.1,tsc_CC7.1,tsc_CC7.2,
2025 Sep 14 17:24:59 student-virtual-machine->sca
Rule: 19007 (level 7) -> 'CIS Ubuntu Linux 22.04 LTS Benchmark v2.0.0.: Ensure ufw default deny firewall policy.'
{"type":"check","id":380680914,"policy":"CIS Ubuntu Linux 22.04 LTS Benchmark v2.0.0.","policy_id":"cis_ubuntu22-04","check":{"id":28577,"title":"Ensure ufw default deny firewall policy.","description":"A default deny policy on connections ensures that any unconfigured network usage will be rejected. Note: Any port or protocol without a explicit allow before the default deny will be blocked.","rationale":"With a default accept policy the firewall will accept any packet that is not configured to be denied. It is easier to white list acceptable usage than to black list unacceptable usage.","remediation":"Run the following commands to implement a default deny policy: # ufw default deny incoming # ufw default deny outgoing # ufw default deny routed.","compliance":{"cis":"4.1.7","cis_csc_v8":"4.4,4.5","cis_csc_v7":"9.4","cmmc_v2.0":"AC.L1-3.1.20,CM.L2-3.4.7,SC.L1-3.13.1,SC.L2-3.13.6","iso_27001-2013":"A.13.1.1","mitre_mitigations":"M1031,M1037","mitre_tactics":"TA0011","mitre_techniques":"T1562,T1562.004","nist_sp_800-53":"SC-7(5)","pci_dss_v3.2.1":"1.1.4,1.3.1,1.4","pci_dss_v4.0":"1.2.1,1.4.1","soc_2":"CC6.6"},"rules":["c:ufw status verbose -> r:^Default: && r:deny\\s+\\(incoming\\)|reject\\s+\\(incoming\\)|disabled\\s+\\(incoming\\)","c:ufw status verbose -> r:^Default: && r:deny\\s+\\(outgoing\\)|reject\\s+\\(outgoing\\)|disabled\\s+\\(outgoing\\)","c:ufw status verbose -> r:^Default: && r:deny\\s+\\(routed\\)|reject\\s+\\(routed\\)|disabled\\s+\\(routed\\)"],"condition":"all","command":"ufw status verbose","result":"failed"}}
sca.type: check
sca.scan_id: 380680914
sca.policy: CIS Ubuntu Linux 22.04 LTS Benchmark v2.0.0.
sca.check.id: 28577
sca.check.title: Ensure ufw default deny firewall policy.
sca.check.description: A default deny policy on connections ensures that any unconfigured network usage will be rejected. Note: Any port or protocol without a explicit allow before the default deny will be blocked.
sca.check.rationale: With a default accept policy the firewall will accept any packet that is not configured to be denied. It is easier to white list acceptable usage than to black list unacceptable usage.
sca.check.remediation: Run the following commands to implement a default deny policy: # ufw default deny incoming # ufw default deny outgoing # ufw default deny routed.
sca.check.compliance.cis: 4.1.7
sca.check.compliance.cis_csc_v8: 4.4,4.5
sca.check.compliance.cis_csc_v7: 9.4
sca.check.compliance.cmmc_v2.0: AC.L1-3.1.20,CM.L2-3.4.7,SC.L1-3.13.1,SC.L2-3.13.6
sca.check.compliance.iso_27001-2013: A.13.1.1
sca.check.compliance.mitre_mitigations: M1031,M1037
sca.check.compliance.mitre_tactics: TA0011
sca.check.compliance.mitre_techniques: T1562,T1562.004
sca.check.compliance.nist_sp_800-53: SC-7(5)
sca.check.compliance.pci_dss_v3.2.1: 1.1.4,1.3.1,1.4
sca.check.compliance.pci_dss_v4.0: 1.2.1,1.4.1
sca.check.compliance.soc_2: CC6.6
sca.check.command: ["ufw status verbose"]
sca.check.result: failed

** Alert 1757863499.247072: - sca,gdpr_IV_35.7.d,pci_dss_2.2,nist_800_53_CM.1,tsc_CC7.1,tsc_CC7.2,
2025 Sep 14 17:24:59 student-virtual-machine->sca
Rule: 19008 (level 3) -> 'CIS Ubuntu Linux 22.04 LTS Benchmark v2.0.0.: Ensure nftables is installed.'
{"type":"check","id":380680914,"policy":"CIS Ubuntu Linux 22.04 LTS Benchmark v2.0.0.","policy_id":"cis_ubuntu22-04","check":{"id":28578,"title":"Ensure nftables is installed.","description":"nftables provides a new in-kernel packet classification framework that is based on a network-specific Virtual Machine (VM) and a new nft userspace command line tool. nftables reuses the existing Netfilter subsystems such as the existing hook infrastructure, the connection tracking system, NAT, userspace queuing and logging subsystem. Notes: - nftables is available in Linux kernel 3.13 and newer - Only one firewall utility should be installed and configured - Changing firewall settings while connected over the network can result in being locked out of the system.","rationale":"nftables is a subsystem of the Linux kernel that can protect against threats originating from within a corporate network to include malicious mobile code and poorly configured software on a host.","remediation":"Run the following command to install nftables: # apt install nftables.","compliance":{"cis":"4.2.1","cis_csc_v8":"4.4,4.5","cis_csc_v7":"9.4","cmmc_v2.0":"AC.L1-3.1.20,CM.L2-3.4.7,SC.L1-3.13.1,SC.L2-3.13.6","iso_27001-2013":"A.13.1.1","mitre_mitigations":"M1031,M1037","mitre_tactics":"TA0011","mitre_techniques":"T1562,T1562.004","nist_sp_800-53":"SC-7(5)","pci_dss_v3.2.1":"1.1.4,1.3.1,1.4","pci_dss_v4.0":"1.2.1,1.4.1","soc_2":"CC6.6"},"rules":["c:dpkg -s nftables -> r:Status: install ok installed"],"condition":"all","command":"dpkg -s nftables","result":"passed"}}
sca.type: check
sca.scan_id: 380680914
sca.policy: CIS Ubuntu Linux 22.04 LTS Benchmark v2.0.0.
sca.check.id: 28578
sca.check.title: Ensure nftables is installed.
sca.check.description: nftables provides a new in-kernel packet classification framework that is based on a network-specific Virtual Machine (VM) and a new nft userspace command line tool. nftables reuses the existing Netfilter subsystems such as the existing hook infrastructure, the connection tracking system, NAT, userspace queuing and logging subsystem. Notes: - nftables is available in Linux kernel 3.13 and newer - Only one firewall utility should be installed and configured - Changing firewall settings while connected over the network can result in being locked out of the system.
sca.check.rationale: nftables is a subsystem of the Linux kernel that can protect against threats originating from within a corporate network to include malicious mobile code and poorly configured software on a host.
sca.check.remediation: Run the following command to install nftables: # apt install nftables.
sca.check.compliance.cis: 4.2.1
sca.check.compliance.cis_csc_v8: 4.4,4.5
sca.check.compliance.cis_csc_v7: 9.4
sca.check.compliance.cmmc_v2.0: AC.L1-3.1.20,CM.L2-3.4.7,SC.L1-3.13.1,SC.L2-3.13.6
sca.check.compliance.iso_27001-2013: A.13.1.1
sca.check.compliance.mitre_mitigations: M1031,M1037
sca.check.compliance.mitre_tactics: TA0011
sca.check.compliance.mitre_techniques: T1562,T1562.004
sca.check.compliance.nist_sp_800-53: SC-7(5)
sca.check.compliance.pci_dss_v3.2.1: 1.1.4,1.3.1,1.4
sca.check.compliance.pci_dss_v4.0: 1.2.1,1.4.1
sca.check.compliance.soc_2: CC6.6
sca.check.command: ["dpkg -s nftables"]
sca.check.result: passed

** Alert 1757863499.250582: - sca,gdpr_IV_35.7.d,pci_dss_2.2,nist_800_53_CM.1,tsc_CC7.1,tsc_CC7.2,
2025 Sep 14 17:24:59 student-virtual-machine->sca
Rule: 19007 (level 7) -> 'CIS Ubuntu Linux 22.04 LTS Benchmark v2.0.0.: Ensure a nftables table exists.'
{"type":"check","id":380680914,"policy":"CIS Ubuntu Linux 22.04 LTS Benchmark v2.0.0.","policy_id":"cis_ubuntu22-04","check":{"id":28579,"title":"Ensure a nftables table exists.","description":"Tables hold chains. Each table only has one address family and only applies to packets of this family. Tables can have one of five families.","rationale":"nftables doesn't have any default tables. Without a table being build, nftables will not filter network traffic.","remediation":"Run the following command to create a table in nftables # nft create table inet <table name> Example: # nft create table inet filter.","compliance":{"cis":"4.2.4","cis_csc_v8":"4.4,4.5","cis_csc_v7":"9.4","cmmc_v2.0":"AC.L1-3.1.20,CM.L2-3.4.7,SC.L1-3.13.1,SC.L2-3.13.6","iso_27001-2013":"A.13.1.1","mitre_mitigations":"M1047","mitre_tactics":"TA0011","mitre_techniques":"T1562,T1562.004","nist_sp_800-53":"SC-7(5)","pci_dss_v3.2.1":"1.1.4,1.3.1,1.4","pci_dss_v4.0":"1.2.1,1.4.1","soc_2":"CC6.6"},"rules":["c:nft list tables -> r:\\w+"],"condition":"all","command":"nft list tables","result":"failed"}}
sca.type: check
sca.scan_id: 380680914
sca.policy: CIS Ubuntu Linux 22.04 LTS Benchmark v2.0.0.
sca.check.id: 28579
sca.check.title: Ensure a nftables table exists.
sca.check.description: Tables hold chains. Each table only has one address family and only applies to packets of this family. Tables can have one of five families.
sca.check.rationale: nftables doesn't have any default tables. Without a table being build, nftables will not filter network traffic.
sca.check.remediation: Run the following command to create a table in nftables # nft create table inet <table name> Example: # nft create table inet filter.
sca.check.compliance.cis: 4.2.4
sca.check.compliance.cis_csc_v8: 4.4,4.5
sca.check.compliance.cis_csc_v7: 9.4
sca.check.compliance.cmmc_v2.0: AC.L1-3.1.20,CM.L2-3.4.7,SC.L1-3.13.1,SC.L2-3.13.6
sca.check.compliance.iso_27001-2013: A.13.1.1
sca.check.compliance.mitre_mitigations: M1047
sca.check.compliance.mitre_tactics: TA0011
sca.check.compliance.mitre_techniques: T1562,T1562.004
sca.check.compliance.nist_sp_800-53: SC-7(5)
sca.check.compliance.pci_dss_v3.2.1: 1.1.4,1.3.1,1.4
sca.check.compliance.pci_dss_v4.0: 1.2.1,1.4.1
sca.check.compliance.soc_2: CC6.6
sca.check.command: ["nft list tables"]
sca.check.result: failed

** Alert 1757863499.253163: - sca,gdpr_IV_35.7.d,pci_dss_2.2,nist_800_53_CM.1,tsc_CC7.1,tsc_CC7.2,
2025 Sep 14 17:24:59 student-virtual-machine->sca
Rule: 19007 (level 7) -> 'CIS Ubuntu Linux 22.04 LTS Benchmark v2.0.0.: Ensure nftables base chains exist.'
{"type":"check","id":380680914,"policy":"CIS Ubuntu Linux 22.04 LTS Benchmark v2.0.0.","policy_id":"cis_ubuntu22-04","check":{"id":28580,"title":"Ensure nftables base chains exist.","description":"Chains are containers for rules. They exist in two kinds, base chains and regular chains. A base chain is an entry point for packets from the networking stack, a regular chain may be used as jump target and is used for better rule organization.","rationale":"If a base chain doesn't exist with a hook for input, forward, and delete, packets that would flow through those chains will not be touched by nftables.","remediation":"Run the following command to create the base chains: # nft create chain inet <table name> <base chain name> { type filter hook <(input|forward|output)> priority 0 \\; } Example: # nft create chain inet filter input { type filter hook input priority 0 \\; } # nft create chain inet filter forward { type filter hook forward priority 0 \\; } # nft create chain inet filter output { type filter hook output priority 0 \\; }.","compliance":{"cis":"4.2.5","cis_csc_v8":"4.4,4.5","cis_csc_v7":"9.4","cmmc_v2.0":"AC.L1-3.1.20,CM.L2-3.4.7,SC.L1-3.13.1,SC.L2-3.13.6","iso_27001-2013":"A.13.1.1","mitre_mitigations":"M1047","mitre_tactics":"TA0005","mitre_techniques":"T1562,T1562.004","nist_sp_800-53":"SC-7(5)","pci_dss_v3.2.1":"1.1.4,1.3.1,1.4","pci_dss_v4.0":"1.2.1,1.4.1","soc_2":"CC6.6"},"rules":["c:nft list ruleset -> r:hook input","c:nft list ruleset -> r:hook forward","c:nft list ruleset -> r:hook output"],"condition":"all","command":"nft list ruleset","result":"failed"}}
sca.type: check
sca.scan_id: 380680914
sca.policy: CIS Ubuntu Linux 22.04 LTS Benchmark v2.0.0.
sca.check.id: 28580
sca.check.title: Ensure nftables base chains exist.
sca.check.description: Chains are containers for rules. They exist in two kinds, base chains and regular chains. A base chain is an entry point for packets from the networking stack, a regular chain may be used as jump target and is used for better rule organization.
sca.check.rationale: If a base chain doesn't exist with a hook for input, forward, and delete, packets that would flow through those chains will not be touched by nftables.
sca.check.remediation: Run the following command to create the base chains: # nft create chain inet <table name> <base chain name> { type filter hook <(input|forward|output)> priority 0 \; } Example: # nft create chain inet filter input { type filter hook input priority 0 \; } # nft create chain inet filter forward { type filter hook forward priority 0 \; } # nft create chain inet filter output { type filter hook output priority 0 \; }.
sca.check.compliance.cis: 4.2.5
sca.check.compliance.cis_csc_v8: 4.4,4.5
sca.check.compliance.cis_csc_v7: 9.4
sca.check.compliance.cmmc_v2.0: AC.L1-3.1.20,CM.L2-3.4.7,SC.L1-3.13.1,SC.L2-3.13.6
sca.check.compliance.iso_27001-2013: A.13.1.1
sca.check.compliance.mitre_mitigations: M1047
sca.check.compliance.mitre_tactics: TA0005
sca.check.compliance.mitre_techniques: T1562,T1562.004
sca.check.compliance.nist_sp_800-53: SC-7(5)
sca.check.compliance.pci_dss_v3.2.1: 1.1.4,1.3.1,1.4
sca.check.compliance.pci_dss_v4.0: 1.2.1,1.4.1
sca.check.compliance.soc_2: CC6.6
sca.check.command: ["nft list ruleset"]
sca.check.result: failed

** Alert 1757863499.256697: - sca,gdpr_IV_35.7.d,pci_dss_2.2,nist_800_53_CM.1,tsc_CC7.1,tsc_CC7.2,
2025 Sep 14 17:24:59 student-virtual-machine->sca
Rule: 19007 (level 7) -> 'CIS Ubuntu Linux 22.04 LTS Benchmark v2.0.0.: Ensure nftables default deny firewall policy.'
{"type":"check","id":380680914,"policy":"CIS Ubuntu Linux 22.04 LTS Benchmark v2.0.0.","policy_id":"cis_ubuntu22-04","check":{"id":28581,"title":"Ensure nftables default deny firewall policy.","description":"Base chain policy is the default verdict that will be applied to packets reaching the end of the chain.","rationale":"There are two policies: accept (Default) and drop. If the policy is set to accept, the firewall will accept any packet that is not configured to be denied and the packet will continue transversing the network stack. It is easier to white list acceptable usage than to black list unacceptable usage. Note: Changing firewall settings while connected over network can result in being locked out of the system.","remediation":"Run the following command for the base chains with the input, forward, and output hooks to implement a default DROP policy: # nft chain <table family> <table name> <chain name> { policy drop \\; } Example: # nft chain inet filter input { policy drop \\; } # nft chain inet filter forward { policy drop \\; } # nft chain inet filter output { policy drop \\; }.","compliance":{"cis":"4.2.8","cis_csc_v8":"4.4,4.5","cis_csc_v7":"9.4","cmmc_v2.0":"AC.L1-3.1.20,CM.L2-3.4.7,SC.L1-3.13.1,SC.L2-3.13.6","iso_27001-2013":"A.13.1.1","mitre_mitigations":"M1031,M1037","mitre_tactics":"TA0011","mitre_techniques":"T1562,T1562.004","nist_sp_800-53":"SC-7(5)","pci_dss_v3.2.1":"1.1.4,1.3.1,1.4","pci_dss_v4.0":"1.2.1,1.4.1","soc_2":"CC6.6"},"rules":["c:nft list ruleset -> r:hook input && r:policy drop","c:nft list ruleset -> r:hook forward && r:policy drop","c:nft list ruleset -> r:hook output && r:policy drop"],"condition":"all","command":"nft list ruleset","result":"failed"}}
sca.type: check
sca.scan_id: 380680914
sca.policy: CIS Ubuntu Linux 22.04 LTS Benchmark v2.0.0.
sca.check.id: 28581
sca.check.title: Ensure nftables default deny firewall policy.
sca.check.description: Base chain policy is the default verdict that will be applied to packets reaching the end of the chain.
sca.check.rationale: There are two policies: accept (Default) and drop. If the policy is set to accept, the firewall will accept any packet that is not configured to be denied and the packet will continue transversing the network stack. It is easier to white list acceptable usage than to black list unacceptable usage. Note: Changing firewall settings while connected over network can result in being locked out of the system.
sca.check.remediation: Run the following command for the base chains with the input, forward, and output hooks to implement a default DROP policy: # nft chain <table family> <table name> <chain name> { policy drop \; } Example: # nft chain inet filter input { policy drop \; } # nft chain inet filter forward { policy drop \; } # nft chain inet filter output { policy drop \; }.
sca.check.compliance.cis: 4.2.8
sca.check.compliance.cis_csc_v8: 4.4,4.5
sca.check.compliance.cis_csc_v7: 9.4
sca.check.compliance.cmmc_v2.0: AC.L1-3.1.20,CM.L2-3.4.7,SC.L1-3.13.1,SC.L2-3.13.6
sca.check.compliance.iso_27001-2013: A.13.1.1
sca.check.compliance.mitre_mitigations: M1031,M1037
sca.check.compliance.mitre_tactics: TA0011
sca.check.compliance.mitre_techniques: T1562,T1562.004
sca.check.compliance.nist_sp_800-53: SC-7(5)
sca.check.compliance.pci_dss_v3.2.1: 1.1.4,1.3.1,1.4
sca.check.compliance.pci_dss_v4.0: 1.2.1,1.4.1
sca.check.compliance.soc_2: CC6.6
sca.check.command: ["nft list ruleset"]
sca.check.result: failed

** Alert 1757863499.260431: - sca,gdpr_IV_35.7.d,pci_dss_2.2,nist_800_53_CM.1,tsc_CC7.1,tsc_CC7.2,
2025 Sep 14 17:24:59 student-virtual-machine->sca
Rule: 19007 (level 7) -> 'CIS Ubuntu Linux 22.04 LTS Benchmark v2.0.0.: Ensure nftables service is enabled.'
{"type":"check","id":380680914,"policy":"CIS Ubuntu Linux 22.04 LTS Benchmark v2.0.0.","policy_id":"cis_ubuntu22-04","check":{"id":28582,"title":"Ensure nftables service is enabled.","description":"The nftables service allows for the loading of nftables rulesets during boot, or starting on the nftables service.","rationale":"The nftables service restores the nftables rules from the rules files referenced in the /etc/nftables.conf file during boot or the starting of the nftables service.","remediation":"Run the following command to enable the nftables service: # systemctl enable nftables.","compliance":{"cis":"4.2.9","cis_csc_v8":"4.4,4.5","cis_csc_v7":"9.4","cmmc_v2.0":"AC.L1-3.1.20,CM.L2-3.4.7,SC.L1-3.13.1,SC.L2-3.13.6","iso_27001-2013":"A.13.1.1","mitre_mitigations":"M1031,M1037","mitre_tactics":"TA0011","mitre_techniques":"T1562,T1562.004","nist_sp_800-53":"SC-7(5)","pci_dss_v3.2.1":"1.1.4,1.3.1,1.4","pci_dss_v4.0":"1.2.1,1.4.1","soc_2":"CC6.6"},"rules":["c:dpkg -s nftables -> r:install ok installed","c:systemctl is-enabled nftables -> r:^enabled"],"condition":"all","command":"dpkg -s nftables,systemctl is-enabled nftables","result":"failed"}}
sca.type: check
sca.scan_id: 380680914
sca.policy: CIS Ubuntu Linux 22.04 LTS Benchmark v2.0.0.
sca.check.id: 28582
sca.check.title: Ensure nftables service is enabled.
sca.check.description: The nftables service allows for the loading of nftables rulesets during boot, or starting on the nftables service.
sca.check.rationale: The nftables service restores the nftables rules from the rules files referenced in the /etc/nftables.conf file during boot or the starting of the nftables service.
sca.check.remediation: Run the following command to enable the nftables service: # systemctl enable nftables.
sca.check.compliance.cis: 4.2.9
sca.check.compliance.cis_csc_v8: 4.4,4.5
sca.check.compliance.cis_csc_v7: 9.4
sca.check.compliance.cmmc_v2.0: AC.L1-3.1.20,CM.L2-3.4.7,SC.L1-3.13.1,SC.L2-3.13.6
sca.check.compliance.iso_27001-2013: A.13.1.1
sca.check.compliance.mitre_mitigations: M1031,M1037
sca.check.compliance.mitre_tactics: TA0011
sca.check.compliance.mitre_techniques: T1562,T1562.004
sca.check.compliance.nist_sp_800-53: SC-7(5)
sca.check.compliance.pci_dss_v3.2.1: 1.1.4,1.3.1,1.4
sca.check.compliance.pci_dss_v4.0: 1.2.1,1.4.1
sca.check.compliance.soc_2: CC6.6
sca.check.command: ["dpkg -s nftables", "systemctl is-enabled nftables"]
sca.check.result: failed

** Alert 1757863499.263124: - sca,gdpr_IV_35.7.d,pci_dss_2.2,nist_800_53_CM.1,tsc_CC7.1,tsc_CC7.2,
2025 Sep 14 17:24:59 student-virtual-machine->sca
Rule: 19007 (level 7) -> 'CIS Ubuntu Linux 22.04 LTS Benchmark v2.0.0.: Ensure iptables packages are installed.'
{"type":"check","id":380680914,"policy":"CIS Ubuntu Linux 22.04 LTS Benchmark v2.0.0.","policy_id":"cis_ubuntu22-04","check":{"id":28583,"title":"Ensure iptables packages are installed.","description":"iptables is a utility program that allows a system administrator to configure the tables provided by the Linux kernel firewall, implemented as different Netfilter modules, and the chains and rules it stores. Different kernel modules and programs are used for different protocols; iptables applies to IPv4, ip6tables to IPv6, arptables to ARP, and ebtables to Ethernet frames.","rationale":"A method of configuring and maintaining firewall rules is necessary to configure a Host Based Firewall.","remediation":"Run the following command to install iptables and iptables-persistent # apt install iptables iptables-persistent.","compliance":{"cis":"4.3.1.1","cis_csc_v8":"4.4,4.5","cis_csc_v7":"9.4","cmmc_v2.0":"AC.L1-3.1.20,CM.L2-3.4.7,SC.L1-3.13.1,SC.L2-3.13.6","iso_27001-2013":"A.13.1.1","mitre_mitigations":"M1031,M1037","mitre_tactics":"TA0011","mitre_techniques":"T1562,T1562.004","nist_sp_800-53":"SC-7(5)","pci_dss_v3.2.1":"1.1.4,1.3.1,1.4","pci_dss_v4.0":"1.2.1,1.4.1","soc_2":"CC6.6"},"rules":["c:dpkg -s iptables -> r:install ok installed","c:dpkg -s iptables-persistent -> r:install ok installed"],"condition":"all","command":"dpkg -s iptables,dpkg -s iptables-persistent","result":"failed"}}
sca.type: check
sca.scan_id: 380680914
sca.policy: CIS Ubuntu Linux 22.04 LTS Benchmark v2.0.0.
sca.check.id: 28583
sca.check.title: Ensure iptables packages are installed.
sca.check.description: iptables is a utility program that allows a system administrator to configure the tables provided by the Linux kernel firewall, implemented as different Netfilter modules, and the chains and rules it stores. Different kernel modules and programs are used for different protocols; iptables applies to IPv4, ip6tables to IPv6, arptables to ARP, and ebtables to Ethernet frames.
sca.check.rationale: A method of configuring and maintaining firewall rules is necessary to configure a Host Based Firewall.
sca.check.remediation: Run the following command to install iptables and iptables-persistent # apt install iptables iptables-persistent.
sca.check.compliance.cis: 4.3.1.1
sca.check.compliance.cis_csc_v8: 4.4,4.5
sca.check.compliance.cis_csc_v7: 9.4
sca.check.compliance.cmmc_v2.0: AC.L1-3.1.20,CM.L2-3.4.7,SC.L1-3.13.1,SC.L2-3.13.6
sca.check.compliance.iso_27001-2013: A.13.1.1
sca.check.compliance.mitre_mitigations: M1031,M1037
sca.check.compliance.mitre_tactics: TA0011
sca.check.compliance.mitre_techniques: T1562,T1562.004
sca.check.compliance.nist_sp_800-53: SC-7(5)
sca.check.compliance.pci_dss_v3.2.1: 1.1.4,1.3.1,1.4
sca.check.compliance.pci_dss_v4.0: 1.2.1,1.4.1
sca.check.compliance.soc_2: CC6.6
sca.check.command: ["dpkg -s iptables", "dpkg -s iptables-persistent"]
sca.check.result: failed

** Alert 1757863499.266293: - sca,gdpr_IV_35.7.d,pci_dss_2.2,nist_800_53_CM.1,tsc_CC7.1,tsc_CC7.2,
2025 Sep 14 17:24:59 student-virtual-machine->sca
Rule: 19007 (level 7) -> 'CIS Ubuntu Linux 22.04 LTS Benchmark v2.0.0.: Ensure nftables is not installed with iptables.'
{"type":"check","id":380680914,"policy":"CIS Ubuntu Linux 22.04 LTS Benchmark v2.0.0.","policy_id":"cis_ubuntu22-04","check":{"id":28584,"title":"Ensure nftables is not installed with iptables.","description":"nftables is a subsystem of the Linux kernel providing filtering and classification of network packets/datagrams/frames and is the successor to iptables.","rationale":"Running both iptables and nftables may lead to conflict.","remediation":"Run the following command to remove nftables: # apt purge nftables.","compliance":{"cis":"4.3.1.2","cis_csc_v8":"4.4,4.5","cis_csc_v7":"9.4","cmmc_v2.0":"AC.L1-3.1.20,CM.L2-3.4.7,SC.L1-3.13.1,SC.L2-3.13.6","iso_27001-2013":"A.13.1.1","mitre_tactics":"TA0011","mitre_techniques":"T1562,T1562.004","nist_sp_800-53":"SC-7(5)","pci_dss_v3.2.1":"1.1.4,1.3.1,1.4","pci_dss_v4.0":"1.2.1,1.4.1","soc_2":"CC6.6"},"rules":["c:dpkg-query -W -f='${binary:Package}\\t${Status}\\t${db:Status-Status}\\n' nftables iptables -> r:install ok installed","c:dpkg-query -W -f='${binary:Package}\\t${Status}\\t${db:Status-Status}\\n' nftables iptables -> r:unknown ok not-installed|no packages found matching"],"condition":"all","command":"dpkg-query -W -f='${binary:Package}\\t${Status}\\t${db:Status-Status}\\n' nftables iptables","result":"failed"}}
sca.type: check
sca.scan_id: 380680914
sca.policy: CIS Ubuntu Linux 22.04 LTS Benchmark v2.0.0.
sca.check.id: 28584
sca.check.title: Ensure nftables is not installed with iptables.
sca.check.description: nftables is a subsystem of the Linux kernel providing filtering and classification of network packets/datagrams/frames and is the successor to iptables.
sca.check.rationale: Running both iptables and nftables may lead to conflict.
sca.check.remediation: Run the following command to remove nftables: # apt purge nftables.
sca.check.compliance.cis: 4.3.1.2
sca.check.compliance.cis_csc_v8: 4.4,4.5
sca.check.compliance.cis_csc_v7: 9.4
sca.check.compliance.cmmc_v2.0: AC.L1-3.1.20,CM.L2-3.4.7,SC.L1-3.13.1,SC.L2-3.13.6
sca.check.compliance.iso_27001-2013: A.13.1.1
sca.check.compliance.mitre_tactics: TA0011
sca.check.compliance.mitre_techniques: T1562,T1562.004
sca.check.compliance.nist_sp_800-53: SC-7(5)
sca.check.compliance.pci_dss_v3.2.1: 1.1.4,1.3.1,1.4
sca.check.compliance.pci_dss_v4.0: 1.2.1,1.4.1
sca.check.compliance.soc_2: CC6.6
sca.check.command: ["dpkg-query -W -f='${binary:Package}\\t${Status}\\t${db:Status-Status}\\n' nftables iptables"]
sca.check.result: failed

** Alert 1757863499.269029: - sca,gdpr_IV_35.7.d,pci_dss_2.2,nist_800_53_CM.1,tsc_CC7.1,tsc_CC7.2,
2025 Sep 14 17:24:59 student-virtual-machine->sca
Rule: 19008 (level 3) -> 'CIS Ubuntu Linux 22.04 LTS Benchmark v2.0.0.: Ensure ufw is uninstalled or disabled with iptables.'
{"type":"check","id":380680914,"policy":"CIS Ubuntu Linux 22.04 LTS Benchmark v2.0.0.","policy_id":"cis_ubuntu22-04","check":{"id":28585,"title":"Ensure ufw is uninstalled or disabled with iptables.","description":"Uncomplicated Firewall (UFW) is a program for managing a Netfilter firewall designed to be easy to use. - Uses a command-line interface consisting of a small number of simple commands - Uses iptables for configuration.","rationale":"Running iptables.persistent with ufw enabled may lead to conflict and unexpected results.","remediation":"Run one of the following commands to either remove ufw or stop and mask ufw Run the following command to remove ufw: # apt purge ufw - OR - Run the following commands to disable ufw: # ufw disable # systemctl stop ufw # systemctl mask ufw Note: ufw disable needs to be run before systemctl mask ufw in order to correctly disable UFW.","compliance":{"cis":"4.3.1.3","cis_csc_v8":"4.4,4.5","cis_csc_v7":"9.4","cmmc_v2.0":"AC.L1-3.1.20,CM.L2-3.4.7,SC.L1-3.13.1,SC.L2-3.13.6","iso_27001-2013":"A.13.1.1","mitre_tactics":"TA0011","mitre_techniques":"T1562,T1562.004","nist_sp_800-53":"SC-7(5)","pci_dss_v3.2.1":"1.1.4,1.3.1,1.4","pci_dss_v4.0":"1.2.1,1.4.1","soc_2":"CC6.6"},"rules":["c:dpkg -s ufw -> r:package 'ufw' is not installed","c:ufw status -> r:inactive","c:systemctl is-enabled ufw.service -> r:masked|disabled"],"condition":"any","command":"dpkg -s ufw,ufw status","result":"passed"}}
sca.type: check
sca.scan_id: 380680914
sca.policy: CIS Ubuntu Linux 22.04 LTS Benchmark v2.0.0.
sca.check.id: 28585
sca.check.title: Ensure ufw is uninstalled or disabled with iptables.
sca.check.description: Uncomplicated Firewall (UFW) is a program for managing a Netfilter firewall designed to be easy to use. - Uses a command-line interface consisting of a small number of simple commands - Uses iptables for configuration.
sca.check.rationale: Running iptables.persistent with ufw enabled may lead to conflict and unexpected results.
sca.check.remediation: Run one of the following commands to either remove ufw or stop and mask ufw Run the following command to remove ufw: # apt purge ufw - OR - Run the following commands to disable ufw: # ufw disable # systemctl stop ufw # systemctl mask ufw Note: ufw disable needs to be run before systemctl mask ufw in order to correctly disable UFW.
sca.check.compliance.cis: 4.3.1.3
sca.check.compliance.cis_csc_v8: 4.4,4.5
sca.check.compliance.cis_csc_v7: 9.4
sca.check.compliance.cmmc_v2.0: AC.L1-3.1.20,CM.L2-3.4.7,SC.L1-3.13.1,SC.L2-3.13.6
sca.check.compliance.iso_27001-2013: A.13.1.1
sca.check.compliance.mitre_tactics: TA0011
sca.check.compliance.mitre_techniques: T1562,T1562.004
sca.check.compliance.nist_sp_800-53: SC-7(5)
sca.check.compliance.pci_dss_v3.2.1: 1.1.4,1.3.1,1.4
sca.check.compliance.pci_dss_v4.0: 1.2.1,1.4.1
sca.check.compliance.soc_2: CC6.6
sca.check.command: ["dpkg -s ufw", "ufw status"]
sca.check.result: passed

** Alert 1757863499.272239: - sca,gdpr_IV_35.7.d,pci_dss_2.2,nist_800_53_CM.1,tsc_CC7.1,tsc_CC7.2,
2025 Sep 14 17:24:59 student-virtual-machine->sca
Rule: 19007 (level 7) -> 'CIS Ubuntu Linux 22.04 LTS Benchmark v2.0.0.: Ensure iptables default deny firewall policy.'
{"type":"check","id":380680914,"policy":"CIS Ubuntu Linux 22.04 LTS Benchmark v2.0.0.","policy_id":"cis_ubuntu22-04","check":{"id":28586,"title":"Ensure iptables default deny firewall policy.","description":"A default deny all policy on connections ensures that any unconfigured network usage will be rejected. Notes: - Changing firewall settings while connected over network can result in being locked out of the system - Remediation will only affect the active system firewall, be sure to configure the default policy in your firewall management to apply on boot as well.","rationale":"With a default accept policy the firewall will accept any packet that is not configured to be denied. It is easier to white list acceptable usage than to black list unacceptable usage.","remediation":"Run the following commands to implement a default DROP policy: # iptables -P INPUT DROP # iptables -P OUTPUT DROP # iptables -P FORWARD DROP.","compliance":{"cis":"4.3.2.1","cis_csc_v8":"4.4,4.5","cis_csc_v7":"9.4","cmmc_v2.0":"AC.L1-3.1.20,CM.L2-3.4.7,SC.L1-3.13.1,SC.L2-3.13.6","iso_27001-2013":"A.13.1.1","mitre_mitigations":"M1031,M1037","mitre_tactics":"TA0011","mitre_techniques":"T1562,T1562.004","nist_sp_800-53":"SC-7(5)","pci_dss_v3.2.1":"1.1.4,1.3.1,1.4","pci_dss_v4.0":"1.2.1,1.4.1","soc_2":"CC6.6"},"rules":["c:iptables -L -> r:Chain INPUT \\(policy && r:DROP\\)|REJECT\\)","c:iptables -L -> r:Chain FORWARD \\(policy && r:DROP\\)|REJECT\\)","c:iptables -L -> r:Chain OUTPUT \\(policy && r:DROP\\)|REJECT\\)"],"condition":"all","command":"iptables -L","result":"failed"}}
sca.type: check
sca.scan_id: 380680914
sca.policy: CIS Ubuntu Linux 22.04 LTS Benchmark v2.0.0.
sca.check.id: 28586
sca.check.title: Ensure iptables default deny firewall policy.
sca.check.description: A default deny all policy on connections ensures that any unconfigured network usage will be rejected. Notes: - Changing firewall settings while connected over network can result in being locked out of the system - Remediation will only affect the active system firewall, be sure to configure the default policy in your firewall management to apply on boot as well.
sca.check.rationale: With a default accept policy the firewall will accept any packet that is not configured to be denied. It is easier to white list acceptable usage than to black list unacceptable usage.
sca.check.remediation: Run the following commands to implement a default DROP policy: # iptables -P INPUT DROP # iptables -P OUTPUT DROP # iptables -P FORWARD DROP.
sca.check.compliance.cis: 4.3.2.1
sca.check.compliance.cis_csc_v8: 4.4,4.5
sca.check.compliance.cis_csc_v7: 9.4
sca.check.compliance.cmmc_v2.0: AC.L1-3.1.20,CM.L2-3.4.7,SC.L1-3.13.1,SC.L2-3.13.6
sca.check.compliance.iso_27001-2013: A.13.1.1
sca.check.compliance.mitre_mitigations: M1031,M1037
sca.check.compliance.mitre_tactics: TA0011
sca.check.compliance.mitre_techniques: T1562,T1562.004
sca.check.compliance.nist_sp_800-53: SC-7(5)
sca.check.compliance.pci_dss_v3.2.1: 1.1.4,1.3.1,1.4
sca.check.compliance.pci_dss_v4.0: 1.2.1,1.4.1
sca.check.compliance.soc_2: CC6.6
sca.check.command: ["iptables -L"]
sca.check.result: failed

** Alert 1757863499.275651: - sca,gdpr_IV_35.7.d,pci_dss_2.2,nist_800_53_CM.1,tsc_CC7.1,tsc_CC7.2,
2025 Sep 14 17:24:59 student-virtual-machine->sca
Rule: 19007 (level 7) -> 'CIS Ubuntu Linux 22.04 LTS Benchmark v2.0.0.: Ensure iptables loopback traffic is configured.'
{"type":"check","id":380680914,"policy":"CIS Ubuntu Linux 22.04 LTS Benchmark v2.0.0.","policy_id":"cis_ubuntu22-04","check":{"id":28587,"title":"Ensure iptables loopback traffic is configured.","description":"Configure the loopback interface to accept traffic. Configure all other interfaces to deny traffic to the loopback network (127.0.0.0/8). Note: - Changing firewall settings while connected over network can result in being locked out of the system - Remediation will only affect the active system firewall, be sure to configure the default policy in your firewall management to apply on boot as well.","rationale":"Loopback traffic is generated between processes on machine and is typically critical to operation of the system. The loopback interface is the only place that loopback network (127.0.0.0/8) traffic should be seen, all other interfaces should ignore traffic on this network as an anti-spoofing measure.","remediation":"Run the following commands to implement the loopback rules: # iptables -A INPUT -i lo -j ACCEPT # iptables -A OUTPUT -o lo -j ACCEPT # iptables -A INPUT -s 127.0.0.0/8 -j DROP.","compliance":{"cis":"4.3.2.2","cis_csc_v8":"4.4,4.5","cis_csc_v7":"9.4","cmmc_v2.0":"AC.L1-3.1.20,CM.L2-3.4.7,SC.L1-3.13.1,SC.L2-3.13.6","iso_27001-2013":"A.13.1.1","mitre_mitigations":"M1031,M1037","mitre_tactics":"TA0011","mitre_techniques":"T1562,T1562.004","nist_sp_800-53":"SC-7(5)","pci_dss_v3.2.1":"1.1.4,1.3.1,1.4","pci_dss_v4.0":"1.2.1,1.4.1","soc_2":"CC6.6"},"rules":["c:iptables -L INPUT -v -n -> r:\\.*ACCEPT\\.*all\\.*lo\\.*\\p\\.*0.0.0.0/0\\.*0.0.0.0/0","c:iptables -L INPUT -v -n -> r:\\.*DROP\\.*all\\.*\\p\\.*\\p\\.*127.0.0.0/8\\.*0.0.0.0/0","c:iptables -L OUTPUT -v -n -> r:\\.*ACCEPT\\.*all\\.*\\p\\.*lo\\.*0.0.0.0/0\\.*0.0.0.0/0"],"condition":"all","command":"iptables -L INPUT -v -n","result":"failed"}}
sca.type: check
sca.scan_id: 380680914
sca.policy: CIS Ubuntu Linux 22.04 LTS Benchmark v2.0.0.
sca.check.id: 28587
sca.check.title: Ensure iptables loopback traffic is configured.
sca.check.description: Configure the loopback interface to accept traffic. Configure all other interfaces to deny traffic to the loopback network (127.0.0.0/8). Note: - Changing firewall settings while connected over network can result in being locked out of the system - Remediation will only affect the active system firewall, be sure to configure the default policy in your firewall management to apply on boot as well.
sca.check.rationale: Loopback traffic is generated between processes on machine and is typically critical to operation of the system. The loopback interface is the only place that loopback network (127.0.0.0/8) traffic should be seen, all other interfaces should ignore traffic on this network as an anti-spoofing measure.
sca.check.remediation: Run the following commands to implement the loopback rules: # iptables -A INPUT -i lo -j ACCEPT # iptables -A OUTPUT -o lo -j ACCEPT # iptables -A INPUT -s 127.0.0.0/8 -j DROP.
sca.check.compliance.cis: 4.3.2.2
sca.check.compliance.cis_csc_v8: 4.4,4.5
sca.check.compliance.cis_csc_v7: 9.4
sca.check.compliance.cmmc_v2.0: AC.L1-3.1.20,CM.L2-3.4.7,SC.L1-3.13.1,SC.L2-3.13.6
sca.check.compliance.iso_27001-2013: A.13.1.1
sca.check.compliance.mitre_mitigations: M1031,M1037
sca.check.compliance.mitre_tactics: TA0011
sca.check.compliance.mitre_techniques: T1562,T1562.004
sca.check.compliance.nist_sp_800-53: SC-7(5)
sca.check.compliance.pci_dss_v3.2.1: 1.1.4,1.3.1,1.4
sca.check.compliance.pci_dss_v4.0: 1.2.1,1.4.1
sca.check.compliance.soc_2: CC6.6
sca.check.command: ["iptables -L INPUT -v -n"]
sca.check.result: failed

** Alert 1757863499.279536: - sca,gdpr_IV_35.7.d,pci_dss_2.2,nist_800_53_CM.1,tsc_CC7.1,tsc_CC7.2,
2025 Sep 14 17:24:59 student-virtual-machine->sca
Rule: 19007 (level 7) -> 'CIS Ubuntu Linux 22.04 LTS Benchmark v2.0.0.: Ensure ip6tables default deny firewall policy.'
{"type":"check","id":380680914,"policy":"CIS Ubuntu Linux 22.04 LTS Benchmark v2.0.0.","policy_id":"cis_ubuntu22-04","check":{"id":28588,"title":"Ensure ip6tables default deny firewall policy.","description":"A default deny all policy on connections ensures that any unconfigured network usage will be rejected. Note: - Changing firewall settings while connected over network can result in being locked out of the system - Remediation will only affect the active system firewall, be sure to configure the default policy in your firewall management to apply on boot as well.","rationale":"With a default accept policy the firewall will accept any packet that is not configured to be denied. It is easier to white list acceptable usage than to black list unacceptable usage. Internal Only - General.","remediation":"IF IPv6 is enabled on your system: Run the following commands to implement a default DROP policy: # ip6tables -P INPUT DROP # ip6tables -P OUTPUT DROP # ip6tables -P FORWARD DROP.","compliance":{"cis":"4.3.3.1","cis_csc_v8":"4.4,4.5","cis_csc_v7":"9.4","cmmc_v2.0":"AC.L1-3.1.20,CM.L2-3.4.7,SC.L1-3.13.1,SC.L2-3.13.6","iso_27001-2013":"A.13.1.1","mitre_mitigations":"M1031,M1037","mitre_tactics":"TA0011","mitre_techniques":"T1562,T1562.004","nist_sp_800-53":"SC-7(5)","pci_dss_v3.2.1":"1.1.4,1.3.1,1.4","pci_dss_v4.0":"1.2.1,1.4.1","soc_2":"CC6.6"},"rules":["c:ip6tables -L -> r:^Chain INPUT && r:policy DROP","c:ip6tables -L -> r:^Chain FORWARD && r:policy DROP","c:ip6tables -L -> r:^Chain OUTPUT && r:policy DROP"],"condition":"all","command":"ip6tables -L","result":"failed"}}
sca.type: check
sca.scan_id: 380680914
sca.policy: CIS Ubuntu Linux 22.04 LTS Benchmark v2.0.0.
sca.check.id: 28588
sca.check.title: Ensure ip6tables default deny firewall policy.
sca.check.description: A default deny all policy on connections ensures that any unconfigured network usage will be rejected. Note: - Changing firewall settings while connected over network can result in being locked out of the system - Remediation will only affect the active system firewall, be sure to configure the default policy in your firewall management to apply on boot as well.
sca.check.rationale: With a default accept policy the firewall will accept any packet that is not configured to be denied. It is easier to white list acceptable usage than to black list unacceptable usage. Internal Only - General.
sca.check.remediation: IF IPv6 is enabled on your system: Run the following commands to implement a default DROP policy: # ip6tables -P INPUT DROP # ip6tables -P OUTPUT DROP # ip6tables -P FORWARD DROP.
sca.check.compliance.cis: 4.3.3.1
sca.check.compliance.cis_csc_v8: 4.4,4.5
sca.check.compliance.cis_csc_v7: 9.4
sca.check.compliance.cmmc_v2.0: AC.L1-3.1.20,CM.L2-3.4.7,SC.L1-3.13.1,SC.L2-3.13.6
sca.check.compliance.iso_27001-2013: A.13.1.1
sca.check.compliance.mitre_mitigations: M1031,M1037
sca.check.compliance.mitre_tactics: TA0011
sca.check.compliance.mitre_techniques: T1562,T1562.004
sca.check.compliance.nist_sp_800-53: SC-7(5)
sca.check.compliance.pci_dss_v3.2.1: 1.1.4,1.3.1,1.4
sca.check.compliance.pci_dss_v4.0: 1.2.1,1.4.1
sca.check.compliance.soc_2: CC6.6
sca.check.command: ["ip6tables -L"]
sca.check.result: failed

** Alert 1757863499.283035: - sca,gdpr_IV_35.7.d,pci_dss_2.2,nist_800_53_CM.1,tsc_CC7.1,tsc_CC7.2,
2025 Sep 14 17:24:59 student-virtual-machine->sca
Rule: 19007 (level 7) -> 'CIS Ubuntu Linux 22.04 LTS Benchmark v2.0.0.: Ensure ip6tables loopback traffic is configured.'
{"type":"check","id":380680914,"policy":"CIS Ubuntu Linux 22.04 LTS Benchmark v2.0.0.","policy_id":"cis_ubuntu22-04","check":{"id":28589,"title":"Ensure ip6tables loopback traffic is configured.","description":"Configure the loopback interface to accept traffic. Configure all other interfaces to deny traffic to the loopback network (::1). Note: - Changing firewall settings while connected over network can result in being locked out of the system - Remediation will only affect the active system firewall, be sure to configure the default policy in your firewall management to apply on boot as well.","rationale":"Loopback traffic is generated between processes on machine and is typically critical to operation of the system. The loopback interface is the only place that loopback network (::1) traffic should be seen, all other interfaces should ignore traffic on this network as an anti-spoofing measure. Internal Only - General.","remediation":"Run the following commands to implement the loopback rules: # ip6tables -A INPUT -i lo -j ACCEPT # ip6tables -A OUTPUT -o lo -j ACCEPT # ip6tables -A INPUT -s ::1 -j DROP.","compliance":{"cis":"4.3.3.2","cis_csc_v8":"4.4,4.5","cis_csc_v7":"9.4","cmmc_v2.0":"AC.L1-3.1.20,CM.L2-3.4.7,SC.L1-3.13.1,SC.L2-3.13.6","iso_27001-2013":"A.13.1.1","mitre_mitigations":"M1031,M1037","mitre_tactics":"TA0011","mitre_techniques":"T1562,T1562.004","nist_sp_800-53":"SC-7(5)","pci_dss_v3.2.1":"1.1.4,1.3.1,1.4","pci_dss_v4.0":"1.2.1,1.4.1","soc_2":"CC6.6"},"rules":["c:ip6tables -L INPUT -v -n -> r:\\.*ACCEPT\\.*all\\.*lo\\.*\\p\\.*::/0\\.*::/0","c:ip6tables -L INPUT -v -n -> r:\\.*DROP\\.*all\\.*\\p\\.*\\p\\.*::1\\.*::/0","c:ip6tables -L OUTPUT -v -n -> r:\\.*ACCEPT\\.*all\\.*\\p\\.*lo\\.*::/0\\.*::/0"],"condition":"all","command":"ip6tables -L INPUT -v -n","result":"failed"}}
sca.type: check
sca.scan_id: 380680914
sca.policy: CIS Ubuntu Linux 22.04 LTS Benchmark v2.0.0.
sca.check.id: 28589
sca.check.title: Ensure ip6tables loopback traffic is configured.
sca.check.description: Configure the loopback interface to accept traffic. Configure all other interfaces to deny traffic to the loopback network (::1). Note: - Changing firewall settings while connected over network can result in being locked out of the system - Remediation will only affect the active system firewall, be sure to configure the default policy in your firewall management to apply on boot as well.
sca.check.rationale: Loopback traffic is generated between processes on machine and is typically critical to operation of the system. The loopback interface is the only place that loopback network (::1) traffic should be seen, all other interfaces should ignore traffic on this network as an anti-spoofing measure. Internal Only - General.
sca.check.remediation: Run the following commands to implement the loopback rules: # ip6tables -A INPUT -i lo -j ACCEPT # ip6tables -A OUTPUT -o lo -j ACCEPT # ip6tables -A INPUT -s ::1 -j DROP.
sca.check.compliance.cis: 4.3.3.2
sca.check.compliance.cis_csc_v8: 4.4,4.5
sca.check.compliance.cis_csc_v7: 9.4
sca.check.compliance.cmmc_v2.0: AC.L1-3.1.20,CM.L2-3.4.7,SC.L1-3.13.1,SC.L2-3.13.6
sca.check.compliance.iso_27001-2013: A.13.1.1
sca.check.compliance.mitre_mitigations: M1031,M1037
sca.check.compliance.mitre_tactics: TA0011
sca.check.compliance.mitre_techniques: T1562,T1562.004
sca.check.compliance.nist_sp_800-53: SC-7(5)
sca.check.compliance.pci_dss_v3.2.1: 1.1.4,1.3.1,1.4
sca.check.compliance.pci_dss_v4.0: 1.2.1,1.4.1
sca.check.compliance.soc_2: CC6.6
sca.check.command: ["ip6tables -L INPUT -v -n"]
sca.check.result: failed

** Alert 1757863499.286903: - sca,gdpr_IV_35.7.d,pci_dss_2.2,nist_800_53_CM.1,tsc_CC7.1,tsc_CC7.2,
2025 Sep 14 17:24:59 student-virtual-machine->sca
Rule: 19007 (level 7) -> 'CIS Ubuntu Linux 22.04 LTS Benchmark v2.0.0.: Ensure auditd packages are installed.'
{"type":"check","id":380680914,"policy":"CIS Ubuntu Linux 22.04 LTS Benchmark v2.0.0.","policy_id":"cis_ubuntu22-04","check":{"id":28590,"title":"Ensure auditd packages are installed.","description":"auditd is the userspace component to the Linux Auditing System. It's responsible for writing audit records to the disk.","rationale":"The capturing of system events provides system administrators with information to allow them to determine if unauthorized access to their system is occurring.","remediation":"Run the following command to Install auditd and audispd-plugins # apt install auditd audispd-plugins.","compliance":{"cis":"6.3.1.1","cis_csc_v8":"8.5","cis_csc_v7":"6.2","cmmc_v2.0":"AU.L2-3.3.1","iso_27001-2013":"A.12.4.1","mitre_mitigations":"M1018","mitre_tactics":"TA0005","mitre_techniques":"T1562,T1562.001","nist_sp_800-53":"AU-3(1),AU-7","pci_dss_v3.2.1":"10.1,10.2.2,10.2.4,10.2.5,10.3","pci_dss_v4.0":"10.2,10.2.1,10.2.1.2,10.2.1.5,9.4.5","soc_2":"CC5.2,CC7.2"},"rules":["c:dpkg-query -s auditd -> r:install ok installed","c:dpkg-query -s audispd-plugins -> r:install ok installed"],"condition":"all","command":"dpkg-query -s auditd","result":"failed"}}
sca.type: check
sca.scan_id: 380680914
sca.policy: CIS Ubuntu Linux 22.04 LTS Benchmark v2.0.0.
sca.check.id: 28590
sca.check.title: Ensure auditd packages are installed.
sca.check.description: auditd is the userspace component to the Linux Auditing System. It's responsible for writing audit records to the disk.
sca.check.rationale: The capturing of system events provides system administrators with information to allow them to determine if unauthorized access to their system is occurring.
sca.check.remediation: Run the following command to Install auditd and audispd-plugins # apt install auditd audispd-plugins.
sca.check.compliance.cis: 6.3.1.1
sca.check.compliance.cis_csc_v8: 8.5
sca.check.compliance.cis_csc_v7: 6.2
sca.check.compliance.cmmc_v2.0: AU.L2-3.3.1
sca.check.compliance.iso_27001-2013: A.12.4.1
sca.check.compliance.mitre_mitigations: M1018
sca.check.compliance.mitre_tactics: TA0005
sca.check.compliance.mitre_techniques: T1562,T1562.001
sca.check.compliance.nist_sp_800-53: AU-3(1),AU-7
sca.check.compliance.pci_dss_v3.2.1: 10.1,10.2.2,10.2.4,10.2.5,10.3
sca.check.compliance.pci_dss_v4.0: 10.2,10.2.1,10.2.1.2,10.2.1.5,9.4.5
sca.check.compliance.soc_2: CC5.2,CC7.2
sca.check.command: ["dpkg-query -s auditd"]
sca.check.result: failed

** Alert 1757863499.289597: - sca,gdpr_IV_35.7.d,pci_dss_2.2,nist_800_53_CM.1,tsc_CC7.1,tsc_CC7.2,
2025 Sep 14 17:24:59 student-virtual-machine->sca
Rule: 19007 (level 7) -> 'CIS Ubuntu Linux 22.04 LTS Benchmark v2.0.0.: Ensure auditd service is enabled and active.'
{"type":"check","id":380680914,"policy":"CIS Ubuntu Linux 22.04 LTS Benchmark v2.0.0.","policy_id":"cis_ubuntu22-04","check":{"id":28591,"title":"Ensure auditd service is enabled and active.","description":"Turn on the auditd daemon to record system events.","rationale":"The capturing of system events provides system administrators with information to allow them to determine if unauthorized access to their system is occurring.","remediation":"Run the following commands to unmask, enable and start auditd: # systemctl unmask auditd # systemctl enable auditd # systemctl start auditd.","compliance":{"cis":"6.3.1.2","cis_csc_v8":"8.2","cis_csc_v7":"6.2,6.3","cmmc_v2.0":"AU.L2-3.3.1","hipaa":"164.312(b)","iso_27001-2013":"A.12.4.1","mitre_mitigations":"M1028","mitre_tactics":"TA0005","mitre_techniques":"T1562,T1562.001","nist_sp_800-53":"AU-7","pci_dss_v3.2.1":"10.2,10.3","pci_dss_v4.0":"10.2.1,10.2.1.1,10.2.1.2,10.2.1.3,10.2.1.4,10.2.1.5,10.2.1.6,10.2.1.7,10.2.2,5.3.4,6.4.1,6.4.2"},"rules":["c:systemctl is-enabled auditd -> r:^enabled","c:systemctl is-active auditd -> r:^active"],"condition":"all","command":"systemctl is-enabled auditd","result":"failed"}}
sca.type: check
sca.scan_id: 380680914
sca.policy: CIS Ubuntu Linux 22.04 LTS Benchmark v2.0.0.
sca.check.id: 28591
sca.check.title: Ensure auditd service is enabled and active.
sca.check.description: Turn on the auditd daemon to record system events.
sca.check.rationale: The capturing of system events provides system administrators with information to allow them to determine if unauthorized access to their system is occurring.
sca.check.remediation: Run the following commands to unmask, enable and start auditd: # systemctl unmask auditd # systemctl enable auditd # systemctl start auditd.
sca.check.compliance.cis: 6.3.1.2
sca.check.compliance.cis_csc_v8: 8.2
sca.check.compliance.cis_csc_v7: 6.2,6.3
sca.check.compliance.cmmc_v2.0: AU.L2-3.3.1
sca.check.compliance.hipaa: 164.312(b)
sca.check.compliance.iso_27001-2013: A.12.4.1
sca.check.compliance.mitre_mitigations: M1028
sca.check.compliance.mitre_tactics: TA0005
sca.check.compliance.mitre_techniques: T1562,T1562.001
sca.check.compliance.nist_sp_800-53: AU-7
sca.check.compliance.pci_dss_v3.2.1: 10.2,10.3
sca.check.compliance.pci_dss_v4.0: 10.2.1,10.2.1.1,10.2.1.2,10.2.1.3,10.2.1.4,10.2.1.5,10.2.1.6,10.2.1.7,10.2.2,5.3.4,6.4.1,6.4.2
sca.check.command: ["systemctl is-enabled auditd"]
sca.check.result: failed

** Alert 1757863499.292311: - sca,gdpr_IV_35.7.d,pci_dss_2.2,nist_800_53_CM.1,tsc_CC7.1,tsc_CC7.2,
2025 Sep 14 17:24:59 student-virtual-machine->sca
Rule: 19008 (level 3) -> 'CIS Ubuntu Linux 22.04 LTS Benchmark v2.0.0.: Ensure auditing for processes that start prior to auditd is enabled.'
{"type":"check","id":380680914,"policy":"CIS Ubuntu Linux 22.04 LTS Benchmark v2.0.0.","policy_id":"cis_ubuntu22-04","check":{"id":28592,"title":"Ensure auditing for processes that start prior to auditd is enabled.","description":"Configure grub2 so that processes that are capable of being audited can be audited even if they start up prior to auditd startup.","rationale":"Audit events need to be captured on processes that start up prior to auditd , so that potential malicious activity cannot go undetected.","remediation":"Edit /etc/default/grub and add audit=1 to GRUB_CMDLINE_LINUX: Example: GRUB_CMDLINE_LINUX=\"audit=1\" Run the following command to update the grub2 configuration: # update-grub.","compliance":{"cis":"6.3.1.3","cis_csc_v8":"8.2","cis_csc_v7":"6.2","cmmc_v2.0":"AU.L2-3.3.1","hipaa":"164.312(b)","iso_27001-2013":"A.12.4.1","mitre_mitigations":"M1047","mitre_tactics":"TA0005","mitre_techniques":"T1562,T1562.001","nist_sp_800-53":"AU-7","pci_dss_v3.2.1":"10.2,10.3","pci_dss_v4.0":"10.2.1,10.2.1.1,10.2.1.2,10.2.1.3,10.2.1.4,10.2.1.5,10.2.1.6,10.2.1.7,10.2.2,5.3.4,6.4.1,6.4.2"},"rules":["not f:/etc/default/grub -> r:^\\s*\\t*linux && !r:audit=1"],"condition":"all","file":"/etc/default/grub","result":"passed"}}
sca.type: check
sca.scan_id: 380680914
sca.policy: CIS Ubuntu Linux 22.04 LTS Benchmark v2.0.0.
sca.check.id: 28592
sca.check.title: Ensure auditing for processes that start prior to auditd is enabled.
sca.check.description: Configure grub2 so that processes that are capable of being audited can be audited even if they start up prior to auditd startup.
sca.check.rationale: Audit events need to be captured on processes that start up prior to auditd , so that potential malicious activity cannot go undetected.
sca.check.remediation: Edit /etc/default/grub and add audit=1 to GRUB_CMDLINE_LINUX: Example: GRUB_CMDLINE_LINUX="audit=1" Run the following command to update the grub2 configuration: # update-grub.
sca.check.compliance.cis: 6.3.1.3
sca.check.compliance.cis_csc_v8: 8.2
sca.check.compliance.cis_csc_v7: 6.2
sca.check.compliance.cmmc_v2.0: AU.L2-3.3.1
sca.check.compliance.hipaa: 164.312(b)
sca.check.compliance.iso_27001-2013: A.12.4.1
sca.check.compliance.mitre_mitigations: M1047
sca.check.compliance.mitre_tactics: TA0005
sca.check.compliance.mitre_techniques: T1562,T1562.001
sca.check.compliance.nist_sp_800-53: AU-7
sca.check.compliance.pci_dss_v3.2.1: 10.2,10.3
sca.check.compliance.pci_dss_v4.0: 10.2.1,10.2.1.1,10.2.1.2,10.2.1.3,10.2.1.4,10.2.1.5,10.2.1.6,10.2.1.7,10.2.2,5.3.4,6.4.1,6.4.2
sca.check.file: ["/etc/default/grub"]
sca.check.result: passed

** Alert 1757863499.295219: - sca,gdpr_IV_35.7.d,pci_dss_2.2,nist_800_53_CM.1,tsc_CC7.1,tsc_CC7.2,
2025 Sep 14 17:24:59 student-virtual-machine->sca
Rule: 19007 (level 7) -> 'CIS Ubuntu Linux 22.04 LTS Benchmark v2.0.0.: Ensure audit_backlog_limit is sufficient.'
{"type":"check","id":380680914,"policy":"CIS Ubuntu Linux 22.04 LTS Benchmark v2.0.0.","policy_id":"cis_ubuntu22-04","check":{"id":28593,"title":"Ensure audit_backlog_limit is sufficient.","description":"In the kernel-level audit subsystem, a socket buffer queue is used to hold audit events. Whenever a new audit event is received, it is logged and prepared to be added to this queue. The kernel boot parameter audit_backlog_limit=N, with N representing the amount of messages, will ensure that a queue cannot grow beyond a certain size. If an audit event is logged which would grow the queue beyond this limit, then a failure occurs and is handled according to the system configuration.","rationale":"If an audit event is logged which would grow the queue beyond the audit_backlog_limit, then a failure occurs, auditd records will be lost, and potential malicious activity could go undetected.","remediation":"Edit /etc/default/grub and add audit_backlog_limit=N to GRUB_CMDLINE_LINUX. The recommended size for N is 8192 or larger. Example: GRUB_CMDLINE_LINUX=\"audit_backlog_limit=8192\" Run the following command to update the grub2 configuration: # update-grub.","compliance":{"cis":"6.3.1.4","cis_csc_v8":"8.2","cis_csc_v7":"6.2,6.3","cmmc_v2.0":"AU.L2-3.3.1","hipaa":"164.312(b)","iso_27001-2013":"A.12.4.1","mitre_mitigations":"M1028","mitre_tactics":"TA0005","mitre_techniques":"T1562,T1562.001","nist_sp_800-53":"AU-7","pci_dss_v3.2.1":"10.2,10.3","pci_dss_v4.0":"10.2.1,10.2.1.1,10.2.1.2,10.2.1.3,10.2.1.4,10.2.1.5,10.2.1.6,10.2.1.7,10.2.2,5.3.4,6.4.1,6.4.2"},"rules":["not f:/etc/default/grub -> !r:audit_backlog_limit=\\d+"],"condition":"all","file":"/etc/default/grub","result":"failed"}}
sca.type: check
sca.scan_id: 380680914
sca.policy: CIS Ubuntu Linux 22.04 LTS Benchmark v2.0.0.
sca.check.id: 28593
sca.check.title: Ensure audit_backlog_limit is sufficient.
sca.check.description: In the kernel-level audit subsystem, a socket buffer queue is used to hold audit events. Whenever a new audit event is received, it is logged and prepared to be added to this queue. The kernel boot parameter audit_backlog_limit=N, with N representing the amount of messages, will ensure that a queue cannot grow beyond a certain size. If an audit event is logged which would grow the queue beyond this limit, then a failure occurs and is handled according to the system configuration.
sca.check.rationale: If an audit event is logged which would grow the queue beyond the audit_backlog_limit, then a failure occurs, auditd records will be lost, and potential malicious activity could go undetected.
sca.check.remediation: Edit /etc/default/grub and add audit_backlog_limit=N to GRUB_CMDLINE_LINUX. The recommended size for N is 8192 or larger. Example: GRUB_CMDLINE_LINUX="audit_backlog_limit=8192" Run the following command to update the grub2 configuration: # update-grub.
sca.check.compliance.cis: 6.3.1.4
sca.check.compliance.cis_csc_v8: 8.2
sca.check.compliance.cis_csc_v7: 6.2,6.3
sca.check.compliance.cmmc_v2.0: AU.L2-3.3.1
sca.check.compliance.hipaa: 164.312(b)
sca.check.compliance.iso_27001-2013: A.12.4.1
sca.check.compliance.mitre_mitigations: M1028
sca.check.compliance.mitre_tactics: TA0005
sca.check.compliance.mitre_techniques: T1562,T1562.001
sca.check.compliance.nist_sp_800-53: AU-7
sca.check.compliance.pci_dss_v3.2.1: 10.2,10.3
sca.check.compliance.pci_dss_v4.0: 10.2.1,10.2.1.1,10.2.1.2,10.2.1.3,10.2.1.4,10.2.1.5,10.2.1.6,10.2.1.7,10.2.2,5.3.4,6.4.1,6.4.2
sca.check.file: ["/etc/default/grub"]
sca.check.result: failed

** Alert 1757863499.299027: - sca,gdpr_IV_35.7.d,pci_dss_2.2,nist_800_53_CM.1,tsc_CC7.1,tsc_CC7.2,
2025 Sep 14 17:24:59 student-virtual-machine->sca
Rule: 19007 (level 7) -> 'CIS Ubuntu Linux 22.04 LTS Benchmark v2.0.0.: Ensure audit log storage size is configured.'
{"type":"check","id":380680914,"policy":"CIS Ubuntu Linux 22.04 LTS Benchmark v2.0.0.","policy_id":"cis_ubuntu22-04","check":{"id":28594,"title":"Ensure audit log storage size is configured.","description":"Configure the maximum size of the audit log file. Once the log reaches the maximum size, it will be rotated and a new log file will be started.","rationale":"It is important that an appropriate size is determined for log files so that they do not impact the system and audit data is not lost.","remediation":"Set the following parameter in /etc/audit/auditd.conf in accordance with site policy: max_log_file = <MB>.","compliance":{"cis":"6.3.2.1","cis_csc_v8":"8.3","cis_csc_v7":"6.4","iso_27001-2013":"A.12.4.1","mitre_mitigations":"M1053","mitre_tactics":"TA0040","mitre_techniques":"T1562,T1562.006","pci_dss_v3.2.1":"10.7","soc_2":"A1.1"},"rules":["d:/etc/audit","f:/etc/audit/auditd.conf","f:/etc/audit/auditd.conf -> r:^\\s*max_log_file\\s*=\\s*\\d+"],"condition":"all","directory":"/etc/audit","result":"failed"}}
sca.type: check
sca.scan_id: 380680914
sca.policy: CIS Ubuntu Linux 22.04 LTS Benchmark v2.0.0.
sca.check.id: 28594
sca.check.title: Ensure audit log storage size is configured.
sca.check.description: Configure the maximum size of the audit log file. Once the log reaches the maximum size, it will be rotated and a new log file will be started.
sca.check.rationale: It is important that an appropriate size is determined for log files so that they do not impact the system and audit data is not lost.
sca.check.remediation: Set the following parameter in /etc/audit/auditd.conf in accordance with site policy: max_log_file = <MB>.
sca.check.compliance.cis: 6.3.2.1
sca.check.compliance.cis_csc_v8: 8.3
sca.check.compliance.cis_csc_v7: 6.4
sca.check.compliance.iso_27001-2013: A.12.4.1
sca.check.compliance.mitre_mitigations: M1053
sca.check.compliance.mitre_tactics: TA0040
sca.check.compliance.mitre_techniques: T1562,T1562.006
sca.check.compliance.pci_dss_v3.2.1: 10.7
sca.check.compliance.soc_2: A1.1
sca.check.directory: ["/etc/audit"]
sca.check.result: failed

** Alert 1757863499.301388: - sca,gdpr_IV_35.7.d,pci_dss_2.2,nist_800_53_CM.1,tsc_CC7.1,tsc_CC7.2,
2025 Sep 14 17:24:59 student-virtual-machine->sca
Rule: 19007 (level 7) -> 'CIS Ubuntu Linux 22.04 LTS Benchmark v2.0.0.: Ensure audit logs are not automatically deleted.'
{"type":"check","id":380680914,"policy":"CIS Ubuntu Linux 22.04 LTS Benchmark v2.0.0.","policy_id":"cis_ubuntu22-04","check":{"id":28595,"title":"Ensure audit logs are not automatically deleted.","description":"The max_log_file_action setting determines how to handle the audit log file reaching the max file size. A value of keep_logs will rotate the logs but never delete old logs.","rationale":"In high security contexts, the benefits of maintaining a long audit history exceed the cost of storing the audit history.","remediation":"Set the following parameter in /etc/audit/auditd.conf: max_log_file_action = keep_logs.","compliance":{"cis":"6.3.2.2","cis_csc_v8":"8.3","cis_csc_v7":"6.4","iso_27001-2013":"A.12.4.1","mitre_mitigations":"M1053","mitre_tactics":"TA0005","mitre_techniques":"T1562,T1562.006","pci_dss_v3.2.1":"10.7","soc_2":"A1.1"},"rules":["d:/etc/audit","f:/etc/audit/auditd.conf","f:/etc/audit/auditd.conf -> r:^\\s*max_log_file_action\\s*=\\s*keep_logs"],"condition":"all","directory":"/etc/audit","result":"failed"}}
sca.type: check
sca.scan_id: 380680914
sca.policy: CIS Ubuntu Linux 22.04 LTS Benchmark v2.0.0.
sca.check.id: 28595
sca.check.title: Ensure audit logs are not automatically deleted.
sca.check.description: The max_log_file_action setting determines how to handle the audit log file reaching the max file size. A value of keep_logs will rotate the logs but never delete old logs.
sca.check.rationale: In high security contexts, the benefits of maintaining a long audit history exceed the cost of storing the audit history.
sca.check.remediation: Set the following parameter in /etc/audit/auditd.conf: max_log_file_action = keep_logs.
sca.check.compliance.cis: 6.3.2.2
sca.check.compliance.cis_csc_v8: 8.3
sca.check.compliance.cis_csc_v7: 6.4
sca.check.compliance.iso_27001-2013: A.12.4.1
sca.check.compliance.mitre_mitigations: M1053
sca.check.compliance.mitre_tactics: TA0005
sca.check.compliance.mitre_techniques: T1562,T1562.006
sca.check.compliance.pci_dss_v3.2.1: 10.7
sca.check.compliance.soc_2: A1.1
sca.check.directory: ["/etc/audit"]
sca.check.result: failed

** Alert 1757863499.303767: - sca,gdpr_IV_35.7.d,pci_dss_2.2,nist_800_53_CM.1,tsc_CC7.1,tsc_CC7.2,
2025 Sep 14 17:24:59 student-virtual-machine->sca
Rule: 19007 (level 7) -> 'CIS Ubuntu Linux 22.04 LTS Benchmark v2.0.0.: Ensure system is disabled when audit logs are full.'
{"type":"check","id":380680914,"policy":"CIS Ubuntu Linux 22.04 LTS Benchmark v2.0.0.","policy_id":"cis_ubuntu22-04","check":{"id":28596,"title":"Ensure system is disabled when audit logs are full.","description":"The auditd daemon can be configured to halt the system or put the system in single user mode, if no free space is available or an error is detected on the partition that holds the audit log files. The disk_full_action parameter tells the system what action to take when no free space is available on the partition that holds the audit log files. Valid values are ignore, syslog, rotate, exec, suspend, single, and halt. - ignore, the audit daemon will issue a syslog message but no other action is taken - syslog, the audit daemon will issue a warning to syslog - rotate, the audit daemon will rotate logs, losing the oldest to free up space - exec, /path-to-script will execute the script. You cannot pass parameters to the script. The script is also responsible for telling the auditd daemon to resume logging once its completed its action - suspend, the audit daemon will stop writing records to the disk - single, the audit daemon will put the computer system in single user mode - halt, the audit daemon will shut down the system The disk_error_action parameter tells the system what action to take when an error is detected on the partition that holds the audit log files. Valid values are ignore, syslog, exec, suspend, single, and halt. - ignore, the audit daemon will not take any action - syslog, the audit daemon will issue no more than 5 consecutive warnings to syslog - exec, /path-to-script will execute the script. You cannot pass parameters to the script - suspend, the audit daemon will stop writing records to the disk - single, the audit daemon will put the computer system in single user mode - halt, the audit daemon will shut down the system.","rationale":"In high security contexts, the risk of detecting unauthorized access or nonrepudiation exceeds the benefit of the system's availability. Internal Only - General.","remediation":"Set one of the following parameters in /etc/audit/auditd.conf depending on your local security policies. disk_full_action = <halt|single> disk_error_action = <syslog|single|halt> Example: disk_full_action = halt disk_error_action = halt.","compliance":{"cis":"6.3.2.3","cis_csc_v8":"8.2,8.3","cmmc_v2.0":"AU.L2-3.3.1","hipaa":"164.312(b)","mitre_mitigations":"M1028","mitre_tactics":"TA0005","mitre_techniques":"T1562,T1562.006","nist_sp_800-53":"AU-7","pci_dss_v3.2.1":"10.2,10.3,10.7","pci_dss_v4.0":"10.2.1,10.2.1.1,10.2.1.2,10.2.1.3,10.2.1.4,10.2.1.5,10.2.1.6,10.2.1.7,10.2.2,5.3.4,6.4.1,6.4.2","soc_2":"A1.1"},"rules":["d:/etc/audit","f:/etc/audit/auditd.conf","f:/etc/audit/auditd.conf -> r:^\\s*\\t*space_left_action\\s*=\\s*email","f:/etc/audit/auditd.conf -> r:^\\s*\\t*disk_error_action\\s*=\\s* && r:syslog|single|halt","f:/etc/audit/auditd.conf -> r:^\\s*\\t*disk_full_action\\s*=\\s* && r:halt|single"],"condition":"all","directory":"/etc/audit","result":"failed"}}
sca.type: check
sca.scan_id: 380680914
sca.policy: CIS Ubuntu Linux 22.04 LTS Benchmark v2.0.0.
sca.check.id: 28596
sca.check.title: Ensure system is disabled when audit logs are full.
sca.check.description: The auditd daemon can be configured to halt the system or put the system in single user mode, if no free space is available or an error is detected on the partition that holds the audit log files. The disk_full_action parameter tells the system what action to take when no free space is available on the partition that holds the audit log files. Valid values are ignore, syslog, rotate, exec, suspend, single, and halt. - ignore, the audit daemon will issue a syslog message but no other action is taken - syslog, the audit daemon will issue a warning to syslog - rotate, the audit daemon will rotate logs, losing the oldest to free up space - exec, /path-to-script will execute the script. You cannot pass parameters to the script. The script is also responsible for telling the auditd daemon to resume logging once its completed its action - suspend, the audit daemon will stop writing records to the disk - single, the audit daemon will put the computer system in single user mode - halt, the audit daemon will shut down the system The disk_error_action parameter tells the system what action to take when an error is detected on the partition that holds the audit log files. Valid values are ignore, syslog, exec, suspend, single, and halt. - ignore, the audit daemon will not take any action - syslog, the audit daemon will issue no more than 5 consecutive warnings to syslog - exec, /path-to-script will execute the script. You cannot pass parameters to the script - suspend, the audit daemon will stop writing records to the disk - single, the audit daemon will put the computer system in single user mode - halt, the audit daemon will shut down the system.
sca.check.rationale: In high security contexts, the risk of detecting unauthorized access or nonrepudiation exceeds the benefit of the system's availability. Internal Only - General.
sca.check.remediation: Set one of the following parameters in /etc/audit/auditd.conf depending on your local security policies. disk_full_action = <halt|single> disk_error_action = <syslog|single|halt> Example: disk_full_action = halt disk_error_action = halt.
sca.check.compliance.cis: 6.3.2.3
sca.check.compliance.cis_csc_v8: 8.2,8.3
sca.check.compliance.cmmc_v2.0: AU.L2-3.3.1
sca.check.compliance.hipaa: 164.312(b)
sca.check.compliance.mitre_mitigations: M1028
sca.check.compliance.mitre_tactics: TA0005
sca.check.compliance.mitre_techniques: T1562,T1562.006
sca.check.compliance.nist_sp_800-53: AU-7
sca.check.compliance.pci_dss_v3.2.1: 10.2,10.3,10.7
sca.check.compliance.pci_dss_v4.0: 10.2.1,10.2.1.1,10.2.1.2,10.2.1.3,10.2.1.4,10.2.1.5,10.2.1.6,10.2.1.7,10.2.2,5.3.4,6.4.1,6.4.2
sca.check.compliance.soc_2: A1.1
sca.check.directory: ["/etc/audit"]
sca.check.result: failed

** Alert 1757863499.310029: - sca,gdpr_IV_35.7.d,pci_dss_2.2,nist_800_53_CM.1,tsc_CC7.1,tsc_CC7.2,
2025 Sep 14 17:24:59 student-virtual-machine->sca
Rule: 19007 (level 7) -> 'CIS Ubuntu Linux 22.04 LTS Benchmark v2.0.0.: Ensure changes to system administration scope (sudoers) is collected.'
{"type":"check","id":380680914,"policy":"CIS Ubuntu Linux 22.04 LTS Benchmark v2.0.0.","policy_id":"cis_ubuntu22-04","check":{"id":28597,"title":"Ensure changes to system administration scope (sudoers) is collected.","description":"Monitor scope changes for system administrators. If the system has been properly configured to force system administrators to log in as themselves first and then use the sudo command to execute privileged commands, it is possible to monitor changes in scope. The file /etc/sudoers, or files in /etc/sudoers.d, will be written to when the file(s) or related attributes have changed. The audit records will be tagged with the identifier \"scope\".","rationale":"Changes in the /etc/sudoers and /etc/sudoers.d files can indicate that an unauthorized change has been made to the scope of system administrator activity. Internal Only - General.","remediation":"Edit or create a file in the /etc/audit/rules.d/ directory, ending in .rules extension, with the relevant rules to monitor scope changes for system administrators. Example: # printf '%s\\n' \"-w /etc/sudoers -p wa -k scope\" \"-w /etc/sudoers.d -p wa -k scope\" >> /etc/audit/rules.d/50-scope.rules Merge and load the rules into active configuration: # augenrules --load Check if reboot is required. # if [[ $(auditctl -s | grep \"enabled\") =~ \"2\" ]]; then printf \"Reboot required to load rules\\n\"; fi.","compliance":{"cis":"6.3.3.1","cis_csc_v8":"8.5","cis_csc_v7":"4.8","cmmc_v2.0":"AU.L2-3.3.1","iso_27001-2013":"A.12.4.3","mitre_mitigations":"M1047","mitre_tactics":"TA0004","mitre_techniques":"T1562,T1562.006","nist_sp_800-53":"AU-3(1),AU-7","pci_dss_v3.2.1":"10.1,10.2.2,10.2.4,10.2.5,10.3","pci_dss_v4.0":"10.2,10.2.1,10.2.1.2,10.2.1.5,9.4.5","soc_2":"CC5.2,CC7.2"},"rules":["d:/etc/audit/rules.d","d:/etc/audit/rules.d -> r:\\.+.rules$","d:/etc/audit/rules.d -> r:\\.+.rules$ -> r:^-w && r:/etc/sudoers && r:-p wa && r:-k scope","d:/etc/audit/rules.d -> r:\\.+.rules$ -> r:^-w && r:/etc/sudoers.d && r:-p wa && r:-k scope","c:auditctl -l -> r:^-w && r:/etc/sudoers && r:-p wa && r:-k scope","c:auditctl -l -> r:^-w && r:/etc/sudoers.d && r:-p wa && r:-k scope"],"condition":"all","directory":"/etc/audit/rules.d","result":"failed"}}
sca.type: check
sca.scan_id: 380680914
sca.policy: CIS Ubuntu Linux 22.04 LTS Benchmark v2.0.0.
sca.check.id: 28597
sca.check.title: Ensure changes to system administration scope (sudoers) is collected.
sca.check.description: Monitor scope changes for system administrators. If the system has been properly configured to force system administrators to log in as themselves first and then use the sudo command to execute privileged commands, it is possible to monitor changes in scope. The file /etc/sudoers, or files in /etc/sudoers.d, will be written to when the file(s) or related attributes have changed. The audit records will be tagged with the identifier "scope".
sca.check.rationale: Changes in the /etc/sudoers and /etc/sudoers.d files can indicate that an unauthorized change has been made to the scope of system administrator activity. Internal Only - General.
sca.check.remediation: Edit or create a file in the /etc/audit/rules.d/ directory, ending in .rules extension, with the relevant rules to monitor scope changes for system administrators. Example: # printf '%s\n' "-w /etc/sudoers -p wa -k scope" "-w /etc/sudoers.d -p wa -k scope" >> /etc/audit/rules.d/50-scope.rules Merge and load the rules into active configuration: # augenrules --load Check if reboot is required. # if [[ $(auditctl -s | grep "enabled") =~ "2" ]]; then printf "Reboot required to load rules\n"; fi.
sca.check.compliance.cis: 6.3.3.1
sca.check.compliance.cis_csc_v8: 8.5
sca.check.compliance.cis_csc_v7: 4.8
sca.check.compliance.cmmc_v2.0: AU.L2-3.3.1
sca.check.compliance.iso_27001-2013: A.12.4.3
sca.check.compliance.mitre_mitigations: M1047
sca.check.compliance.mitre_tactics: TA0004
sca.check.compliance.mitre_techniques: T1562,T1562.006
sca.check.compliance.nist_sp_800-53: AU-3(1),AU-7
sca.check.compliance.pci_dss_v3.2.1: 10.1,10.2.2,10.2.4,10.2.5,10.3
sca.check.compliance.pci_dss_v4.0: 10.2,10.2.1,10.2.1.2,10.2.1.5,9.4.5
sca.check.compliance.soc_2: CC5.2,CC7.2
sca.check.directory: ["/etc/audit/rules.d"]
sca.check.result: failed

** Alert 1757863499.314589: - sca,gdpr_IV_35.7.d,pci_dss_2.2,nist_800_53_CM.1,tsc_CC7.1,tsc_CC7.2,
2025 Sep 14 17:24:59 student-virtual-machine->sca
Rule: 19007 (level 7) -> 'CIS Ubuntu Linux 22.04 LTS Benchmark v2.0.0.: Ensure actions as another user are always logged.'
{"type":"check","id":380680914,"policy":"CIS Ubuntu Linux 22.04 LTS Benchmark v2.0.0.","policy_id":"cis_ubuntu22-04","check":{"id":28598,"title":"Ensure actions as another user are always logged.","description":"sudo provides users with temporary elevated privileges to perform operations, either as the superuser or another user.","rationale":"Creating an audit log of users with temporary elevated privileges and the operation(s) they performed is essential to reporting. Administrators will want to correlate the events written to the audit trail with the records written to sudo's logfile to verify if unauthorized commands have been executed. Internal Only - General.","remediation":"Create audit rules Edit or create a file in the /etc/audit/rules.d/ directory, ending in .rules extension, with the relevant rules to monitor elevated privileges. Example: # printf \" -a always,exit -F arch=b64 -C euid!=uid -F auid!=unset -S execve -k user_emulation -a always,exit -F arch=b32 -C euid!=uid -F auid!=unset -S execve -k user_emulation \" >> /etc/audit/rules.d/50-user_emulation.rules Load audit rules Merge and load the rules into active configuration: # augenrules --load Check if reboot is required. # if [[ $(auditctl -s | grep \"enabled\") =~ \"2\" ]]; then printf \"Reboot required to load rules\\n\"; fi.","compliance":{"cis":"6.3.3.2","cis_csc_v8":"8.5","cis_csc_v7":"4.9","cmmc_v2.0":"AU.L2-3.3.1","iso_27001-2013":"A.9.4.2","mitre_mitigations":"M1047","mitre_tactics":"TA0004","mitre_techniques":"T1562,T1562.006","nist_sp_800-53":"AU-3(1),AU-7","pci_dss_v3.2.1":"10.1,10.2.2,10.2.4,10.2.5,10.3","pci_dss_v4.0":"10.2,10.2.1,10.2.1.2,10.2.1.5,9.4.5","soc_2":"CC5.2,CC7.2"},"rules":["d:/etc/audit/rules.d","d:/etc/audit/rules.d -> r:\\.+.rules$","d:/etc/audit/rules.d -> r:\\.+.rules$ -> r:^-a && r:exit,always|always,exit && r:-F arch=b64 && r:-C euid!=uid|-C uid!=euid  && r:-F auid!=unset|-F auid!=1|-F auid!=4294967295 && r:-S execve && r:-k user_emulation|key=user_emulation","d:/etc/audit/rules.d -> r:\\.+.rules$ -> r:^-a && r:exit,always|always,exit && r:-F arch=b32 && r:-C euid!=uid|-C uid!=euid  && r:-F auid!=unset|-F auid!=1|-F auid!=4294967295 && r:-S execve && r:-k user_emulation|key=user_emulation","c:auditctl -l -> r:^-a && r:exit,always|always,exit && r:-F arch=b64 && r:-C euid!=uid|-C uid!=euid && r:-F auid!=unset|-F auid!=1|-F auid!=4294967295 && r:-S execve && r:-k user_emulation|key=user_emulation","c:auditctl -l -> r:^-a && r:exit,always|always,exit && r:-F arch=b32 && r:-C euid!=uid|-C uid!=euid && r:-F auid!=unset|-F auid!=1|-F auid!=4294967295 && r:-S execve && r:-k user_emulation|key=user_emulation"],"condition":"all","directory":"/etc/audit/rules.d","result":"failed"}}
sca.type: check
sca.scan_id: 380680914
sca.policy: CIS Ubuntu Linux 22.04 LTS Benchmark v2.0.0.
sca.check.id: 28598
sca.check.title: Ensure actions as another user are always logged.
sca.check.description: sudo provides users with temporary elevated privileges to perform operations, either as the superuser or another user.
sca.check.rationale: Creating an audit log of users with temporary elevated privileges and the operation(s) they performed is essential to reporting. Administrators will want to correlate the events written to the audit trail with the records written to sudo's logfile to verify if unauthorized commands have been executed. Internal Only - General.
sca.check.remediation: Create audit rules Edit or create a file in the /etc/audit/rules.d/ directory, ending in .rules extension, with the relevant rules to monitor elevated privileges. Example: # printf " -a always,exit -F arch=b64 -C euid!=uid -F auid!=unset -S execve -k user_emulation -a always,exit -F arch=b32 -C euid!=uid -F auid!=unset -S execve -k user_emulation " >> /etc/audit/rules.d/50-user_emulation.rules Load audit rules Merge and load the rules into active configuration: # augenrules --load Check if reboot is required. # if [[ $(auditctl -s | grep "enabled") =~ "2" ]]; then printf "Reboot required to load rules\n"; fi.
sca.check.compliance.cis: 6.3.3.2
sca.check.compliance.cis_csc_v8: 8.5
sca.check.compliance.cis_csc_v7: 4.9
sca.check.compliance.cmmc_v2.0: AU.L2-3.3.1
sca.check.compliance.iso_27001-2013: A.9.4.2
sca.check.compliance.mitre_mitigations: M1047
sca.check.compliance.mitre_tactics: TA0004
sca.check.compliance.mitre_techniques: T1562,T1562.006
sca.check.compliance.nist_sp_800-53: AU-3(1),AU-7
sca.check.compliance.pci_dss_v3.2.1: 10.1,10.2.2,10.2.4,10.2.5,10.3
sca.check.compliance.pci_dss_v4.0: 10.2,10.2.1,10.2.1.2,10.2.1.5,9.4.5
sca.check.compliance.soc_2: CC5.2,CC7.2
sca.check.directory: ["/etc/audit/rules.d"]
sca.check.result: failed

** Alert 1757863499.319534: - sca,gdpr_IV_35.7.d,pci_dss_2.2,nist_800_53_CM.1,tsc_CC7.1,tsc_CC7.2,
2025 Sep 14 17:24:59 student-virtual-machine->sca
Rule: 19007 (level 7) -> 'CIS Ubuntu Linux 22.04 LTS Benchmark v2.0.0.: Ensure events that modify date and time information are collected.'
{"type":"check","id":380680914,"policy":"CIS Ubuntu Linux 22.04 LTS Benchmark v2.0.0.","policy_id":"cis_ubuntu22-04","check":{"id":28599,"title":"Ensure events that modify date and time information are collected.","description":"Capture events where the system date and/or time has been modified. The parameters in this section are set to determine if the; - adjtimex - tune kernel clock - settimeofday - set time using timeval and timezone structures - stime - using seconds since 1/1/1970 - clock_settime - allows for the setting of several internal clocks and timers system calls have been executed. Further, ensure to write an audit record to the configured audit log file upon exit, tagging the records with a unique identifier such as \"time-change\".","rationale":"Unexpected changes in system date and/or time could be a sign of malicious activity on the system. Internal Only - General.","remediation":"Create audit rules Edit or create a file in the /etc/audit/rules.d/ directory, ending in .rules extension, with the relevant rules to monitor events that modify date and time information. 64 Bit systems Example: # printf \\\" -a always,exit -F arch=b64 -S adjtimex,settimeofday,clock_settime -k time-change -a always,exit -F arch=b32 -S adjtimex,settimeofday,clock_settime -k time-change -w /etc/localtime -p wa -k time-change \\\" >> /etc/audit/rules.d/50-time-change.rules Load audit rules Merge and load the rules into active configuration: # augenrules --load Check if reboot is required. # if [[ $(auditctl -s | grep \\\"enabled\\\") =~ \\\"2\\\" ]]; then printf \\\"Reboot required to load rules\\\\n\\\"; fi.","compliance":{"cis":"6.3.3.4","cis_csc_v8":"8.5","cis_csc_v7":"5.5","cmmc_v2.0":"AU.L2-3.3.1","iso_27001-2013":"A.12.1.2","mitre_mitigations":"M1047","mitre_tactics":"TA0005","mitre_techniques":"T1562,T1562.006","nist_sp_800-53":"AU-3(1),AU-7","pci_dss_v3.2.1":"10.1,10.2.2,10.2.4,10.2.5,10.3","pci_dss_v4.0":"10.2,10.2.1,10.2.1.2,10.2.1.5,9.4.5","soc_2":"CC5.2,CC7.2"},"rules":["d:/etc/audit/rules.d","d:/etc/audit/rules.d -> r:\\.+.rules$","d:/etc/audit/rules.d -> r:\\.+.rules$ -> r:^-a && r:always,exit|exit,always && r:-F arch=b64 && r:-S && r:adjtimex && r:settimeofday && r:clock_settime && r:-k time-change|key=time-change","d:/etc/audit/rules.d -> r:\\.+.rules$ -> r:^-a && r:always,exit|exit,always && r:-F arch=b32 && r:-S && r:adjtimex && r:settimeofday && r:clock_settime && r:-k time-change|key=time-change","d:/etc/audit/rules.d -> r:\\.+.rules$ -> r:^-w && r:/etc/localtime && r:-p wa && r:-k time-change|key=time-change","c:auditctl -l -> r:^-a && r:always,exit|exit,always && r:-F arch=b64 && r:-S && r:adjtimex && r:settimeofday && r:clock_settime && r:-k time-change|key=time-change","c:auditctl -l -> r:^-a && r:always,exit|exit,always && r:-F arch=b32 && r:-S && r:adjtimex && r:settimeofday && r:clock_settime && r:-k time-change|key=time-change","c:auditctl -l -> r:^-w && r:/etc/localtime && r:-p wa && r:-k time-change|key=time-change"],"condition":"all","directory":"/etc/audit/rules.d","result":"failed"}}
sca.type: check
sca.scan_id: 380680914
sca.policy: CIS Ubuntu Linux 22.04 LTS Benchmark v2.0.0.
sca.check.id: 28599
sca.check.title: Ensure events that modify date and time information are collected.
sca.check.description: Capture events where the system date and/or time has been modified. The parameters in this section are set to determine if the; - adjtimex - tune kernel clock - settimeofday - set time using timeval and timezone structures - stime - using seconds since 1/1/1970 - clock_settime - allows for the setting of several internal clocks and timers system calls have been executed. Further, ensure to write an audit record to the configured audit log file upon exit, tagging the records with a unique identifier such as "time-change".
sca.check.rationale: Unexpected changes in system date and/or time could be a sign of malicious activity on the system. Internal Only - General.
sca.check.remediation: Create audit rules Edit or create a file in the /etc/audit/rules.d/ directory, ending in .rules extension, with the relevant rules to monitor events that modify date and time information. 64 Bit systems Example: # printf \" -a always,exit -F arch=b64 -S adjtimex,settimeofday,clock_settime -k time-change -a always,exit -F arch=b32 -S adjtimex,settimeofday,clock_settime -k time-change -w /etc/localtime -p wa -k time-change \" >> /etc/audit/rules.d/50-time-change.rules Load audit rules Merge and load the rules into active configuration: # augenrules --load Check if reboot is required. # if [[ $(auditctl -s | grep \"enabled\") =~ \"2\" ]]; then printf \"Reboot required to load rules\\n\"; fi.
sca.check.compliance.cis: 6.3.3.4
sca.check.compliance.cis_csc_v8: 8.5
sca.check.compliance.cis_csc_v7: 5.5
sca.check.compliance.cmmc_v2.0: AU.L2-3.3.1
sca.check.compliance.iso_27001-2013: A.12.1.2
sca.check.compliance.mitre_mitigations: M1047
sca.check.compliance.mitre_tactics: TA0005
sca.check.compliance.mitre_techniques: T1562,T1562.006
sca.check.compliance.nist_sp_800-53: AU-3(1),AU-7
sca.check.compliance.pci_dss_v3.2.1: 10.1,10.2.2,10.2.4,10.2.5,10.3
sca.check.compliance.pci_dss_v4.0: 10.2,10.2.1,10.2.1.2,10.2.1.5,9.4.5
sca.check.compliance.soc_2: CC5.2,CC7.2
sca.check.directory: ["/etc/audit/rules.d"]
sca.check.result: failed

** Alert 1757863499.325143: - sca,gdpr_IV_35.7.d,pci_dss_2.2,nist_800_53_CM.1,tsc_CC7.1,tsc_CC7.2,
2025 Sep 14 17:24:59 student-virtual-machine->sca
Rule: 19007 (level 7) -> 'CIS Ubuntu Linux 22.04 LTS Benchmark v2.0.0.: Ensure events that modify the system's network environment are collected.'
{"type":"check","id":380680914,"policy":"CIS Ubuntu Linux 22.04 LTS Benchmark v2.0.0.","policy_id":"cis_ubuntu22-04","check":{"id":28600,"title":"Ensure events that modify the system's network environment are collected.","description":"Record changes to network environment files or system calls. The below parameters monitors the following system calls, and write an audit event on system call exit: - sethostname - set the systems host name - setdomainname - set the systems domain name The files being monitored are: - /etc/issue and /etc/issue.net - messages displayed pre-login - /etc/hosts - file containing host names and associated IP addresses - /etc/networks - symbolic names for networks - /etc/network/ - directory containing network interface scripts and configurations files - /etc/netplan/ - central location for YAML networking configurations files.","rationale":"Monitoring system events that change network environments, such as sethostname and setdomainname, helps identify unauthorized alterations to host and domain names, which could compromise security settings reliant on these names. Changes to /etc/hosts can signal unauthorized attempts to alter machine associations with IP addresses, potentially redirecting users and processes to unintended destinations. Surveillance of /etc/issue and /etc/issue.net is crucial to detect intruders inserting false information to deceive users. Monitoring /etc/network/ reveals modifications to network interfaces or scripts that may jeopardize system availability or security. Additionally, tracking changes in the /etc/netplan/ directory ensures swift detection of unauthorized adjustments to network configurations. All audit records should be appropriately tagged for relevance Internal Only - General.","remediation":"Create audit rules Edit or create a file in the /etc/audit/rules.d/ directory, ending in .rules extension, with the relevant rules to monitor events that modify the system's network environment. Example: # printf \" -a always,exit -F arch=b64 -S sethostname,setdomainname -k system-locale -a always,exit -F arch=b32 -S sethostname,setdomainname -k system-locale -w /etc/issue -p wa -k system-locale -w /etc/issue.net -p wa -k system-locale -w /etc/hosts -p wa -k system-locale -w /etc/networks -p wa -k system-locale -w /etc/network/ -p wa -k system-locale -w /etc/netplan/ -p wa -k system-locale \" >> /etc/audit/rules.d/50-system_locale.rules Load audit rules Merge and load the rules into active configuration: # augenrules --load Check if reboot is required. # if [[ $(auditctl -s | grep \"enabled\") =~ \"2\" ]]; then printf \"Reboot required to load rules\\n\"; fi.","compliance":{"cis":"6.3.3.5","cis_csc_v8":"8.5","cis_csc_v7":"5.5","cmmc_v2.0":"AU.L2-3.3.1","iso_27001-2013":"A.12.1.2","mitre_mitigations":"M1047","mitre_tactics":"TA0003","mitre_techniques":"T1562,T1562.006","nist_sp_800-53":"AU-3(1),AU-7","pci_dss_v3.2.1":"10.1,10.2.2,10.2.4,10.2.5,10.3","pci_dss_v4.0":"10.2,10.2.1,10.2.1.2,10.2.1.5,9.4.5","soc_2":"CC5.2,CC7.2"},"rules":["d:/etc/audit/rules.d","d:/etc/audit/rules.d -> r:\\.+.rules$","d:/etc/audit/rules.d -> r:\\.+.rules$ -> r:^-a && r:exit,always|always,exit && r:-F arch=b32 && r:-S && r:sethostname && r:setdomainname && r:-k system-locale|key=system-locale","d:/etc/audit/rules.d -> r:\\.+.rules$ -> r:^-a && r:exit,always|always,exit && r:-F arch=b64 && r:-S && r:sethostname && r:setdomainname && r:-k system-locale|key=system-locale","d:/etc/audit/rules.d -> r:\\.+.rules$ -> r:^-w && r:/etc/issue && r:-p wa && r:-k system-locale|key=system-locale","d:/etc/audit/rules.d -> r:\\.+.rules$ -> r:^-w && r:/etc/issue.net && r:-p wa && r:-k system-locale|key=system-locale","d:/etc/audit/rules.d -> r:\\.+.rules$ -> r:^-w && r:/etc/hosts && r:-p wa && r:-k system-locale|key=system-locale","d:/etc/audit/rules.d -> r:\\.+.rules$ -> r:^-w && r:/etc/network/ && r:-p wa && r:-k system-locale|key=system-locale","d:/etc/audit/rules.d -> r:\\.+.rules$ -> r:^-w && r:/etc/networks && r:-p wa && r:-k system-locale|key=system-locale","d:/etc/audit/rules.d -> r:\\.+.rules$ -> r:^-w && r:/etc/netplan && r:-p wa && r:-k system-locale|key=system-locale","c:auditctl -l -> r:^-a && r:exit,always|always,exit && r:-F arch=b64 && r:-S && r:sethostname && r:setdomainname && r:-k system-locale|-F key=system-locale","c:auditctl -l -> r:^-a && r:exit,always|always,exit && r:-F arch=b32 && r:-S && r:sethostname && r:setdomainname && r:-k system-locale|-F key=system-locale","c:auditctl -l -> r:^-w && r:/etc/issue && r:-p wa && r:-k system-locale|key=system-locale","c:auditctl -l -> r:^-w && r:/etc/issue.net && r:-p wa && r:-k system-locale|key=system-locale","c:auditctl -l -> r:^-w && r:/etc/hosts && r:-p wa && r:-k system-locale|key=system-locale","c:auditctl -l -> r:^-w && r:/etc/network/ && r:-p wa && r:-k system-locale|key=system-locale","c:auditctl -l -> r:^-w && r:/etc/networks && r:-p wa && r:-k system-locale|key=system-locale","c:auditctl -l -> r:^-w && r:/etc/netplan && r:-p wa && r:-k system-locale|key=system-locale"],"condition":"all","references":"https://netplan.io/faq","directory":"/etc/audit/rules.d","result":"failed"}}
sca.type: check
sca.scan_id: 380680914
sca.policy: CIS Ubuntu Linux 22.04 LTS Benchmark v2.0.0.
sca.check.id: 28600
sca.check.title: Ensure events that modify the system's network environment are collected.
sca.check.description: Record changes to network environment files or system calls. The below parameters monitors the following system calls, and write an audit event on system call exit: - sethostname - set the systems host name - setdomainname - set the systems domain name The files being monitored are: - /etc/issue and /etc/issue.net - messages displayed pre-login - /etc/hosts - file containing host names and associated IP addresses - /etc/networks - symbolic names for networks - /etc/network/ - directory containing network interface scripts and configurations files - /etc/netplan/ - central location for YAML networking configurations files.
sca.check.rationale: Monitoring system events that change network environments, such as sethostname and setdomainname, helps identify unauthorized alterations to host and domain names, which could compromise security settings reliant on these names. Changes to /etc/hosts can signal unauthorized attempts to alter machine associations with IP addresses, potentially redirecting users and processes to unintended destinations. Surveillance of /etc/issue and /etc/issue.net is crucial to detect intruders inserting false information to deceive users. Monitoring /etc/network/ reveals modifications to network interfaces or scripts that may jeopardize system availability or security. Additionally, tracking changes in the /etc/netplan/ directory ensures swift detection of unauthorized adjustments to network configurations. All audit records should be appropriately tagged for relevance Internal Only - General.
sca.check.remediation: Create audit rules Edit or create a file in the /etc/audit/rules.d/ directory, ending in .rules extension, with the relevant rules to monitor events that modify the system's network environment. Example: # printf " -a always,exit -F arch=b64 -S sethostname,setdomainname -k system-locale -a always,exit -F arch=b32 -S sethostname,setdomainname -k system-locale -w /etc/issue -p wa -k system-locale -w /etc/issue.net -p wa -k system-locale -w /etc/hosts -p wa -k system-locale -w /etc/networks -p wa -k system-locale -w /etc/network/ -p wa -k system-locale -w /etc/netplan/ -p wa -k system-locale " >> /etc/audit/rules.d/50-system_locale.rules Load audit rules Merge and load the rules into active configuration: # augenrules --load Check if reboot is required. # if [[ $(auditctl -s | grep "enabled") =~ "2" ]]; then printf "Reboot required to load rules\n"; fi.
sca.check.compliance.cis: 6.3.3.5
sca.check.compliance.cis_csc_v8: 8.5
sca.check.compliance.cis_csc_v7: 5.5
sca.check.compliance.cmmc_v2.0: AU.L2-3.3.1
sca.check.compliance.iso_27001-2013: A.12.1.2
sca.check.compliance.mitre_mitigations: M1047
sca.check.compliance.mitre_tactics: TA0003
sca.check.compliance.mitre_techniques: T1562,T1562.006
sca.check.compliance.nist_sp_800-53: AU-3(1),AU-7
sca.check.compliance.pci_dss_v3.2.1: 10.1,10.2.2,10.2.4,10.2.5,10.3
sca.check.compliance.pci_dss_v4.0: 10.2,10.2.1,10.2.1.2,10.2.1.5,9.4.5
sca.check.compliance.soc_2: CC5.2,CC7.2
sca.check.references: https://netplan.io/faq
sca.check.directory: ["/etc/audit/rules.d"]
sca.check.result: failed

** Alert 1757863499.333939: - sca,gdpr_IV_35.7.d,pci_dss_2.2,nist_800_53_CM.1,tsc_CC7.1,tsc_CC7.2,
2025 Sep 14 17:24:59 student-virtual-machine->sca
Rule: 19007 (level 7) -> 'CIS Ubuntu Linux 22.04 LTS Benchmark v2.0.0.: Ensure events that modify user/group information are collected.'
{"type":"check","id":380680914,"policy":"CIS Ubuntu Linux 22.04 LTS Benchmark v2.0.0.","policy_id":"cis_ubuntu22-04","check":{"id":28601,"title":"Ensure events that modify user/group information are collected.","description":"Record events affecting the modification of user or group information, including that of passwords and old passwords if in use. - /etc/group - system groups - /etc/passwd - system users - /etc/gshadow - encrypted password for each group - /etc/shadow - system user passwords - /etc/security/opasswd - storage of old passwords if the relevant PAM module is in use - /etc/nsswitch.conf - file configures how the system uses various databases and name resolution mechanisms - /etc/pam.conf - file determines the authentication services to be used, and the order in which the services are used. - /etc/pam.d - directory contains the PAM configuration files for each PAM-aware application. The parameters in this section will watch the files to see if they have been opened for write or have had attribute changes (e.g. permissions) and tag them with the identifier \"identity\" in the audit log file.","rationale":"Unexpected changes to these files could be an indication that the system has been compromised and that an unauthorized user is attempting to hide their activities or compromise additional accounts.","remediation":"Edit or create a file in the /etc/audit/rules.d/ directory, ending in .rules extension, with the relevant rules to monitor events that modify user/group information. Example: # printf \" -w /etc/group -p wa -k identity -w /etc/passwd -p wa -k identity -w /etc/gshadow -p wa -k identity -w /etc/shadow -p wa -k identity -w /etc/security/opasswd -p wa -k identity -w /etc/nsswitch.conf -p wa -k identity -w /etc/pam.conf -p wa -k identity -w /etc/pam.d -p wa -k identity \" >> /etc/audit/rules.d/50-identity.rules Merge and load the rules into active configuration: # augenrules --load Check if reboot is required. # if [[ $(auditctl -s | grep \"enabled\") =~ \"2\" ]]; then printf \"Reboot required to load rules\\n\"; fi.","compliance":{"cis":"6.3.3.8","cis_csc_v8":"8.5","cis_csc_v7":"4.8","cmmc_v2.0":"AU.L2-3.3.1","iso_27001-2013":"A.12.4.3","mitre_mitigations":"M1047","mitre_tactics":"TA0004","mitre_techniques":"T1562,T1562.006","nist_sp_800-53":"AU-3(1),AU-7","pci_dss_v3.2.1":"10.1,10.2.2,10.2.4,10.2.5,10.3","pci_dss_v4.0":"10.2,10.2.1,10.2.1.2,10.2.1.5,9.4.5","soc_2":"CC5.2,CC7.2"},"rules":["d:/etc/audit/rules.d","d:/etc/audit/rules.d -> r:\\.+.rules$","d:/etc/audit/rules.d -> r:\\.+.rules$ -> r:^-w && r:/etc/group && r:-p wa && r:-k identity|key=identity","d:/etc/audit/rules.d -> r:\\.+.rules$ -> r:^-w && r:/etc/passwd && r:-p wa && r:-k identity|key=identity","d:/etc/audit/rules.d -> r:\\.+.rules$ -> r:^-w && r:/etc/gshadow && r:-p wa && r:-k identity|key=identity","d:/etc/audit/rules.d -> r:\\.+.rules$ -> r:^-w && r:/etc/shadow && r:-p wa && r:-k identity|key=identity","d:/etc/audit/rules.d -> r:\\.+.rules$ -> r:^-w && r:/etc/security/opasswd && r:-p wa && r:-k identity|key=identity","d:/etc/audit/rules.d -> r:\\.+.rules$ -> r:^-w && r:/etc/security/nsswitch.conf && r:-p wa && r:-k identity|key=identity","d:/etc/audit/rules.d -> r:\\.+.rules$ -> r:^-w && r:/etc/security/pam.conf && r:-p wa && r:-k identity|key=identity","d:/etc/audit/rules.d -> r:\\.+.rules$ -> r:^-w && r:/etc/security/pam.d && r:-p wa && r:-k identity|key=identity","c:auditctl -l -> r:^-w && r:/etc/group && r:-p wa && r:-k identity|key=identity","c:auditctl -l -> r:^-w && r:/etc/passwd && r:-p wa && r:-k identity|key=identity","c:auditctl -l -> r:^-w && r:/etc/gshadow && r:-p wa && r:-k identity|key=identity","c:auditctl -l -> r:^-w && r:/etc/shadow && r:-p wa && r:-k identity|key=identity","c:auditctl -l -> r:^-w && r:/etc/security/opasswd && r:-p wa && r:-k identity|key=identity","c:auditctl -l -> r:^-w && r:/etc/nsswitch.conf && r:-p wa && r:-k identity|key=identity","c:auditctl -l -> r:^-w && r:/etc/pam.conf && r:-p wa && r:-k identity|key=identity","c:auditctl -l -> r:^-w && r:/etc/pam.d && r:-p wa && r:-k identity|key=identity"],"condition":"all","references":"https://manpages.debian.org/bookworm/manpages/nsswitch.conf.5.en.html,https://access.redhat.com/documentation/en-","directory":"/etc/audit/rules.d","result":"failed"}}
sca.type: check
sca.scan_id: 380680914
sca.policy: CIS Ubuntu Linux 22.04 LTS Benchmark v2.0.0.
sca.check.id: 28601
sca.check.title: Ensure events that modify user/group information are collected.
sca.check.description: Record events affecting the modification of user or group information, including that of passwords and old passwords if in use. - /etc/group - system groups - /etc/passwd - system users - /etc/gshadow - encrypted password for each group - /etc/shadow - system user passwords - /etc/security/opasswd - storage of old passwords if the relevant PAM module is in use - /etc/nsswitch.conf - file configures how the system uses various databases and name resolution mechanisms - /etc/pam.conf - file determines the authentication services to be used, and the order in which the services are used. - /etc/pam.d - directory contains the PAM configuration files for each PAM-aware application. The parameters in this section will watch the files to see if they have been opened for write or have had attribute changes (e.g. permissions) and tag them with the identifier "identity" in the audit log file.
sca.check.rationale: Unexpected changes to these files could be an indication that the system has been compromised and that an unauthorized user is attempting to hide their activities or compromise additional accounts.
sca.check.remediation: Edit or create a file in the /etc/audit/rules.d/ directory, ending in .rules extension, with the relevant rules to monitor events that modify user/group information. Example: # printf " -w /etc/group -p wa -k identity -w /etc/passwd -p wa -k identity -w /etc/gshadow -p wa -k identity -w /etc/shadow -p wa -k identity -w /etc/security/opasswd -p wa -k identity -w /etc/nsswitch.conf -p wa -k identity -w /etc/pam.conf -p wa -k identity -w /etc/pam.d -p wa -k identity " >> /etc/audit/rules.d/50-identity.rules Merge and load the rules into active configuration: # augenrules --load Check if reboot is required. # if [[ $(auditctl -s | grep "enabled") =~ "2" ]]; then printf "Reboot required to load rules\n"; fi.
sca.check.compliance.cis: 6.3.3.8
sca.check.compliance.cis_csc_v8: 8.5
sca.check.compliance.cis_csc_v7: 4.8
sca.check.compliance.cmmc_v2.0: AU.L2-3.3.1
sca.check.compliance.iso_27001-2013: A.12.4.3
sca.check.compliance.mitre_mitigations: M1047
sca.check.compliance.mitre_tactics: TA0004
sca.check.compliance.mitre_techniques: T1562,T1562.006
sca.check.compliance.nist_sp_800-53: AU-3(1),AU-7
sca.check.compliance.pci_dss_v3.2.1: 10.1,10.2.2,10.2.4,10.2.5,10.3
sca.check.compliance.pci_dss_v4.0: 10.2,10.2.1,10.2.1.2,10.2.1.5,9.4.5
sca.check.compliance.soc_2: CC5.2,CC7.2
sca.check.references: https://manpages.debian.org/bookworm/manpages/nsswitch.conf.5.en.html,https://access.redhat.com/documentation/en-
sca.check.directory: ["/etc/audit/rules.d"]
sca.check.result: failed

** Alert 1757863499.341372: - sca,gdpr_IV_35.7.d,pci_dss_2.2,nist_800_53_CM.1,tsc_CC7.1,tsc_CC7.2,
2025 Sep 14 17:24:59 student-virtual-machine->sca
Rule: 19007 (level 7) -> 'CIS Ubuntu Linux 22.04 LTS Benchmark v2.0.0.: Ensure session initiation information is collected.'
{"type":"check","id":380680914,"policy":"CIS Ubuntu Linux 22.04 LTS Benchmark v2.0.0.","policy_id":"cis_ubuntu22-04","check":{"id":28602,"title":"Ensure session initiation information is collected.","description":"Monitor session initiation events. The parameters in this section track changes to the files associated with session events. - /var/run/utmp - tracks all currently logged in users. - /var/log/wtmp - file tracks logins, logouts, shutdown, and reboot events. - /var/log/btmp - keeps track of failed login attempts and can be read by entering the command /usr/bin/last -f /var/log/btmp. All audit records will be tagged with the identifier \"session.\".","rationale":"Monitoring these files for changes could alert a system administrator to logins occurring at unusual hours, which could indicate intruder activity (i.e. a user logging in at a time when they do not normally log in). Internal Only - General.","remediation":"Edit or create a file in the /etc/audit/rules.d/ directory, ending in .rules extension, with the relevant rules to monitor session initiation information. Example: # printf \" -w /var/run/utmp -p wa -k session -w /var/log/wtmp -p wa -k session -w /var/log/btmp -p wa -k session \" >> /etc/audit/rules.d/50-session.rules Merge and load the rules into active configuration: # augenrules --load Check if reboot is required. # if [[ $(auditctl -s | grep \"enabled\") =~ \"2\" ]]; then printf \"Reboot required to load rules\\n\"; fi.","compliance":{"cis":"6.3.3.11","cis_csc_v8":"8.5","cis_csc_v7":"4.9,16.13","cmmc_v2.0":"AU.L2-3.3.1","iso_27001-2013":"A.9.4.2","mitre_mitigations":"M1047","mitre_tactics":"TA0001","mitre_techniques":"T1562,T1562.006","nist_sp_800-53":"AU-3(1),AU-7","pci_dss_v3.2.1":"10.1,10.2.2,10.2.4,10.2.5,10.3","pci_dss_v4.0":"10.2,10.2.1,10.2.1.2,10.2.1.5,9.4.5","soc_2":"CC5.2,CC7.2"},"rules":["d:/etc/audit/rules.d","d:/etc/audit/rules.d -> r:\\.+.rules$","d:/etc/audit/rules.d -> r:\\.+.rules$ -> r:^-w && r:/var/run/utmp && r:-p wa && r:-k session|key=session","d:/etc/audit/rules.d -> r:\\.+.rules$ -> r:^-w && r:/var/log/wtmp && r:-p wa && r:-k session|key=session","d:/etc/audit/rules.d -> r:\\.+.rules$ -> r:^-w && r:/var/log/btmp && r:-p wa && r:-k session|key=session","c:auditctl -l -> r:^-w && r:/var/run/utmp && r:-p wa && r:-k session|key=session","c:auditctl -l -> r:^-w && r:/var/log/wtmp && r:-p wa && r:-k session|key=session","c:auditctl -l -> r:^-w && r:/var/log/btmp && r:-p wa && r:-k session|key=session"],"condition":"all","directory":"/etc/audit/rules.d","result":"failed"}}
sca.type: check
sca.scan_id: 380680914
sca.policy: CIS Ubuntu Linux 22.04 LTS Benchmark v2.0.0.
sca.check.id: 28602
sca.check.title: Ensure session initiation information is collected.
sca.check.description: Monitor session initiation events. The parameters in this section track changes to the files associated with session events. - /var/run/utmp - tracks all currently logged in users. - /var/log/wtmp - file tracks logins, logouts, shutdown, and reboot events. - /var/log/btmp - keeps track of failed login attempts and can be read by entering the command /usr/bin/last -f /var/log/btmp. All audit records will be tagged with the identifier "session.".
sca.check.rationale: Monitoring these files for changes could alert a system administrator to logins occurring at unusual hours, which could indicate intruder activity (i.e. a user logging in at a time when they do not normally log in). Internal Only - General.
sca.check.remediation: Edit or create a file in the /etc/audit/rules.d/ directory, ending in .rules extension, with the relevant rules to monitor session initiation information. Example: # printf " -w /var/run/utmp -p wa -k session -w /var/log/wtmp -p wa -k session -w /var/log/btmp -p wa -k session " >> /etc/audit/rules.d/50-session.rules Merge and load the rules into active configuration: # augenrules --load Check if reboot is required. # if [[ $(auditctl -s | grep "enabled") =~ "2" ]]; then printf "Reboot required to load rules\n"; fi.
sca.check.compliance.cis: 6.3.3.11
sca.check.compliance.cis_csc_v8: 8.5
sca.check.compliance.cis_csc_v7: 4.9,16.13
sca.check.compliance.cmmc_v2.0: AU.L2-3.3.1
sca.check.compliance.iso_27001-2013: A.9.4.2
sca.check.compliance.mitre_mitigations: M1047
sca.check.compliance.mitre_tactics: TA0001
sca.check.compliance.mitre_techniques: T1562,T1562.006
sca.check.compliance.nist_sp_800-53: AU-3(1),AU-7
sca.check.compliance.pci_dss_v3.2.1: 10.1,10.2.2,10.2.4,10.2.5,10.3
sca.check.compliance.pci_dss_v4.0: 10.2,10.2.1,10.2.1.2,10.2.1.5,9.4.5
sca.check.compliance.soc_2: CC5.2,CC7.2
sca.check.directory: ["/etc/audit/rules.d"]
sca.check.result: failed

** Alert 1757863499.346313: - sca,gdpr_IV_35.7.d,pci_dss_2.2,nist_800_53_CM.1,tsc_CC7.1,tsc_CC7.2,
2025 Sep 14 17:24:59 student-virtual-machine->sca
Rule: 19007 (level 7) -> 'CIS Ubuntu Linux 22.04 LTS Benchmark v2.0.0.: Ensure login and logout events are collected.'
{"type":"check","id":380680914,"policy":"CIS Ubuntu Linux 22.04 LTS Benchmark v2.0.0.","policy_id":"cis_ubuntu22-04","check":{"id":28603,"title":"Ensure login and logout events are collected.","description":"Monitor login and logout events. The parameters below track changes to files associated with login/logout events. - /var/log/lastlog - maintain records of the last time a user successfully logged in. - /var/run/faillock - directory maintains records of login failures via the pam_faillock module.","rationale":"Monitoring login/logout events could provide a system administrator with information associated with brute force attacks against user logins. Internal Only - General.","remediation":"Edit or create a file in the /etc/audit/rules.d/ directory, ending in .rules extension, with the relevant rules to monitor login and logout events. Example: # printf \" -w /var/log/lastlog -p wa -k logins -w /var/run/faillock -p wa -k logins \" >> /etc/audit/rules.d/50-login.rules Merge and load the rules into active configuration: # augenrules --load Check if reboot is required. # if [[ $(auditctl -s | grep \"enabled\") =~ \"2\" ]]; then printf \"Reboot required to load rules\\n\"; fi.","compliance":{"cis":"6.3.3.12","cis_csc_v8":"8.5","cis_csc_v7":"4.9,16.11,16.13","cmmc_v2.0":"AU.L2-3.3.1","iso_27001-2013":"A.8.1.3,A.9.4.2","mitre_mitigations":"M1047","mitre_tactics":"TA0001","mitre_techniques":"T1562,T1562.006","nist_sp_800-53":"AU-3(1),AU-7","pci_dss_v3.2.1":"10.1,10.2.2,10.2.4,10.2.5,10.3","pci_dss_v4.0":"10.2,10.2.1,10.2.1.2,10.2.1.5,9.4.5","soc_2":"CC5.2,CC7.2"},"rules":["d:/etc/audit/rules.d","d:/etc/audit/rules.d -> r:\\.+.rules$","d:/etc/audit/rules.d -> r:\\.+.rules$ -> r:^-w && r:/var/log/lastlog && r:-p wa && r:-k logins|key=logins","d:/etc/audit/rules.d -> r:\\.+.rules$ -> r:^-w && r:/var/run/faillock && r:-p wa && r:-k logins|key=logins","c:auditctl -l -> r:^-w && r:/var/log/lastlog && r:-p wa && r:-k logins|key=logins","c:auditctl -l -> r:^-w && r:/var/run/faillock && r:-p wa && r:-k logins|key=logins"],"condition":"all","directory":"/etc/audit/rules.d","result":"failed"}}
sca.type: check
sca.scan_id: 380680914
sca.policy: CIS Ubuntu Linux 22.04 LTS Benchmark v2.0.0.
sca.check.id: 28603
sca.check.title: Ensure login and logout events are collected.
sca.check.description: Monitor login and logout events. The parameters below track changes to files associated with login/logout events. - /var/log/lastlog - maintain records of the last time a user successfully logged in. - /var/run/faillock - directory maintains records of login failures via the pam_faillock module.
sca.check.rationale: Monitoring login/logout events could provide a system administrator with information associated with brute force attacks against user logins. Internal Only - General.
sca.check.remediation: Edit or create a file in the /etc/audit/rules.d/ directory, ending in .rules extension, with the relevant rules to monitor login and logout events. Example: # printf " -w /var/log/lastlog -p wa -k logins -w /var/run/faillock -p wa -k logins " >> /etc/audit/rules.d/50-login.rules Merge and load the rules into active configuration: # augenrules --load Check if reboot is required. # if [[ $(auditctl -s | grep "enabled") =~ "2" ]]; then printf "Reboot required to load rules\n"; fi.
sca.check.compliance.cis: 6.3.3.12
sca.check.compliance.cis_csc_v8: 8.5
sca.check.compliance.cis_csc_v7: 4.9,16.11,16.13
sca.check.compliance.cmmc_v2.0: AU.L2-3.3.1
sca.check.compliance.iso_27001-2013: A.8.1.3,A.9.4.2
sca.check.compliance.mitre_mitigations: M1047
sca.check.compliance.mitre_tactics: TA0001
sca.check.compliance.mitre_techniques: T1562,T1562.006
sca.check.compliance.nist_sp_800-53: AU-3(1),AU-7
sca.check.compliance.pci_dss_v3.2.1: 10.1,10.2.2,10.2.4,10.2.5,10.3
sca.check.compliance.pci_dss_v4.0: 10.2,10.2.1,10.2.1.2,10.2.1.5,9.4.5
sca.check.compliance.soc_2: CC5.2,CC7.2
sca.check.directory: ["/etc/audit/rules.d"]
sca.check.result: failed

** Alert 1757863499.350550: - sca,gdpr_IV_35.7.d,pci_dss_2.2,nist_800_53_CM.1,tsc_CC7.1,tsc_CC7.2,
2025 Sep 14 17:24:59 student-virtual-machine->sca
Rule: 19007 (level 7) -> 'CIS Ubuntu Linux 22.04 LTS Benchmark v2.0.0.: Ensure events that modify the system's Mandatory Access Controls are collected.'
{"type":"check","id":380680914,"policy":"CIS Ubuntu Linux 22.04 LTS Benchmark v2.0.0.","policy_id":"cis_ubuntu22-04","check":{"id":28604,"title":"Ensure events that modify the system's Mandatory Access Controls are collected.","description":"Monitor AppArmor, an implementation of mandatory access controls. The parameters below monitor any write access (potential additional, deletion or modification of files in the directory) or attribute changes to the /etc/apparmor/ and /etc/apparmor.d/ directories. Note: If a different Mandatory Access Control method is used, changes to the corresponding directories should be audited.","rationale":"Changes to files in the /etc/apparmor/ and /etc/apparmor.d/ directories could indicate that an unauthorized user is attempting to modify access controls and change security contexts, leading to a compromise of the system. Internal Only - General.","remediation":"Edit or create a file in the /etc/audit/rules.d/ directory, ending in .rules extension, with the relevant rules to monitor events that modify the system's Mandatory Access Controls. Example: # printf \" -w /etc/apparmor/ -p wa -k MAC-policy -w /etc/apparmor.d/ -p wa -k MAC-policy \" >> /etc/audit/rules.d/50-MAC-policy.rules Merge and load the rules into active configuration: # augenrules --load Check if reboot is required. # if [[ $(auditctl -s | grep \"enabled\") =~ \"2\" ]]; then printf \"Reboot required to load rules\\n\"; fi.","compliance":{"cis":"6.3.3.14","cis_csc_v8":"8.5","cis_csc_v7":"5.5","cmmc_v2.0":"AU.L2-3.3.1","iso_27001-2013":"A.12.1.2","mitre_mitigations":"M1022","mitre_tactics":"TA0004","mitre_techniques":"T1562,T1562.006","nist_sp_800-53":"AU-3(1),AU-7","pci_dss_v3.2.1":"10.1,10.2.2,10.2.4,10.2.5,10.3","pci_dss_v4.0":"10.2,10.2.1,10.2.1.2,10.2.1.5,9.4.5","soc_2":"CC5.2,CC7.2"},"rules":["d:/etc/audit/rules.d","d:/etc/audit/rules.d -> r:\\.+.rules$","d:/etc/audit/rules.d -> r:\\.+.rules$ -> r:^-w && r:/etc/apparmor/ && r:-p wa && r:-k MAC-policy|key=MAC-policy","d:/etc/audit/rules.d -> r:\\.+.rules$ -> r:^-w && r:/etc/apparmor.d/ && r:-p wa && r:-k MAC-policy|key=MAC-policy","c:auditctl -l -> r:^-w && r:/etc/apparmor/ && r:-p wa && r:-k MAC-policy|key=MAC-policy","c:auditctl -l -> r:^-w && r:/etc/apparmor.d/ && r:-p wa && r:-k MAC-policy|key=MAC-policy"],"condition":"all","directory":"/etc/audit/rules.d","result":"failed"}}
sca.type: check
sca.scan_id: 380680914
sca.policy: CIS Ubuntu Linux 22.04 LTS Benchmark v2.0.0.
sca.check.id: 28604
sca.check.title: Ensure events that modify the system's Mandatory Access Controls are collected.
sca.check.description: Monitor AppArmor, an implementation of mandatory access controls. The parameters below monitor any write access (potential additional, deletion or modification of files in the directory) or attribute changes to the /etc/apparmor/ and /etc/apparmor.d/ directories. Note: If a different Mandatory Access Control method is used, changes to the corresponding directories should be audited.
sca.check.rationale: Changes to files in the /etc/apparmor/ and /etc/apparmor.d/ directories could indicate that an unauthorized user is attempting to modify access controls and change security contexts, leading to a compromise of the system. Internal Only - General.
sca.check.remediation: Edit or create a file in the /etc/audit/rules.d/ directory, ending in .rules extension, with the relevant rules to monitor events that modify the system's Mandatory Access Controls. Example: # printf " -w /etc/apparmor/ -p wa -k MAC-policy -w /etc/apparmor.d/ -p wa -k MAC-policy " >> /etc/audit/rules.d/50-MAC-policy.rules Merge and load the rules into active configuration: # augenrules --load Check if reboot is required. # if [[ $(auditctl -s | grep "enabled") =~ "2" ]]; then printf "Reboot required to load rules\n"; fi.
sca.check.compliance.cis: 6.3.3.14
sca.check.compliance.cis_csc_v8: 8.5
sca.check.compliance.cis_csc_v7: 5.5
sca.check.compliance.cmmc_v2.0: AU.L2-3.3.1
sca.check.compliance.iso_27001-2013: A.12.1.2
sca.check.compliance.mitre_mitigations: M1022
sca.check.compliance.mitre_tactics: TA0004
sca.check.compliance.mitre_techniques: T1562,T1562.006
sca.check.compliance.nist_sp_800-53: AU-3(1),AU-7
sca.check.compliance.pci_dss_v3.2.1: 10.1,10.2.2,10.2.4,10.2.5,10.3
sca.check.compliance.pci_dss_v4.0: 10.2,10.2.1,10.2.1.2,10.2.1.5,9.4.5
sca.check.compliance.soc_2: CC5.2,CC7.2
sca.check.directory: ["/etc/audit/rules.d"]
sca.check.result: failed

** Alert 1757863499.355303: - sca,gdpr_IV_35.7.d,pci_dss_2.2,nist_800_53_CM.1,tsc_CC7.1,tsc_CC7.2,
2025 Sep 14 17:24:59 student-virtual-machine->sca
Rule: 19007 (level 7) -> 'CIS Ubuntu Linux 22.04 LTS Benchmark v2.0.0.: Ensure the audit configuration is immutable.'
{"type":"check","id":380680914,"policy":"CIS Ubuntu Linux 22.04 LTS Benchmark v2.0.0.","policy_id":"cis_ubuntu22-04","check":{"id":28605,"title":"Ensure the audit configuration is immutable.","description":"Set system audit so that audit rules cannot be modified with auditctl. Setting the flag \"-e 2\" forces audit to be put in immutable mode. Audit changes can only be made on system reboot. Note: This setting will require the system to be rebooted to update the active auditd configuration settings.","rationale":"In immutable mode, unauthorized users cannot execute changes to the audit system to potentially hide malicious activity and then put the audit rules back. Users would most likely notice a system reboot and that could alert administrators of an attempt to make unauthorized audit changes.","remediation":"Edit or create the file /etc/audit/rules.d/99-finalize.rules and add the line -e 2 at the end of the file: Example: # printf -- \"-e 2 \" >> /etc/audit/rules.d/99-finalize.rules Load audit rules Merge and load the rules into active configuration: # augenrules --load Check if reboot is required. # if [[ $(auditctl -s | grep \"enabled\") =~ \"2\" ]]; then printf \"Reboot required to load rules\\n\"; fi.","compliance":{"cis":"6.3.3.20","cis_csc_v8":"3.3,8.5","cis_csc_v7":"6.2,6.3","cmmc_v2.0":"AC.L1-3.1.1,AC.L1-3.1.2,AC.L2-3.1.3,AC.L2-3.1.5,AU.L2-3.3.1,MP.L2-3.8.2","hipaa":"164.308(a)(3)(i),164.308(a)(3)(ii)(A),164.312(a)(1)","iso_27001-2013":"A.12.4.1","mitre_mitigations":"M1022","mitre_tactics":"TA0005","mitre_techniques":"T1562,T1562.001","nist_sp_800-53":"AC-5,AC-6,AU-3(1),AU-7","pci_dss_v3.2.1":"10.1,10.2.2,10.2.4,10.2.5,10.3,7.1,7.1.1,7.1.2,7.1.3","pci_dss_v4.0":"1.3.1,10.2,10.2.1,10.2.1.2,10.2.1.5,7.1,9.4.5","soc_2":"CC5.2,CC6.1,CC7.2"},"rules":["d:/etc/audit/rules.d","d:/etc/audit/rules.d -> r:\\.+.rules$","d:/etc/audit/rules.d -> r:\\.+.rules$ -> r:^-e\\s+2$"],"condition":"all","directory":"/etc/audit/rules.d","result":"failed"}}
sca.type: check
sca.scan_id: 380680914
sca.policy: CIS Ubuntu Linux 22.04 LTS Benchmark v2.0.0.
sca.check.id: 28605
sca.check.title: Ensure the audit configuration is immutable.
sca.check.description: Set system audit so that audit rules cannot be modified with auditctl. Setting the flag "-e 2" forces audit to be put in immutable mode. Audit changes can only be made on system reboot. Note: This setting will require the system to be rebooted to update the active auditd configuration settings.
sca.check.rationale: In immutable mode, unauthorized users cannot execute changes to the audit system to potentially hide malicious activity and then put the audit rules back. Users would most likely notice a system reboot and that could alert administrators of an attempt to make unauthorized audit changes.
sca.check.remediation: Edit or create the file /etc/audit/rules.d/99-finalize.rules and add the line -e 2 at the end of the file: Example: # printf -- "-e 2 " >> /etc/audit/rules.d/99-finalize.rules Load audit rules Merge and load the rules into active configuration: # augenrules --load Check if reboot is required. # if [[ $(auditctl -s | grep "enabled") =~ "2" ]]; then printf "Reboot required to load rules\n"; fi.
sca.check.compliance.cis: 6.3.3.20
sca.check.compliance.cis_csc_v8: 3.3,8.5
sca.check.compliance.cis_csc_v7: 6.2,6.3
sca.check.compliance.cmmc_v2.0: AC.L1-3.1.1,AC.L1-3.1.2,AC.L2-3.1.3,AC.L2-3.1.5,AU.L2-3.3.1,MP.L2-3.8.2
sca.check.compliance.hipaa: 164.308(a)(3)(i),164.308(a)(3)(ii)(A),164.312(a)(1)
sca.check.compliance.iso_27001-2013: A.12.4.1
sca.check.compliance.mitre_mitigations: M1022
sca.check.compliance.mitre_tactics: TA0005
sca.check.compliance.mitre_techniques: T1562,T1562.001
sca.check.compliance.nist_sp_800-53: AC-5,AC-6,AU-3(1),AU-7
sca.check.compliance.pci_dss_v3.2.1: 10.1,10.2.2,10.2.4,10.2.5,10.3,7.1,7.1.1,7.1.2,7.1.3
sca.check.compliance.pci_dss_v4.0: 1.3.1,10.2,10.2.1,10.2.1.2,10.2.1.5,7.1,9.4.5
sca.check.compliance.soc_2: CC5.2,CC6.1,CC7.2
sca.check.directory: ["/etc/audit/rules.d"]
sca.check.result: failed

** Alert 1757863499.359610: - sca,gdpr_IV_35.7.d,pci_dss_2.2,nist_800_53_CM.1,tsc_CC7.1,tsc_CC7.2,
2025 Sep 14 17:24:59 student-virtual-machine->sca
Rule: 19009 (level 3) -> 'CIS Ubuntu Linux 22.04 LTS Benchmark v2.0.0.: Ensure audit log files group owner is configured.'
{"type":"check","id":380680914,"policy":"CIS Ubuntu Linux 22.04 LTS Benchmark v2.0.0.","policy_id":"cis_ubuntu22-04","check":{"id":28606,"title":"Ensure audit log files group owner is configured.","description":"Audit log files contain information about the system and system activity.","rationale":"Access to audit records can reveal system and configuration data to attackers, potentially compromising its confidentiality.","remediation":"Run the following command to configure the audit log files to be group owned by adm: # find $(dirname $(awk -F\"=\" '/^\\s*log_file/ {print $2}' /etc/audit/auditd.conf | xargs)) -type f \\( ! -group adm -a ! -group root \\) -exec chgrp adm {} + Run the following command to set the log_group parameter in the audit configuration file to log_group = adm: # sed -ri 's/^\\s*#?\\s*log_group\\s*=\\s*\\S+(\\s*#.*)?.*$/log_group = adm\\1/' /etc/audit/auditd.conf Run the following command to restart the audit daemon to reload the configuration file: # systemctl restart auditd.","compliance":{"cis":"6.3.4.3","cis_csc_v8":"3.3","cis_csc_v7":"14.6","cmmc_v2.0":"AC.L1-3.1.1,AC.L1-3.1.2,AC.L2-3.1.3,AC.L2-3.1.5,MP.L2-3.8.2","hipaa":"164.308(a)(3)(i),164.308(a)(3)(ii)(A),164.312(a)(1)","iso_27001-2013":"A.9.1.1","mitre_mitigations":"M1022","mitre_tactics":"TA0007","mitre_techniques":"T1070,T1070.002,T1083","nist_sp_800-53":"AC-5,AC-6","pci_dss_v3.2.1":"7.1,7.1.1,7.1.2,7.1.3","pci_dss_v4.0":"1.3.1,7.1","soc_2":"CC5.2,CC6.1"},"rules":["not f:/etc/audit/auditd.conf -> r:log_group\\s*\\t*= && !r:adm|root"],"condition":"all","file":"/etc/audit/auditd.conf","status":"Not applicable","reason":"Could not open file '/etc/audit/auditd.conf'"}}
sca.type: check
sca.scan_id: 380680914
sca.policy: CIS Ubuntu Linux 22.04 LTS Benchmark v2.0.0.
sca.check.id: 28606
sca.check.title: Ensure audit log files group owner is configured.
sca.check.description: Audit log files contain information about the system and system activity.
sca.check.rationale: Access to audit records can reveal system and configuration data to attackers, potentially compromising its confidentiality.
sca.check.remediation: Run the following command to configure the audit log files to be group owned by adm: # find $(dirname $(awk -F"=" '/^\s*log_file/ {print $2}' /etc/audit/auditd.conf | xargs)) -type f \( ! -group adm -a ! -group root \) -exec chgrp adm {} + Run the following command to set the log_group parameter in the audit configuration file to log_group = adm: # sed -ri 's/^\s*#?\s*log_group\s*=\s*\S+(\s*#.*)?.*$/log_group = adm\1/' /etc/audit/auditd.conf Run the following command to restart the audit daemon to reload the configuration file: # systemctl restart auditd.
sca.check.compliance.cis: 6.3.4.3
sca.check.compliance.cis_csc_v8: 3.3
sca.check.compliance.cis_csc_v7: 14.6
sca.check.compliance.cmmc_v2.0: AC.L1-3.1.1,AC.L1-3.1.2,AC.L2-3.1.3,AC.L2-3.1.5,MP.L2-3.8.2
sca.check.compliance.hipaa: 164.308(a)(3)(i),164.308(a)(3)(ii)(A),164.312(a)(1)
sca.check.compliance.iso_27001-2013: A.9.1.1
sca.check.compliance.mitre_mitigations: M1022
sca.check.compliance.mitre_tactics: TA0007
sca.check.compliance.mitre_techniques: T1070,T1070.002,T1083
sca.check.compliance.nist_sp_800-53: AC-5,AC-6
sca.check.compliance.pci_dss_v3.2.1: 7.1,7.1.1,7.1.2,7.1.3
sca.check.compliance.pci_dss_v4.0: 1.3.1,7.1
sca.check.compliance.soc_2: CC5.2,CC6.1
sca.check.file: ["/etc/audit/auditd.conf"]
sca.check.result: not applicable
sca.check.reason: Could not open file '/etc/audit/auditd.conf'

** Alert 1757863499.363378: - sca,gdpr_IV_35.7.d,pci_dss_2.2,nist_800_53_CM.1,tsc_CC7.1,tsc_CC7.2,
2025 Sep 14 17:24:59 student-virtual-machine->sca
Rule: 19008 (level 3) -> 'CIS Ubuntu Linux 22.04 LTS Benchmark v2.0.0.: Ensure audit configuration files mode is configured.'
{"type":"check","id":380680914,"policy":"CIS Ubuntu Linux 22.04 LTS Benchmark v2.0.0.","policy_id":"cis_ubuntu22-04","check":{"id":28607,"title":"Ensure audit configuration files mode is configured.","description":"Audit configuration files control auditd and what events are audited.","rationale":"Access to the audit configuration files could allow unauthorized personnel to prevent the auditing of critical events. Misconfigured audit configuration files may prevent the auditing of critical events or impact the system's performance by overwhelming the audit log. Misconfiguration of the audit configuration files may also make it more difficult to establish and investigate events relating to an incident.","remediation":"Run the following command to remove more permissive mode than 0640 from the audit configuration files: # find /etc/audit/ -type f \\( -name '*.conf' -o -name '*.rules' \\) -exec chmod u-x,g-wx,o-rwx {} +.","compliance":{"cis":"6.3.4.5","cis_csc_v8":"3.3","cis_csc_v7":"14.6","cmmc_v2.0":"AC.L1-3.1.1,AC.L1-3.1.2,AC.L2-3.1.3,AC.L2-3.1.5,MP.L2-3.8.2","hipaa":"164.308(a)(3)(i),164.308(a)(3)(ii)(A),164.312(a)(1)","iso_27001-2013":"A.9.1.1","mitre_mitigations":"M1022","mitre_tactics":"TA0007","mitre_techniques":"T1070,T1070.002,T1083","nist_sp_800-53":"AC-5,AC-6","pci_dss_v3.2.1":"7.1,7.1.1,7.1.2,7.1.3","pci_dss_v4.0":"1.3.1,7.1","soc_2":"CC5.2,CC6.1"},"rules":["c:find /etc/audit/ -type f \\( -name '*.conf' -o -name '*.rules' \\) -exec stat -Lc \"%n %a\" {} + -> r:\\w+ -> !r:000|040|200|400|600|240|440|640"],"condition":"none","command":"find /etc/audit/ -type f \\( -name '*.conf' -o -name '*.rules' \\) -exec stat -Lc \"%n %a\" {} +","result":"passed"}}
sca.type: check
sca.scan_id: 380680914
sca.policy: CIS Ubuntu Linux 22.04 LTS Benchmark v2.0.0.
sca.check.id: 28607
sca.check.title: Ensure audit configuration files mode is configured.
sca.check.description: Audit configuration files control auditd and what events are audited.
sca.check.rationale: Access to the audit configuration files could allow unauthorized personnel to prevent the auditing of critical events. Misconfigured audit configuration files may prevent the auditing of critical events or impact the system's performance by overwhelming the audit log. Misconfiguration of the audit configuration files may also make it more difficult to establish and investigate events relating to an incident.
sca.check.remediation: Run the following command to remove more permissive mode than 0640 from the audit configuration files: # find /etc/audit/ -type f \( -name '*.conf' -o -name '*.rules' \) -exec chmod u-x,g-wx,o-rwx {} +.
sca.check.compliance.cis: 6.3.4.5
sca.check.compliance.cis_csc_v8: 3.3
sca.check.compliance.cis_csc_v7: 14.6
sca.check.compliance.cmmc_v2.0: AC.L1-3.1.1,AC.L1-3.1.2,AC.L2-3.1.3,AC.L2-3.1.5,MP.L2-3.8.2
sca.check.compliance.hipaa: 164.308(a)(3)(i),164.308(a)(3)(ii)(A),164.312(a)(1)
sca.check.compliance.iso_27001-2013: A.9.1.1
sca.check.compliance.mitre_mitigations: M1022
sca.check.compliance.mitre_tactics: TA0007
sca.check.compliance.mitre_techniques: T1070,T1070.002,T1083
sca.check.compliance.nist_sp_800-53: AC-5,AC-6
sca.check.compliance.pci_dss_v3.2.1: 7.1,7.1.1,7.1.2,7.1.3
sca.check.compliance.pci_dss_v4.0: 1.3.1,7.1
sca.check.compliance.soc_2: CC5.2,CC6.1
sca.check.command: ["find /etc/audit/ -type f \\( -name '*.conf' -o -name '*.rules' \\) -exec stat -Lc \"%n %a\" {} +"]
sca.check.result: passed

** Alert 1757863499.367092: - sca,gdpr_IV_35.7.d,pci_dss_2.2,nist_800_53_CM.1,tsc_CC7.1,tsc_CC7.2,
2025 Sep 14 17:24:59 student-virtual-machine->sca
Rule: 19008 (level 3) -> 'CIS Ubuntu Linux 22.04 LTS Benchmark v2.0.0.: Ensure audit configuration files owner is configured.'
{"type":"check","id":380680914,"policy":"CIS Ubuntu Linux 22.04 LTS Benchmark v2.0.0.","policy_id":"cis_ubuntu22-04","check":{"id":28608,"title":"Ensure audit configuration files owner is configured.","description":"Audit configuration files control auditd and what events are audited.","rationale":"Access to the audit configuration files could allow unauthorized personnel to prevent the auditing of critical events. Misconfigured audit configuration files may prevent the auditing of critical events or impact the system's performance by overwhelming the audit log. Misconfiguration of the audit configuration files may also make it more difficult to establish and investigate events relating to an incident.","remediation":"Run the following command to change ownership to root user: # find /etc/audit/ -type f \\( -name '*.conf' -o -name '*.rules' \\) ! -user root -exec chown root {} +.","compliance":{"cis":"6.3.4.6","cis_csc_v8":"3.3","cis_csc_v7":"14.6","cmmc_v2.0":"AC.L1-3.1.1,AC.L1-3.1.2,AC.L2-3.1.3,AC.L2-3.1.5,MP.L2-3.8.2","hipaa":"164.308(a)(3)(i),164.308(a)(3)(ii)(A),164.312(a)(1)","iso_27001-2013":"A.9.1.1","mitre_mitigations":"M1022","mitre_tactics":"TA0007","mitre_techniques":"T1070,T1070.002,T1083","nist_sp_800-53":"AC-5,AC-6","pci_dss_v3.2.1":"7.1,7.1.1,7.1.2,7.1.3","pci_dss_v4.0":"1.3.1,7.1","soc_2":"CC5.2,CC6.1"},"rules":["c:find /etc/audit/ -type f \\( -name '*.rules' -o -name '*.conf' \\) -exec stat -Lc \"%U\" {} + -> !r:root|\\s*"],"condition":"none","command":"find /etc/audit/ -type f \\( -name '*.rules' -o -name '*.conf' \\) -exec stat -Lc \"%U\" {} +","result":"passed"}}
sca.type: check
sca.scan_id: 380680914
sca.policy: CIS Ubuntu Linux 22.04 LTS Benchmark v2.0.0.
sca.check.id: 28608
sca.check.title: Ensure audit configuration files owner is configured.
sca.check.description: Audit configuration files control auditd and what events are audited.
sca.check.rationale: Access to the audit configuration files could allow unauthorized personnel to prevent the auditing of critical events. Misconfigured audit configuration files may prevent the auditing of critical events or impact the system's performance by overwhelming the audit log. Misconfiguration of the audit configuration files may also make it more difficult to establish and investigate events relating to an incident.
sca.check.remediation: Run the following command to change ownership to root user: # find /etc/audit/ -type f \( -name '*.conf' -o -name '*.rules' \) ! -user root -exec chown root {} +.
sca.check.compliance.cis: 6.3.4.6
sca.check.compliance.cis_csc_v8: 3.3
sca.check.compliance.cis_csc_v7: 14.6
sca.check.compliance.cmmc_v2.0: AC.L1-3.1.1,AC.L1-3.1.2,AC.L2-3.1.3,AC.L2-3.1.5,MP.L2-3.8.2
sca.check.compliance.hipaa: 164.308(a)(3)(i),164.308(a)(3)(ii)(A),164.312(a)(1)
sca.check.compliance.iso_27001-2013: A.9.1.1
sca.check.compliance.mitre_mitigations: M1022
sca.check.compliance.mitre_tactics: TA0007
sca.check.compliance.mitre_techniques: T1070,T1070.002,T1083
sca.check.compliance.nist_sp_800-53: AC-5,AC-6
sca.check.compliance.pci_dss_v3.2.1: 7.1,7.1.1,7.1.2,7.1.3
sca.check.compliance.pci_dss_v4.0: 1.3.1,7.1
sca.check.compliance.soc_2: CC5.2,CC6.1
sca.check.command: ["find /etc/audit/ -type f \\( -name '*.rules' -o -name '*.conf' \\) -exec stat -Lc \"%U\" {} +"]
sca.check.result: passed

** Alert 1757863499.370688: - sca,gdpr_IV_35.7.d,pci_dss_2.2,nist_800_53_CM.1,tsc_CC7.1,tsc_CC7.2,
2025 Sep 14 17:24:59 student-virtual-machine->sca
Rule: 19008 (level 3) -> 'CIS Ubuntu Linux 22.04 LTS Benchmark v2.0.0.: Ensure audit configuration files group owner is configured.'
{"type":"check","id":380680914,"policy":"CIS Ubuntu Linux 22.04 LTS Benchmark v2.0.0.","policy_id":"cis_ubuntu22-04","check":{"id":28609,"title":"Ensure audit configuration files group owner is configured.","description":"Audit configuration files control auditd and what events are audited.","rationale":"Access to the audit configuration files could allow unauthorized personnel to prevent the auditing of critical events. Misconfigured audit configuration files may prevent the auditing of critical events or impact the system's performance by overwhelming the audit log. Misconfiguration of the audit configuration files may also make it more difficult to establish and investigate events relating to an incident.","remediation":"Run the following command to change group to root: # find /etc/audit/ -type f \\( -name '*.conf' -o -name '*.rules' \\) ! -group root -exec chgrp root {} +.","compliance":{"cis":"6.3.4.7","cis_csc_v8":"3.3","cis_csc_v7":"14.6","cmmc_v2.0":"AC.L1-3.1.1,AC.L1-3.1.2,AC.L2-3.1.3,AC.L2-3.1.5,MP.L2-3.8.2","hipaa":"164.308(a)(3)(i),164.308(a)(3)(ii)(A),164.312(a)(1)","iso_27001-2013":"A.9.1.1","mitre_mitigations":"M1022","mitre_tactics":"TA0007","mitre_techniques":"T1070,T1070.002,T1083","nist_sp_800-53":"AC-5,AC-6","pci_dss_v3.2.1":"7.1,7.1.1,7.1.2,7.1.3","pci_dss_v4.0":"1.3.1,7.1","soc_2":"CC5.2,CC6.1"},"rules":["c:find /etc/audit/ -type f \\( -name '*.conf' -o -name '*.rules' \\) -exec stat -Lc \"%U\" {} + -> !r:root|\\s*"],"condition":"none","command":"find /etc/audit/ -type f \\( -name '*.conf' -o -name '*.rules' \\) -exec stat -Lc \"%U\" {} +","result":"passed"}}
sca.type: check
sca.scan_id: 380680914
sca.policy: CIS Ubuntu Linux 22.04 LTS Benchmark v2.0.0.
sca.check.id: 28609
sca.check.title: Ensure audit configuration files group owner is configured.
sca.check.description: Audit configuration files control auditd and what events are audited.
sca.check.rationale: Access to the audit configuration files could allow unauthorized personnel to prevent the auditing of critical events. Misconfigured audit configuration files may prevent the auditing of critical events or impact the system's performance by overwhelming the audit log. Misconfiguration of the audit configuration files may also make it more difficult to establish and investigate events relating to an incident.
sca.check.remediation: Run the following command to change group to root: # find /etc/audit/ -type f \( -name '*.conf' -o -name '*.rules' \) ! -group root -exec chgrp root {} +.
sca.check.compliance.cis: 6.3.4.7
sca.check.compliance.cis_csc_v8: 3.3
sca.check.compliance.cis_csc_v7: 14.6
sca.check.compliance.cmmc_v2.0: AC.L1-3.1.1,AC.L1-3.1.2,AC.L2-3.1.3,AC.L2-3.1.5,MP.L2-3.8.2
sca.check.compliance.hipaa: 164.308(a)(3)(i),164.308(a)(3)(ii)(A),164.312(a)(1)
sca.check.compliance.iso_27001-2013: A.9.1.1
sca.check.compliance.mitre_mitigations: M1022
sca.check.compliance.mitre_tactics: TA0007
sca.check.compliance.mitre_techniques: T1070,T1070.002,T1083
sca.check.compliance.nist_sp_800-53: AC-5,AC-6
sca.check.compliance.pci_dss_v3.2.1: 7.1,7.1.1,7.1.2,7.1.3
sca.check.compliance.pci_dss_v4.0: 1.3.1,7.1
sca.check.compliance.soc_2: CC5.2,CC6.1
sca.check.command: ["find /etc/audit/ -type f \\( -name '*.conf' -o -name '*.rules' \\) -exec stat -Lc \"%U\" {} +"]
sca.check.result: passed

** Alert 1757863499.374286: - sca,gdpr_IV_35.7.d,pci_dss_2.2,nist_800_53_CM.1,tsc_CC7.1,tsc_CC7.2,
2025 Sep 14 17:24:59 student-virtual-machine->sca
Rule: 19007 (level 7) -> 'CIS Ubuntu Linux 22.04 LTS Benchmark v2.0.0.: Ensure audit tools mode is configured.'
{"type":"check","id":380680914,"policy":"CIS Ubuntu Linux 22.04 LTS Benchmark v2.0.0.","policy_id":"cis_ubuntu22-04","check":{"id":28610,"title":"Ensure audit tools mode is configured.","description":"Audit tools include, but are not limited to, vendor-provided and open source audit tools needed to successfully view and manipulate audit information system activity and records. Audit tools include custom queries and report generators.","rationale":"Protecting audit information includes identifying and protecting the tools used to view and manipulate log data. Protecting audit tools is necessary to prevent unauthorized operation on audit information. Internal Only - General.","remediation":"Run the following command to remove more permissive mode from the audit tools: # chmod go-w /sbin/auditctl /sbin/aureport /sbin/ausearch /sbin/autrace /sbin/auditd /sbin/augenrules.","compliance":{"cis":"6.3.4.8","cis_csc_v8":"3.3","cis_csc_v7":"14.6","cmmc_v2.0":"AC.L1-3.1.1,AC.L1-3.1.2,AC.L2-3.1.3,AC.L2-3.1.5,MP.L2-3.8.2","hipaa":"164.308(a)(3)(i),164.308(a)(3)(ii)(A),164.312(a)(1)","iso_27001-2013":"A.9.1.1","mitre_mitigations":"M1022","mitre_tactics":"TA0007","mitre_techniques":"T1070,T1070.002,T1083","nist_sp_800-53":"AC-5,AC-6","pci_dss_v3.2.1":"7.1,7.1.1,7.1.2,7.1.3","pci_dss_v4.0":"1.3.1,7.1","soc_2":"CC5.2,CC6.1"},"rules":["c:stat -c \"%n %a\" /sbin/auditctl -> r:\\w+ && r:000|010|040|050|001|011|041|051|004|014|044|054|005|015|045|055|700|710|740|750|701|711|741|751|704|714|744|754|705|715|745|755","c:stat -c \"%n %a\" /sbin/aureport -> r:\\w+ && r:000|010|040|050|001|011|041|051|004|014|044|054|005|015|045|055|700|710|740|750|701|711|741|751|704|714|744|754|705|715|745|755","c:stat -c \"%n %a\" /sbin/ausearch -> r:\\w+ && r:000|010|040|050|001|011|041|051|004|014|044|054|005|015|045|055|700|710|740|750|701|711|741|751|704|714|744|754|705|715|745|755","c:stat -c \"%n %a\" /sbin/autrace -> r:\\w+ && r:000|010|040|050|001|011|041|051|004|014|044|054|005|015|045|055|700|710|740|750|701|711|741|751|704|714|744|754|705|715|745|755","c:stat -c \"%n %a\" /sbin/auditd -> r:\\w+ && r:000|010|040|050|001|011|041|051|004|014|044|054|005|015|045|055|700|710|740|750|701|711|741|751|704|714|744|754|705|715|745|755","c:stat -c \"%n %a\" /sbin/augenrules -> r:\\w+ && r:000|010|040|050|001|011|041|051|004|014|044|054|005|015|045|055|700|710|740|750|701|711|741|751|704|714|744|754|705|715|745|755"],"condition":"all","command":"stat -c \"%n %a\" /sbin/auditctl","result":"failed"}}
sca.type: check
sca.scan_id: 380680914
sca.policy: CIS Ubuntu Linux 22.04 LTS Benchmark v2.0.0.
sca.check.id: 28610
sca.check.title: Ensure audit tools mode is configured.
sca.check.description: Audit tools include, but are not limited to, vendor-provided and open source audit tools needed to successfully view and manipulate audit information system activity and records. Audit tools include custom queries and report generators.
sca.check.rationale: Protecting audit information includes identifying and protecting the tools used to view and manipulate log data. Protecting audit tools is necessary to prevent unauthorized operation on audit information. Internal Only - General.
sca.check.remediation: Run the following command to remove more permissive mode from the audit tools: # chmod go-w /sbin/auditctl /sbin/aureport /sbin/ausearch /sbin/autrace /sbin/auditd /sbin/augenrules.
sca.check.compliance.cis: 6.3.4.8
sca.check.compliance.cis_csc_v8: 3.3
sca.check.compliance.cis_csc_v7: 14.6
sca.check.compliance.cmmc_v2.0: AC.L1-3.1.1,AC.L1-3.1.2,AC.L2-3.1.3,AC.L2-3.1.5,MP.L2-3.8.2
sca.check.compliance.hipaa: 164.308(a)(3)(i),164.308(a)(3)(ii)(A),164.312(a)(1)
sca.check.compliance.iso_27001-2013: A.9.1.1
sca.check.compliance.mitre_mitigations: M1022
sca.check.compliance.mitre_tactics: TA0007
sca.check.compliance.mitre_techniques: T1070,T1070.002,T1083
sca.check.compliance.nist_sp_800-53: AC-5,AC-6
sca.check.compliance.pci_dss_v3.2.1: 7.1,7.1.1,7.1.2,7.1.3
sca.check.compliance.pci_dss_v4.0: 1.3.1,7.1
sca.check.compliance.soc_2: CC5.2,CC6.1
sca.check.command: ["stat -c \"%n %a\" /sbin/auditctl"]
sca.check.result: failed

** Alert 1757863499.378685: - sca,gdpr_IV_35.7.d,pci_dss_2.2,nist_800_53_CM.1,tsc_CC7.1,tsc_CC7.2,
2025 Sep 14 17:24:59 student-virtual-machine->sca
Rule: 19007 (level 7) -> 'CIS Ubuntu Linux 22.04 LTS Benchmark v2.0.0.: Ensure audit tools owner is configured.'
{"type":"check","id":380680914,"policy":"CIS Ubuntu Linux 22.04 LTS Benchmark v2.0.0.","policy_id":"cis_ubuntu22-04","check":{"id":28611,"title":"Ensure audit tools owner is configured.","description":"Audit tools include, but are not limited to, vendor-provided and open source audit tools needed to successfully view and manipulate audit information system activity and records. Audit tools include custom queries and report generators.","rationale":"Protecting audit information includes identifying and protecting the tools used to view and manipulate log data. Protecting audit tools is necessary to prevent unauthorized operation on audit information.","remediation":"Run the following command to change the owner of the audit tools to the root user: # chown root /sbin/auditctl /sbin/aureport /sbin/ausearch /sbin/autrace /sbin/auditd /sbin/augenrules.","compliance":{"cis":"6.3.4.9","cis_csc_v8":"3.3","cis_csc_v7":"14.6","cmmc_v2.0":"AC.L1-3.1.1,AC.L1-3.1.2,AC.L2-3.1.3,AC.L2-3.1.5,MP.L2-3.8.2","hipaa":"164.308(a)(3)(i),164.308(a)(3)(ii)(A),164.312(a)(1)","iso_27001-2013":"A.9.1.1","mitre_mitigations":"M1022","mitre_tactics":"TA0007","mitre_techniques":"T1070,T1070.002,T1083","nist_sp_800-53":"AC-5,AC-6","pci_dss_v3.2.1":"7.1,7.1.1,7.1.2,7.1.3","pci_dss_v4.0":"1.3.1,7.1","soc_2":"CC5.2,CC6.1"},"rules":["c:stat -c \"%n %U\" /sbin/auditctl -> r:root$","c:stat -c \"%n %U\" /sbin/aureport -> r:root$","c:stat -c \"%n %U\" /sbin/ausearch -> r:root$","c:stat -c \"%n %U\" /sbin/autrace -> r:root$","c:stat -c \"%n %U\" /sbin/auditd -> r:root$","c:stat -c \"%n %U\" /sbin/augenrules -> r:root$"],"condition":"all","command":"stat -c \"%n %U\" /sbin/auditctl","result":"failed"}}
sca.type: check
sca.scan_id: 380680914
sca.policy: CIS Ubuntu Linux 22.04 LTS Benchmark v2.0.0.
sca.check.id: 28611
sca.check.title: Ensure audit tools owner is configured.
sca.check.description: Audit tools include, but are not limited to, vendor-provided and open source audit tools needed to successfully view and manipulate audit information system activity and records. Audit tools include custom queries and report generators.
sca.check.rationale: Protecting audit information includes identifying and protecting the tools used to view and manipulate log data. Protecting audit tools is necessary to prevent unauthorized operation on audit information.
sca.check.remediation: Run the following command to change the owner of the audit tools to the root user: # chown root /sbin/auditctl /sbin/aureport /sbin/ausearch /sbin/autrace /sbin/auditd /sbin/augenrules.
sca.check.compliance.cis: 6.3.4.9
sca.check.compliance.cis_csc_v8: 3.3
sca.check.compliance.cis_csc_v7: 14.6
sca.check.compliance.cmmc_v2.0: AC.L1-3.1.1,AC.L1-3.1.2,AC.L2-3.1.3,AC.L2-3.1.5,MP.L2-3.8.2
sca.check.compliance.hipaa: 164.308(a)(3)(i),164.308(a)(3)(ii)(A),164.312(a)(1)
sca.check.compliance.iso_27001-2013: A.9.1.1
sca.check.compliance.mitre_mitigations: M1022
sca.check.compliance.mitre_tactics: TA0007
sca.check.compliance.mitre_techniques: T1070,T1070.002,T1083
sca.check.compliance.nist_sp_800-53: AC-5,AC-6
sca.check.compliance.pci_dss_v3.2.1: 7.1,7.1.1,7.1.2,7.1.3
sca.check.compliance.pci_dss_v4.0: 1.3.1,7.1
sca.check.compliance.soc_2: CC5.2,CC6.1
sca.check.command: ["stat -c \"%n %U\" /sbin/auditctl"]
sca.check.result: failed

** Alert 1757863499.382253: - sca,gdpr_IV_35.7.d,pci_dss_2.2,nist_800_53_CM.1,tsc_CC7.1,tsc_CC7.2,
2025 Sep 14 17:24:59 student-virtual-machine->sca
Rule: 19007 (level 7) -> 'CIS Ubuntu Linux 22.04 LTS Benchmark v2.0.0.: Ensure audit tools group owner is configured.'
{"type":"check","id":380680914,"policy":"CIS Ubuntu Linux 22.04 LTS Benchmark v2.0.0.","policy_id":"cis_ubuntu22-04","check":{"id":28612,"title":"Ensure audit tools group owner is configured.","description":"Audit tools include, but are not limited to, vendor-provided and open source audit tools needed to successfully view and manipulate audit information system activity and records. Audit tools include custom queries and report generators.","rationale":"Protecting audit information includes identifying and protecting the tools used to view and manipulate log data. Protecting audit tools is necessary to prevent unauthorized operation on audit information.","remediation":"Run the following command to change group ownership to the groop root: # chgrp root /sbin/auditctl /sbin/aureport /sbin/ausearch /sbin/autrace /sbin/auditd /sbin/augenrules.","compliance":{"cis":"6.3.4.10","cis_csc_v8":"3.3","cis_csc_v7":"14.6","cmmc_v2.0":"AC.L1-3.1.1,AC.L1-3.1.2,AC.L2-3.1.3,AC.L2-3.1.5,MP.L2-3.8.2","hipaa":"164.308(a)(3)(i),164.308(a)(3)(ii)(A),164.312(a)(1)","iso_27001-2013":"A.9.1.1","mitre_mitigations":"M1022","mitre_tactics":"TA0007","mitre_techniques":"T1070,T1070.002,T1083","nist_sp_800-53":"AC-5,AC-6","pci_dss_v3.2.1":"7.1,7.1.1,7.1.2,7.1.3","pci_dss_v4.0":"1.3.1,7.1","soc_2":"CC5.2,CC6.1"},"rules":["c:stat -c \"%n %G\" /sbin/auditctl -> r:root$","c:stat -c \"%n %G\" /sbin/aureport -> r:root$","c:stat -c \"%n %G\" /sbin/ausearch -> r:root$","c:stat -c \"%n %G\" /sbin/autrace -> r:root$","c:stat -c \"%n %G\" /sbin/auditd -> r:root$","c:stat -c \"%n %G\" /sbin/augenrules -> r:root$"],"condition":"all","command":"stat -c \"%n %G\" /sbin/auditctl","result":"failed"}}
sca.type: check
sca.scan_id: 380680914
sca.policy: CIS Ubuntu Linux 22.04 LTS Benchmark v2.0.0.
sca.check.id: 28612
sca.check.title: Ensure audit tools group owner is configured.
sca.check.description: Audit tools include, but are not limited to, vendor-provided and open source audit tools needed to successfully view and manipulate audit information system activity and records. Audit tools include custom queries and report generators.
sca.check.rationale: Protecting audit information includes identifying and protecting the tools used to view and manipulate log data. Protecting audit tools is necessary to prevent unauthorized operation on audit information.
sca.check.remediation: Run the following command to change group ownership to the groop root: # chgrp root /sbin/auditctl /sbin/aureport /sbin/ausearch /sbin/autrace /sbin/auditd /sbin/augenrules.
sca.check.compliance.cis: 6.3.4.10
sca.check.compliance.cis_csc_v8: 3.3
sca.check.compliance.cis_csc_v7: 14.6
sca.check.compliance.cmmc_v2.0: AC.L1-3.1.1,AC.L1-3.1.2,AC.L2-3.1.3,AC.L2-3.1.5,MP.L2-3.8.2
sca.check.compliance.hipaa: 164.308(a)(3)(i),164.308(a)(3)(ii)(A),164.312(a)(1)
sca.check.compliance.iso_27001-2013: A.9.1.1
sca.check.compliance.mitre_mitigations: M1022
sca.check.compliance.mitre_tactics: TA0007
sca.check.compliance.mitre_techniques: T1070,T1070.002,T1083
sca.check.compliance.nist_sp_800-53: AC-5,AC-6
sca.check.compliance.pci_dss_v3.2.1: 7.1,7.1.1,7.1.2,7.1.3
sca.check.compliance.pci_dss_v4.0: 1.3.1,7.1
sca.check.compliance.soc_2: CC5.2,CC6.1
sca.check.command: ["stat -c \"%n %G\" /sbin/auditctl"]
sca.check.result: failed

** Alert 1757863499.385817: - sca,gdpr_IV_35.7.d,pci_dss_2.2,nist_800_53_CM.1,tsc_CC7.1,tsc_CC7.2,
2025 Sep 14 17:24:59 student-virtual-machine->sca
Rule: 19009 (level 3) -> 'CIS Ubuntu Linux 22.04 LTS Benchmark v2.0.0.: Ensure cryptographic mechanisms are used to protect the integrity of audit tools.'
{"type":"check","id":380680914,"policy":"CIS Ubuntu Linux 22.04 LTS Benchmark v2.0.0.","policy_id":"cis_ubuntu22-04","check":{"id":28613,"title":"Ensure cryptographic mechanisms are used to protect the integrity of audit tools.","description":"Audit tools include, but are not limited to, vendor-provided and open source audit tools needed to successfully view and manipulate audit information system activity and records. Audit tools include custom queries and report generators.","rationale":"Protecting the integrity of the tools used for auditing purposes is a critical step toward ensuring the integrity of audit information. Audit information includes all information (e.g., audit records, audit settings, and audit reports) needed to successfully audit information system activity. Attackers may replace the audit tools or inject code into the existing tools with the purpose of providing the capability to hide or erase system activity from the audit logs. Audit tools should be cryptographically signed in order to provide the capability to identify when the audit tools have been modified, manipulated, or replaced. An example is a checksum hash of the file or files.","remediation":"Edit /etc/aide/aide.conf and add or update the following selection lines: # Audit Tools /sbin/auditctl p+i+n+u+g+s+b+acl+xattrs+sha512 /sbin/auditd p+i+n+u+g+s+b+acl+xattrs+sha512 /sbin/ausearch p+i+n+u+g+s+b+acl+xattrs+sha512 /sbin/aureport p+i+n+u+g+s+b+acl+xattrs+sha512 /sbin/autrace p+i+n+u+g+s+b+acl+xattrs+sha512 /sbin/augenrules p+i+n+u+g+s+b+acl+xattrs+sha512 Note: - IF - /etc/aide/aide.conf includes a @@x_include statement: Example: @@x_include /etc/aide/aide.conf.d ^[a-zA-Z0-9_-]+$ - @@x_include FILE - @@x_include DIRECTORY REGEX o o @x_include is identical to @@include, except that if a config file is executable it is run and the output is used as config. If the executable file exits with status greater than zero or writes to stderr aide stops with an error. o For security reasons DIRECTORY and each executable config file must be owned by the current user and must not be group or world-writable.","compliance":{"cis":"6.1.3","mitre_tactics":"TA0007","mitre_techniques":"T1070,T1070.002,T1083"},"rules":["f:/etc/aide/aide.conf -> r:/sbin/auditctl p+i+n+u+g+s+b+acl+xattrs+sha512","f:/etc/aide/aide.conf -> r:/sbin/auditd p+i+n+u+g+s+b+acl+xattrs+sha512","f:/etc/aide/aide.conf -> r:/sbin/ausearch p+i+n+u+g+s+b+acl+xattrs+sha512","f:/etc/aide/aide.conf -> r:/sbin/aureport p+i+n+u+g+s+b+acl+xattrs+sha512","f:/etc/aide/aide.conf -> r:/sbin/autrace p+i+n+u+g+s+b+acl+xattrs+sha512","f:/etc/aide/aide.conf -> r:/sbin/augenrules p+i+n+u+g+s+b+acl+xattrs+sha512"],"condition":"all","file":"/etc/aide/aide.conf","status":"Not applicable","reason":"Could not open file '/etc/aide/aide.conf'"}}
sca.type: check
sca.scan_id: 380680914
sca.policy: CIS Ubuntu Linux 22.04 LTS Benchmark v2.0.0.
sca.check.id: 28613
sca.check.title: Ensure cryptographic mechanisms are used to protect the integrity of audit tools.
sca.check.description: Audit tools include, but are not limited to, vendor-provided and open source audit tools needed to successfully view and manipulate audit information system activity and records. Audit tools include custom queries and report generators.
sca.check.rationale: Protecting the integrity of the tools used for auditing purposes is a critical step toward ensuring the integrity of audit information. Audit information includes all information (e.g., audit records, audit settings, and audit reports) needed to successfully audit information system activity. Attackers may replace the audit tools or inject code into the existing tools with the purpose of providing the capability to hide or erase system activity from the audit logs. Audit tools should be cryptographically signed in order to provide the capability to identify when the audit tools have been modified, manipulated, or replaced. An example is a checksum hash of the file or files.
sca.check.remediation: Edit /etc/aide/aide.conf and add or update the following selection lines: # Audit Tools /sbin/auditctl p+i+n+u+g+s+b+acl+xattrs+sha512 /sbin/auditd p+i+n+u+g+s+b+acl+xattrs+sha512 /sbin/ausearch p+i+n+u+g+s+b+acl+xattrs+sha512 /sbin/aureport p+i+n+u+g+s+b+acl+xattrs+sha512 /sbin/autrace p+i+n+u+g+s+b+acl+xattrs+sha512 /sbin/augenrules p+i+n+u+g+s+b+acl+xattrs+sha512 Note: - IF - /etc/aide/aide.conf includes a @@x_include statement: Example: @@x_include /etc/aide/aide.conf.d ^[a-zA-Z0-9_-]+$ - @@x_include FILE - @@x_include DIRECTORY REGEX o o @x_include is identical to @@include, except that if a config file is executable it is run and the output is used as config. If the executable file exits with status greater than zero or writes to stderr aide stops with an error. o For security reasons DIRECTORY and each executable config file must be owned by the current user and must not be group or world-writable.
sca.check.compliance.cis: 6.1.3
sca.check.compliance.mitre_tactics: TA0007
sca.check.compliance.mitre_techniques: T1070,T1070.002,T1083
sca.check.file: ["/etc/aide/aide.conf"]
sca.check.result: not applicable
sca.check.reason: Could not open file '/etc/aide/aide.conf'

** Alert 1757863499.391316: - sca,gdpr_IV_35.7.d,pci_dss_2.2,nist_800_53_CM.1,tsc_CC7.1,tsc_CC7.2,
2025 Sep 14 17:24:59 student-virtual-machine->sca
Rule: 19007 (level 7) -> 'CIS Ubuntu Linux 22.04 LTS Benchmark v2.0.0.: Ensure systemd-journal-remote is installed.'
{"type":"check","id":380680914,"policy":"CIS Ubuntu Linux 22.04 LTS Benchmark v2.0.0.","policy_id":"cis_ubuntu22-04","check":{"id":28614,"title":"Ensure systemd-journal-remote is installed.","description":"Journald systemd-journal-remote supports the ability to send log events it gathers to a remote log host or to receive messages from remote hosts, thus enabling centralized log management.","rationale":"Storing log data on a remote host protects log integrity from local attacks. If an attacker gains root access on the local system, they could tamper with or remove log data that is stored on the local system.","remediation":"Run the following command to install systemd-journal-remote: # apt install systemd-journal-remote.","compliance":{"cis":"6.2.1.2.1","cis_csc_v8":"8.2","cis_csc_v7":"6.2,6.3","cmmc_v2.0":"AU.L2-3.3.1","hipaa":"164.312(b)","iso_27001-2013":"A.12.4.1","mitre_mitigations":"M1029","mitre_tactics":"TA0040","mitre_techniques":"T1070,T1070.002,T1562,T1562.006","nist_sp_800-53":"AU-7","pci_dss_v3.2.1":"10.2,10.3","pci_dss_v4.0":"10.2.1,10.2.1.1,10.2.1.2,10.2.1.3,10.2.1.4,10.2.1.5,10.2.1.6,10.2.1.7,10.2.2,5.3.4,6.4.1,6.4.2"},"rules":["c:dpkg-query -s systemd-journal-remote -> r:install ok installed"],"condition":"all","command":"dpkg-query -s systemd-journal-remote","result":"failed"}}
sca.type: check
sca.scan_id: 380680914
sca.policy: CIS Ubuntu Linux 22.04 LTS Benchmark v2.0.0.
sca.check.id: 28614
sca.check.title: Ensure systemd-journal-remote is installed.
sca.check.description: Journald systemd-journal-remote supports the ability to send log events it gathers to a remote log host or to receive messages from remote hosts, thus enabling centralized log management.
sca.check.rationale: Storing log data on a remote host protects log integrity from local attacks. If an attacker gains root access on the local system, they could tamper with or remove log data that is stored on the local system.
sca.check.remediation: Run the following command to install systemd-journal-remote: # apt install systemd-journal-remote.
sca.check.compliance.cis: 6.2.1.2.1
sca.check.compliance.cis_csc_v8: 8.2
sca.check.compliance.cis_csc_v7: 6.2,6.3
sca.check.compliance.cmmc_v2.0: AU.L2-3.3.1
sca.check.compliance.hipaa: 164.312(b)
sca.check.compliance.iso_27001-2013: A.12.4.1
sca.check.compliance.mitre_mitigations: M1029
sca.check.compliance.mitre_tactics: TA0040
sca.check.compliance.mitre_techniques: T1070,T1070.002,T1562,T1562.006
sca.check.compliance.nist_sp_800-53: AU-7
sca.check.compliance.pci_dss_v3.2.1: 10.2,10.3
sca.check.compliance.pci_dss_v4.0: 10.2.1,10.2.1.1,10.2.1.2,10.2.1.3,10.2.1.4,10.2.1.5,10.2.1.6,10.2.1.7,10.2.2,5.3.4,6.4.1,6.4.2
sca.check.command: ["dpkg-query -s systemd-journal-remote"]
sca.check.result: failed

** Alert 1757863499.394348: - sca,gdpr_IV_35.7.d,pci_dss_2.2,nist_800_53_CM.1,tsc_CC7.1,tsc_CC7.2,
2025 Sep 14 17:24:59 student-virtual-machine->sca
Rule: 19008 (level 3) -> 'CIS Ubuntu Linux 22.04 LTS Benchmark v2.0.0.: Ensure systemd-journal-remote service is not in use.'
{"type":"check","id":380680914,"policy":"CIS Ubuntu Linux 22.04 LTS Benchmark v2.0.0.","policy_id":"cis_ubuntu22-04","check":{"id":28615,"title":"Ensure systemd-journal-remote service is not in use.","description":"Journald systemd-journal-remote supports the ability to receive messages from remote hosts, thus acting as a log server. Clients should not receive data from other hosts. NOTE: - The same package, systemd-journal-remote, is used for both sending logs to remote hosts and receiving incoming logs. - With regards to receiving logs, there are two services; systemd-journal- remote.socket and systemd-journal-remote.service.","rationale":"If a client is configured to also receive data, thus turning it into a server, the client system is acting outside it's operational boundary.","remediation":"Run the following commands to stop and mask systemd-journal-remote.socket and systemd-journal-remote.service: # systemctl stop systemd-journal-remote.socket systemd-journal-remote.service # systemctl mask systemd-journal-remote.socket systemd-journal-remote.service.","compliance":{"cis":"6.2.1.2.4","cis_csc_v8":"4.8","cis_csc_v7":"9.2","cmmc_v2.0":"CM.L2-3.4.7,CM.L2-3.4.8,SC.L2-3.13.6","iso_27001-2013":"A.13.1.3","mitre_mitigations":"M1029","mitre_tactics":"TA0040","mitre_techniques":"T1070,T1070.002,T1562,T1562.006","pci_dss_v3.2.1":"1.1.6,1.2.1,2.2.2,2.2.5","pci_dss_v4.0":"1.2.5,2.2.4,6.4.1","soc_2":"CC6.3,CC6.6"},"rules":["c:systemctl is-enabled systemd-journal-remote.socket systemd-journal-remote.service -> r:^enabled","c:systemctl is-active systemd-journal-remote.socket systemd-journal-remote.service -> r:^active"],"condition":"none","command":"systemctl is-enabled systemd-journal-remote.socket systemd-journal-remote.service,systemctl is-active systemd-journal-remote.socket systemd-journal-remote.service","result":"passed"}}
sca.type: check
sca.scan_id: 380680914
sca.policy: CIS Ubuntu Linux 22.04 LTS Benchmark v2.0.0.
sca.check.id: 28615
sca.check.title: Ensure systemd-journal-remote service is not in use.
sca.check.description: Journald systemd-journal-remote supports the ability to receive messages from remote hosts, thus acting as a log server. Clients should not receive data from other hosts. NOTE: - The same package, systemd-journal-remote, is used for both sending logs to remote hosts and receiving incoming logs. - With regards to receiving logs, there are two services; systemd-journal- remote.socket and systemd-journal-remote.service.
sca.check.rationale: If a client is configured to also receive data, thus turning it into a server, the client system is acting outside it's operational boundary.
sca.check.remediation: Run the following commands to stop and mask systemd-journal-remote.socket and systemd-journal-remote.service: # systemctl stop systemd-journal-remote.socket systemd-journal-remote.service # systemctl mask systemd-journal-remote.socket systemd-journal-remote.service.
sca.check.compliance.cis: 6.2.1.2.4
sca.check.compliance.cis_csc_v8: 4.8
sca.check.compliance.cis_csc_v7: 9.2
sca.check.compliance.cmmc_v2.0: CM.L2-3.4.7,CM.L2-3.4.8,SC.L2-3.13.6
sca.check.compliance.iso_27001-2013: A.13.1.3
sca.check.compliance.mitre_mitigations: M1029
sca.check.compliance.mitre_tactics: TA0040
sca.check.compliance.mitre_techniques: T1070,T1070.002,T1562,T1562.006
sca.check.compliance.pci_dss_v3.2.1: 1.1.6,1.2.1,2.2.2,2.2.5
sca.check.compliance.pci_dss_v4.0: 1.2.5,2.2.4,6.4.1
sca.check.compliance.soc_2: CC6.3,CC6.6
sca.check.command: ["systemctl is-enabled systemd-journal-remote.socket systemd-journal-remote.service", "systemctl is-active systemd-journal-remote.socket systemd-journal-remote.service"]
sca.check.result: passed

** Alert 1757863499.398314: - sca,gdpr_IV_35.7.d,pci_dss_2.2,nist_800_53_CM.1,tsc_CC7.1,tsc_CC7.2,
2025 Sep 14 17:24:59 student-virtual-machine->sca
Rule: 19008 (level 3) -> 'CIS Ubuntu Linux 22.04 LTS Benchmark v2.0.0.: Ensure journald service is enabled and active.'
{"type":"check","id":380680914,"policy":"CIS Ubuntu Linux 22.04 LTS Benchmark v2.0.0.","policy_id":"cis_ubuntu22-04","check":{"id":28616,"title":"Ensure journald service is enabled and active.","description":"Ensure that the systemd-journald service is enabled to allow capturing of logging events.","rationale":"If the systemd-journald service is not enabled to start on boot, the system will not capture logging events.","remediation":"Run the following commands to unmask and start systemd-journald.service # systemctl unmask systemd-journald.service # systemctl start systemd-journald.service.","compliance":{"cis":"6.2.1.1.1","cis_csc_v8":"8.2","cis_csc_v7":"6.2,6.3","cmmc_v2.0":"AU.L2-3.3.1","hipaa":"164.312(b)","iso_27001-2013":"A.12.4.1","mitre_mitigations":"M1029","mitre_tactics":"TA0005","mitre_techniques":"T1070,T1070.002,T1562,T1562.001","nist_sp_800-53":"AU-7","pci_dss_v3.2.1":"10.2,10.3","pci_dss_v4.0":"10.2.1,10.2.1.1,10.2.1.2,10.2.1.3,10.2.1.4,10.2.1.5,10.2.1.6,10.2.1.7,10.2.2,5.3.4,6.4.1,6.4.2"},"rules":["c:systemctl is-enabled systemd-journald.service -> r:static","c:systemctl is-active systemd-journald.service -> r:active"],"condition":"all","command":"systemctl is-enabled systemd-journald.service,systemctl is-active systemd-journald.service","result":"passed"}}
sca.type: check
sca.scan_id: 380680914
sca.policy: CIS Ubuntu Linux 22.04 LTS Benchmark v2.0.0.
sca.check.id: 28616
sca.check.title: Ensure journald service is enabled and active.
sca.check.description: Ensure that the systemd-journald service is enabled to allow capturing of logging events.
sca.check.rationale: If the systemd-journald service is not enabled to start on boot, the system will not capture logging events.
sca.check.remediation: Run the following commands to unmask and start systemd-journald.service # systemctl unmask systemd-journald.service # systemctl start systemd-journald.service.
sca.check.compliance.cis: 6.2.1.1.1
sca.check.compliance.cis_csc_v8: 8.2
sca.check.compliance.cis_csc_v7: 6.2,6.3
sca.check.compliance.cmmc_v2.0: AU.L2-3.3.1
sca.check.compliance.hipaa: 164.312(b)
sca.check.compliance.iso_27001-2013: A.12.4.1
sca.check.compliance.mitre_mitigations: M1029
sca.check.compliance.mitre_tactics: TA0005
sca.check.compliance.mitre_techniques: T1070,T1070.002,T1562,T1562.001
sca.check.compliance.nist_sp_800-53: AU-7
sca.check.compliance.pci_dss_v3.2.1: 10.2,10.3
sca.check.compliance.pci_dss_v4.0: 10.2.1,10.2.1.1,10.2.1.2,10.2.1.3,10.2.1.4,10.2.1.5,10.2.1.6,10.2.1.7,10.2.2,5.3.4,6.4.1,6.4.2
sca.check.command: ["systemctl is-enabled systemd-journald.service", "systemctl is-active systemd-journald.service"]
sca.check.result: passed

** Alert 1757863499.401248: - sca,gdpr_IV_35.7.d,pci_dss_2.2,nist_800_53_CM.1,tsc_CC7.1,tsc_CC7.2,
2025 Sep 14 17:24:59 student-virtual-machine->sca
Rule: 19009 (level 3) -> 'CIS Ubuntu Linux 22.04 LTS Benchmark v2.0.0.: Ensure journald Compress is configured.'
{"type":"check","id":380680914,"policy":"CIS Ubuntu Linux 22.04 LTS Benchmark v2.0.0.","policy_id":"cis_ubuntu22-04","check":{"id":28617,"title":"Ensure journald Compress is configured.","description":"The journald system includes the capability of compressing overly large files to avoid filling up the system with logs or making the logs unmanageably large.","rationale":"Uncompressed large files may unexpectedly fill a filesystem leading to resource unavailability. Compressing logs prior to write can prevent sudden, unexpected filesystem impacts. Internal Only - General.","remediation":"Set the following parameter in the [Journal] section in /etc/systemd/journald.conf or a file in /etc/systemd/journald.conf.d/ ending in .conf: Compress=yes Example: #!/usr/bin/env bash { [ ! -d /etc/systemd/journald.conf.d/ ] && mkdir /etc/systemd/journald.conf.d/ if grep -Psq -- '^\\h*\\[Journal\\]' /etc/systemd/journald.conf.d/60- journald.conf; then printf '%s\\n' \"Compress=yes\" >> /etc/systemd/journald.conf.d/60- journald.conf else printf '%s\\n' \"[Journal]\" \"Compress=yes\" >> /etc/systemd/journald.conf.d/60-journald.conf fi } Note: If this setting appears in a canonically later file, or later in the same file, the setting will be overwritten Run to following command to update the parameters in the service: # systemctl reload-or-restart systemd-journald.","compliance":{"cis":"6.2.1.1.6","cis_csc_v8":"8.2,8.3","cis_csc_v7":"6.2,6.3,6.4","cmmc_v2.0":"AU.L2-3.3.1","hipaa":"164.312(b)","iso_27001-2013":"A.12.4.1","mitre_mitigations":"M1053","mitre_tactics":"TA0040","mitre_techniques":"T1562,T1562.001","nist_sp_800-53":"AU-7","pci_dss_v3.2.1":"10.2,10.3,10.7","pci_dss_v4.0":"10.2.1,10.2.1.1,10.2.1.2,10.2.1.3,10.2.1.4,10.2.1.5,10.2.1.6,10.2.1.7,10.2.2,5.3.4,6.4.1,6.4.2","soc_2":"A1.1"},"rules":["f:/etc/systemd/journald.conf -> r:^Compress=yes","d:/etc/systemd/journald.conf.d -> r:\\.*.conf -> r:^Compress=yes"],"condition":"any","file":"/etc/systemd/journald.conf","directory":"/etc/systemd/journald.conf.d","status":"Not applicable","reason":"Could not open dir '/etc/systemd/journald.conf.d'"}}
sca.type: check
sca.scan_id: 380680914
sca.policy: CIS Ubuntu Linux 22.04 LTS Benchmark v2.0.0.
sca.check.id: 28617
sca.check.title: Ensure journald Compress is configured.
sca.check.description: The journald system includes the capability of compressing overly large files to avoid filling up the system with logs or making the logs unmanageably large.
sca.check.rationale: Uncompressed large files may unexpectedly fill a filesystem leading to resource unavailability. Compressing logs prior to write can prevent sudden, unexpected filesystem impacts. Internal Only - General.
sca.check.remediation: Set the following parameter in the [Journal] section in /etc/systemd/journald.conf or a file in /etc/systemd/journald.conf.d/ ending in .conf: Compress=yes Example: #!/usr/bin/env bash { [ ! -d /etc/systemd/journald.conf.d/ ] && mkdir /etc/systemd/journald.conf.d/ if grep -Psq -- '^\h*\[Journal\]' /etc/systemd/journald.conf.d/60- journald.conf; then printf '%s\n' "Compress=yes" >> /etc/systemd/journald.conf.d/60- journald.conf else printf '%s\n' "[Journal]" "Compress=yes" >> /etc/systemd/journald.conf.d/60-journald.conf fi } Note: If this setting appears in a canonically later file, or later in the same file, the setting will be overwritten Run to following command to update the parameters in the service: # systemctl reload-or-restart systemd-journald.
sca.check.compliance.cis: 6.2.1.1.6
sca.check.compliance.cis_csc_v8: 8.2,8.3
sca.check.compliance.cis_csc_v7: 6.2,6.3,6.4
sca.check.compliance.cmmc_v2.0: AU.L2-3.3.1
sca.check.compliance.hipaa: 164.312(b)
sca.check.compliance.iso_27001-2013: A.12.4.1
sca.check.compliance.mitre_mitigations: M1053
sca.check.compliance.mitre_tactics: TA0040
sca.check.compliance.mitre_techniques: T1562,T1562.001
sca.check.compliance.nist_sp_800-53: AU-7
sca.check.compliance.pci_dss_v3.2.1: 10.2,10.3,10.7
sca.check.compliance.pci_dss_v4.0: 10.2.1,10.2.1.1,10.2.1.2,10.2.1.3,10.2.1.4,10.2.1.5,10.2.1.6,10.2.1.7,10.2.2,5.3.4,6.4.1,6.4.2
sca.check.compliance.soc_2: A1.1
sca.check.file: ["/etc/systemd/journald.conf"]
sca.check.directory: ["/etc/systemd/journald.conf.d"]
sca.check.result: not applicable
sca.check.reason: Could not open dir '/etc/systemd/journald.conf.d'

** Alert 1757863499.405845: - sca,gdpr_IV_35.7.d,pci_dss_2.2,nist_800_53_CM.1,tsc_CC7.1,tsc_CC7.2,
2025 Sep 14 17:24:59 student-virtual-machine->sca
Rule: 19009 (level 3) -> 'CIS Ubuntu Linux 22.04 LTS Benchmark v2.0.0.: Ensure journald Storage is configured.'
{"type":"check","id":380680914,"policy":"CIS Ubuntu Linux 22.04 LTS Benchmark v2.0.0.","policy_id":"cis_ubuntu22-04","check":{"id":28618,"title":"Ensure journald Storage is configured.","description":"Data from journald may be stored in volatile memory or persisted locally on the server. Logs in memory will be lost upon a system reboot. By persisting logs to local disk on the server they are protected from loss due to a reboot.","rationale":"Writing log data to disk will provide the ability to forensically reconstruct events which may have impacted the operations or security of a system even after a system crash or reboot. Internal Only - General.","remediation":"Set the following parameter in the [Journal] section in /etc/systemd/journald.conf or a file in /etc/systemd/journald.conf.d/ ending in .conf: Storage=persistent Example: #!/usr/bin/env bash { [ ! -d /etc/systemd/journald.conf.d/ ] && mkdir /etc/systemd/journald.conf.d/ if grep -Psq -- '^\\h*\\[Journal\\]' /etc/systemd/journald.conf.d/60- journald.conf; then printf '%s\\n' \"Storage=persistent\" >> /etc/systemd/journald.conf.d/60- journald.conf else printf '%s\\n' \"[Journal]\" \"Storage=persistent\" >> /etc/systemd/journald.conf.d/60-journald.conf fi } Note: If this setting appears in a canonically later file, or later in the same file, the setting will be overwritten Run to following command to update the parameters in the service: # systemctl reload-or-restart systemd-journald.","compliance":{"cis":"6.2.1.1.5","cis_csc_v8":"8.2","cis_csc_v7":"6.2,6.3","cmmc_v2.0":"AU.L2-3.3.1","hipaa":"164.312(b)","iso_27001-2013":"A.12.4.1","mitre_mitigations":"M1022","mitre_tactics":"TA0005","mitre_techniques":"T1070,T1070.002,T1562,T1562.006","nist_sp_800-53":"AU-7","pci_dss_v3.2.1":"10.2,10.3","pci_dss_v4.0":"10.2.1,10.2.1.1,10.2.1.2,10.2.1.3,10.2.1.4,10.2.1.5,10.2.1.6,10.2.1.7,10.2.2,5.3.4,6.4.1,6.4.2"},"rules":["f:/etc/systemd/journald.conf -> r:^Storage=persistent","d:/etc/systemd/journald.conf.d -> r:\\.*.conf -> r:^Storage=persistent"],"condition":"any","file":"/etc/systemd/journald.conf","directory":"/etc/systemd/journald.conf.d","status":"Not applicable","reason":"Could not open dir '/etc/systemd/journald.conf.d'"}}
sca.type: check
sca.scan_id: 380680914
sca.policy: CIS Ubuntu Linux 22.04 LTS Benchmark v2.0.0.
sca.check.id: 28618
sca.check.title: Ensure journald Storage is configured.
sca.check.description: Data from journald may be stored in volatile memory or persisted locally on the server. Logs in memory will be lost upon a system reboot. By persisting logs to local disk on the server they are protected from loss due to a reboot.
sca.check.rationale: Writing log data to disk will provide the ability to forensically reconstruct events which may have impacted the operations or security of a system even after a system crash or reboot. Internal Only - General.
sca.check.remediation: Set the following parameter in the [Journal] section in /etc/systemd/journald.conf or a file in /etc/systemd/journald.conf.d/ ending in .conf: Storage=persistent Example: #!/usr/bin/env bash { [ ! -d /etc/systemd/journald.conf.d/ ] && mkdir /etc/systemd/journald.conf.d/ if grep -Psq -- '^\h*\[Journal\]' /etc/systemd/journald.conf.d/60- journald.conf; then printf '%s\n' "Storage=persistent" >> /etc/systemd/journald.conf.d/60- journald.conf else printf '%s\n' "[Journal]" "Storage=persistent" >> /etc/systemd/journald.conf.d/60-journald.conf fi } Note: If this setting appears in a canonically later file, or later in the same file, the setting will be overwritten Run to following command to update the parameters in the service: # systemctl reload-or-restart systemd-journald.
sca.check.compliance.cis: 6.2.1.1.5
sca.check.compliance.cis_csc_v8: 8.2
sca.check.compliance.cis_csc_v7: 6.2,6.3
sca.check.compliance.cmmc_v2.0: AU.L2-3.3.1
sca.check.compliance.hipaa: 164.312(b)
sca.check.compliance.iso_27001-2013: A.12.4.1
sca.check.compliance.mitre_mitigations: M1022
sca.check.compliance.mitre_tactics: TA0005
sca.check.compliance.mitre_techniques: T1070,T1070.002,T1562,T1562.006
sca.check.compliance.nist_sp_800-53: AU-7
sca.check.compliance.pci_dss_v3.2.1: 10.2,10.3
sca.check.compliance.pci_dss_v4.0: 10.2.1,10.2.1.1,10.2.1.2,10.2.1.3,10.2.1.4,10.2.1.5,10.2.1.6,10.2.1.7,10.2.2,5.3.4,6.4.1,6.4.2
sca.check.file: ["/etc/systemd/journald.conf"]
sca.check.directory: ["/etc/systemd/journald.conf.d"]
sca.check.result: not applicable
sca.check.reason: Could not open dir '/etc/systemd/journald.conf.d'

** Alert 1757863499.410603: - sca,gdpr_IV_35.7.d,pci_dss_2.2,nist_800_53_CM.1,tsc_CC7.1,tsc_CC7.2,
2025 Sep 14 17:24:59 student-virtual-machine->sca
Rule: 19009 (level 3) -> 'CIS Ubuntu Linux 22.04 LTS Benchmark v2.0.0.: Ensure journald ForwardToSyslog is disabled.'
{"type":"check","id":380680914,"policy":"CIS Ubuntu Linux 22.04 LTS Benchmark v2.0.0.","policy_id":"cis_ubuntu22-04","check":{"id":28619,"title":"Ensure journald ForwardToSyslog is disabled.","description":"Data from journald should be kept in the confines of the service and not forwarded to other services.","rationale":"Logs of the system should be handled by journald and not forwarded to other logging mechanisms. Internal Only - General.","remediation":"Set the following parameter in the [Journal] section in /etc/systemd/journald.conf or a file in /etc/systemd/journald.conf.d/ ending in .conf: ForwardToSyslog=no Example: #!/usr/bin/env bash { [ ! -d /etc/systemd/journald.conf.d/ ] && mkdir /etc/systemd/journald.conf.d/ if grep -Psq -- '^\\h*\\[Journal\\] /etc/systemd/journald.conf.d/60- journald.conf; then printf '%s\\n' \"ForwardToSyslog=no\" >> /etc/systemd/journald.conf.d/60- journald.conf else printf '%s\\n' \"[Journal]\" \"ForwardToSyslog=no\" >> /etc/systemd/journald.conf.d/60-journald.conf fi } Note: If this setting appears in a canonically later file, or later in the same file, the setting will be overwritten Run to following command to update the parameters in the service: # systemctl reload-or-restart systemd-journald.","compliance":{"cis":"6.2.1.1.4","cis_csc_v8":"8.2","cis_csc_v7":"6.3","cmmc_v2.0":"AU.L2-3.3.1","hipaa":"164.312(b)","iso_27001-2013":"A.12.4.1","mitre_mitigations":"M1029","mitre_tactics":"TA0040","mitre_techniques":"T1070,T1070.002,T1562,T1562.006","nist_sp_800-53":"AU-7","pci_dss_v3.2.1":"10.2,10.3","pci_dss_v4.0":"10.2.1,10.2.1.1,10.2.1.2,10.2.1.3,10.2.1.4,10.2.1.5,10.2.1.6,10.2.1.7,10.2.2,5.3.4,6.4.1,6.4.2"},"rules":["f:/etc/systemd/journald.conf -> !r:^# && r:ForwardToSyslog\\s*=\\s*no","d:/etc/systemd/journald.conf.d -> r:\\.*.conf -> !r:^# && r:ForwardToSyslog\\s*=\\s*no"],"condition":"any","file":"/etc/systemd/journald.conf","directory":"/etc/systemd/journald.conf.d","status":"Not applicable","reason":"Could not open dir '/etc/systemd/journald.conf.d'"}}
sca.type: check
sca.scan_id: 380680914
sca.policy: CIS Ubuntu Linux 22.04 LTS Benchmark v2.0.0.
sca.check.id: 28619
sca.check.title: Ensure journald ForwardToSyslog is disabled.
sca.check.description: Data from journald should be kept in the confines of the service and not forwarded to other services.
sca.check.rationale: Logs of the system should be handled by journald and not forwarded to other logging mechanisms. Internal Only - General.
sca.check.remediation: Set the following parameter in the [Journal] section in /etc/systemd/journald.conf or a file in /etc/systemd/journald.conf.d/ ending in .conf: ForwardToSyslog=no Example: #!/usr/bin/env bash { [ ! -d /etc/systemd/journald.conf.d/ ] && mkdir /etc/systemd/journald.conf.d/ if grep -Psq -- '^\h*\[Journal\] /etc/systemd/journald.conf.d/60- journald.conf; then printf '%s\n' "ForwardToSyslog=no" >> /etc/systemd/journald.conf.d/60- journald.conf else printf '%s\n' "[Journal]" "ForwardToSyslog=no" >> /etc/systemd/journald.conf.d/60-journald.conf fi } Note: If this setting appears in a canonically later file, or later in the same file, the setting will be overwritten Run to following command to update the parameters in the service: # systemctl reload-or-restart systemd-journald.
sca.check.compliance.cis: 6.2.1.1.4
sca.check.compliance.cis_csc_v8: 8.2
sca.check.compliance.cis_csc_v7: 6.3
sca.check.compliance.cmmc_v2.0: AU.L2-3.3.1
sca.check.compliance.hipaa: 164.312(b)
sca.check.compliance.iso_27001-2013: A.12.4.1
sca.check.compliance.mitre_mitigations: M1029
sca.check.compliance.mitre_tactics: TA0040
sca.check.compliance.mitre_techniques: T1070,T1070.002,T1562,T1562.006
sca.check.compliance.nist_sp_800-53: AU-7
sca.check.compliance.pci_dss_v3.2.1: 10.2,10.3
sca.check.compliance.pci_dss_v4.0: 10.2.1,10.2.1.1,10.2.1.2,10.2.1.3,10.2.1.4,10.2.1.5,10.2.1.6,10.2.1.7,10.2.2,5.3.4,6.4.1,6.4.2
sca.check.file: ["/etc/systemd/journald.conf"]
sca.check.directory: ["/etc/systemd/journald.conf.d"]
sca.check.result: not applicable
sca.check.reason: Could not open dir '/etc/systemd/journald.conf.d'

** Alert 1757863499.414965: - sca,gdpr_IV_35.7.d,pci_dss_2.2,nist_800_53_CM.1,tsc_CC7.1,tsc_CC7.2,
2025 Sep 14 17:24:59 student-virtual-machine->sca
Rule: 19008 (level 3) -> 'CIS Ubuntu Linux 22.04 LTS Benchmark v2.0.0.: Ensure cron daemon is enabled and active.'
{"type":"check","id":380680914,"policy":"CIS Ubuntu Linux 22.04 LTS Benchmark v2.0.0.","policy_id":"cis_ubuntu22-04","check":{"id":28625,"title":"Ensure cron daemon is enabled and active.","description":"The cron daemon is used to execute batch jobs on the system.","rationale":"While there may not be user jobs that need to be run on the system, the system does have maintenance jobs that may include security monitoring that have to run, and cron is used to execute them.","remediation":"- IF - cron is installed on the system: Run the following commands to unmask, enable, and start cron: # systemctl unmask \"$(systemctl list-unit-files | awk '$1~/^crond?\\.service/{print $1}')\" # systemctl --now enable \"$(systemctl list-unit-files | awk '$1~/^crond?\\.service/{print $1}')\".","compliance":{"cis":"2.4.1.1","mitre_mitigations":"M1018","mitre_tactics":"TA0005","mitre_techniques":"T1562,T1562.001"},"rules":["c:systemctl is-enabled cron -> r:^enabled","c:systemctl is-active cron -> r:^active"],"condition":"all","command":"systemctl is-enabled cron,systemctl is-active cron","result":"passed"}}
sca.type: check
sca.scan_id: 380680914
sca.policy: CIS Ubuntu Linux 22.04 LTS Benchmark v2.0.0.
sca.check.id: 28625
sca.check.title: Ensure cron daemon is enabled and active.
sca.check.description: The cron daemon is used to execute batch jobs on the system.
sca.check.rationale: While there may not be user jobs that need to be run on the system, the system does have maintenance jobs that may include security monitoring that have to run, and cron is used to execute them.
sca.check.remediation: - IF - cron is installed on the system: Run the following commands to unmask, enable, and start cron: # systemctl unmask "$(systemctl list-unit-files | awk '$1~/^crond?\.service/{print $1}')" # systemctl --now enable "$(systemctl list-unit-files | awk '$1~/^crond?\.service/{print $1}')".
sca.check.compliance.cis: 2.4.1.1
sca.check.compliance.mitre_mitigations: M1018
sca.check.compliance.mitre_tactics: TA0005
sca.check.compliance.mitre_techniques: T1562,T1562.001
sca.check.command: ["systemctl is-enabled cron", "systemctl is-active cron"]
sca.check.result: passed

** Alert 1757863499.417401: - sca,gdpr_IV_35.7.d,pci_dss_2.2,nist_800_53_CM.1,tsc_CC7.1,tsc_CC7.2,
2025 Sep 14 17:24:59 student-virtual-machine->sca
Rule: 19007 (level 7) -> 'CIS Ubuntu Linux 22.04 LTS Benchmark v2.0.0.: Ensure permissions on /etc/crontab are configured.'
{"type":"check","id":380680914,"policy":"CIS Ubuntu Linux 22.04 LTS Benchmark v2.0.0.","policy_id":"cis_ubuntu22-04","check":{"id":28626,"title":"Ensure permissions on /etc/crontab are configured.","description":"The /etc/crontab file is used by cron to control its own jobs. The commands in this item make sure that root is the user and group owner of the file and that only the owner can access the file.","rationale":"This file contains information on what system jobs are run by cron. Write access to these files could provide unprivileged users with the ability to elevate their privileges. Read access to these files could provide users with the ability to gain insight on system jobs that run on the system and could provide them a way to gain unauthorized privileged access.","remediation":"- IF - cron is installed on the system: Run the following commands to set ownership and permissions on /etc/crontab: # chown root:root /etc/crontab # chmod og-rwx /etc/crontab.","compliance":{"cis":"2.4.1.2","cis_csc_v8":"3.3","cis_csc_v7":"14.6","cmmc_v2.0":"AC.L1-3.1.1,AC.L1-3.1.2,AC.L2-3.1.3,AC.L2-3.1.5,MP.L2-3.8.2","hipaa":"164.308(a)(3)(i),164.308(a)(3)(ii)(A),164.312(a)(1)","iso_27001-2013":"A.9.1.1","mitre_mitigations":"M1018","mitre_tactics":"TA0002,TA0007","mitre_techniques":"T1053,T1053.003","nist_sp_800-53":"AC-5,AC-6","pci_dss_v3.2.1":"7.1,7.1.1,7.1.2,7.1.3","pci_dss_v4.0":"1.3.1,7.1","soc_2":"CC5.2,CC6.1"},"rules":["c:stat -Lc \"%n %a %u %U %g %G\" /etc/crontab -> r:0 root 0 root && r:600"],"condition":"all","command":"stat -Lc \"%n %a %u %U %g %G\" /etc/crontab","result":"failed"}}
sca.type: check
sca.scan_id: 380680914
sca.policy: CIS Ubuntu Linux 22.04 LTS Benchmark v2.0.0.
sca.check.id: 28626
sca.check.title: Ensure permissions on /etc/crontab are configured.
sca.check.description: The /etc/crontab file is used by cron to control its own jobs. The commands in this item make sure that root is the user and group owner of the file and that only the owner can access the file.
sca.check.rationale: This file contains information on what system jobs are run by cron. Write access to these files could provide unprivileged users with the ability to elevate their privileges. Read access to these files could provide users with the ability to gain insight on system jobs that run on the system and could provide them a way to gain unauthorized privileged access.
sca.check.remediation: - IF - cron is installed on the system: Run the following commands to set ownership and permissions on /etc/crontab: # chown root:root /etc/crontab # chmod og-rwx /etc/crontab.
sca.check.compliance.cis: 2.4.1.2
sca.check.compliance.cis_csc_v8: 3.3
sca.check.compliance.cis_csc_v7: 14.6
sca.check.compliance.cmmc_v2.0: AC.L1-3.1.1,AC.L1-3.1.2,AC.L2-3.1.3,AC.L2-3.1.5,MP.L2-3.8.2
sca.check.compliance.hipaa: 164.308(a)(3)(i),164.308(a)(3)(ii)(A),164.312(a)(1)
sca.check.compliance.iso_27001-2013: A.9.1.1
sca.check.compliance.mitre_mitigations: M1018
sca.check.compliance.mitre_tactics: TA0002,TA0007
sca.check.compliance.mitre_techniques: T1053,T1053.003
sca.check.compliance.nist_sp_800-53: AC-5,AC-6
sca.check.compliance.pci_dss_v3.2.1: 7.1,7.1.1,7.1.2,7.1.3
sca.check.compliance.pci_dss_v4.0: 1.3.1,7.1
sca.check.compliance.soc_2: CC5.2,CC6.1
sca.check.command: ["stat -Lc \"%n %a %u %U %g %G\" /etc/crontab"]
sca.check.result: failed

** Alert 1757863499.421025: - sca,gdpr_IV_35.7.d,pci_dss_2.2,nist_800_53_CM.1,tsc_CC7.1,tsc_CC7.2,
2025 Sep 14 17:24:59 student-virtual-machine->sca
Rule: 19007 (level 7) -> 'CIS Ubuntu Linux 22.04 LTS Benchmark v2.0.0.: Ensure permissions on /etc/cron.hourly are configured.'
{"type":"check","id":380680914,"policy":"CIS Ubuntu Linux 22.04 LTS Benchmark v2.0.0.","policy_id":"cis_ubuntu22-04","check":{"id":28627,"title":"Ensure permissions on /etc/cron.hourly are configured.","description":"This directory contains system cron jobs that need to run on an hourly basis. The files in this directory cannot be manipulated by the crontab command, but are instead edited by system administrators using a text editor. The commands below restrict read/write and search access to user and group root, preventing regular users from accessing this directory.","rationale":"Granting write access to this directory for non-privileged users could provide them the means for gaining unauthorized elevated privileges. Granting read access to this directory could give an unprivileged user insight in how to gain elevated privileges or circumvent auditing controls.","remediation":"- IF - cron is installed on the system: Run the following commands to set ownership and permissions on the /etc/cron.hourly directory: # chown root:root /etc/cron.hourly/ # chmod og-rwx /etc/cron.hourly/.","compliance":{"cis":"2.4.1.3","cis_csc_v8":"3.3","cis_csc_v7":"14.6","cmmc_v2.0":"AC.L1-3.1.1,AC.L1-3.1.2,AC.L2-3.1.3,AC.L2-3.1.5,MP.L2-3.8.2","hipaa":"164.308(a)(3)(i),164.308(a)(3)(ii)(A),164.312(a)(1)","iso_27001-2013":"A.9.1.1","mitre_mitigations":"M1018","mitre_tactics":"TA0002,TA0007","mitre_techniques":"T1053,T1053.003","nist_sp_800-53":"AC-5,AC-6","pci_dss_v3.2.1":"7.1,7.1.1,7.1.2,7.1.3","pci_dss_v4.0":"1.3.1,7.1","soc_2":"CC5.2,CC6.1"},"rules":["c:stat -Lc \"%n %a %u %U %g %G\" /etc/cron.hourly/ -> r:0 root 0 root && r:700"],"condition":"all","command":"stat -Lc \"%n %a %u %U %g %G\" /etc/cron.hourly/","result":"failed"}}
sca.type: check
sca.scan_id: 380680914
sca.policy: CIS Ubuntu Linux 22.04 LTS Benchmark v2.0.0.
sca.check.id: 28627
sca.check.title: Ensure permissions on /etc/cron.hourly are configured.
sca.check.description: This directory contains system cron jobs that need to run on an hourly basis. The files in this directory cannot be manipulated by the crontab command, but are instead edited by system administrators using a text editor. The commands below restrict read/write and search access to user and group root, preventing regular users from accessing this directory.
sca.check.rationale: Granting write access to this directory for non-privileged users could provide them the means for gaining unauthorized elevated privileges. Granting read access to this directory could give an unprivileged user insight in how to gain elevated privileges or circumvent auditing controls.
sca.check.remediation: - IF - cron is installed on the system: Run the following commands to set ownership and permissions on the /etc/cron.hourly directory: # chown root:root /etc/cron.hourly/ # chmod og-rwx /etc/cron.hourly/.
sca.check.compliance.cis: 2.4.1.3
sca.check.compliance.cis_csc_v8: 3.3
sca.check.compliance.cis_csc_v7: 14.6
sca.check.compliance.cmmc_v2.0: AC.L1-3.1.1,AC.L1-3.1.2,AC.L2-3.1.3,AC.L2-3.1.5,MP.L2-3.8.2
sca.check.compliance.hipaa: 164.308(a)(3)(i),164.308(a)(3)(ii)(A),164.312(a)(1)
sca.check.compliance.iso_27001-2013: A.9.1.1
sca.check.compliance.mitre_mitigations: M1018
sca.check.compliance.mitre_tactics: TA0002,TA0007
sca.check.compliance.mitre_techniques: T1053,T1053.003
sca.check.compliance.nist_sp_800-53: AC-5,AC-6
sca.check.compliance.pci_dss_v3.2.1: 7.1,7.1.1,7.1.2,7.1.3
sca.check.compliance.pci_dss_v4.0: 1.3.1,7.1
sca.check.compliance.soc_2: CC5.2,CC6.1
sca.check.command: ["stat -Lc \"%n %a %u %U %g %G\" /etc/cron.hourly/"]
sca.check.result: failed

** Alert 1757863499.424910: - sca,gdpr_IV_35.7.d,pci_dss_2.2,nist_800_53_CM.1,tsc_CC7.1,tsc_CC7.2,
2025 Sep 14 17:24:59 student-virtual-machine->sca
Rule: 19007 (level 7) -> 'CIS Ubuntu Linux 22.04 LTS Benchmark v2.0.0.: Ensure permissions on /etc/cron.daily are configured.'
{"type":"check","id":380680914,"policy":"CIS Ubuntu Linux 22.04 LTS Benchmark v2.0.0.","policy_id":"cis_ubuntu22-04","check":{"id":28628,"title":"Ensure permissions on /etc/cron.daily are configured.","description":"The /etc/cron.daily directory contains system cron jobs that need to run on a daily basis. The files in this directory cannot be manipulated by the crontab command, but are instead edited by system administrators using a text editor. The commands below restrict read/write and search access to user and group root, preventing regular users from accessing this directory.","rationale":"Granting write access to this directory for non-privileged users could provide them the means for gaining unauthorized elevated privileges. Granting read access to this directory could give an unprivileged user insight in how to gain elevated privileges or circumvent auditing controls.","remediation":"- IF - cron is installed on the system: Run the following commands to set ownership and permissions on the /etc/cron.daily directory: # chown root:root /etc/cron.daily/ # chmod og-rwx /etc/cron.daily/.","compliance":{"cis":"2.4.1.4","cis_csc_v8":"3.3","cis_csc_v7":"14.6","cmmc_v2.0":"AC.L1-3.1.1,AC.L1-3.1.2,AC.L2-3.1.3,AC.L2-3.1.5,MP.L2-3.8.2","hipaa":"164.308(a)(3)(i),164.308(a)(3)(ii)(A),164.312(a)(1)","iso_27001-2013":"A.9.1.1","mitre_mitigations":"M1018","mitre_tactics":"TA0002,TA0007","mitre_techniques":"T1053,T1053.003","nist_sp_800-53":"AC-5,AC-6","pci_dss_v3.2.1":"7.1,7.1.1,7.1.2,7.1.3","pci_dss_v4.0":"1.3.1,7.1","soc_2":"CC5.2,CC6.1"},"rules":["c:stat -Lc \"%n %a %u %U %g %G\" /etc/cron.daily/ -> r:0 root 0 root && r:700"],"condition":"all","command":"stat -Lc \"%n %a %u %U %g %G\" /etc/cron.daily/","result":"failed"}}
sca.type: check
sca.scan_id: 380680914
sca.policy: CIS Ubuntu Linux 22.04 LTS Benchmark v2.0.0.
sca.check.id: 28628
sca.check.title: Ensure permissions on /etc/cron.daily are configured.
sca.check.description: The /etc/cron.daily directory contains system cron jobs that need to run on a daily basis. The files in this directory cannot be manipulated by the crontab command, but are instead edited by system administrators using a text editor. The commands below restrict read/write and search access to user and group root, preventing regular users from accessing this directory.
sca.check.rationale: Granting write access to this directory for non-privileged users could provide them the means for gaining unauthorized elevated privileges. Granting read access to this directory could give an unprivileged user insight in how to gain elevated privileges or circumvent auditing controls.
sca.check.remediation: - IF - cron is installed on the system: Run the following commands to set ownership and permissions on the /etc/cron.daily directory: # chown root:root /etc/cron.daily/ # chmod og-rwx /etc/cron.daily/.
sca.check.compliance.cis: 2.4.1.4
sca.check.compliance.cis_csc_v8: 3.3
sca.check.compliance.cis_csc_v7: 14.6
sca.check.compliance.cmmc_v2.0: AC.L1-3.1.1,AC.L1-3.1.2,AC.L2-3.1.3,AC.L2-3.1.5,MP.L2-3.8.2
sca.check.compliance.hipaa: 164.308(a)(3)(i),164.308(a)(3)(ii)(A),164.312(a)(1)
sca.check.compliance.iso_27001-2013: A.9.1.1
sca.check.compliance.mitre_mitigations: M1018
sca.check.compliance.mitre_tactics: TA0002,TA0007
sca.check.compliance.mitre_techniques: T1053,T1053.003
sca.check.compliance.nist_sp_800-53: AC-5,AC-6
sca.check.compliance.pci_dss_v3.2.1: 7.1,7.1.1,7.1.2,7.1.3
sca.check.compliance.pci_dss_v4.0: 1.3.1,7.1
sca.check.compliance.soc_2: CC5.2,CC6.1
sca.check.command: ["stat -Lc \"%n %a %u %U %g %G\" /etc/cron.daily/"]
sca.check.result: failed

** Alert 1757863499.428809: - sca,gdpr_IV_35.7.d,pci_dss_2.2,nist_800_53_CM.1,tsc_CC7.1,tsc_CC7.2,
2025 Sep 14 17:24:59 student-virtual-machine->sca
Rule: 19007 (level 7) -> 'CIS Ubuntu Linux 22.04 LTS Benchmark v2.0.0.: Ensure permissions on /etc/cron.weekly are configured.'
{"type":"check","id":380680914,"policy":"CIS Ubuntu Linux 22.04 LTS Benchmark v2.0.0.","policy_id":"cis_ubuntu22-04","check":{"id":28629,"title":"Ensure permissions on /etc/cron.weekly are configured.","description":"The /etc/cron.weekly directory contains system cron jobs that need to run on a weekly basis. The files in this directory cannot be manipulated by the crontab command, but are instead edited by system administrators using a text editor. The commands below restrict read/write and search access to user and group root, preventing regular users from accessing this directory.","rationale":"Granting write access to this directory for non-privileged users could provide them the means for gaining unauthorized elevated privileges. Granting read access to this directory could give an unprivileged user insight in how to gain elevated privileges or circumvent auditing controls.","remediation":"- IF - cron is installed on the system: Run the following commands to set ownership and permissions on the /etc/cron.weekly directory: # chown root:root /etc/cron.weekly/ # chmod og-rwx /etc/cron.weekly/.","compliance":{"cis":"2.4.1.5","cis_csc_v8":"3.3","cis_csc_v7":"14.6","cmmc_v2.0":"AC.L1-3.1.1,AC.L1-3.1.2,AC.L2-3.1.3,AC.L2-3.1.5,MP.L2-3.8.2","hipaa":"164.308(a)(3)(i),164.308(a)(3)(ii)(A),164.312(a)(1)","iso_27001-2013":"A.9.1.1","mitre_mitigations":"M1018","mitre_tactics":"TA0002,TA0007","mitre_techniques":"T1053,T1053.003","nist_sp_800-53":"AC-5,AC-6","pci_dss_v3.2.1":"7.1,7.1.1,7.1.2,7.1.3","pci_dss_v4.0":"1.3.1,7.1","soc_2":"CC5.2,CC6.1"},"rules":["c:stat -Lc \"%n %a %u %U %g %G\" /etc/cron.weekly/ -> r:0 root 0 root && r:700"],"condition":"all","command":"stat -Lc \"%n %a %u %U %g %G\" /etc/cron.weekly/","result":"failed"}}
sca.type: check
sca.scan_id: 380680914
sca.policy: CIS Ubuntu Linux 22.04 LTS Benchmark v2.0.0.
sca.check.id: 28629
sca.check.title: Ensure permissions on /etc/cron.weekly are configured.
sca.check.description: The /etc/cron.weekly directory contains system cron jobs that need to run on a weekly basis. The files in this directory cannot be manipulated by the crontab command, but are instead edited by system administrators using a text editor. The commands below restrict read/write and search access to user and group root, preventing regular users from accessing this directory.
sca.check.rationale: Granting write access to this directory for non-privileged users could provide them the means for gaining unauthorized elevated privileges. Granting read access to this directory could give an unprivileged user insight in how to gain elevated privileges or circumvent auditing controls.
sca.check.remediation: - IF - cron is installed on the system: Run the following commands to set ownership and permissions on the /etc/cron.weekly directory: # chown root:root /etc/cron.weekly/ # chmod og-rwx /etc/cron.weekly/.
sca.check.compliance.cis: 2.4.1.5
sca.check.compliance.cis_csc_v8: 3.3
sca.check.compliance.cis_csc_v7: 14.6
sca.check.compliance.cmmc_v2.0: AC.L1-3.1.1,AC.L1-3.1.2,AC.L2-3.1.3,AC.L2-3.1.5,MP.L2-3.8.2
sca.check.compliance.hipaa: 164.308(a)(3)(i),164.308(a)(3)(ii)(A),164.312(a)(1)
sca.check.compliance.iso_27001-2013: A.9.1.1
sca.check.compliance.mitre_mitigations: M1018
sca.check.compliance.mitre_tactics: TA0002,TA0007
sca.check.compliance.mitre_techniques: T1053,T1053.003
sca.check.compliance.nist_sp_800-53: AC-5,AC-6
sca.check.compliance.pci_dss_v3.2.1: 7.1,7.1.1,7.1.2,7.1.3
sca.check.compliance.pci_dss_v4.0: 1.3.1,7.1
sca.check.compliance.soc_2: CC5.2,CC6.1
sca.check.command: ["stat -Lc \"%n %a %u %U %g %G\" /etc/cron.weekly/"]
sca.check.result: failed

** Alert 1757863499.432724: - sca,gdpr_IV_35.7.d,pci_dss_2.2,nist_800_53_CM.1,tsc_CC7.1,tsc_CC7.2,
2025 Sep 14 17:24:59 student-virtual-machine->sca
Rule: 19007 (level 7) -> 'CIS Ubuntu Linux 22.04 LTS Benchmark v2.0.0.: Ensure permissions on /etc/cron.monthly are configured.'
{"type":"check","id":380680914,"policy":"CIS Ubuntu Linux 22.04 LTS Benchmark v2.0.0.","policy_id":"cis_ubuntu22-04","check":{"id":28630,"title":"Ensure permissions on /etc/cron.monthly are configured.","description":"The /etc/cron.monthly directory contains system cron jobs that need to run on a monthly basis. The files in this directory cannot be manipulated by the crontab command, but are instead edited by system administrators using a text editor. The commands below restrict read/write and search access to user and group root, preventing regular users from accessing this directory.","rationale":"Granting write access to this directory for non-privileged users could provide them the means for gaining unauthorized elevated privileges. Granting read access to this directory could give an unprivileged user insight in how to gain elevated privileges or circumvent auditing controls.","remediation":"- IF - cron is installed on the system: Run the following commands to set ownership and permissions on the /etc/cron.monthly directory: # chown root:root /etc/cron.monthly/ # chmod og-rwx /etc/cron.monthly/.","compliance":{"cis":"2.4.1.6","cis_csc_v8":"3.3","cis_csc_v7":"14.6","cmmc_v2.0":"AC.L1-3.1.1,AC.L1-3.1.2,AC.L2-3.1.3,AC.L2-3.1.5,MP.L2-3.8.2","hipaa":"164.308(a)(3)(i),164.308(a)(3)(ii)(A),164.312(a)(1)","iso_27001-2013":"A.9.1.1","mitre_mitigations":"M1018","mitre_tactics":"TA0002,TA0007","mitre_techniques":"T1053,T1053.003","nist_sp_800-53":"AC-5,AC-6","pci_dss_v3.2.1":"7.1,7.1.1,7.1.2,7.1.3","pci_dss_v4.0":"1.3.1,7.1","soc_2":"CC5.2,CC6.1"},"rules":["c:stat -Lc \"%n %a %u %U %g %G\" /etc/cron.monthly/ -> r:0 root 0 root && r:700"],"condition":"all","command":"stat -Lc \"%n %a %u %U %g %G\" /etc/cron.monthly/","result":"failed"}}
sca.type: check
sca.scan_id: 380680914
sca.policy: CIS Ubuntu Linux 22.04 LTS Benchmark v2.0.0.
sca.check.id: 28630
sca.check.title: Ensure permissions on /etc/cron.monthly are configured.
sca.check.description: The /etc/cron.monthly directory contains system cron jobs that need to run on a monthly basis. The files in this directory cannot be manipulated by the crontab command, but are instead edited by system administrators using a text editor. The commands below restrict read/write and search access to user and group root, preventing regular users from accessing this directory.
sca.check.rationale: Granting write access to this directory for non-privileged users could provide them the means for gaining unauthorized elevated privileges. Granting read access to this directory could give an unprivileged user insight in how to gain elevated privileges or circumvent auditing controls.
sca.check.remediation: - IF - cron is installed on the system: Run the following commands to set ownership and permissions on the /etc/cron.monthly directory: # chown root:root /etc/cron.monthly/ # chmod og-rwx /etc/cron.monthly/.
sca.check.compliance.cis: 2.4.1.6
sca.check.compliance.cis_csc_v8: 3.3
sca.check.compliance.cis_csc_v7: 14.6
sca.check.compliance.cmmc_v2.0: AC.L1-3.1.1,AC.L1-3.1.2,AC.L2-3.1.3,AC.L2-3.1.5,MP.L2-3.8.2
sca.check.compliance.hipaa: 164.308(a)(3)(i),164.308(a)(3)(ii)(A),164.312(a)(1)
sca.check.compliance.iso_27001-2013: A.9.1.1
sca.check.compliance.mitre_mitigations: M1018
sca.check.compliance.mitre_tactics: TA0002,TA0007
sca.check.compliance.mitre_techniques: T1053,T1053.003
sca.check.compliance.nist_sp_800-53: AC-5,AC-6
sca.check.compliance.pci_dss_v3.2.1: 7.1,7.1.1,7.1.2,7.1.3
sca.check.compliance.pci_dss_v4.0: 1.3.1,7.1
sca.check.compliance.soc_2: CC5.2,CC6.1
sca.check.command: ["stat -Lc \"%n %a %u %U %g %G\" /etc/cron.monthly/"]
sca.check.result: failed

** Alert 1757863499.436655: - sca,gdpr_IV_35.7.d,pci_dss_2.2,nist_800_53_CM.1,tsc_CC7.1,tsc_CC7.2,
2025 Sep 14 17:24:59 student-virtual-machine->sca
Rule: 19007 (level 7) -> 'CIS Ubuntu Linux 22.04 LTS Benchmark v2.0.0.: Ensure permissions on /etc/cron.d are configured.'
{"type":"check","id":380680914,"policy":"CIS Ubuntu Linux 22.04 LTS Benchmark v2.0.0.","policy_id":"cis_ubuntu22-04","check":{"id":28631,"title":"Ensure permissions on /etc/cron.d are configured.","description":"The /etc/cron.d directory contains system cron jobs that need to run in a similar manner to the hourly, daily weekly and monthly jobs from /etc/crontab, but require more granular control as to when they run. The files in this directory cannot be manipulated by the crontab command, but are instead edited by system administrators using a text editor. The commands below restrict read/write and search access to user and group root, preventing regular users from accessing this directory.","rationale":"Granting write access to this directory for non-privileged users could provide them the means for gaining unauthorized elevated privileges. Granting read access to this directory could give an unprivileged user insight in how to gain elevated privileges or circumvent auditing controls.","remediation":"- IF - cron is installed on the system: Run the following commands to set ownership and permissions on the /etc/cron.d directory: # chown root:root /etc/cron.d/ # chmod og-rwx /etc/cron.d/.","compliance":{"cis":"2.4.1.7","cis_csc_v8":"3.3","cis_csc_v7":"14.6","cmmc_v2.0":"AC.L1-3.1.1,AC.L1-3.1.2,AC.L2-3.1.3,AC.L2-3.1.5,MP.L2-3.8.2","hipaa":"164.308(a)(3)(i),164.308(a)(3)(ii)(A),164.312(a)(1)","iso_27001-2013":"A.9.1.1","mitre_mitigations":"M1018","mitre_tactics":"TA0002,TA0007","mitre_techniques":"T1053,T1053.003","nist_sp_800-53":"AC-5,AC-6","pci_dss_v3.2.1":"7.1,7.1.1,7.1.2,7.1.3","pci_dss_v4.0":"1.3.1,7.1","soc_2":"CC5.2,CC6.1"},"rules":["c:stat -Lc \"%n %a %u %U %g %G\" /etc/cron.d/ -> r:0 root 0 root && r:700"],"condition":"all","command":"stat -Lc \"%n %a %u %U %g %G\" /etc/cron.d/","result":"failed"}}
sca.type: check
sca.scan_id: 380680914
sca.policy: CIS Ubuntu Linux 22.04 LTS Benchmark v2.0.0.
sca.check.id: 28631
sca.check.title: Ensure permissions on /etc/cron.d are configured.
sca.check.description: The /etc/cron.d directory contains system cron jobs that need to run in a similar manner to the hourly, daily weekly and monthly jobs from /etc/crontab, but require more granular control as to when they run. The files in this directory cannot be manipulated by the crontab command, but are instead edited by system administrators using a text editor. The commands below restrict read/write and search access to user and group root, preventing regular users from accessing this directory.
sca.check.rationale: Granting write access to this directory for non-privileged users could provide them the means for gaining unauthorized elevated privileges. Granting read access to this directory could give an unprivileged user insight in how to gain elevated privileges or circumvent auditing controls.
sca.check.remediation: - IF - cron is installed on the system: Run the following commands to set ownership and permissions on the /etc/cron.d directory: # chown root:root /etc/cron.d/ # chmod og-rwx /etc/cron.d/.
sca.check.compliance.cis: 2.4.1.7
sca.check.compliance.cis_csc_v8: 3.3
sca.check.compliance.cis_csc_v7: 14.6
sca.check.compliance.cmmc_v2.0: AC.L1-3.1.1,AC.L1-3.1.2,AC.L2-3.1.3,AC.L2-3.1.5,MP.L2-3.8.2
sca.check.compliance.hipaa: 164.308(a)(3)(i),164.308(a)(3)(ii)(A),164.312(a)(1)
sca.check.compliance.iso_27001-2013: A.9.1.1
sca.check.compliance.mitre_mitigations: M1018
sca.check.compliance.mitre_tactics: TA0002,TA0007
sca.check.compliance.mitre_techniques: T1053,T1053.003
sca.check.compliance.nist_sp_800-53: AC-5,AC-6
sca.check.compliance.pci_dss_v3.2.1: 7.1,7.1.1,7.1.2,7.1.3
sca.check.compliance.pci_dss_v4.0: 1.3.1,7.1
sca.check.compliance.soc_2: CC5.2,CC6.1
sca.check.command: ["stat -Lc \"%n %a %u %U %g %G\" /etc/cron.d/"]
sca.check.result: failed

** Alert 1757863499.440740: - sca,gdpr_IV_35.7.d,pci_dss_2.2,nist_800_53_CM.1,tsc_CC7.1,tsc_CC7.2,
2025 Sep 14 17:24:59 student-virtual-machine->sca
Rule: 19007 (level 7) -> 'CIS Ubuntu Linux 22.04 LTS Benchmark v2.0.0.: Ensure permissions on /etc/ssh/sshd_config are configured.'
{"type":"check","id":380680914,"policy":"CIS Ubuntu Linux 22.04 LTS Benchmark v2.0.0.","policy_id":"cis_ubuntu22-04","check":{"id":28634,"title":"Ensure permissions on /etc/ssh/sshd_config are configured.","description":"The file /etc/ssh/sshd_config, and files ending in .conf in the /etc/ssh/sshd_config.d directory, contain configuration specifications for sshd.","rationale":"configuration specifications for sshd need to be protected from unauthorized changes by non-privileged users. Internal Only - General.","remediation":"Run the following script to set ownership and permissions on /etc/ssh/sshd_config and files ending in .conf in the /etc/ssh/sshd_config.d directory: #!/usr/bin/env bash { chmod u-x,og-rwx /etc/ssh/sshd_config chown root:root /etc/ssh/sshd_config while IFS= read -r -d $'\\0' l_file; do if [ -e \"$l_file\" ]; then chmod u-x,og-rwx \"$l_file\" chown root:root \"$l_file\" fi done < <(find /etc/ssh/sshd_config.d -type f -print0 2>/dev/null) } - IF - other locations are listed in an Include statement, *.conf files in these locations access should also be modified.","compliance":{"cis":"5.1.1","cis_csc_v8":"3.3","cis_csc_v7":"14.6","cmmc_v2.0":"AC.L1-3.1.1,AC.L1-3.1.2,AC.L2-3.1.3,AC.L2-3.1.5,MP.L2-3.8.2","hipaa":"164.308(a)(3)(i),164.308(a)(3)(ii)(A),164.312(a)(1)","iso_27001-2013":"A.9.1.1","mitre_mitigations":"M1022","mitre_tactics":"TA0005","mitre_techniques":"T1098,T1098.004,T1543,T1543.002","nist_sp_800-53":"AC-5,AC-6","pci_dss_v3.2.1":"7.1,7.1.1,7.1.2,7.1.3","pci_dss_v4.0":"1.3.1,7.1","soc_2":"CC5.2,CC6.1"},"rules":["c:stat -Lc \"%a %A %u %U %g %G\" /etc/ssh/sshd_config -> r:600|400 && r:0 root 0 root"],"condition":"all","command":"stat -Lc \"%a %A %u %U %g %G\" /etc/ssh/sshd_config","result":"failed"}}
sca.type: check
sca.scan_id: 380680914
sca.policy: CIS Ubuntu Linux 22.04 LTS Benchmark v2.0.0.
sca.check.id: 28634
sca.check.title: Ensure permissions on /etc/ssh/sshd_config are configured.
sca.check.description: The file /etc/ssh/sshd_config, and files ending in .conf in the /etc/ssh/sshd_config.d directory, contain configuration specifications for sshd.
sca.check.rationale: configuration specifications for sshd need to be protected from unauthorized changes by non-privileged users. Internal Only - General.
sca.check.remediation: Run the following script to set ownership and permissions on /etc/ssh/sshd_config and files ending in .conf in the /etc/ssh/sshd_config.d directory: #!/usr/bin/env bash { chmod u-x,og-rwx /etc/ssh/sshd_config chown root:root /etc/ssh/sshd_config while IFS= read -r -d $'\0' l_file; do if [ -e "$l_file" ]; then chmod u-x,og-rwx "$l_file" chown root:root "$l_file" fi done < <(find /etc/ssh/sshd_config.d -type f -print0 2>/dev/null) } - IF - other locations are listed in an Include statement, *.conf files in these locations access should also be modified.
sca.check.compliance.cis: 5.1.1
sca.check.compliance.cis_csc_v8: 3.3
sca.check.compliance.cis_csc_v7: 14.6
sca.check.compliance.cmmc_v2.0: AC.L1-3.1.1,AC.L1-3.1.2,AC.L2-3.1.3,AC.L2-3.1.5,MP.L2-3.8.2
sca.check.compliance.hipaa: 164.308(a)(3)(i),164.308(a)(3)(ii)(A),164.312(a)(1)
sca.check.compliance.iso_27001-2013: A.9.1.1
sca.check.compliance.mitre_mitigations: M1022
sca.check.compliance.mitre_tactics: TA0005
sca.check.compliance.mitre_techniques: T1098,T1098.004,T1543,T1543.002
sca.check.compliance.nist_sp_800-53: AC-5,AC-6
sca.check.compliance.pci_dss_v3.2.1: 7.1,7.1.1,7.1.2,7.1.3
sca.check.compliance.pci_dss_v4.0: 1.3.1,7.1
sca.check.compliance.soc_2: CC5.2,CC6.1
sca.check.command: ["stat -Lc \"%a %A %u %U %g %G\" /etc/ssh/sshd_config"]
sca.check.result: failed

** Alert 1757863499.444647: - sca,gdpr_IV_35.7.d,pci_dss_2.2,nist_800_53_CM.1,tsc_CC7.1,tsc_CC7.2,
2025 Sep 14 17:24:59 student-virtual-machine->sca
Rule: 19009 (level 3) -> 'CIS Ubuntu Linux 22.04 LTS Benchmark v2.0.0.: Ensure sshd access is configured.'
{"type":"check","id":380680914,"policy":"CIS Ubuntu Linux 22.04 LTS Benchmark v2.0.0.","policy_id":"cis_ubuntu22-04","check":{"id":28635,"title":"Ensure sshd access is configured.","description":"There are several options available to limit which users and group can access the system via SSH. It is recommended that at least one of the following options be leveraged: - AllowUsers: o The AllowUsers variable gives the system administrator the option of allowing specific users to ssh into the system. The list consists of space separated user names. Numeric user IDs are not recognized with this variable. If a system administrator wants to restrict user access further by only allowing the allowed users to log in from a particular host, the entry can be specified in the form of user@host. - AllowGroups: o The AllowGroups variable gives the system administrator the option of allowing specific groups of users to ssh into the system. The list consists of space separated group names. Numeric group IDs are not recognized with this variable. - DenyUsers: o The DenyUsers variable gives the system administrator the option of denying specific users to ssh into the system. The list consists of space separated user names. Numeric user IDs are not recognized with this variable. If a system administrator wants to restrict user access further by specifically denying a user's access from a particular host, the entry can be specified in the form of user@host. - DenyGroups: o The DenyGroups variable gives the system administrator the option of denying specific groups of users to ssh into the system. The list consists of space separated group names. Numeric group IDs are not recognized with this variable.","rationale":"Restricting which users can remotely access the system via SSH will help ensure that only authorized users access the system. Internal Only - General.","remediation":"Edit the /etc/ssh/sshd_config file to set one or more of the parameters above any Include and Match set statements as follows: AllowUsers <userlist> - AND/OR - AllowGroups <grouplist> Note: - First occurrence of a option takes precedence, Match set statements withstanding. If Include locations are enabled, used, and order of precedence is understood in your environment, the entry may be created in a .conf file in a Include directory. It is easier to manage an allow list than a deny list. In a deny list, you could potentially add a user or group and forget to add it to the deny list. -.","compliance":{"cis":"5.1.4","cis_csc_v8":"3.3","cis_csc_v7":"4.3","cmmc_v2.0":"AC.L1-3.1.1,AC.L1-3.1.2,AC.L2-3.1.3,AC.L2-3.1.5,MP.L2-3.8.2","hipaa":"164.308(a)(3)(i),164.308(a)(3)(ii)(A),164.312(a)(1)","iso_27001-2013":"A.9.2.3","mitre_mitigations":"M1018","mitre_tactics":"TA0008","mitre_techniques":"T1021,T1021.004","nist_sp_800-53":"AC-5,AC-6","pci_dss_v3.2.1":"7.1,7.1.1,7.1.2,7.1.3","pci_dss_v4.0":"1.3.1,7.1","soc_2":"CC5.2,CC6.1"},"rules":["c:sshd -T -> r:^\\s*\\t*Allowusers\\s*\\t*\\w+|^\\s*\\t*Denyusers\\s*\\t*\\w+|^\\s*\\t*Allowgroups\\s*\\t*\\w+|^\\s*\\t*Denygroups\\s*\\t*\\w+","f:/etc/ssh/sshd_config -> r:^\\s*\\t*Allowusers\\s*\\t*\\w+|^\\s*\\t*Denyusers\\s*\\t*\\w+|^\\s*\\t*Allowgroups\\s*\\t*\\w+|^\\s*\\t*Denygroups\\s*\\t*\\w+"],"condition":"any","file":"/etc/ssh/sshd_config","command":"sshd -T","status":"Not applicable","reason":"Invalid path or wrong permissions to run command 'sshd -T'"}}
sca.type: check
sca.scan_id: 380680914
sca.policy: CIS Ubuntu Linux 22.04 LTS Benchmark v2.0.0.
sca.check.id: 28635
sca.check.title: Ensure sshd access is configured.
sca.check.description: There are several options available to limit which users and group can access the system via SSH. It is recommended that at least one of the following options be leveraged: - AllowUsers: o The AllowUsers variable gives the system administrator the option of allowing specific users to ssh into the system. The list consists of space separated user names. Numeric user IDs are not recognized with this variable. If a system administrator wants to restrict user access further by only allowing the allowed users to log in from a particular host, the entry can be specified in the form of user@host. - AllowGroups: o The AllowGroups variable gives the system administrator the option of allowing specific groups of users to ssh into the system. The list consists of space separated group names. Numeric group IDs are not recognized with this variable. - DenyUsers: o The DenyUsers variable gives the system administrator the option of denying specific users to ssh into the system. The list consists of space separated user names. Numeric user IDs are not recognized with this variable. If a system administrator wants to restrict user access further by specifically denying a user's access from a particular host, the entry can be specified in the form of user@host. - DenyGroups: o The DenyGroups variable gives the system administrator the option of denying specific groups of users to ssh into the system. The list consists of space separated group names. Numeric group IDs are not recognized with this variable.
sca.check.rationale: Restricting which users can remotely access the system via SSH will help ensure that only authorized users access the system. Internal Only - General.
sca.check.remediation: Edit the /etc/ssh/sshd_config file to set one or more of the parameters above any Include and Match set statements as follows: AllowUsers <userlist> - AND/OR - AllowGroups <grouplist> Note: - First occurrence of a option takes precedence, Match set statements withstanding. If Include locations are enabled, used, and order of precedence is understood in your environment, the entry may be created in a .conf file in a Include directory. It is easier to manage an allow list than a deny list. In a deny list, you could potentially add a user or group and forget to add it to the deny list. -.
sca.check.compliance.cis: 5.1.4
sca.check.compliance.cis_csc_v8: 3.3
sca.check.compliance.cis_csc_v7: 4.3
sca.check.compliance.cmmc_v2.0: AC.L1-3.1.1,AC.L1-3.1.2,AC.L2-3.1.3,AC.L2-3.1.5,MP.L2-3.8.2
sca.check.compliance.hipaa: 164.308(a)(3)(i),164.308(a)(3)(ii)(A),164.312(a)(1)
sca.check.compliance.iso_27001-2013: A.9.2.3
sca.check.compliance.mitre_mitigations: M1018
sca.check.compliance.mitre_tactics: TA0008
sca.check.compliance.mitre_techniques: T1021,T1021.004
sca.check.compliance.nist_sp_800-53: AC-5,AC-6
sca.check.compliance.pci_dss_v3.2.1: 7.1,7.1.1,7.1.2,7.1.3
sca.check.compliance.pci_dss_v4.0: 1.3.1,7.1
sca.check.compliance.soc_2: CC5.2,CC6.1
sca.check.file: ["/etc/ssh/sshd_config"]
sca.check.command: ["sshd -T"]
sca.check.result: not applicable
sca.check.reason: Invalid path or wrong permissions to run command 'sshd -T'

** Alert 1757863499.451639: - sca,gdpr_IV_35.7.d,pci_dss_2.2,nist_800_53_CM.1,tsc_CC7.1,tsc_CC7.2,
2025 Sep 14 17:24:59 student-virtual-machine->sca
Rule: 19009 (level 3) -> 'CIS Ubuntu Linux 22.04 LTS Benchmark v2.0.0.: Ensure sshd LogLevel is configured.'
{"type":"check","id":380680914,"policy":"CIS Ubuntu Linux 22.04 LTS Benchmark v2.0.0.","policy_id":"cis_ubuntu22-04","check":{"id":28636,"title":"Ensure sshd LogLevel is configured.","description":"SSH provides several logging levels with varying amounts of verbosity. The DEBUG options are specifically not recommended other than strictly for debugging SSH communications. These levels provide so much data that it is difficult to identify important security information, and may violate the privacy of users.","rationale":"The INFO level is the basic level that only records login activity of SSH users. In many situations, such as Incident Response, it is important to determine when a particular user was active on a system. The logout record can eliminate those users who disconnected, which helps narrow the field. The VERBOSE level specifies that login and logout activity as well as the key fingerprint for any SSH key used for login will be logged. This information is important for SSH key management, especially in legacy environments.","remediation":"Edit the /etc/ssh/sshd_config file to set the LogLevel parameter to VERBOSE or INFO above any Include and Match entries as follows: LogLevel VERBOSE - OR - LogLevel INFO Note: First occurrence of an option takes precedence, Match set statements withstanding. If Include locations are enabled, used, and order of precedence is understood in your environment, the entry may be created in a file in Include location.","compliance":{"cis":"5.1.14","cis_csc_v8":"8.2","cis_csc_v7":"6.2,6.3","cmmc_v2.0":"AU.L2-3.3.1","hipaa":"164.312(b)","iso_27001-2013":"A.12.4.1","mitre_tactics":"TA0005","mitre_techniques":"T1562,T1562.006","nist_sp_800-53":"AU-7","pci_dss_v3.2.1":"10.2,10.3","pci_dss_v4.0":"10.2.1,10.2.1.1,10.2.1.2,10.2.1.3,10.2.1.4,10.2.1.5,10.2.1.6,10.2.1.7,10.2.2,5.3.4,6.4.1,6.4.2"},"rules":["c:sshd -T -> r:^\\s*LogLevel\\s+VERBOSE|^\\s*loglevel\\s+INFO"],"condition":"all","references":"https://www.ssh.com/ssh/sshd_config/","command":"sshd -T","status":"Not applicable","reason":"Invalid path or wrong permissions to run command 'sshd -T'"}}
sca.type: check
sca.scan_id: 380680914
sca.policy: CIS Ubuntu Linux 22.04 LTS Benchmark v2.0.0.
sca.check.id: 28636
sca.check.title: Ensure sshd LogLevel is configured.
sca.check.description: SSH provides several logging levels with varying amounts of verbosity. The DEBUG options are specifically not recommended other than strictly for debugging SSH communications. These levels provide so much data that it is difficult to identify important security information, and may violate the privacy of users.
sca.check.rationale: The INFO level is the basic level that only records login activity of SSH users. In many situations, such as Incident Response, it is important to determine when a particular user was active on a system. The logout record can eliminate those users who disconnected, which helps narrow the field. The VERBOSE level specifies that login and logout activity as well as the key fingerprint for any SSH key used for login will be logged. This information is important for SSH key management, especially in legacy environments.
sca.check.remediation: Edit the /etc/ssh/sshd_config file to set the LogLevel parameter to VERBOSE or INFO above any Include and Match entries as follows: LogLevel VERBOSE - OR - LogLevel INFO Note: First occurrence of an option takes precedence, Match set statements withstanding. If Include locations are enabled, used, and order of precedence is understood in your environment, the entry may be created in a file in Include location.
sca.check.compliance.cis: 5.1.14
sca.check.compliance.cis_csc_v8: 8.2
sca.check.compliance.cis_csc_v7: 6.2,6.3
sca.check.compliance.cmmc_v2.0: AU.L2-3.3.1
sca.check.compliance.hipaa: 164.312(b)
sca.check.compliance.iso_27001-2013: A.12.4.1
sca.check.compliance.mitre_tactics: TA0005
sca.check.compliance.mitre_techniques: T1562,T1562.006
sca.check.compliance.nist_sp_800-53: AU-7
sca.check.compliance.pci_dss_v3.2.1: 10.2,10.3
sca.check.compliance.pci_dss_v4.0: 10.2.1,10.2.1.1,10.2.1.2,10.2.1.3,10.2.1.4,10.2.1.5,10.2.1.6,10.2.1.7,10.2.2,5.3.4,6.4.1,6.4.2
sca.check.references: https://www.ssh.com/ssh/sshd_config/
sca.check.command: ["sshd -T"]
sca.check.result: not applicable
sca.check.reason: Invalid path or wrong permissions to run command 'sshd -T'

** Alert 1757863499.456254: - sca,gdpr_IV_35.7.d,pci_dss_2.2,nist_800_53_CM.1,tsc_CC7.1,tsc_CC7.2,
2025 Sep 14 17:24:59 student-virtual-machine->sca
Rule: 19009 (level 3) -> 'CIS Ubuntu Linux 22.04 LTS Benchmark v2.0.0.: Ensure sshd UsePAM is enabled.'
{"type":"check","id":380680914,"policy":"CIS Ubuntu Linux 22.04 LTS Benchmark v2.0.0.","policy_id":"cis_ubuntu22-04","check":{"id":28637,"title":"Ensure sshd UsePAM is enabled.","description":"The UsePAM directive enables the Pluggable Authentication Module (PAM) interface. If set to yes this will enable PAM authentication using ChallengeResponseAuthentication and PasswordAuthentication directives in addition to PAM account and session module processing for all authentication types.","rationale":"When usePAM is set to yes, PAM runs through account and session types properly. This is important if you want to restrict access to services based off of IP, time or other factors of the account. Additionally, you can make sure users inherit certain environment variables on login or disallow access to the server.","remediation":"Edit the /etc/ssh/sshd_config file to set the UsePAM parameter to yes above any Include entries as follows: UsePAM yes Note: First occurrence of an option takes precedence. If Include locations are enabled, used, and order of precedence is understood in your environment, the entry may be created in a file in Include location.","compliance":{"cis":"5.1.22","cis_csc_v8":"5.2","cis_csc_v7":"4.4","cmmc_v2.0":"IA.L2-3.5.7","iso_27001-2013":"A.9.4.3","mitre_mitigations":"M1035","mitre_tactics":"TA0001","mitre_techniques":"T1021,T1021.004","pci_dss_v4.0":"2.2.2,8.3.5,8.3.6,8.6.3","soc_2":"CC6.1"},"rules":["c:sshd -T -> r:^\\s*usepam\\s*\\t*yes"],"condition":"all","command":"sshd -T","status":"Not applicable","reason":"Invalid path or wrong permissions to run command 'sshd -T'"}}
sca.type: check
sca.scan_id: 380680914
sca.policy: CIS Ubuntu Linux 22.04 LTS Benchmark v2.0.0.
sca.check.id: 28637
sca.check.title: Ensure sshd UsePAM is enabled.
sca.check.description: The UsePAM directive enables the Pluggable Authentication Module (PAM) interface. If set to yes this will enable PAM authentication using ChallengeResponseAuthentication and PasswordAuthentication directives in addition to PAM account and session module processing for all authentication types.
sca.check.rationale: When usePAM is set to yes, PAM runs through account and session types properly. This is important if you want to restrict access to services based off of IP, time or other factors of the account. Additionally, you can make sure users inherit certain environment variables on login or disallow access to the server.
sca.check.remediation: Edit the /etc/ssh/sshd_config file to set the UsePAM parameter to yes above any Include entries as follows: UsePAM yes Note: First occurrence of an option takes precedence. If Include locations are enabled, used, and order of precedence is understood in your environment, the entry may be created in a file in Include location.
sca.check.compliance.cis: 5.1.22
sca.check.compliance.cis_csc_v8: 5.2
sca.check.compliance.cis_csc_v7: 4.4
sca.check.compliance.cmmc_v2.0: IA.L2-3.5.7
sca.check.compliance.iso_27001-2013: A.9.4.3
sca.check.compliance.mitre_mitigations: M1035
sca.check.compliance.mitre_tactics: TA0001
sca.check.compliance.mitre_techniques: T1021,T1021.004
sca.check.compliance.pci_dss_v4.0: 2.2.2,8.3.5,8.3.6,8.6.3
sca.check.compliance.soc_2: CC6.1
sca.check.command: ["sshd -T"]
sca.check.result: not applicable
sca.check.reason: Invalid path or wrong permissions to run command 'sshd -T'

** Alert 1757863499.459867: - sca,gdpr_IV_35.7.d,pci_dss_2.2,nist_800_53_CM.1,tsc_CC7.1,tsc_CC7.2,
2025 Sep 14 17:24:59 student-virtual-machine->sca
Rule: 19009 (level 3) -> 'CIS Ubuntu Linux 22.04 LTS Benchmark v2.0.0.: Ensure sshd PermitRootLogin is disabled.'
{"type":"check","id":380680914,"policy":"CIS Ubuntu Linux 22.04 LTS Benchmark v2.0.0.","policy_id":"cis_ubuntu22-04","check":{"id":28638,"title":"Ensure sshd PermitRootLogin is disabled.","description":"The PermitRootLogin parameter specifies if the root user can log in using SSH. The default is prohibit-password.","rationale":"Disallowing root logins over SSH requires system admins to authenticate using their own individual account, then escalating to root. This limits opportunity for non-repudiation and provides a clear audit trail in the event of a security incident.","remediation":"Edit the /etc/ssh/sshd_config file to set the PermitRootLogin parameter to no above any Include and Match entries as follows: PermitRootLogin no Note: First occurrence of an option takes precedence, Match set statements withstanding. If Include locations are enabled, used, and order of precedence is understood in your environment, the entry may be created in a file in Include location. Internal Only - General.","compliance":{"cis":"5.1.20","cis_csc_v8":"5.4","cis_csc_v7":"4.3","cmmc_v2.0":"AC.L2-3.1.5,AC.L2-3.1.6,AC.L2-3.1.7,SC.L2-3.13.3","iso_27001-2013":"A.9.2.3","mitre_mitigations":"M1042","mitre_tactics":"TA0008","mitre_techniques":"T1021","nist_sp_800-53":"AC-6(2),AC-6(5)","pci_dss_v3.2.1":"7.1,7.1.1,7.1.2,7.1.3","soc_2":"CC6.1,CC6.3"},"rules":["c:sshd -T -> r:PermitRootLogin\\s*\\t*no"],"condition":"all","command":"sshd -T","status":"Not applicable","reason":"Invalid path or wrong permissions to run command 'sshd -T'"}}
sca.type: check
sca.scan_id: 380680914
sca.policy: CIS Ubuntu Linux 22.04 LTS Benchmark v2.0.0.
sca.check.id: 28638
sca.check.title: Ensure sshd PermitRootLogin is disabled.
sca.check.description: The PermitRootLogin parameter specifies if the root user can log in using SSH. The default is prohibit-password.
sca.check.rationale: Disallowing root logins over SSH requires system admins to authenticate using their own individual account, then escalating to root. This limits opportunity for non-repudiation and provides a clear audit trail in the event of a security incident.
sca.check.remediation: Edit the /etc/ssh/sshd_config file to set the PermitRootLogin parameter to no above any Include and Match entries as follows: PermitRootLogin no Note: First occurrence of an option takes precedence, Match set statements withstanding. If Include locations are enabled, used, and order of precedence is understood in your environment, the entry may be created in a file in Include location. Internal Only - General.
sca.check.compliance.cis: 5.1.20
sca.check.compliance.cis_csc_v8: 5.4
sca.check.compliance.cis_csc_v7: 4.3
sca.check.compliance.cmmc_v2.0: AC.L2-3.1.5,AC.L2-3.1.6,AC.L2-3.1.7,SC.L2-3.13.3
sca.check.compliance.iso_27001-2013: A.9.2.3
sca.check.compliance.mitre_mitigations: M1042
sca.check.compliance.mitre_tactics: TA0008
sca.check.compliance.mitre_techniques: T1021
sca.check.compliance.nist_sp_800-53: AC-6(2),AC-6(5)
sca.check.compliance.pci_dss_v3.2.1: 7.1,7.1.1,7.1.2,7.1.3
sca.check.compliance.soc_2: CC6.1,CC6.3
sca.check.command: ["sshd -T"]
sca.check.result: not applicable
sca.check.reason: Invalid path or wrong permissions to run command 'sshd -T'

** Alert 1757863500.463339: - sca,gdpr_IV_35.7.d,pci_dss_2.2,nist_800_53_CM.1,tsc_CC7.1,tsc_CC7.2,
2025 Sep 14 17:25:00 student-virtual-machine->sca
Rule: 19009 (level 3) -> 'CIS Ubuntu Linux 22.04 LTS Benchmark v2.0.0.: Ensure sshd HostbasedAuthentication is disabled.'
{"type":"check","id":380680914,"policy":"CIS Ubuntu Linux 22.04 LTS Benchmark v2.0.0.","policy_id":"cis_ubuntu22-04","check":{"id":28639,"title":"Ensure sshd HostbasedAuthentication is disabled.","description":"The HostbasedAuthentication parameter specifies if authentication is allowed through trusted hosts via the user of .rhosts, or /etc/hosts.equiv, along with successful public key client host authentication.","rationale":"Even though the .rhosts files are ineffective if support is disabled in /etc/pam.conf, disabling the ability to use .rhosts files in SSH provides an additional layer of protection.","remediation":"Edit the /etc/ssh/sshd_config file to set the HostbasedAuthentication parameter to no above any Include and Match entries as follows: HostbasedAuthentication no Note: First occurrence of an option takes precedence, Match set statements withstanding. If Include locations are enabled, used, and order of precedence is understood in your environment, the entry may be created in a file in Include location.","compliance":{"cis":"5.1.10","mitre_mitigations":"M1042","mitre_tactics":"TA0001","mitre_techniques":"T1078,T1078.001,T1078.003"},"rules":["c:sshd -T -> r:\\s*HostbasedAuthentication\\s*\\t*no"],"condition":"all","command":"sshd -T","status":"Not applicable","reason":"Invalid path or wrong permissions to run command 'sshd -T'"}}
sca.type: check
sca.scan_id: 380680914
sca.policy: CIS Ubuntu Linux 22.04 LTS Benchmark v2.0.0.
sca.check.id: 28639
sca.check.title: Ensure sshd HostbasedAuthentication is disabled.
sca.check.description: The HostbasedAuthentication parameter specifies if authentication is allowed through trusted hosts via the user of .rhosts, or /etc/hosts.equiv, along with successful public key client host authentication.
sca.check.rationale: Even though the .rhosts files are ineffective if support is disabled in /etc/pam.conf, disabling the ability to use .rhosts files in SSH provides an additional layer of protection.
sca.check.remediation: Edit the /etc/ssh/sshd_config file to set the HostbasedAuthentication parameter to no above any Include and Match entries as follows: HostbasedAuthentication no Note: First occurrence of an option takes precedence, Match set statements withstanding. If Include locations are enabled, used, and order of precedence is understood in your environment, the entry may be created in a file in Include location.
sca.check.compliance.cis: 5.1.10
sca.check.compliance.mitre_mitigations: M1042
sca.check.compliance.mitre_tactics: TA0001
sca.check.compliance.mitre_techniques: T1078,T1078.001,T1078.003
sca.check.command: ["sshd -T"]
sca.check.result: not applicable
sca.check.reason: Invalid path or wrong permissions to run command 'sshd -T'

** Alert 1757863500.466345: - sca,gdpr_IV_35.7.d,pci_dss_2.2,nist_800_53_CM.1,tsc_CC7.1,tsc_CC7.2,
2025 Sep 14 17:25:00 student-virtual-machine->sca
Rule: 19009 (level 3) -> 'CIS Ubuntu Linux 22.04 LTS Benchmark v2.0.0.: Ensure sshd PermitEmptyPasswords is disabled.'
{"type":"check","id":380680914,"policy":"CIS Ubuntu Linux 22.04 LTS Benchmark v2.0.0.","policy_id":"cis_ubuntu22-04","check":{"id":28640,"title":"Ensure sshd PermitEmptyPasswords is disabled.","description":"The PermitEmptyPasswords parameter specifies if the SSH server allows login to accounts with empty password strings.","rationale":"Disallowing remote shell access to accounts that have an empty password reduces the probability of unauthorized access to the system.","remediation":"Edit /etc/ssh/sshd_config and set the PermitEmptyPasswords parameter to no above any Include and Match entries as follows: PermitEmptyPasswords no Note: First occurrence of an option takes precedence, Match set statements withstanding. If Include locations are enabled, used, and order of precedence is understood in your environment, the entry may be created in a file in Include location. Internal Only - General.","compliance":{"cis":"5.1.19","cis_csc_v8":"5.2","cis_csc_v7":"4.4","cmmc_v2.0":"IA.L2-3.5.7","iso_27001-2013":"A.9.4.3","mitre_mitigations":"M1042","mitre_tactics":"TA0008","mitre_techniques":"T1021","pci_dss_v4.0":"2.2.2,8.3.5,8.3.6,8.6.3","soc_2":"CC6.1"},"rules":["c:sshd -T -> r:PermitEmptyPasswords\\s*\\t*no"],"condition":"all","command":"sshd -T","status":"Not applicable","reason":"Invalid path or wrong permissions to run command 'sshd -T'"}}
sca.type: check
sca.scan_id: 380680914
sca.policy: CIS Ubuntu Linux 22.04 LTS Benchmark v2.0.0.
sca.check.id: 28640
sca.check.title: Ensure sshd PermitEmptyPasswords is disabled.
sca.check.description: The PermitEmptyPasswords parameter specifies if the SSH server allows login to accounts with empty password strings.
sca.check.rationale: Disallowing remote shell access to accounts that have an empty password reduces the probability of unauthorized access to the system.
sca.check.remediation: Edit /etc/ssh/sshd_config and set the PermitEmptyPasswords parameter to no above any Include and Match entries as follows: PermitEmptyPasswords no Note: First occurrence of an option takes precedence, Match set statements withstanding. If Include locations are enabled, used, and order of precedence is understood in your environment, the entry may be created in a file in Include location. Internal Only - General.
sca.check.compliance.cis: 5.1.19
sca.check.compliance.cis_csc_v8: 5.2
sca.check.compliance.cis_csc_v7: 4.4
sca.check.compliance.cmmc_v2.0: IA.L2-3.5.7
sca.check.compliance.iso_27001-2013: A.9.4.3
sca.check.compliance.mitre_mitigations: M1042
sca.check.compliance.mitre_tactics: TA0008
sca.check.compliance.mitre_techniques: T1021
sca.check.compliance.pci_dss_v4.0: 2.2.2,8.3.5,8.3.6,8.6.3
sca.check.compliance.soc_2: CC6.1
sca.check.command: ["sshd -T"]
sca.check.result: not applicable
sca.check.reason: Invalid path or wrong permissions to run command 'sshd -T'

** Alert 1757863500.469449: - sca,gdpr_IV_35.7.d,pci_dss_2.2,nist_800_53_CM.1,tsc_CC7.1,tsc_CC7.2,
2025 Sep 14 17:25:00 student-virtual-machine->sca
Rule: 19009 (level 3) -> 'CIS Ubuntu Linux 22.04 LTS Benchmark v2.0.0.: Ensure sshd PermitUserEnvironment is disabled.'
{"type":"check","id":380680914,"policy":"CIS Ubuntu Linux 22.04 LTS Benchmark v2.0.0.","policy_id":"cis_ubuntu22-04","check":{"id":28641,"title":"Ensure sshd PermitUserEnvironment is disabled.","description":"The PermitUserEnvironment option allows users to present environment options to the SSH daemon.","rationale":"Permitting users the ability to set environment variables through the SSH daemon could potentially allow users to bypass security controls (e.g. setting an execution path that has SSH executing trojan'd programs).","remediation":"Edit the /etc/ssh/sshd_config file to set the PermitUserEnvironment parameter to no above any Include entries as follows: PermitUserEnvironment no Note: First occurrence of an option takes precedence. If Include locations are enabled, used, and order of precedence is understood in your environment, the entry may be created in a file in Include location.","compliance":{"cis":"5.1.21","mitre_mitigations":"M1042","mitre_tactics":"TA0008","mitre_techniques":"T1021"},"rules":["c:sshd -T -> r:PermitUserEnvironment\\s*\\t*no"],"condition":"all","command":"sshd -T","status":"Not applicable","reason":"Invalid path or wrong permissions to run command 'sshd -T'"}}
sca.type: check
sca.scan_id: 380680914
sca.policy: CIS Ubuntu Linux 22.04 LTS Benchmark v2.0.0.
sca.check.id: 28641
sca.check.title: Ensure sshd PermitUserEnvironment is disabled.
sca.check.description: The PermitUserEnvironment option allows users to present environment options to the SSH daemon.
sca.check.rationale: Permitting users the ability to set environment variables through the SSH daemon could potentially allow users to bypass security controls (e.g. setting an execution path that has SSH executing trojan'd programs).
sca.check.remediation: Edit the /etc/ssh/sshd_config file to set the PermitUserEnvironment parameter to no above any Include entries as follows: PermitUserEnvironment no Note: First occurrence of an option takes precedence. If Include locations are enabled, used, and order of precedence is understood in your environment, the entry may be created in a file in Include location.
sca.check.compliance.cis: 5.1.21
sca.check.compliance.mitre_mitigations: M1042
sca.check.compliance.mitre_tactics: TA0008
sca.check.compliance.mitre_techniques: T1021
sca.check.command: ["sshd -T"]
sca.check.result: not applicable
sca.check.reason: Invalid path or wrong permissions to run command 'sshd -T'

** Alert 1757863500.472151: - sca,gdpr_IV_35.7.d,pci_dss_2.2,nist_800_53_CM.1,tsc_CC7.1,tsc_CC7.2,
2025 Sep 14 17:25:00 student-virtual-machine->sca
Rule: 19009 (level 3) -> 'CIS Ubuntu Linux 22.04 LTS Benchmark v2.0.0.: Ensure sshd IgnoreRhosts is enabled.'
{"type":"check","id":380680914,"policy":"CIS Ubuntu Linux 22.04 LTS Benchmark v2.0.0.","policy_id":"cis_ubuntu22-04","check":{"id":28642,"title":"Ensure sshd IgnoreRhosts is enabled.","description":"The IgnoreRhosts parameter specifies that .rhosts and .shosts files will not be used in RhostsRSAAuthentication or HostbasedAuthentication.","rationale":"Setting this parameter forces users to enter a password when authenticating with SSH.","remediation":"Edit the /etc/ssh/sshd_config file to set the IgnoreRhosts parameter to yes above any Include and Match entries as follows: IgnoreRhosts yes Note: First occurrence of a option takes precedence, Match set statements withstanding. If Include locations are enabled, used, and order of precedence is understood in your environment, the entry may be created in a file in Include location.","compliance":{"cis":"5.1.11","cis_csc_v8":"5.2","cis_csc_v7":"4.4","cmmc_v2.0":"IA.L2-3.5.7","iso_27001-2013":"A.9.4.3","mitre_mitigations":"M1027","mitre_tactics":"TA0001","mitre_techniques":"T1078,T1078.001,T1078.003","pci_dss_v4.0":"2.2.2,8.3.5,8.3.6,8.6.3","soc_2":"CC6.1"},"rules":["c:sshd -T -> r:\\s*ignorerhosts\\s*\\t*yes"],"condition":"all","command":"sshd -T","status":"Not applicable","reason":"Invalid path or wrong permissions to run command 'sshd -T'"}}
sca.type: check
sca.scan_id: 380680914
sca.policy: CIS Ubuntu Linux 22.04 LTS Benchmark v2.0.0.
sca.check.id: 28642
sca.check.title: Ensure sshd IgnoreRhosts is enabled.
sca.check.description: The IgnoreRhosts parameter specifies that .rhosts and .shosts files will not be used in RhostsRSAAuthentication or HostbasedAuthentication.
sca.check.rationale: Setting this parameter forces users to enter a password when authenticating with SSH.
sca.check.remediation: Edit the /etc/ssh/sshd_config file to set the IgnoreRhosts parameter to yes above any Include and Match entries as follows: IgnoreRhosts yes Note: First occurrence of a option takes precedence, Match set statements withstanding. If Include locations are enabled, used, and order of precedence is understood in your environment, the entry may be created in a file in Include location.
sca.check.compliance.cis: 5.1.11
sca.check.compliance.cis_csc_v8: 5.2
sca.check.compliance.cis_csc_v7: 4.4
sca.check.compliance.cmmc_v2.0: IA.L2-3.5.7
sca.check.compliance.iso_27001-2013: A.9.4.3
sca.check.compliance.mitre_mitigations: M1027
sca.check.compliance.mitre_tactics: TA0001
sca.check.compliance.mitre_techniques: T1078,T1078.001,T1078.003
sca.check.compliance.pci_dss_v4.0: 2.2.2,8.3.5,8.3.6,8.6.3
sca.check.compliance.soc_2: CC6.1
sca.check.command: ["sshd -T"]
sca.check.result: not applicable
sca.check.reason: Invalid path or wrong permissions to run command 'sshd -T'

** Alert 1757863500.475151: - sca,gdpr_IV_35.7.d,pci_dss_2.2,nist_800_53_CM.1,tsc_CC7.1,tsc_CC7.2,
2025 Sep 14 17:25:00 student-virtual-machine->sca
Rule: 19009 (level 3) -> 'CIS Ubuntu Linux 22.04 LTS Benchmark v2.0.0.: Ensure sshd Ciphers are configured.'
{"type":"check","id":380680914,"policy":"CIS Ubuntu Linux 22.04 LTS Benchmark v2.0.0.","policy_id":"cis_ubuntu22-04","check":{"id":28644,"title":"Ensure sshd Ciphers are configured.","description":"This variable limits the ciphers that SSH can use during communication. Notes: - Some organizations may have stricter requirements for approved ciphers. - Ensure that ciphers used are in compliance with site policy. - The only \"strong\" ciphers currently FIPS 140 compliant are: o aes256-gcm@openssh.com o aes128-gcm@openssh.com o aes256-ctr o aes192-ctr o aes128-ctr.","rationale":"Weak ciphers that are used for authentication to the cryptographic module cannot be relied upon to provide confidentiality or integrity, and system data may be compromised. - The Triple DES ciphers, as used in SSH, have a birthday bound of approximately four billion blocks, which makes it easier for remote attackers to obtain clear text data via a birthday attack against a long-duration encrypted session, aka a \"Sweet32\" attack. - Error handling in the SSH protocol; Client and Server, when using a block cipher algorithm in Cipher Block Chaining (CBC) mode, makes it easier for remote attackers to recover certain plain text data from an arbitrary block of cipher text in an SSH session via unknown vectors. Internal Only - General.","remediation":"Edit the /etc/ssh/sshd_config file and add/modify the Ciphers line to contain a comma separated list of the site unapproved (weak) Ciphers preceded with a - above any Include entries: Example: Ciphers -3des-cbc,aes128-cbc,aes192-cbc,aes256-cbc,chacha20- poly1305@openssh.com - IF - CVE-2023-48795 has been addressed, and it meets local site policy, chacha20-poly1305@openssh.com may be removed from the list of excluded ciphers. Note: First occurrence of an option takes precedence. If Include locations are enabled, used, and order of precedence is understood in your environment, the entry may be created in a file in Include location.","compliance":{"cis":"5.1.6","cis_csc_v8":"3.10","cis_csc_v7":"14.4","cmmc_v2.0":"AC.L2-3.1.13,AC.L2-3.1.17,IA.L2-3.5.10,SC.L2-3.13.11,SC.L2-3.13.15,SC.L2-3.13.8","hipaa":"164.312(a)(2)(iv),164.312(e)(1),164.312(e)(2)(i),164.312(e)(2)(ii)","iso_27001-2013":"A.10.1.1,A.13.1.1","mitre_mitigations":"M1041","mitre_tactics":"TA0006","mitre_techniques":"T1040,T1557","nist_sp_800-53":"AC-17(2),SC-8,SC-8(1)","pci_dss_v3.2.1":"2.1.1,4.1,4.1.1,8.2.1","pci_dss_v4.0":"2.2.7,4.1.1,4.2.1,4.2.1.2,4.2.2,8.3.2"},"rules":["c:sshd -T -> r:^Ciphers && r:3des-cbc|aes128-cbc|aes192-cbc|aes256-cbc|arcfour|arcfour128|arcfour256|blowfish-cbc|cast128-cbc|rijndael-cbc@lysator.liu.se"],"condition":"none","references":"https://nvd.nist.gov/vuln/detail/CVE-2023-48795,https://nvd.nist.gov/vuln/detail/CVE-2019-1543,https://nvd.nist.gov/vuln/detail/CVE-2016-2183,https://nvd.nist.gov/vuln/detail/CVE-2008-5161,https://www.openssh.com/txt/cbc.adv","command":"sshd -T","status":"Not applicable","reason":"Invalid path or wrong permissions to run command 'sshd -T'"}}
sca.type: check
sca.scan_id: 380680914
sca.policy: CIS Ubuntu Linux 22.04 LTS Benchmark v2.0.0.
sca.check.id: 28644
sca.check.title: Ensure sshd Ciphers are configured.
sca.check.description: This variable limits the ciphers that SSH can use during communication. Notes: - Some organizations may have stricter requirements for approved ciphers. - Ensure that ciphers used are in compliance with site policy. - The only "strong" ciphers currently FIPS 140 compliant are: o aes256-gcm@openssh.com o aes128-gcm@openssh.com o aes256-ctr o aes192-ctr o aes128-ctr.
sca.check.rationale: Weak ciphers that are used for authentication to the cryptographic module cannot be relied upon to provide confidentiality or integrity, and system data may be compromised. - The Triple DES ciphers, as used in SSH, have a birthday bound of approximately four billion blocks, which makes it easier for remote attackers to obtain clear text data via a birthday attack against a long-duration encrypted session, aka a "Sweet32" attack. - Error handling in the SSH protocol; Client and Server, when using a block cipher algorithm in Cipher Block Chaining (CBC) mode, makes it easier for remote attackers to recover certain plain text data from an arbitrary block of cipher text in an SSH session via unknown vectors. Internal Only - General.
sca.check.remediation: Edit the /etc/ssh/sshd_config file and add/modify the Ciphers line to contain a comma separated list of the site unapproved (weak) Ciphers preceded with a - above any Include entries: Example: Ciphers -3des-cbc,aes128-cbc,aes192-cbc,aes256-cbc,chacha20- poly1305@openssh.com - IF - CVE-2023-48795 has been addressed, and it meets local site policy, chacha20-poly1305@openssh.com may be removed from the list of excluded ciphers. Note: First occurrence of an option takes precedence. If Include locations are enabled, used, and order of precedence is understood in your environment, the entry may be created in a file in Include location.
sca.check.compliance.cis: 5.1.6
sca.check.compliance.cis_csc_v8: 3.10
sca.check.compliance.cis_csc_v7: 14.4
sca.check.compliance.cmmc_v2.0: AC.L2-3.1.13,AC.L2-3.1.17,IA.L2-3.5.10,SC.L2-3.13.11,SC.L2-3.13.15,SC.L2-3.13.8
sca.check.compliance.hipaa: 164.312(a)(2)(iv),164.312(e)(1),164.312(e)(2)(i),164.312(e)(2)(ii)
sca.check.compliance.iso_27001-2013: A.10.1.1,A.13.1.1
sca.check.compliance.mitre_mitigations: M1041
sca.check.compliance.mitre_tactics: TA0006
sca.check.compliance.mitre_techniques: T1040,T1557
sca.check.compliance.nist_sp_800-53: AC-17(2),SC-8,SC-8(1)
sca.check.compliance.pci_dss_v3.2.1: 2.1.1,4.1,4.1.1,8.2.1
sca.check.compliance.pci_dss_v4.0: 2.2.7,4.1.1,4.2.1,4.2.1.2,4.2.2,8.3.2
sca.check.references: https://nvd.nist.gov/vuln/detail/CVE-2023-48795,https://nvd.nist.gov/vuln/detail/CVE-2019-1543,https://nvd.nist.gov/vuln/detail/CVE-2016-2183,https://nvd.nist.gov/vuln/detail/CVE-2008-5161,https://www.openssh.com/txt/cbc.adv
sca.check.command: ["sshd -T"]
sca.check.result: not applicable
sca.check.reason: Invalid path or wrong permissions to run command 'sshd -T'

** Alert 1757863500.481499: - sca,gdpr_IV_35.7.d,pci_dss_2.2,nist_800_53_CM.1,tsc_CC7.1,tsc_CC7.2,
2025 Sep 14 17:25:00 student-virtual-machine->sca
Rule: 19009 (level 3) -> 'CIS Ubuntu Linux 22.04 LTS Benchmark v2.0.0.: Ensure sshd MACs are configured.'
{"type":"check","id":380680914,"policy":"CIS Ubuntu Linux 22.04 LTS Benchmark v2.0.0.","policy_id":"cis_ubuntu22-04","check":{"id":28645,"title":"Ensure sshd MACs are configured.","description":"This variable limits the types of MAC algorithms that SSH can use during communication. Notes: - Some organizations may have stricter requirements for approved MACs. - Ensure that MACs used are in compliance with site policy. - The only \"strong\" MACs currently FIPS 140 approved are: o HMAC-SHA1 o HMAC-SHA2-256 o HMAC-SHA2-384 o HMAC-SHA2-512.","rationale":"MD5 and 96-bit MAC algorithms are considered weak and have been shown to increase exploitability in SSH downgrade attacks. Weak algorithms continue to have a great deal of attention as a weak spot that can be exploited with expanded computing power. An attacker that breaks the algorithm could take advantage of a MiTM position to decrypt the SSH tunnel and capture credentials and information. Internal Only - General.","remediation":"Edit the /etc/ssh/sshd_config file and add/modify the MACs line to contain a comma separated list of the site unapproved (weak) MACs preceded with a - above any Include entries: Example: MACs -hmac-md5,hmac-md5-96,hmac-ripemd160,hmac-sha1-96,umac- 64@openssh.com,hmac-md5-etm@openssh.com,hmac-md5-96-etm@openssh.com,hmac- ripemd160-etm@openssh.com,hmac-sha1-96-etm@openssh.com,umac-64- etm@openssh.com,umac-128-etm@openssh.com - IF - CVE-2023-48795 has not been reviewed and addressed, the following etm MACs should be added to the exclude list: hmac-sha1-etm@openssh.com,hmac-sha2-256- etm@openssh.com,hmac-sha2-512-etm@openssh.com Note: First occurrence of an option takes precedence. If Include locations are enabled, used, and order of precedence is understood in your environment, the entry may be created in a file in Include location.","compliance":{"cis":"5.1.15","cis_csc_v8":"3.10","cis_csc_v7":"14.4,16.5","cmmc_v2.0":"AC.L2-3.1.13,AC.L2-3.1.17,IA.L2-3.5.10,SC.L2-3.13.11,SC.L2-3.13.15,SC.L2-3.13.8","hipaa":"164.312(a)(2)(iv),164.312(e)(1),164.312(e)(2)(i),164.312(e)(2)(ii)","iso_27001-2013":"A.10.1.1,A.13.1.1","mitre_mitigations":"M1041","mitre_tactics":"TA0006","mitre_techniques":"T1040,T1557","nist_sp_800-53":"AC-17(2),SC-8,SC-8(1)","pci_dss_v3.2.1":"2.1.1,4.1,4.1.1,8.2.1","pci_dss_v4.0":"2.2.7,4.1.1,4.2.1,4.2.1.2,4.2.2,8.3.2"},"rules":["c:sshd -T -> r:^MACs && r:hmac-md5|hmac-md5-96|hmac-ripemd160|hmac-sha1|hmac-sha1-96|umac-64@openssh.com|umac-128@openssh.com|hmac-md5-etm@openssh.com|hmac-md5-96-etm@openssh.com|hmac-ripemd160-etm@openssh.com|hmac-sha1-etm@openssh.com|hmac-sha1-96-etm@openssh.com|umac-64-etm@openssh.com|umac-128-etm@openssh.com"],"condition":"none","references":"https://nvd.nist.gov/vuln/detail/CVE-2023-48795,http://www.mitls.org/pages/attacks/SLOTH","command":"sshd -T","status":"Not applicable","reason":"Invalid path or wrong permissions to run command 'sshd -T'"}}
sca.type: check
sca.scan_id: 380680914
sca.policy: CIS Ubuntu Linux 22.04 LTS Benchmark v2.0.0.
sca.check.id: 28645
sca.check.title: Ensure sshd MACs are configured.
sca.check.description: This variable limits the types of MAC algorithms that SSH can use during communication. Notes: - Some organizations may have stricter requirements for approved MACs. - Ensure that MACs used are in compliance with site policy. - The only "strong" MACs currently FIPS 140 approved are: o HMAC-SHA1 o HMAC-SHA2-256 o HMAC-SHA2-384 o HMAC-SHA2-512.
sca.check.rationale: MD5 and 96-bit MAC algorithms are considered weak and have been shown to increase exploitability in SSH downgrade attacks. Weak algorithms continue to have a great deal of attention as a weak spot that can be exploited with expanded computing power. An attacker that breaks the algorithm could take advantage of a MiTM position to decrypt the SSH tunnel and capture credentials and information. Internal Only - General.
sca.check.remediation: Edit the /etc/ssh/sshd_config file and add/modify the MACs line to contain a comma separated list of the site unapproved (weak) MACs preceded with a - above any Include entries: Example: MACs -hmac-md5,hmac-md5-96,hmac-ripemd160,hmac-sha1-96,umac- 64@openssh.com,hmac-md5-etm@openssh.com,hmac-md5-96-etm@openssh.com,hmac- ripemd160-etm@openssh.com,hmac-sha1-96-etm@openssh.com,umac-64- etm@openssh.com,umac-128-etm@openssh.com - IF - CVE-2023-48795 has not been reviewed and addressed, the following etm MACs should be added to the exclude list: hmac-sha1-etm@openssh.com,hmac-sha2-256- etm@openssh.com,hmac-sha2-512-etm@openssh.com Note: First occurrence of an option takes precedence. If Include locations are enabled, used, and order of precedence is understood in your environment, the entry may be created in a file in Include location.
sca.check.compliance.cis: 5.1.15
sca.check.compliance.cis_csc_v8: 3.10
sca.check.compliance.cis_csc_v7: 14.4,16.5
sca.check.compliance.cmmc_v2.0: AC.L2-3.1.13,AC.L2-3.1.17,IA.L2-3.5.10,SC.L2-3.13.11,SC.L2-3.13.15,SC.L2-3.13.8
sca.check.compliance.hipaa: 164.312(a)(2)(iv),164.312(e)(1),164.312(e)(2)(i),164.312(e)(2)(ii)
sca.check.compliance.iso_27001-2013: A.10.1.1,A.13.1.1
sca.check.compliance.mitre_mitigations: M1041
sca.check.compliance.mitre_tactics: TA0006
sca.check.compliance.mitre_techniques: T1040,T1557
sca.check.compliance.nist_sp_800-53: AC-17(2),SC-8,SC-8(1)
sca.check.compliance.pci_dss_v3.2.1: 2.1.1,4.1,4.1.1,8.2.1
sca.check.compliance.pci_dss_v4.0: 2.2.7,4.1.1,4.2.1,4.2.1.2,4.2.2,8.3.2
sca.check.references: https://nvd.nist.gov/vuln/detail/CVE-2023-48795,http://www.mitls.org/pages/attacks/SLOTH
sca.check.command: ["sshd -T"]
sca.check.result: not applicable
sca.check.reason: Invalid path or wrong permissions to run command 'sshd -T'

** Alert 1757863500.487462: - sca,gdpr_IV_35.7.d,pci_dss_2.2,nist_800_53_CM.1,tsc_CC7.1,tsc_CC7.2,
2025 Sep 14 17:25:00 student-virtual-machine->sca
Rule: 19009 (level 3) -> 'CIS Ubuntu Linux 22.04 LTS Benchmark v2.0.0.: Ensure sshd KexAlgorithms is configured.'
{"type":"check","id":380680914,"policy":"CIS Ubuntu Linux 22.04 LTS Benchmark v2.0.0.","policy_id":"cis_ubuntu22-04","check":{"id":28646,"title":"Ensure sshd KexAlgorithms is configured.","description":"Key exchange is any method in cryptography by which cryptographic keys are exchanged between two parties, allowing use of a cryptographic algorithm. If the sender and receiver wish to exchange encrypted messages, each must be equipped to encrypt messages to be sent and decrypt messages received Notes: - Kex algorithms have a higher preference the earlier they appear in the list - Some organizations may have stricter requirements for approved Key exchange algorithms - Ensure that Key exchange algorithms used are in compliance with site policy - The only Key Exchange Algorithms currently FIPS 140 approved are: o ecdh-sha2-nistp256 o ecdh-sha2-nistp384 o ecdh-sha2-nistp521 o diffie-hellman-group-exchange-sha256 o diffie-hellman-group16-sha512 o diffie-hellman-group18-sha512 o diffie-hellman-group14-sha256.","rationale":"Key exchange methods that are considered weak should be removed. A key exchange method may be weak because too few bits are used, or the hashing algorithm is considered too weak. Using weak algorithms could expose connections to man-in-the-middle attacks Internal Only - General.","remediation":"Edit the /etc/ssh/sshd_config file and add/modify the KexAlgorithms line to contain a comma separated list of the site unapproved (weak) KexAlgorithms preceded with a - above any Include entries: Example: KexAlgorithms -diffie-hellman-group1-sha1,diffie-hellman-group14-sha1,diffie- hellman-group-exchange-sha1 Note: First occurrence of an option takes precedence. If Include locations are enabled, used, and order of precedence is understood in your environment, the entry may be created in a file in Include location.","compliance":{"cis":"5.1.12","cis_csc_v8":"3.10","cis_csc_v7":"14.4","cmmc_v2.0":"AC.L2-3.1.13,AC.L2-3.1.17,IA.L2-3.5.10,SC.L2-3.13.11,SC.L2-3.13.15,SC.L2-3.13.8","hipaa":"164.312(a)(2)(iv),164.312(e)(1),164.312(e)(2)(i),164.312(e)(2)(ii)","iso_27001-2013":"A.10.1.1,A.13.1.1","mitre_mitigations":"M1041","mitre_tactics":"TA0006","mitre_techniques":"T1040,T1557","nist_sp_800-53":"AC-17(2),SC-8,SC-8(1)","pci_dss_v3.2.1":"2.1.1,4.1,4.1.1,8.2.1","pci_dss_v4.0":"2.2.7,4.1.1,4.2.1,4.2.1.2,4.2.2,8.3.2"},"rules":["c:sshd -T -> r:^kexalgorithms && r:diffie-hellman-group1-sha1|diffie-hellman-group14-sha1|diffie-hellman-group-exchange-sha1"],"condition":"none","references":"https://ubuntu.com/server/docs/openssh-crypto-configuration","command":"sshd -T","status":"Not applicable","reason":"Invalid path or wrong permissions to run command 'sshd -T'"}}
sca.type: check
sca.scan_id: 380680914
sca.policy: CIS Ubuntu Linux 22.04 LTS Benchmark v2.0.0.
sca.check.id: 28646
sca.check.title: Ensure sshd KexAlgorithms is configured.
sca.check.description: Key exchange is any method in cryptography by which cryptographic keys are exchanged between two parties, allowing use of a cryptographic algorithm. If the sender and receiver wish to exchange encrypted messages, each must be equipped to encrypt messages to be sent and decrypt messages received Notes: - Kex algorithms have a higher preference the earlier they appear in the list - Some organizations may have stricter requirements for approved Key exchange algorithms - Ensure that Key exchange algorithms used are in compliance with site policy - The only Key Exchange Algorithms currently FIPS 140 approved are: o ecdh-sha2-nistp256 o ecdh-sha2-nistp384 o ecdh-sha2-nistp521 o diffie-hellman-group-exchange-sha256 o diffie-hellman-group16-sha512 o diffie-hellman-group18-sha512 o diffie-hellman-group14-sha256.
sca.check.rationale: Key exchange methods that are considered weak should be removed. A key exchange method may be weak because too few bits are used, or the hashing algorithm is considered too weak. Using weak algorithms could expose connections to man-in-the-middle attacks Internal Only - General.
sca.check.remediation: Edit the /etc/ssh/sshd_config file and add/modify the KexAlgorithms line to contain a comma separated list of the site unapproved (weak) KexAlgorithms preceded with a - above any Include entries: Example: KexAlgorithms -diffie-hellman-group1-sha1,diffie-hellman-group14-sha1,diffie- hellman-group-exchange-sha1 Note: First occurrence of an option takes precedence. If Include locations are enabled, used, and order of precedence is understood in your environment, the entry may be created in a file in Include location.
sca.check.compliance.cis: 5.1.12
sca.check.compliance.cis_csc_v8: 3.10
sca.check.compliance.cis_csc_v7: 14.4
sca.check.compliance.cmmc_v2.0: AC.L2-3.1.13,AC.L2-3.1.17,IA.L2-3.5.10,SC.L2-3.13.11,SC.L2-3.13.15,SC.L2-3.13.8
sca.check.compliance.hipaa: 164.312(a)(2)(iv),164.312(e)(1),164.312(e)(2)(i),164.312(e)(2)(ii)
sca.check.compliance.iso_27001-2013: A.10.1.1,A.13.1.1
sca.check.compliance.mitre_mitigations: M1041
sca.check.compliance.mitre_tactics: TA0006
sca.check.compliance.mitre_techniques: T1040,T1557
sca.check.compliance.nist_sp_800-53: AC-17(2),SC-8,SC-8(1)
sca.check.compliance.pci_dss_v3.2.1: 2.1.1,4.1,4.1.1,8.2.1
sca.check.compliance.pci_dss_v4.0: 2.2.7,4.1.1,4.2.1,4.2.1.2,4.2.2,8.3.2
sca.check.references: https://ubuntu.com/server/docs/openssh-crypto-configuration
sca.check.command: ["sshd -T"]
sca.check.result: not applicable
sca.check.reason: Invalid path or wrong permissions to run command 'sshd -T'

** Alert 1757863500.493206: - sca,gdpr_IV_35.7.d,pci_dss_2.2,nist_800_53_CM.1,tsc_CC7.1,tsc_CC7.2,
2025 Sep 14 17:25:00 student-virtual-machine->sca
Rule: 19009 (level 3) -> 'CIS Ubuntu Linux 22.04 LTS Benchmark v2.0.0.: Ensure sshd Banner is configured.'
{"type":"check","id":380680914,"policy":"CIS Ubuntu Linux 22.04 LTS Benchmark v2.0.0.","policy_id":"cis_ubuntu22-04","check":{"id":28648,"title":"Ensure sshd Banner is configured.","description":"The Banner parameter specifies a file whose contents must be sent to the remote user before authentication is permitted. By default, no banner is displayed.","rationale":"Banners are used to warn connecting users of the particular site's policy regarding connection. Presenting a warning message prior to the normal user login may assist the prosecution of trespassers on the computer system.","remediation":"Edit the /etc/ssh/sshd_config file to set the Banner parameter above any Include and Match entries as follows: Banner /etc/issue.net Note: First occurrence of a option takes precedence, Match set statements withstanding. If Include locations are enabled, used, and order of precedence is understood in your environment, the entry may be created in a file in Include location. Internal Only - General.","compliance":{"cis":"5.1.5","mitre_mitigations":"M1035","mitre_tactics":"TA0001,TA0007"},"rules":["c:sshd -T -> r:^\\s*Banner\\s*\\t*/etc/issue.net"],"condition":"all","command":"sshd -T","status":"Not applicable","reason":"Invalid path or wrong permissions to run command 'sshd -T'"}}
sca.type: check
sca.scan_id: 380680914
sca.policy: CIS Ubuntu Linux 22.04 LTS Benchmark v2.0.0.
sca.check.id: 28648
sca.check.title: Ensure sshd Banner is configured.
sca.check.description: The Banner parameter specifies a file whose contents must be sent to the remote user before authentication is permitted. By default, no banner is displayed.
sca.check.rationale: Banners are used to warn connecting users of the particular site's policy regarding connection. Presenting a warning message prior to the normal user login may assist the prosecution of trespassers on the computer system.
sca.check.remediation: Edit the /etc/ssh/sshd_config file to set the Banner parameter above any Include and Match entries as follows: Banner /etc/issue.net Note: First occurrence of a option takes precedence, Match set statements withstanding. If Include locations are enabled, used, and order of precedence is understood in your environment, the entry may be created in a file in Include location. Internal Only - General.
sca.check.compliance.cis: 5.1.5
sca.check.compliance.mitre_mitigations: M1035
sca.check.compliance.mitre_tactics: TA0001,TA0007
sca.check.command: ["sshd -T"]
sca.check.result: not applicable
sca.check.reason: Invalid path or wrong permissions to run command 'sshd -T'

** Alert 1757863500.496039: - sca,gdpr_IV_35.7.d,pci_dss_2.2,nist_800_53_CM.1,tsc_CC7.1,tsc_CC7.2,
2025 Sep 14 17:25:00 student-virtual-machine->sca
Rule: 19009 (level 3) -> 'CIS Ubuntu Linux 22.04 LTS Benchmark v2.0.0.: Ensure sshd MaxAuthTries is configured.'
{"type":"check","id":380680914,"policy":"CIS Ubuntu Linux 22.04 LTS Benchmark v2.0.0.","policy_id":"cis_ubuntu22-04","check":{"id":28649,"title":"Ensure sshd MaxAuthTries is configured.","description":"The MaxAuthTries parameter specifies the maximum number of authentication attempts permitted per connection. When the login failure count reaches half the number, error messages will be written to the syslog file detailing the login failure.","rationale":"Setting the MaxAuthTries parameter to a low number will minimize the risk of successful brute force attacks to the SSH server. While the recommended setting is 4, set the number based on site policy.","remediation":"Edit the /etc/ssh/sshd_config file to set the MaxAuthTries parameter to 4 or less above any Include and Match entries as follows: MaxAuthTries 4 Note: First occurrence of an option takes precedence, Match set statements withstanding. If Include locations are enabled, used, and order of precedence is understood in your environment, the entry may be created in a file in Include location. Internal Only - General.","compliance":{"cis":"5.1.16","cis_csc_v8":"8.5","cis_csc_v7":"16.13","cmmc_v2.0":"AU.L2-3.3.1","mitre_mitigations":"M1036","mitre_tactics":"TA0006","mitre_techniques":"T1110,T1110.001,T1110.003","nist_sp_800-53":"AU-3(1),AU-7","pci_dss_v3.2.1":"10.1,10.2.2,10.2.4,10.2.5,10.3","pci_dss_v4.0":"10.2,10.2.1,10.2.1.2,10.2.1.5,9.4.5","soc_2":"CC5.2,CC7.2"},"rules":["c:sshd -T -> !r:^# && n:^MaxAuthTries\\s*\\t*(\\d+) compare <= 4"],"condition":"all","command":"sshd -T","status":"Not applicable","reason":"Invalid path or wrong permissions to run command 'sshd -T'"}}
sca.type: check
sca.scan_id: 380680914
sca.policy: CIS Ubuntu Linux 22.04 LTS Benchmark v2.0.0.
sca.check.id: 28649
sca.check.title: Ensure sshd MaxAuthTries is configured.
sca.check.description: The MaxAuthTries parameter specifies the maximum number of authentication attempts permitted per connection. When the login failure count reaches half the number, error messages will be written to the syslog file detailing the login failure.
sca.check.rationale: Setting the MaxAuthTries parameter to a low number will minimize the risk of successful brute force attacks to the SSH server. While the recommended setting is 4, set the number based on site policy.
sca.check.remediation: Edit the /etc/ssh/sshd_config file to set the MaxAuthTries parameter to 4 or less above any Include and Match entries as follows: MaxAuthTries 4 Note: First occurrence of an option takes precedence, Match set statements withstanding. If Include locations are enabled, used, and order of precedence is understood in your environment, the entry may be created in a file in Include location. Internal Only - General.
sca.check.compliance.cis: 5.1.16
sca.check.compliance.cis_csc_v8: 8.5
sca.check.compliance.cis_csc_v7: 16.13
sca.check.compliance.cmmc_v2.0: AU.L2-3.3.1
sca.check.compliance.mitre_mitigations: M1036
sca.check.compliance.mitre_tactics: TA0006
sca.check.compliance.mitre_techniques: T1110,T1110.001,T1110.003
sca.check.compliance.nist_sp_800-53: AU-3(1),AU-7
sca.check.compliance.pci_dss_v3.2.1: 10.1,10.2.2,10.2.4,10.2.5,10.3
sca.check.compliance.pci_dss_v4.0: 10.2,10.2.1,10.2.1.2,10.2.1.5,9.4.5
sca.check.compliance.soc_2: CC5.2,CC7.2
sca.check.command: ["sshd -T"]
sca.check.result: not applicable
sca.check.reason: Invalid path or wrong permissions to run command 'sshd -T'

** Alert 1757863500.499730: - sca,gdpr_IV_35.7.d,pci_dss_2.2,nist_800_53_CM.1,tsc_CC7.1,tsc_CC7.2,
2025 Sep 14 17:25:00 student-virtual-machine->sca
Rule: 19009 (level 3) -> 'CIS Ubuntu Linux 22.04 LTS Benchmark v2.0.0.: Ensure sshd MaxStartups is configured.'
{"type":"check","id":380680914,"policy":"CIS Ubuntu Linux 22.04 LTS Benchmark v2.0.0.","policy_id":"cis_ubuntu22-04","check":{"id":28650,"title":"Ensure sshd MaxStartups is configured.","description":"The MaxStartups parameter specifies the maximum number of concurrent unauthenticated connections to the SSH daemon.","rationale":"To protect a system from denial of service due to a large number of pending authentication connection attempts, use the rate limiting function of MaxStartups to protect availability of sshd logins and prevent overwhelming the daemon.","remediation":"Edit the /etc/ssh/sshd_config file to set the MaxStartups parameter to 10:30:60 or more restrictive above any Include entries as follows: MaxStartups 10:30:60 Note: First occurrence of a option takes precedence. If Include locations are enabled, used, and order of precedence is understood in your environment, the entry may be created in a file in Include location.","compliance":{"cis":"5.1.18","mitre_tactics":"TA0040","mitre_techniques":"T1499,T1499.002"},"rules":["c:sshd -T -> n:^\\s*maxstartups\\s+(\\d+):\\d+:\\d+ compare <= 10","c:sshd -T -> n:^\\s*maxstartups\\s+\\d+:(\\d+):\\d+ compare <= 30","c:sshd -T -> n:^\\s*maxstartups\\s+\\d+:\\d+:(\\d+) compare <= 60"],"condition":"all","command":"sshd -T","status":"Not applicable","reason":"Invalid path or wrong permissions to run command 'sshd -T'"}}
sca.type: check
sca.scan_id: 380680914
sca.policy: CIS Ubuntu Linux 22.04 LTS Benchmark v2.0.0.
sca.check.id: 28650
sca.check.title: Ensure sshd MaxStartups is configured.
sca.check.description: The MaxStartups parameter specifies the maximum number of concurrent unauthenticated connections to the SSH daemon.
sca.check.rationale: To protect a system from denial of service due to a large number of pending authentication connection attempts, use the rate limiting function of MaxStartups to protect availability of sshd logins and prevent overwhelming the daemon.
sca.check.remediation: Edit the /etc/ssh/sshd_config file to set the MaxStartups parameter to 10:30:60 or more restrictive above any Include entries as follows: MaxStartups 10:30:60 Note: First occurrence of a option takes precedence. If Include locations are enabled, used, and order of precedence is understood in your environment, the entry may be created in a file in Include location.
sca.check.compliance.cis: 5.1.18
sca.check.compliance.mitre_tactics: TA0040
sca.check.compliance.mitre_techniques: T1499,T1499.002
sca.check.command: ["sshd -T"]
sca.check.result: not applicable
sca.check.reason: Invalid path or wrong permissions to run command 'sshd -T'

** Alert 1757863500.502611: - sca,gdpr_IV_35.7.d,pci_dss_2.2,nist_800_53_CM.1,tsc_CC7.1,tsc_CC7.2,
2025 Sep 14 17:25:00 student-virtual-machine->sca
Rule: 19009 (level 3) -> 'CIS Ubuntu Linux 22.04 LTS Benchmark v2.0.0.: Ensure sshd MaxSessions is configured.'
{"type":"check","id":380680914,"policy":"CIS Ubuntu Linux 22.04 LTS Benchmark v2.0.0.","policy_id":"cis_ubuntu22-04","check":{"id":28651,"title":"Ensure sshd MaxSessions is configured.","description":"The MaxSessions parameter specifies the maximum number of open sessions permitted from a given connection.","rationale":"To protect a system from denial of service due to a large number of concurrent sessions, use the rate limiting function of MaxSessions to protect availability of sshd logins and prevent overwhelming the daemon.","remediation":"Edit the /etc/ssh/sshd_config file to set the MaxSessions parameter to 10 or less above any Include and Match entries as follows: MaxSessions 10 Note: First occurrence of an option takes precedence, Match set statements withstanding. If Include locations are enabled, used, and order of precedence is understood in your environment, the entry may be created in a file in Include location.","compliance":{"cis":"5.1.17","mitre_tactics":"TA0040","mitre_techniques":"T1499,T1499.002"},"rules":["c:sshd -T -> n:^\\s*MaxSessions\\s+(\\d+) compare <= 10"],"condition":"all","command":"sshd -T","status":"Not applicable","reason":"Invalid path or wrong permissions to run command 'sshd -T'"}}
sca.type: check
sca.scan_id: 380680914
sca.policy: CIS Ubuntu Linux 22.04 LTS Benchmark v2.0.0.
sca.check.id: 28651
sca.check.title: Ensure sshd MaxSessions is configured.
sca.check.description: The MaxSessions parameter specifies the maximum number of open sessions permitted from a given connection.
sca.check.rationale: To protect a system from denial of service due to a large number of concurrent sessions, use the rate limiting function of MaxSessions to protect availability of sshd logins and prevent overwhelming the daemon.
sca.check.remediation: Edit the /etc/ssh/sshd_config file to set the MaxSessions parameter to 10 or less above any Include and Match entries as follows: MaxSessions 10 Note: First occurrence of an option takes precedence, Match set statements withstanding. If Include locations are enabled, used, and order of precedence is understood in your environment, the entry may be created in a file in Include location.
sca.check.compliance.cis: 5.1.17
sca.check.compliance.mitre_tactics: TA0040
sca.check.compliance.mitre_techniques: T1499,T1499.002
sca.check.command: ["sshd -T"]
sca.check.result: not applicable
sca.check.reason: Invalid path or wrong permissions to run command 'sshd -T'

** Alert 1757863500.505326: - sca,gdpr_IV_35.7.d,pci_dss_2.2,nist_800_53_CM.1,tsc_CC7.1,tsc_CC7.2,
2025 Sep 14 17:25:00 student-virtual-machine->sca
Rule: 19009 (level 3) -> 'CIS Ubuntu Linux 22.04 LTS Benchmark v2.0.0.: Ensure sshd LoginGraceTime is configured.'
{"type":"check","id":380680914,"policy":"CIS Ubuntu Linux 22.04 LTS Benchmark v2.0.0.","policy_id":"cis_ubuntu22-04","check":{"id":28652,"title":"Ensure sshd LoginGraceTime is configured.","description":"The LoginGraceTime parameter specifies the time allowed for successful authentication to the SSH server. The longer the Grace period is the more open unauthenticated connections can exist. Like other session controls in this session the Grace Period should be limited to appropriate organizational limits to ensure the service is available for needed access.","rationale":"Setting the LoginGraceTime parameter to a low number will minimize the risk of successful brute force attacks to the SSH server. It will also limit the number of concurrent unauthenticated connections While the recommended setting is 60 seconds (1 Minute), set the number based on site policy.","remediation":"Edit the /etc/ssh/sshd_config file to set the LoginGraceTime parameter to 60 seconds or less above any Include entry as follows: LoginGraceTime 60 Note: First occurrence of a option takes precedence. If Include locations are enabled, used, and order of precedence is understood in your environment, the entry may be created in a file in Include location.","compliance":{"cis":"5.1.13","mitre_mitigations":"M1036","mitre_tactics":"TA0006","mitre_techniques":"T1110,T1110.001,T1110.003,T1110.004"},"rules":["c:sshd -T -> n:LoginGraceTime\\s*\\t*(\\d+) compare <= 60 && n:LoginGraceTime\\s*\\t*(\\d+) compare != 0"],"condition":"all","command":"sshd -T","status":"Not applicable","reason":"Invalid path or wrong permissions to run command 'sshd -T'"}}
sca.type: check
sca.scan_id: 380680914
sca.policy: CIS Ubuntu Linux 22.04 LTS Benchmark v2.0.0.
sca.check.id: 28652
sca.check.title: Ensure sshd LoginGraceTime is configured.
sca.check.description: The LoginGraceTime parameter specifies the time allowed for successful authentication to the SSH server. The longer the Grace period is the more open unauthenticated connections can exist. Like other session controls in this session the Grace Period should be limited to appropriate organizational limits to ensure the service is available for needed access.
sca.check.rationale: Setting the LoginGraceTime parameter to a low number will minimize the risk of successful brute force attacks to the SSH server. It will also limit the number of concurrent unauthenticated connections While the recommended setting is 60 seconds (1 Minute), set the number based on site policy.
sca.check.remediation: Edit the /etc/ssh/sshd_config file to set the LoginGraceTime parameter to 60 seconds or less above any Include entry as follows: LoginGraceTime 60 Note: First occurrence of a option takes precedence. If Include locations are enabled, used, and order of precedence is understood in your environment, the entry may be created in a file in Include location.
sca.check.compliance.cis: 5.1.13
sca.check.compliance.mitre_mitigations: M1036
sca.check.compliance.mitre_tactics: TA0006
sca.check.compliance.mitre_techniques: T1110,T1110.001,T1110.003,T1110.004
sca.check.command: ["sshd -T"]
sca.check.result: not applicable
sca.check.reason: Invalid path or wrong permissions to run command 'sshd -T'

** Alert 1757863500.508815: - sca,gdpr_IV_35.7.d,pci_dss_2.2,nist_800_53_CM.1,tsc_CC7.1,tsc_CC7.2,
2025 Sep 14 17:25:00 student-virtual-machine->sca
Rule: 19009 (level 3) -> 'CIS Ubuntu Linux 22.04 LTS Benchmark v2.0.0.: Ensure sshd ClientAliveInterval and ClientAliveCountMax are configured.'
{"type":"check","id":380680914,"policy":"CIS Ubuntu Linux 22.04 LTS Benchmark v2.0.0.","policy_id":"cis_ubuntu22-04","check":{"id":28653,"title":"Ensure sshd ClientAliveInterval and ClientAliveCountMax are configured.","description":"Note: To clarify, the two settings described below are only meant for idle connections from a protocol perspective and are not meant to check if the user is active or not. An idle user does not mean an idle connection. SSH does not and never had, intentionally, the capability to drop idle users. In SSH versions before 8.2p1 there was a bug that caused these values to behave in such a manner that they were abused to disconnect idle users. This bug has been resolved in 8.2p1 and thus it can no longer be abused disconnect idle users. The two options ClientAliveInterval and ClientAliveCountMax control the timeout of SSH sessions. Taken directly from man 5 sshd_config: - ClientAliveInterval Sets a timeout interval in seconds after which if no data has been received from the client, sshd(8) will send a message through the encrypted channel to request a response from the client. The default is 0, indicating that these messages will not be sent to the client. - ClientAliveCountMax Sets the number of client alive messages which may be sent without sshd(8) receiving any messages back from the client. If this threshold is reached while client alive messages are being sent, sshd will disconnect the client, terminating the session. It is important to note that the use of client alive messages is very different from TCPKeepAlive. The client alive messages are sent through the encrypted channel and therefore will not be spoofable. The TCP keepalive option enabled by TCPKeepAlive is spoofable. The client alive mechanism is valuable when the client or server depend on knowing when a connection has become unresponsive. The default value is 3. If ClientAliveInterval is set to 15, and ClientAliveCountMax is left at the default, unresponsive SSH clients will be disconnected after approximately 45 seconds. Setting a zero ClientAliveCountMax disables connection termination. Internal Only - General.","rationale":"In order to prevent resource exhaustion, appropriate values should be set for both ClientAliveInterval and ClientAliveCountMax. Specifically, looking at the source code, ClientAliveCountMax must be greater than zero in order to utilize the ability of SSH to drop idle connections. If connections are allowed to stay open indefinitely, this can potentially be used as a DDOS attack or simple resource exhaustion could occur over unreliable networks. The example set here is a 45 second timeout. Consult your site policy for network timeouts and apply as appropriate.","remediation":"Edit the /etc/ssh/sshd_config file to set the ClientAliveInterval and ClientAliveCountMax parameters above any Include and Match entries according to site policy. Example: ClientAliveInterval 15 ClientAliveCountMax 3 Note: First occurrence of a option takes precedence, Match set statements withstanding. If Include locations are enabled, used, and order of precedence is understood in your environment, the entry may be created in a file in Include location. Internal Only - General.","compliance":{"cis":"5.1.7","mitre_mitigations":"M1026","mitre_tactics":"TA0001","mitre_techniques":"T1078,T1078.001,T1078.002,T1078.003"},"rules":["c:sshd -T -> n:ClientAliveInterval\\s*\\t*(\\d+) compare compare > 0","c:sshd -T -> n:ClientAliveCountMax\\s*\\t*(\\d+) compare > 0"],"condition":"all","command":"sshd -T","status":"Not applicable","reason":"Invalid path or wrong permissions to run command 'sshd -T'"}}
sca.type: check
sca.scan_id: 380680914
sca.policy: CIS Ubuntu Linux 22.04 LTS Benchmark v2.0.0.
sca.check.id: 28653
sca.check.title: Ensure sshd ClientAliveInterval and ClientAliveCountMax are configured.
sca.check.description: Note: To clarify, the two settings described below are only meant for idle connections from a protocol perspective and are not meant to check if the user is active or not. An idle user does not mean an idle connection. SSH does not and never had, intentionally, the capability to drop idle users. In SSH versions before 8.2p1 there was a bug that caused these values to behave in such a manner that they were abused to disconnect idle users. This bug has been resolved in 8.2p1 and thus it can no longer be abused disconnect idle users. The two options ClientAliveInterval and ClientAliveCountMax control the timeout of SSH sessions. Taken directly from man 5 sshd_config: - ClientAliveInterval Sets a timeout interval in seconds after which if no data has been received from the client, sshd(8) will send a message through the encrypted channel to request a response from the client. The default is 0, indicating that these messages will not be sent to the client. - ClientAliveCountMax Sets the number of client alive messages which may be sent without sshd(8) receiving any messages back from the client. If this threshold is reached while client alive messages are being sent, sshd will disconnect the client, terminating the session. It is important to note that the use of client alive messages is very different from TCPKeepAlive. The client alive messages are sent through the encrypted channel and therefore will not be spoofable. The TCP keepalive option enabled by TCPKeepAlive is spoofable. The client alive mechanism is valuable when the client or server depend on knowing when a connection has become unresponsive. The default value is 3. If ClientAliveInterval is set to 15, and ClientAliveCountMax is left at the default, unresponsive SSH clients will be disconnected after approximately 45 seconds. Setting a zero ClientAliveCountMax disables connection termination. Internal Only - General.
sca.check.rationale: In order to prevent resource exhaustion, appropriate values should be set for both ClientAliveInterval and ClientAliveCountMax. Specifically, looking at the source code, ClientAliveCountMax must be greater than zero in order to utilize the ability of SSH to drop idle connections. If connections are allowed to stay open indefinitely, this can potentially be used as a DDOS attack or simple resource exhaustion could occur over unreliable networks. The example set here is a 45 second timeout. Consult your site policy for network timeouts and apply as appropriate.
sca.check.remediation: Edit the /etc/ssh/sshd_config file to set the ClientAliveInterval and ClientAliveCountMax parameters above any Include and Match entries according to site policy. Example: ClientAliveInterval 15 ClientAliveCountMax 3 Note: First occurrence of a option takes precedence, Match set statements withstanding. If Include locations are enabled, used, and order of precedence is understood in your environment, the entry may be created in a file in Include location. Internal Only - General.
sca.check.compliance.cis: 5.1.7
sca.check.compliance.mitre_mitigations: M1026
sca.check.compliance.mitre_tactics: TA0001
sca.check.compliance.mitre_techniques: T1078,T1078.001,T1078.002,T1078.003
sca.check.command: ["sshd -T"]
sca.check.result: not applicable
sca.check.reason: Invalid path or wrong permissions to run command 'sshd -T'

** Alert 1757863500.516323: - sca,gdpr_IV_35.7.d,pci_dss_2.2,nist_800_53_CM.1,tsc_CC7.1,tsc_CC7.2,
2025 Sep 14 17:25:00 student-virtual-machine->sca
Rule: 19008 (level 3) -> 'CIS Ubuntu Linux 22.04 LTS Benchmark v2.0.0.: Ensure sudo is installed.'
{"type":"check","id":380680914,"policy":"CIS Ubuntu Linux 22.04 LTS Benchmark v2.0.0.","policy_id":"cis_ubuntu22-04","check":{"id":28654,"title":"Ensure sudo is installed.","description":"sudo allows a permitted user to execute a command as the superuser or another user, as specified by the security policy. The invoking user's real (not effective) user ID is used to determine the user name with which to query the security policy.","rationale":"sudo supports a plug-in architecture for security policies and input/output logging. Third parties can develop and distribute their own policy and I/O logging plug-ins to work seamlessly with the sudo front end. The default security policy is sudoers, which is configured via the file /etc/sudoers and any entries in /etc/sudoers.d. The security policy determines what privileges, if any, a user has to run sudo. The policy may require that users authenticate themselves with a password or another authentication mechanism. If authentication is required, sudo will exit if the user's password is not entered within a configurable time limit. This limit is policy-specific.","remediation":"First determine is LDAP functionality is required. If so, then install sudo-ldap, else install sudo. Example: # apt install sudo Internal Only - General.","compliance":{"cis":"5.2.1","cis_csc_v8":"5.4","cis_csc_v7":"4.3","cmmc_v2.0":"AC.L2-3.1.5,AC.L2-3.1.6,AC.L2-3.1.7,SC.L2-3.13.3","iso_27001-2013":"A.9.2.3","mitre_mitigations":"M1026","mitre_tactics":"TA0004","mitre_techniques":"T1548","nist_sp_800-53":"AC-6(2),AC-6(5)","pci_dss_v3.2.1":"7.1,7.1.1,7.1.2,7.1.3","soc_2":"CC6.1,CC6.3"},"rules":["c:dpkg -s sudo -> r:install ok installed","c:dpkg -s sudo-ldap -> r:install ok installed"],"condition":"any","command":"dpkg -s sudo","result":"passed"}}
sca.type: check
sca.scan_id: 380680914
sca.policy: CIS Ubuntu Linux 22.04 LTS Benchmark v2.0.0.
sca.check.id: 28654
sca.check.title: Ensure sudo is installed.
sca.check.description: sudo allows a permitted user to execute a command as the superuser or another user, as specified by the security policy. The invoking user's real (not effective) user ID is used to determine the user name with which to query the security policy.
sca.check.rationale: sudo supports a plug-in architecture for security policies and input/output logging. Third parties can develop and distribute their own policy and I/O logging plug-ins to work seamlessly with the sudo front end. The default security policy is sudoers, which is configured via the file /etc/sudoers and any entries in /etc/sudoers.d. The security policy determines what privileges, if any, a user has to run sudo. The policy may require that users authenticate themselves with a password or another authentication mechanism. If authentication is required, sudo will exit if the user's password is not entered within a configurable time limit. This limit is policy-specific.
sca.check.remediation: First determine is LDAP functionality is required. If so, then install sudo-ldap, else install sudo. Example: # apt install sudo Internal Only - General.
sca.check.compliance.cis: 5.2.1
sca.check.compliance.cis_csc_v8: 5.4
sca.check.compliance.cis_csc_v7: 4.3
sca.check.compliance.cmmc_v2.0: AC.L2-3.1.5,AC.L2-3.1.6,AC.L2-3.1.7,SC.L2-3.13.3
sca.check.compliance.iso_27001-2013: A.9.2.3
sca.check.compliance.mitre_mitigations: M1026
sca.check.compliance.mitre_tactics: TA0004
sca.check.compliance.mitre_techniques: T1548
sca.check.compliance.nist_sp_800-53: AC-6(2),AC-6(5)
sca.check.compliance.pci_dss_v3.2.1: 7.1,7.1.1,7.1.2,7.1.3
sca.check.compliance.soc_2: CC6.1,CC6.3
sca.check.command: ["dpkg -s sudo"]
sca.check.result: passed

** Alert 1757863500.520241: - sca,gdpr_IV_35.7.d,pci_dss_2.2,nist_800_53_CM.1,tsc_CC7.1,tsc_CC7.2,
2025 Sep 14 17:25:00 student-virtual-machine->sca
Rule: 19008 (level 3) -> 'CIS Ubuntu Linux 22.04 LTS Benchmark v2.0.0.: Ensure sudo commands use pty.'
{"type":"check","id":380680914,"policy":"CIS Ubuntu Linux 22.04 LTS Benchmark v2.0.0.","policy_id":"cis_ubuntu22-04","check":{"id":28655,"title":"Ensure sudo commands use pty.","description":"sudo can be configured to run only from a pseudo terminal (pseudo-pty).","rationale":"Attackers can run a malicious program using sudo which would fork a background process that remains even when the main program has finished executing.","remediation":"Edit the file /etc/sudoers with visudo or a file in /etc/sudoers.d/ with visudo -f <PATH TO FILE> and add the following line: Defaults use_pty Edit the file /etc/sudoers with visudo and any files in /etc/sudoers.d/ with visudo -f <PATH TO FILE> and remove any occurrence of !use_pty Note: - sudo will read each file in /etc/sudoers.d, skipping file names that end in ~ or contain a . character to avoid causing problems with package manager or editor temporary/backup files. - Files are parsed in sorted lexical order. That is, /etc/sudoers.d/01_first will be parsed before /etc/sudoers.d/10_second. - Be aware that because the sorting is lexical, not numeric, /etc/sudoers.d/1_whoops would be loaded after /etc/sudoers.d/10_second. - Using a consistent number of leading zeroes in the file names can be used to avoid such problems.","compliance":{"cis":"5.2.2","cis_csc_v8":"5.4","cis_csc_v7":"5.1","cmmc_v2.0":"AC.L2-3.1.5,AC.L2-3.1.6,AC.L2-3.1.7,SC.L2-3.13.3","iso_27001-2013":"A.14.2.5,A.8.1.3","mitre_mitigations":"M1026,M1028","mitre_tactics":"TA0001,TA0003","mitre_techniques":"T1078,T1078.003,T1548,T1548.003","nist_sp_800-53":"AC-6(2),AC-6(5)","pci_dss_v3.2.1":"7.1,7.1.1,7.1.2,7.1.3","soc_2":"CC6.1,CC6.3"},"rules":["f:/etc/sudoers -> r:^\\s*\\t*Defaults\\s*\\t*use_pty","d:/etc/sudoers.d -> r:\\.* -> r:^\\s*\\t*Defaults\\s*\\t*use_pty"],"condition":"any","file":"/etc/sudoers","result":"passed"}}
sca.type: check
sca.scan_id: 380680914
sca.policy: CIS Ubuntu Linux 22.04 LTS Benchmark v2.0.0.
sca.check.id: 28655
sca.check.title: Ensure sudo commands use pty.
sca.check.description: sudo can be configured to run only from a pseudo terminal (pseudo-pty).
sca.check.rationale: Attackers can run a malicious program using sudo which would fork a background process that remains even when the main program has finished executing.
sca.check.remediation: Edit the file /etc/sudoers with visudo or a file in /etc/sudoers.d/ with visudo -f <PATH TO FILE> and add the following line: Defaults use_pty Edit the file /etc/sudoers with visudo and any files in /etc/sudoers.d/ with visudo -f <PATH TO FILE> and remove any occurrence of !use_pty Note: - sudo will read each file in /etc/sudoers.d, skipping file names that end in ~ or contain a . character to avoid causing problems with package manager or editor temporary/backup files. - Files are parsed in sorted lexical order. That is, /etc/sudoers.d/01_first will be parsed before /etc/sudoers.d/10_second. - Be aware that because the sorting is lexical, not numeric, /etc/sudoers.d/1_whoops would be loaded after /etc/sudoers.d/10_second. - Using a consistent number of leading zeroes in the file names can be used to avoid such problems.
sca.check.compliance.cis: 5.2.2
sca.check.compliance.cis_csc_v8: 5.4
sca.check.compliance.cis_csc_v7: 5.1
sca.check.compliance.cmmc_v2.0: AC.L2-3.1.5,AC.L2-3.1.6,AC.L2-3.1.7,SC.L2-3.13.3
sca.check.compliance.iso_27001-2013: A.14.2.5,A.8.1.3
sca.check.compliance.mitre_mitigations: M1026,M1028
sca.check.compliance.mitre_tactics: TA0001,TA0003
sca.check.compliance.mitre_techniques: T1078,T1078.003,T1548,T1548.003
sca.check.compliance.nist_sp_800-53: AC-6(2),AC-6(5)
sca.check.compliance.pci_dss_v3.2.1: 7.1,7.1.1,7.1.2,7.1.3
sca.check.compliance.soc_2: CC6.1,CC6.3
sca.check.file: ["/etc/sudoers"]
sca.check.result: passed

** Alert 1757863500.524258: - sca,gdpr_IV_35.7.d,pci_dss_2.2,nist_800_53_CM.1,tsc_CC7.1,tsc_CC7.2,
2025 Sep 14 17:25:00 student-virtual-machine->sca
Rule: 19007 (level 7) -> 'CIS Ubuntu Linux 22.04 LTS Benchmark v2.0.0.: Ensure sudo log file exists.'
{"type":"check","id":380680914,"policy":"CIS Ubuntu Linux 22.04 LTS Benchmark v2.0.0.","policy_id":"cis_ubuntu22-04","check":{"id":28656,"title":"Ensure sudo log file exists.","description":"sudo can use a custom log file.","rationale":"A sudo log file simplifies auditing of sudo commands.","remediation":"Edit the file /etc/sudoers or a file in /etc/sudoers.d/ with visudo or visudo -f <PATH TO FILE> and add the following line: Example: Defaults logfile=\"/var/log/sudo.log\" Note: - sudo will read each file in /etc/sudoers.d, skipping file names that end in ~ or contain a . character to avoid causing problems with package manager or editor temporary/backup files. - Files are parsed in sorted lexical order. That is, /etc/sudoers.d/01_first will be parsed before /etc/sudoers.d/10_second. - Be aware that because the sorting is lexical, not numeric, /etc/sudoers.d/1_whoops would be loaded after /etc/sudoers.d/10_second. - Using a consistent number of leading zeroes in the file names can be used to avoid such problems. Internal Only - General.","compliance":{"cis":"5.2.3","cis_csc_v8":"8.5","cis_csc_v7":"6.3","cmmc_v2.0":"AU.L2-3.3.1","iso_27001-2013":"A.12.4.1","mitre_mitigations":"M1026","mitre_tactics":"TA0004","mitre_techniques":"T1562,T1562.006","nist_sp_800-53":"AU-3(1),AU-7","pci_dss_v3.2.1":"10.1,10.2.2,10.2.4,10.2.5,10.3","pci_dss_v4.0":"10.2,10.2.1,10.2.1.2,10.2.1.5,9.4.5","soc_2":"CC5.2,CC7.2"},"rules":["f:/etc/sudoers -> !r:^# && r:Defaults\\s*\\t*logfile=\\S+.log","d:/etc/sudoers.d -> \\.* -> !r:^# && r:Defaults\\s*\\t*logfile=\\S+.log"],"condition":"any","file":"/etc/sudoers","directory":"/etc/sudoers.d","result":"failed"}}
sca.type: check
sca.scan_id: 380680914
sca.policy: CIS Ubuntu Linux 22.04 LTS Benchmark v2.0.0.
sca.check.id: 28656
sca.check.title: Ensure sudo log file exists.
sca.check.description: sudo can use a custom log file.
sca.check.rationale: A sudo log file simplifies auditing of sudo commands.
sca.check.remediation: Edit the file /etc/sudoers or a file in /etc/sudoers.d/ with visudo or visudo -f <PATH TO FILE> and add the following line: Example: Defaults logfile="/var/log/sudo.log" Note: - sudo will read each file in /etc/sudoers.d, skipping file names that end in ~ or contain a . character to avoid causing problems with package manager or editor temporary/backup files. - Files are parsed in sorted lexical order. That is, /etc/sudoers.d/01_first will be parsed before /etc/sudoers.d/10_second. - Be aware that because the sorting is lexical, not numeric, /etc/sudoers.d/1_whoops would be loaded after /etc/sudoers.d/10_second. - Using a consistent number of leading zeroes in the file names can be used to avoid such problems. Internal Only - General.
sca.check.compliance.cis: 5.2.3
sca.check.compliance.cis_csc_v8: 8.5
sca.check.compliance.cis_csc_v7: 6.3
sca.check.compliance.cmmc_v2.0: AU.L2-3.3.1
sca.check.compliance.iso_27001-2013: A.12.4.1
sca.check.compliance.mitre_mitigations: M1026
sca.check.compliance.mitre_tactics: TA0004
sca.check.compliance.mitre_techniques: T1562,T1562.006
sca.check.compliance.nist_sp_800-53: AU-3(1),AU-7
sca.check.compliance.pci_dss_v3.2.1: 10.1,10.2.2,10.2.4,10.2.5,10.3
sca.check.compliance.pci_dss_v4.0: 10.2,10.2.1,10.2.1.2,10.2.1.5,9.4.5
sca.check.compliance.soc_2: CC5.2,CC7.2
sca.check.file: ["/etc/sudoers"]
sca.check.directory: ["/etc/sudoers.d"]
sca.check.result: failed

** Alert 1757863500.527897: - sca,gdpr_IV_35.7.d,pci_dss_2.2,nist_800_53_CM.1,tsc_CC7.1,tsc_CC7.2,
2025 Sep 14 17:25:00 student-virtual-machine->sca
Rule: 19008 (level 3) -> 'CIS Ubuntu Linux 22.04 LTS Benchmark v2.0.0.: Ensure users must provide password for privilege escalation.'
{"type":"check","id":380680914,"policy":"CIS Ubuntu Linux 22.04 LTS Benchmark v2.0.0.","policy_id":"cis_ubuntu22-04","check":{"id":28657,"title":"Ensure users must provide password for privilege escalation.","description":"The operating system must be configured so that users must provide a password for privilege escalation.","rationale":"Without (re-)authentication, users may access resources or perform tasks for which they do not have authorization. When operating systems provide the capability to escalate a functional capability, it is critical the user (re-)authenticate.","remediation":"Based on the outcome of the audit procedure, use visudo -f <PATH TO FILE> to edit the relevant sudoers file. Remove any line with occurrences of NOPASSWD tags in the file.","compliance":{"cis":"5.2.4","cis_csc_v8":"5.4","cis_csc_v7":"4.3","cmmc_v2.0":"AC.L2-3.1.5,AC.L2-3.1.6,AC.L2-3.1.7,SC.L2-3.13.3","iso_27001-2013":"A.9.2.3","mitre_mitigations":"M1026","mitre_tactics":"TA0004","mitre_techniques":"T1548","nist_sp_800-53":"AC-6(2),AC-6(5)","pci_dss_v3.2.1":"7.1,7.1.1,7.1.2,7.1.3","soc_2":"CC6.1,CC6.3"},"rules":["f:/etc/sudoers -> !r:^# && r:NOPASSWD","d:/etc/sudoers.d -> r:\\.* -> !r:^# && r:NOPASSWD"],"condition":"none","file":"/etc/sudoers","directory":"/etc/sudoers.d","result":"passed"}}
sca.type: check
sca.scan_id: 380680914
sca.policy: CIS Ubuntu Linux 22.04 LTS Benchmark v2.0.0.
sca.check.id: 28657
sca.check.title: Ensure users must provide password for privilege escalation.
sca.check.description: The operating system must be configured so that users must provide a password for privilege escalation.
sca.check.rationale: Without (re-)authentication, users may access resources or perform tasks for which they do not have authorization. When operating systems provide the capability to escalate a functional capability, it is critical the user (re-)authenticate.
sca.check.remediation: Based on the outcome of the audit procedure, use visudo -f <PATH TO FILE> to edit the relevant sudoers file. Remove any line with occurrences of NOPASSWD tags in the file.
sca.check.compliance.cis: 5.2.4
sca.check.compliance.cis_csc_v8: 5.4
sca.check.compliance.cis_csc_v7: 4.3
sca.check.compliance.cmmc_v2.0: AC.L2-3.1.5,AC.L2-3.1.6,AC.L2-3.1.7,SC.L2-3.13.3
sca.check.compliance.iso_27001-2013: A.9.2.3
sca.check.compliance.mitre_mitigations: M1026
sca.check.compliance.mitre_tactics: TA0004
sca.check.compliance.mitre_techniques: T1548
sca.check.compliance.nist_sp_800-53: AC-6(2),AC-6(5)
sca.check.compliance.pci_dss_v3.2.1: 7.1,7.1.1,7.1.2,7.1.3
sca.check.compliance.soc_2: CC6.1,CC6.3
sca.check.file: ["/etc/sudoers"]
sca.check.directory: ["/etc/sudoers.d"]
sca.check.result: passed

** Alert 1757863500.530873: - sca,gdpr_IV_35.7.d,pci_dss_2.2,nist_800_53_CM.1,tsc_CC7.1,tsc_CC7.2,
2025 Sep 14 17:25:00 student-virtual-machine->sca
Rule: 19008 (level 3) -> 'CIS Ubuntu Linux 22.04 LTS Benchmark v2.0.0.: Ensure re-authentication for privilege escalation is not disabled globally.'
{"type":"check","id":380680914,"policy":"CIS Ubuntu Linux 22.04 LTS Benchmark v2.0.0.","policy_id":"cis_ubuntu22-04","check":{"id":28658,"title":"Ensure re-authentication for privilege escalation is not disabled globally.","description":"The operating system must be configured so that users must re-authenticate for privilege escalation.","rationale":"Without re-authentication, users may access resources or perform tasks for which they do not have authorization. When operating systems provide the capability to escalate a functional capability, it is critical the user re-authenticate.","remediation":"Configure the operating system to require users to reauthenticate for privilege escalation. Based on the outcome of the audit procedure, use visudo -f <PATH TO FILE> to edit the relevant sudoers file. Remove any occurrences of !authenticate tags in the file(s).","compliance":{"cis":"5.2.5","cis_csc_v8":"5.4","cis_csc_v7":"4.3","cmmc_v2.0":"AC.L2-3.1.5,AC.L2-3.1.6,AC.L2-3.1.7,SC.L2-3.13.3","iso_27001-2013":"A.9.2.3","mitre_mitigations":"M1026","mitre_tactics":"TA0004","mitre_techniques":"T1548","nist_sp_800-53":"AC-6(2),AC-6(5)","pci_dss_v3.2.1":"7.1,7.1.1,7.1.2,7.1.3","soc_2":"CC6.1,CC6.3"},"rules":["f:/etc/sudoers -> !r:^# && r:!authenticate","d:/etc/sudoers.d -> r:\\.* -> !r:^# && r:!authenticate"],"condition":"none","file":"/etc/sudoers","directory":"/etc/sudoers.d","result":"passed"}}
sca.type: check
sca.scan_id: 380680914
sca.policy: CIS Ubuntu Linux 22.04 LTS Benchmark v2.0.0.
sca.check.id: 28658
sca.check.title: Ensure re-authentication for privilege escalation is not disabled globally.
sca.check.description: The operating system must be configured so that users must re-authenticate for privilege escalation.
sca.check.rationale: Without re-authentication, users may access resources or perform tasks for which they do not have authorization. When operating systems provide the capability to escalate a functional capability, it is critical the user re-authenticate.
sca.check.remediation: Configure the operating system to require users to reauthenticate for privilege escalation. Based on the outcome of the audit procedure, use visudo -f <PATH TO FILE> to edit the relevant sudoers file. Remove any occurrences of !authenticate tags in the file(s).
sca.check.compliance.cis: 5.2.5
sca.check.compliance.cis_csc_v8: 5.4
sca.check.compliance.cis_csc_v7: 4.3
sca.check.compliance.cmmc_v2.0: AC.L2-3.1.5,AC.L2-3.1.6,AC.L2-3.1.7,SC.L2-3.13.3
sca.check.compliance.iso_27001-2013: A.9.2.3
sca.check.compliance.mitre_mitigations: M1026
sca.check.compliance.mitre_tactics: TA0004
sca.check.compliance.mitre_techniques: T1548
sca.check.compliance.nist_sp_800-53: AC-6(2),AC-6(5)
sca.check.compliance.pci_dss_v3.2.1: 7.1,7.1.1,7.1.2,7.1.3
sca.check.compliance.soc_2: CC6.1,CC6.3
sca.check.file: ["/etc/sudoers"]
sca.check.directory: ["/etc/sudoers.d"]
sca.check.result: passed

** Alert 1757863500.534070: - sca,gdpr_IV_35.7.d,pci_dss_2.2,nist_800_53_CM.1,tsc_CC7.1,tsc_CC7.2,
2025 Sep 14 17:25:00 student-virtual-machine->sca
Rule: 19008 (level 3) -> 'CIS Ubuntu Linux 22.04 LTS Benchmark v2.0.0.: Ensure sudo authentication timeout is configured correctly.'
{"type":"check","id":380680914,"policy":"CIS Ubuntu Linux 22.04 LTS Benchmark v2.0.0.","policy_id":"cis_ubuntu22-04","check":{"id":28659,"title":"Ensure sudo authentication timeout is configured correctly.","description":"sudo caches used credentials for a default of 15 minutes. This is for ease of use when there are multiple administrative tasks to perform. The timeout can be modified to suit local security policies. This default is distribution specific. See audit section for further information.","rationale":"Setting a timeout value reduces the window of opportunity for unauthorized privileged access to another user.","remediation":"If the currently configured timeout is larger than 15 minutes, edit the file listed in the audit section with visudo -f <PATH TO FILE> and modify the entry timestamp_timeout= to 15 minutes or less as per your site policy. The value is in minutes. This particular entry may appear on it's own, or on the same line as env_reset. See the following two examples: Defaults env_reset, timestamp_timeout=15 Defaults timestamp_timeout=15 Defaults env_reset.","compliance":{"cis":"5.2.6","cis_csc_v8":"5.4","cis_csc_v7":"4.3","cmmc_v2.0":"AC.L2-3.1.5,AC.L2-3.1.6,AC.L2-3.1.7,SC.L2-3.13.3","iso_27001-2013":"A.9.2.3","mitre_mitigations":"M1026","mitre_tactics":"TA0004","mitre_techniques":"T1548","nist_sp_800-53":"AC-6(2),AC-6(5)","pci_dss_v3.2.1":"7.1,7.1.1,7.1.2,7.1.3","soc_2":"CC6.1,CC6.3"},"rules":["f:/etc/sudoers -> !r:^\\s*\\t*# && n:^\\s*\\t*timestamp_timeout=(\\d+) compare <= 15 && n:^\\s*\\t*timestamp_timeout=(\\d+) compare >= 0","d:/etc/sudoers.d -> r:\\.* -> !r:^\\s*\\t*# && n:^\\s*\\t*timestamp_timeout=(\\d+) compare <= 15 && n:^\\s*\\t*timestamp_timeout=(\\d+) compare >= 0","c:sudo -V -> n:Authentication timestamp timeout:\\s*\\t*(\\d+) compare <= 15 && n:Authentication timestamp timeout:\\s*\\t*(\\d+) compare >= 0"],"condition":"any","references":"https://www.sudo.ws/man/1.9.0/sudoers.man.html","file":"/etc/sudoers","directory":"/etc/sudoers.d","command":"sudo -V","result":"passed"}}
sca.type: check
sca.scan_id: 380680914
sca.policy: CIS Ubuntu Linux 22.04 LTS Benchmark v2.0.0.
sca.check.id: 28659
sca.check.title: Ensure sudo authentication timeout is configured correctly.
sca.check.description: sudo caches used credentials for a default of 15 minutes. This is for ease of use when there are multiple administrative tasks to perform. The timeout can be modified to suit local security policies. This default is distribution specific. See audit section for further information.
sca.check.rationale: Setting a timeout value reduces the window of opportunity for unauthorized privileged access to another user.
sca.check.remediation: If the currently configured timeout is larger than 15 minutes, edit the file listed in the audit section with visudo -f <PATH TO FILE> and modify the entry timestamp_timeout= to 15 minutes or less as per your site policy. The value is in minutes. This particular entry may appear on it's own, or on the same line as env_reset. See the following two examples: Defaults env_reset, timestamp_timeout=15 Defaults timestamp_timeout=15 Defaults env_reset.
sca.check.compliance.cis: 5.2.6
sca.check.compliance.cis_csc_v8: 5.4
sca.check.compliance.cis_csc_v7: 4.3
sca.check.compliance.cmmc_v2.0: AC.L2-3.1.5,AC.L2-3.1.6,AC.L2-3.1.7,SC.L2-3.13.3
sca.check.compliance.iso_27001-2013: A.9.2.3
sca.check.compliance.mitre_mitigations: M1026
sca.check.compliance.mitre_tactics: TA0004
sca.check.compliance.mitre_techniques: T1548
sca.check.compliance.nist_sp_800-53: AC-6(2),AC-6(5)
sca.check.compliance.pci_dss_v3.2.1: 7.1,7.1.1,7.1.2,7.1.3
sca.check.compliance.soc_2: CC6.1,CC6.3
sca.check.references: https://www.sudo.ws/man/1.9.0/sudoers.man.html
sca.check.file: ["/etc/sudoers"]
sca.check.directory: ["/etc/sudoers.d"]
sca.check.command: ["sudo -V"]
sca.check.result: passed

** Alert 1757863500.538217: - sca,gdpr_IV_35.7.d,pci_dss_2.2,nist_800_53_CM.1,tsc_CC7.1,tsc_CC7.2,
2025 Sep 14 17:25:00 student-virtual-machine->sca
Rule: 19007 (level 7) -> 'CIS Ubuntu Linux 22.04 LTS Benchmark v2.0.0.: Ensure access to the su command is restricted.'
{"type":"check","id":380680914,"policy":"CIS Ubuntu Linux 22.04 LTS Benchmark v2.0.0.","policy_id":"cis_ubuntu22-04","check":{"id":28660,"title":"Ensure access to the su command is restricted.","description":"The su command allows a user to run a command or shell as another user. The program has been superseded by sudo, which allows for more granular control over privileged access. Normally, the su command can be executed by any user. By uncommenting the pam_wheel.so statement in /etc/pam.d/su, the su command will only allow users in a specific groups to execute su. This group should be empty to reinforce the use of sudo for privileged access.","rationale":"Restricting the use of su , and using sudo in its place, provides system administrators better control of the escalation of user privileges to execute privileged commands. The sudo utility also provides a better logging and audit mechanism, as it can log each command executed via sudo , whereas su can only record that a user executed the su program.","remediation":"Create an empty group that will be specified for use of the su command. The group should be named according to site policy. Example: # groupadd sugroup Add the following line to the /etc/pam.d/su file, specifying the empty group: auth required pam_wheel.so use_uid group=sugroup.","compliance":{"cis":"5.2.7","cis_csc_v8":"3.3","cis_csc_v7":"14.6","cmmc_v2.0":"AC.L1-3.1.1,AC.L1-3.1.2,AC.L2-3.1.3,AC.L2-3.1.5,MP.L2-3.8.2","hipaa":"164.308(a)(3)(i),164.308(a)(3)(ii)(A),164.312(a)(1)","iso_27001-2013":"A.9.1.1","mitre_mitigations":"M1026","mitre_tactics":"TA0005","mitre_techniques":"T1548","nist_sp_800-53":"AC-5,AC-6","pci_dss_v3.2.1":"7.1,7.1.1,7.1.2,7.1.3","pci_dss_v4.0":"1.3.1,7.1","soc_2":"CC5.2,CC6.1"},"rules":["f:/etc/pam.d/su -> !r:^# && r:auth&& r:required && r:pam_wheel.so && r:use_uid && r:group="],"condition":"all","file":"/etc/pam.d/su","result":"failed"}}
sca.type: check
sca.scan_id: 380680914
sca.policy: CIS Ubuntu Linux 22.04 LTS Benchmark v2.0.0.
sca.check.id: 28660
sca.check.title: Ensure access to the su command is restricted.
sca.check.description: The su command allows a user to run a command or shell as another user. The program has been superseded by sudo, which allows for more granular control over privileged access. Normally, the su command can be executed by any user. By uncommenting the pam_wheel.so statement in /etc/pam.d/su, the su command will only allow users in a specific groups to execute su. This group should be empty to reinforce the use of sudo for privileged access.
sca.check.rationale: Restricting the use of su , and using sudo in its place, provides system administrators better control of the escalation of user privileges to execute privileged commands. The sudo utility also provides a better logging and audit mechanism, as it can log each command executed via sudo , whereas su can only record that a user executed the su program.
sca.check.remediation: Create an empty group that will be specified for use of the su command. The group should be named according to site policy. Example: # groupadd sugroup Add the following line to the /etc/pam.d/su file, specifying the empty group: auth required pam_wheel.so use_uid group=sugroup.
sca.check.compliance.cis: 5.2.7
sca.check.compliance.cis_csc_v8: 3.3
sca.check.compliance.cis_csc_v7: 14.6
sca.check.compliance.cmmc_v2.0: AC.L1-3.1.1,AC.L1-3.1.2,AC.L2-3.1.3,AC.L2-3.1.5,MP.L2-3.8.2
sca.check.compliance.hipaa: 164.308(a)(3)(i),164.308(a)(3)(ii)(A),164.312(a)(1)
sca.check.compliance.iso_27001-2013: A.9.1.1
sca.check.compliance.mitre_mitigations: M1026
sca.check.compliance.mitre_tactics: TA0005
sca.check.compliance.mitre_techniques: T1548
sca.check.compliance.nist_sp_800-53: AC-5,AC-6
sca.check.compliance.pci_dss_v3.2.1: 7.1,7.1.1,7.1.2,7.1.3
sca.check.compliance.pci_dss_v4.0: 1.3.1,7.1
sca.check.compliance.soc_2: CC5.2,CC6.1
sca.check.file: ["/etc/pam.d/su"]
sca.check.result: failed

** Alert 1757863500.542426: - sca,gdpr_IV_35.7.d,pci_dss_2.2,nist_800_53_CM.1,tsc_CC7.1,tsc_CC7.2,
2025 Sep 14 17:25:00 student-virtual-machine->sca
Rule: 19008 (level 3) -> 'CIS Ubuntu Linux 22.04 LTS Benchmark v2.0.0.: Ensure libpam-pwquality is installed.'
{"type":"check","id":380680914,"policy":"CIS Ubuntu Linux 22.04 LTS Benchmark v2.0.0.","policy_id":"cis_ubuntu22-04","check":{"id":28661,"title":"Ensure libpam-pwquality is installed.","description":"libpwquality provides common functions for password quality checking and scoring them based on their apparent randomness. The library also provides a function for generating random passwords with good pronounceability. This module can be plugged into the password stack of a given service to provide some plug-in strength-checking for passwords. The code was originally based on pam_cracklib module and the module is backwards compatible with its options.","rationale":"Strong passwords reduce the risk of systems being hacked through brute force methods.","remediation":"Run the following command to install libpam-pwquality: # apt install libpam-pwquality.","compliance":{"cis":"5.3.1.3"},"rules":["c:dpkg -s libpam-pwquality -> r:install ok installed"],"condition":"all","references":"https://packages.debian.org/buster/libpam-pwquality","command":"dpkg -s libpam-pwquality","result":"passed"}}
sca.type: check
sca.scan_id: 380680914
sca.policy: CIS Ubuntu Linux 22.04 LTS Benchmark v2.0.0.
sca.check.id: 28661
sca.check.title: Ensure libpam-pwquality is installed.
sca.check.description: libpwquality provides common functions for password quality checking and scoring them based on their apparent randomness. The library also provides a function for generating random passwords with good pronounceability. This module can be plugged into the password stack of a given service to provide some plug-in strength-checking for passwords. The code was originally based on pam_cracklib module and the module is backwards compatible with its options.
sca.check.rationale: Strong passwords reduce the risk of systems being hacked through brute force methods.
sca.check.remediation: Run the following command to install libpam-pwquality: # apt install libpam-pwquality.
sca.check.compliance.cis: 5.3.1.3
sca.check.references: https://packages.debian.org/buster/libpam-pwquality
sca.check.command: ["dpkg -s libpam-pwquality"]
sca.check.result: passed

** Alert 1757863500.544833: - sca,gdpr_IV_35.7.d,pci_dss_2.2,nist_800_53_CM.1,tsc_CC7.1,tsc_CC7.2,
2025 Sep 14 17:25:00 student-virtual-machine->sca
Rule: 19008 (level 3) -> 'CIS Ubuntu Linux 22.04 LTS Benchmark v2.0.0.: Ensure password failed attempts lockout is configured.'
{"type":"check","id":380680914,"policy":"CIS Ubuntu Linux 22.04 LTS Benchmark v2.0.0.","policy_id":"cis_ubuntu22-04","check":{"id":28662,"title":"Ensure password failed attempts lockout is configured.","description":"The deny=<n> option will deny access if the number of consecutive authentication failures for this user during the recent interval exceeds.","rationale":"Locking out user IDs after n unsuccessful consecutive login attempts mitigates brute force password attacks against your systems.","remediation":"Create or edit the following line in /etc/security/faillock.conf setting the deny option to 5 or less: deny = 5 Run the following command: # grep -Pl -- '\\bpam_faillock\\.so\\h+([^#\\n\\r]+\\h+)?deny\\b' /usr/share/pam- configs/* Edit any returned files and remove the deny=<N> arguments from the pam_faillock.so line(s): Internal Only - General.","compliance":{"cis":"5.3.3.1.1","cis_csc_v8":"6.2","cis_csc_v7":"16.7","cmmc_v2.0":"AC.L1-3.1.1","hipaa":"164.308(a)(3)(ii)(C)","iso_27001-2013":"A.9.2.6","mitre_mitigations":"M1027","mitre_tactics":"TA0006","mitre_techniques":"T1110,T1110.001,T1110.003","nist_sp_800-53":"AC-2(1)","pci_dss_v3.2.1":"8.1.3","pci_dss_v4.0":"8.2.4,8.2.5","soc_2":"CC6.2,CC6.3"},"rules":["f:/etc/security/faillock.conf -> n:^\\s*\\t*deny\\s*\\t*=\\s*\\t*(\\d+) compare <= 5","f:/etc/pam.d/common-auth -> r:pam_faillock.so && n:^\\s*\\t*deny\\s*\\t*=\\s*\\t*(\\d+) compare <= 5","not f:/etc/pam.d/common-auth -> r:pam_faillock.so && r:^\\s*\\t*deny\\s*\\t*="],"condition":"any","file":"/etc/security/faillock.conf,/etc/pam.d/common-auth","result":"passed"}}
sca.type: check
sca.scan_id: 380680914
sca.policy: CIS Ubuntu Linux 22.04 LTS Benchmark v2.0.0.
sca.check.id: 28662
sca.check.title: Ensure password failed attempts lockout is configured.
sca.check.description: The deny=<n> option will deny access if the number of consecutive authentication failures for this user during the recent interval exceeds.
sca.check.rationale: Locking out user IDs after n unsuccessful consecutive login attempts mitigates brute force password attacks against your systems.
sca.check.remediation: Create or edit the following line in /etc/security/faillock.conf setting the deny option to 5 or less: deny = 5 Run the following command: # grep -Pl -- '\bpam_faillock\.so\h+([^#\n\r]+\h+)?deny\b' /usr/share/pam- configs/* Edit any returned files and remove the deny=<N> arguments from the pam_faillock.so line(s): Internal Only - General.
sca.check.compliance.cis: 5.3.3.1.1
sca.check.compliance.cis_csc_v8: 6.2
sca.check.compliance.cis_csc_v7: 16.7
sca.check.compliance.cmmc_v2.0: AC.L1-3.1.1
sca.check.compliance.hipaa: 164.308(a)(3)(ii)(C)
sca.check.compliance.iso_27001-2013: A.9.2.6
sca.check.compliance.mitre_mitigations: M1027
sca.check.compliance.mitre_tactics: TA0006
sca.check.compliance.mitre_techniques: T1110,T1110.001,T1110.003
sca.check.compliance.nist_sp_800-53: AC-2(1)
sca.check.compliance.pci_dss_v3.2.1: 8.1.3
sca.check.compliance.pci_dss_v4.0: 8.2.4,8.2.5
sca.check.compliance.soc_2: CC6.2,CC6.3
sca.check.file: ["/etc/security/faillock.conf", "/etc/pam.d/common-auth"]
sca.check.result: passed

** Alert 1757863500.548257: - sca,gdpr_IV_35.7.d,pci_dss_2.2,nist_800_53_CM.1,tsc_CC7.1,tsc_CC7.2,
2025 Sep 14 17:25:00 student-virtual-machine->sca
Rule: 19008 (level 3) -> 'CIS Ubuntu Linux 22.04 LTS Benchmark v2.0.0.: Ensure strong password hashing algorithm is configured.'
{"type":"check","id":380680914,"policy":"CIS Ubuntu Linux 22.04 LTS Benchmark v2.0.0.","policy_id":"cis_ubuntu22-04","check":{"id":28664,"title":"Ensure strong password hashing algorithm is configured.","description":"A cryptographic hash function converts an arbitrary-length input into a fixed length output. Password hashing performs a one-way transformation of a password, turning the password into another string, called the hashed password. ENCRYPT_METHOD (string) - This defines the system default encryption algorithm for encrypting passwords (if no algorithm are specified on the command line). It can take one of these values: - MD5 - MD5-based algorithm will be used for encrypting password - SHA256 - SHA256-based algorithm will be used for encrypting password - SHA512 - SHA512-based algorithm will be used for encrypting password - BCRYPT - BCRYPT-based algorithm will be used for encrypting password - YESCRYPT - YESCRYPT-based algorithm will be used for encrypting password - DES - DES-based algorithm will be used for encrypting password (default) Note: - This parameter overrides the deprecated MD5_CRYPT_ENAB variable. - This parameter will only affect the generation of group passwords. - The generation of user passwords is done by PAM and subject to the PAM configuration. It is recommended to set this variable consistently with the PAM configuration. -.","rationale":"The SHA-512 and yescrypt algorithms provide a stronger hash than other algorithms used by Linux for password hash generation. A stronger hash provides additional protection to the system by increasing the level of effort needed for an attacker to successfully determine local group passwords. Internal Only - General.","remediation":"Edit /etc/login.defs and set the ENCRYPT_METHOD to SHA512 or YESCRYPT: ENCRYPT_METHOD <HASHING_ALGORITHM> Example: ENCRYPT_METHOD YESCRYPT Note: - This only effects local groups' passwords created after updating the file to use - - sha512 or yescrypt. If it is determined that the password algorithm being used is not sha512 or yescrypt, once it is changed, it is recommended that all group passwords be updated to use the stronger hashing algorithm. It is recommended that the chosen hashing algorithm is consistent across /etc/login.defs and the PAM configuration.","compliance":{"cis":"5.4.1.4","cis_csc_v8":"3.11","cis_csc_v7":"16.4","cmmc_v2.0":"AC.L2-3.1.19,IA.L2-3.5.10,MP.L2-3.8.1,SC.L2-3.13.11,SC.L2-3.13.16","hipaa":"164.312(a)(2)(iv),164.312(e)(2)(ii)","iso_27001-2013":"A.10.1.1","mitre_mitigations":"M1041","mitre_tactics":"TA0006","mitre_techniques":"T1003,T1003.008,T1110,T1110.002","nist_sp_800-53":"SC-28,SC-28(1)","pci_dss_v3.2.1":"3.4,3.4.1,8.2.1","pci_dss_v4.0":"3.1.1,3.3.2,3.3.3,3.5.1,3.5.1.2,3.5.1.3,8.3.2","soc_2":"CC6.1"},"rules":["f:/etc/login.defs -> !r:^# && r:ENCRYPT_METHOD && r:sha512|YESCRYPT"],"condition":"all","file":"/etc/login.defs","result":"passed"}}
sca.type: check
sca.scan_id: 380680914
sca.policy: CIS Ubuntu Linux 22.04 LTS Benchmark v2.0.0.
sca.check.id: 28664
sca.check.title: Ensure strong password hashing algorithm is configured.
sca.check.description: A cryptographic hash function converts an arbitrary-length input into a fixed length output. Password hashing performs a one-way transformation of a password, turning the password into another string, called the hashed password. ENCRYPT_METHOD (string) - This defines the system default encryption algorithm for encrypting passwords (if no algorithm are specified on the command line). It can take one of these values: - MD5 - MD5-based algorithm will be used for encrypting password - SHA256 - SHA256-based algorithm will be used for encrypting password - SHA512 - SHA512-based algorithm will be used for encrypting password - BCRYPT - BCRYPT-based algorithm will be used for encrypting password - YESCRYPT - YESCRYPT-based algorithm will be used for encrypting password - DES - DES-based algorithm will be used for encrypting password (default) Note: - This parameter overrides the deprecated MD5_CRYPT_ENAB variable. - This parameter will only affect the generation of group passwords. - The generation of user passwords is done by PAM and subject to the PAM configuration. It is recommended to set this variable consistently with the PAM configuration. -.
sca.check.rationale: The SHA-512 and yescrypt algorithms provide a stronger hash than other algorithms used by Linux for password hash generation. A stronger hash provides additional protection to the system by increasing the level of effort needed for an attacker to successfully determine local group passwords. Internal Only - General.
sca.check.remediation: Edit /etc/login.defs and set the ENCRYPT_METHOD to SHA512 or YESCRYPT: ENCRYPT_METHOD <HASHING_ALGORITHM> Example: ENCRYPT_METHOD YESCRYPT Note: - This only effects local groups' passwords created after updating the file to use - - sha512 or yescrypt. If it is determined that the password algorithm being used is not sha512 or yescrypt, once it is changed, it is recommended that all group passwords be updated to use the stronger hashing algorithm. It is recommended that the chosen hashing algorithm is consistent across /etc/login.defs and the PAM configuration.
sca.check.compliance.cis: 5.4.1.4
sca.check.compliance.cis_csc_v8: 3.11
sca.check.compliance.cis_csc_v7: 16.4
sca.check.compliance.cmmc_v2.0: AC.L2-3.1.19,IA.L2-3.5.10,MP.L2-3.8.1,SC.L2-3.13.11,SC.L2-3.13.16
sca.check.compliance.hipaa: 164.312(a)(2)(iv),164.312(e)(2)(ii)
sca.check.compliance.iso_27001-2013: A.10.1.1
sca.check.compliance.mitre_mitigations: M1041
sca.check.compliance.mitre_tactics: TA0006
sca.check.compliance.mitre_techniques: T1003,T1003.008,T1110,T1110.002
sca.check.compliance.nist_sp_800-53: SC-28,SC-28(1)
sca.check.compliance.pci_dss_v3.2.1: 3.4,3.4.1,8.2.1
sca.check.compliance.pci_dss_v4.0: 3.1.1,3.3.2,3.3.3,3.5.1,3.5.1.2,3.5.1.3,8.3.2
sca.check.compliance.soc_2: CC6.1
sca.check.file: ["/etc/login.defs"]
sca.check.result: passed

** Alert 1757863500.554512: - sca,gdpr_IV_35.7.d,pci_dss_2.2,nist_800_53_CM.1,tsc_CC7.1,tsc_CC7.2,
2025 Sep 14 17:25:00 student-virtual-machine->sca
Rule: 19007 (level 7) -> 'CIS Ubuntu Linux 22.04 LTS Benchmark v2.0.0.: Ensure minimum password age is configured.'
{"type":"check","id":380680914,"policy":"CIS Ubuntu Linux 22.04 LTS Benchmark v2.0.0.","policy_id":"cis_ubuntu22-04","check":{"id":28665,"title":"Ensure minimum password age is configured.","description":"The minimum password age determines the number of days that you must use a password before you can change it. PASS_MIN_DAYS <N> - The minimum number of days allowed between password changes. Any password changes attempted sooner than this will be rejected. If not specified, 0 will be assumed (which disables the restriction).","rationale":"Users may have favorite passwords that they like to use because they are easy to remember and they believe that their password choice is secure from compromise. Unfortunately, passwords are compromised and if an attacker is targeting a specific individual user account, with foreknowledge of data about that user, reuse of old, potentially compromised passwords, may cause a security breach. By restricting the frequency of password changes, an administrator can prevent users from repeatedly changing their password in an attempt to circumvent password reuse controls.","remediation":"Edit /etc/login.defs and set PASS_MIN_DAYS to a value greater than 0 that follows local site policy: Example: PASS_MIN_DAYS 1 Run the following command to modify user parameters for all users with a password set to a minimum age greater than zero that follows local site policy: # chage --mindays <N> <user> Example: # awk -F: '($2~/^\\$.+\\$/) {if($4 < 1)system (\"chage --mindays 1 \" $1)}' /etc/shadow.","compliance":{"cis":"5.4.1.2","cis_csc_v8":"5.2","cis_csc_v7":"4.4","cmmc_v2.0":"IA.L2-3.5.7","iso_27001-2013":"A.9.4.3","mitre_mitigations":"M1027","mitre_tactics":"TA0006","mitre_techniques":"T1078,T1078.001,T1078.002,T1078.003,T1078.004,T1110,T1110.004","pci_dss_v4.0":"2.2.2,8.3.5,8.3.6,8.6.3","soc_2":"CC6.1"},"rules":["f:/etc/login.defs -> n:^\\s*\\t*PASS_MIN_DAYS\\s*\\t*(\\d+) compare >= 1","not f:/etc/shadow -> !r:^\\w+:\\p: && n:^\\w+:\\S*:\\d*:(\\d+) compare < 1"],"condition":"all","file":"/etc/login.defs","result":"failed"}}
sca.type: check
sca.scan_id: 380680914
sca.policy: CIS Ubuntu Linux 22.04 LTS Benchmark v2.0.0.
sca.check.id: 28665
sca.check.title: Ensure minimum password age is configured.
sca.check.description: The minimum password age determines the number of days that you must use a password before you can change it. PASS_MIN_DAYS <N> - The minimum number of days allowed between password changes. Any password changes attempted sooner than this will be rejected. If not specified, 0 will be assumed (which disables the restriction).
sca.check.rationale: Users may have favorite passwords that they like to use because they are easy to remember and they believe that their password choice is secure from compromise. Unfortunately, passwords are compromised and if an attacker is targeting a specific individual user account, with foreknowledge of data about that user, reuse of old, potentially compromised passwords, may cause a security breach. By restricting the frequency of password changes, an administrator can prevent users from repeatedly changing their password in an attempt to circumvent password reuse controls.
sca.check.remediation: Edit /etc/login.defs and set PASS_MIN_DAYS to a value greater than 0 that follows local site policy: Example: PASS_MIN_DAYS 1 Run the following command to modify user parameters for all users with a password set to a minimum age greater than zero that follows local site policy: # chage --mindays <N> <user> Example: # awk -F: '($2~/^\$.+\$/) {if($4 < 1)system ("chage --mindays 1 " $1)}' /etc/shadow.
sca.check.compliance.cis: 5.4.1.2
sca.check.compliance.cis_csc_v8: 5.2
sca.check.compliance.cis_csc_v7: 4.4
sca.check.compliance.cmmc_v2.0: IA.L2-3.5.7
sca.check.compliance.iso_27001-2013: A.9.4.3
sca.check.compliance.mitre_mitigations: M1027
sca.check.compliance.mitre_tactics: TA0006
sca.check.compliance.mitre_techniques: T1078,T1078.001,T1078.002,T1078.003,T1078.004,T1110,T1110.004
sca.check.compliance.pci_dss_v4.0: 2.2.2,8.3.5,8.3.6,8.6.3
sca.check.compliance.soc_2: CC6.1
sca.check.file: ["/etc/login.defs"]
sca.check.result: failed

** Alert 1757863500.558940: - sca,gdpr_IV_35.7.d,pci_dss_2.2,nist_800_53_CM.1,tsc_CC7.1,tsc_CC7.2,
2025 Sep 14 17:25:00 student-virtual-machine->sca
Rule: 19007 (level 7) -> 'CIS Ubuntu Linux 22.04 LTS Benchmark v2.0.0.: Ensure password expiration is configured.'
{"type":"check","id":380680914,"policy":"CIS Ubuntu Linux 22.04 LTS Benchmark v2.0.0.","policy_id":"cis_ubuntu22-04","check":{"id":28666,"title":"Ensure password expiration is configured.","description":"The PASS_MAX_DAYS parameter in /etc/login.defs allows an administrator to force passwords to expire once they reach a defined age. PASS_MAX_DAYS <N> - The maximum number of days a password may be used. If the password is older than this, a password change will be forced. If not specified, -1 will be assumed (which disables the restriction).","rationale":"The window of opportunity for an attacker to leverage compromised credentials or successfully compromise credentials via an online brute force attack is limited by the age of the password. Therefore, reducing the maximum age of a password also reduces an attacker's window of opportunity. We recommend a yearly password change. This is primarily because for all their good intentions users will share credentials across accounts. Therefore, even if a breach is publicly identified, the user may not see this notification, or forget they have an account on that site. This could leave a shared credential vulnerable indefinitely. Having an organizational policy of a 1-year (annual) password expiration is a reasonable compromise to mitigate this with minimal user burden. Internal Only - General.","remediation":"Set the PASS_MAX_DAYS parameter to conform to site policy in /etc/login.defs : PASS_MAX_DAYS 365 Modify user parameters for all users with a password set to match: # chage --maxdays 365 <user> Edit /etc/login.defs and set PASS_MAX_DAYS to a value greater than 0 that follows local site policy: Example: PASS_MAX_DAYS 365 Run the following command to modify user parameters for all users with a password set to a maximum age no greater than 356 or less than 1 that follows local site policy: # chage --maxdays <N> <user> Example: # awk -F: '($2~/^\\$.+\\$/) {if($5 > 365 || $5 < 1)system (\"chage --maxdays 365 \" $1)}' /etc/shadow.","compliance":{"cis":"5.4.1.1","cis_csc_v8":"5.2","cis_csc_v7":"4.4","cmmc_v2.0":"IA.L2-3.5.7","iso_27001-2013":"A.9.4.3","mitre_techniques":"T1078,T1078.001,T1078.002,T1078.003,T1078.004,T1110,T1110.001,T1110.002,T1110.003,T1110.004","pci_dss_v4.0":"2.2.2,8.3.5,8.3.6,8.6.3","soc_2":"CC6.1"},"rules":["f:/etc/login.defs -> n:^\\s*\\t*PASS_MAX_DAYS\\s*\\t*(\\d+) compare <= 365","f:/etc/login.defs -> n:^\\s*\\t*PASS_MAX_DAYS\\s*\\t*(\\d+) compare > 0","not f:/etc/shadow -> !r:^\\w+:\\p: && n:^\\w+:\\S*:\\d*:\\d*:(\\d+) compare > 365"],"condition":"all","file":"/etc/login.defs","result":"failed"}}
sca.type: check
sca.scan_id: 380680914
sca.policy: CIS Ubuntu Linux 22.04 LTS Benchmark v2.0.0.
sca.check.id: 28666
sca.check.title: Ensure password expiration is configured.
sca.check.description: The PASS_MAX_DAYS parameter in /etc/login.defs allows an administrator to force passwords to expire once they reach a defined age. PASS_MAX_DAYS <N> - The maximum number of days a password may be used. If the password is older than this, a password change will be forced. If not specified, -1 will be assumed (which disables the restriction).
sca.check.rationale: The window of opportunity for an attacker to leverage compromised credentials or successfully compromise credentials via an online brute force attack is limited by the age of the password. Therefore, reducing the maximum age of a password also reduces an attacker's window of opportunity. We recommend a yearly password change. This is primarily because for all their good intentions users will share credentials across accounts. Therefore, even if a breach is publicly identified, the user may not see this notification, or forget they have an account on that site. This could leave a shared credential vulnerable indefinitely. Having an organizational policy of a 1-year (annual) password expiration is a reasonable compromise to mitigate this with minimal user burden. Internal Only - General.
sca.check.remediation: Set the PASS_MAX_DAYS parameter to conform to site policy in /etc/login.defs : PASS_MAX_DAYS 365 Modify user parameters for all users with a password set to match: # chage --maxdays 365 <user> Edit /etc/login.defs and set PASS_MAX_DAYS to a value greater than 0 that follows local site policy: Example: PASS_MAX_DAYS 365 Run the following command to modify user parameters for all users with a password set to a maximum age no greater than 356 or less than 1 that follows local site policy: # chage --maxdays <N> <user> Example: # awk -F: '($2~/^\$.+\$/) {if($5 > 365 || $5 < 1)system ("chage --maxdays 365 " $1)}' /etc/shadow.
sca.check.compliance.cis: 5.4.1.1
sca.check.compliance.cis_csc_v8: 5.2
sca.check.compliance.cis_csc_v7: 4.4
sca.check.compliance.cmmc_v2.0: IA.L2-3.5.7
sca.check.compliance.iso_27001-2013: A.9.4.3
sca.check.compliance.mitre_techniques: T1078,T1078.001,T1078.002,T1078.003,T1078.004,T1110,T1110.001,T1110.002,T1110.003,T1110.004
sca.check.compliance.pci_dss_v4.0: 2.2.2,8.3.5,8.3.6,8.6.3
sca.check.compliance.soc_2: CC6.1
sca.check.file: ["/etc/login.defs"]
sca.check.result: failed

** Alert 1757863500.564304: - sca,gdpr_IV_35.7.d,pci_dss_2.2,nist_800_53_CM.1,tsc_CC7.1,tsc_CC7.2,
2025 Sep 14 17:25:00 student-virtual-machine->sca
Rule: 19008 (level 3) -> 'CIS Ubuntu Linux 22.04 LTS Benchmark v2.0.0.: Ensure password expiration warning days is configured.'
{"type":"check","id":380680914,"policy":"CIS Ubuntu Linux 22.04 LTS Benchmark v2.0.0.","policy_id":"cis_ubuntu22-04","check":{"id":28667,"title":"Ensure password expiration warning days is configured.","description":"The PASS_WARN_AGE parameter in /etc/login.defs allows an administrator to notify users that their password will expire in a defined number of days. PASS_WARN_AGE <N> - The number of days warning given before a password expires. A zero means warning is given only upon the day of expiration, a negative value means no warning is given. If not specified, no warning will be provided.","rationale":"Providing an advance warning that a password will be expiring gives users time to think of a secure password. Users caught unaware may choose a simple password or write it down where it may be discovered.","remediation":"Edit /etc/login.defs and set PASS_WARN_AGE to a value of 7 or more that follows local site policy: Example: PASS_WARN_AGE 7 Run the following command to modify user parameters for all users with a password set to a minimum warning to 7 or more days that follows local site policy: # chage --warndays <N> <user> Example: # awk -F: '($2~/^\\$.+\\$/) {if($6 < 7)system (\"chage --warndays 7 \" $1)}' /etc/shadow.","compliance":{"cis":"5.4.1.3","cis_csc_v8":"4.1","cis_csc_v7":"4.4","cmmc_v2.0":"AC.L1-3.1.1,AC.L1-3.1.2,CM.L2-3.4.1,CM.L2-3.4.2,CM.L2-3.4.6,CM.L2-3.4.7","iso_27001-2013":"A.9.4.3","mitre_mitigations":"M1027","mitre_tactics":"TA0006","mitre_techniques":"T1078","nist_sp_800-53":"CM-7(1),CM-9,SA-10","pci_dss_v3.2.1":"11.5,2.2","pci_dss_v4.0":"1.1.1,1.2.1,1.2.6,1.2.7,1.5.1,2.1.1,2.2.1","soc_2":"CC7.1,CC8.1"},"rules":["f:/etc/login.defs -> n:^\\s*\\t*PASS_WARN_AGE\\s*\\t*(\\d+) compare >= 7","not f:/etc/shadow -> !r:^\\w+:\\p: && n:^\\w+:\\S*:\\d*:\\d*:\\d*:(\\d+) compare < 7"],"condition":"all","file":"/etc/login.defs,/etc/shadow","result":"passed"}}
sca.type: check
sca.scan_id: 380680914
sca.policy: CIS Ubuntu Linux 22.04 LTS Benchmark v2.0.0.
sca.check.id: 28667
sca.check.title: Ensure password expiration warning days is configured.
sca.check.description: The PASS_WARN_AGE parameter in /etc/login.defs allows an administrator to notify users that their password will expire in a defined number of days. PASS_WARN_AGE <N> - The number of days warning given before a password expires. A zero means warning is given only upon the day of expiration, a negative value means no warning is given. If not specified, no warning will be provided.
sca.check.rationale: Providing an advance warning that a password will be expiring gives users time to think of a secure password. Users caught unaware may choose a simple password or write it down where it may be discovered.
sca.check.remediation: Edit /etc/login.defs and set PASS_WARN_AGE to a value of 7 or more that follows local site policy: Example: PASS_WARN_AGE 7 Run the following command to modify user parameters for all users with a password set to a minimum warning to 7 or more days that follows local site policy: # chage --warndays <N> <user> Example: # awk -F: '($2~/^\$.+\$/) {if($6 < 7)system ("chage --warndays 7 " $1)}' /etc/shadow.
sca.check.compliance.cis: 5.4.1.3
sca.check.compliance.cis_csc_v8: 4.1
sca.check.compliance.cis_csc_v7: 4.4
sca.check.compliance.cmmc_v2.0: AC.L1-3.1.1,AC.L1-3.1.2,CM.L2-3.4.1,CM.L2-3.4.2,CM.L2-3.4.6,CM.L2-3.4.7
sca.check.compliance.iso_27001-2013: A.9.4.3
sca.check.compliance.mitre_mitigations: M1027
sca.check.compliance.mitre_tactics: TA0006
sca.check.compliance.mitre_techniques: T1078
sca.check.compliance.nist_sp_800-53: CM-7(1),CM-9,SA-10
sca.check.compliance.pci_dss_v3.2.1: 11.5,2.2
sca.check.compliance.pci_dss_v4.0: 1.1.1,1.2.1,1.2.6,1.2.7,1.5.1,2.1.1,2.2.1
sca.check.compliance.soc_2: CC7.1,CC8.1
sca.check.file: ["/etc/login.defs", "/etc/shadow"]
sca.check.result: passed

** Alert 1757863500.568417: - sca,gdpr_IV_35.7.d,pci_dss_2.2,nist_800_53_CM.1,tsc_CC7.1,tsc_CC7.2,
2025 Sep 14 17:25:00 student-virtual-machine->sca
Rule: 19007 (level 7) -> 'CIS Ubuntu Linux 22.04 LTS Benchmark v2.0.0.: Ensure inactive password lock is configured.'
{"type":"check","id":380680914,"policy":"CIS Ubuntu Linux 22.04 LTS Benchmark v2.0.0.","policy_id":"cis_ubuntu22-04","check":{"id":28668,"title":"Ensure inactive password lock is configured.","description":"User accounts that have been inactive for over a given period of time can be automatically disabled. INACTIVE - Defines the number of days after the password exceeded its maximum age where the user is expected to replace this password. The value is stored in the shadow password file. An input of 0 will disable an expired password with no delay. An input of -1 will blank the respective field in the shadow password file.","rationale":"Inactive accounts pose a threat to system security since the users are not logging in to notice failed login attempts or other anomalies.","remediation":"Run the following command to set the default password inactivity period to 45 days or less that meets local site policy: # useradd -D -f <N> Example: # useradd -D -f 45 Run the following command to modify user parameters for all users with a password set to a inactive age of 45 days or less that follows local site policy: # chage --inactive <N> <user> Example: # awk -F: '($2~/^\\$.+\\$/) {if($7 > 45 || $7 < 0)system (\"chage --inactive 45 \" $1)}' /etc/shadow.","compliance":{"cis":"5.4.1.5","cis_csc_v8":"5.2","cis_csc_v7":"4.4","cmmc_v2.0":"IA.L2-3.5.7","iso_27001-2013":"A.9.4.3","mitre_mitigations":"M1027","mitre_tactics":"TA0001","mitre_techniques":"T1078,T1078.002,T1078.003","pci_dss_v4.0":"2.2.2,8.3.5,8.3.6,8.6.3","soc_2":"CC6.1"},"rules":["c:useradd -D -> n:^INACTIVE=(\\d+) compare <= 45","not c:useradd -D -> n:^INACTIVE=(\\d+) compare < 0","not f:/etc/shadow -> !r:^\\w+:\\p: && n:^\\w+:\\S*:\\d*:\\d*:\\d*:\\d+:(\\d+) compare > 45"],"condition":"all","command":"useradd -D","result":"failed"}}
sca.type: check
sca.scan_id: 380680914
sca.policy: CIS Ubuntu Linux 22.04 LTS Benchmark v2.0.0.
sca.check.id: 28668
sca.check.title: Ensure inactive password lock is configured.
sca.check.description: User accounts that have been inactive for over a given period of time can be automatically disabled. INACTIVE - Defines the number of days after the password exceeded its maximum age where the user is expected to replace this password. The value is stored in the shadow password file. An input of 0 will disable an expired password with no delay. An input of -1 will blank the respective field in the shadow password file.
sca.check.rationale: Inactive accounts pose a threat to system security since the users are not logging in to notice failed login attempts or other anomalies.
sca.check.remediation: Run the following command to set the default password inactivity period to 45 days or less that meets local site policy: # useradd -D -f <N> Example: # useradd -D -f 45 Run the following command to modify user parameters for all users with a password set to a inactive age of 45 days or less that follows local site policy: # chage --inactive <N> <user> Example: # awk -F: '($2~/^\$.+\$/) {if($7 > 45 || $7 < 0)system ("chage --inactive 45 " $1)}' /etc/shadow.
sca.check.compliance.cis: 5.4.1.5
sca.check.compliance.cis_csc_v8: 5.2
sca.check.compliance.cis_csc_v7: 4.4
sca.check.compliance.cmmc_v2.0: IA.L2-3.5.7
sca.check.compliance.iso_27001-2013: A.9.4.3
sca.check.compliance.mitre_mitigations: M1027
sca.check.compliance.mitre_tactics: TA0001
sca.check.compliance.mitre_techniques: T1078,T1078.002,T1078.003
sca.check.compliance.pci_dss_v4.0: 2.2.2,8.3.5,8.3.6,8.6.3
sca.check.compliance.soc_2: CC6.1
sca.check.command: ["useradd -D"]
sca.check.result: failed

** Alert 1757863500.572266: - sca,gdpr_IV_35.7.d,pci_dss_2.2,nist_800_53_CM.1,tsc_CC7.1,tsc_CC7.2,
2025 Sep 14 17:25:00 student-virtual-machine->sca
Rule: 19008 (level 3) -> 'CIS Ubuntu Linux 22.04 LTS Benchmark v2.0.0.: Ensure group root is the only GID 0 group.'
{"type":"check","id":380680914,"policy":"CIS Ubuntu Linux 22.04 LTS Benchmark v2.0.0.","policy_id":"cis_ubuntu22-04","check":{"id":28669,"title":"Ensure group root is the only GID 0 group.","description":"The groupmod command can be used to specify which group the root group belongs to. This affects permissions of files that are group owned by the root group.","rationale":"Using GID 0 for the root group helps prevent root group owned files from accidentally becoming accessible to non-privileged users.","remediation":"Run the following command to set the root group's GID to 0: # groupmod -g 0 root Remove any groups other than the root group with GID 0 or assign them a new GID if appropriate.","compliance":{"cis":"5.4.2.3","cis_csc_v8":"3.3","cis_csc_v7":"14.6","cmmc_v2.0":"AC.L1-3.1.1,AC.L1-3.1.2,AC.L2-3.1.3,AC.L2-3.1.5,MP.L2-3.8.2","hipaa":"164.308(a)(3)(i),164.308(a)(3)(ii)(A),164.312(a)(1)","iso_27001-2013":"A.9.1.1","mitre_mitigations":"M1026","mitre_tactics":"TA0005","mitre_techniques":"T1548","nist_sp_800-53":"AC-5,AC-6","pci_dss_v3.2.1":"7.1,7.1.1,7.1.2,7.1.3","pci_dss_v4.0":"1.3.1,7.1","soc_2":"CC5.2,CC6.1"},"rules":["not f:/etc/group -> !r:^\\s*\\t*# && !r:^root: && r:^\\w+:\\w+:0:"],"condition":"all","file":"/etc/group","result":"passed"}}
sca.type: check
sca.scan_id: 380680914
sca.policy: CIS Ubuntu Linux 22.04 LTS Benchmark v2.0.0.
sca.check.id: 28669
sca.check.title: Ensure group root is the only GID 0 group.
sca.check.description: The groupmod command can be used to specify which group the root group belongs to. This affects permissions of files that are group owned by the root group.
sca.check.rationale: Using GID 0 for the root group helps prevent root group owned files from accidentally becoming accessible to non-privileged users.
sca.check.remediation: Run the following command to set the root group's GID to 0: # groupmod -g 0 root Remove any groups other than the root group with GID 0 or assign them a new GID if appropriate.
sca.check.compliance.cis: 5.4.2.3
sca.check.compliance.cis_csc_v8: 3.3
sca.check.compliance.cis_csc_v7: 14.6
sca.check.compliance.cmmc_v2.0: AC.L1-3.1.1,AC.L1-3.1.2,AC.L2-3.1.3,AC.L2-3.1.5,MP.L2-3.8.2
sca.check.compliance.hipaa: 164.308(a)(3)(i),164.308(a)(3)(ii)(A),164.312(a)(1)
sca.check.compliance.iso_27001-2013: A.9.1.1
sca.check.compliance.mitre_mitigations: M1026
sca.check.compliance.mitre_tactics: TA0005
sca.check.compliance.mitre_techniques: T1548
sca.check.compliance.nist_sp_800-53: AC-5,AC-6
sca.check.compliance.pci_dss_v3.2.1: 7.1,7.1.1,7.1.2,7.1.3
sca.check.compliance.pci_dss_v4.0: 1.3.1,7.1
sca.check.compliance.soc_2: CC5.2,CC6.1
sca.check.file: ["/etc/group"]
sca.check.result: passed

** Alert 1757863500.575216: - sca,gdpr_IV_35.7.d,pci_dss_2.2,nist_800_53_CM.1,tsc_CC7.1,tsc_CC7.2,
2025 Sep 14 17:25:00 student-virtual-machine->sca
Rule: 19008 (level 3) -> 'CIS Ubuntu Linux 22.04 LTS Benchmark v2.0.0.: Ensure permissions on /etc/passwd are configured.'
{"type":"check","id":380680914,"policy":"CIS Ubuntu Linux 22.04 LTS Benchmark v2.0.0.","policy_id":"cis_ubuntu22-04","check":{"id":28670,"title":"Ensure permissions on /etc/passwd are configured.","description":"The /etc/passwd file contains user account information that is used by many system utilities and therefore must be readable for these utilities to operate.","rationale":"It is critical to ensure that the /etc/passwd file is protected from unauthorized write access. Although it is protected by default, the file permissions could be changed either inadvertently or through malicious actions.","remediation":"Run the following commands to remove excess permissions, set owner, and set group on /etc/passwd: # chmod u-x,go-wx /etc/passwd # chown root:root /etc/passwd.","compliance":{"cis":"7.1.1","cis_csc_v8":"3.3","cis_csc_v7":"14.6","cmmc_v2.0":"AC.L1-3.1.1,AC.L1-3.1.2,AC.L2-3.1.3,AC.L2-3.1.5,MP.L2-3.8.2","hipaa":"164.308(a)(3)(i),164.308(a)(3)(ii)(A),164.312(a)(1)","iso_27001-2013":"A.9.1.1","mitre_mitigations":"M1022","mitre_tactics":"TA0005","mitre_techniques":"T1003,T1003.008,T1222,T1222.002","nist_sp_800-53":"AC-5,AC-6","pci_dss_v3.2.1":"7.1,7.1.1,7.1.2,7.1.3","pci_dss_v4.0":"1.3.1,7.1","soc_2":"CC5.2,CC6.1"},"rules":["c:stat -Lc \"%n %a %u %U %g %G\" /etc/passwd -> r:0 root 0 root && r:644|640|604|600|400|500"],"condition":"all","command":"stat -Lc \"%n %a %u %U %g %G\" /etc/passwd","result":"passed"}}
sca.type: check
sca.scan_id: 380680914
sca.policy: CIS Ubuntu Linux 22.04 LTS Benchmark v2.0.0.
sca.check.id: 28670
sca.check.title: Ensure permissions on /etc/passwd are configured.
sca.check.description: The /etc/passwd file contains user account information that is used by many system utilities and therefore must be readable for these utilities to operate.
sca.check.rationale: It is critical to ensure that the /etc/passwd file is protected from unauthorized write access. Although it is protected by default, the file permissions could be changed either inadvertently or through malicious actions.
sca.check.remediation: Run the following commands to remove excess permissions, set owner, and set group on /etc/passwd: # chmod u-x,go-wx /etc/passwd # chown root:root /etc/passwd.
sca.check.compliance.cis: 7.1.1
sca.check.compliance.cis_csc_v8: 3.3
sca.check.compliance.cis_csc_v7: 14.6
sca.check.compliance.cmmc_v2.0: AC.L1-3.1.1,AC.L1-3.1.2,AC.L2-3.1.3,AC.L2-3.1.5,MP.L2-3.8.2
sca.check.compliance.hipaa: 164.308(a)(3)(i),164.308(a)(3)(ii)(A),164.312(a)(1)
sca.check.compliance.iso_27001-2013: A.9.1.1
sca.check.compliance.mitre_mitigations: M1022
sca.check.compliance.mitre_tactics: TA0005
sca.check.compliance.mitre_techniques: T1003,T1003.008,T1222,T1222.002
sca.check.compliance.nist_sp_800-53: AC-5,AC-6
sca.check.compliance.pci_dss_v3.2.1: 7.1,7.1.1,7.1.2,7.1.3
sca.check.compliance.pci_dss_v4.0: 1.3.1,7.1
sca.check.compliance.soc_2: CC5.2,CC6.1
sca.check.command: ["stat -Lc \"%n %a %u %U %g %G\" /etc/passwd"]
sca.check.result: passed

** Alert 1757863500.578476: - sca,gdpr_IV_35.7.d,pci_dss_2.2,nist_800_53_CM.1,tsc_CC7.1,tsc_CC7.2,
2025 Sep 14 17:25:00 student-virtual-machine->sca
Rule: 19008 (level 3) -> 'CIS Ubuntu Linux 22.04 LTS Benchmark v2.0.0.: Ensure permissions on /etc/passwd- are configured.'
{"type":"check","id":380680914,"policy":"CIS Ubuntu Linux 22.04 LTS Benchmark v2.0.0.","policy_id":"cis_ubuntu22-04","check":{"id":28671,"title":"Ensure permissions on /etc/passwd- are configured.","description":"The /etc/passwd- file contains backup user account information.","rationale":"It is critical to ensure that the /etc/passwd- file is protected from unauthorized access. Although it is protected by default, the file permissions could be changed either inadvertently or through malicious actions.","remediation":"Run the following commands to remove excess permissions, set owner, and set group on /etc/passwd-: # chmod u-x,go-wx /etc/passwd- # chown root:root /etc/passwd-.","compliance":{"cis":"7.1.2","cis_csc_v8":"3.3","cis_csc_v7":"14.6","cmmc_v2.0":"AC.L1-3.1.1,AC.L1-3.1.2,AC.L2-3.1.3,AC.L2-3.1.5,MP.L2-3.8.2","hipaa":"164.308(a)(3)(i),164.308(a)(3)(ii)(A),164.312(a)(1)","iso_27001-2013":"A.9.1.1","mitre_mitigations":"M1022","mitre_tactics":"TA0005","mitre_techniques":"T1003,T1003.008,T1222,T1222.002","nist_sp_800-53":"AC-5,AC-6","pci_dss_v3.2.1":"7.1,7.1.1,7.1.2,7.1.3","pci_dss_v4.0":"1.3.1,7.1","soc_2":"CC5.2,CC6.1"},"rules":["c:stat -Lc \"%n %a %u %U %g %G\" /etc/passwd- -> r:0 root 0 root && r:644|640|604|600|400|500"],"condition":"all","command":"stat -Lc \"%n %a %u %U %g %G\" /etc/passwd-","result":"passed"}}
sca.type: check
sca.scan_id: 380680914
sca.policy: CIS Ubuntu Linux 22.04 LTS Benchmark v2.0.0.
sca.check.id: 28671
sca.check.title: Ensure permissions on /etc/passwd- are configured.
sca.check.description: The /etc/passwd- file contains backup user account information.
sca.check.rationale: It is critical to ensure that the /etc/passwd- file is protected from unauthorized access. Although it is protected by default, the file permissions could be changed either inadvertently or through malicious actions.
sca.check.remediation: Run the following commands to remove excess permissions, set owner, and set group on /etc/passwd-: # chmod u-x,go-wx /etc/passwd- # chown root:root /etc/passwd-.
sca.check.compliance.cis: 7.1.2
sca.check.compliance.cis_csc_v8: 3.3
sca.check.compliance.cis_csc_v7: 14.6
sca.check.compliance.cmmc_v2.0: AC.L1-3.1.1,AC.L1-3.1.2,AC.L2-3.1.3,AC.L2-3.1.5,MP.L2-3.8.2
sca.check.compliance.hipaa: 164.308(a)(3)(i),164.308(a)(3)(ii)(A),164.312(a)(1)
sca.check.compliance.iso_27001-2013: A.9.1.1
sca.check.compliance.mitre_mitigations: M1022
sca.check.compliance.mitre_tactics: TA0005
sca.check.compliance.mitre_techniques: T1003,T1003.008,T1222,T1222.002
sca.check.compliance.nist_sp_800-53: AC-5,AC-6
sca.check.compliance.pci_dss_v3.2.1: 7.1,7.1.1,7.1.2,7.1.3
sca.check.compliance.pci_dss_v4.0: 1.3.1,7.1
sca.check.compliance.soc_2: CC5.2,CC6.1
sca.check.command: ["stat -Lc \"%n %a %u %U %g %G\" /etc/passwd-"]
sca.check.result: passed

** Alert 1757863500.581554: - sca,gdpr_IV_35.7.d,pci_dss_2.2,nist_800_53_CM.1,tsc_CC7.1,tsc_CC7.2,
2025 Sep 14 17:25:00 student-virtual-machine->sca
Rule: 19008 (level 3) -> 'CIS Ubuntu Linux 22.04 LTS Benchmark v2.0.0.: Ensure permissions on /etc/group are configured.'
{"type":"check","id":380680914,"policy":"CIS Ubuntu Linux 22.04 LTS Benchmark v2.0.0.","policy_id":"cis_ubuntu22-04","check":{"id":28672,"title":"Ensure permissions on /etc/group are configured.","description":"The /etc/group file contains a list of all the valid groups defined in the system. The command below allows read/write access for root and read access for everyone else.","rationale":"The /etc/group file needs to be protected from unauthorized changes by non-privileged users, but needs to be readable as this information is used with many non-privileged programs.","remediation":"Run the following commands to remove excess permissions, set owner, and set group on /etc/group: # chmod u-x,go-wx /etc/group # chown root:root /etc/group.","compliance":{"cis":"7.1.3","cis_csc_v8":"3.3","cis_csc_v7":"14.6","cmmc_v2.0":"AC.L1-3.1.1,AC.L1-3.1.2,AC.L2-3.1.3,AC.L2-3.1.5,MP.L2-3.8.2","hipaa":"164.308(a)(3)(i),164.308(a)(3)(ii)(A),164.312(a)(1)","iso_27001-2013":"A.9.1.1","mitre_mitigations":"M1022","mitre_tactics":"TA0005","mitre_techniques":"T1003,T1003.008,T1222,T1222.002","nist_sp_800-53":"AC-5,AC-6","pci_dss_v3.2.1":"7.1,7.1.1,7.1.2,7.1.3","pci_dss_v4.0":"1.3.1,7.1","soc_2":"CC5.2,CC6.1"},"rules":["c:stat -Lc \"%n %a %u %U %g %G\" /etc/group -> r:0 root 0 root && r:644|640|604|600|400|500"],"condition":"all","command":"stat -Lc \"%n %a %u %U %g %G\" /etc/group","result":"passed"}}
sca.type: check
sca.scan_id: 380680914
sca.policy: CIS Ubuntu Linux 22.04 LTS Benchmark v2.0.0.
sca.check.id: 28672
sca.check.title: Ensure permissions on /etc/group are configured.
sca.check.description: The /etc/group file contains a list of all the valid groups defined in the system. The command below allows read/write access for root and read access for everyone else.
sca.check.rationale: The /etc/group file needs to be protected from unauthorized changes by non-privileged users, but needs to be readable as this information is used with many non-privileged programs.
sca.check.remediation: Run the following commands to remove excess permissions, set owner, and set group on /etc/group: # chmod u-x,go-wx /etc/group # chown root:root /etc/group.
sca.check.compliance.cis: 7.1.3
sca.check.compliance.cis_csc_v8: 3.3
sca.check.compliance.cis_csc_v7: 14.6
sca.check.compliance.cmmc_v2.0: AC.L1-3.1.1,AC.L1-3.1.2,AC.L2-3.1.3,AC.L2-3.1.5,MP.L2-3.8.2
sca.check.compliance.hipaa: 164.308(a)(3)(i),164.308(a)(3)(ii)(A),164.312(a)(1)
sca.check.compliance.iso_27001-2013: A.9.1.1
sca.check.compliance.mitre_mitigations: M1022
sca.check.compliance.mitre_tactics: TA0005
sca.check.compliance.mitre_techniques: T1003,T1003.008,T1222,T1222.002
sca.check.compliance.nist_sp_800-53: AC-5,AC-6
sca.check.compliance.pci_dss_v3.2.1: 7.1,7.1.1,7.1.2,7.1.3
sca.check.compliance.pci_dss_v4.0: 1.3.1,7.1
sca.check.compliance.soc_2: CC5.2,CC6.1
sca.check.command: ["stat -Lc \"%n %a %u %U %g %G\" /etc/group"]
sca.check.result: passed

** Alert 1757863500.584748: - sca,gdpr_IV_35.7.d,pci_dss_2.2,nist_800_53_CM.1,tsc_CC7.1,tsc_CC7.2,
2025 Sep 14 17:25:00 student-virtual-machine->sca
Rule: 19008 (level 3) -> 'CIS Ubuntu Linux 22.04 LTS Benchmark v2.0.0.: Ensure permissions on /etc/group- are configured.'
{"type":"check","id":380680914,"policy":"CIS Ubuntu Linux 22.04 LTS Benchmark v2.0.0.","policy_id":"cis_ubuntu22-04","check":{"id":28673,"title":"Ensure permissions on /etc/group- are configured.","description":"The /etc/group- file contains a backup list of all the valid groups defined in the system.","rationale":"It is critical to ensure that the /etc/group- file is protected from unauthorized access. Although it is protected by default, the file permissions could be changed either inadvertently or through malicious actions.","remediation":"Run the following commands to remove excess permissions, set owner, and set group on /etc/group-: # chmod u-x,go-wx /etc/group- # chown root:root /etc/group-.","compliance":{"cis":"7.1.4","cis_csc_v8":"3.3","cis_csc_v7":"14.6","cmmc_v2.0":"AC.L1-3.1.1,AC.L1-3.1.2,AC.L2-3.1.3,AC.L2-3.1.5,MP.L2-3.8.2","hipaa":"164.308(a)(3)(i),164.308(a)(3)(ii)(A),164.312(a)(1)","iso_27001-2013":"A.9.1.1","mitre_mitigations":"M1022","mitre_tactics":"TA0005","mitre_techniques":"T1003,T1003.008,T1222,T1222.002","nist_sp_800-53":"AC-5,AC-6","pci_dss_v3.2.1":"7.1,7.1.1,7.1.2,7.1.3","pci_dss_v4.0":"1.3.1,7.1","soc_2":"CC5.2,CC6.1"},"rules":["c:stat -Lc \"%n %a %u %U %g %G\" /etc/group- -> r:0 root 0 root && r:644|640|604|600|400|500"],"condition":"all","command":"stat -Lc \"%n %a %u %U %g %G\" /etc/group-","result":"passed"}}
sca.type: check
sca.scan_id: 380680914
sca.policy: CIS Ubuntu Linux 22.04 LTS Benchmark v2.0.0.
sca.check.id: 28673
sca.check.title: Ensure permissions on /etc/group- are configured.
sca.check.description: The /etc/group- file contains a backup list of all the valid groups defined in the system.
sca.check.rationale: It is critical to ensure that the /etc/group- file is protected from unauthorized access. Although it is protected by default, the file permissions could be changed either inadvertently or through malicious actions.
sca.check.remediation: Run the following commands to remove excess permissions, set owner, and set group on /etc/group-: # chmod u-x,go-wx /etc/group- # chown root:root /etc/group-.
sca.check.compliance.cis: 7.1.4
sca.check.compliance.cis_csc_v8: 3.3
sca.check.compliance.cis_csc_v7: 14.6
sca.check.compliance.cmmc_v2.0: AC.L1-3.1.1,AC.L1-3.1.2,AC.L2-3.1.3,AC.L2-3.1.5,MP.L2-3.8.2
sca.check.compliance.hipaa: 164.308(a)(3)(i),164.308(a)(3)(ii)(A),164.312(a)(1)
sca.check.compliance.iso_27001-2013: A.9.1.1
sca.check.compliance.mitre_mitigations: M1022
sca.check.compliance.mitre_tactics: TA0005
sca.check.compliance.mitre_techniques: T1003,T1003.008,T1222,T1222.002
sca.check.compliance.nist_sp_800-53: AC-5,AC-6
sca.check.compliance.pci_dss_v3.2.1: 7.1,7.1.1,7.1.2,7.1.3
sca.check.compliance.pci_dss_v4.0: 1.3.1,7.1
sca.check.compliance.soc_2: CC5.2,CC6.1
sca.check.command: ["stat -Lc \"%n %a %u %U %g %G\" /etc/group-"]
sca.check.result: passed

** Alert 1757863500.587866: - sca,gdpr_IV_35.7.d,pci_dss_2.2,nist_800_53_CM.1,tsc_CC7.1,tsc_CC7.2,
2025 Sep 14 17:25:00 student-virtual-machine->sca
Rule: 19007 (level 7) -> 'CIS Ubuntu Linux 22.04 LTS Benchmark v2.0.0.: Ensure permissions on /etc/shadow are configured.'
{"type":"check","id":380680914,"policy":"CIS Ubuntu Linux 22.04 LTS Benchmark v2.0.0.","policy_id":"cis_ubuntu22-04","check":{"id":28674,"title":"Ensure permissions on /etc/shadow are configured.","description":"The /etc/shadow file is used to store the information about user accounts that is critical to the security of those accounts, such as the hashed password and other security information.","rationale":"If attackers can gain read access to the /etc/shadow file, they can easily run a password cracking program against the hashed password to break it. Other security information that is stored in the /etc/shadow file (such as expiration) could also be useful to subvert the user accounts.","remediation":"Run one of the following commands to set ownership of /etc/shadow to root and group to either root or shadow: # chown root:shadow /etc/shadow -OR- # chown root:root /etc/shadow Run the following command to remove excess permissions form /etc/shadow: # chmod u-x,g-wx,o-rwx /etc/shadow.","compliance":{"cis":"7.1.5","cis_csc_v8":"3.3","cis_csc_v7":"14.6","cmmc_v2.0":"AC.L1-3.1.1,AC.L1-3.1.2,AC.L2-3.1.3,AC.L2-3.1.5,MP.L2-3.8.2","hipaa":"164.308(a)(3)(i),164.308(a)(3)(ii)(A),164.312(a)(1)","iso_27001-2013":"A.9.1.1","mitre_mitigations":"M1022","mitre_tactics":"TA0005","mitre_techniques":"T1003,T1003.008,T1222,T1222.002","nist_sp_800-53":"AC-5,AC-6","pci_dss_v3.2.1":"7.1,7.1.1,7.1.2,7.1.3","pci_dss_v4.0":"1.3.1,7.1","soc_2":"CC5.2,CC6.1"},"rules":["c:stat -Lc \"%n %a %u %U %g %G\" /etc/shadow -> r:0 root \\d+ shadow|0 root 0 root && r: r:640|604|600|400|500"],"condition":"all","command":"stat -Lc \"%n %a %u %U %g %G\" /etc/shadow","result":"failed"}}
sca.type: check
sca.scan_id: 380680914
sca.policy: CIS Ubuntu Linux 22.04 LTS Benchmark v2.0.0.
sca.check.id: 28674
sca.check.title: Ensure permissions on /etc/shadow are configured.
sca.check.description: The /etc/shadow file is used to store the information about user accounts that is critical to the security of those accounts, such as the hashed password and other security information.
sca.check.rationale: If attackers can gain read access to the /etc/shadow file, they can easily run a password cracking program against the hashed password to break it. Other security information that is stored in the /etc/shadow file (such as expiration) could also be useful to subvert the user accounts.
sca.check.remediation: Run one of the following commands to set ownership of /etc/shadow to root and group to either root or shadow: # chown root:shadow /etc/shadow -OR- # chown root:root /etc/shadow Run the following command to remove excess permissions form /etc/shadow: # chmod u-x,g-wx,o-rwx /etc/shadow.
sca.check.compliance.cis: 7.1.5
sca.check.compliance.cis_csc_v8: 3.3
sca.check.compliance.cis_csc_v7: 14.6
sca.check.compliance.cmmc_v2.0: AC.L1-3.1.1,AC.L1-3.1.2,AC.L2-3.1.3,AC.L2-3.1.5,MP.L2-3.8.2
sca.check.compliance.hipaa: 164.308(a)(3)(i),164.308(a)(3)(ii)(A),164.312(a)(1)
sca.check.compliance.iso_27001-2013: A.9.1.1
sca.check.compliance.mitre_mitigations: M1022
sca.check.compliance.mitre_tactics: TA0005
sca.check.compliance.mitre_techniques: T1003,T1003.008,T1222,T1222.002
sca.check.compliance.nist_sp_800-53: AC-5,AC-6
sca.check.compliance.pci_dss_v3.2.1: 7.1,7.1.1,7.1.2,7.1.3
sca.check.compliance.pci_dss_v4.0: 1.3.1,7.1
sca.check.compliance.soc_2: CC5.2,CC6.1
sca.check.command: ["stat -Lc \"%n %a %u %U %g %G\" /etc/shadow"]
sca.check.result: failed

** Alert 1757863500.591586: - sca,gdpr_IV_35.7.d,pci_dss_2.2,nist_800_53_CM.1,tsc_CC7.1,tsc_CC7.2,
2025 Sep 14 17:25:00 student-virtual-machine->sca
Rule: 19007 (level 7) -> 'CIS Ubuntu Linux 22.04 LTS Benchmark v2.0.0.: Ensure permissions on /etc/shadow- are configured.'
{"type":"check","id":380680914,"policy":"CIS Ubuntu Linux 22.04 LTS Benchmark v2.0.0.","policy_id":"cis_ubuntu22-04","check":{"id":28675,"title":"Ensure permissions on /etc/shadow- are configured.","description":"The /etc/shadow- file is used to store backup information about user accounts that is critical to the security of those accounts, such as the hashed password and other security information.","rationale":"It is critical to ensure that the /etc/shadow- file is protected from unauthorized access. Although it is protected by default, the file permissions could be changed either inadvertently or through malicious actions.","remediation":"Run one of the following commands to set ownership of /etc/shadow- to root and group to either root or shadow: # chown root:shadow /etc/shadow- -OR- # chown root:root /etc/shadow- Run the following command to remove excess permissions form /etc/shadow-: # chmod u-x,g-wx,o-rwx /etc/shadow-.","compliance":{"cis":"7.1.6","cis_csc_v8":"3.3","cis_csc_v7":"14.6","cmmc_v2.0":"AC.L1-3.1.1,AC.L1-3.1.2,AC.L2-3.1.3,AC.L2-3.1.5,MP.L2-3.8.2","hipaa":"164.308(a)(3)(i),164.308(a)(3)(ii)(A),164.312(a)(1)","iso_27001-2013":"A.9.1.1","mitre_mitigations":"M1022","mitre_tactics":"TA0005","mitre_techniques":"T1003,T1003.008,T1222,T1222.002","nist_sp_800-53":"AC-5,AC-6","pci_dss_v3.2.1":"7.1,7.1.1,7.1.2,7.1.3","pci_dss_v4.0":"1.3.1,7.1","soc_2":"CC5.2,CC6.1"},"rules":["c:stat -Lc \"%n %a %u %U %g %G\" /etc/shadow- -> r:0 root \\d+ shadow|0 root 0 root && r: r:640|604|600|400|500"],"condition":"all","command":"stat -Lc \"%n %a %u %U %g %G\" /etc/shadow-","result":"failed"}}
sca.type: check
sca.scan_id: 380680914
sca.policy: CIS Ubuntu Linux 22.04 LTS Benchmark v2.0.0.
sca.check.id: 28675
sca.check.title: Ensure permissions on /etc/shadow- are configured.
sca.check.description: The /etc/shadow- file is used to store backup information about user accounts that is critical to the security of those accounts, such as the hashed password and other security information.
sca.check.rationale: It is critical to ensure that the /etc/shadow- file is protected from unauthorized access. Although it is protected by default, the file permissions could be changed either inadvertently or through malicious actions.
sca.check.remediation: Run one of the following commands to set ownership of /etc/shadow- to root and group to either root or shadow: # chown root:shadow /etc/shadow- -OR- # chown root:root /etc/shadow- Run the following command to remove excess permissions form /etc/shadow-: # chmod u-x,g-wx,o-rwx /etc/shadow-.
sca.check.compliance.cis: 7.1.6
sca.check.compliance.cis_csc_v8: 3.3
sca.check.compliance.cis_csc_v7: 14.6
sca.check.compliance.cmmc_v2.0: AC.L1-3.1.1,AC.L1-3.1.2,AC.L2-3.1.3,AC.L2-3.1.5,MP.L2-3.8.2
sca.check.compliance.hipaa: 164.308(a)(3)(i),164.308(a)(3)(ii)(A),164.312(a)(1)
sca.check.compliance.iso_27001-2013: A.9.1.1
sca.check.compliance.mitre_mitigations: M1022
sca.check.compliance.mitre_tactics: TA0005
sca.check.compliance.mitre_techniques: T1003,T1003.008,T1222,T1222.002
sca.check.compliance.nist_sp_800-53: AC-5,AC-6
sca.check.compliance.pci_dss_v3.2.1: 7.1,7.1.1,7.1.2,7.1.3
sca.check.compliance.pci_dss_v4.0: 1.3.1,7.1
sca.check.compliance.soc_2: CC5.2,CC6.1
sca.check.command: ["stat -Lc \"%n %a %u %U %g %G\" /etc/shadow-"]
sca.check.result: failed

** Alert 1757863500.595192: - sca,gdpr_IV_35.7.d,pci_dss_2.2,nist_800_53_CM.1,tsc_CC7.1,tsc_CC7.2,
2025 Sep 14 17:25:00 student-virtual-machine->sca
Rule: 19007 (level 7) -> 'CIS Ubuntu Linux 22.04 LTS Benchmark v2.0.0.: Ensure permissions on /etc/gshadow are configured.'
{"type":"check","id":380680914,"policy":"CIS Ubuntu Linux 22.04 LTS Benchmark v2.0.0.","policy_id":"cis_ubuntu22-04","check":{"id":28676,"title":"Ensure permissions on /etc/gshadow are configured.","description":"The /etc/gshadow file is used to store the information about groups that is critical to the security of those accounts, such as the hashed password and other security information.","rationale":"If attackers can gain read access to the /etc/gshadow file, they can easily run a password cracking program against the hashed password to break it. Other security information that is stored in the /etc/gshadow file (such as group administrators) could also be useful to subvert the group.","remediation":"Run one of the following commands to set ownership of /etc/gshadow to root and group to either root or shadow: # chown root:shadow /etc/gshadow -OR- # chown root:root /etc/gshadow Run the following command to remove excess permissions form /etc/gshadow: # chmod u-x,g-wx,o-rwx /etc/gshadow.","compliance":{"cis":"7.1.7","cis_csc_v8":"3.3","cis_csc_v7":"14.6","cmmc_v2.0":"AC.L1-3.1.1,AC.L1-3.1.2,AC.L2-3.1.3,AC.L2-3.1.5,MP.L2-3.8.2","hipaa":"164.308(a)(3)(i),164.308(a)(3)(ii)(A),164.312(a)(1)","iso_27001-2013":"A.9.1.1","mitre_mitigations":"M1022","mitre_tactics":"TA0005","mitre_techniques":"T1003,T1003.008,T1222,T1222.002","nist_sp_800-53":"AC-5,AC-6","pci_dss_v3.2.1":"7.1,7.1.1,7.1.2,7.1.3","pci_dss_v4.0":"1.3.1,7.1","soc_2":"CC5.2,CC6.1"},"rules":["c:stat -Lc \"%n %a %u %U %g %G\" /etc/gshadow -> r:0 root \\d+ shadow|0 root 0 root && r: r:640|604|600|400|500"],"condition":"all","command":"stat -Lc \"%n %a %u %U %g %G\" /etc/gshadow","result":"failed"}}
sca.type: check
sca.scan_id: 380680914
sca.policy: CIS Ubuntu Linux 22.04 LTS Benchmark v2.0.0.
sca.check.id: 28676
sca.check.title: Ensure permissions on /etc/gshadow are configured.
sca.check.description: The /etc/gshadow file is used to store the information about groups that is critical to the security of those accounts, such as the hashed password and other security information.
sca.check.rationale: If attackers can gain read access to the /etc/gshadow file, they can easily run a password cracking program against the hashed password to break it. Other security information that is stored in the /etc/gshadow file (such as group administrators) could also be useful to subvert the group.
sca.check.remediation: Run one of the following commands to set ownership of /etc/gshadow to root and group to either root or shadow: # chown root:shadow /etc/gshadow -OR- # chown root:root /etc/gshadow Run the following command to remove excess permissions form /etc/gshadow: # chmod u-x,g-wx,o-rwx /etc/gshadow.
sca.check.compliance.cis: 7.1.7
sca.check.compliance.cis_csc_v8: 3.3
sca.check.compliance.cis_csc_v7: 14.6
sca.check.compliance.cmmc_v2.0: AC.L1-3.1.1,AC.L1-3.1.2,AC.L2-3.1.3,AC.L2-3.1.5,MP.L2-3.8.2
sca.check.compliance.hipaa: 164.308(a)(3)(i),164.308(a)(3)(ii)(A),164.312(a)(1)
sca.check.compliance.iso_27001-2013: A.9.1.1
sca.check.compliance.mitre_mitigations: M1022
sca.check.compliance.mitre_tactics: TA0005
sca.check.compliance.mitre_techniques: T1003,T1003.008,T1222,T1222.002
sca.check.compliance.nist_sp_800-53: AC-5,AC-6
sca.check.compliance.pci_dss_v3.2.1: 7.1,7.1.1,7.1.2,7.1.3
sca.check.compliance.pci_dss_v4.0: 1.3.1,7.1
sca.check.compliance.soc_2: CC5.2,CC6.1
sca.check.command: ["stat -Lc \"%n %a %u %U %g %G\" /etc/gshadow"]
sca.check.result: failed

** Alert 1757863500.598924: - sca,gdpr_IV_35.7.d,pci_dss_2.2,nist_800_53_CM.1,tsc_CC7.1,tsc_CC7.2,
2025 Sep 14 17:25:00 student-virtual-machine->sca
Rule: 19007 (level 7) -> 'CIS Ubuntu Linux 22.04 LTS Benchmark v2.0.0.: Ensure permissions on /etc/gshadow- are configured.'
{"type":"check","id":380680914,"policy":"CIS Ubuntu Linux 22.04 LTS Benchmark v2.0.0.","policy_id":"cis_ubuntu22-04","check":{"id":28677,"title":"Ensure permissions on /etc/gshadow- are configured.","description":"The /etc/gshadow- file is used to store backup information about groups that is critical to the security of those accounts, such as the hashed password and other security information.","rationale":"It is critical to ensure that the /etc/gshadow- file is protected from unauthorized access. Although it is protected by default, the file permissions could be changed either inadvertently or through malicious actions.","remediation":"Run one of the following commands to set ownership of /etc/gshadow- to root and group to either root or shadow: # chown root:shadow /etc/gshadow- -OR- # chown root:root /etc/gshadow- Run the following command to remove excess permissions form /etc/gshadow-: # chmod u-x,g-wx,o-rwx /etc/gshadow-.","compliance":{"cis":"7.1.8","cis_csc_v8":"3.3","cis_csc_v7":"14.6","cmmc_v2.0":"AC.L1-3.1.1,AC.L1-3.1.2,AC.L2-3.1.3,AC.L2-3.1.5,MP.L2-3.8.2","hipaa":"164.308(a)(3)(i),164.308(a)(3)(ii)(A),164.312(a)(1)","iso_27001-2013":"A.9.1.1","mitre_mitigations":"M1022","mitre_tactics":"TA0005","mitre_techniques":"T1003,T1003.008,T1222,T1222.002","nist_sp_800-53":"AC-5,AC-6","pci_dss_v3.2.1":"7.1,7.1.1,7.1.2,7.1.3","pci_dss_v4.0":"1.3.1,7.1","soc_2":"CC5.2,CC6.1"},"rules":["c:stat -Lc \"%n %a %u %U %g %G\" /etc/gshadow- -> r:0 root \\d+ shadow|0 root 0 root && r: r:640|604|600|400|500"],"condition":"all","command":"stat -Lc \"%n %a %u %U %g %G\" /etc/gshadow-","result":"failed"}}
sca.type: check
sca.scan_id: 380680914
sca.policy: CIS Ubuntu Linux 22.04 LTS Benchmark v2.0.0.
sca.check.id: 28677
sca.check.title: Ensure permissions on /etc/gshadow- are configured.
sca.check.description: The /etc/gshadow- file is used to store backup information about groups that is critical to the security of those accounts, such as the hashed password and other security information.
sca.check.rationale: It is critical to ensure that the /etc/gshadow- file is protected from unauthorized access. Although it is protected by default, the file permissions could be changed either inadvertently or through malicious actions.
sca.check.remediation: Run one of the following commands to set ownership of /etc/gshadow- to root and group to either root or shadow: # chown root:shadow /etc/gshadow- -OR- # chown root:root /etc/gshadow- Run the following command to remove excess permissions form /etc/gshadow-: # chmod u-x,g-wx,o-rwx /etc/gshadow-.
sca.check.compliance.cis: 7.1.8
sca.check.compliance.cis_csc_v8: 3.3
sca.check.compliance.cis_csc_v7: 14.6
sca.check.compliance.cmmc_v2.0: AC.L1-3.1.1,AC.L1-3.1.2,AC.L2-3.1.3,AC.L2-3.1.5,MP.L2-3.8.2
sca.check.compliance.hipaa: 164.308(a)(3)(i),164.308(a)(3)(ii)(A),164.312(a)(1)
sca.check.compliance.iso_27001-2013: A.9.1.1
sca.check.compliance.mitre_mitigations: M1022
sca.check.compliance.mitre_tactics: TA0005
sca.check.compliance.mitre_techniques: T1003,T1003.008,T1222,T1222.002
sca.check.compliance.nist_sp_800-53: AC-5,AC-6
sca.check.compliance.pci_dss_v3.2.1: 7.1,7.1.1,7.1.2,7.1.3
sca.check.compliance.pci_dss_v4.0: 1.3.1,7.1
sca.check.compliance.soc_2: CC5.2,CC6.1
sca.check.command: ["stat -Lc \"%n %a %u %U %g %G\" /etc/gshadow-"]
sca.check.result: failed

** Alert 1757863500.602536: - sca,gdpr_IV_35.7.d,pci_dss_2.2,nist_800_53_CM.1,tsc_CC7.1,tsc_CC7.2,
2025 Sep 14 17:25:00 student-virtual-machine->sca
Rule: 19008 (level 3) -> 'CIS Ubuntu Linux 22.04 LTS Benchmark v2.0.0.: Ensure accounts in /etc/passwd use shadowed passwords.'
{"type":"check","id":380680914,"policy":"CIS Ubuntu Linux 22.04 LTS Benchmark v2.0.0.","policy_id":"cis_ubuntu22-04","check":{"id":28678,"title":"Ensure accounts in /etc/passwd use shadowed passwords.","description":"Local accounts can uses shadowed passwords. With shadowed passwords, The passwords are saved in shadow password file, /etc/shadow, encrypted by a salted one-way hash. Accounts with a shadowed password have an x in the second field in /etc/passwd.","rationale":"The /etc/passwd file also contains information like user ID's and group ID's that are used by many system programs. Therefore, the /etc/passwd file must remain world readable. In spite of encoding the password with a randomly-generated one-way hash function, an attacker could still break the system if they got access to the /etc/passwd file. This can be mitigated by using shadowed passwords, thus moving the passwords in the /etc/passwd file to /etc/shadow. The /etc/shadow file is set so only root will be able to read and write. This helps mitigate the risk of an attacker gaining access to the encoded passwords with which to perform a dictionary attack. Note: - All accounts must have passwords or be locked to prevent the account from being used by an unauthorized user. - A user account with an empty second field in /etc/passwd allows the account to be logged into by providing only the username.","remediation":"Run the following command to set accounts to use shadowed passwords and migrate passwords in /etc/passwd to /etc/shadow: # pwconv Investigate to determine if the account is logged in and what it is being used for, to determine if it needs to be forced off. Internal Only - General.","compliance":{"cis":"7.2.1","cis_csc_v8":"3.11","cis_csc_v7":"16.4","cmmc_v2.0":"AC.L2-3.1.19,IA.L2-3.5.10,MP.L2-3.8.1,SC.L2-3.13.11,SC.L2-3.13.16","hipaa":"164.312(a)(2)(iv),164.312(e)(2)(ii)","iso_27001-2013":"A.10.1.1","mitre_mitigations":"M1027","mitre_tactics":"TA0003","mitre_techniques":"T1003,T1003.008","nist_sp_800-53":"SC-28,SC-28(1)","pci_dss_v3.2.1":"3.4,3.4.1,8.2.1","pci_dss_v4.0":"3.1.1,3.3.2,3.3.3,3.5.1,3.5.1.2,3.5.1.3,8.3.2","soc_2":"CC6.1"},"rules":["not f:/etc/passwd -> !r:^\\w+:x:"],"condition":"all","file":"/etc/passwd","result":"passed"}}
sca.type: check
sca.scan_id: 380680914
sca.policy: CIS Ubuntu Linux 22.04 LTS Benchmark v2.0.0.
sca.check.id: 28678
sca.check.title: Ensure accounts in /etc/passwd use shadowed passwords.
sca.check.description: Local accounts can uses shadowed passwords. With shadowed passwords, The passwords are saved in shadow password file, /etc/shadow, encrypted by a salted one-way hash. Accounts with a shadowed password have an x in the second field in /etc/passwd.
sca.check.rationale: The /etc/passwd file also contains information like user ID's and group ID's that are used by many system programs. Therefore, the /etc/passwd file must remain world readable. In spite of encoding the password with a randomly-generated one-way hash function, an attacker could still break the system if they got access to the /etc/passwd file. This can be mitigated by using shadowed passwords, thus moving the passwords in the /etc/passwd file to /etc/shadow. The /etc/shadow file is set so only root will be able to read and write. This helps mitigate the risk of an attacker gaining access to the encoded passwords with which to perform a dictionary attack. Note: - All accounts must have passwords or be locked to prevent the account from being used by an unauthorized user. - A user account with an empty second field in /etc/passwd allows the account to be logged into by providing only the username.
sca.check.remediation: Run the following command to set accounts to use shadowed passwords and migrate passwords in /etc/passwd to /etc/shadow: # pwconv Investigate to determine if the account is logged in and what it is being used for, to determine if it needs to be forced off. Internal Only - General.
sca.check.compliance.cis: 7.2.1
sca.check.compliance.cis_csc_v8: 3.11
sca.check.compliance.cis_csc_v7: 16.4
sca.check.compliance.cmmc_v2.0: AC.L2-3.1.19,IA.L2-3.5.10,MP.L2-3.8.1,SC.L2-3.13.11,SC.L2-3.13.16
sca.check.compliance.hipaa: 164.312(a)(2)(iv),164.312(e)(2)(ii)
sca.check.compliance.iso_27001-2013: A.10.1.1
sca.check.compliance.mitre_mitigations: M1027
sca.check.compliance.mitre_tactics: TA0003
sca.check.compliance.mitre_techniques: T1003,T1003.008
sca.check.compliance.nist_sp_800-53: SC-28,SC-28(1)
sca.check.compliance.pci_dss_v3.2.1: 3.4,3.4.1,8.2.1
sca.check.compliance.pci_dss_v4.0: 3.1.1,3.3.2,3.3.3,3.5.1,3.5.1.2,3.5.1.3,8.3.2
sca.check.compliance.soc_2: CC6.1
sca.check.file: ["/etc/passwd"]
sca.check.result: passed

** Alert 1757863500.607491: - sca,gdpr_IV_35.7.d,pci_dss_2.2,nist_800_53_CM.1,tsc_CC7.1,tsc_CC7.2,
2025 Sep 14 17:25:00 student-virtual-machine->sca
Rule: 19008 (level 3) -> 'CIS Ubuntu Linux 22.04 LTS Benchmark v2.0.0.: Ensure /etc/shadow password fields are not empty.'
{"type":"check","id":380680914,"policy":"CIS Ubuntu Linux 22.04 LTS Benchmark v2.0.0.","policy_id":"cis_ubuntu22-04","check":{"id":28679,"title":"Ensure /etc/shadow password fields are not empty.","description":"An account with an empty password field means that anybody may log in as that user without providing a password.","rationale":"All accounts must have passwords or be locked to prevent the account from being used by an unauthorized user.","remediation":"If any accounts in the /etc/shadow file do not have a password, run the following command to lock the account until it can be determined why it does not have a password: # passwd -l <username> Also, check to see if the account is logged in and investigate what it is being used for to determine if it needs to be forced off.","compliance":{"cis":"7.2.2","cis_csc_v8":"5.2","cis_csc_v7":"4.4","cmmc_v2.0":"IA.L2-3.5.7","iso_27001-2013":"A.9.4.3","mitre_mitigations":"M1027","mitre_tactics":"TA0003","mitre_techniques":"T1078,T1078.001,T1078.003","pci_dss_v4.0":"2.2.2,8.3.5,8.3.6,8.6.3","soc_2":"CC6.1"},"rules":["not f:/etc/shadow -> r:^\\w+::"],"condition":"all","file":"/etc/shadow","result":"passed"}}
sca.type: check
sca.scan_id: 380680914
sca.policy: CIS Ubuntu Linux 22.04 LTS Benchmark v2.0.0.
sca.check.id: 28679
sca.check.title: Ensure /etc/shadow password fields are not empty.
sca.check.description: An account with an empty password field means that anybody may log in as that user without providing a password.
sca.check.rationale: All accounts must have passwords or be locked to prevent the account from being used by an unauthorized user.
sca.check.remediation: If any accounts in the /etc/shadow file do not have a password, run the following command to lock the account until it can be determined why it does not have a password: # passwd -l <username> Also, check to see if the account is logged in and investigate what it is being used for to determine if it needs to be forced off.
sca.check.compliance.cis: 7.2.2
sca.check.compliance.cis_csc_v8: 5.2
sca.check.compliance.cis_csc_v7: 4.4
sca.check.compliance.cmmc_v2.0: IA.L2-3.5.7
sca.check.compliance.iso_27001-2013: A.9.4.3
sca.check.compliance.mitre_mitigations: M1027
sca.check.compliance.mitre_tactics: TA0003
sca.check.compliance.mitre_techniques: T1078,T1078.001,T1078.003
sca.check.compliance.pci_dss_v4.0: 2.2.2,8.3.5,8.3.6,8.6.3
sca.check.compliance.soc_2: CC6.1
sca.check.file: ["/etc/shadow"]
sca.check.result: passed

** Alert 1757863500.610231: - sca,gdpr_IV_35.7.d,pci_dss_2.2,nist_800_53_CM.1,tsc_CC7.1,tsc_CC7.2,
2025 Sep 14 17:25:00 student-virtual-machine->sca
Rule: 19008 (level 3) -> 'CIS Ubuntu Linux 22.04 LTS Benchmark v2.0.0.: Ensure all groups in /etc/passwd exist in /etc/group.'
{"type":"check","id":380680914,"policy":"CIS Ubuntu Linux 22.04 LTS Benchmark v2.0.0.","policy_id":"cis_ubuntu22-04","check":{"id":28680,"title":"Ensure all groups in /etc/passwd exist in /etc/group.","description":"Over time, system administration errors and changes can lead to groups being defined in /etc/passwd but not in /etc/group.","rationale":"Groups defined in the /etc/passwd file but not in the /etc/group file pose a threat to system security since group permissions are not properly managed.","remediation":"Analyze the output of the Audit step above and perform the appropriate action to correct any discrepancies found.","compliance":{"cis":"7.2.3","cis_csc_v8":"3.3,14.6","cmmc_v2.0":"AC.L1-3.1.1,AC.L1-3.1.2,AC.L2-3.1.3,AC.L2-3.1.5,AT.L2-3.2.3,IR.L2-3.6.2,MP.L2-3.8.2","hipaa":"164.308(a)(3)(i),164.308(a)(3)(ii)(A),164.308(a)(6)(ii),164.312(a)(1)","mitre_mitigations":"M1027","mitre_tactics":"TA0003","mitre_techniques":"T1222,T1222.002","nist_sp_800-53":"AC-5,AC-6","pci_dss_v3.2.1":"7.1,7.1.1,7.1.2,7.1.3","pci_dss_v4.0":"1.3.1,7.1","soc_2":"CC5.2,CC6.1"},"rules":["f:/etc/group -> !r:^# && r:shadow:\\w*:\\d+:$"],"condition":"all","file":"/etc/group","result":"passed"}}
sca.type: check
sca.scan_id: 380680914
sca.policy: CIS Ubuntu Linux 22.04 LTS Benchmark v2.0.0.
sca.check.id: 28680
sca.check.title: Ensure all groups in /etc/passwd exist in /etc/group.
sca.check.description: Over time, system administration errors and changes can lead to groups being defined in /etc/passwd but not in /etc/group.
sca.check.rationale: Groups defined in the /etc/passwd file but not in the /etc/group file pose a threat to system security since group permissions are not properly managed.
sca.check.remediation: Analyze the output of the Audit step above and perform the appropriate action to correct any discrepancies found.
sca.check.compliance.cis: 7.2.3
sca.check.compliance.cis_csc_v8: 3.3,14.6
sca.check.compliance.cmmc_v2.0: AC.L1-3.1.1,AC.L1-3.1.2,AC.L2-3.1.3,AC.L2-3.1.5,AT.L2-3.2.3,IR.L2-3.6.2,MP.L2-3.8.2
sca.check.compliance.hipaa: 164.308(a)(3)(i),164.308(a)(3)(ii)(A),164.308(a)(6)(ii),164.312(a)(1)
sca.check.compliance.mitre_mitigations: M1027
sca.check.compliance.mitre_tactics: TA0003
sca.check.compliance.mitre_techniques: T1222,T1222.002
sca.check.compliance.nist_sp_800-53: AC-5,AC-6
sca.check.compliance.pci_dss_v3.2.1: 7.1,7.1.1,7.1.2,7.1.3
sca.check.compliance.pci_dss_v4.0: 1.3.1,7.1
sca.check.compliance.soc_2: CC5.2,CC6.1
sca.check.file: ["/etc/group"]
sca.check.result: passed

** Alert 1757863500.613024: - sca,gdpr_IV_35.7.d,pci_dss_2.2,nist_800_53_CM.1,tsc_CC7.1,tsc_CC7.2,
2025 Sep 14 17:25:00 student-virtual-machine->sca
Rule: 19008 (level 3) -> 'CIS Ubuntu Linux 22.04 LTS Benchmark v2.0.0.: Ensure /dev/shm is a separate partition.'
{"type":"check","id":380680914,"policy":"CIS Ubuntu Linux 22.04 LTS Benchmark v2.0.0.","policy_id":"cis_ubuntu22-04","check":{"id":28707,"title":"Ensure /dev/shm is a separate partition.","description":"The /dev/shm directory is a world-writable directory that can function as shared memory that facilitates inter process communication (IPC).","rationale":"Making /dev/shm its own file system allows an administrator to set additional mount options such as the noexec option on the mount, making /dev/shm useless for an attacker to install executable code. It would also prevent an attacker from establishing a hard link to a system setuid program and wait for it to be updated. Once the program was updated, the hard link would be broken and the attacker would have his own copy of the program. If the program happened to have a security vulnerability, the attacker could continue to exploit the known flaw. This can be accomplished by mounting tmpfs to /dev/shm.","remediation":"For specific configuration requirements of the /dev/shm mount for your environment, modify /etc/fstab. Example: tmpfs /dev/shm defaults,rw,nosuid,nodev,noexec,relatime,size=2G 0 0 tmpfs.","compliance":{"cis":"1.1.2.2.1","cis_csc_v8":"4.8","cis_csc_v7":"9.2","cmmc_v2.0":"CM.L2-3.4.7,CM.L2-3.4.8,SC.L2-3.13.6","iso_27001-2013":"A.13.1.3","mitre_mitigations":"M1022","mitre_tactics":"TA0005","mitre_techniques":"T1499,T1499.001","pci_dss_v3.2.1":"1.1.6,1.2.1,2.2.2,2.2.5","pci_dss_v4.0":"1.2.5,2.2.4,6.4.1","soc_2":"CC6.3,CC6.6"},"rules":["c:findmnt -kn /dev/shm -> r:\\s*/dev/shm\\s"],"condition":"all","references":"https://www.freedesktop.org/wiki/Software/systemd/APIFileSystems/,https://www.freedesktop.org/software/systemd/man/systemd-fstab-generator.html","command":"findmnt -kn /dev/shm","result":"passed"}}
sca.type: check
sca.scan_id: 380680914
sca.policy: CIS Ubuntu Linux 22.04 LTS Benchmark v2.0.0.
sca.check.id: 28707
sca.check.title: Ensure /dev/shm is a separate partition.
sca.check.description: The /dev/shm directory is a world-writable directory that can function as shared memory that facilitates inter process communication (IPC).
sca.check.rationale: Making /dev/shm its own file system allows an administrator to set additional mount options such as the noexec option on the mount, making /dev/shm useless for an attacker to install executable code. It would also prevent an attacker from establishing a hard link to a system setuid program and wait for it to be updated. Once the program was updated, the hard link would be broken and the attacker would have his own copy of the program. If the program happened to have a security vulnerability, the attacker could continue to exploit the known flaw. This can be accomplished by mounting tmpfs to /dev/shm.
sca.check.remediation: For specific configuration requirements of the /dev/shm mount for your environment, modify /etc/fstab. Example: tmpfs /dev/shm defaults,rw,nosuid,nodev,noexec,relatime,size=2G 0 0 tmpfs.
sca.check.compliance.cis: 1.1.2.2.1
sca.check.compliance.cis_csc_v8: 4.8
sca.check.compliance.cis_csc_v7: 9.2
sca.check.compliance.cmmc_v2.0: CM.L2-3.4.7,CM.L2-3.4.8,SC.L2-3.13.6
sca.check.compliance.iso_27001-2013: A.13.1.3
sca.check.compliance.mitre_mitigations: M1022
sca.check.compliance.mitre_tactics: TA0005
sca.check.compliance.mitre_techniques: T1499,T1499.001
sca.check.compliance.pci_dss_v3.2.1: 1.1.6,1.2.1,2.2.2,2.2.5
sca.check.compliance.pci_dss_v4.0: 1.2.5,2.2.4,6.4.1
sca.check.compliance.soc_2: CC6.3,CC6.6
sca.check.references: https://www.freedesktop.org/wiki/Software/systemd/APIFileSystems/,https://www.freedesktop.org/software/systemd/man/systemd-fstab-generator.html
sca.check.command: ["findmnt -kn /dev/shm"]
sca.check.result: passed

** Alert 1757863500.617017: - sca,gdpr_IV_35.7.d,pci_dss_2.2,nist_800_53_CM.1,tsc_CC7.1,tsc_CC7.2,
2025 Sep 14 17:25:00 student-virtual-machine->sca
Rule: 19007 (level 7) -> 'CIS Ubuntu Linux 22.04 LTS Benchmark v2.0.0.: Ensure GDM is removed.'
{"type":"check","id":380680914,"policy":"CIS Ubuntu Linux 22.04 LTS Benchmark v2.0.0.","policy_id":"cis_ubuntu22-04","check":{"id":28708,"title":"Ensure GDM is removed.","description":"The GNOME Display Manager (GDM) is a program that manages graphical display servers and handles graphical user logins.","rationale":"If a Graphical User Interface (GUI) is not required, it should be removed to reduce the attack surface of the system.","remediation":"Run the following commands to uninstall gdm3 and remove unused dependencies: # apt purge gdm3 # apt autoremove gdm3.","compliance":{"cis":"1.7.1","cis_csc_v8":"4.8","cis_csc_v7":"9.2","cmmc_v2.0":"CM.L2-3.4.7,CM.L2-3.4.8,SC.L2-3.13.6","iso_27001-2013":"A.13.1.3","mitre_mitigations":"M1033","mitre_tactics":"TA0002","mitre_techniques":"T1543,T1543.002","pci_dss_v3.2.1":"1.1.6,1.2.1,2.2.2,2.2.5","pci_dss_v4.0":"1.2.5,2.2.4,6.4.1","soc_2":"CC6.3,CC6.6"},"rules":["not c:dpkg-query -s gdm3 -> r:install ok installed"],"condition":"all","command":"dpkg-query -s gdm3","result":"failed"}}
sca.type: check
sca.scan_id: 380680914
sca.policy: CIS Ubuntu Linux 22.04 LTS Benchmark v2.0.0.
sca.check.id: 28708
sca.check.title: Ensure GDM is removed.
sca.check.description: The GNOME Display Manager (GDM) is a program that manages graphical display servers and handles graphical user logins.
sca.check.rationale: If a Graphical User Interface (GUI) is not required, it should be removed to reduce the attack surface of the system.
sca.check.remediation: Run the following commands to uninstall gdm3 and remove unused dependencies: # apt purge gdm3 # apt autoremove gdm3.
sca.check.compliance.cis: 1.7.1
sca.check.compliance.cis_csc_v8: 4.8
sca.check.compliance.cis_csc_v7: 9.2
sca.check.compliance.cmmc_v2.0: CM.L2-3.4.7,CM.L2-3.4.8,SC.L2-3.13.6
sca.check.compliance.iso_27001-2013: A.13.1.3
sca.check.compliance.mitre_mitigations: M1033
sca.check.compliance.mitre_tactics: TA0002
sca.check.compliance.mitre_techniques: T1543,T1543.002
sca.check.compliance.pci_dss_v3.2.1: 1.1.6,1.2.1,2.2.2,2.2.5
sca.check.compliance.pci_dss_v4.0: 1.2.5,2.2.4,6.4.1
sca.check.compliance.soc_2: CC6.3,CC6.6
sca.check.command: ["dpkg-query -s gdm3"]
sca.check.result: failed

** Alert 1757863500.619464: - sca,gdpr_IV_35.7.d,pci_dss_2.2,nist_800_53_CM.1,tsc_CC7.1,tsc_CC7.2,
2025 Sep 14 17:25:00 student-virtual-machine->sca
Rule: 19008 (level 3) -> 'CIS Ubuntu Linux 22.04 LTS Benchmark v2.0.0.: Ensure dnsmasq services are not in use.'
{"type":"check","id":380680914,"policy":"CIS Ubuntu Linux 22.04 LTS Benchmark v2.0.0.","policy_id":"cis_ubuntu22-04","check":{"id":28709,"title":"Ensure dnsmasq services are not in use.","description":"dnsmasq is a lightweight tool that provides DNS caching, DNS forwarding and DHCP (Dynamic Host Configuration Protocol) services.","rationale":"Unless a system is specifically designated to act as a DNS caching, DNS forwarding and/or DHCP server, it is recommended that the package be removed to reduce the potential attack surface.","remediation":"Run the following commands to stop dnsmasq.service and remove dnsmasq package: # systemctl stop dnsmasq.service # apt purge dnsmasq - OR - - IF - the dnsmasq package is required as a dependency: Run the following commands to stop and mask the dnsmasq.service: # systemctl stop dnsmasq.service # systemctl mask dnsmasq.service.","compliance":{"cis":"2.1.5","cis_csc_v8":"4.8","cis_csc_v7":"9.2","cmmc_v2.0":"CM.L2-3.4.7,CM.L2-3.4.8,SC.L2-3.13.6","iso_27001-2013":"A.13.1.3","mitre_mitigations":"M1042","mitre_tactics":"TA0008","mitre_techniques":"T1203,T1210,T1543,T1543.002","pci_dss_v3.2.1":"1.1.6,1.2.1,2.2.2,2.2.5","pci_dss_v4.0":"1.2.5,2.2.4,6.4.1","soc_2":"CC6.3,CC6.6"},"rules":["not c:dpkg-query -s dnsmasq -> r:install ok installed","not c:sh -c \"systemctl is-enabled dnsmasq.service & systemctl is-active dnsmasq.service\" -> r:^active$|^enabled$"],"condition":"any","command":"dpkg-query -s dnsmasq","result":"passed"}}
sca.type: check
sca.scan_id: 380680914
sca.policy: CIS Ubuntu Linux 22.04 LTS Benchmark v2.0.0.
sca.check.id: 28709
sca.check.title: Ensure dnsmasq services are not in use.
sca.check.description: dnsmasq is a lightweight tool that provides DNS caching, DNS forwarding and DHCP (Dynamic Host Configuration Protocol) services.
sca.check.rationale: Unless a system is specifically designated to act as a DNS caching, DNS forwarding and/or DHCP server, it is recommended that the package be removed to reduce the potential attack surface.
sca.check.remediation: Run the following commands to stop dnsmasq.service and remove dnsmasq package: # systemctl stop dnsmasq.service # apt purge dnsmasq - OR - - IF - the dnsmasq package is required as a dependency: Run the following commands to stop and mask the dnsmasq.service: # systemctl stop dnsmasq.service # systemctl mask dnsmasq.service.
sca.check.compliance.cis: 2.1.5
sca.check.compliance.cis_csc_v8: 4.8
sca.check.compliance.cis_csc_v7: 9.2
sca.check.compliance.cmmc_v2.0: CM.L2-3.4.7,CM.L2-3.4.8,SC.L2-3.13.6
sca.check.compliance.iso_27001-2013: A.13.1.3
sca.check.compliance.mitre_mitigations: M1042
sca.check.compliance.mitre_tactics: TA0008
sca.check.compliance.mitre_techniques: T1203,T1210,T1543,T1543.002
sca.check.compliance.pci_dss_v3.2.1: 1.1.6,1.2.1,2.2.2,2.2.5
sca.check.compliance.pci_dss_v4.0: 1.2.5,2.2.4,6.4.1
sca.check.compliance.soc_2: CC6.3,CC6.6
sca.check.command: ["dpkg-query -s dnsmasq"]
sca.check.result: passed

** Alert 1757863500.622694: - sca,gdpr_IV_35.7.d,pci_dss_2.2,nist_800_53_CM.1,tsc_CC7.1,tsc_CC7.2,
2025 Sep 14 17:25:00 student-virtual-machine->sca
Rule: 19008 (level 3) -> 'CIS Ubuntu Linux 22.04 LTS Benchmark v2.0.0.: Ensure tftp server services are not in use.'
{"type":"check","id":380680914,"policy":"CIS Ubuntu Linux 22.04 LTS Benchmark v2.0.0.","policy_id":"cis_ubuntu22-04","check":{"id":28710,"title":"Ensure tftp server services are not in use.","description":"Trivial File Transfer Protocol (TFTP) is a simple protocol for exchanging files between two TCP/IP machines. TFTP servers allow connections from a TFTP Client for sending and receiving files.","rationale":"Unless there is a need to run the system as a TFTP server, it is recommended that the package be removed to reduce the potential attack surface. TFTP does not have built-in encryption, access control or authentication. This makes it very easy for an attacker to exploit TFTP to gain access to files.","remediation":"Run the following commands to stop tftpd-hpa.service, and remove the tftpd-hpa package: # systemctl stop tftpd-hpa.service # apt purge tftpd-hpa - OR - - IF - the tftpd-hpa package is required as a dependency: Run the following commands to stop and mask tftpd-hpa.service: # systemctl stop tftpd-hpa.service # systemctl mask tftpd-hpa.service.","compliance":{"cis":"2.1.16","cis_csc_v8":"4.8","cis_csc_v7":"9.2","cmmc_v2.0":"CM.L2-3.4.7,CM.L2-3.4.8,SC.L2-3.13.6","iso_27001-2013":"A.13.1.3","mitre_mitigations":"M1042","mitre_tactics":"TA0008","mitre_techniques":"T1203,T1210,T1543,T1543.002","pci_dss_v3.2.1":"1.1.6,1.2.1,2.2.2,2.2.5","pci_dss_v4.0":"1.2.5,2.2.4,6.4.1","soc_2":"CC6.3,CC6.6"},"rules":["not c:dpkg-query -s tftpd-hpa -> r:install ok installed","not c:sh -c \"systemctl is-enabled tftpd-hpa.service & systemctl is-active tftpd-hpa.service\" -> r:^active$|^enabled$"],"condition":"any","command":"dpkg-query -s tftpd-hpa","result":"passed"}}
sca.type: check
sca.scan_id: 380680914
sca.policy: CIS Ubuntu Linux 22.04 LTS Benchmark v2.0.0.
sca.check.id: 28710
sca.check.title: Ensure tftp server services are not in use.
sca.check.description: Trivial File Transfer Protocol (TFTP) is a simple protocol for exchanging files between two TCP/IP machines. TFTP servers allow connections from a TFTP Client for sending and receiving files.
sca.check.rationale: Unless there is a need to run the system as a TFTP server, it is recommended that the package be removed to reduce the potential attack surface. TFTP does not have built-in encryption, access control or authentication. This makes it very easy for an attacker to exploit TFTP to gain access to files.
sca.check.remediation: Run the following commands to stop tftpd-hpa.service, and remove the tftpd-hpa package: # systemctl stop tftpd-hpa.service # apt purge tftpd-hpa - OR - - IF - the tftpd-hpa package is required as a dependency: Run the following commands to stop and mask tftpd-hpa.service: # systemctl stop tftpd-hpa.service # systemctl mask tftpd-hpa.service.
sca.check.compliance.cis: 2.1.16
sca.check.compliance.cis_csc_v8: 4.8
sca.check.compliance.cis_csc_v7: 9.2
sca.check.compliance.cmmc_v2.0: CM.L2-3.4.7,CM.L2-3.4.8,SC.L2-3.13.6
sca.check.compliance.iso_27001-2013: A.13.1.3
sca.check.compliance.mitre_mitigations: M1042
sca.check.compliance.mitre_tactics: TA0008
sca.check.compliance.mitre_techniques: T1203,T1210,T1543,T1543.002
sca.check.compliance.pci_dss_v3.2.1: 1.1.6,1.2.1,2.2.2,2.2.5
sca.check.compliance.pci_dss_v4.0: 1.2.5,2.2.4,6.4.1
sca.check.compliance.soc_2: CC6.3,CC6.6
sca.check.command: ["dpkg-query -s tftpd-hpa"]
sca.check.result: passed

** Alert 1757863500.626330: - sca,gdpr_IV_35.7.d,pci_dss_2.2,nist_800_53_CM.1,tsc_CC7.1,tsc_CC7.2,
2025 Sep 14 17:25:00 student-virtual-machine->sca
Rule: 19008 (level 3) -> 'CIS Ubuntu Linux 22.04 LTS Benchmark v2.0.0.: Ensure xinetd services are not in use.'
{"type":"check","id":380680914,"policy":"CIS Ubuntu Linux 22.04 LTS Benchmark v2.0.0.","policy_id":"cis_ubuntu22-04","check":{"id":28711,"title":"Ensure xinetd services are not in use.","description":"The X Window System provides a Graphical User Interface (GUI) where users can have multiple windows in which to run programs and various add on. The X Windows system is typically used on workstations where users login, but not on servers where users typically do not login.","rationale":"Unless your organization specifically requires graphical login access via X Windows, remove it to reduce the potential attack surface.","remediation":"Run the following commands to stop xinetd.service, and remove the xinetd package: # systemctl stop xinetd.service # apt purge xinetd -OR- -IF- the xinetd package is required as a dependency: Run the following commands to stop and mask the xinetd.service: # systemctl stop xinetd.service # systemctl mask xinetd.service.","compliance":{"cis":"2.1.19","cis_csc_v8":"4.8","cis_csc_v7":"9.2","cmmc_v2.0":"CM.L2-3.4.7,CM.L2-3.4.8,SC.L2-3.13.6","iso_27001-2013":"A.13.1.3","mitre_mitigations":"M1042","mitre_tactics":"TA0008","mitre_techniques":"T1203,T1210,T1543,T1543.002","pci_dss_v3.2.1":"1.1.6,1.2.1,2.2.2,2.2.5","pci_dss_v4.0":"1.2.5,2.2.4,6.4.1","soc_2":"CC6.3,CC6.6"},"rules":["not c:dpkg-query -s xinetd -> r:install ok installed","not c:sh -c \"systemctl is-enabled xinetd.service & systemctl is-active xinetd.service\" -> r:^active$|^enabled$"],"condition":"any","command":"dpkg-query -s xinetd","result":"passed"}}
sca.type: check
sca.scan_id: 380680914
sca.policy: CIS Ubuntu Linux 22.04 LTS Benchmark v2.0.0.
sca.check.id: 28711
sca.check.title: Ensure xinetd services are not in use.
sca.check.description: The X Window System provides a Graphical User Interface (GUI) where users can have multiple windows in which to run programs and various add on. The X Windows system is typically used on workstations where users login, but not on servers where users typically do not login.
sca.check.rationale: Unless your organization specifically requires graphical login access via X Windows, remove it to reduce the potential attack surface.
sca.check.remediation: Run the following commands to stop xinetd.service, and remove the xinetd package: # systemctl stop xinetd.service # apt purge xinetd -OR- -IF- the xinetd package is required as a dependency: Run the following commands to stop and mask the xinetd.service: # systemctl stop xinetd.service # systemctl mask xinetd.service.
sca.check.compliance.cis: 2.1.19
sca.check.compliance.cis_csc_v8: 4.8
sca.check.compliance.cis_csc_v7: 9.2
sca.check.compliance.cmmc_v2.0: CM.L2-3.4.7,CM.L2-3.4.8,SC.L2-3.13.6
sca.check.compliance.iso_27001-2013: A.13.1.3
sca.check.compliance.mitre_mitigations: M1042
sca.check.compliance.mitre_tactics: TA0008
sca.check.compliance.mitre_techniques: T1203,T1210,T1543,T1543.002
sca.check.compliance.pci_dss_v3.2.1: 1.1.6,1.2.1,2.2.2,2.2.5
sca.check.compliance.pci_dss_v4.0: 1.2.5,2.2.4,6.4.1
sca.check.compliance.soc_2: CC6.3,CC6.6
sca.check.command: ["dpkg-query -s xinetd"]
sca.check.result: passed

** Alert 1757863500.629722: - sca,gdpr_IV_35.7.d,pci_dss_2.2,nist_800_53_CM.1,tsc_CC7.1,tsc_CC7.2,
2025 Sep 14 17:25:00 student-virtual-machine->sca
Rule: 19007 (level 7) -> 'CIS Ubuntu Linux 22.04 LTS Benchmark v2.0.0.: Ensure ftp client is not installed.'
{"type":"check","id":380680914,"policy":"CIS Ubuntu Linux 22.04 LTS Benchmark v2.0.0.","policy_id":"cis_ubuntu22-04","check":{"id":28712,"title":"Ensure ftp client is not installed.","description":"FTP (File Transfer Protocol) is a traditional and widely used standard tool for transferring files between a server and clients over a network, especially where no authentication is necessary (permits anonymous users to connect to a server).","rationale":"FTP does not protect the confidentiality of data or authentication credentials. It is recommended SFTP be used if file transfer is required. Unless there is a need to run the system as a FTP server (for example, to allow anonymous downloads), it is recommended that the package be removed to reduce the potential attack surface.","remediation":"Run the following command to uninstall ftp: # apt purge ftp.","compliance":{"cis":"2.2.6","cis_csc_v8":"4.8","cis_csc_v7":"9.2","cmmc_v2.0":"CM.L2-3.4.7,CM.L2-3.4.8,SC.L2-3.13.6","iso_27001-2013":"A.13.1.3","mitre_mitigations":"M1042","mitre_tactics":"TA0008","mitre_techniques":"T1203,T1543,T1543.002","pci_dss_v3.2.1":"1.1.6,1.2.1,2.2.2,2.2.5","pci_dss_v4.0":"1.2.5,2.2.4,6.4.1","soc_2":"CC6.3,CC6.6"},"rules":["not c:dpkg-query -s ftp -> r:install ok installed"],"condition":"all","command":"dpkg-query -s ftp","result":"failed"}}
sca.type: check
sca.scan_id: 380680914
sca.policy: CIS Ubuntu Linux 22.04 LTS Benchmark v2.0.0.
sca.check.id: 28712
sca.check.title: Ensure ftp client is not installed.
sca.check.description: FTP (File Transfer Protocol) is a traditional and widely used standard tool for transferring files between a server and clients over a network, especially where no authentication is necessary (permits anonymous users to connect to a server).
sca.check.rationale: FTP does not protect the confidentiality of data or authentication credentials. It is recommended SFTP be used if file transfer is required. Unless there is a need to run the system as a FTP server (for example, to allow anonymous downloads), it is recommended that the package be removed to reduce the potential attack surface.
sca.check.remediation: Run the following command to uninstall ftp: # apt purge ftp.
sca.check.compliance.cis: 2.2.6
sca.check.compliance.cis_csc_v8: 4.8
sca.check.compliance.cis_csc_v7: 9.2
sca.check.compliance.cmmc_v2.0: CM.L2-3.4.7,CM.L2-3.4.8,SC.L2-3.13.6
sca.check.compliance.iso_27001-2013: A.13.1.3
sca.check.compliance.mitre_mitigations: M1042
sca.check.compliance.mitre_tactics: TA0008
sca.check.compliance.mitre_techniques: T1203,T1543,T1543.002
sca.check.compliance.pci_dss_v3.2.1: 1.1.6,1.2.1,2.2.2,2.2.5
sca.check.compliance.pci_dss_v4.0: 1.2.5,2.2.4,6.4.1
sca.check.compliance.soc_2: CC6.3,CC6.6
sca.check.command: ["dpkg-query -s ftp"]
sca.check.result: failed

** Alert 1757863500.632773: - sca,gdpr_IV_35.7.d,pci_dss_2.2,nist_800_53_CM.1,tsc_CC7.1,tsc_CC7.2,
2025 Sep 14 17:25:00 student-virtual-machine->sca
Rule: 19008 (level 3) -> 'CIS Ubuntu Linux 22.04 LTS Benchmark v2.0.0.: Ensure IPv6 status is identified.'
{"type":"check","id":380680914,"policy":"CIS Ubuntu Linux 22.04 LTS Benchmark v2.0.0.","policy_id":"cis_ubuntu22-04","check":{"id":28713,"title":"Ensure IPv6 status is identified.","description":"Internet Protocol Version 6 (IPv6) is the most recent version of Internet Protocol (IP). It's designed to supply IP addressing and additional security to support the predicted growth of connected devices. IPv6 is based on 128-bit addressing and can support 340 undecillion, which is 340 trillion3 addresses. Features of IPv6 - Hierarchical addressing and routing infrastructure - Stateful and Stateless configuration - Support for quality of service (QoS) - An ideal protocol for neighboring node interaction.","rationale":"IETF RFC 4038 recommends that applications are built with an assumption of dual stack. It is recommended that IPv6 be enabled and configured in accordance with Benchmark recommendations. -IF- dual stack and IPv6 are not used in your environment, IPv6 may be disabled to reduce the attack surface of the system, and recommendations pertaining to IPv6 can be skipped. Note: It is recommended that IPv6 be enabled and configured unless this is against local site policy.","remediation":"Enable or disable IPv6 in accordance with system requirements and local site policy.","compliance":{"cis":"3.1.1","cis_csc_v8":"4.8","cis_csc_v7":"9.2","cmmc_v2.0":"CM.L2-3.4.7,CM.L2-3.4.8,SC.L2-3.13.6","iso_27001-2013":"A.13.1.3","mitre_mitigations":"M1042","mitre_tactics":"TA0008","mitre_techniques":"T1557,T1595,T1595.001,T1595.002","pci_dss_v3.2.1":"1.1.6,1.2.1,2.2.2,2.2.5","pci_dss_v4.0":"1.2.5,2.2.4,6.4.1","soc_2":"CC6.3,CC6.6"},"rules":["f:/sys/module/ipv6/parameters/disable -> r:^0$"],"condition":"all","file":"/sys/module/ipv6/parameters/disable","result":"passed"}}
sca.type: check
sca.scan_id: 380680914
sca.policy: CIS Ubuntu Linux 22.04 LTS Benchmark v2.0.0.
sca.check.id: 28713
sca.check.title: Ensure IPv6 status is identified.
sca.check.description: Internet Protocol Version 6 (IPv6) is the most recent version of Internet Protocol (IP). It's designed to supply IP addressing and additional security to support the predicted growth of connected devices. IPv6 is based on 128-bit addressing and can support 340 undecillion, which is 340 trillion3 addresses. Features of IPv6 - Hierarchical addressing and routing infrastructure - Stateful and Stateless configuration - Support for quality of service (QoS) - An ideal protocol for neighboring node interaction.
sca.check.rationale: IETF RFC 4038 recommends that applications are built with an assumption of dual stack. It is recommended that IPv6 be enabled and configured in accordance with Benchmark recommendations. -IF- dual stack and IPv6 are not used in your environment, IPv6 may be disabled to reduce the attack surface of the system, and recommendations pertaining to IPv6 can be skipped. Note: It is recommended that IPv6 be enabled and configured unless this is against local site policy.
sca.check.remediation: Enable or disable IPv6 in accordance with system requirements and local site policy.
sca.check.compliance.cis: 3.1.1
sca.check.compliance.cis_csc_v8: 4.8
sca.check.compliance.cis_csc_v7: 9.2
sca.check.compliance.cmmc_v2.0: CM.L2-3.4.7,CM.L2-3.4.8,SC.L2-3.13.6
sca.check.compliance.iso_27001-2013: A.13.1.3
sca.check.compliance.mitre_mitigations: M1042
sca.check.compliance.mitre_tactics: TA0008
sca.check.compliance.mitre_techniques: T1557,T1595,T1595.001,T1595.002
sca.check.compliance.pci_dss_v3.2.1: 1.1.6,1.2.1,2.2.2,2.2.5
sca.check.compliance.pci_dss_v4.0: 1.2.5,2.2.4,6.4.1
sca.check.compliance.soc_2: CC6.3,CC6.6
sca.check.file: ["/sys/module/ipv6/parameters/disable"]
sca.check.result: passed

** Alert 1757863500.636727: - sca,gdpr_IV_35.7.d,pci_dss_2.2,nist_800_53_CM.1,tsc_CC7.1,tsc_CC7.2,
2025 Sep 14 17:25:00 student-virtual-machine->sca
Rule: 19007 (level 7) -> 'CIS Ubuntu Linux 22.04 LTS Benchmark v2.0.0.: Ensure bluetooth services are not in use.'
{"type":"check","id":380680914,"policy":"CIS Ubuntu Linux 22.04 LTS Benchmark v2.0.0.","policy_id":"cis_ubuntu22-04","check":{"id":28714,"title":"Ensure bluetooth services are not in use.","description":"Bluetooth is a short-range wireless technology standard that is used for exchanging data between devices over short distances. It employs UHF radio waves in the ISM bands, from 2.402 GHz to 2.48 GHz. It is mainly used as an alternative to wire connections.","rationale":"An attacker may be able to find a way to access or corrupt your data. One example of this type of activity is bluesnarfing, which refers to attackers using a Bluetooth connection to steal information off of your Bluetooth device. Also, viruses or other malicious code can take advantage of Bluetooth technology to infect other devices. If you are infected, your data may be corrupted, compromised, stolen, or lost.","remediation":"Run the following commands to stop bluetooth.service, and remove the bluez package: # systemctl stop bluetooth.service # apt purge bluez - OR - - IF - the bluez package is required as a dependency: Run the following commands to stop and mask bluetooth.service: # systemctl stop bluetooth.service # systemctl mask bluetooth.service Note: A reboot may be required.","compliance":{"cis":"3.1.3","cis_csc_v8":"4.8","cis_csc_v7":"9.2","cmmc_v2.0":"CM.L2-3.4.7,CM.L2-3.4.8,SC.L2-3.13.6","iso_27001-2013":"A.13.1.3","mitre_mitigations":"M1042","mitre_tactics":"TA0010","mitre_techniques":"T1011,T1011.001","pci_dss_v3.2.1":"1.1.6,1.2.1,2.2.2,2.2.5","pci_dss_v4.0":"1.2.5,2.2.4,6.4.1","soc_2":"CC6.3,CC6.6"},"rules":["not c:dpkg-query -s bluez -> r:install ok installed","not c:sh -c \"systemctl is-enabled bluetooth.service & systemctl is-active bluetooth.service\" -> r:^active$|^enabled$"],"condition":"any","references":"https://www.cisa.gov/tips/st05-015","command":"dpkg-query -s bluez,sh -c \"systemctl is-enabled bluetooth.service & systemctl is-active bluetooth.service\"","result":"failed"}}
sca.type: check
sca.scan_id: 380680914
sca.policy: CIS Ubuntu Linux 22.04 LTS Benchmark v2.0.0.
sca.check.id: 28714
sca.check.title: Ensure bluetooth services are not in use.
sca.check.description: Bluetooth is a short-range wireless technology standard that is used for exchanging data between devices over short distances. It employs UHF radio waves in the ISM bands, from 2.402 GHz to 2.48 GHz. It is mainly used as an alternative to wire connections.
sca.check.rationale: An attacker may be able to find a way to access or corrupt your data. One example of this type of activity is bluesnarfing, which refers to attackers using a Bluetooth connection to steal information off of your Bluetooth device. Also, viruses or other malicious code can take advantage of Bluetooth technology to infect other devices. If you are infected, your data may be corrupted, compromised, stolen, or lost.
sca.check.remediation: Run the following commands to stop bluetooth.service, and remove the bluez package: # systemctl stop bluetooth.service # apt purge bluez - OR - - IF - the bluez package is required as a dependency: Run the following commands to stop and mask bluetooth.service: # systemctl stop bluetooth.service # systemctl mask bluetooth.service Note: A reboot may be required.
sca.check.compliance.cis: 3.1.3
sca.check.compliance.cis_csc_v8: 4.8
sca.check.compliance.cis_csc_v7: 9.2
sca.check.compliance.cmmc_v2.0: CM.L2-3.4.7,CM.L2-3.4.8,SC.L2-3.13.6
sca.check.compliance.iso_27001-2013: A.13.1.3
sca.check.compliance.mitre_mitigations: M1042
sca.check.compliance.mitre_tactics: TA0010
sca.check.compliance.mitre_techniques: T1011,T1011.001
sca.check.compliance.pci_dss_v3.2.1: 1.1.6,1.2.1,2.2.2,2.2.5
sca.check.compliance.pci_dss_v4.0: 1.2.5,2.2.4,6.4.1
sca.check.compliance.soc_2: CC6.3,CC6.6
sca.check.references: https://www.cisa.gov/tips/st05-015
sca.check.command: ["dpkg-query -s bluez", "sh -c \"systemctl is-enabled bluetooth.service & systemctl is-active bluetooth.service\""]
sca.check.result: failed

** Alert 1757863500.641005: - sca,gdpr_IV_35.7.d,pci_dss_2.2,nist_800_53_CM.1,tsc_CC7.1,tsc_CC7.2,
2025 Sep 14 17:25:00 student-virtual-machine->sca
Rule: 19008 (level 3) -> 'CIS Ubuntu Linux 22.04 LTS Benchmark v2.0.0.: Ensure ufw is uninstalled or disabled with nftables.'
{"type":"check","id":380680914,"policy":"CIS Ubuntu Linux 22.04 LTS Benchmark v2.0.0.","policy_id":"cis_ubuntu22-04","check":{"id":28715,"title":"Ensure ufw is uninstalled or disabled with nftables.","description":"Uncomplicated Firewall (UFW) is a program for managing a Netfilter firewall designed to be easy to use.","rationale":"Running both the nftables service and ufw may lead to conflict and unexpected results.","remediation":"Run one of the following to either remove ufw or disable ufw and mask ufw.service: Run the following command to remove ufw: # apt purge ufw -OR- Run the following commands to disable ufw and mask ufw.service: # ufw disable # systemctl stop ufw.service # systemctl mask ufw.service Note: ufw disable needs to be run before systemctl mask ufw.service in order to correctly disable UFW Internal Only - General.","compliance":{"cis":"4.2.2","cis_csc_v8":"4.4,4.5","cis_csc_v7":"9.4","cmmc_v2.0":"AC.L1-3.1.20,CM.L2-3.4.7,SC.L1-3.13.1,SC.L2-3.13.6","iso_27001-2013":"A.13.1.1","mitre_mitigations":"M1033","mitre_tactics":"TA0005","mitre_techniques":"T1562,T1562.004","nist_sp_800-53":"SC-7(5)","pci_dss_v3.2.1":"1.1.4,1.3.1,1.4","pci_dss_v4.0":"1.2.1,1.4.1","soc_2":"CC6.6"},"rules":["c:dpkg -s ufw -> r:package 'ufw' is not installed","c:ufw status -> r:inactive","c:systemctl is-enabled ufw.service -> r:masked|disabled"],"condition":"any","command":"dpkg -s ufw,ufw status","result":"passed"}}
sca.type: check
sca.scan_id: 380680914
sca.policy: CIS Ubuntu Linux 22.04 LTS Benchmark v2.0.0.
sca.check.id: 28715
sca.check.title: Ensure ufw is uninstalled or disabled with nftables.
sca.check.description: Uncomplicated Firewall (UFW) is a program for managing a Netfilter firewall designed to be easy to use.
sca.check.rationale: Running both the nftables service and ufw may lead to conflict and unexpected results.
sca.check.remediation: Run one of the following to either remove ufw or disable ufw and mask ufw.service: Run the following command to remove ufw: # apt purge ufw -OR- Run the following commands to disable ufw and mask ufw.service: # ufw disable # systemctl stop ufw.service # systemctl mask ufw.service Note: ufw disable needs to be run before systemctl mask ufw.service in order to correctly disable UFW Internal Only - General.
sca.check.compliance.cis: 4.2.2
sca.check.compliance.cis_csc_v8: 4.4,4.5
sca.check.compliance.cis_csc_v7: 9.4
sca.check.compliance.cmmc_v2.0: AC.L1-3.1.20,CM.L2-3.4.7,SC.L1-3.13.1,SC.L2-3.13.6
sca.check.compliance.iso_27001-2013: A.13.1.1
sca.check.compliance.mitre_mitigations: M1033
sca.check.compliance.mitre_tactics: TA0005
sca.check.compliance.mitre_techniques: T1562,T1562.004
sca.check.compliance.nist_sp_800-53: SC-7(5)
sca.check.compliance.pci_dss_v3.2.1: 1.1.4,1.3.1,1.4
sca.check.compliance.pci_dss_v4.0: 1.2.1,1.4.1
sca.check.compliance.soc_2: CC6.6
sca.check.command: ["dpkg -s ufw", "ufw status"]
sca.check.result: passed

** Alert 1757863500.644197: - sca,gdpr_IV_35.7.d,pci_dss_2.2,nist_800_53_CM.1,tsc_CC7.1,tsc_CC7.2,
2025 Sep 14 17:25:00 student-virtual-machine->sca
Rule: 19007 (level 7) -> 'CIS Ubuntu Linux 22.04 LTS Benchmark v2.0.0.: Ensure permissions on SSH public host key files are configured.'
{"type":"check","id":380680914,"policy":"CIS Ubuntu Linux 22.04 LTS Benchmark v2.0.0.","policy_id":"cis_ubuntu22-04","check":{"id":28716,"title":"Ensure permissions on SSH public host key files are configured.","description":"An SSH public key is one of two files used in SSH public key authentication. In this authentication method, a public key is a key that can be used for verifying digital signatures generated using a corresponding private key. Only a public key that corresponds to a private key will be able to authenticate successfully.","rationale":"If a public host key file is modified by an unauthorized user, the SSH service may be compromised.","remediation":"Run the following script to set mode, ownership, and group on the public SSH host key files: #!/usr/bin/env bash { l_output=\"\" l_output2=\"\" l_pmask=\"0133\" && l_maxperm=\"$( printf '%o' $(( 0777 & ~$l_pmask )) )\" FILE_ACCESS_FIX() { while IFS=: read -r l_file_mode l_file_owner l_file_group; do l_out2=\"\" if [ $(( $l_file_mode & $l_pmask )) -gt 0 ]; then l_out2=\"$l_out2\\n - Mode: \\\"$l_file_mode\\\" should be mode: \\\"$l_maxperm\\\" or more restrictive\\n - updating to mode: \\:$l_maxperm\\\"\" chmod u-x,go-wx fi if [ \"$l_file_owner\" != \"root\" ]; then l_out2=\"$l_out2\\n - Owned by: \\\"$l_file_owner\\\" should be owned by \\\"root\\\"\\n - Changing ownership to \\\"root\\\"\" chown root \"$l_file\" fi if [ \"$l_file_group\" != \"root\" ]; then l_out2=\"$l_out2\\n - Owned by group \\\"$l_file_group\\\" should be group owned by: \\\"root\\\"\\n - Changing group ownership to \\\"root\\\"\" chgrp root \"$l_file\" fi if [ -n \"$l_out2\" ]; then l_output2=\"$l_output2\\n - File: \\\"$l_file\\\"$l_out2\" else l_output=\"$l_output\\n - File: \\\"$l_file\\\"\\n - Correct: mode: \\\"$l_file_mode\\\", owner: \\\"$l_file_owner\\\", and group owner: \\\"$l_file_group\\\" configured\" fi done < <(stat -Lc '%#a:%U:%G' \"$l_file\") } while IFS= read -r -d $'\\0' l_file; do if ssh-keygen -lf &>/dev/null \"$l_file\"; then file \"$l_file\" | grep -Piq -- '\\bopenssh\\h+([^#\\n\\r]+\\h+)?public\\h+key\\b' && FILE_ACCESS_FIX fi done < <(find -L /etc/ssh -xdev -type f -print0 2>/dev/null) if [ -z \"$l_output2\" ]; then echo -e \"\\n- No access changes required\\n\" else echo -e \"\\n- Remediation results:\\n$l_output2\\n\" fi }.","compliance":{"cis":"5.1.3","cis_csc_v8":"3.3","cis_csc_v7":"14.6","cmmc_v2.0":"AC.L1-3.1.1,AC.L1-3.1.2,AC.L2-3.1.3,AC.L2-3.1.5,MP.L2-3.8.2","hipaa":"164.308(a)(3)(i),164.308(a)(3)(ii)(A),164.312(a)(1)","iso_27001-2013":"A.9.1.1","mitre_mitigations":"M1022","mitre_tactics":"TA0003,TA0006","mitre_techniques":"T1557","nist_sp_800-53":"AC-5,AC-6","pci_dss_v3.2.1":"7.1,7.1.1,7.1.2,7.1.3","pci_dss_v4.0":"1.3.1,7.1","soc_2":"CC5.2,CC6.1"},"rules":["c:stat -Lc \"%a %A %u %U %g %G\" /etc/ssh/ssh_host_rsa_key.pub -> r:644|640|600|444|440|404|400 && r:0 root 0 root","c:stat -Lc \"%a %A %u %U %g %G\" /etc/ssh/ssh_host_ecdsa_key.pub -> r:644|640|600|444|440|404|400 && r:0 root 0 root"],"condition":"all","command":"stat -Lc \"%a %A %u %U %g %G\" /etc/ssh/ssh_host_rsa_key.pub","result":"failed"}}
sca.type: check
sca.scan_id: 380680914
sca.policy: CIS Ubuntu Linux 22.04 LTS Benchmark v2.0.0.
sca.check.id: 28716
sca.check.title: Ensure permissions on SSH public host key files are configured.
sca.check.description: An SSH public key is one of two files used in SSH public key authentication. In this authentication method, a public key is a key that can be used for verifying digital signatures generated using a corresponding private key. Only a public key that corresponds to a private key will be able to authenticate successfully.
sca.check.rationale: If a public host key file is modified by an unauthorized user, the SSH service may be compromised.
sca.check.remediation: Run the following script to set mode, ownership, and group on the public SSH host key files: #!/usr/bin/env bash { l_output="" l_output2="" l_pmask="0133" && l_maxperm="$( printf '%o' $(( 0777 & ~$l_pmask )) )" FILE_ACCESS_FIX() { while IFS=: read -r l_file_mode l_file_owner l_file_group; do l_out2="" if [ $(( $l_file_mode & $l_pmask )) -gt 0 ]; then l_out2="$l_out2\n - Mode: \"$l_file_mode\" should be mode: \"$l_maxperm\" or more restrictive\n - updating to mode: \:$l_maxperm\"" chmod u-x,go-wx fi if [ "$l_file_owner" != "root" ]; then l_out2="$l_out2\n - Owned by: \"$l_file_owner\" should be owned by \"root\"\n - Changing ownership to \"root\"" chown root "$l_file" fi if [ "$l_file_group" != "root" ]; then l_out2="$l_out2\n - Owned by group \"$l_file_group\" should be group owned by: \"root\"\n - Changing group ownership to \"root\"" chgrp root "$l_file" fi if [ -n "$l_out2" ]; then l_output2="$l_output2\n - File: \"$l_file\"$l_out2" else l_output="$l_output\n - File: \"$l_file\"\n - Correct: mode: \"$l_file_mode\", owner: \"$l_file_owner\", and group owner: \"$l_file_group\" configured" fi done < <(stat -Lc '%#a:%U:%G' "$l_file") } while IFS= read -r -d $'\0' l_file; do if ssh-keygen -lf &>/dev/null "$l_file"; then file "$l_file" | grep -Piq -- '\bopenssh\h+([^#\n\r]+\h+)?public\h+key\b' && FILE_ACCESS_FIX fi done < <(find -L /etc/ssh -xdev -type f -print0 2>/dev/null) if [ -z "$l_output2" ]; then echo -e "\n- No access changes required\n" else echo -e "\n- Remediation results:\n$l_output2\n" fi }.
sca.check.compliance.cis: 5.1.3
sca.check.compliance.cis_csc_v8: 3.3
sca.check.compliance.cis_csc_v7: 14.6
sca.check.compliance.cmmc_v2.0: AC.L1-3.1.1,AC.L1-3.1.2,AC.L2-3.1.3,AC.L2-3.1.5,MP.L2-3.8.2
sca.check.compliance.hipaa: 164.308(a)(3)(i),164.308(a)(3)(ii)(A),164.312(a)(1)
sca.check.compliance.iso_27001-2013: A.9.1.1
sca.check.compliance.mitre_mitigations: M1022
sca.check.compliance.mitre_tactics: TA0003,TA0006
sca.check.compliance.mitre_techniques: T1557
sca.check.compliance.nist_sp_800-53: AC-5,AC-6
sca.check.compliance.pci_dss_v3.2.1: 7.1,7.1.1,7.1.2,7.1.3
sca.check.compliance.pci_dss_v4.0: 1.3.1,7.1
sca.check.compliance.soc_2: CC5.2,CC6.1
sca.check.command: ["stat -Lc \"%a %A %u %U %g %G\" /etc/ssh/ssh_host_rsa_key.pub"]
sca.check.result: failed

** Alert 1757863500.650579: - sca,gdpr_IV_35.7.d,pci_dss_2.2,nist_800_53_CM.1,tsc_CC7.1,tsc_CC7.2,
2025 Sep 14 17:25:00 student-virtual-machine->sca
Rule: 19009 (level 3) -> 'CIS Ubuntu Linux 22.04 LTS Benchmark v2.0.0.: Ensure sshd DisableForwarding is enabled.'
{"type":"check","id":380680914,"policy":"CIS Ubuntu Linux 22.04 LTS Benchmark v2.0.0.","policy_id":"cis_ubuntu22-04","check":{"id":28717,"title":"Ensure sshd DisableForwarding is enabled.","description":"The DisableForwarding parameter disables all forwarding features, including X11, ssh-agent(1), TCP and StreamLocal. This option overrides all other forwarding-related options and may simplify restricted configurations. - X11Forwarding provides the ability to tunnel X11 traffic through the connection to enable remote graphic connections. - ssh-agent is a program to hold private keys used for public key authentication. Through use of environment variables the agent can be located and automatically used for authentication when logging in to other machines using ssh. - SSH port forwarding is a mechanism in SSH for tunneling application ports from the client to the server, or servers to clients. It can be used for adding encryption to legacy applications, going through firewalls, and some system administrators and IT professionals use it for opening backdoors into the internal network from their home machines.","rationale":"Disable X11 forwarding unless there is an operational requirement to use X11 applications directly. There is a small risk that the remote X11 servers of users who are logged in via SSH with X11 forwarding could be compromised by other users on the X11 server. Note that even if X11 forwarding is disabled, users can always install their own forwarders. anyone with root privilege on the the intermediate server can make free use of ssh-agent to authenticate them to other servers Leaving port forwarding enabled can expose the organization to security risks and backdoors. SSH connections are protected with strong encryption. This makes their contents invisible to most deployed network monitoring and traffic filtering solutions. This invisibility carries considerable risk potential if it is used for malicious purposes such as data exfiltration. Cybercriminals or malware could exploit SSH to hide their unauthorized communications, or to exfiltrate stolen data from the target network. Internal Only - General.","remediation":"Edit the /etc/ssh/sshd_config file to set the DisableForwarding parameter to yes above any Include entry as follows: DisableForwarding yes Note: First occurrence of a option takes precedence. If Include locations are enabled, used, and order of precedence is understood in your environment, the entry may be created in a file in Include location.","compliance":{"cis":"5.1.8","cis_csc_v8":"4.8","cis_csc_v7":"9.2","cmmc_v2.0":"CM.L2-3.4.7,CM.L2-3.4.8,SC.L2-3.13.6","iso_27001-2013":"A.13.1.3","mitre_mitigations":"M1042","mitre_tactics":"TA0008","mitre_techniques":"T1210","pci_dss_v3.2.1":"1.1.6,1.2.1,2.2.2,2.2.5","pci_dss_v4.0":"1.2.5,2.2.4,6.4.1","soc_2":"CC6.3,CC6.6"},"rules":["c:sshd -T -> r:^\\s*disableforwarding\\s*\\t*yes"],"condition":"all","command":"sshd -T","status":"Not applicable","reason":"Invalid path or wrong permissions to run command 'sshd -T'"}}
sca.type: check
sca.scan_id: 380680914
sca.policy: CIS Ubuntu Linux 22.04 LTS Benchmark v2.0.0.
sca.check.id: 28717
sca.check.title: Ensure sshd DisableForwarding is enabled.
sca.check.description: The DisableForwarding parameter disables all forwarding features, including X11, ssh-agent(1), TCP and StreamLocal. This option overrides all other forwarding-related options and may simplify restricted configurations. - X11Forwarding provides the ability to tunnel X11 traffic through the connection to enable remote graphic connections. - ssh-agent is a program to hold private keys used for public key authentication. Through use of environment variables the agent can be located and automatically used for authentication when logging in to other machines using ssh. - SSH port forwarding is a mechanism in SSH for tunneling application ports from the client to the server, or servers to clients. It can be used for adding encryption to legacy applications, going through firewalls, and some system administrators and IT professionals use it for opening backdoors into the internal network from their home machines.
sca.check.rationale: Disable X11 forwarding unless there is an operational requirement to use X11 applications directly. There is a small risk that the remote X11 servers of users who are logged in via SSH with X11 forwarding could be compromised by other users on the X11 server. Note that even if X11 forwarding is disabled, users can always install their own forwarders. anyone with root privilege on the the intermediate server can make free use of ssh-agent to authenticate them to other servers Leaving port forwarding enabled can expose the organization to security risks and backdoors. SSH connections are protected with strong encryption. This makes their contents invisible to most deployed network monitoring and traffic filtering solutions. This invisibility carries considerable risk potential if it is used for malicious purposes such as data exfiltration. Cybercriminals or malware could exploit SSH to hide their unauthorized communications, or to exfiltrate stolen data from the target network. Internal Only - General.
sca.check.remediation: Edit the /etc/ssh/sshd_config file to set the DisableForwarding parameter to yes above any Include entry as follows: DisableForwarding yes Note: First occurrence of a option takes precedence. If Include locations are enabled, used, and order of precedence is understood in your environment, the entry may be created in a file in Include location.
sca.check.compliance.cis: 5.1.8
sca.check.compliance.cis_csc_v8: 4.8
sca.check.compliance.cis_csc_v7: 9.2
sca.check.compliance.cmmc_v2.0: CM.L2-3.4.7,CM.L2-3.4.8,SC.L2-3.13.6
sca.check.compliance.iso_27001-2013: A.13.1.3
sca.check.compliance.mitre_mitigations: M1042
sca.check.compliance.mitre_tactics: TA0008
sca.check.compliance.mitre_techniques: T1210
sca.check.compliance.pci_dss_v3.2.1: 1.1.6,1.2.1,2.2.2,2.2.5
sca.check.compliance.pci_dss_v4.0: 1.2.5,2.2.4,6.4.1
sca.check.compliance.soc_2: CC6.3,CC6.6
sca.check.command: ["sshd -T"]
sca.check.result: not applicable
sca.check.reason: Invalid path or wrong permissions to run command 'sshd -T'

** Alert 1757863500.657058: - sca,gdpr_IV_35.7.d,pci_dss_2.2,nist_800_53_CM.1,tsc_CC7.1,tsc_CC7.2,
2025 Sep 14 17:25:00 student-virtual-machine->sca
Rule: 19009 (level 3) -> 'CIS Ubuntu Linux 22.04 LTS Benchmark v2.0.0.: Ensure sshd GSSAPIAuthentication is disabled.'
{"type":"check","id":380680914,"policy":"CIS Ubuntu Linux 22.04 LTS Benchmark v2.0.0.","policy_id":"cis_ubuntu22-04","check":{"id":28718,"title":"Ensure sshd GSSAPIAuthentication is disabled.","description":"The GSSAPIAuthentication parameter specifies whether user authentication based on GSSAPI is allowed.","rationale":"Allowing GSSAPI authentication through SSH exposes the system's GSSAPI to remote hosts, and should be disabled to reduce the attack surface of the system.","remediation":"Edit the /etc/ssh/sshd_config file to set the GSSAPIAuthentication parameter to no above any Include and Match entries as follows: GSSAPIAuthentication no Note: First occurrence of an option takes precedence, Match set statements withstanding. If Include locations are enabled, used, and order of precedence is understood in your environment, the entry may be created in a file in Include location. Internal Only - General.","compliance":{"cis":"5.1.9","cis_csc_v8":"5.2","cis_csc_v7":"4.4","cmmc_v2.0":"IA.L2-3.5.7","iso_27001-2013":"A.9.4.3","mitre_mitigations":"M1042","mitre_tactics":"TA0001","mitre_techniques":"T1078,T1078.001,T1078.003","pci_dss_v4.0":"2.2.2,8.3.5,8.3.6,8.6.3","soc_2":"CC6.1"},"rules":["c:sshd -T -> r:\\s*gssapiauthentication\\s*\\t*no"],"condition":"all","command":"sshd -T","status":"Not applicable","reason":"Invalid path or wrong permissions to run command 'sshd -T'"}}
sca.type: check
sca.scan_id: 380680914
sca.policy: CIS Ubuntu Linux 22.04 LTS Benchmark v2.0.0.
sca.check.id: 28718
sca.check.title: Ensure sshd GSSAPIAuthentication is disabled.
sca.check.description: The GSSAPIAuthentication parameter specifies whether user authentication based on GSSAPI is allowed.
sca.check.rationale: Allowing GSSAPI authentication through SSH exposes the system's GSSAPI to remote hosts, and should be disabled to reduce the attack surface of the system.
sca.check.remediation: Edit the /etc/ssh/sshd_config file to set the GSSAPIAuthentication parameter to no above any Include and Match entries as follows: GSSAPIAuthentication no Note: First occurrence of an option takes precedence, Match set statements withstanding. If Include locations are enabled, used, and order of precedence is understood in your environment, the entry may be created in a file in Include location. Internal Only - General.
sca.check.compliance.cis: 5.1.9
sca.check.compliance.cis_csc_v8: 5.2
sca.check.compliance.cis_csc_v7: 4.4
sca.check.compliance.cmmc_v2.0: IA.L2-3.5.7
sca.check.compliance.iso_27001-2013: A.9.4.3
sca.check.compliance.mitre_mitigations: M1042
sca.check.compliance.mitre_tactics: TA0001
sca.check.compliance.mitre_techniques: T1078,T1078.001,T1078.003
sca.check.compliance.pci_dss_v4.0: 2.2.2,8.3.5,8.3.6,8.6.3
sca.check.compliance.soc_2: CC6.1
sca.check.command: ["sshd -T"]
sca.check.result: not applicable
sca.check.reason: Invalid path or wrong permissions to run command 'sshd -T'

** Alert 1757863500.660230: - sca,gdpr_IV_35.7.d,pci_dss_2.2,nist_800_53_CM.1,tsc_CC7.1,tsc_CC7.2,
2025 Sep 14 17:25:00 student-virtual-machine->sca
Rule: 19008 (level 3) -> 'CIS Ubuntu Linux 22.04 LTS Benchmark v2.0.0.: Ensure pam_unix module is enabled.'
{"type":"check","id":380680914,"policy":"CIS Ubuntu Linux 22.04 LTS Benchmark v2.0.0.","policy_id":"cis_ubuntu22-04","check":{"id":28719,"title":"Ensure pam_unix module is enabled.","description":"pam_unix is the standard Unix authentication module. It uses standard calls from the system's libraries to retrieve and set account information as well as authentication. Usually this is obtained from the /etc/passwd and if shadow is enabled, the /etc/shadow file as well. The account component performs the task of establishing the status of the user's account and password based on the following shadow elements: expire, last_change, max_change, min_change, warn_change. In the case of the latter, it may offer advice to the user on changing their password or, through the PAM_AUTHTOKEN_REQD return, delay giving service to the user until they have established a new password. The entries listed above are documented in the shadow(5) manual page. Should the user's record not contain one or more of these entries, the corresponding shadow check is not performed. The authentication component performs the task of checking the users credentials (password). The default action of this module is to not permit the user access to a service if their official password is blank.","rationale":"The system should only provide access after performing authentication of a user.","remediation":"Run the following command to enable the pam_unix module: # pam-auth-update --enable unix Note: If a site specific custom profile is being used in your environment to configure PAM that includes the configuration for the pam_faillock module, enable that module instead.","compliance":{"cis":"5.3.2.1","cis_csc_v8":"3.3","cis_csc_v7":"14.6","cmmc_v2.0":"AC.L1-3.1.1,AC.L1-3.1.2,AC.L2-3.1.3,AC.L2-3.1.5,MP.L2-3.8.2","hipaa":"164.308(a)(3)(i),164.308(a)(3)(ii)(A),164.312(a)(1)","iso_27001-2013":"A.9.1.1","mitre_mitigations":"M1027","mitre_tactics":"TA0006","mitre_techniques":"T1110,T1110.001,T1110.002,T1110.003,T1178.001,T1178.002,T1178.003,T1178.004","nist_sp_800-53":"AC-5,AC-6","pci_dss_v3.2.1":"7.1,7.1.1,7.1.2,7.1.3","pci_dss_v4.0":"1.3.1,7.1","soc_2":"CC5.2,CC6.1"},"rules":["f:/etc/pam.d/common-account -> r:pam_unix.so","f:/etc/pam.d/common-session -> r:pam_unix.so","f:/etc/pam.d/common-auth -> r:pam_unix.so","f:/etc/pam.d/common-password -> r:pam_unix.so"],"condition":"all","file":"/etc/pam.d/common-account,/etc/pam.d/common-session,/etc/pam.d/common-auth,/etc/pam.d/common-password","result":"passed"}}
sca.type: check
sca.scan_id: 380680914
sca.policy: CIS Ubuntu Linux 22.04 LTS Benchmark v2.0.0.
sca.check.id: 28719
sca.check.title: Ensure pam_unix module is enabled.
sca.check.description: pam_unix is the standard Unix authentication module. It uses standard calls from the system's libraries to retrieve and set account information as well as authentication. Usually this is obtained from the /etc/passwd and if shadow is enabled, the /etc/shadow file as well. The account component performs the task of establishing the status of the user's account and password based on the following shadow elements: expire, last_change, max_change, min_change, warn_change. In the case of the latter, it may offer advice to the user on changing their password or, through the PAM_AUTHTOKEN_REQD return, delay giving service to the user until they have established a new password. The entries listed above are documented in the shadow(5) manual page. Should the user's record not contain one or more of these entries, the corresponding shadow check is not performed. The authentication component performs the task of checking the users credentials (password). The default action of this module is to not permit the user access to a service if their official password is blank.
sca.check.rationale: The system should only provide access after performing authentication of a user.
sca.check.remediation: Run the following command to enable the pam_unix module: # pam-auth-update --enable unix Note: If a site specific custom profile is being used in your environment to configure PAM that includes the configuration for the pam_faillock module, enable that module instead.
sca.check.compliance.cis: 5.3.2.1
sca.check.compliance.cis_csc_v8: 3.3
sca.check.compliance.cis_csc_v7: 14.6
sca.check.compliance.cmmc_v2.0: AC.L1-3.1.1,AC.L1-3.1.2,AC.L2-3.1.3,AC.L2-3.1.5,MP.L2-3.8.2
sca.check.compliance.hipaa: 164.308(a)(3)(i),164.308(a)(3)(ii)(A),164.312(a)(1)
sca.check.compliance.iso_27001-2013: A.9.1.1
sca.check.compliance.mitre_mitigations: M1027
sca.check.compliance.mitre_tactics: TA0006
sca.check.compliance.mitre_techniques: T1110,T1110.001,T1110.002,T1110.003,T1178.001,T1178.002,T1178.003,T1178.004
sca.check.compliance.nist_sp_800-53: AC-5,AC-6
sca.check.compliance.pci_dss_v3.2.1: 7.1,7.1.1,7.1.2,7.1.3
sca.check.compliance.pci_dss_v4.0: 1.3.1,7.1
sca.check.compliance.soc_2: CC5.2,CC6.1
sca.check.file: ["/etc/pam.d/common-account", "/etc/pam.d/common-session", "/etc/pam.d/common-auth", "/etc/pam.d/common-password"]
sca.check.result: passed

** Alert 1757863500.665525: - sca,gdpr_IV_35.7.d,pci_dss_2.2,nist_800_53_CM.1,tsc_CC7.1,tsc_CC7.2,
2025 Sep 14 17:25:00 student-virtual-machine->sca
Rule: 19008 (level 3) -> 'CIS Ubuntu Linux 22.04 LTS Benchmark v2.0.0.: Ensure pam_pwquality module is enabled.'
{"type":"check","id":380680914,"policy":"CIS Ubuntu Linux 22.04 LTS Benchmark v2.0.0.","policy_id":"cis_ubuntu22-04","check":{"id":28720,"title":"Ensure pam_pwquality module is enabled.","description":"The pam_pwquality.so module performs password quality checking. This module can be plugged into the password stack of a given service to provide strength-checking for passwords. The code was originally based on pam_cracklib module and the module is backwards compatible with its options. The action of this module is to prompt the user for a password and check its strength against a system dictionary and a set of rules for identifying poor choices. The first action is to prompt for a single password, check its strength and then, if it is considered strong, prompt for the password a second time (to verify that it was typed correctly on the first occasion). All being well, the password is passed on to subsequent modules to be installed as the new authentication token.","rationale":"Use of a unique, complex passwords helps to increase the time and resources required to compromise the password.","remediation":"Run the following script to verify the pam_pwquality.so line exists in a pam-auth-update profile: # grep -P -- '\\bpam_pwquality\\.so\\b' /usr/share/pam-configs/* Output should be similar to: /usr/share/pam-configs/pwquality: requisite pam_pwquality.so retry=3 /usr/share/pam-configs/pwquality: requisite pam_pwquality.so retry=3 - IF - similar output is returned: Run the following command to update /etc/pam.d/common-password with the returned profile: # pam-auth-update --enable {PROFILE_NAME} Example: # pam-auth-update pwquality - IF - similar output is NOT returned: Run the following script to create a pam-auth-update profile for pwquality: !#/usr/bin/env bash { arr=('Name: Pwquality password strength checking' 'Default: yes' 'Priority: 1024' 'Conflicts: cracklib' 'Password-Type: Primary' 'Password:' ' requisite pam_pwquality.so retry=3' 'Password-Initial:' 'requisite') printf '%s\\n' \"${arr[@]}\" > /usr/share/pam-configs/pwquality } Run the following command to update /etc/pam.d/common-password with the pwquality profile: # pam-auth-update --enable pwquality Note: - The name used for the file must be used in the pam-auth-update --enable command - The Name: line should be easily recognizable and understood - The Priority: Line is important as it effects the order of the lines in the - /etc/pam.d/ files If a site specific custom profile is being used in your environment to configure PAM that includes the configuration for the pam_pwquality module, enable that module instead Internal Only - General.","compliance":{"cis":"5.3.2.3","cis_csc_v8":"5.2","cis_csc_v7":"4.4","cmmc_v2.0":"IA.L2-3.5.7","iso_27001-2013":"A.9.4.3","mitre_mitigations":"M1027","mitre_tactics":"TA0006","mitre_techniques":"T1110,T1110.001,T1110.002,T1110.003,T1178.001,T1178.002,T1178.003,T1178.004","pci_dss_v4.0":"2.2.2,8.3.5,8.3.6,8.6.3","soc_2":"CC6.1"},"rules":["f:/etc/pam.d/common-password -> r:pam_pwquality.so"],"condition":"all","file":"/etc/pam.d/common-password","result":"passed"}}
sca.type: check
sca.scan_id: 380680914
sca.policy: CIS Ubuntu Linux 22.04 LTS Benchmark v2.0.0.
sca.check.id: 28720
sca.check.title: Ensure pam_pwquality module is enabled.
sca.check.description: The pam_pwquality.so module performs password quality checking. This module can be plugged into the password stack of a given service to provide strength-checking for passwords. The code was originally based on pam_cracklib module and the module is backwards compatible with its options. The action of this module is to prompt the user for a password and check its strength against a system dictionary and a set of rules for identifying poor choices. The first action is to prompt for a single password, check its strength and then, if it is considered strong, prompt for the password a second time (to verify that it was typed correctly on the first occasion). All being well, the password is passed on to subsequent modules to be installed as the new authentication token.
sca.check.rationale: Use of a unique, complex passwords helps to increase the time and resources required to compromise the password.
sca.check.remediation: Run the following script to verify the pam_pwquality.so line exists in a pam-auth-update profile: # grep -P -- '\bpam_pwquality\.so\b' /usr/share/pam-configs/* Output should be similar to: /usr/share/pam-configs/pwquality: requisite pam_pwquality.so retry=3 /usr/share/pam-configs/pwquality: requisite pam_pwquality.so retry=3 - IF - similar output is returned: Run the following command to update /etc/pam.d/common-password with the returned profile: # pam-auth-update --enable {PROFILE_NAME} Example: # pam-auth-update pwquality - IF - similar output is NOT returned: Run the following script to create a pam-auth-update profile for pwquality: !#/usr/bin/env bash { arr=('Name: Pwquality password strength checking' 'Default: yes' 'Priority: 1024' 'Conflicts: cracklib' 'Password-Type: Primary' 'Password:' ' requisite pam_pwquality.so retry=3' 'Password-Initial:' 'requisite') printf '%s\n' "${arr[@]}" > /usr/share/pam-configs/pwquality } Run the following command to update /etc/pam.d/common-password with the pwquality profile: # pam-auth-update --enable pwquality Note: - The name used for the file must be used in the pam-auth-update --enable command - The Name: line should be easily recognizable and understood - The Priority: Line is important as it effects the order of the lines in the - /etc/pam.d/ files If a site specific custom profile is being used in your environment to configure PAM that includes the configuration for the pam_pwquality module, enable that module instead Internal Only - General.
sca.check.compliance.cis: 5.3.2.3
sca.check.compliance.cis_csc_v8: 5.2
sca.check.compliance.cis_csc_v7: 4.4
sca.check.compliance.cmmc_v2.0: IA.L2-3.5.7
sca.check.compliance.iso_27001-2013: A.9.4.3
sca.check.compliance.mitre_mitigations: M1027
sca.check.compliance.mitre_tactics: TA0006
sca.check.compliance.mitre_techniques: T1110,T1110.001,T1110.002,T1110.003,T1178.001,T1178.002,T1178.003,T1178.004
sca.check.compliance.pci_dss_v4.0: 2.2.2,8.3.5,8.3.6,8.6.3
sca.check.compliance.soc_2: CC6.1
sca.check.file: ["/etc/pam.d/common-password"]
sca.check.result: passed

** Alert 1757863500.672111: - sca,gdpr_IV_35.7.d,pci_dss_2.2,nist_800_53_CM.1,tsc_CC7.1,tsc_CC7.2,
2025 Sep 14 17:25:00 student-virtual-machine->sca
Rule: 19007 (level 7) -> 'CIS Ubuntu Linux 22.04 LTS Benchmark v2.0.0.: Ensure pam_pwhistory module is enabled.'
{"type":"check","id":380680914,"policy":"CIS Ubuntu Linux 22.04 LTS Benchmark v2.0.0.","policy_id":"cis_ubuntu22-04","check":{"id":28721,"title":"Ensure pam_pwhistory module is enabled.","description":"The pam_pwhistory.so module saves the last passwords for each user in order to force password change history and keep the user from alternating between the same password too frequently. This module does not work together with kerberos. In general, it does not make much sense to use this module in conjunction with NIS or LDAP, since the old passwords are stored on the local machine and are not available on another machine for password history checking.","rationale":"Use of a unique, complex passwords helps to increase the time and resources required to compromise the password.","remediation":"Run the following script to verify the pam_pwquality.so line exists in a pam-auth-update profile: # grep -P -- '\\bpam_pwhistory\\.so\\b' /usr/share/pam-configs/* Output should be similar to: /usr/share/pam-configs/pwhistory: requisite pam_pwhistory.so remember=24 enforce_for_root try_first_pass use_authtok - IF - similar output is returned: Run the following command to update /etc/pam.d/common-password with the returned profile: # pam-auth-update --enable {PROFILE_NAME} Example: # pam-auth-update pwhistory - IF - similar output is NOT returned: Run the following script to create a pam-auth-update profile for pwhistory: !#/usr/bin/env bash { arr=('Name: pwhistory password history checking' 'Default: yes' 'Priority: 1024' 'Password-Type: Primary' 'Password:' ' requisite pam_pwhistory.so remember=24 enforce_for_root try_first_pass use_authtok') printf '%s\\n' \"${arr[@]}\" > /usr/share/pam-configs/pwhistory } Run the following command to update /etc/pam.d/common-password with the pwhistory profile: # pam-auth-update --enable pwhistory Note: - The name used for the file must be used in the pam-auth-update --enable command - The Name: line should be easily recognizable and understood - The Priority: Line is important as it effects the order of the lines in the - /etc/pam.d/ files If a site specific custom profile is being used in your environment to configure PAM that includes the configuration for the pam_pwhistory module, enable that module instead Internal Only - General.","compliance":{"cis":"5.3.2.4","cis_csc_v8":"5.2","cis_csc_v7":"4.4","cmmc_v2.0":"IA.L2-3.5.7","iso_27001-2013":"A.9.4.3","mitre_mitigations":"M1027","mitre_tactics":"TA0006","mitre_techniques":"T1110,T1110.001,T1110.002,T1110.003,T1178.001,T1178.002,T1178.003,T1178.004","pci_dss_v4.0":"2.2.2,8.3.5,8.3.6,8.6.3","soc_2":"CC6.1"},"rules":["f:/etc/pam.d/common-password -> r:pam_pwhistory.so"],"condition":"all","file":"/etc/pam.d/common-password","result":"failed"}}
sca.type: check
sca.scan_id: 380680914
sca.policy: CIS Ubuntu Linux 22.04 LTS Benchmark v2.0.0.
sca.check.id: 28721
sca.check.title: Ensure pam_pwhistory module is enabled.
sca.check.description: The pam_pwhistory.so module saves the last passwords for each user in order to force password change history and keep the user from alternating between the same password too frequently. This module does not work together with kerberos. In general, it does not make much sense to use this module in conjunction with NIS or LDAP, since the old passwords are stored on the local machine and are not available on another machine for password history checking.
sca.check.rationale: Use of a unique, complex passwords helps to increase the time and resources required to compromise the password.
sca.check.remediation: Run the following script to verify the pam_pwquality.so line exists in a pam-auth-update profile: # grep -P -- '\bpam_pwhistory\.so\b' /usr/share/pam-configs/* Output should be similar to: /usr/share/pam-configs/pwhistory: requisite pam_pwhistory.so remember=24 enforce_for_root try_first_pass use_authtok - IF - similar output is returned: Run the following command to update /etc/pam.d/common-password with the returned profile: # pam-auth-update --enable {PROFILE_NAME} Example: # pam-auth-update pwhistory - IF - similar output is NOT returned: Run the following script to create a pam-auth-update profile for pwhistory: !#/usr/bin/env bash { arr=('Name: pwhistory password history checking' 'Default: yes' 'Priority: 1024' 'Password-Type: Primary' 'Password:' ' requisite pam_pwhistory.so remember=24 enforce_for_root try_first_pass use_authtok') printf '%s\n' "${arr[@]}" > /usr/share/pam-configs/pwhistory } Run the following command to update /etc/pam.d/common-password with the pwhistory profile: # pam-auth-update --enable pwhistory Note: - The name used for the file must be used in the pam-auth-update --enable command - The Name: line should be easily recognizable and understood - The Priority: Line is important as it effects the order of the lines in the - /etc/pam.d/ files If a site specific custom profile is being used in your environment to configure PAM that includes the configuration for the pam_pwhistory module, enable that module instead Internal Only - General.
sca.check.compliance.cis: 5.3.2.4
sca.check.compliance.cis_csc_v8: 5.2
sca.check.compliance.cis_csc_v7: 4.4
sca.check.compliance.cmmc_v2.0: IA.L2-3.5.7
sca.check.compliance.iso_27001-2013: A.9.4.3
sca.check.compliance.mitre_mitigations: M1027
sca.check.compliance.mitre_tactics: TA0006
sca.check.compliance.mitre_techniques: T1110,T1110.001,T1110.002,T1110.003,T1178.001,T1178.002,T1178.003,T1178.004
sca.check.compliance.pci_dss_v4.0: 2.2.2,8.3.5,8.3.6,8.6.3
sca.check.compliance.soc_2: CC6.1
sca.check.file: ["/etc/pam.d/common-password"]
sca.check.result: failed

** Alert 1757863500.678003: - sca,gdpr_IV_35.7.d,pci_dss_2.2,nist_800_53_CM.1,tsc_CC7.1,tsc_CC7.2,
2025 Sep 14 17:25:00 student-virtual-machine->sca
Rule: 19007 (level 7) -> 'CIS Ubuntu Linux 22.04 LTS Benchmark v2.0.0.: Ensure pam_faillock module is enabled.'
{"type":"check","id":380680914,"policy":"CIS Ubuntu Linux 22.04 LTS Benchmark v2.0.0.","policy_id":"cis_ubuntu22-04","check":{"id":28722,"title":"Ensure pam_faillock module is enabled.","description":"The pam_faillock.so module maintains a list of failed authentication attempts per user during a specified interval and locks the account in case there were more than the configured number of consecutive failed authentications (this is defined by the deny parameter in the faillock configuration). It stores the failure records into per-user files in the tally directory.","rationale":"Locking out user IDs after n unsuccessful consecutive login attempts mitigates brute force password attacks against your systems.","remediation":"Create two pam-auth-update profiles in /usr/share/pam-configs/: Create the first profile with the following lines: Name: Enable pam_faillock to deny access Default: yes Priority: 0 Auth-Type: Primary Auth: [default=die] pam_faillock.so authfail Example: #!/usr/bin/env bash { arr=('Name: Enable pam_faillock to deny access' 'Default: yes' 'Priority: 0' 'Auth-Type: Primary' 'Auth:' ' [default=die] pam_faillock.so authfail') printf '%s\\n' \"${arr[@]}\" > /usr/share/pam-configs/faillock } Create the second profile with the following lines: Name: Notify of failed login attempts and reset count upon success Default: yes Priority: 1024 Auth-Type: Primary Auth: requisite pam_faillock.so preauth Account-Type: Primary Account: required pam_faillock.so Example: #!/usr/bin/env bash { arr=('Name: Notify of failed login attempts and reset count upon success' 'Default: yes' 'Priority: 1024' 'Auth-Type: Primary' 'Auth:' ' requisite pam_faillock.so preauth' 'Account-Type: Primary' 'Account:' ' required pam_faillock.so') printf '%s\\n' \"${arr[@]}\" > /usr/share/pam-configs/faillock_notify } Run the following command to update the common-auth and common-account PAM files with the new profiles: # pam-auth-update --enable <profile_filename> Example: # pam-auth-update --enable faillock # pam-auth-update --enable faillock_notify Internal Only - General Note: - The name used for the file must be used in the pam-auth-update --enable command - The Name: line should be easily recognizable and understood - The Priority: Line is important as it effects the order of the lines in the - /etc/pam.d/ files If a site specific custom profile is being used in your environment to configure PAM that includes the configuration for the pam_faillock module, enable that module instead.","compliance":{"cis":"5.3.2.2","cis_csc_v8":"6.2","cis_csc_v7":"16.7","cmmc_v2.0":"AC.L1-3.1.1","hipaa":"164.308(a)(3)(ii)(C)","iso_27001-2013":"A.9.2.6","mitre_mitigations":"M1027","mitre_tactics":"TA0006","mitre_techniques":"T1110,T1110.001,T1110.003","nist_sp_800-53":"AC-2(1)","pci_dss_v3.2.1":"8.1.3","pci_dss_v4.0":"8.2.4,8.2.5","soc_2":"CC6.2,CC6.3"},"rules":["f:/etc/pam.d/common-auth -> r:pam_faillock.so","f:/etc/pam.d/common-account -> r:pam_faillock.so","f:/etc/pam.d/common-auth -> r:pam_faillock.so"],"condition":"all","file":"/etc/pam.d/common-auth","result":"failed"}}
sca.type: check
sca.scan_id: 380680914
sca.policy: CIS Ubuntu Linux 22.04 LTS Benchmark v2.0.0.
sca.check.id: 28722
sca.check.title: Ensure pam_faillock module is enabled.
sca.check.description: The pam_faillock.so module maintains a list of failed authentication attempts per user during a specified interval and locks the account in case there were more than the configured number of consecutive failed authentications (this is defined by the deny parameter in the faillock configuration). It stores the failure records into per-user files in the tally directory.
sca.check.rationale: Locking out user IDs after n unsuccessful consecutive login attempts mitigates brute force password attacks against your systems.
sca.check.remediation: Create two pam-auth-update profiles in /usr/share/pam-configs/: Create the first profile with the following lines: Name: Enable pam_faillock to deny access Default: yes Priority: 0 Auth-Type: Primary Auth: [default=die] pam_faillock.so authfail Example: #!/usr/bin/env bash { arr=('Name: Enable pam_faillock to deny access' 'Default: yes' 'Priority: 0' 'Auth-Type: Primary' 'Auth:' ' [default=die] pam_faillock.so authfail') printf '%s\n' "${arr[@]}" > /usr/share/pam-configs/faillock } Create the second profile with the following lines: Name: Notify of failed login attempts and reset count upon success Default: yes Priority: 1024 Auth-Type: Primary Auth: requisite pam_faillock.so preauth Account-Type: Primary Account: required pam_faillock.so Example: #!/usr/bin/env bash { arr=('Name: Notify of failed login attempts and reset count upon success' 'Default: yes' 'Priority: 1024' 'Auth-Type: Primary' 'Auth:' ' requisite pam_faillock.so preauth' 'Account-Type: Primary' 'Account:' ' required pam_faillock.so') printf '%s\n' "${arr[@]}" > /usr/share/pam-configs/faillock_notify } Run the following command to update the common-auth and common-account PAM files with the new profiles: # pam-auth-update --enable <profile_filename> Example: # pam-auth-update --enable faillock # pam-auth-update --enable faillock_notify Internal Only - General Note: - The name used for the file must be used in the pam-auth-update --enable command - The Name: line should be easily recognizable and understood - The Priority: Line is important as it effects the order of the lines in the - /etc/pam.d/ files If a site specific custom profile is being used in your environment to configure PAM that includes the configuration for the pam_faillock module, enable that module instead.
sca.check.compliance.cis: 5.3.2.2
sca.check.compliance.cis_csc_v8: 6.2
sca.check.compliance.cis_csc_v7: 16.7
sca.check.compliance.cmmc_v2.0: AC.L1-3.1.1
sca.check.compliance.hipaa: 164.308(a)(3)(ii)(C)
sca.check.compliance.iso_27001-2013: A.9.2.6
sca.check.compliance.mitre_mitigations: M1027
sca.check.compliance.mitre_tactics: TA0006
sca.check.compliance.mitre_techniques: T1110,T1110.001,T1110.003
sca.check.compliance.nist_sp_800-53: AC-2(1)
sca.check.compliance.pci_dss_v3.2.1: 8.1.3
sca.check.compliance.pci_dss_v4.0: 8.2.4,8.2.5
sca.check.compliance.soc_2: CC6.2,CC6.3
sca.check.file: ["/etc/pam.d/common-auth"]
sca.check.result: failed

** Alert 1757863500.684510: - sca,gdpr_IV_35.7.d,pci_dss_2.2,nist_800_53_CM.1,tsc_CC7.1,tsc_CC7.2,
2025 Sep 14 17:25:00 student-virtual-machine->sca
Rule: 19008 (level 3) -> 'CIS Ubuntu Linux 22.04 LTS Benchmark v2.0.0.: Ensure password unlock time is configured.'
{"type":"check","id":380680914,"policy":"CIS Ubuntu Linux 22.04 LTS Benchmark v2.0.0.","policy_id":"cis_ubuntu22-04","check":{"id":28723,"title":"Ensure password unlock time is configured.","description":"unlock_time=<n> - The access will be re-enabled after seconds after the lock out. The value 0 has the same meaning as value never - the access will not be re-enabled without resetting the faillock entries by the faillock(8) command. Note: - The default directory that pam_faillock uses is usually cleared on system boot so the access will be also re-enabled after system reboot. If that is undesirable a different tally directory must be set with the dir option. It is usually undesirable to permanently lock out users as they can become easily a target of denial of service attack unless the usernames are random and kept secret to potential attackers. - - The maximum configurable value for unlock_time is 604800.","rationale":"Locking out user IDs after n unsuccessful consecutive login attempts mitigates brute force password attacks against your systems.","remediation":"Set password unlock time to conform to site policy. unlock_time should be 0 (never), or 900 seconds or greater. Edit /etc/security/faillock.conf and update or add the following line: unlock_time = 900 Run the following command: remove the unlock_time argument from the pam_faillock.so module in the PAM files: # grep -Pl -- '\\bpam_faillock\\.so\\h+([^#\\n\\r]+\\h+)?unlock_time\\b' /usr/share/pam-configs/* Edit any returned files and remove the unlock_time=<N> argument from the pam_faillock.so line(s):.","compliance":{"cis":"5.3.3.1.2","cis_csc_v8":"6.2","cis_csc_v7":"16.7","cmmc_v2.0":"AC.L1-3.1.1","hipaa":"164.308(a)(3)(ii)(C)","iso_27001-2013":"A.9.2.6","mitre_mitigations":"M1027","mitre_tactics":"TA0006","mitre_techniques":"T1110,T1110.001,T1110.003","nist_sp_800-53":"AC-2(1)","pci_dss_v3.2.1":"8.1.3","pci_dss_v4.0":"8.2.4,8.2.5","soc_2":"CC6.2,CC6.3"},"rules":["f:/etc/security/faillock.conf -> n:^\\s*\\t*unlock_time\\s*\\t*=\\s*\\t*(\\d+) compare >= 900","f:/etc/security/faillock.conf -> n:^\\s*\\t*unlock_time\\s*\\t*=\\s*\\t*(\\d+) compare = 0","f:/etc/pam.d/common-auth -> !r:^# && r:pam_faillock.so && n:^\\s*\\t*unlock_time\\s*\\t*=\\s*\\t*(\\d+) compare >= 900","f:/etc/pam.d/common-auth -> !r:^# && r:pam_faillock.so && n:^\\s*\\t*unlock_time\\s*\\t*=\\s*\\t*(\\d+) compare = 0","not f:/etc/pam.d/common-auth -> !r:^# && r:pam_faillock.so && r:^\\s*\\t*unlock_time\\s*\\t*="],"condition":"any","file":"/etc/security/faillock.conf,/etc/pam.d/common-auth","result":"passed"}}
sca.type: check
sca.scan_id: 380680914
sca.policy: CIS Ubuntu Linux 22.04 LTS Benchmark v2.0.0.
sca.check.id: 28723
sca.check.title: Ensure password unlock time is configured.
sca.check.description: unlock_time=<n> - The access will be re-enabled after seconds after the lock out. The value 0 has the same meaning as value never - the access will not be re-enabled without resetting the faillock entries by the faillock(8) command. Note: - The default directory that pam_faillock uses is usually cleared on system boot so the access will be also re-enabled after system reboot. If that is undesirable a different tally directory must be set with the dir option. It is usually undesirable to permanently lock out users as they can become easily a target of denial of service attack unless the usernames are random and kept secret to potential attackers. - - The maximum configurable value for unlock_time is 604800.
sca.check.rationale: Locking out user IDs after n unsuccessful consecutive login attempts mitigates brute force password attacks against your systems.
sca.check.remediation: Set password unlock time to conform to site policy. unlock_time should be 0 (never), or 900 seconds or greater. Edit /etc/security/faillock.conf and update or add the following line: unlock_time = 900 Run the following command: remove the unlock_time argument from the pam_faillock.so module in the PAM files: # grep -Pl -- '\bpam_faillock\.so\h+([^#\n\r]+\h+)?unlock_time\b' /usr/share/pam-configs/* Edit any returned files and remove the unlock_time=<N> argument from the pam_faillock.so line(s):.
sca.check.compliance.cis: 5.3.3.1.2
sca.check.compliance.cis_csc_v8: 6.2
sca.check.compliance.cis_csc_v7: 16.7
sca.check.compliance.cmmc_v2.0: AC.L1-3.1.1
sca.check.compliance.hipaa: 164.308(a)(3)(ii)(C)
sca.check.compliance.iso_27001-2013: A.9.2.6
sca.check.compliance.mitre_mitigations: M1027
sca.check.compliance.mitre_tactics: TA0006
sca.check.compliance.mitre_techniques: T1110,T1110.001,T1110.003
sca.check.compliance.nist_sp_800-53: AC-2(1)
sca.check.compliance.pci_dss_v3.2.1: 8.1.3
sca.check.compliance.pci_dss_v4.0: 8.2.4,8.2.5
sca.check.compliance.soc_2: CC6.2,CC6.3
sca.check.file: ["/etc/security/faillock.conf", "/etc/pam.d/common-auth"]
sca.check.result: passed

** Alert 1757863500.689622: - sca,gdpr_IV_35.7.d,pci_dss_2.2,nist_800_53_CM.1,tsc_CC7.1,tsc_CC7.2,
2025 Sep 14 17:25:00 student-virtual-machine->sca
Rule: 19008 (level 3) -> 'CIS Ubuntu Linux 22.04 LTS Benchmark v2.0.0.: Ensure password failed attempts lockout includes root account.'
{"type":"check","id":380680914,"policy":"CIS Ubuntu Linux 22.04 LTS Benchmark v2.0.0.","policy_id":"cis_ubuntu22-04","check":{"id":28724,"title":"Ensure password failed attempts lockout includes root account.","description":"even_deny_root - Root account can become locked as well as regular accounts root_unlock_time=n - This option implies even_deny_root option. Allow access after n seconds to root account after the account is locked. In case the option is not specified the value is the same as of the unlock_time option.","rationale":"Locking out user IDs after n unsuccessful consecutive login attempts mitigates brute force password attacks against your systems.","remediation":"Edit /etc/security/faillock.conf: - Remove or update any line containing root_unlock_time, - OR - set it to a value of 60 or more - Update or add the following line: even_deny_root Run the following command: # grep -Pl -- '\\bpam_faillock\\.so\\h+([^#\\n\\r]+\\h+)?(even_deny_root|root_unlock_time)' /usr/share/pam-configs/* Edit any returned files and remove the even_deny_root and root_unlock_time arguments from the pam_faillock.so line(s): Internal Only - General.","compliance":{"cis":"5.3.3.1.3","cis_csc_v8":"6.2","cis_csc_v7":"16.7","cmmc_v2.0":"AC.L1-3.1.1","hipaa":"164.308(a)(3)(ii)(C)","iso_27001-2013":"A.9.2.6","mitre_mitigations":"M1027","mitre_tactics":"TA0006","mitre_techniques":"T1110,T1110.001,T1110.003","nist_sp_800-53":"AC-2(1)","pci_dss_v3.2.1":"8.1.3","pci_dss_v4.0":"8.2.4,8.2.5","soc_2":"CC6.2,CC6.3"},"rules":["f:/etc/security/faillock.conf -> r:^\\s*\\t*even_deny_root","f:/etc/security/faillock.conf -> n:^\\s*\\t*root_unlock_time\\s*\\t*=\\s*\\t*(\\d+) compare >= 60","f:/etc/pam.d/common-auth -> !r:^# && r:pam_faillock.so && n:^\\s*\\t*root_unlock_time\\s*\\t*=\\s*\\t*(\\d+) compare >= 60","not f:/etc/pam.d/common-auth -> !r:^# && r:pam_faillock.so && r:^\\s*\\t*root_unlock_time\\s*\\t*="],"condition":"any","file":"/etc/security/faillock.conf,/etc/pam.d/common-auth","result":"passed"}}
sca.type: check
sca.scan_id: 380680914
sca.policy: CIS Ubuntu Linux 22.04 LTS Benchmark v2.0.0.
sca.check.id: 28724
sca.check.title: Ensure password failed attempts lockout includes root account.
sca.check.description: even_deny_root - Root account can become locked as well as regular accounts root_unlock_time=n - This option implies even_deny_root option. Allow access after n seconds to root account after the account is locked. In case the option is not specified the value is the same as of the unlock_time option.
sca.check.rationale: Locking out user IDs after n unsuccessful consecutive login attempts mitigates brute force password attacks against your systems.
sca.check.remediation: Edit /etc/security/faillock.conf: - Remove or update any line containing root_unlock_time, - OR - set it to a value of 60 or more - Update or add the following line: even_deny_root Run the following command: # grep -Pl -- '\bpam_faillock\.so\h+([^#\n\r]+\h+)?(even_deny_root|root_unlock_time)' /usr/share/pam-configs/* Edit any returned files and remove the even_deny_root and root_unlock_time arguments from the pam_faillock.so line(s): Internal Only - General.
sca.check.compliance.cis: 5.3.3.1.3
sca.check.compliance.cis_csc_v8: 6.2
sca.check.compliance.cis_csc_v7: 16.7
sca.check.compliance.cmmc_v2.0: AC.L1-3.1.1
sca.check.compliance.hipaa: 164.308(a)(3)(ii)(C)
sca.check.compliance.iso_27001-2013: A.9.2.6
sca.check.compliance.mitre_mitigations: M1027
sca.check.compliance.mitre_tactics: TA0006
sca.check.compliance.mitre_techniques: T1110,T1110.001,T1110.003
sca.check.compliance.nist_sp_800-53: AC-2(1)
sca.check.compliance.pci_dss_v3.2.1: 8.1.3
sca.check.compliance.pci_dss_v4.0: 8.2.4,8.2.5
sca.check.compliance.soc_2: CC6.2,CC6.3
sca.check.file: ["/etc/security/faillock.conf", "/etc/pam.d/common-auth"]
sca.check.result: passed

** Alert 1757863500.693754: - sca,gdpr_IV_35.7.d,pci_dss_2.2,nist_800_53_CM.1,tsc_CC7.1,tsc_CC7.2,
2025 Sep 14 17:25:00 student-virtual-machine->sca
Rule: 19008 (level 3) -> 'CIS Ubuntu Linux 22.04 LTS Benchmark v2.0.0.: Ensure password number of changed characters is configured.'
{"type":"check","id":380680914,"policy":"CIS Ubuntu Linux 22.04 LTS Benchmark v2.0.0.","policy_id":"cis_ubuntu22-04","check":{"id":28725,"title":"Ensure password number of changed characters is configured.","description":"The pwquality difok option sets the number of characters in a password that must not be present in the old password.","rationale":"Use of a complex password helps to increase the time and resources required to compromise the password. Password complexity, or strength, is a measure of the effectiveness of a password in resisting attempts at guessing and brute-force attacks. Password complexity is one factor of several that determines how long it takes to crack a password. The more complex the password, the greater the number of possible combinations that need to be tested before the password is compromised. Internal Only - General.","remediation":"Create or modify a file ending in .conf in the /etc/security/pwquality.conf.d/ directory or the file /etc/security/pwquality.conf and add or modify the following line to set difok to 2 or more. Ensure setting conforms to local site policy: Example: #!/usr/bin/env bash { sed -ri 's/^\\s*difok\\s*=/# &/' /etc/security/pwquality.conf [ ! -d /etc/security/pwquality.conf.d/ ] && mkdir /etc/security/pwquality.conf.d/ printf '\\n%s' \"difok = 2\" > /etc/security/pwquality.conf.d/50-pwdifok.conf } Run the following command: # grep -Pl -- '\\bpam_pwquality\\.so\\h+([^#\\n\\r]+\\h+)?difok\\b' /usr/share/pam- configs/* Edit any returned files and remove the difok argument from the pam_pwquality.so line(s):.","compliance":{"cis":"5.3.3.2.1","cis_csc_v8":"5.2","cis_csc_v7":"4.4","cmmc_v2.0":"IA.L2-3.5.7","iso_27001-2013":"A.9.4.3","mitre_mitigations":"M1027","mitre_tactics":"TA0006","mitre_techniques":"T1110,T1110.001,T1110.002,T1110.003,T1178.001,T1178.002,T1178.003,T1178.004","pci_dss_v4.0":"2.2.2,8.3.5,8.3.6,8.6.3","soc_2":"CC6.1"},"rules":["f:/etc/security/pwquality.conf -> n:^\\s*\\t*difok\\s*\\t*=\\s*\\t*(\\d+) compare >= 2","d:/etc/security/pwquality.conf.d -> r:\\.*.conf -> r:^\\s*\\t*difok && n:\\s*\\t*=\\s*\\t*(\\d+) compare >= 2","not f:/etc/pam.d/common-password -> r:pam_pwquality.so && r:difok\\s*\\t*=","f:/etc/pam.d/common-password -> r:pam_pwquality.so && n:^\\s*\\t*difok\\s*\\t*=\\s*\\t*(\\d+) compare >= 2","not f:/etc/pam.d/common-password -> r:pam_pwquality.so && r:^\\s*\\t*difok\\s*\\t*="],"condition":"any","file":"/etc/security/pwquality.conf,/etc/pam.d/common-password","directory":"/etc/security/pwquality.conf.d","result":"passed"}}
sca.type: check
sca.scan_id: 380680914
sca.policy: CIS Ubuntu Linux 22.04 LTS Benchmark v2.0.0.
sca.check.id: 28725
sca.check.title: Ensure password number of changed characters is configured.
sca.check.description: The pwquality difok option sets the number of characters in a password that must not be present in the old password.
sca.check.rationale: Use of a complex password helps to increase the time and resources required to compromise the password. Password complexity, or strength, is a measure of the effectiveness of a password in resisting attempts at guessing and brute-force attacks. Password complexity is one factor of several that determines how long it takes to crack a password. The more complex the password, the greater the number of possible combinations that need to be tested before the password is compromised. Internal Only - General.
sca.check.remediation: Create or modify a file ending in .conf in the /etc/security/pwquality.conf.d/ directory or the file /etc/security/pwquality.conf and add or modify the following line to set difok to 2 or more. Ensure setting conforms to local site policy: Example: #!/usr/bin/env bash { sed -ri 's/^\s*difok\s*=/# &/' /etc/security/pwquality.conf [ ! -d /etc/security/pwquality.conf.d/ ] && mkdir /etc/security/pwquality.conf.d/ printf '\n%s' "difok = 2" > /etc/security/pwquality.conf.d/50-pwdifok.conf } Run the following command: # grep -Pl -- '\bpam_pwquality\.so\h+([^#\n\r]+\h+)?difok\b' /usr/share/pam- configs/* Edit any returned files and remove the difok argument from the pam_pwquality.so line(s):.
sca.check.compliance.cis: 5.3.3.2.1
sca.check.compliance.cis_csc_v8: 5.2
sca.check.compliance.cis_csc_v7: 4.4
sca.check.compliance.cmmc_v2.0: IA.L2-3.5.7
sca.check.compliance.iso_27001-2013: A.9.4.3
sca.check.compliance.mitre_mitigations: M1027
sca.check.compliance.mitre_tactics: TA0006
sca.check.compliance.mitre_techniques: T1110,T1110.001,T1110.002,T1110.003,T1178.001,T1178.002,T1178.003,T1178.004
sca.check.compliance.pci_dss_v4.0: 2.2.2,8.3.5,8.3.6,8.6.3
sca.check.compliance.soc_2: CC6.1
sca.check.file: ["/etc/security/pwquality.conf", "/etc/pam.d/common-password"]
sca.check.directory: ["/etc/security/pwquality.conf.d"]
sca.check.result: passed

** Alert 1757863500.698818: - sca,gdpr_IV_35.7.d,pci_dss_2.2,nist_800_53_CM.1,tsc_CC7.1,tsc_CC7.2,
2025 Sep 14 17:25:00 student-virtual-machine->sca
Rule: 19008 (level 3) -> 'CIS Ubuntu Linux 22.04 LTS Benchmark v2.0.0.: Ensure minimum password length is configured.'
{"type":"check","id":380680914,"policy":"CIS Ubuntu Linux 22.04 LTS Benchmark v2.0.0.","policy_id":"cis_ubuntu22-04","check":{"id":28726,"title":"Ensure minimum password length is configured.","description":"The minimum password length setting determines the lowers number of characters that make up a password for a user account. There are many different theories about how to determine the best password length for an organization, but perhaps \"passphrase\" is a better term than \"password\". The minlen option sets the minimum acceptable size for the new password (plus one if credits are not disabled which is the default). Cannot be set to lower value than 6.","rationale":"Strong passwords help protect systems from password attacks. Types of password attacks include dictionary attacks, which attempt to use common words and phrases, and brute force attacks, which try every possible combination of characters. Also attackers may try to obtain the account database so they can use tools to discover the accounts and passwords.","remediation":"Create or modify a file ending in .conf in the /etc/security/pwquality.conf.d/ directory or the file /etc/security/pwquality.conf and add or modify the following line to set password length of 14 or more characters. Ensure that password length conforms to local site policy: Example: #!/usr/bin/env bash { sed -ri 's/^\\s*minlen\\s*=/# &/' /etc/security/pwquality.conf [ ! -d /etc/security/pwquality.conf.d/ ] && mkdir /etc/security/pwquality.conf.d/ printf '\\n%s' \"minlen = 14\" > /etc/security/pwquality.conf.d/50- pwlength.conf } Run the following command: # grep -Pl -- '\\bpam_pwquality\\.so\\h+([^#\\n\\r]+\\h+)?minlen\\b' /usr/share/pam- configs/* Edit any returned files and remove the minlen argument from the pam_pwquality.so line(s):.","compliance":{"cis":"5.3.3.2.2","cis_csc_v8":"5.2","cis_csc_v7":"4.4","cmmc_v2.0":"IA.L2-3.5.7","iso_27001-2013":"A.9.4.3","mitre_mitigations":"M1027","mitre_tactics":"TA0006","mitre_techniques":"T1110,T1110.001,T1110.002,T1110.003,T1178.001,T1178.002,T1178.003,T1178.004","pci_dss_v4.0":"2.2.2,8.3.5,8.3.6,8.6.3","soc_2":"CC6.1"},"rules":["f:/etc/security/pwquality.conf -> n:^\\s*\\t*minlen\\s*\\t*=\\s*\\t*(\\d+) compare >= 14","d:/etc/security/pwquality.conf.d -> r:\\.*.conf -> r:^\\s*\\t*minlen && n:\\s*\\t*=\\s*\\t*(\\d+) compare >= 14","f:/etc/pam.d/system-auth -> r:pam_pwquality.so && n:^\\s*\\t*minlen\\s*\\t*=\\s*\\t*(\\d+) compare >= 14","f:/etc/pam.d/common-password -> r:pam_pwquality.so && n:^\\s*\\t*minlen\\s*\\t*=\\s*\\t*(\\d+) compare >= 14","not f:/etc/pam.d/common-password -> r:pam_pwquality.so && r:^\\s*\\t*minlen\\s*\\t*="],"condition":"any","file":"/etc/security/pwquality.conf,/etc/pam.d/system-auth,/etc/pam.d/common-password","directory":"/etc/security/pwquality.conf.d","result":"passed"}}
sca.type: check
sca.scan_id: 380680914
sca.policy: CIS Ubuntu Linux 22.04 LTS Benchmark v2.0.0.
sca.check.id: 28726
sca.check.title: Ensure minimum password length is configured.
sca.check.description: The minimum password length setting determines the lowers number of characters that make up a password for a user account. There are many different theories about how to determine the best password length for an organization, but perhaps "passphrase" is a better term than "password". The minlen option sets the minimum acceptable size for the new password (plus one if credits are not disabled which is the default). Cannot be set to lower value than 6.
sca.check.rationale: Strong passwords help protect systems from password attacks. Types of password attacks include dictionary attacks, which attempt to use common words and phrases, and brute force attacks, which try every possible combination of characters. Also attackers may try to obtain the account database so they can use tools to discover the accounts and passwords.
sca.check.remediation: Create or modify a file ending in .conf in the /etc/security/pwquality.conf.d/ directory or the file /etc/security/pwquality.conf and add or modify the following line to set password length of 14 or more characters. Ensure that password length conforms to local site policy: Example: #!/usr/bin/env bash { sed -ri 's/^\s*minlen\s*=/# &/' /etc/security/pwquality.conf [ ! -d /etc/security/pwquality.conf.d/ ] && mkdir /etc/security/pwquality.conf.d/ printf '\n%s' "minlen = 14" > /etc/security/pwquality.conf.d/50- pwlength.conf } Run the following command: # grep -Pl -- '\bpam_pwquality\.so\h+([^#\n\r]+\h+)?minlen\b' /usr/share/pam- configs/* Edit any returned files and remove the minlen argument from the pam_pwquality.so line(s):.
sca.check.compliance.cis: 5.3.3.2.2
sca.check.compliance.cis_csc_v8: 5.2
sca.check.compliance.cis_csc_v7: 4.4
sca.check.compliance.cmmc_v2.0: IA.L2-3.5.7
sca.check.compliance.iso_27001-2013: A.9.4.3
sca.check.compliance.mitre_mitigations: M1027
sca.check.compliance.mitre_tactics: TA0006
sca.check.compliance.mitre_techniques: T1110,T1110.001,T1110.002,T1110.003,T1178.001,T1178.002,T1178.003,T1178.004
sca.check.compliance.pci_dss_v4.0: 2.2.2,8.3.5,8.3.6,8.6.3
sca.check.compliance.soc_2: CC6.1
sca.check.file: ["/etc/security/pwquality.conf", "/etc/pam.d/system-auth", "/etc/pam.d/common-password"]
sca.check.directory: ["/etc/security/pwquality.conf.d"]
sca.check.result: passed

** Alert 1757863500.704384: - sca,gdpr_IV_35.7.d,pci_dss_2.2,nist_800_53_CM.1,tsc_CC7.1,tsc_CC7.2,
2025 Sep 14 17:25:00 student-virtual-machine->sca
Rule: 19009 (level 3) -> 'CIS Ubuntu Linux 22.04 LTS Benchmark v2.0.0.: Ensure password complexity is configured.'
{"type":"check","id":380680914,"policy":"CIS Ubuntu Linux 22.04 LTS Benchmark v2.0.0.","policy_id":"cis_ubuntu22-04","check":{"id":28727,"title":"Ensure password complexity is configured.","description":"Password complexity can be set through: - minclass - The minimum number of classes of characters required in a new password. (digits, uppercase, lowercase, others). e.g. minclass = 4 requires digits, uppercase, lower case, and special characters. - dcredit - The maximum credit for having digits in the new password. If less than 0 it is the minimum number of digits in the new password. e.g. dcredit = -1 requires at least one digit - ucredit - The maximum credit for having uppercase characters in the new password. If less than 0 it is the minimum number of uppercase characters in the new password. e.g. ucredit = -1 requires at least one uppercase character - ocredit - The maximum credit for having other characters in the new password. If less than 0 it is the minimum number of other characters in the new password. e.g. ocredit = -1 requires at least one special character - lcredit - The maximum credit for having lowercase characters in the new password. If less than 0 it is the minimum number of lowercase characters in the new password. e.g. lcredit = -1 requires at least one lowercase character.","rationale":"Strong passwords protect systems from being hacked through brute force methods. Requiring at least one non-alphabetic character increases the search space beyond pure dictionary words, which makes the resulting password harder to crack. Forcing users to choose an excessively complex password, e.g. some combination of upper-case, lower-case, numbers, and special characters, has a negative impact. It places an extra burden on users and many will use predictable patterns (for example, a capital letter in the first position, followed by lowercase letters, then one or two numbers, and a \"special character\" at the end). Attackers know this, so dictionary attacks will often contain these common patterns and use the most common substitutions like, $ for s, @ for a, 1 for l, 0 for o.","remediation":"Run the following command: # grep -Pl -- '\\bpam_pwquality\\.so\\h+([^#\\n\\r]+\\h+)?(minclass|[dulo]credit)\\b' /usr/share/pam-configs/* Edit any returned files and remove the minclass, dcredit, ucredit, lcredit, and ocredit arguments from the pam_pwquality.so line(s) Create or modify a file ending in .conf in the /etc/security/pwquality.conf.d/ directory or the file /etc/security/pwquality.conf and add or modify the following line(s) to set complexity according to local site policy: - minclass = _N_ - dcredit = _N_ # Value should be either 0 or a number proceeded by a minus (-) symbol - ucredit = -1 # Value should be either 0 or a number proceeded by a minus (-) symbol - ocredit = -1 # Value should be either 0 or a number proceeded by a minus (-) symbol - lcredit = -1 # Value should be either 0 or a number proceeded by a minus (-) symbol Example 1 - Set minclass = 3: #!/usr/bin/env bash { sed -ri 's/^\\s*minclass\\s*=/# &/' /etc/security/pwquality.conf sed -ri 's/^\\s*[dulo]credit\\s*=/# &/' /etc/security/pwquality.conf [ ! -d /etc/security/pwquality.conf.d/ ] && mkdir /etc/security/pwquality.conf.d/ printf '\\n%s' \"minclass = 3\" > /etc/security/pwquality.conf.d/50- pwcomplexity.conf } Example 2 - set dcredit = -1, ucredit = -1, and lcredit = -1: #!/usr/bin/env bash { sed -ri 's/^\\s*minclass\\s*=/# &/' /etc/security/pwquality.conf sed -ri 's/^\\s*[dulo]credit\\s*=/# &/' /etc/security/pwquality.conf [ ! -d /etc/security/pwquality.conf.d/ ] && mkdir /etc/security/pwquality.conf.d/ printf '%s\\n' \"dcredit = -1\" \"ucredit = -1\" \"lcredit = -1\" > /etc/security/pwquality.conf.d/50-pwcomplexity.conf } Internal Only - General.","compliance":{"cis":"5.3.3.2.3","cis_csc_v8":"5.2","cis_csc_v7":"4.4","cmmc_v2.0":"IA.L2-3.5.7","iso_27001-2013":"A.9.4.3","mitre_mitigations":"M1027","mitre_tactics":"TA0006","mitre_techniques":"T1110,T1110.001,T1110.002,T1110.003,T1178.001,T1178.002,T1178.003,T1178.004","pci_dss_v4.0":"2.2.2,8.3.5,8.3.6,8.6.3","soc_2":"CC6.1"},"rules":["d:/etc/security/","not d:/etc/security/pwquality.conf.d -> r:\\.*.conf -> !r:^# && r:^\\s*\\t*ucredit && n:\\s*\\t*=\\s*\\t*(\\d+) compare > 0","not d:/etc/security/pwquality.conf.d -> r:\\.*.conf -> !r:^# && r:^\\s*\\t*lcredit && n:\\s*\\t*=\\s*\\t*(\\d+) compare > 0","not d:/etc/security/pwquality.conf.d -> r:\\.*.conf -> !r:^# && r:^\\s*\\t*dcredit && n:\\s*\\t*=\\s*\\t*(\\d+) compare > 0","not d:/etc/security/pwquality.conf.d -> r:\\.*.conf -> !r:^# && r:^\\s*\\t*ocredit && n:\\s*\\t*=\\s*\\t*(\\d+) compare > 0","not d:/etc/security/pwquality.conf.d -> r:\\.*.conf -> !r:^# && r:^\\s*\\t*ucredit && n:\\s*\\t*=\\s*\\t*(\\d+) compare > 0"],"condition":"all","references":"https://www.cisecurity.org/insights/white-papers/cis-password-policy-guide","directory":"/etc/security/,/etc/security/pwquality.conf.d","status":"Not applicable","reason":"Could not open dir '/etc/security/pwquality.conf.d'"}}
sca.type: check
sca.scan_id: 380680914
sca.policy: CIS Ubuntu Linux 22.04 LTS Benchmark v2.0.0.
sca.check.id: 28727
sca.check.title: Ensure password complexity is configured.
sca.check.description: Password complexity can be set through: - minclass - The minimum number of classes of characters required in a new password. (digits, uppercase, lowercase, others). e.g. minclass = 4 requires digits, uppercase, lower case, and special characters. - dcredit - The maximum credit for having digits in the new password. If less than 0 it is the minimum number of digits in the new password. e.g. dcredit = -1 requires at least one digit - ucredit - The maximum credit for having uppercase characters in the new password. If less than 0 it is the minimum number of uppercase characters in the new password. e.g. ucredit = -1 requires at least one uppercase character - ocredit - The maximum credit for having other characters in the new password. If less than 0 it is the minimum number of other characters in the new password. e.g. ocredit = -1 requires at least one special character - lcredit - The maximum credit for having lowercase characters in the new password. If less than 0 it is the minimum number of lowercase characters in the new password. e.g. lcredit = -1 requires at least one lowercase character.
sca.check.rationale: Strong passwords protect systems from being hacked through brute force methods. Requiring at least one non-alphabetic character increases the search space beyond pure dictionary words, which makes the resulting password harder to crack. Forcing users to choose an excessively complex password, e.g. some combination of upper-case, lower-case, numbers, and special characters, has a negative impact. It places an extra burden on users and many will use predictable patterns (for example, a capital letter in the first position, followed by lowercase letters, then one or two numbers, and a "special character" at the end). Attackers know this, so dictionary attacks will often contain these common patterns and use the most common substitutions like, $ for s, @ for a, 1 for l, 0 for o.
sca.check.remediation: Run the following command: # grep -Pl -- '\bpam_pwquality\.so\h+([^#\n\r]+\h+)?(minclass|[dulo]credit)\b' /usr/share/pam-configs/* Edit any returned files and remove the minclass, dcredit, ucredit, lcredit, and ocredit arguments from the pam_pwquality.so line(s) Create or modify a file ending in .conf in the /etc/security/pwquality.conf.d/ directory or the file /etc/security/pwquality.conf and add or modify the following line(s) to set complexity according to local site policy: - minclass = _N_ - dcredit = _N_ # Value should be either 0 or a number proceeded by a minus (-) symbol - ucredit = -1 # Value should be either 0 or a number proceeded by a minus (-) symbol - ocredit = -1 # Value should be either 0 or a number proceeded by a minus (-) symbol - lcredit = -1 # Value should be either 0 or a number proceeded by a minus (-) symbol Example 1 - Set minclass = 3: #!/usr/bin/env bash { sed -ri 's/^\s*minclass\s*=/# &/' /etc/security/pwquality.conf sed -ri 's/^\s*[dulo]credit\s*=/# &/' /etc/security/pwquality.conf [ ! -d /etc/security/pwquality.conf.d/ ] && mkdir /etc/security/pwquality.conf.d/ printf '\n%s' "minclass = 3" > /etc/security/pwquality.conf.d/50- pwcomplexity.conf } Example 2 - set dcredit = -1, ucredit = -1, and lcredit = -1: #!/usr/bin/env bash { sed -ri 's/^\s*minclass\s*=/# &/' /etc/security/pwquality.conf sed -ri 's/^\s*[dulo]credit\s*=/# &/' /etc/security/pwquality.conf [ ! -d /etc/security/pwquality.conf.d/ ] && mkdir /etc/security/pwquality.conf.d/ printf '%s\n' "dcredit = -1" "ucredit = -1" "lcredit = -1" > /etc/security/pwquality.conf.d/50-pwcomplexity.conf } Internal Only - General.
sca.check.compliance.cis: 5.3.3.2.3
sca.check.compliance.cis_csc_v8: 5.2
sca.check.compliance.cis_csc_v7: 4.4
sca.check.compliance.cmmc_v2.0: IA.L2-3.5.7
sca.check.compliance.iso_27001-2013: A.9.4.3
sca.check.compliance.mitre_mitigations: M1027
sca.check.compliance.mitre_tactics: TA0006
sca.check.compliance.mitre_techniques: T1110,T1110.001,T1110.002,T1110.003,T1178.001,T1178.002,T1178.003,T1178.004
sca.check.compliance.pci_dss_v4.0: 2.2.2,8.3.5,8.3.6,8.6.3
sca.check.compliance.soc_2: CC6.1
sca.check.references: https://www.cisecurity.org/insights/white-papers/cis-password-policy-guide
sca.check.directory: ["/etc/security/", "/etc/security/pwquality.conf.d"]
sca.check.result: not applicable
sca.check.reason: Could not open dir '/etc/security/pwquality.conf.d'

** Alert 1757863500.714230: - sca,gdpr_IV_35.7.d,pci_dss_2.2,nist_800_53_CM.1,tsc_CC7.1,tsc_CC7.2,
2025 Sep 14 17:25:00 student-virtual-machine->sca
Rule: 19009 (level 3) -> 'CIS Ubuntu Linux 22.04 LTS Benchmark v2.0.0.: Ensure password same consecutive characters is configured.'
{"type":"check","id":380680914,"policy":"CIS Ubuntu Linux 22.04 LTS Benchmark v2.0.0.","policy_id":"cis_ubuntu22-04","check":{"id":28728,"title":"Ensure password same consecutive characters is configured.","description":"The pwquality maxrepeat option sets the maximum number of allowed same consecutive characters in a new password.","rationale":"Use of a complex password helps to increase the time and resources required to compromise the password. Password complexity, or strength, is a measure of the effectiveness of a password in resisting attempts at guessing and brute-force attacks. Password complexity is one factor of several that determines how long it takes to crack a password. The more complex the password, the greater the number of possible combinations that need to be tested before the password is compromised. Internal Only - General.","remediation":"Create or modify a file ending in .conf in the /etc/security/pwquality.conf.d/ directory or the file /etc/security/pwquality.conf and add or modify the following line to set maxrepeat to 3 or less and not 0. Ensure setting conforms to local site policy: Example: #!/usr/bin/env bash { sed -ri 's/^\\s*maxrepeat\\s*=/# &/' /etc/security/pwquality.conf [ ! -d /etc/security/pwquality.conf.d/ ] && mkdir /etc/security/pwquality.conf.d/ printf '\\n%s' \"maxrepeat = 3\" > /etc/security/pwquality.conf.d/50- pwrepeat.conf } Run the following command: # grep -Pl -- '\\bpam_pwquality\\.so\\h+([^#\\n\\r]+\\h+)?maxrepeat\\b' /usr/share/pam-configs/* Edit any returned files and remove the maxrepeat argument from the pam_pwquality.so line(s):.","compliance":{"cis":"5.3.3.2.4","cis_csc_v8":"5.2","cis_csc_v7":"4.4","cmmc_v2.0":"IA.L2-3.5.7","iso_27001-2013":"A.9.4.3","mitre_mitigations":"M1027","mitre_tactics":"TA0006","mitre_techniques":"T1110,T1110.001,T1110.002,T1110.003,T1178.001,T1178.002,T1178.003,T1178.004","pci_dss_v4.0":"2.2.2,8.3.5,8.3.6,8.6.3","soc_2":"CC6.1"},"rules":["d:/etc/security/","d:/etc/security/pwquality.conf.d -> r:\\.*.conf -> !r:^# && r:^\\s*\\t*maxrepeat && n:\\s*\\t*=\\s*\\t*(\\d+) compare <= 3","d:/etc/security/pwquality.conf.d -> r:\\.*.conf -> !r:^# && r:^\\s*\\t*maxrepeat && n:\\s*\\t*=\\s*\\t*(\\d+) compare != 0","not f:/etc/pam.d/common-password -> !r:^# && r:^\\s*\\t*maxrepeat"],"condition":"all","file":"/etc/pam.d/common-password","directory":"/etc/security/,/etc/security/pwquality.conf.d","status":"Not applicable","reason":"Could not open dir '/etc/security/pwquality.conf.d'"}}
sca.type: check
sca.scan_id: 380680914
sca.policy: CIS Ubuntu Linux 22.04 LTS Benchmark v2.0.0.
sca.check.id: 28728
sca.check.title: Ensure password same consecutive characters is configured.
sca.check.description: The pwquality maxrepeat option sets the maximum number of allowed same consecutive characters in a new password.
sca.check.rationale: Use of a complex password helps to increase the time and resources required to compromise the password. Password complexity, or strength, is a measure of the effectiveness of a password in resisting attempts at guessing and brute-force attacks. Password complexity is one factor of several that determines how long it takes to crack a password. The more complex the password, the greater the number of possible combinations that need to be tested before the password is compromised. Internal Only - General.
sca.check.remediation: Create or modify a file ending in .conf in the /etc/security/pwquality.conf.d/ directory or the file /etc/security/pwquality.conf and add or modify the following line to set maxrepeat to 3 or less and not 0. Ensure setting conforms to local site policy: Example: #!/usr/bin/env bash { sed -ri 's/^\s*maxrepeat\s*=/# &/' /etc/security/pwquality.conf [ ! -d /etc/security/pwquality.conf.d/ ] && mkdir /etc/security/pwquality.conf.d/ printf '\n%s' "maxrepeat = 3" > /etc/security/pwquality.conf.d/50- pwrepeat.conf } Run the following command: # grep -Pl -- '\bpam_pwquality\.so\h+([^#\n\r]+\h+)?maxrepeat\b' /usr/share/pam-configs/* Edit any returned files and remove the maxrepeat argument from the pam_pwquality.so line(s):.
sca.check.compliance.cis: 5.3.3.2.4
sca.check.compliance.cis_csc_v8: 5.2
sca.check.compliance.cis_csc_v7: 4.4
sca.check.compliance.cmmc_v2.0: IA.L2-3.5.7
sca.check.compliance.iso_27001-2013: A.9.4.3
sca.check.compliance.mitre_mitigations: M1027
sca.check.compliance.mitre_tactics: TA0006
sca.check.compliance.mitre_techniques: T1110,T1110.001,T1110.002,T1110.003,T1178.001,T1178.002,T1178.003,T1178.004
sca.check.compliance.pci_dss_v4.0: 2.2.2,8.3.5,8.3.6,8.6.3
sca.check.compliance.soc_2: CC6.1
sca.check.file: ["/etc/pam.d/common-password"]
sca.check.directory: ["/etc/security/", "/etc/security/pwquality.conf.d"]
sca.check.result: not applicable
sca.check.reason: Could not open dir '/etc/security/pwquality.conf.d'

** Alert 1757863500.719330: - sca,gdpr_IV_35.7.d,pci_dss_2.2,nist_800_53_CM.1,tsc_CC7.1,tsc_CC7.2,
2025 Sep 14 17:25:00 student-virtual-machine->sca
Rule: 19009 (level 3) -> 'CIS Ubuntu Linux 22.04 LTS Benchmark v2.0.0.: Ensure password maximum sequential characters is configured.'
{"type":"check","id":380680914,"policy":"CIS Ubuntu Linux 22.04 LTS Benchmark v2.0.0.","policy_id":"cis_ubuntu22-04","check":{"id":28729,"title":"Ensure password maximum sequential characters is configured.","description":"The pwquality maxsequence option sets the maximum length of monotonic character sequences in the new password. Examples of such sequence are 12345 or fedcb. The check is disabled if the value is 0. Note: Most such passwords will not pass the simplicity check unless the sequence is only a minor part of the password.","rationale":"Use of a complex password helps to increase the time and resources required to compromise the password. Password complexity, or strength, is a measure of the effectiveness of a password in resisting attempts at guessing and brute-force attacks. Password complexity is one factor of several that determines how long it takes to crack a password. The more complex the password, the greater the number of possible combinations that need to be tested before the password is compromised. Internal Only - General.","remediation":"Create or modify a file ending in .conf in the /etc/security/pwquality.conf.d/ directory or the file /etc/security/pwquality.conf and add or modify the following line to set maxsequence to 3 or less and not 0. Ensure setting conforms to local site policy: Example: #!/usr/bin/env bash { sed -ri 's/^\\s*maxsequence\\s*=/# &/' /etc/security/pwquality.conf [ ! -d /etc/security/pwquality.conf.d/ ] && mkdir /etc/security/pwquality.conf.d/ printf '\\n%s' \"maxsequence = 3\" > /etc/security/pwquality.conf.d/50- pwmaxsequence.conf } Run the following command: # grep -Pl -- '\\bpam_pwquality\\.so\\h+([^#\\n\\r]+\\h+)?maxsequence\\b' /usr/share/pam-configs/* Edit any returned files and remove the maxsequence argument from the pam_pwquality.so line(s):.","compliance":{"cis":"5.3.3.2.5","cis_csc_v8":"5.2","cis_csc_v7":"4.4","cmmc_v2.0":"IA.L2-3.5.7","iso_27001-2013":"A.9.4.3","mitre_mitigations":"M1027","mitre_tactics":"TA0006","mitre_techniques":"T1110,T1110.001,T1110.002,T1110.003,T1178.001,T1178.002,T1178.003,T1178.004","pci_dss_v4.0":"2.2.2,8.3.5,8.3.6,8.6.3","soc_2":"CC6.1"},"rules":["d:/etc/security/","d:/etc/security/pwquality.conf.d -> r:\\.*.conf -> !r:^# && r:^\\s*\\t*maxsequence && n:\\s*\\t*=\\s*\\t*(\\d+) compare <= 3","d:/etc/security/pwquality.conf.d -> r:\\.*.conf -> !r:^# && r:^\\s*\\t*maxsequence && n:\\s*\\t*=\\s*\\t*(\\d+) compare != 0","not f:/etc/pam.d/common-password -> !r:^# && r:^\\s*\\t*maxsequence"],"condition":"all","file":"/etc/pam.d/common-password","directory":"/etc/security/,/etc/security/pwquality.conf.d","status":"Not applicable","reason":"Could not open dir '/etc/security/pwquality.conf.d'"}}
sca.type: check
sca.scan_id: 380680914
sca.policy: CIS Ubuntu Linux 22.04 LTS Benchmark v2.0.0.
sca.check.id: 28729
sca.check.title: Ensure password maximum sequential characters is configured.
sca.check.description: The pwquality maxsequence option sets the maximum length of monotonic character sequences in the new password. Examples of such sequence are 12345 or fedcb. The check is disabled if the value is 0. Note: Most such passwords will not pass the simplicity check unless the sequence is only a minor part of the password.
sca.check.rationale: Use of a complex password helps to increase the time and resources required to compromise the password. Password complexity, or strength, is a measure of the effectiveness of a password in resisting attempts at guessing and brute-force attacks. Password complexity is one factor of several that determines how long it takes to crack a password. The more complex the password, the greater the number of possible combinations that need to be tested before the password is compromised. Internal Only - General.
sca.check.remediation: Create or modify a file ending in .conf in the /etc/security/pwquality.conf.d/ directory or the file /etc/security/pwquality.conf and add or modify the following line to set maxsequence to 3 or less and not 0. Ensure setting conforms to local site policy: Example: #!/usr/bin/env bash { sed -ri 's/^\s*maxsequence\s*=/# &/' /etc/security/pwquality.conf [ ! -d /etc/security/pwquality.conf.d/ ] && mkdir /etc/security/pwquality.conf.d/ printf '\n%s' "maxsequence = 3" > /etc/security/pwquality.conf.d/50- pwmaxsequence.conf } Run the following command: # grep -Pl -- '\bpam_pwquality\.so\h+([^#\n\r]+\h+)?maxsequence\b' /usr/share/pam-configs/* Edit any returned files and remove the maxsequence argument from the pam_pwquality.so line(s):.
sca.check.compliance.cis: 5.3.3.2.5
sca.check.compliance.cis_csc_v8: 5.2
sca.check.compliance.cis_csc_v7: 4.4
sca.check.compliance.cmmc_v2.0: IA.L2-3.5.7
sca.check.compliance.iso_27001-2013: A.9.4.3
sca.check.compliance.mitre_mitigations: M1027
sca.check.compliance.mitre_tactics: TA0006
sca.check.compliance.mitre_techniques: T1110,T1110.001,T1110.002,T1110.003,T1178.001,T1178.002,T1178.003,T1178.004
sca.check.compliance.pci_dss_v4.0: 2.2.2,8.3.5,8.3.6,8.6.3
sca.check.compliance.soc_2: CC6.1
sca.check.file: ["/etc/pam.d/common-password"]
sca.check.directory: ["/etc/security/", "/etc/security/pwquality.conf.d"]
sca.check.result: not applicable
sca.check.reason: Could not open dir '/etc/security/pwquality.conf.d'

** Alert 1757863500.724880: - sca,gdpr_IV_35.7.d,pci_dss_2.2,nist_800_53_CM.1,tsc_CC7.1,tsc_CC7.2,
2025 Sep 14 17:25:00 student-virtual-machine->sca
Rule: 19007 (level 7) -> 'CIS Ubuntu Linux 22.04 LTS Benchmark v2.0.0.: Ensure password dictionary check is enabled.'
{"type":"check","id":380680914,"policy":"CIS Ubuntu Linux 22.04 LTS Benchmark v2.0.0.","policy_id":"cis_ubuntu22-04","check":{"id":28730,"title":"Ensure password dictionary check is enabled.","description":"The pwquality dictcheck option sets whether to check for the words from the cracklib dictionary.","rationale":"If the operating system allows the user to select passwords based on dictionary words, this increases the chances of password compromise by increasing the opportunity for successful guesses, and brute-force attacks. Internal Only - General.","remediation":"Edit any file ending in .conf in the /etc/security/pwquality.conf.d/ directory and/or the file /etc/security/pwquality.conf and comment out or remove any instance of dictcheck = 0: Example: # sed -ri 's/^\\s*dictcheck\\s*=/# &/' /etc/security/pwquality.conf /etc/security/pwquality.conf.d/*.conf Run the following command: # grep -Pl -- '\\bpam_pwquality\\.so\\h+([^#\\n\\r]+\\h+)?dictcheck\\b' /usr/share/pam-configs/* Edit any returned files and remove the dictcheck argument from the pam_pwquality.so line(s) Internal Only - General.","compliance":{"cis":"5.3.3.2.6","cis_csc_v8":"5.2","cis_csc_v7":"4.4","cmmc_v2.0":"IA.L2-3.5.7","iso_27001-2013":"A.9.4.3","mitre_mitigations":"M1027","mitre_tactics":"TA0006","mitre_techniques":"T1110,T1110.001,T1110.002,T1110.003,T1178.001,T1178.002,T1178.003,T1178.004","pci_dss_v4.0":"2.2.2,8.3.5,8.3.6,8.6.3","soc_2":"CC6.1"},"rules":["d:/etc/security/pwquality.conf.d -> r:\\.*.conf -> !r:^# && r:^\\s*\\t*dictcheck && n:\\s*\\t*=\\s*\\t*(\\d+) compare != 0","f:/etc/pam.d/common-password -> !r:^# && r:^\\s*\\t*dictcheck && n:\\s*\\t*=\\s*\\t*(\\d+) compare != 0"],"condition":"all","file":"/etc/pam.d/common-password","directory":"/etc/security/pwquality.conf.d","result":"failed"}}
sca.type: check
sca.scan_id: 380680914
sca.policy: CIS Ubuntu Linux 22.04 LTS Benchmark v2.0.0.
sca.check.id: 28730
sca.check.title: Ensure password dictionary check is enabled.
sca.check.description: The pwquality dictcheck option sets whether to check for the words from the cracklib dictionary.
sca.check.rationale: If the operating system allows the user to select passwords based on dictionary words, this increases the chances of password compromise by increasing the opportunity for successful guesses, and brute-force attacks. Internal Only - General.
sca.check.remediation: Edit any file ending in .conf in the /etc/security/pwquality.conf.d/ directory and/or the file /etc/security/pwquality.conf and comment out or remove any instance of dictcheck = 0: Example: # sed -ri 's/^\s*dictcheck\s*=/# &/' /etc/security/pwquality.conf /etc/security/pwquality.conf.d/*.conf Run the following command: # grep -Pl -- '\bpam_pwquality\.so\h+([^#\n\r]+\h+)?dictcheck\b' /usr/share/pam-configs/* Edit any returned files and remove the dictcheck argument from the pam_pwquality.so line(s) Internal Only - General.
sca.check.compliance.cis: 5.3.3.2.6
sca.check.compliance.cis_csc_v8: 5.2
sca.check.compliance.cis_csc_v7: 4.4
sca.check.compliance.cmmc_v2.0: IA.L2-3.5.7
sca.check.compliance.iso_27001-2013: A.9.4.3
sca.check.compliance.mitre_mitigations: M1027
sca.check.compliance.mitre_tactics: TA0006
sca.check.compliance.mitre_techniques: T1110,T1110.001,T1110.002,T1110.003,T1178.001,T1178.002,T1178.003,T1178.004
sca.check.compliance.pci_dss_v4.0: 2.2.2,8.3.5,8.3.6,8.6.3
sca.check.compliance.soc_2: CC6.1
sca.check.file: ["/etc/pam.d/common-password"]
sca.check.directory: ["/etc/security/pwquality.conf.d"]
sca.check.result: failed

** Alert 1757863500.728687: - sca,gdpr_IV_35.7.d,pci_dss_2.2,nist_800_53_CM.1,tsc_CC7.1,tsc_CC7.2,
2025 Sep 14 17:25:00 student-virtual-machine->sca
Rule: 19007 (level 7) -> 'CIS Ubuntu Linux 22.04 LTS Benchmark v2.0.0.: Ensure password quality checking is enforced.'
{"type":"check","id":380680914,"policy":"CIS Ubuntu Linux 22.04 LTS Benchmark v2.0.0.","policy_id":"cis_ubuntu22-04","check":{"id":28731,"title":"Ensure password quality checking is enforced.","description":"The pam_pwquality module can be configured to either reject a password if it fails the checks, or only print a warning. This is configured by setting the enforcing=<N> argument. If nonzero, a password will be rejected if it fails the checks, otherwise only a warning message will be provided. This setting applies only to the pam_pwquality module and possibly other applications that explicitly change their behavior based on it. It does not affect pwmake(1) and pwscore(1).","rationale":"Strong passwords help protect systems from password attacks. Types of password attacks include dictionary attacks, which attempt to use common words and phrases, and brute force attacks, which try every possible combination of characters. Also attackers may try to obtain the account database so they can use tools to discover the accounts and passwords.","remediation":"Run the following command: # grep -Pl -- '\\bpam_pwquality\\.so\\h+([^#\\n\\r]+\\h+)?enforcing=0\\b' /usr/share/pam-configs/* Edit any returned files and remove the enforcing=0 argument from the pam_pwquality.so line(s) Edit /etc/security/pwquality.conf and all files ending in .conf in the /etc/security/pwquality.conf.d/ directory and remove or comment out any line containing the enforcing = 0 argument: Example: # sed -ri 's/^\\s*enforcing\\s*=\\s*0/# &/' /etc/security/pwquality.conf /etc/security/pwquality.conf.d/*.conf.","compliance":{"cis":"5.3.3.2.7","cis_csc_v8":"5.2","cis_csc_v7":"4.4","cmmc_v2.0":"IA.L2-3.5.7","iso_27001-2013":"A.9.4.3","pci_dss_v4.0":"2.2.2,8.3.5,8.3.6,8.6.3","soc_2":"CC6.1"},"rules":["d:/etc/security/pwquality.conf.d -> r:\\.*.conf -> !r:^# && r:^\\s*\\t*enforcing && n:\\s*\\t*=\\s*\\t*(\\d+) compare != 0","f:/etc/pam.d/common-password -> !r:^# && r:^\\s*\\t*enforcing && n:\\s*\\t*=\\s*\\t*(\\d+) compare != 0"],"condition":"all","file":"/etc/pam.d/common-password","directory":"/etc/security/pwquality.conf.d","result":"failed"}}
sca.type: check
sca.scan_id: 380680914
sca.policy: CIS Ubuntu Linux 22.04 LTS Benchmark v2.0.0.
sca.check.id: 28731
sca.check.title: Ensure password quality checking is enforced.
sca.check.description: The pam_pwquality module can be configured to either reject a password if it fails the checks, or only print a warning. This is configured by setting the enforcing=<N> argument. If nonzero, a password will be rejected if it fails the checks, otherwise only a warning message will be provided. This setting applies only to the pam_pwquality module and possibly other applications that explicitly change their behavior based on it. It does not affect pwmake(1) and pwscore(1).
sca.check.rationale: Strong passwords help protect systems from password attacks. Types of password attacks include dictionary attacks, which attempt to use common words and phrases, and brute force attacks, which try every possible combination of characters. Also attackers may try to obtain the account database so they can use tools to discover the accounts and passwords.
sca.check.remediation: Run the following command: # grep -Pl -- '\bpam_pwquality\.so\h+([^#\n\r]+\h+)?enforcing=0\b' /usr/share/pam-configs/* Edit any returned files and remove the enforcing=0 argument from the pam_pwquality.so line(s) Edit /etc/security/pwquality.conf and all files ending in .conf in the /etc/security/pwquality.conf.d/ directory and remove or comment out any line containing the enforcing = 0 argument: Example: # sed -ri 's/^\s*enforcing\s*=\s*0/# &/' /etc/security/pwquality.conf /etc/security/pwquality.conf.d/*.conf.
sca.check.compliance.cis: 5.3.3.2.7
sca.check.compliance.cis_csc_v8: 5.2
sca.check.compliance.cis_csc_v7: 4.4
sca.check.compliance.cmmc_v2.0: IA.L2-3.5.7
sca.check.compliance.iso_27001-2013: A.9.4.3
sca.check.compliance.pci_dss_v4.0: 2.2.2,8.3.5,8.3.6,8.6.3
sca.check.compliance.soc_2: CC6.1
sca.check.file: ["/etc/pam.d/common-password"]
sca.check.directory: ["/etc/security/pwquality.conf.d"]
sca.check.result: failed

** Alert 1757863500.733108: - sca,gdpr_IV_35.7.d,pci_dss_2.2,nist_800_53_CM.1,tsc_CC7.1,tsc_CC7.2,
2025 Sep 14 17:25:00 student-virtual-machine->sca
Rule: 19009 (level 3) -> 'CIS Ubuntu Linux 22.04 LTS Benchmark v2.0.0.: Ensure password quality is enforced for the root user.'
{"type":"check","id":380680914,"policy":"CIS Ubuntu Linux 22.04 LTS Benchmark v2.0.0.","policy_id":"cis_ubuntu22-04","check":{"id":28732,"title":"Ensure password quality is enforced for the root user.","description":"If the pwquality enforce_for_root option is enabled, the module will return error on failed check even if the user changing the password is root. This option is off by default which means that just the message about the failed check is printed but root can change the password anyway. Note: The root is not asked for an old password so the checks that compare the old and new password are not performed.","rationale":"Use of a complex password helps to increase the time and resources required to compromise the password. Password complexity, or strength, is a measure of the effectiveness of a password in resisting attempts at guessing and brute-force attacks. Password complexity is one factor of several that determines how long it takes to crack a password. The more complex the password, the greater the number of possible combinations that need to be tested before the password is compromised. Internal Only - General.","remediation":"Edit or add the following line in a *.conf file in /etc/security/pwquality.conf.d or in /etc/security/pwquality.conf: Example: #!/urs/bin/env bash { [ ! -d /etc/security/pwquality.conf.d/ ] && mkdir /etc/security/pwquality.conf.d/ printf '\\n%s\\n' \"enforce_for_root\" > /etc/security/pwquality.conf.d/50- pwroot.conf }.","compliance":{"cis":"5.3.3.2.8","cis_csc_v8":"5.2","cis_csc_v7":"4.4","cmmc_v2.0":"IA.L2-3.5.7","iso_27001-2013":"A.9.4.3","pci_dss_v4.0":"2.2.2,8.3.5,8.3.6,8.6.3","soc_2":"CC6.1"},"rules":["d:/etc/security/pwquality.conf.d -> r:\\.*.conf -> !r:^# &&  r:^\\s*\\t*enforce_for_root"],"condition":"all","directory":"/etc/security/pwquality.conf.d","status":"Not applicable","reason":"Could not open dir '/etc/security/pwquality.conf.d'"}}
sca.type: check
sca.scan_id: 380680914
sca.policy: CIS Ubuntu Linux 22.04 LTS Benchmark v2.0.0.
sca.check.id: 28732
sca.check.title: Ensure password quality is enforced for the root user.
sca.check.description: If the pwquality enforce_for_root option is enabled, the module will return error on failed check even if the user changing the password is root. This option is off by default which means that just the message about the failed check is printed but root can change the password anyway. Note: The root is not asked for an old password so the checks that compare the old and new password are not performed.
sca.check.rationale: Use of a complex password helps to increase the time and resources required to compromise the password. Password complexity, or strength, is a measure of the effectiveness of a password in resisting attempts at guessing and brute-force attacks. Password complexity is one factor of several that determines how long it takes to crack a password. The more complex the password, the greater the number of possible combinations that need to be tested before the password is compromised. Internal Only - General.
sca.check.remediation: Edit or add the following line in a *.conf file in /etc/security/pwquality.conf.d or in /etc/security/pwquality.conf: Example: #!/urs/bin/env bash { [ ! -d /etc/security/pwquality.conf.d/ ] && mkdir /etc/security/pwquality.conf.d/ printf '\n%s\n' "enforce_for_root" > /etc/security/pwquality.conf.d/50- pwroot.conf }.
sca.check.compliance.cis: 5.3.3.2.8
sca.check.compliance.cis_csc_v8: 5.2
sca.check.compliance.cis_csc_v7: 4.4
sca.check.compliance.cmmc_v2.0: IA.L2-3.5.7
sca.check.compliance.iso_27001-2013: A.9.4.3
sca.check.compliance.pci_dss_v4.0: 2.2.2,8.3.5,8.3.6,8.6.3
sca.check.compliance.soc_2: CC6.1
sca.check.directory: ["/etc/security/pwquality.conf.d"]
sca.check.result: not applicable
sca.check.reason: Could not open dir '/etc/security/pwquality.conf.d'

** Alert 1757863500.737240: - sca,gdpr_IV_35.7.d,pci_dss_2.2,nist_800_53_CM.1,tsc_CC7.1,tsc_CC7.2,
2025 Sep 14 17:25:00 student-virtual-machine->sca
Rule: 19007 (level 7) -> 'CIS Ubuntu Linux 22.04 LTS Benchmark v2.0.0.: Ensure password history remember is configured.'
{"type":"check","id":380680914,"policy":"CIS Ubuntu Linux 22.04 LTS Benchmark v2.0.0.","policy_id":"cis_ubuntu22-04","check":{"id":28733,"title":"Ensure password history remember is configured.","description":"The /etc/security/opasswd file stores the users' old passwords and can be checked to ensure that users are not recycling recent passwords. The number of passwords remembered is set via the remember argument value in set for the pam_pwhistory module. - remember=<N> - <N> is the number of old passwords to remember.","rationale":"Requiring users not to reuse their passwords make it less likely that an attacker will be able to guess the password or use a compromised password. Note: These change only apply to accounts configured on the local system.","remediation":"Run the following command: # awk '/Password-Type:/{ f = 1;next } /-Type:/{ f = 0 } f {if (/pam_pwhistory\\.so/) print FILENAME}' /usr/share/pam-configs/* Edit any returned files and edit or add the remember= argument, with a value of 24 or more, that meets local site policy to the pam_pwhistory line in the Password section: Example File: Name: pwhistory password history checking Default: yes Priority: 1024 Password-Type: Primary Password: requisite pam_pwhistory.so remember=24 enforce_for_root try_first_pass use_authtok # <- **ensure line includes remember=<N>** Run the following command to update the files in the /etc/pam.d/ directory: # pam-auth-update --enable <MODIFIED_PROFILE_NAME> Example: # pam-auth-update --enable pwhistory.","compliance":{"cis":"5.3.3.3.1","cis_csc_v8":"5.2","cis_csc_v7":"4.4","cmmc_v2.0":"IA.L2-3.5.7","iso_27001-2013":"A.9.4.3","mitre_techniques":"T1078,T1078.001,T1078.002,T1078.003,T1078.004,T1110,T1110.004","pci_dss_v4.0":"2.2.2,8.3.5,8.3.6,8.6.3","soc_2":"CC6.1"},"rules":["f:/etc/pam.d/common-password -> !r:^# && r:pam_pwhistory.so && n:remember\\s*\\t*=\\s*\\t*(\\d+) compare >= 24"],"condition":"all","file":"/etc/pam.d/common-password","result":"failed"}}
sca.type: check
sca.scan_id: 380680914
sca.policy: CIS Ubuntu Linux 22.04 LTS Benchmark v2.0.0.
sca.check.id: 28733
sca.check.title: Ensure password history remember is configured.
sca.check.description: The /etc/security/opasswd file stores the users' old passwords and can be checked to ensure that users are not recycling recent passwords. The number of passwords remembered is set via the remember argument value in set for the pam_pwhistory module. - remember=<N> - <N> is the number of old passwords to remember.
sca.check.rationale: Requiring users not to reuse their passwords make it less likely that an attacker will be able to guess the password or use a compromised password. Note: These change only apply to accounts configured on the local system.
sca.check.remediation: Run the following command: # awk '/Password-Type:/{ f = 1;next } /-Type:/{ f = 0 } f {if (/pam_pwhistory\.so/) print FILENAME}' /usr/share/pam-configs/* Edit any returned files and edit or add the remember= argument, with a value of 24 or more, that meets local site policy to the pam_pwhistory line in the Password section: Example File: Name: pwhistory password history checking Default: yes Priority: 1024 Password-Type: Primary Password: requisite pam_pwhistory.so remember=24 enforce_for_root try_first_pass use_authtok # <- **ensure line includes remember=<N>** Run the following command to update the files in the /etc/pam.d/ directory: # pam-auth-update --enable <MODIFIED_PROFILE_NAME> Example: # pam-auth-update --enable pwhistory.
sca.check.compliance.cis: 5.3.3.3.1
sca.check.compliance.cis_csc_v8: 5.2
sca.check.compliance.cis_csc_v7: 4.4
sca.check.compliance.cmmc_v2.0: IA.L2-3.5.7
sca.check.compliance.iso_27001-2013: A.9.4.3
sca.check.compliance.mitre_techniques: T1078,T1078.001,T1078.002,T1078.003,T1078.004,T1110,T1110.004
sca.check.compliance.pci_dss_v4.0: 2.2.2,8.3.5,8.3.6,8.6.3
sca.check.compliance.soc_2: CC6.1
sca.check.file: ["/etc/pam.d/common-password"]
sca.check.result: failed

** Alert 1757863500.741485: - sca,gdpr_IV_35.7.d,pci_dss_2.2,nist_800_53_CM.1,tsc_CC7.1,tsc_CC7.2,
2025 Sep 14 17:25:00 student-virtual-machine->sca
Rule: 19007 (level 7) -> 'CIS Ubuntu Linux 22.04 LTS Benchmark v2.0.0.: Ensure password history is enforced for the root user.'
{"type":"check","id":380680914,"policy":"CIS Ubuntu Linux 22.04 LTS Benchmark v2.0.0.","policy_id":"cis_ubuntu22-04","check":{"id":28734,"title":"Ensure password history is enforced for the root user.","description":"If the pwhistory enforce_for_root option is enabled, the module will enforce password history for the root user as well.","rationale":"Requiring users not to reuse their passwords make it less likely that an attacker will be able to guess the password or use a compromised password Note: These change only apply to accounts configured on the local system.","remediation":"Run the following command: # awk '/Password-Type:/{ f = 1;next } /-Type:/{ f = 0 } f {if (/pam_pwhistory\\.so/) print FILENAME}' /usr/share/pam-configs/* Edit any returned files and add the enforce_for_root argument to the pam_pwhistory line in the Password section: Example File: Name: pwhistory password history checking Default: yes Priority: 1024 Password-Type: Primary Password: requisite pam_pwhistory.so remember=24 enforce_for_root try_first_pass use_authtok # <- **ensure line includes enforce_for_root** Run the following command to update the files in the /etc/pam.d/ directory: # pam-auth-update --enable <MODIFIED_PROFILE_NAME> Example: # pam-auth-update --enable pwhistory.","compliance":{"cis":"5.3.3.3.2","cis_csc_v8":"5.2","cis_csc_v7":"4.4","cmmc_v2.0":"IA.L2-3.5.7","iso_27001-2013":"A.9.4.3","mitre_mitigations":"M1027","mitre_tactics":"TA0006","mitre_techniques":"T1110,T1110.001,T1110.002,T1110.003,T1178.001,T1178.002,T1178.003,T1178.004","pci_dss_v4.0":"2.2.2,8.3.5,8.3.6,8.6.3","soc_2":"CC6.1"},"rules":["f:/etc/pam.d/common-password -> !r:^# && r:pam_pwhistory.so && r:enforce_for_root"],"condition":"all","file":"/etc/pam.d/common-password","result":"failed"}}
sca.type: check
sca.scan_id: 380680914
sca.policy: CIS Ubuntu Linux 22.04 LTS Benchmark v2.0.0.
sca.check.id: 28734
sca.check.title: Ensure password history is enforced for the root user.
sca.check.description: If the pwhistory enforce_for_root option is enabled, the module will enforce password history for the root user as well.
sca.check.rationale: Requiring users not to reuse their passwords make it less likely that an attacker will be able to guess the password or use a compromised password Note: These change only apply to accounts configured on the local system.
sca.check.remediation: Run the following command: # awk '/Password-Type:/{ f = 1;next } /-Type:/{ f = 0 } f {if (/pam_pwhistory\.so/) print FILENAME}' /usr/share/pam-configs/* Edit any returned files and add the enforce_for_root argument to the pam_pwhistory line in the Password section: Example File: Name: pwhistory password history checking Default: yes Priority: 1024 Password-Type: Primary Password: requisite pam_pwhistory.so remember=24 enforce_for_root try_first_pass use_authtok # <- **ensure line includes enforce_for_root** Run the following command to update the files in the /etc/pam.d/ directory: # pam-auth-update --enable <MODIFIED_PROFILE_NAME> Example: # pam-auth-update --enable pwhistory.
sca.check.compliance.cis: 5.3.3.3.2
sca.check.compliance.cis_csc_v8: 5.2
sca.check.compliance.cis_csc_v7: 4.4
sca.check.compliance.cmmc_v2.0: IA.L2-3.5.7
sca.check.compliance.iso_27001-2013: A.9.4.3
sca.check.compliance.mitre_mitigations: M1027
sca.check.compliance.mitre_tactics: TA0006
sca.check.compliance.mitre_techniques: T1110,T1110.001,T1110.002,T1110.003,T1178.001,T1178.002,T1178.003,T1178.004
sca.check.compliance.pci_dss_v4.0: 2.2.2,8.3.5,8.3.6,8.6.3
sca.check.compliance.soc_2: CC6.1
sca.check.file: ["/etc/pam.d/common-password"]
sca.check.result: failed

** Alert 1757863500.745392: - sca,gdpr_IV_35.7.d,pci_dss_2.2,nist_800_53_CM.1,tsc_CC7.1,tsc_CC7.2,
2025 Sep 14 17:25:00 student-virtual-machine->sca
Rule: 19007 (level 7) -> 'CIS Ubuntu Linux 22.04 LTS Benchmark v2.0.0.: Ensure pam_pwhistory includes use_authtok.'
{"type":"check","id":380680914,"policy":"CIS Ubuntu Linux 22.04 LTS Benchmark v2.0.0.","policy_id":"cis_ubuntu22-04","check":{"id":28735,"title":"Ensure pam_pwhistory includes use_authtok.","description":"use_authtok - When password changing enforce the module to set the new password to the one provided by a previously stacked password module.","rationale":"use_authtok allows multiple pam modules to confirm a new password before it is accepted.","remediation":"Edit any returned files and add the use_authtok argument to the pam_pwhistory line in the Password section: Example File: Name: pwhistory password history checking Default: yes Priority: 1024 Password-Type: Primary Password: requisite pam_pwhistory.so remember=24 enforce_for_root try_first_pass use_authtok # <- **ensure line includes use_authtok** Run the following command to update the files in the /etc/pam.d/ directory: # pam-auth-update --enable <MODIFIED_PROFILE_NAME> Example: # pam-auth-update --enable pwhistory.","compliance":{"cis":"5.3.3.3.3","cis_csc_v8":"3.11","cis_csc_v7":"16.4","cmmc_v2.0":"AC.L2-3.1.19,IA.L2-3.5.10,MP.L2-3.8.1,SC.L2-3.13.11,SC.L2-3.13.16","hipaa":"164.312(a)(2)(iv),164.312(e)(2)(ii)","iso_27001-2013":"A.10.1.1","mitre_mitigations":"M1041","mitre_tactics":"TA0006","mitre_techniques":"T1003,T1003.008,T1110,T1110.002","nist_sp_800-53":"SC-28,SC-28(1)","pci_dss_v3.2.1":"3.4,3.4.1,8.2.1","pci_dss_v4.0":"3.1.1,3.3.2,3.3.3,3.5.1,3.5.1.2,3.5.1.3,8.3.2","soc_2":"CC6.1"},"rules":["f:/etc/pam.d/common-password -> !r:^# && r:pam_pwhistory.so && r:use_authtok"],"condition":"all","file":"/etc/pam.d/common-password","result":"failed"}}
sca.type: check
sca.scan_id: 380680914
sca.policy: CIS Ubuntu Linux 22.04 LTS Benchmark v2.0.0.
sca.check.id: 28735
sca.check.title: Ensure pam_pwhistory includes use_authtok.
sca.check.description: use_authtok - When password changing enforce the module to set the new password to the one provided by a previously stacked password module.
sca.check.rationale: use_authtok allows multiple pam modules to confirm a new password before it is accepted.
sca.check.remediation: Edit any returned files and add the use_authtok argument to the pam_pwhistory line in the Password section: Example File: Name: pwhistory password history checking Default: yes Priority: 1024 Password-Type: Primary Password: requisite pam_pwhistory.so remember=24 enforce_for_root try_first_pass use_authtok # <- **ensure line includes use_authtok** Run the following command to update the files in the /etc/pam.d/ directory: # pam-auth-update --enable <MODIFIED_PROFILE_NAME> Example: # pam-auth-update --enable pwhistory.
sca.check.compliance.cis: 5.3.3.3.3
sca.check.compliance.cis_csc_v8: 3.11
sca.check.compliance.cis_csc_v7: 16.4
sca.check.compliance.cmmc_v2.0: AC.L2-3.1.19,IA.L2-3.5.10,MP.L2-3.8.1,SC.L2-3.13.11,SC.L2-3.13.16
sca.check.compliance.hipaa: 164.312(a)(2)(iv),164.312(e)(2)(ii)
sca.check.compliance.iso_27001-2013: A.10.1.1
sca.check.compliance.mitre_mitigations: M1041
sca.check.compliance.mitre_tactics: TA0006
sca.check.compliance.mitre_techniques: T1003,T1003.008,T1110,T1110.002
sca.check.compliance.nist_sp_800-53: SC-28,SC-28(1)
sca.check.compliance.pci_dss_v3.2.1: 3.4,3.4.1,8.2.1
sca.check.compliance.pci_dss_v4.0: 3.1.1,3.3.2,3.3.3,3.5.1,3.5.1.2,3.5.1.3,8.3.2
sca.check.compliance.soc_2: CC6.1
sca.check.file: ["/etc/pam.d/common-password"]
sca.check.result: failed

** Alert 1757863500.749061: - sca,gdpr_IV_35.7.d,pci_dss_2.2,nist_800_53_CM.1,tsc_CC7.1,tsc_CC7.2,
2025 Sep 14 17:25:00 student-virtual-machine->sca
Rule: 19007 (level 7) -> 'CIS Ubuntu Linux 22.04 LTS Benchmark v2.0.0.: Ensure pam_unix does not include nullok.'
{"type":"check","id":380680914,"policy":"CIS Ubuntu Linux 22.04 LTS Benchmark v2.0.0.","policy_id":"cis_ubuntu22-04","check":{"id":28736,"title":"Ensure pam_unix does not include nullok.","description":"The nullok argument overrides the default action of pam_unix.so to not permit the user access to a service if their official password is blank.","rationale":"Using a strong password is essential to helping protect personal and sensitive information from unauthorized access.","remediation":"Run the following command: # grep -PH -- '^\\h*([^#\\n\\r]+\\h+)?pam_unix\\.so\\h+([^#\\n\\r]+\\h+)?nullok\\b' /usr/share/pam-configs/* Edit any files returned and remove the nullok argument for the pam_unix lines Example File: Name: Unix authentication Default: yes Priority: 256 Auth-Type: Primary Auth: [success=end default=ignore] pam_unix.so try_first_pass # <- **ensure line does not include nullok nullok** Auth-Initial: [success=end default=ignore] pam_unix.so # <- **ensure line does not include nullok nullok** Account-Type: Primary Account: [success=end new_authtok_reqd=done default=ignore] pam_unix.so Account-Initial: [success=end new_authtok_reqd=done default=ignore] pam_unix.so Session-Type: Additional Session: required pam_unix.so Session-Initial: required pam_unix.so Password-Type: Primary Password: [success=end default=ignore] pam_unix.so obscure use_authtok try_first_pass yescrypt Password-Initial: [success=end default=ignore] pam_unix.so obscure yescrypt Run the following command to update the files in the /etc/pam.d/ directory: # pam-auth-update --enable <EDITED_PROFILE_NAME> Example: # pam-auth-update --enable unix Note: If custom files are being used, the corresponding files in /etc/pam.d/ would need to be edited directly, and the pam-auth-update --enable <EDITED_PROFILE_NAME> command skipped Internal Only - General.","compliance":{"cis":"5.3.3.4.1","cis_csc_v8":"5.2","cis_csc_v7":"4.4","cmmc_v2.0":"IA.L2-3.5.7","iso_27001-2013":"A.9.4.3","mitre_mitigations":"M1041","mitre_tactics":"TA0006","mitre_techniques":"T1003,T1003.008,T1110,T1110.002","pci_dss_v4.0":"2.2.2,8.3.5,8.3.6,8.6.3","soc_2":"CC6.1"},"rules":["f:/etc/pam.d/common-password -> !r:^# && r:pam_unix.so && r:nullok","f:/etc/pam.d/common-auth -> !r:^# && r:pam_unix.so && r:nullok","f:/etc/pam.d/common-account -> !r:^# && r:pam_unix.so && r:nullok","f:/etc/pam.d/common-session -> !r:^# && r:pam_unix.so && r:nullok","f:/etc/pam.d/common-session-noninteractive -> !r:^# && r:pam_unix.so && r:nullok"],"condition":"none","file":"/etc/pam.d/common-password,/etc/pam.d/common-auth","result":"failed"}}
sca.type: check
sca.scan_id: 380680914
sca.policy: CIS Ubuntu Linux 22.04 LTS Benchmark v2.0.0.
sca.check.id: 28736
sca.check.title: Ensure pam_unix does not include nullok.
sca.check.description: The nullok argument overrides the default action of pam_unix.so to not permit the user access to a service if their official password is blank.
sca.check.rationale: Using a strong password is essential to helping protect personal and sensitive information from unauthorized access.
sca.check.remediation: Run the following command: # grep -PH -- '^\h*([^#\n\r]+\h+)?pam_unix\.so\h+([^#\n\r]+\h+)?nullok\b' /usr/share/pam-configs/* Edit any files returned and remove the nullok argument for the pam_unix lines Example File: Name: Unix authentication Default: yes Priority: 256 Auth-Type: Primary Auth: [success=end default=ignore] pam_unix.so try_first_pass # <- **ensure line does not include nullok nullok** Auth-Initial: [success=end default=ignore] pam_unix.so # <- **ensure line does not include nullok nullok** Account-Type: Primary Account: [success=end new_authtok_reqd=done default=ignore] pam_unix.so Account-Initial: [success=end new_authtok_reqd=done default=ignore] pam_unix.so Session-Type: Additional Session: required pam_unix.so Session-Initial: required pam_unix.so Password-Type: Primary Password: [success=end default=ignore] pam_unix.so obscure use_authtok try_first_pass yescrypt Password-Initial: [success=end default=ignore] pam_unix.so obscure yescrypt Run the following command to update the files in the /etc/pam.d/ directory: # pam-auth-update --enable <EDITED_PROFILE_NAME> Example: # pam-auth-update --enable unix Note: If custom files are being used, the corresponding files in /etc/pam.d/ would need to be edited directly, and the pam-auth-update --enable <EDITED_PROFILE_NAME> command skipped Internal Only - General.
sca.check.compliance.cis: 5.3.3.4.1
sca.check.compliance.cis_csc_v8: 5.2
sca.check.compliance.cis_csc_v7: 4.4
sca.check.compliance.cmmc_v2.0: IA.L2-3.5.7
sca.check.compliance.iso_27001-2013: A.9.4.3
sca.check.compliance.mitre_mitigations: M1041
sca.check.compliance.mitre_tactics: TA0006
sca.check.compliance.mitre_techniques: T1003,T1003.008,T1110,T1110.002
sca.check.compliance.pci_dss_v4.0: 2.2.2,8.3.5,8.3.6,8.6.3
sca.check.compliance.soc_2: CC6.1
sca.check.file: ["/etc/pam.d/common-password", "/etc/pam.d/common-auth"]
sca.check.result: failed

** Alert 1757863500.754320: - sca,gdpr_IV_35.7.d,pci_dss_2.2,nist_800_53_CM.1,tsc_CC7.1,tsc_CC7.2,
2025 Sep 14 17:25:00 student-virtual-machine->sca
Rule: 19008 (level 3) -> 'CIS Ubuntu Linux 22.04 LTS Benchmark v2.0.0.: Ensure pam_unix does not include remember.'
{"type":"check","id":380680914,"policy":"CIS Ubuntu Linux 22.04 LTS Benchmark v2.0.0.","policy_id":"cis_ubuntu22-04","check":{"id":28737,"title":"Ensure pam_unix does not include remember.","description":"The remember=n argument saves the last n passwords for each user in /etc/security/opasswd in order to force password change history and keep the user from alternating between the same password too frequently. The MD5 password hash algorithm is used for storing the old passwords. Instead of this option the pam_pwhistory module should be used. The pam_pwhistory module saves the last n passwords for each user in /etc/security/opasswd using the password hash algorithm set on the pam_unix module. This allows for the yescrypt or sha512 hash algorithm to be used.","rationale":"The remember=n argument should be removed to ensure a strong password hashing algorithm is being used. A stronger hash provides additional protection to the system by increasing the level of effort needed for an attacker to successfully determine local user's old passwords stored in /etc/security/opasswd.","remediation":"Run the following command: # grep -PH -- '^\\h*([^#\\n\\r]+\\h+)?pam_unix\\.so\\h+([^#\\n\\r]+\\h+)?remember\\b' /usr/share/pam-configs/* Edit any files returned and remove the remember=_<N>_ argument for the pam_unix lines Example output: [success=end default=ignore] pam_unix.so obscure use_authtok try_first_pass yescrypt remember=5 # **<- remove remember=<N>** [success=end default=ignore] pam_unix.so obscure yescrypt remember=5 # **<- remove remember=<N>** Run the following command to update the files in the /etc/pam.d/ directory: # pam-auth-update --enable <EDITED_PROFILE_NAME> Example: # pam-auth-update --enable unix Note: If custom files are being used, the corresponding files in /etc/pam.d/ would need to be edited directly, and the pam-auth-update --enable <EDITED_PROFILE_NAME> command skipped.","compliance":{"cis":"5.3.3.4.2","cis_csc_v8":"5.2","cis_csc_v7":"4.4","cmmc_v2.0":"IA.L2-3.5.7","iso_27001-2013":"A.9.4.3","mitre_mitigations":"M1041","mitre_tactics":"TA0006","mitre_techniques":"T1003,T1003.008,T1110,T1110.002","pci_dss_v4.0":"2.2.2,8.3.5,8.3.6,8.6.3","soc_2":"CC6.1"},"rules":["f:/etc/pam.d/common-password -> !r:^# && r:pam_unix.so && r:remember","f:/etc/pam.d/common-auth -> !r:^# && r:pam_unix.so && r:remember","f:/etc/pam.d/common-account -> !r:^# && r:pam_unix.so && r:remember","f:/etc/pam.d/common-session -> !r:^# && r:pam_unix.so && r:remember","f:/etc/pam.d/common-session-noninteractive -> !r:^# && r:pam_unix.so && r:remember"],"condition":"none","file":"/etc/pam.d/common-password,/etc/pam.d/common-auth,/etc/pam.d/common-account,/etc/pam.d/common-session,/etc/pam.d/common-session-noninteractive","result":"passed"}}
sca.type: check
sca.scan_id: 380680914
sca.policy: CIS Ubuntu Linux 22.04 LTS Benchmark v2.0.0.
sca.check.id: 28737
sca.check.title: Ensure pam_unix does not include remember.
sca.check.description: The remember=n argument saves the last n passwords for each user in /etc/security/opasswd in order to force password change history and keep the user from alternating between the same password too frequently. The MD5 password hash algorithm is used for storing the old passwords. Instead of this option the pam_pwhistory module should be used. The pam_pwhistory module saves the last n passwords for each user in /etc/security/opasswd using the password hash algorithm set on the pam_unix module. This allows for the yescrypt or sha512 hash algorithm to be used.
sca.check.rationale: The remember=n argument should be removed to ensure a strong password hashing algorithm is being used. A stronger hash provides additional protection to the system by increasing the level of effort needed for an attacker to successfully determine local user's old passwords stored in /etc/security/opasswd.
sca.check.remediation: Run the following command: # grep -PH -- '^\h*([^#\n\r]+\h+)?pam_unix\.so\h+([^#\n\r]+\h+)?remember\b' /usr/share/pam-configs/* Edit any files returned and remove the remember=_<N>_ argument for the pam_unix lines Example output: [success=end default=ignore] pam_unix.so obscure use_authtok try_first_pass yescrypt remember=5 # **<- remove remember=<N>** [success=end default=ignore] pam_unix.so obscure yescrypt remember=5 # **<- remove remember=<N>** Run the following command to update the files in the /etc/pam.d/ directory: # pam-auth-update --enable <EDITED_PROFILE_NAME> Example: # pam-auth-update --enable unix Note: If custom files are being used, the corresponding files in /etc/pam.d/ would need to be edited directly, and the pam-auth-update --enable <EDITED_PROFILE_NAME> command skipped.
sca.check.compliance.cis: 5.3.3.4.2
sca.check.compliance.cis_csc_v8: 5.2
sca.check.compliance.cis_csc_v7: 4.4
sca.check.compliance.cmmc_v2.0: IA.L2-3.5.7
sca.check.compliance.iso_27001-2013: A.9.4.3
sca.check.compliance.mitre_mitigations: M1041
sca.check.compliance.mitre_tactics: TA0006
sca.check.compliance.mitre_techniques: T1003,T1003.008,T1110,T1110.002
sca.check.compliance.pci_dss_v4.0: 2.2.2,8.3.5,8.3.6,8.6.3
sca.check.compliance.soc_2: CC6.1
sca.check.file: ["/etc/pam.d/common-password", "/etc/pam.d/common-auth", "/etc/pam.d/common-account", "/etc/pam.d/common-session", "/etc/pam.d/common-session-noninteractive"]
sca.check.result: passed

** Alert 1757863500.759922: - sca,gdpr_IV_35.7.d,pci_dss_2.2,nist_800_53_CM.1,tsc_CC7.1,tsc_CC7.2,
2025 Sep 14 17:25:00 student-virtual-machine->sca
Rule: 19008 (level 3) -> 'CIS Ubuntu Linux 22.04 LTS Benchmark v2.0.0.: Ensure pam_unix includes use_authtok.'
{"type":"check","id":380680914,"policy":"CIS Ubuntu Linux 22.04 LTS Benchmark v2.0.0.","policy_id":"cis_ubuntu22-04","check":{"id":28738,"title":"Ensure pam_unix includes use_authtok.","description":"use_authtok - When password changing enforce the module to set the new password to the one provided by a previously stacked password module.","rationale":"use_authtok allows multiple pam modules to confirm a new password before it is accepted.","remediation":"Run the following command: # awk '/Password-Type:/{ f = 1;next } /-Type:/{ f = 0 } f {if (/pam_unix\\.so/) print FILENAME}' /usr/share/pam-configs/* Edit any returned files add use_authtok to the pam_unix line in the Password section under Password: subsection: Note: The if the file's Password section includes a Password-Initial: subsection, use_authtok should not be added to the pam_unix line in the Password-Initial: subsection Example File: Name: Unix authentication Default: yes Priority: 256 Auth-Type: Primary # <- Start of \"Auth\" section Auth: [success=end default=ignore] pam_unix.so try_first_pass Auth-Initial: [success=end default=ignore] pam_unix.so Account-Type: Primary # <- Start of \"Account\" section Account: [success=end new_authtok_reqd=done default=ignore] pam_unix.so Account-Initial: [success=end new_authtok_reqd=done default=ignore] pam_unix.so Session-Type: Additional # <- Start of \"Session\" section Session: required pam_unix.so Session-Initial: required pam_unix.so Password-Type: Primary # <- Start of \"Password\" section Password: [success=end default=ignore] pam_unix.so obscure use_authtok try_first_pass yescrypt # <- **ensure line includes use_authtok** Password-Initial: [success=end default=ignore] pam_unix.so obscure yescrypt # <- **Password-Initial: subsection does not include use_authtok Run the following command to update the files in the /etc/pam.d/ directory: # pam-auth-update --enable <MODIFIED_PROFILE_NAME> Example: # pam-auth-update --enable unix.","compliance":{"cis":"5.3.3.4.4","cis_csc_v8":"3.11","cis_csc_v7":"16.4","cmmc_v2.0":"AC.L2-3.1.19,IA.L2-3.5.10,MP.L2-3.8.1,SC.L2-3.13.11,SC.L2-3.13.16","hipaa":"164.312(a)(2)(iv),164.312(e)(2)(ii)","iso_27001-2013":"A.10.1.1","mitre_mitigations":"M1041","mitre_tactics":"TA0006","mitre_techniques":"T1003,T1003.008,T1110,T1110.002","nist_sp_800-53":"SC-28,SC-28(1)","pci_dss_v3.2.1":"3.4,3.4.1,8.2.1","pci_dss_v4.0":"3.1.1,3.3.2,3.3.3,3.5.1,3.5.1.2,3.5.1.3,8.3.2","soc_2":"CC6.1"},"rules":["f:/etc/pam.d/common-password -> !r:^# && r:pam_unix.so && r:use_authtok"],"condition":"all","file":"/etc/pam.d/common-password","result":"passed"}}
sca.type: check
sca.scan_id: 380680914
sca.policy: CIS Ubuntu Linux 22.04 LTS Benchmark v2.0.0.
sca.check.id: 28738
sca.check.title: Ensure pam_unix includes use_authtok.
sca.check.description: use_authtok - When password changing enforce the module to set the new password to the one provided by a previously stacked password module.
sca.check.rationale: use_authtok allows multiple pam modules to confirm a new password before it is accepted.
sca.check.remediation: Run the following command: # awk '/Password-Type:/{ f = 1;next } /-Type:/{ f = 0 } f {if (/pam_unix\.so/) print FILENAME}' /usr/share/pam-configs/* Edit any returned files add use_authtok to the pam_unix line in the Password section under Password: subsection: Note: The if the file's Password section includes a Password-Initial: subsection, use_authtok should not be added to the pam_unix line in the Password-Initial: subsection Example File: Name: Unix authentication Default: yes Priority: 256 Auth-Type: Primary # <- Start of "Auth" section Auth: [success=end default=ignore] pam_unix.so try_first_pass Auth-Initial: [success=end default=ignore] pam_unix.so Account-Type: Primary # <- Start of "Account" section Account: [success=end new_authtok_reqd=done default=ignore] pam_unix.so Account-Initial: [success=end new_authtok_reqd=done default=ignore] pam_unix.so Session-Type: Additional # <- Start of "Session" section Session: required pam_unix.so Session-Initial: required pam_unix.so Password-Type: Primary # <- Start of "Password" section Password: [success=end default=ignore] pam_unix.so obscure use_authtok try_first_pass yescrypt # <- **ensure line includes use_authtok** Password-Initial: [success=end default=ignore] pam_unix.so obscure yescrypt # <- **Password-Initial: subsection does not include use_authtok Run the following command to update the files in the /etc/pam.d/ directory: # pam-auth-update --enable <MODIFIED_PROFILE_NAME> Example: # pam-auth-update --enable unix.
sca.check.compliance.cis: 5.3.3.4.4
sca.check.compliance.cis_csc_v8: 3.11
sca.check.compliance.cis_csc_v7: 16.4
sca.check.compliance.cmmc_v2.0: AC.L2-3.1.19,IA.L2-3.5.10,MP.L2-3.8.1,SC.L2-3.13.11,SC.L2-3.13.16
sca.check.compliance.hipaa: 164.312(a)(2)(iv),164.312(e)(2)(ii)
sca.check.compliance.iso_27001-2013: A.10.1.1
sca.check.compliance.mitre_mitigations: M1041
sca.check.compliance.mitre_tactics: TA0006
sca.check.compliance.mitre_techniques: T1003,T1003.008,T1110,T1110.002
sca.check.compliance.nist_sp_800-53: SC-28,SC-28(1)
sca.check.compliance.pci_dss_v3.2.1: 3.4,3.4.1,8.2.1
sca.check.compliance.pci_dss_v4.0: 3.1.1,3.3.2,3.3.3,3.5.1,3.5.1.2,3.5.1.3,8.3.2
sca.check.compliance.soc_2: CC6.1
sca.check.file: ["/etc/pam.d/common-password"]
sca.check.result: passed

** Alert 1757863500.765528: - sca,gdpr_IV_35.7.d,pci_dss_2.2,nist_800_53_CM.1,tsc_CC7.1,tsc_CC7.2,
2025 Sep 14 17:25:00 student-virtual-machine->sca
Rule: 19008 (level 3) -> 'CIS Ubuntu Linux 22.04 LTS Benchmark v2.0.0.: Ensure pam_unix includes a strong password hashing algorithm.'
{"type":"check","id":380680914,"policy":"CIS Ubuntu Linux 22.04 LTS Benchmark v2.0.0.","policy_id":"cis_ubuntu22-04","check":{"id":28739,"title":"Ensure pam_unix includes a strong password hashing algorithm.","description":"A cryptographic hash function converts an arbitrary-length input into a fixed length output. Password hashing performs a one-way transformation of a password, turning the password into another string, called the hashed password. The pam_unix module can be configured to use one of the following hashing algorithms for user's passwords: - md5 - When a user changes their password next, encrypt it with the MD5 algorithm. - bigcrypt - When a user changes their password next, encrypt it with the DEC C2 algorithm. - sha256 - When a user changes their password next, encrypt it with the SHA256 algorithm. The SHA256 algorithm must be supported by the crypt(3) function. - sha512 - When a user changes their password next, encrypt it with the SHA512 algorithm. The SHA512 algorithm must be supported by the crypt(3) function. - blowfish - When a user changes their password next, encrypt it with the blowfish algorithm. The blowfish algorithm must be supported by the crypt(3) function. - gost_yescrypt - When a user changes their password next, encrypt it with the gost-yescrypt algorithm. The gost-yescrypt algorithm must be supported by the crypt(3) function. - yescrypt - When a user changes their password next, encrypt it with the yescrypt algorithm. The yescrypt algorithm must be supported by the crypt(3) function.","rationale":"The SHA-512 and yescrypt algorithms provide a stronger hash than other algorithms used by Linux for password hash generation. A stronger hash provides additional protection to the system by increasing the level of effort needed for an attacker to successfully determine local user passwords. Note: These changes only apply to the local system. Internal Only - General.","remediation":"Run the following command: # awk '/Password-Type:/{ f = 1;next } /-Type:/{ f = 0 } f {if (/pam_unix\\.so/) print FILENAME}' /usr/share/pam-configs/* Edit any returned files and edit or add a strong hashing algorithm, either sha512 or yescrypt, that meets local site policy to the pam_unix lines in the Password section: Example File: Name: Unix authentication Default: yes Priority: 256 Auth-Type: Primary # <- Start of \"Auth\" section Auth: [success=end default=ignore] pam_unix.so try_first_pass Auth-Initial: [success=end default=ignore] pam_unix.so Account-Type: Primary # <- Start of \"Account\" section Account: [success=end new_authtok_reqd=done default=ignore] pam_unix.so Account-Initial: [success=end new_authtok_reqd=done default=ignore] pam_unix.so Session-Type: Additional # <- Start of \"Session\" section Session: required pam_unix.so Session-Initial: required pam_unix.so Password-Type: Primary # <- Start of \"Password\" section Password: [success=end default=ignore] pam_unix.so obscure use_authtok try_first_pass yescrypt # <- **ensure hashing algorithm is either sha512 or yescrypt** Password-Initial: [success=end default=ignore] pam_unix.so obscure yescrypt # <- **ensure hashing algorithm is either sha512 or yescrypt** Run the following command to update the files in the /etc/pam.d/ directory: # pam-auth-update --enable <MODIFIED_PROFILE_NAME> Example: # pam-auth-update --enable unix.","compliance":{"cis":"5.3.3.4.3","cis_csc_v8":"3.11","cis_csc_v7":"16.4","cmmc_v2.0":"AC.L2-3.1.19,IA.L2-3.5.10,MP.L2-3.8.1,SC.L2-3.13.11,SC.L2-3.13.16","hipaa":"164.312(a)(2)(iv),164.312(e)(2)(ii)","iso_27001-2013":"A.10.1.1","mitre_mitigations":"M1041","mitre_tactics":"TA0006","mitre_techniques":"T1003,T1003.008,T1110,T1110.002","nist_sp_800-53":"SC-28,SC-28(1)","pci_dss_v3.2.1":"3.4,3.4.1,8.2.1","pci_dss_v4.0":"3.1.1,3.3.2,3.3.3,3.5.1,3.5.1.2,3.5.1.3,8.3.2","soc_2":"CC6.1"},"rules":["f:/etc/pam.d/common-password -> !r:^# && r:pam_unix.so && r:sha512|yescrypt"],"condition":"all","file":"/etc/pam.d/common-password","result":"passed"}}
sca.type: check
sca.scan_id: 380680914
sca.policy: CIS Ubuntu Linux 22.04 LTS Benchmark v2.0.0.
sca.check.id: 28739
sca.check.title: Ensure pam_unix includes a strong password hashing algorithm.
sca.check.description: A cryptographic hash function converts an arbitrary-length input into a fixed length output. Password hashing performs a one-way transformation of a password, turning the password into another string, called the hashed password. The pam_unix module can be configured to use one of the following hashing algorithms for user's passwords: - md5 - When a user changes their password next, encrypt it with the MD5 algorithm. - bigcrypt - When a user changes their password next, encrypt it with the DEC C2 algorithm. - sha256 - When a user changes their password next, encrypt it with the SHA256 algorithm. The SHA256 algorithm must be supported by the crypt(3) function. - sha512 - When a user changes their password next, encrypt it with the SHA512 algorithm. The SHA512 algorithm must be supported by the crypt(3) function. - blowfish - When a user changes their password next, encrypt it with the blowfish algorithm. The blowfish algorithm must be supported by the crypt(3) function. - gost_yescrypt - When a user changes their password next, encrypt it with the gost-yescrypt algorithm. The gost-yescrypt algorithm must be supported by the crypt(3) function. - yescrypt - When a user changes their password next, encrypt it with the yescrypt algorithm. The yescrypt algorithm must be supported by the crypt(3) function.
sca.check.rationale: The SHA-512 and yescrypt algorithms provide a stronger hash than other algorithms used by Linux for password hash generation. A stronger hash provides additional protection to the system by increasing the level of effort needed for an attacker to successfully determine local user passwords. Note: These changes only apply to the local system. Internal Only - General.
sca.check.remediation: Run the following command: # awk '/Password-Type:/{ f = 1;next } /-Type:/{ f = 0 } f {if (/pam_unix\.so/) print FILENAME}' /usr/share/pam-configs/* Edit any returned files and edit or add a strong hashing algorithm, either sha512 or yescrypt, that meets local site policy to the pam_unix lines in the Password section: Example File: Name: Unix authentication Default: yes Priority: 256 Auth-Type: Primary # <- Start of "Auth" section Auth: [success=end default=ignore] pam_unix.so try_first_pass Auth-Initial: [success=end default=ignore] pam_unix.so Account-Type: Primary # <- Start of "Account" section Account: [success=end new_authtok_reqd=done default=ignore] pam_unix.so Account-Initial: [success=end new_authtok_reqd=done default=ignore] pam_unix.so Session-Type: Additional # <- Start of "Session" section Session: required pam_unix.so Session-Initial: required pam_unix.so Password-Type: Primary # <- Start of "Password" section Password: [success=end default=ignore] pam_unix.so obscure use_authtok try_first_pass yescrypt # <- **ensure hashing algorithm is either sha512 or yescrypt** Password-Initial: [success=end default=ignore] pam_unix.so obscure yescrypt # <- **ensure hashing algorithm is either sha512 or yescrypt** Run the following command to update the files in the /etc/pam.d/ directory: # pam-auth-update --enable <MODIFIED_PROFILE_NAME> Example: # pam-auth-update --enable unix.
sca.check.compliance.cis: 5.3.3.4.3
sca.check.compliance.cis_csc_v8: 3.11
sca.check.compliance.cis_csc_v7: 16.4
sca.check.compliance.cmmc_v2.0: AC.L2-3.1.19,IA.L2-3.5.10,MP.L2-3.8.1,SC.L2-3.13.11,SC.L2-3.13.16
sca.check.compliance.hipaa: 164.312(a)(2)(iv),164.312(e)(2)(ii)
sca.check.compliance.iso_27001-2013: A.10.1.1
sca.check.compliance.mitre_mitigations: M1041
sca.check.compliance.mitre_tactics: TA0006
sca.check.compliance.mitre_techniques: T1003,T1003.008,T1110,T1110.002
sca.check.compliance.nist_sp_800-53: SC-28,SC-28(1)
sca.check.compliance.pci_dss_v3.2.1: 3.4,3.4.1,8.2.1
sca.check.compliance.pci_dss_v4.0: 3.1.1,3.3.2,3.3.3,3.5.1,3.5.1.2,3.5.1.3,8.3.2
sca.check.compliance.soc_2: CC6.1
sca.check.file: ["/etc/pam.d/common-password"]
sca.check.result: passed

** Alert 1757863500.773940: - sca,gdpr_IV_35.7.d,pci_dss_2.2,nist_800_53_CM.1,tsc_CC7.1,tsc_CC7.2,
2025 Sep 14 17:25:00 student-virtual-machine->sca
Rule: 19008 (level 3) -> 'CIS Ubuntu Linux 22.04 LTS Benchmark v2.0.0.: Ensure root is the only UID 0 account.'
{"type":"check","id":380680914,"policy":"CIS Ubuntu Linux 22.04 LTS Benchmark v2.0.0.","policy_id":"cis_ubuntu22-04","check":{"id":28740,"title":"Ensure root is the only UID 0 account.","description":"Any account with UID 0 has superuser privileges on the system.","rationale":"This access must be limited to only the default root account and only from the system console. Administrative access must be through an unprivileged account using an approved mechanism as noted in Item 5.6 Ensure access to the su command is restricted.","remediation":"Run the following command to change the root account UID to 0: # usermod -u 0 root Modify any users other than root with UID 0 and assign them a new UID.","compliance":{"cis":"5.4.2.1","mitre_mitigations":"M1026","mitre_tactics":"TA0001","mitre_techniques":"T1548"},"rules":["not f:/etc/passwd -> !r:^\\s*\\t*# && !r:^root: && r:^\\w+:\\w+:0:"],"condition":"all","file":"/etc/passwd","result":"passed"}}
sca.type: check
sca.scan_id: 380680914
sca.policy: CIS Ubuntu Linux 22.04 LTS Benchmark v2.0.0.
sca.check.id: 28740
sca.check.title: Ensure root is the only UID 0 account.
sca.check.description: Any account with UID 0 has superuser privileges on the system.
sca.check.rationale: This access must be limited to only the default root account and only from the system console. Administrative access must be through an unprivileged account using an approved mechanism as noted in Item 5.6 Ensure access to the su command is restricted.
sca.check.remediation: Run the following command to change the root account UID to 0: # usermod -u 0 root Modify any users other than root with UID 0 and assign them a new UID.
sca.check.compliance.cis: 5.4.2.1
sca.check.compliance.mitre_mitigations: M1026
sca.check.compliance.mitre_tactics: TA0001
sca.check.compliance.mitre_techniques: T1548
sca.check.file: ["/etc/passwd"]
sca.check.result: passed

** Alert 1757863500.776087: - sca,gdpr_IV_35.7.d,pci_dss_2.2,nist_800_53_CM.1,tsc_CC7.1,tsc_CC7.2,
2025 Sep 14 17:25:00 student-virtual-machine->sca
Rule: 19008 (level 3) -> 'CIS Ubuntu Linux 22.04 LTS Benchmark v2.0.0.: Ensure root is the only GID 0 account.'
{"type":"check","id":380680914,"policy":"CIS Ubuntu Linux 22.04 LTS Benchmark v2.0.0.","policy_id":"cis_ubuntu22-04","check":{"id":28741,"title":"Ensure root is the only GID 0 account.","description":"The usermod command can be used to specify which group the root account belongs to. This affects permissions of files that are created by the root account.","rationale":"Using GID 0 for the root account helps prevent root -owned files from accidentally becoming accessible to non-privileged users.","remediation":"Run the following command to set the root user's GID to 0: # usermod -g 0 root Run the following command to set the root group's GID to 0: # groupmod -g 0 root Remove any users other than the root user with GID 0 or assign them a new GID if appropriate.","compliance":{"cis":"5.4.2.2","cis_csc_v8":"3.3","cis_csc_v7":"14.6","cmmc_v2.0":"AC.L1-3.1.1,AC.L1-3.1.2,AC.L2-3.1.3,AC.L2-3.1.5,MP.L2-3.8.2","hipaa":"164.308(a)(3)(i),164.308(a)(3)(ii)(A),164.312(a)(1)","iso_27001-2013":"A.9.1.1","mitre_mitigations":"M1026","mitre_tactics":"TA0005","mitre_techniques":"T1548","nist_sp_800-53":"AC-5,AC-6","pci_dss_v3.2.1":"7.1,7.1.1,7.1.2,7.1.3","pci_dss_v4.0":"1.3.1,7.1","soc_2":"CC5.2,CC6.1"},"rules":["not f:/etc/passwd -> !r:^\\s*\\t*# && !r:^root: && r:^\\w+:\\w+:\\w+:0:"],"condition":"all","file":"/etc/passwd","result":"passed"}}
sca.type: check
sca.scan_id: 380680914
sca.policy: CIS Ubuntu Linux 22.04 LTS Benchmark v2.0.0.
sca.check.id: 28741
sca.check.title: Ensure root is the only GID 0 account.
sca.check.description: The usermod command can be used to specify which group the root account belongs to. This affects permissions of files that are created by the root account.
sca.check.rationale: Using GID 0 for the root account helps prevent root -owned files from accidentally becoming accessible to non-privileged users.
sca.check.remediation: Run the following command to set the root user's GID to 0: # usermod -g 0 root Run the following command to set the root group's GID to 0: # groupmod -g 0 root Remove any users other than the root user with GID 0 or assign them a new GID if appropriate.
sca.check.compliance.cis: 5.4.2.2
sca.check.compliance.cis_csc_v8: 3.3
sca.check.compliance.cis_csc_v7: 14.6
sca.check.compliance.cmmc_v2.0: AC.L1-3.1.1,AC.L1-3.1.2,AC.L2-3.1.3,AC.L2-3.1.5,MP.L2-3.8.2
sca.check.compliance.hipaa: 164.308(a)(3)(i),164.308(a)(3)(ii)(A),164.312(a)(1)
sca.check.compliance.iso_27001-2013: A.9.1.1
sca.check.compliance.mitre_mitigations: M1026
sca.check.compliance.mitre_tactics: TA0005
sca.check.compliance.mitre_techniques: T1548
sca.check.compliance.nist_sp_800-53: AC-5,AC-6
sca.check.compliance.pci_dss_v3.2.1: 7.1,7.1.1,7.1.2,7.1.3
sca.check.compliance.pci_dss_v4.0: 1.3.1,7.1
sca.check.compliance.soc_2: CC5.2,CC6.1
sca.check.file: ["/etc/passwd"]
sca.check.result: passed

** Alert 1757863500.779179: - sca,gdpr_IV_35.7.d,pci_dss_2.2,nist_800_53_CM.1,tsc_CC7.1,tsc_CC7.2,
2025 Sep 14 17:25:00 student-virtual-machine->sca
Rule: 19007 (level 7) -> 'CIS Ubuntu Linux 22.04 LTS Benchmark v2.0.0.: Ensure root password is set.'
{"type":"check","id":380680914,"policy":"CIS Ubuntu Linux 22.04 LTS Benchmark v2.0.0.","policy_id":"cis_ubuntu22-04","check":{"id":28742,"title":"Ensure root password is set.","description":"There are a number of methods to access the root account directly. Without a password set any user would be able to gain access and thus control over the entire system.","rationale":"Access to root should be secured at all times.","remediation":"Run the following command to set a password for the root user: # passwd root.","compliance":{"cis":"5.4.2.4","cis_csc_v8":"3.3","cis_csc_v7":"14.6","cmmc_v2.0":"AC.L1-3.1.1,AC.L1-3.1.2,AC.L2-3.1.3,AC.L2-3.1.5,MP.L2-3.8.2","hipaa":"164.308(a)(3)(i),164.308(a)(3)(ii)(A),164.312(a)(1)","iso_27001-2013":"A.9.1.1","mitre_mitigations":"M1026","mitre_tactics":"TA0005","mitre_techniques":"T1078","nist_sp_800-53":"AC-5,AC-6","pci_dss_v3.2.1":"7.1,7.1.1,7.1.2,7.1.3","pci_dss_v4.0":"1.3.1,7.1","soc_2":"CC5.2,CC6.1"},"rules":["c:passwd -S root -> r:^root\\s*\\t*P"],"condition":"all","command":"passwd -S root","result":"failed"}}
sca.type: check
sca.scan_id: 380680914
sca.policy: CIS Ubuntu Linux 22.04 LTS Benchmark v2.0.0.
sca.check.id: 28742
sca.check.title: Ensure root password is set.
sca.check.description: There are a number of methods to access the root account directly. Without a password set any user would be able to gain access and thus control over the entire system.
sca.check.rationale: Access to root should be secured at all times.
sca.check.remediation: Run the following command to set a password for the root user: # passwd root.
sca.check.compliance.cis: 5.4.2.4
sca.check.compliance.cis_csc_v8: 3.3
sca.check.compliance.cis_csc_v7: 14.6
sca.check.compliance.cmmc_v2.0: AC.L1-3.1.1,AC.L1-3.1.2,AC.L2-3.1.3,AC.L2-3.1.5,MP.L2-3.8.2
sca.check.compliance.hipaa: 164.308(a)(3)(i),164.308(a)(3)(ii)(A),164.312(a)(1)
sca.check.compliance.iso_27001-2013: A.9.1.1
sca.check.compliance.mitre_mitigations: M1026
sca.check.compliance.mitre_tactics: TA0005
sca.check.compliance.mitre_techniques: T1078
sca.check.compliance.nist_sp_800-53: AC-5,AC-6
sca.check.compliance.pci_dss_v3.2.1: 7.1,7.1.1,7.1.2,7.1.3
sca.check.compliance.pci_dss_v4.0: 1.3.1,7.1
sca.check.compliance.soc_2: CC5.2,CC6.1
sca.check.command: ["passwd -S root"]
sca.check.result: failed

** Alert 1757863500.781730: - sca,gdpr_IV_35.7.d,pci_dss_2.2,nist_800_53_CM.1,tsc_CC7.1,tsc_CC7.2,
2025 Sep 14 17:25:00 student-virtual-machine->sca
Rule: 19008 (level 3) -> 'CIS Ubuntu Linux 22.04 LTS Benchmark v2.0.0.: Ensure root user umask is configured.'
{"type":"check","id":380680914,"policy":"CIS Ubuntu Linux 22.04 LTS Benchmark v2.0.0.","policy_id":"cis_ubuntu22-04","check":{"id":28743,"title":"Ensure root user umask is configured.","description":"The user file-creation mode mask (umask) is used to determine the file permission for newly created directories and files. In Linux, the default permissions for any newly created directory is 0777 (rwxrwxrwx), and for any newly created file it is 0666 (rw-rw-rw-). The umask modifies the default Linux permissions by restricting (masking) these permissions. The umask is not simply subtracted, but is processed bitwise. Bits set in the umask are cleared in the resulting file mode. umask can be set with either Octal or Symbolic values: - Octal (Numeric) Value - Represented by either three or four digits. ie umask 0027 or umask 027. If a four digit umask is used, the first digit is ignored. The remaining three digits effect the resulting permissions for user, group, and world/other respectively. - Symbolic Value - Represented by a comma separated list for User u, group g, and world/other o. The permissions listed are not masked by umask. ie a umask set by umask u=rwx,g=rx,o= is the Symbolic equivalent of the Octal umask 027. This umask would set a newly created directory with file mode drwxr-x--- and a newly created file with file mode rw-r-----. root user Shell Configuration Files: - /root/.bash_profile - Is executed to configure the root users' shell before the initial command prompt. Is only read by login shells. - /root/.bashrc - Is executed for interactive shells. only read by a shell that's both interactive and non-login umask is set by order of precedence. If umask is set in multiple locations, this order of precedence will determine the system's default umask. Order of precedence: 1. /root/.bash_profile 2. /root/.bashrc 3. The system default umask Internal Only - General.","rationale":"Setting a secure value for umask ensures that users make a conscious choice about their file permissions. A permissive umask value could result in directories or files with excessive permissions that can be read and/or written to by unauthorized users.","remediation":"Edit /root/.bash_profile and /root/.bashrc and remove, comment out, or update any line with umask to be 0027 or more restrictive.","compliance":{"cis":"5.4.2.6","cis_csc_v8":"3.3","cis_csc_v7":"14.6","cmmc_v2.0":"AC.L1-3.1.1,AC.L1-3.1.2,AC.L2-3.1.3,AC.L2-3.1.5,MP.L2-3.8.2","hipaa":"164.308(a)(3)(i),164.308(a)(3)(ii)(A),164.312(a)(1)","iso_27001-2013":"A.9.1.1","mitre_tactics":"TA0007","mitre_techniques":"T1083","nist_sp_800-53":"AC-5,AC-6","pci_dss_v3.2.1":"7.1,7.1.1,7.1.2,7.1.3","pci_dss_v4.0":"1.3.1,7.1","soc_2":"CC5.2,CC6.1"},"rules":["f:/root/.bashrc -> !r:^\\s*\\t*# && r:umask \\d0\\d|umask \\d1\\d|umask \\d4\\d|umask \\d5\\d","f:/root/.bashrc -> !r:^\\s*\\t*# && r:umask \\d0\\d|umask \\d1\\d|umask \\d4\\d|umask \\d5\\d"],"condition":"none","file":"/root/.bashrc","result":"passed"}}
sca.type: check
sca.scan_id: 380680914
sca.policy: CIS Ubuntu Linux 22.04 LTS Benchmark v2.0.0.
sca.check.id: 28743
sca.check.title: Ensure root user umask is configured.
sca.check.description: The user file-creation mode mask (umask) is used to determine the file permission for newly created directories and files. In Linux, the default permissions for any newly created directory is 0777 (rwxrwxrwx), and for any newly created file it is 0666 (rw-rw-rw-). The umask modifies the default Linux permissions by restricting (masking) these permissions. The umask is not simply subtracted, but is processed bitwise. Bits set in the umask are cleared in the resulting file mode. umask can be set with either Octal or Symbolic values: - Octal (Numeric) Value - Represented by either three or four digits. ie umask 0027 or umask 027. If a four digit umask is used, the first digit is ignored. The remaining three digits effect the resulting permissions for user, group, and world/other respectively. - Symbolic Value - Represented by a comma separated list for User u, group g, and world/other o. The permissions listed are not masked by umask. ie a umask set by umask u=rwx,g=rx,o= is the Symbolic equivalent of the Octal umask 027. This umask would set a newly created directory with file mode drwxr-x--- and a newly created file with file mode rw-r-----. root user Shell Configuration Files: - /root/.bash_profile - Is executed to configure the root users' shell before the initial command prompt. Is only read by login shells. - /root/.bashrc - Is executed for interactive shells. only read by a shell that's both interactive and non-login umask is set by order of precedence. If umask is set in multiple locations, this order of precedence will determine the system's default umask. Order of precedence: 1. /root/.bash_profile 2. /root/.bashrc 3. The system default umask Internal Only - General.
sca.check.rationale: Setting a secure value for umask ensures that users make a conscious choice about their file permissions. A permissive umask value could result in directories or files with excessive permissions that can be read and/or written to by unauthorized users.
sca.check.remediation: Edit /root/.bash_profile and /root/.bashrc and remove, comment out, or update any line with umask to be 0027 or more restrictive.
sca.check.compliance.cis: 5.4.2.6
sca.check.compliance.cis_csc_v8: 3.3
sca.check.compliance.cis_csc_v7: 14.6
sca.check.compliance.cmmc_v2.0: AC.L1-3.1.1,AC.L1-3.1.2,AC.L2-3.1.3,AC.L2-3.1.5,MP.L2-3.8.2
sca.check.compliance.hipaa: 164.308(a)(3)(i),164.308(a)(3)(ii)(A),164.312(a)(1)
sca.check.compliance.iso_27001-2013: A.9.1.1
sca.check.compliance.mitre_tactics: TA0007
sca.check.compliance.mitre_techniques: T1083
sca.check.compliance.nist_sp_800-53: AC-5,AC-6
sca.check.compliance.pci_dss_v3.2.1: 7.1,7.1.1,7.1.2,7.1.3
sca.check.compliance.pci_dss_v4.0: 1.3.1,7.1
sca.check.compliance.soc_2: CC5.2,CC6.1
sca.check.file: ["/root/.bashrc"]
sca.check.result: passed

** Alert 1757863500.787964: - sca,gdpr_IV_35.7.d,pci_dss_2.2,nist_800_53_CM.1,tsc_CC7.1,tsc_CC7.2,
2025 Sep 14 17:25:00 student-virtual-machine->sca
Rule: 19008 (level 3) -> 'CIS Ubuntu Linux 22.04 LTS Benchmark v2.0.0.: Ensure nologin is not listed in /etc/shells.'
{"type":"check","id":380680914,"policy":"CIS Ubuntu Linux 22.04 LTS Benchmark v2.0.0.","policy_id":"cis_ubuntu22-04","check":{"id":28744,"title":"Ensure nologin is not listed in /etc/shells.","description":"/etc/shells is a text file which contains the full pathnames of valid login shells. This file is consulted by chsh and available to be queried by other programs. Be aware that there are programs which consult this file to find out if a user is a normal user; for example, FTP daemons traditionally disallow access to users with shells not included in this file.","rationale":"A user can use chsh to change their configured shell. If a user has a shell configured that isn't in in /etc/shells, then the system assumes that they're somehow restricted. In the case of chsh it means that the user cannot change that value. Other programs might query that list and apply similar restrictions. By putting nologin in /etc/shells, any user that has nologin as its shell is considered a full, unrestricted user. This is not the expected behavior for nologin.","remediation":"Edit /etc/shells and remove any lines that include nologin.","compliance":{"cis":"5.4.3.1"},"rules":["f:/etc/shells -> r:nologin"],"condition":"none","file":"/etc/shells","result":"passed"}}
sca.type: check
sca.scan_id: 380680914
sca.policy: CIS Ubuntu Linux 22.04 LTS Benchmark v2.0.0.
sca.check.id: 28744
sca.check.title: Ensure nologin is not listed in /etc/shells.
sca.check.description: /etc/shells is a text file which contains the full pathnames of valid login shells. This file is consulted by chsh and available to be queried by other programs. Be aware that there are programs which consult this file to find out if a user is a normal user; for example, FTP daemons traditionally disallow access to users with shells not included in this file.
sca.check.rationale: A user can use chsh to change their configured shell. If a user has a shell configured that isn't in in /etc/shells, then the system assumes that they're somehow restricted. In the case of chsh it means that the user cannot change that value. Other programs might query that list and apply similar restrictions. By putting nologin in /etc/shells, any user that has nologin as its shell is considered a full, unrestricted user. This is not the expected behavior for nologin.
sca.check.remediation: Edit /etc/shells and remove any lines that include nologin.
sca.check.compliance.cis: 5.4.3.1
sca.check.file: ["/etc/shells"]
sca.check.result: passed

** Alert 1757863500.790728: - sca,gdpr_IV_35.7.d,pci_dss_2.2,nist_800_53_CM.1,tsc_CC7.1,tsc_CC7.2,
2025 Sep 14 17:25:00 student-virtual-machine->sca
Rule: 19008 (level 3) -> 'CIS Ubuntu Linux 22.04 LTS Benchmark v2.0.0.: Ensure default user umask is configured.'
{"type":"check","id":380680914,"policy":"CIS Ubuntu Linux 22.04 LTS Benchmark v2.0.0.","policy_id":"cis_ubuntu22-04","check":{"id":28745,"title":"Ensure default user umask is configured.","description":"The user file-creation mode mask (umask) is used to determine the file permission for newly created directories and files. In Linux, the default permissions for any newly created directory is 0777 (rwxrwxrwx), and for any newly created file it is 0666 (rw-rw-rw-). The umask modifies the default Linux permissions by restricting (masking) these permissions. The umask is not simply subtracted, but is processed bitwise. Bits set in the umask are cleared in the resulting file mode. umask can be set with either Octal or Symbolic values: - Octal (Numeric) Value - Represented by either three or four digits. ie umask 0027 or umask 027. If a four digit umask is used, the first digit is ignored. The remaining three digits effect the resulting permissions for user, group, and world/other respectively. - Symbolic Value - Represented by a comma separated list for User u, group g, and world/other o. The permissions listed are not masked by umask. ie a umask set by umask u=rwx,g=rx,o= is the Symbolic equivalent of the Octal umask 027. This umask would set a newly created directory with file mode drwxr-x--- and a newly created file with file mode rw-r-----. The default umask can be set to use the pam_umask module or in a System Wide Shell Configuration File. The user creating the directories or files has the discretion of changing the permissions via the chmod command, or choosing a different default umask by adding the umask command into a User Shell Configuration File, ( .bash_profile or .bashrc), in their home directory. Internal Only - General Setting the default umask: - pam_umask module: o will set the umask according to the system default in /etc/login.defs and user settings, solving the problem of different umask settings with different shells, display managers, remote sessions etc. o umask=<mask> value in the /etc/login.defs file is interpreted as Octal o Setting USERGROUPS_ENAB to yes in /etc/login.defs (default): - will enable setting of the umask group bits to be the same as owner bits. (examples: 022 -> 002, 077 -> 007) for non-root users, if the uid is the same as gid, and username is the same as the <primary group name> - userdel will remove the user's group if it contains no more members, and useradd will create by default a group with the name of the user - System Wide Shell Configuration File: o /etc/profile - used to set system wide environmental variables on users shells. The variables are sometimes the same ones that are in the .bash_profile, however this file is used to set an initial PATH or PS1 for all shell users of the system. is only executed for interactive login shells, or shells executed with the --login parameter. o /etc/profile.d - /etc/profile will execute the scripts within /etc/profile.d/*.sh. It is recommended to place your configuration in a shell script within /etc/profile.d to set your own system wide environmental variables. o /etc/bashrc - System wide version of .bashrc. In Fedora derived distributions, etc/bashrc also invokes /etc/profile.d/*.sh if non-login shell, but redirects output to /dev/null if non-interactive. Is only executed for interactive shells or if BASH_ENV is set to /etc/bashrc. User Shell Configuration Files: - ~/.bash_profile - Is executed to configure your shell before the initial command prompt. Is only read by login shells. - ~/.bashrc - Is executed for interactive shells. only read by a shell that's both interactive and non-login umask is set by order of precedence. If umask is set in multiple locations, this order of precedence will determine the system's default umask. Internal Only - General Order of precedence: 1. A file in /etc/profile.d/ ending in .sh - This will override any other system-wide umask setting 2. In the file /etc/profile 3. On the pam_umask.so module in /etc/pam.d/postlogin 4. In the file /etc/login.defs 5. In the file /etc/default/login.","rationale":"Setting a secure default value for umask ensures that users make a conscious choice about their file permissions. A permissive umask value could result in directories or files with excessive permissions that can be read and/or written to by unauthorized users. Internal Only - General.","remediation":"Run the following script and perform the instructions in the output: #!/usr/bin/env bash { l_output=\"\" l_output2=\"\" l_out=\"\" file_umask_chk() { if grep -Psiq -- '^\\h*umask\\h+(0?[0-7][2- 7]7|u(=[rwx]{0,3}),g=([rx]{0,2}),o=)(\\h*#.*)?$' \"$l_file\"; then l_out=\"$l_out\\n - umask is set correctly in \\\"$l_file\\\"\" elif grep -Psiq -- '^\\h*umask\\h+(([0-7][0-7][01][0-7]\\b|[0-7][0-7][0- 7][0-6]\\b)|([0-7][01][0-7]\\b|[0-7][0-7][0- 6]\\b)|(u=[rwx]{1,3},)?(((g=[rx]?[rx]?w[rx]?[rx]?\\b)(,o=[rwx]{1,3})?)|((g=[wrx ]{1,3},)?o=[wrx]{1,3}\\b)))' \"$l_file\"; then l_output2=\"$l_output2\\n - \\\"$l_file\\\"\" fi } while IFS= read -r -d $'\\0' l_file; do file_umask_chk done < <(find /etc/profile.d/ -type f -name '*.sh' -print0) [ -n \"$l_out\" ] && l_output=\"$l_out\" l_file=\"/etc/profile\" && file_umask_chk l_file=\"/etc/bashrc\" && file_umask_chk l_file=\"/etc/bash.bashrc\" && file_umask_chk l_file=\"/etc/pam.d/postlogin\" if grep -Psiq '^\\h*session\\h+[^#\\n\\r]+\\h+pam_umask\\.so\\h+([^#\\n\\r]+\\h+)?umask=(([0-7][0- 7][01][0-7]\\b|[0-7][0-7][0-7][0-6]\\b)|([0-7][01][0-7]\\b))' \"$l_file\"; then l_output2=\"$l_output2\\n - \\\"$l_file\\\"\" fi l_file=\"/etc/login.defs\" && file_umask_chk l_file=\"/etc/default/login\" && file_umask_chk if [ -z \"$l_output2\" ]; then echo -e \" - No files contain a UMASK that is not restrictive enough\\n No UMASK updates required to existing files\" else echo -e \"\\n - UMASK is not restrictive enough in the following file(s):$l_output2\\n\\n- Remediation Procedure:\\n - Update these files and comment out the UMASK line\\n or update umask to be \\\"0027\\\" or more restrictive\" fi if [ -n \"$l_output\" ]; then echo -e \"$l_output\" else echo -e \" - Configure UMASK in a file in the \\\"/etc/profile.d/\\\" directory ending in \\\".sh\\\"\\n\\n Example Command (Hash to represent being run at a root prompt):\\n\\n# printf '%s\\\\\\n' \\\"umask 027\\\" > /etc/profile.d/50-systemwide_umask.sh\\n\" fi } Internal Only - General Note: - This method only applies to bash and shell. If other shells are supported on the - system, it is recommended that their configuration files also are checked If the pam_umask.so module is going to be used to set umask, ensure that it's not being overridden by another setting. Refer to the PAM_UMASK(8) man page for more information.","compliance":{"cis":"5.4.3.3","cis_csc_v8":"3.3","cis_csc_v7":"14.6","cmmc_v2.0":"AC.L1-3.1.1,AC.L1-3.1.2,AC.L2-3.1.3,AC.L2-3.1.5,MP.L2-3.8.2","hipaa":"164.308(a)(3)(i),164.308(a)(3)(ii)(A),164.312(a)(1)","iso_27001-2013":"A.9.1.1","mitre_tactics":"TA0007","mitre_techniques":"T1083","nist_sp_800-53":"AC-5,AC-6","pci_dss_v3.2.1":"7.1,7.1.1,7.1.2,7.1.3","pci_dss_v4.0":"1.3.1,7.1","soc_2":"CC5.2,CC6.1"},"rules":["f:/etc/bash.bashrc -> !r:^\\s*\\t*# && r:umask \\d0\\d|umask \\d1\\d|umask \\d4\\d|umask \\d5\\d","f:/etc/bash.bashrc -> !r:^\\s*\\t*# && n:umask \\d\\d(\\d) compare != 7","f:/etc/profile -> !r:^\\s*\\t*# && r:umask \\d0\\d|umask \\d1\\d|umask \\d4\\d|umask \\d5\\d","f:/etc/profile -> !r:^\\s*\\t*# && n:umask \\d\\d(\\d) compare != 7","d:/etc/profile.d -> .sh -> !r:^\\s*\\t*# && r:umask \\d0\\d|umask \\d1\\d|umask \\d4\\d|umask \\d5\\d","d:/etc/profile.d -> .sh -> !r:^\\s*t*# && n:umask \\d\\d(\\d) compare != 7"],"condition":"none","file":"/etc/bash.bashrc,/etc/profile","directory":"/etc/profile.d","result":"passed"}}
sca.type: check
sca.scan_id: 380680914
sca.policy: CIS Ubuntu Linux 22.04 LTS Benchmark v2.0.0.
sca.check.id: 28745
sca.check.title: Ensure default user umask is configured.
sca.check.description: The user file-creation mode mask (umask) is used to determine the file permission for newly created directories and files. In Linux, the default permissions for any newly created directory is 0777 (rwxrwxrwx), and for any newly created file it is 0666 (rw-rw-rw-). The umask modifies the default Linux permissions by restricting (masking) these permissions. The umask is not simply subtracted, but is processed bitwise. Bits set in the umask are cleared in the resulting file mode. umask can be set with either Octal or Symbolic values: - Octal (Numeric) Value - Represented by either three or four digits. ie umask 0027 or umask 027. If a four digit umask is used, the first digit is ignored. The remaining three digits effect the resulting permissions for user, group, and world/other respectively. - Symbolic Value - Represented by a comma separated list for User u, group g, and world/other o. The permissions listed are not masked by umask. ie a umask set by umask u=rwx,g=rx,o= is the Symbolic equivalent of the Octal umask 027. This umask would set a newly created directory with file mode drwxr-x--- and a newly created file with file mode rw-r-----. The default umask can be set to use the pam_umask module or in a System Wide Shell Configuration File. The user creating the directories or files has the discretion of changing the permissions via the chmod command, or choosing a different default umask by adding the umask command into a User Shell Configuration File, ( .bash_profile or .bashrc), in their home directory. Internal Only - General Setting the default umask: - pam_umask module: o will set the umask according to the system default in /etc/login.defs and user settings, solving the problem of different umask settings with different shells, display managers, remote sessions etc. o umask=<mask> value in the /etc/login.defs file is interpreted as Octal o Setting USERGROUPS_ENAB to yes in /etc/login.defs (default): - will enable setting of the umask group bits to be the same as owner bits. (examples: 022 -> 002, 077 -> 007) for non-root users, if the uid is the same as gid, and username is the same as the <primary group name> - userdel will remove the user's group if it contains no more members, and useradd will create by default a group with the name of the user - System Wide Shell Configuration File: o /etc/profile - used to set system wide environmental variables on users shells. The variables are sometimes the same ones that are in the .bash_profile, however this file is used to set an initial PATH or PS1 for all shell users of the system. is only executed for interactive login shells, or shells executed with the --login parameter. o /etc/profile.d - /etc/profile will execute the scripts within /etc/profile.d/*.sh. It is recommended to place your configuration in a shell script within /etc/profile.d to set your own system wide environmental variables. o /etc/bashrc - System wide version of .bashrc. In Fedora derived distributions, etc/bashrc also invokes /etc/profile.d/*.sh if non-login shell, but redirects output to /dev/null if non-interactive. Is only executed for interactive shells or if BASH_ENV is set to /etc/bashrc. User Shell Configuration Files: - ~/.bash_profile - Is executed to configure your shell before the initial command prompt. Is only read by login shells. - ~/.bashrc - Is executed for interactive shells. only read by a shell that's both interactive and non-login umask is set by order of precedence. If umask is set in multiple locations, this order of precedence will determine the system's default umask. Internal Only - General Order of precedence: 1. A file in /etc/profile.d/ ending in .sh - This will override any other system-wide umask setting 2. In the file /etc/profile 3. On the pam_umask.so module in /etc/pam.d/postlogin 4. In the file /etc/login.defs 5. In the file /etc/default/login.
sca.check.rationale: Setting a secure default value for umask ensures that users make a conscious choice about their file permissions. A permissive umask value could result in directories or files with excessive permissions that can be read and/or written to by unauthorized users. Internal Only - General.
sca.check.remediation: Run the following script and perform the instructions in the output: #!/usr/bin/env bash { l_output="" l_output2="" l_out="" file_umask_chk() { if grep -Psiq -- '^\h*umask\h+(0?[0-7][2- 7]7|u(=[rwx]{0,3}),g=([rx]{0,2}),o=)(\h*#.*)?$' "$l_file"; then l_out="$l_out\n - umask is set correctly in \"$l_file\"" elif grep -Psiq -- '^\h*umask\h+(([0-7][0-7][01][0-7]\b|[0-7][0-7][0- 7][0-6]\b)|([0-7][01][0-7]\b|[0-7][0-7][0- 6]\b)|(u=[rwx]{1,3},)?(((g=[rx]?[rx]?w[rx]?[rx]?\b)(,o=[rwx]{1,3})?)|((g=[wrx ]{1,3},)?o=[wrx]{1,3}\b)))' "$l_file"; then l_output2="$l_output2\n - \"$l_file\"" fi } while IFS= read -r -d $'\0' l_file; do file_umask_chk done < <(find /etc/profile.d/ -type f -name '*.sh' -print0) [ -n "$l_out" ] && l_output="$l_out" l_file="/etc/profile" && file_umask_chk l_file="/etc/bashrc" && file_umask_chk l_file="/etc/bash.bashrc" && file_umask_chk l_file="/etc/pam.d/postlogin" if grep -Psiq '^\h*session\h+[^#\n\r]+\h+pam_umask\.so\h+([^#\n\r]+\h+)?umask=(([0-7][0- 7][01][0-7]\b|[0-7][0-7][0-7][0-6]\b)|([0-7][01][0-7]\b))' "$l_file"; then l_output2="$l_output2\n - \"$l_file\"" fi l_file="/etc/login.defs" && file_umask_chk l_file="/etc/default/login" && file_umask_chk if [ -z "$l_output2" ]; then echo -e " - No files contain a UMASK that is not restrictive enough\n No UMASK updates required to existing files" else echo -e "\n - UMASK is not restrictive enough in the following file(s):$l_output2\n\n- Remediation Procedure:\n - Update these files and comment out the UMASK line\n or update umask to be \"0027\" or more restrictive" fi if [ -n "$l_output" ]; then echo -e "$l_output" else echo -e " - Configure UMASK in a file in the \"/etc/profile.d/\" directory ending in \".sh\"\n\n Example Command (Hash to represent being run at a root prompt):\n\n# printf '%s\\\n' \"umask 027\" > /etc/profile.d/50-systemwide_umask.sh\n" fi } Internal Only - General Note: - This method only applies to bash and shell. If other shells are supported on the - system, it is recommended that their configuration files also are checked If the pam_umask.so module is going to be used to set umask, ensure that it's not being overridden by another setting. Refer to the PAM_UMASK(8) man page for more information.
sca.check.compliance.cis: 5.4.3.3
sca.check.compliance.cis_csc_v8: 3.3
sca.check.compliance.cis_csc_v7: 14.6
sca.check.compliance.cmmc_v2.0: AC.L1-3.1.1,AC.L1-3.1.2,AC.L2-3.1.3,AC.L2-3.1.5,MP.L2-3.8.2
sca.check.compliance.hipaa: 164.308(a)(3)(i),164.308(a)(3)(ii)(A),164.312(a)(1)
sca.check.compliance.iso_27001-2013: A.9.1.1
sca.check.compliance.mitre_tactics: TA0007
sca.check.compliance.mitre_techniques: T1083
sca.check.compliance.nist_sp_800-53: AC-5,AC-6
sca.check.compliance.pci_dss_v3.2.1: 7.1,7.1.1,7.1.2,7.1.3
sca.check.compliance.pci_dss_v4.0: 1.3.1,7.1
sca.check.compliance.soc_2: CC5.2,CC6.1
sca.check.file: ["/etc/bash.bashrc", "/etc/profile"]
sca.check.directory: ["/etc/profile.d"]
sca.check.result: passed

** Alert 1757863500.806104: - sca,gdpr_IV_35.7.d,pci_dss_2.2,nist_800_53_CM.1,tsc_CC7.1,tsc_CC7.2,
2025 Sep 14 17:25:00 student-virtual-machine->sca
Rule: 19007 (level 7) -> 'CIS Ubuntu Linux 22.04 LTS Benchmark v2.0.0.: Ensure filesystem integrity is regularly checked.'
{"type":"check","id":380680914,"policy":"CIS Ubuntu Linux 22.04 LTS Benchmark v2.0.0.","policy_id":"cis_ubuntu22-04","check":{"id":28746,"title":"Ensure filesystem integrity is regularly checked.","description":"Periodic checking of the filesystem integrity is needed to detect changes to the filesystem.","rationale":"Periodic file checking allows the system administrator to determine on a regular basis if critical files have been changed in an unauthorized fashion.","remediation":"If cron will be used to schedule and run aide check: Run the following command: # crontab -u root -e Add the following line to the crontab: 0 5 * * * /usr/bin/aide.wrapper --config /etc/aide/aide.conf --update - OR - If aidecheck.service and aidecheck.timer will be used to schedule and run aide check: Create or edit the file /etc/systemd/system/aidecheck.service and add the following lines: [Unit] Description=Aide Check [Service] Type=simple ExecStart=/usr/bin/aide.wrapper --config /etc/aide/aide.conf --update [Install] WantedBy=multi-user.target Create or edit the file /etc/systemd/system/aidecheck.timer and add the following lines: [Unit] Description=Aide check every day at 5AM [Timer] OnCalendar=*-*-* 05:00:00 Unit=aidecheck.service [Install] WantedBy=multi-user.target Run the following commands: # chown root:root /etc/systemd/system/aidecheck.* # chmod 0644 /etc/systemd/system/aidecheck.* # systemctl daemon-reload # systemctl enable aidecheck.service # systemctl --now enable aidecheck.timer.","compliance":{"cis":"6.1.2","cis_csc_v8":"8.5","cis_csc_v7":"14.9","cmmc_v2.0":"AU.L2-3.3.1","iso_27001-2013":"A.12.4.3","mitre_mitigations":"M1022","mitre_tactics":"TA0040","mitre_techniques":"T1036,T1036.002,T1036.003,T1036.004,T1036.005,T1565,T1565.001","nist_sp_800-53":"AU-3(1),AU-7","pci_dss_v3.2.1":"10.1,10.2.2,10.2.4,10.2.5,10.3","pci_dss_v4.0":"10.2,10.2.1,10.2.1.2,10.2.1.5,9.4.5","soc_2":"CC5.2,CC7.2"},"rules":["c:systemctl is-enabled aidecheck.service -> r:enabled","c:systemctl is-enabled aidecheck.timer -> r:enabled","c:systemctl status aidecheck.timer -> r:Active: active"],"condition":"all","references":"https://github.com/konstruktoid/hardening/blob/master/config/aidecheck.service,https://github.com/konstruktoid/hardening/blob/master/config/aidecheck.timer","command":"systemctl is-enabled aidecheck.service","result":"failed"}}
sca.type: check
sca.scan_id: 380680914
sca.policy: CIS Ubuntu Linux 22.04 LTS Benchmark v2.0.0.
sca.check.id: 28746
sca.check.title: Ensure filesystem integrity is regularly checked.
sca.check.description: Periodic checking of the filesystem integrity is needed to detect changes to the filesystem.
sca.check.rationale: Periodic file checking allows the system administrator to determine on a regular basis if critical files have been changed in an unauthorized fashion.
sca.check.remediation: If cron will be used to schedule and run aide check: Run the following command: # crontab -u root -e Add the following line to the crontab: 0 5 * * * /usr/bin/aide.wrapper --config /etc/aide/aide.conf --update - OR - If aidecheck.service and aidecheck.timer will be used to schedule and run aide check: Create or edit the file /etc/systemd/system/aidecheck.service and add the following lines: [Unit] Description=Aide Check [Service] Type=simple ExecStart=/usr/bin/aide.wrapper --config /etc/aide/aide.conf --update [Install] WantedBy=multi-user.target Create or edit the file /etc/systemd/system/aidecheck.timer and add the following lines: [Unit] Description=Aide check every day at 5AM [Timer] OnCalendar=*-*-* 05:00:00 Unit=aidecheck.service [Install] WantedBy=multi-user.target Run the following commands: # chown root:root /etc/systemd/system/aidecheck.* # chmod 0644 /etc/systemd/system/aidecheck.* # systemctl daemon-reload # systemctl enable aidecheck.service # systemctl --now enable aidecheck.timer.
sca.check.compliance.cis: 6.1.2
sca.check.compliance.cis_csc_v8: 8.5
sca.check.compliance.cis_csc_v7: 14.9
sca.check.compliance.cmmc_v2.0: AU.L2-3.3.1
sca.check.compliance.iso_27001-2013: A.12.4.3
sca.check.compliance.mitre_mitigations: M1022
sca.check.compliance.mitre_tactics: TA0040
sca.check.compliance.mitre_techniques: T1036,T1036.002,T1036.003,T1036.004,T1036.005,T1565,T1565.001
sca.check.compliance.nist_sp_800-53: AU-3(1),AU-7
sca.check.compliance.pci_dss_v3.2.1: 10.1,10.2.2,10.2.4,10.2.5,10.3
sca.check.compliance.pci_dss_v4.0: 10.2,10.2.1,10.2.1.2,10.2.1.5,9.4.5
sca.check.compliance.soc_2: CC5.2,CC7.2
sca.check.references: https://github.com/konstruktoid/hardening/blob/master/config/aidecheck.service,https://github.com/konstruktoid/hardening/blob/master/config/aidecheck.timer
sca.check.command: ["systemctl is-enabled aidecheck.service"]
sca.check.result: failed

** Alert 1757863500.811113: - sca,gdpr_IV_35.7.d,pci_dss_2.2,nist_800_53_CM.1,tsc_CC7.1,tsc_CC7.2,
2025 Sep 14 17:25:00 student-virtual-machine->sca
Rule: 19009 (level 3) -> 'CIS Ubuntu Linux 22.04 LTS Benchmark v2.0.0.: Ensure systemd-journal-remote authentication is configured.'
{"type":"check","id":380680914,"policy":"CIS Ubuntu Linux 22.04 LTS Benchmark v2.0.0.","policy_id":"cis_ubuntu22-04","check":{"id":28747,"title":"Ensure systemd-journal-remote authentication is configured.","description":"Journald systemd-journal-upload supports the ability to send log events it gathers to a remote log host.","rationale":"Storing log data on a remote host protects log integrity from local attacks. If an attacker gains root access on the local system, they could tamper with or remove log data that is stored on the local system.","remediation":"Edit the /etc/systemd/journal-upload.conf file or a file in /etc/systemd/journal- upload.conf.d ending in .conf and ensure the following lines are set in the [Upload] section per your environment: [Upload] URL=192.168.50.42 ServerKeyFile=/etc/ssl/private/journal-upload.pem ServerCertificateFile=/etc/ssl/certs/journal-upload.pem TrustedCertificateFile=/etc/ssl/ca/trusted.pem Restart the service: # systemctl restart systemd-journal-upload.","compliance":{"cis":"6.2.1.2.2","cis_csc_v8":"8.2","cis_csc_v7":"6.2,6.3","cmmc_v2.0":"AU.L2-3.3.1","hipaa":"164.312(b)","iso_27001-2013":"A.12.4.1","mitre_mitigations":"M1029","mitre_tactics":"TA0040","mitre_techniques":"T1070,T1070.002,T1562,T1562.006","nist_sp_800-53":"AU-7","pci_dss_v3.2.1":"10.2,10.3","pci_dss_v4.0":"10.2.1,10.2.1.1,10.2.1.2,10.2.1.3,10.2.1.4,10.2.1.5,10.2.1.6,10.2.1.7,10.2.2,5.3.4,6.4.1,6.4.2"},"rules":["f:/etc/systemd/journal-upload.conf -> r:URL=","f:/etc/systemd/journal-upload.conf -> r:ServerKeyFile=","f:/etc/systemd/journal-upload.conf -> r:ServerCertificateFile=","f:/etc/systemd/journal-upload.conf -> r:TrustedCertificateFile="],"condition":"all","file":"/etc/systemd/journal-upload.conf","status":"Not applicable","reason":"Could not open file '/etc/systemd/journal-upload.conf'"}}
sca.type: check
sca.scan_id: 380680914
sca.policy: CIS Ubuntu Linux 22.04 LTS Benchmark v2.0.0.
sca.check.id: 28747
sca.check.title: Ensure systemd-journal-remote authentication is configured.
sca.check.description: Journald systemd-journal-upload supports the ability to send log events it gathers to a remote log host.
sca.check.rationale: Storing log data on a remote host protects log integrity from local attacks. If an attacker gains root access on the local system, they could tamper with or remove log data that is stored on the local system.
sca.check.remediation: Edit the /etc/systemd/journal-upload.conf file or a file in /etc/systemd/journal- upload.conf.d ending in .conf and ensure the following lines are set in the [Upload] section per your environment: [Upload] URL=192.168.50.42 ServerKeyFile=/etc/ssl/private/journal-upload.pem ServerCertificateFile=/etc/ssl/certs/journal-upload.pem TrustedCertificateFile=/etc/ssl/ca/trusted.pem Restart the service: # systemctl restart systemd-journal-upload.
sca.check.compliance.cis: 6.2.1.2.2
sca.check.compliance.cis_csc_v8: 8.2
sca.check.compliance.cis_csc_v7: 6.2,6.3
sca.check.compliance.cmmc_v2.0: AU.L2-3.3.1
sca.check.compliance.hipaa: 164.312(b)
sca.check.compliance.iso_27001-2013: A.12.4.1
sca.check.compliance.mitre_mitigations: M1029
sca.check.compliance.mitre_tactics: TA0040
sca.check.compliance.mitre_techniques: T1070,T1070.002,T1562,T1562.006
sca.check.compliance.nist_sp_800-53: AU-7
sca.check.compliance.pci_dss_v3.2.1: 10.2,10.3
sca.check.compliance.pci_dss_v4.0: 10.2.1,10.2.1.1,10.2.1.2,10.2.1.3,10.2.1.4,10.2.1.5,10.2.1.6,10.2.1.7,10.2.2,5.3.4,6.4.1,6.4.2
sca.check.file: ["/etc/systemd/journal-upload.conf"]
sca.check.result: not applicable
sca.check.reason: Could not open file '/etc/systemd/journal-upload.conf'

** Alert 1757863500.815022: - sca,gdpr_IV_35.7.d,pci_dss_2.2,nist_800_53_CM.1,tsc_CC7.1,tsc_CC7.2,
2025 Sep 14 17:25:00 student-virtual-machine->sca
Rule: 19007 (level 7) -> 'CIS Ubuntu Linux 22.04 LTS Benchmark v2.0.0.: Ensure systemd-journal-upload is enabled and active.'
{"type":"check","id":380680914,"policy":"CIS Ubuntu Linux 22.04 LTS Benchmark v2.0.0.","policy_id":"cis_ubuntu22-04","check":{"id":28748,"title":"Ensure systemd-journal-upload is enabled and active.","description":"Journald systemd-journal-upload supports the ability to send log events it gathers to a remote log host.","rationale":"Storing log data on a remote host protects log integrity from local attacks. If an attacker gains root access on the local system, they could tamper with or remove log data that is stored on the local system.","remediation":"Run the following commands to unmask, enable and start systemd-journal-upload: # systemctl unmask systemd-journal-upload.service # systemctl --now enable systemd-journal-upload.service.","compliance":{"cis":"6.2.1.2.3","cis_csc_v8":"8.2","cis_csc_v7":"6.2,6.3","cmmc_v2.0":"AU.L2-3.3.1","hipaa":"164.312(b)","iso_27001-2013":"A.12.4.1","mitre_mitigations":"M1029","mitre_tactics":"TA0040","mitre_techniques":"T1070,T1070.002,T1562,T1562.006","nist_sp_800-53":"AU-7","pci_dss_v3.2.1":"10.2,10.3","pci_dss_v4.0":"10.2.1,10.2.1.1,10.2.1.2,10.2.1.3,10.2.1.4,10.2.1.5,10.2.1.6,10.2.1.7,10.2.2,5.3.4,6.4.1,6.4.2"},"rules":["c:systemctl is-enabled systemd-journal-upload.service -> r:^enabled","c:systemctl is-active systemd-journal-upload.service -> r:^active"],"condition":"all","command":"systemctl is-enabled systemd-journal-upload.service","result":"failed"}}
sca.type: check
sca.scan_id: 380680914
sca.policy: CIS Ubuntu Linux 22.04 LTS Benchmark v2.0.0.
sca.check.id: 28748
sca.check.title: Ensure systemd-journal-upload is enabled and active.
sca.check.description: Journald systemd-journal-upload supports the ability to send log events it gathers to a remote log host.
sca.check.rationale: Storing log data on a remote host protects log integrity from local attacks. If an attacker gains root access on the local system, they could tamper with or remove log data that is stored on the local system.
sca.check.remediation: Run the following commands to unmask, enable and start systemd-journal-upload: # systemctl unmask systemd-journal-upload.service # systemctl --now enable systemd-journal-upload.service.
sca.check.compliance.cis: 6.2.1.2.3
sca.check.compliance.cis_csc_v8: 8.2
sca.check.compliance.cis_csc_v7: 6.2,6.3
sca.check.compliance.cmmc_v2.0: AU.L2-3.3.1
sca.check.compliance.hipaa: 164.312(b)
sca.check.compliance.iso_27001-2013: A.12.4.1
sca.check.compliance.mitre_mitigations: M1029
sca.check.compliance.mitre_tactics: TA0040
sca.check.compliance.mitre_techniques: T1070,T1070.002,T1562,T1562.006
sca.check.compliance.nist_sp_800-53: AU-7
sca.check.compliance.pci_dss_v3.2.1: 10.2,10.3
sca.check.compliance.pci_dss_v4.0: 10.2.1,10.2.1.1,10.2.1.2,10.2.1.3,10.2.1.4,10.2.1.5,10.2.1.6,10.2.1.7,10.2.2,5.3.4,6.4.1,6.4.2
sca.check.command: ["systemctl is-enabled systemd-journal-upload.service"]
sca.check.result: failed

** Alert 1757863500.818190: - sca,gdpr_IV_35.7.d,pci_dss_2.2,nist_800_53_CM.1,tsc_CC7.1,tsc_CC7.2,
2025 Sep 14 17:25:00 student-virtual-machine->sca
Rule: 19007 (level 7) -> 'CIS Ubuntu Linux 22.04 LTS Benchmark v2.0.0.: Ensure system warns when audit logs are low on space.'
{"type":"check","id":380680914,"policy":"CIS Ubuntu Linux 22.04 LTS Benchmark v2.0.0.","policy_id":"cis_ubuntu22-04","check":{"id":28749,"title":"Ensure system warns when audit logs are low on space.","description":"The auditd daemon can be configured to halt the system, put the system in single user mode or send a warning message, if the partition that holds the audit log files is low on space. The space_left_action parameter tells the system what action to take when the system has detected that it is starting to get low on disk space. Valid values are ignore, syslog, rotate, email, exec, suspend, single, and halt. - ignore, the audit daemon does nothing - syslog, the audit daemon will issue a warning to syslog - rotate, the audit daemon will rotate logs, losing the oldest to free up space - email, the audit daemon will send a warning to the email account specified in action_mail_acct as well as sending the message to syslog - exec, /path-to-script will execute the script. You cannot pass parameters to the script. The script is also responsible for telling the auditd daemon to resume logging once its completed its action - suspend, the audit daemon will stop writing records to the disk - single, the audit daemon will put the computer system in single user mode - halt, the audit daemon will shut down the system The admin_space_left_action parameter tells the system what action to take when the system has detected that it is low on disk space. Valid values are ignore, syslog, rotate, email, exec, suspend, single, and halt. - ignore, the audit daemon does nothing - syslog, the audit daemon will issue a warning to syslog - rotate, the audit daemon will rotate logs, losing the oldest to free up space - email, the audit daemon will send a warning to the email account specified in action_mail_acct as well as sending the message to syslog - exec, /path-to-script will execute the script. You cannot pass parameters to the script. The script is also responsible for telling the auditd daemon to resume logging once its completed its action - suspend, the audit daemon will stop writing records to the disk - single, the audit daemon will put the computer system in single user mode - halt, the audit daemon will shut down the system Internal Only - General.","rationale":"In high security contexts, the risk of detecting unauthorized access or nonrepudiation exceeds the benefit of the system's availability.","remediation":"Set the space_left_action parameter in /etc/audit/auditd.conf to email, exec, single, or halt: Example: space_left_action = email Set the admin_space_left_action parameter in /etc/audit/auditd.conf to single or halt: Example: admin_space_left_action = single Note: A Mail Transfer Agent (MTA) must be installed and configured properly to set space_left_action = email Internal Only - General.","compliance":{"cis":"6.3.2.4","cis_csc_v8":"8.2,8.3","cis_csc_v7":"6.2","cmmc_v2.0":"AU.L2-3.3.1","hipaa":"164.312(b)","iso_27001-2013":"A.12.4.1","mitre_tactics":"TA0005","mitre_techniques":"T1562,T1562.006","nist_sp_800-53":"AU-7","pci_dss_v3.2.1":"10.2,10.3,10.7","pci_dss_v4.0":"10.2.1,10.2.1.1,10.2.1.2,10.2.1.3,10.2.1.4,10.2.1.5,10.2.1.6,10.2.1.7,10.2.2,5.3.4,6.4.1,6.4.2","soc_2":"A1.1"},"rules":["d:/etc/audit","f:/etc/audit/auditd.conf","f:/etc/audit/auditd.conf -> r:^\\s*\\t*space_left_action\\s*=\\s*email|exec|single|halt","f:/etc/audit/auditd.conf -> r:^\\s*\\t*admin_space_left_action\\s*=\\s* && r:halt|single"],"condition":"all","directory":"/etc/audit","result":"failed"}}
sca.type: check
sca.scan_id: 380680914
sca.policy: CIS Ubuntu Linux 22.04 LTS Benchmark v2.0.0.
sca.check.id: 28749
sca.check.title: Ensure system warns when audit logs are low on space.
sca.check.description: The auditd daemon can be configured to halt the system, put the system in single user mode or send a warning message, if the partition that holds the audit log files is low on space. The space_left_action parameter tells the system what action to take when the system has detected that it is starting to get low on disk space. Valid values are ignore, syslog, rotate, email, exec, suspend, single, and halt. - ignore, the audit daemon does nothing - syslog, the audit daemon will issue a warning to syslog - rotate, the audit daemon will rotate logs, losing the oldest to free up space - email, the audit daemon will send a warning to the email account specified in action_mail_acct as well as sending the message to syslog - exec, /path-to-script will execute the script. You cannot pass parameters to the script. The script is also responsible for telling the auditd daemon to resume logging once its completed its action - suspend, the audit daemon will stop writing records to the disk - single, the audit daemon will put the computer system in single user mode - halt, the audit daemon will shut down the system The admin_space_left_action parameter tells the system what action to take when the system has detected that it is low on disk space. Valid values are ignore, syslog, rotate, email, exec, suspend, single, and halt. - ignore, the audit daemon does nothing - syslog, the audit daemon will issue a warning to syslog - rotate, the audit daemon will rotate logs, losing the oldest to free up space - email, the audit daemon will send a warning to the email account specified in action_mail_acct as well as sending the message to syslog - exec, /path-to-script will execute the script. You cannot pass parameters to the script. The script is also responsible for telling the auditd daemon to resume logging once its completed its action - suspend, the audit daemon will stop writing records to the disk - single, the audit daemon will put the computer system in single user mode - halt, the audit daemon will shut down the system Internal Only - General.
sca.check.rationale: In high security contexts, the risk of detecting unauthorized access or nonrepudiation exceeds the benefit of the system's availability.
sca.check.remediation: Set the space_left_action parameter in /etc/audit/auditd.conf to email, exec, single, or halt: Example: space_left_action = email Set the admin_space_left_action parameter in /etc/audit/auditd.conf to single or halt: Example: admin_space_left_action = single Note: A Mail Transfer Agent (MTA) must be installed and configured properly to set space_left_action = email Internal Only - General.
sca.check.compliance.cis: 6.3.2.4
sca.check.compliance.cis_csc_v8: 8.2,8.3
sca.check.compliance.cis_csc_v7: 6.2
sca.check.compliance.cmmc_v2.0: AU.L2-3.3.1
sca.check.compliance.hipaa: 164.312(b)
sca.check.compliance.iso_27001-2013: A.12.4.1
sca.check.compliance.mitre_tactics: TA0005
sca.check.compliance.mitre_techniques: T1562,T1562.006
sca.check.compliance.nist_sp_800-53: AU-7
sca.check.compliance.pci_dss_v3.2.1: 10.2,10.3,10.7
sca.check.compliance.pci_dss_v4.0: 10.2.1,10.2.1.1,10.2.1.2,10.2.1.3,10.2.1.4,10.2.1.5,10.2.1.6,10.2.1.7,10.2.2,5.3.4,6.4.1,6.4.2
sca.check.compliance.soc_2: A1.1
sca.check.directory: ["/etc/audit"]
sca.check.result: failed

** Alert 1757863500.825508: - sca,gdpr_IV_35.7.d,pci_dss_2.2,nist_800_53_CM.1,tsc_CC7.1,tsc_CC7.2,
2025 Sep 14 17:25:00 student-virtual-machine->sca
Rule: 19007 (level 7) -> 'CIS Ubuntu Linux 22.04 LTS Benchmark v2.0.0.: Ensure permissions on /etc/shells are configured.'
{"type":"check","id":380680914,"policy":"CIS Ubuntu Linux 22.04 LTS Benchmark v2.0.0.","policy_id":"cis_ubuntu22-04","check":{"id":28750,"title":"Ensure permissions on /etc/shells are configured.","description":"/etc/shells is a text file which contains the full pathnames of valid login shells. This file is consulted by chsh and available to be queried by other programs.","rationale":"It is critical to ensure that the /etc/shells file is protected from unauthorized access. Although it is protected by default, the file permissions could be changed either inadvertently or through malicious actions.","remediation":"Run the following commands to remove excess permissions, set owner, and set group on /etc/shells: # chmod u-x,go-wx /etc/shells # chown root:root /etc/shells.","compliance":{"cis":"7.1.9","cis_csc_v8":"3.3","cis_csc_v7":"14.6","cmmc_v2.0":"AC.L1-3.1.1,AC.L1-3.1.2,AC.L2-3.1.3,AC.L2-3.1.5,MP.L2-3.8.2","hipaa":"164.308(a)(3)(i),164.308(a)(3)(ii)(A),164.312(a)(1)","iso_27001-2013":"A.9.1.1","mitre_mitigations":"M1022","mitre_tactics":"TA0005","mitre_techniques":"T1003,T1003.008,T1222,T1222.002","nist_sp_800-53":"AC-5,AC-6","pci_dss_v3.2.1":"7.1,7.1.1,7.1.2,7.1.3","pci_dss_v4.0":"1.3.1,7.1","soc_2":"CC5.2,CC6.1"},"rules":["c:stat -Lc \"%n %a %u %U %g %G\" /etc/shells- -> r:0 root 0 root && r:644|640|604|600|400|500"],"condition":"all","command":"stat -Lc \"%n %a %u %U %g %G\" /etc/shells-","result":"failed"}}
sca.type: check
sca.scan_id: 380680914
sca.policy: CIS Ubuntu Linux 22.04 LTS Benchmark v2.0.0.
sca.check.id: 28750
sca.check.title: Ensure permissions on /etc/shells are configured.
sca.check.description: /etc/shells is a text file which contains the full pathnames of valid login shells. This file is consulted by chsh and available to be queried by other programs.
sca.check.rationale: It is critical to ensure that the /etc/shells file is protected from unauthorized access. Although it is protected by default, the file permissions could be changed either inadvertently or through malicious actions.
sca.check.remediation: Run the following commands to remove excess permissions, set owner, and set group on /etc/shells: # chmod u-x,go-wx /etc/shells # chown root:root /etc/shells.
sca.check.compliance.cis: 7.1.9
sca.check.compliance.cis_csc_v8: 3.3
sca.check.compliance.cis_csc_v7: 14.6
sca.check.compliance.cmmc_v2.0: AC.L1-3.1.1,AC.L1-3.1.2,AC.L2-3.1.3,AC.L2-3.1.5,MP.L2-3.8.2
sca.check.compliance.hipaa: 164.308(a)(3)(i),164.308(a)(3)(ii)(A),164.312(a)(1)
sca.check.compliance.iso_27001-2013: A.9.1.1
sca.check.compliance.mitre_mitigations: M1022
sca.check.compliance.mitre_tactics: TA0005
sca.check.compliance.mitre_techniques: T1003,T1003.008,T1222,T1222.002
sca.check.compliance.nist_sp_800-53: AC-5,AC-6
sca.check.compliance.pci_dss_v3.2.1: 7.1,7.1.1,7.1.2,7.1.3
sca.check.compliance.pci_dss_v4.0: 1.3.1,7.1
sca.check.compliance.soc_2: CC5.2,CC6.1
sca.check.command: ["stat -Lc \"%n %a %u %U %g %G\" /etc/shells-"]
sca.check.result: failed

** Alert 1757863500.828771: - sca,gdpr_IV_35.7.d,pci_dss_2.2,nist_800_53_CM.1,tsc_CC7.1,tsc_CC7.2,
2025 Sep 14 17:25:00 student-virtual-machine->sca
Rule: 19007 (level 7) -> 'CIS Ubuntu Linux 22.04 LTS Benchmark v2.0.0.: Ensure permissions on /etc/security/opasswd are configured.'
{"type":"check","id":380680914,"policy":"CIS Ubuntu Linux 22.04 LTS Benchmark v2.0.0.","policy_id":"cis_ubuntu22-04","check":{"id":28751,"title":"Ensure permissions on /etc/security/opasswd are configured.","description":"/etc/security/opasswd and it's backup /etc/security/opasswd.old hold user's previous passwords if pam_unix or pam_pwhistory is in use on the system.","rationale":"It is critical to ensure that /etc/security/opasswd is protected from unauthorized access. Although it is protected by default, the file permissions could be changed either inadvertently or through malicious actions.","remediation":"Run the following commands to remove excess permissions, set owner, and set group on /etc/security/opasswd and /etc/security/opasswd.old is they exist: # [ -e \"/etc/security/opasswd\" ] && chmod u-x,go-rwx /etc/security/opasswd # [ -e \"/etc/security/opasswd\" ] && chown root:root /etc/security/opasswd # [ -e \"/etc/security/opasswd.old\" ] && chmod u-x,go-rwx /etc/security/opasswd.old # [ -e \"/etc/security/opasswd.old\" ] && chown root:root /etc/security/opasswd.old.","compliance":{"cis":"7.1.10","cis_csc_v8":"3.3","cis_csc_v7":"14.6","cmmc_v2.0":"AC.L1-3.1.1,AC.L1-3.1.2,AC.L2-3.1.3,AC.L2-3.1.5,MP.L2-3.8.2","hipaa":"164.308(a)(3)(i),164.308(a)(3)(ii)(A),164.312(a)(1)","iso_27001-2013":"A.9.1.1","mitre_mitigations":"M1022","mitre_tactics":"TA0005","mitre_techniques":"T1003,T1003.008,T1222,T1222.002","nist_sp_800-53":"AC-5,AC-6","pci_dss_v3.2.1":"7.1,7.1.1,7.1.2,7.1.3","pci_dss_v4.0":"1.3.1,7.1","soc_2":"CC5.2,CC6.1"},"rules":["c:stat -Lc \"%n %a %u %U %g %G\" /etc/security/opasswds -> r:0 root 0 root && r:600|400|500"],"condition":"all","command":"stat -Lc \"%n %a %u %U %g %G\" /etc/security/opasswds","result":"failed"}}
sca.type: check
sca.scan_id: 380680914
sca.policy: CIS Ubuntu Linux 22.04 LTS Benchmark v2.0.0.
sca.check.id: 28751
sca.check.title: Ensure permissions on /etc/security/opasswd are configured.
sca.check.description: /etc/security/opasswd and it's backup /etc/security/opasswd.old hold user's previous passwords if pam_unix or pam_pwhistory is in use on the system.
sca.check.rationale: It is critical to ensure that /etc/security/opasswd is protected from unauthorized access. Although it is protected by default, the file permissions could be changed either inadvertently or through malicious actions.
sca.check.remediation: Run the following commands to remove excess permissions, set owner, and set group on /etc/security/opasswd and /etc/security/opasswd.old is they exist: # [ -e "/etc/security/opasswd" ] && chmod u-x,go-rwx /etc/security/opasswd # [ -e "/etc/security/opasswd" ] && chown root:root /etc/security/opasswd # [ -e "/etc/security/opasswd.old" ] && chmod u-x,go-rwx /etc/security/opasswd.old # [ -e "/etc/security/opasswd.old" ] && chown root:root /etc/security/opasswd.old.
sca.check.compliance.cis: 7.1.10
sca.check.compliance.cis_csc_v8: 3.3
sca.check.compliance.cis_csc_v7: 14.6
sca.check.compliance.cmmc_v2.0: AC.L1-3.1.1,AC.L1-3.1.2,AC.L2-3.1.3,AC.L2-3.1.5,MP.L2-3.8.2
sca.check.compliance.hipaa: 164.308(a)(3)(i),164.308(a)(3)(ii)(A),164.312(a)(1)
sca.check.compliance.iso_27001-2013: A.9.1.1
sca.check.compliance.mitre_mitigations: M1022
sca.check.compliance.mitre_tactics: TA0005
sca.check.compliance.mitre_techniques: T1003,T1003.008,T1222,T1222.002
sca.check.compliance.nist_sp_800-53: AC-5,AC-6
sca.check.compliance.pci_dss_v3.2.1: 7.1,7.1.1,7.1.2,7.1.3
sca.check.compliance.pci_dss_v4.0: 1.3.1,7.1
sca.check.compliance.soc_2: CC5.2,CC6.1
sca.check.command: ["stat -Lc \"%n %a %u %U %g %G\" /etc/security/opasswds"]
sca.check.result: failed

** Alert 1757863502.832684: - ossec,pci_dss_10.6.1,gpg13_10.1,gdpr_IV_35.7.d,hipaa_164.312.b,nist_800_53_AU.6,tsc_CC7.2,tsc_CC7.3,
2025 Sep 14 17:25:02 student-virtual-machine->wazuh-monitord
Rule: 502 (level 3) -> 'Wazuh server started.'
ossec: Manager started.

** Alert 1757863507.832948: - sca,gdpr_IV_35.7.d,pci_dss_2.2,nist_800_53_CM.1,tsc_CC7.1,tsc_CC7.2,
2025 Sep 14 17:25:07 student-virtual-machine->sca
Rule: 19004 (level 7) -> 'SCA summary: CIS Ubuntu Linux 22.04 LTS Benchmark v2.0.0.: Score less than 50% (42)'
{"type":"summary","scan_id":380680914,"name":"CIS Ubuntu Linux 22.04 LTS Benchmark v2.0.0.","policy_id":"cis_ubuntu22-04","file":"cis_ubuntu22-04.yml","description":"This document provides prescriptive guidance for establishing a secure configuration posture for Ubuntu Linux 22.04 LTS based on CIS benchmark for Ubuntu Linux 22.04 LTS.","references":"https://www.cisecurity.org/cis-benchmarks/","passed":76,"failed":101,"invalid":30,"total_checks":207,"score":42.9378547668457,"start_time":1757863492,"end_time":1757863493,"hash":"3aea97704a191650b761145038bfa5980a46832b6292d69fa54f5f47cefaeb9e","hash_file":"2d2bd09c7c2c3e83f1bcc674f8ee8a77fe21a8ab6141445f5cf494f36d28e3c7","force_alert":"1"}
sca.type: summary
sca.scan_id: 380680914
sca.policy: CIS Ubuntu Linux 22.04 LTS Benchmark v2.0.0.
sca.description: This document provides prescriptive guidance for establishing a secure configuration posture for Ubuntu Linux 22.04 LTS based on CIS benchmark for Ubuntu Linux 22.04 LTS.
sca.policy_id: cis_ubuntu22-04
sca.passed: 76
sca.failed: 101
sca.invalid: 30
sca.total_checks: 207
sca.score: 42
sca.file: cis_ubuntu22-04.yml

** Alert 1757863519.834335: - sca,gdpr_IV_35.7.d,pci_dss_2.2,nist_800_53_CM.1,tsc_CC7.1,tsc_CC7.2,
2025 Sep 14 17:25:19 student-virtual-machine->sca
Rule: 19004 (level 7) -> 'SCA summary: CIS Ubuntu Linux 22.04 LTS Benchmark v2.0.0.: Score less than 50% (42)'
{"type":"summary","scan_id":380680914,"name":"CIS Ubuntu Linux 22.04 LTS Benchmark v2.0.0.","policy_id":"cis_ubuntu22-04","file":"cis_ubuntu22-04.yml","description":"This document provides prescriptive guidance for establishing a secure configuration posture for Ubuntu Linux 22.04 LTS based on CIS benchmark for Ubuntu Linux 22.04 LTS.","references":"https://www.cisecurity.org/cis-benchmarks/","passed":76,"failed":101,"invalid":30,"total_checks":207,"score":42.9378547668457,"start_time":1757863492,"end_time":1757863493,"hash":"3aea97704a191650b761145038bfa5980a46832b6292d69fa54f5f47cefaeb9e","hash_file":"2d2bd09c7c2c3e83f1bcc674f8ee8a77fe21a8ab6141445f5cf494f36d28e3c7","force_alert":"1","force_alert":"1"}
sca.type: summary
sca.scan_id: 380680914
sca.policy: CIS Ubuntu Linux 22.04 LTS Benchmark v2.0.0.
sca.description: This document provides prescriptive guidance for establishing a secure configuration posture for Ubuntu Linux 22.04 LTS based on CIS benchmark for Ubuntu Linux 22.04 LTS.
sca.policy_id: cis_ubuntu22-04
sca.passed: 76
sca.failed: 101
sca.invalid: 30
sca.total_checks: 207
sca.score: 42
sca.file: cis_ubuntu22-04.yml

** Alert 1757863528.835740: - syslog,dpkg,pci_dss_10.6.1,gpg13_4.10,gdpr_IV_35.7.d,hipaa_164.312.b,nist_800_53_AU.6,tsc_CC7.2,tsc_CC7.3,tsc_CC8.1,
2025 Sep 14 17:25:28 student-virtual-machine->/var/log/dpkg.log
Rule: 2901 (level 3) -> 'New dpkg (Debian Package) requested to install.'
2025-09-14 17:25:27 install wazuh-dashboard:amd64 <none> 4.12.0-1
dpkg_status: install
package: wazuh-dashboard
arch: amd64
version: <none>

** Alert 1757863529.836166: - syslog,adduser,pci_dss_10.2.7,pci_dss_10.2.5,pci_dss_8.1.2,gpg13_4.13,gdpr_IV_35.7.d,gdpr_IV_32.2,hipaa_164.312.b,hipaa_164.312.a.2.I,hipaa_164.312.a.2.II,nist_800_53_AU.14,nist_800_53_AC.7,nist_800_53_AC.2,nist_800_53_IA.4,tsc_CC6.8,tsc_CC7.2,tsc_CC7.3,
2025 Sep 14 17:25:29 student-virtual-machine->journald
Rule: 5901 (level 8) -> 'New group added to the system.'
User: wazuh-dashboard
Sep 14 15:25:29 student-virtual-machine groupadd[123938]: new group: name=wazuh-dashboard, GID=137
gid: 137

** Alert 1757863529.836694: - syslog,adduser,pci_dss_10.2.7,pci_dss_10.2.5,pci_dss_8.1.2,gpg13_4.13,gdpr_IV_35.7.d,gdpr_IV_32.2,hipaa_164.312.b,hipaa_164.312.a.2.I,hipaa_164.312.a.2.II,nist_800_53_AU.14,nist_800_53_AC.7,nist_800_53_AC.2,nist_800_53_IA.4,tsc_CC6.8,tsc_CC7.2,tsc_CC7.3,
2025 Sep 14 17:25:29 student-virtual-machine->journald
Rule: 5902 (level 8) -> 'New user added to the system.'
User: wazuh-dashboard
Sep 14 15:25:29 student-virtual-machine useradd[123946]: new user: name=wazuh-dashboard, UID=129, GID=137, home=/nonexistent, shell=/bin/false, from=/dev/pts/2
uid: 129
gid: 137
home: /nonexistent
shell: /bin/false,

** Alert 1757863625.837329: - pam,syslog,authentication_success,pci_dss_10.2.5,gpg13_7.8,gpg13_7.9,gdpr_IV_32.2,hipaa_164.312.b,nist_800_53_AU.14,nist_800_53_AC.7,tsc_CC6.8,tsc_CC7.2,tsc_CC7.3,
2025 Sep 14 17:27:05 student-virtual-machine->journald
Rule: 5501 (level 3) -> 'PAM: Login session opened.'
User: root(uid=0)
Sep 14 15:26:59 student-virtual-machine pkexec[124354]: pam_unix(polkit-1:session): session opened for user root(uid=0) by (uid=1000)
uid: 1000

** Alert 1757863627.837794: - pam,syslog,authentication_success,pci_dss_10.2.5,gpg13_7.8,gpg13_7.9,gdpr_IV_32.2,hipaa_164.312.b,nist_800_53_AU.14,nist_800_53_AC.7,tsc_CC6.8,tsc_CC7.2,tsc_CC7.3,
2025 Sep 14 17:27:07 student-virtual-machine->journald
Rule: 5501 (level 3) -> 'PAM: Login session opened.'
User: wazuh-dashboard(uid=129)
Sep 14 15:27:07 student-virtual-machine runuser[124371]: pam_unix(runuser:session): session opened for user wazuh-dashboard(uid=129) by (uid=0)
uid: 0

** Alert 1757863627.838279: - syslog,dpkg,config_changed,pci_dss_10.6.1,pci_dss_10.2.7,gpg13_4.10,gdpr_IV_35.7.d,hipaa_164.312.b,nist_800_53_AU.6,nist_800_53_AU.14,tsc_CC7.2,tsc_CC7.3,tsc_CC6.8,tsc_CC8.1,
2025 Sep 14 17:27:07 student-virtual-machine->/var/log/dpkg.log
Rule: 2904 (level 7) -> 'Dpkg (Debian Package) half configured.'
2025-09-14 17:27:07 status half-configured wazuh-dashboard:amd64 4.12.0-1
dpkg_status: status half-configured
package: wazuh-dashboard
arch: amd64
version: 4.12.0-1

** Alert 1757863632.838779: - syslog,dpkg,config_changed,pci_dss_10.6.1,pci_dss_10.2.7,gpg13_4.10,gdpr_IV_35.7.d,hipaa_164.312.b,nist_800_53_AU.6,nist_800_53_AU.14,tsc_CC7.2,tsc_CC7.3,tsc_CC6.8,tsc_CC8.1,
2025 Sep 14 17:27:12 student-virtual-machine->/var/log/dpkg.log
Rule: 2902 (level 7) -> 'New dpkg (Debian Package) installed.'
2025-09-14 17:27:12 status installed wazuh-dashboard:amd64 4.12.0-1
dpkg_status: status installed
package: wazuh-dashboard
arch: amd64
version: 4.12.0-1

** Alert 1757863633.839265: - pam,syslog,pci_dss_10.2.5,gpg13_7.8,gpg13_7.9,gdpr_IV_32.2,hipaa_164.312.b,nist_800_53_AU.14,nist_800_53_AC.7,tsc_CC6.8,tsc_CC7.2,tsc_CC7.3,
2025 Sep 14 17:27:13 student-virtual-machine->journald
Rule: 5502 (level 3) -> 'PAM: Login session closed.'
User: wazuh-dashboard
Sep 14 15:27:11 student-virtual-machine runuser[124371]: pam_unix(runuser:session): session closed for user wazuh-dashboard

** Alert 1757863633.839691: - pam,syslog,pci_dss_10.2.5,gpg13_7.8,gpg13_7.9,gdpr_IV_32.2,hipaa_164.312.b,nist_800_53_AU.14,nist_800_53_AC.7,tsc_CC6.8,tsc_CC7.2,tsc_CC7.3,
2025 Sep 14 17:27:13 student-virtual-machine->journald
Rule: 5502 (level 3) -> 'PAM: Login session closed.'
User: wazuh-dashboard
Sep 14 15:27:12 student-virtual-machine runuser[124411]: pam_unix(runuser:session): session closed for user wazuh-dashboard

** Alert 1757863633.840117: - pam,syslog,pci_dss_10.2.5,gpg13_7.8,gpg13_7.9,gdpr_IV_32.2,hipaa_164.312.b,nist_800_53_AU.14,nist_800_53_AC.7,tsc_CC6.8,tsc_CC7.2,tsc_CC7.3,
2025 Sep 14 17:27:13 student-virtual-machine->journald
Rule: 5502 (level 3) -> 'PAM: Login session closed.'
User: wazuh-dashboard
Sep 14 15:27:12 student-virtual-machine runuser[124390]: pam_unix(runuser:session): session closed for user wazuh-dashboard

** Alert 1757863633.840543: - pam,syslog,authentication_success,pci_dss_10.2.5,gpg13_7.8,gpg13_7.9,gdpr_IV_32.2,hipaa_164.312.b,nist_800_53_AU.14,nist_800_53_AC.7,tsc_CC6.8,tsc_CC7.2,tsc_CC7.3,
2025 Sep 14 17:27:13 student-virtual-machine->journald
Rule: 5501 (level 3) -> 'PAM: Login session opened.'
User: wazuh-dashboard(uid=129)
Sep 14 15:27:11 student-virtual-machine runuser[124390]: pam_unix(runuser:session): session opened for user wazuh-dashboard(uid=129) by (uid=0)
uid: 0

** Alert 1757863633.841028: - pam,syslog,authentication_success,pci_dss_10.2.5,gpg13_7.8,gpg13_7.9,gdpr_IV_32.2,hipaa_164.312.b,nist_800_53_AU.14,nist_800_53_AC.7,tsc_CC6.8,tsc_CC7.2,tsc_CC7.3,
2025 Sep 14 17:27:13 student-virtual-machine->journald
Rule: 5501 (level 3) -> 'PAM: Login session opened.'
User: wazuh-dashboard(uid=129)
Sep 14 15:27:12 student-virtual-machine runuser[124411]: pam_unix(runuser:session): session opened for user wazuh-dashboard(uid=129) by (uid=0)
uid: 0

** Alert 1757863653.841513: - local,systemd,gpg13_4.3,gdpr_IV_35.7.d,
2025 Sep 14 17:27:33 student-virtual-machine->journald
Rule: 40704 (level 5) -> 'Systemd: Service exited due to a failure.'
Sep 14 15:27:32 student-virtual-machine systemd[1]: fwupd-refresh.service: Main process exited, code=exited, status=1/FAILURE

** Alert 1757863735.841834: - ossec,pci_dss_10.6.1,gpg13_10.1,gdpr_IV_35.7.d,hipaa_164.312.b,nist_800_53_AU.6,tsc_CC7.2,tsc_CC7.3,
2025 Sep 14 17:28:55 student-virtual-machine->wazuh-monitord
Rule: 502 (level 3) -> 'Wazuh server started.'
ossec: Manager started.

** Alert 1757863740.842098: - pam,syslog,pci_dss_10.2.5,gpg13_7.8,gpg13_7.9,gdpr_IV_32.2,hipaa_164.312.b,nist_800_53_AU.14,nist_800_53_AC.7,tsc_CC6.8,tsc_CC7.2,tsc_CC7.3,
2025 Sep 14 17:29:00 student-virtual-machine->journald
Rule: 5502 (level 3) -> 'PAM: Login session closed.'
User: root
Sep 14 15:28:58 student-virtual-machine sudo[67806]: pam_unix(sudo:session): session closed for user root

** Alert 1757863794.842495: - pam,syslog,authentication_success,pci_dss_10.2.5,gpg13_7.8,gpg13_7.9,gdpr_IV_32.2,hipaa_164.312.b,nist_800_53_AU.14,nist_800_53_AC.7,tsc_CC6.8,tsc_CC7.2,tsc_CC7.3,
2025 Sep 14 17:29:54 student-virtual-machine->journald
Rule: 5501 (level 3) -> 'PAM: Login session opened.'
User: root(uid=0)
Sep 14 15:29:52 student-virtual-machine pkexec[128281]: pam_unix(polkit-1:session): session opened for user root(uid=0) by (uid=1000)
uid: 1000

** Alert 1757864428.842960: - pam,syslog,pci_dss_10.2.5,gpg13_7.8,gpg13_7.9,gdpr_IV_32.2,hipaa_164.312.b,nist_800_53_AU.14,nist_800_53_AC.7,tsc_CC6.8,tsc_CC7.2,tsc_CC7.3,
2025 Sep 14 17:40:28 student-virtual-machine->journald
Rule: 5502 (level 3) -> 'PAM: Login session closed.'
User: root
Sep 14 15:40:27 student-virtual-machine sudo[128467]: pam_unix(sudo:session): session closed for user root

** Alert 1757864433.843358: - ossec,pci_dss_10.6.1,gpg13_10.1,gdpr_IV_35.7.d,hipaa_164.312.b,nist_800_53_AU.6,tsc_CC7.2,tsc_CC7.3,
2025 Sep 14 17:40:33 student-virtual-machine->wazuh-monitord
Rule: 502 (level 3) -> 'Wazuh server started.'
ossec: Manager started.

** Alert 1757864476.843622: - pam,syslog,pci_dss_10.2.5,gpg13_7.8,gpg13_7.9,gdpr_IV_32.2,hipaa_164.312.b,nist_800_53_AU.14,nist_800_53_AC.7,tsc_CC6.8,tsc_CC7.2,tsc_CC7.3,
2025 Sep 14 17:41:16 student-virtual-machine->journald
Rule: 5502 (level 3) -> 'PAM: Login session closed.'
User: root
Sep 14 15:41:15 student-virtual-machine sudo[130816]: pam_unix(sudo:session): session closed for user root

** Alert 1757864476.844020: - pam,syslog,authentication_success,pci_dss_10.2.5,gpg13_7.8,gpg13_7.9,gdpr_IV_32.2,hipaa_164.312.b,nist_800_53_AU.14,nist_800_53_AC.7,tsc_CC6.8,tsc_CC7.2,tsc_CC7.3,
2025 Sep 14 17:41:16 student-virtual-machine->journald
Rule: 5501 (level 3) -> 'PAM: Login session opened.'
User: root(uid=0)
Sep 14 15:41:15 student-virtual-machine sudo[130816]: pam_unix(sudo:session): session opened for user root(uid=0) by (uid=1000)
uid: 1000

** Alert 1757864476.844479: - syslog,sudo,
2025 Sep 14 17:41:16 student-virtual-machine->journald
Rule: 5403 (level 4) -> 'First time user executed sudo.'
User: root
Sep 14 15:41:15 student-virtual-machine sudo[130816]:  student : TTY=pts/0 ; PWD=/home/student ; USER=root ; COMMAND=/usr/bin/systemctl restart wazuh
tty: pts/0
pwd: /home/student
command: /usr/bin/systemctl restart wazuh

** Alert 1757865902.844868: - local,systemd,gpg13_4.3,gdpr_IV_35.7.d,
2025 Sep 14 18:05:02 student-virtual-machine->journald
Rule: 40704 (level 5) -> 'Systemd: Service exited due to a failure.'
Sep 14 16:05:02 student-virtual-machine systemd[1]: gdm.service: Main process exited, code=exited, status=1/FAILURE

** Alert 1757865929.845179: - pam,syslog,authentication_success,pci_dss_10.2.5,gpg13_7.8,gpg13_7.9,gdpr_IV_32.2,hipaa_164.312.b,nist_800_53_AU.14,nist_800_53_AC.7,tsc_CC6.8,tsc_CC7.2,tsc_CC7.3,
2025 Sep 14 18:05:29 student-virtual-machine->journald
Rule: 5501 (level 3) -> 'PAM: Login session opened.'
User: student(uid=1000)
Sep 14 16:05:27 student-virtual-machine systemd[3011]: pam_unix(systemd-user:session): session opened for user student(uid=1000) by (uid=0)
uid: 0

** Alert 1757865934.845653: - ossec,pci_dss_10.6.1,gpg13_10.1,gdpr_IV_35.7.d,hipaa_164.312.b,nist_800_53_AU.6,tsc_CC7.2,tsc_CC7.3,
2025 Sep 14 18:05:34 student-virtual-machine->wazuh-monitord
Rule: 502 (level 3) -> 'Wazuh server started.'
ossec: Manager started.

** Alert 1757865995.845917: - pam,syslog,authentication_success,pci_dss_10.2.5,gpg13_7.8,gpg13_7.9,gdpr_IV_32.2,hipaa_164.312.b,nist_800_53_AU.14,nist_800_53_AC.7,tsc_CC6.8,tsc_CC7.2,tsc_CC7.3,
2025 Sep 14 18:06:35 student-virtual-machine->journald
Rule: 5501 (level 3) -> 'PAM: Login session opened.'
User: root(uid=0)
Sep 14 16:06:34 student-virtual-machine pkexec[5689]: pam_unix(polkit-1:session): session opened for user root(uid=0) by (uid=1000)
uid: 1000

** Alert 1757866145.846380: - syslog,sudo,pci_dss_10.2.5,pci_dss_10.2.2,gpg13_7.6,gpg13_7.8,gpg13_7.13,gdpr_IV_32.2,hipaa_164.312.b,nist_800_53_AU.14,nist_800_53_AC.7,nist_800_53_AC.6,tsc_CC6.8,tsc_CC7.2,tsc_CC7.3,
2025 Sep 14 18:09:05 student-virtual-machine->journald
Rule: 5402 (level 3) -> 'Successful sudo to ROOT executed.'
User: root
Sep 14 16:09:04 student-virtual-machine sudo[5749]:  student : TTY=pts/0 ; PWD=/home/student ; USER=root ; COMMAND=/usr/bin/systemctl restart wazuh-manager
tty: pts/0
pwd: /home/student
command: /usr/bin/systemctl restart wazuh-manager

** Alert 1757866145.846958: - pam,syslog,authentication_success,pci_dss_10.2.5,gpg13_7.8,gpg13_7.9,gdpr_IV_32.2,hipaa_164.312.b,nist_800_53_AU.14,nist_800_53_AC.7,tsc_CC6.8,tsc_CC7.2,tsc_CC7.3,
2025 Sep 14 18:09:05 student-virtual-machine->journald
Rule: 5501 (level 3) -> 'PAM: Login session opened.'
User: root(uid=0)
Sep 14 16:09:04 student-virtual-machine sudo[5749]: pam_unix(sudo:session): session opened for user root(uid=0) by (uid=1000)
uid: 1000

** Alert 1757866161.847415: - pam,syslog,pci_dss_10.2.5,gpg13_7.8,gpg13_7.9,gdpr_IV_32.2,hipaa_164.312.b,nist_800_53_AU.14,nist_800_53_AC.7,tsc_CC6.8,tsc_CC7.2,tsc_CC7.3,
2025 Sep 14 18:09:21 student-virtual-machine->journald
Rule: 5502 (level 3) -> 'PAM: Login session closed.'
User: root
Sep 14 16:09:20 student-virtual-machine sudo[5749]: pam_unix(sudo:session): session closed for user root

** Alert 1757866166.847811: - ossec,pci_dss_10.6.1,gpg13_10.1,gdpr_IV_35.7.d,hipaa_164.312.b,nist_800_53_AU.6,tsc_CC7.2,tsc_CC7.3,
2025 Sep 14 18:09:26 student-virtual-machine->wazuh-monitord
Rule: 502 (level 3) -> 'Wazuh server started.'
ossec: Manager started.

** Alert 1757866653.848075: - syslog,sudo,pci_dss_10.2.5,pci_dss_10.2.2,gpg13_7.6,gpg13_7.8,gpg13_7.13,gdpr_IV_32.2,hipaa_164.312.b,nist_800_53_AU.14,nist_800_53_AC.7,nist_800_53_AC.6,tsc_CC6.8,tsc_CC7.2,tsc_CC7.3,
2025 Sep 14 18:17:33 student-virtual-machine->journald
Rule: 5402 (level 3) -> 'Successful sudo to ROOT executed.'
User: root
Sep 14 16:17:33 student-virtual-machine sudo[10100]:  student : TTY=pts/0 ; PWD=/home/student ; USER=root ; COMMAND=/usr/bin/systemctl restart wazuh-manager
tty: pts/0
pwd: /home/student
command: /usr/bin/systemctl restart wazuh-manager

** Alert 1757866653.848654: - pam,syslog,authentication_success,pci_dss_10.2.5,gpg13_7.8,gpg13_7.9,gdpr_IV_32.2,hipaa_164.312.b,nist_800_53_AU.14,nist_800_53_AC.7,tsc_CC6.8,tsc_CC7.2,tsc_CC7.3,
2025 Sep 14 18:17:33 student-virtual-machine->journald
Rule: 5501 (level 3) -> 'PAM: Login session opened.'
User: root(uid=0)
Sep 14 16:17:33 student-virtual-machine sudo[10100]: pam_unix(sudo:session): session opened for user root(uid=0) by (uid=1000)
uid: 1000

** Alert 1757866669.849112: - pam,syslog,pci_dss_10.2.5,gpg13_7.8,gpg13_7.9,gdpr_IV_32.2,hipaa_164.312.b,nist_800_53_AU.14,nist_800_53_AC.7,tsc_CC6.8,tsc_CC7.2,tsc_CC7.3,
2025 Sep 14 18:17:49 student-virtual-machine->journald
Rule: 5502 (level 3) -> 'PAM: Login session closed.'
User: root
Sep 14 16:17:48 student-virtual-machine sudo[10100]: pam_unix(sudo:session): session closed for user root

** Alert 1757866674.849509: - ossec,pci_dss_10.6.1,gpg13_10.1,gdpr_IV_35.7.d,hipaa_164.312.b,nist_800_53_AU.6,tsc_CC7.2,tsc_CC7.3,
2025 Sep 14 18:17:54 student-virtual-machine->wazuh-monitord
Rule: 502 (level 3) -> 'Wazuh server started.'
ossec: Manager started.

** Alert 1757867666.849773: - pam,syslog,authentication_success,pci_dss_10.2.5,gpg13_7.8,gpg13_7.9,gdpr_IV_32.2,hipaa_164.312.b,nist_800_53_AU.14,nist_800_53_AC.7,tsc_CC6.8,tsc_CC7.2,tsc_CC7.3,
2025 Sep 14 18:34:26 student-virtual-machine->journald
Rule: 5501 (level 3) -> 'PAM: Login session opened.'
User: root(uid=0)
Sep 14 16:34:25 student-virtual-machine sudo[14001]: pam_unix(sudo:session): session opened for user root(uid=0) by (uid=1000)
uid: 1000

** Alert 1757867666.850231: - syslog,sudo,pci_dss_10.2.5,pci_dss_10.2.2,gpg13_7.6,gpg13_7.8,gpg13_7.13,gdpr_IV_32.2,hipaa_164.312.b,nist_800_53_AU.14,nist_800_53_AC.7,nist_800_53_AC.6,tsc_CC6.8,tsc_CC7.2,tsc_CC7.3,
2025 Sep 14 18:34:26 student-virtual-machine->journald
Rule: 5402 (level 3) -> 'Successful sudo to ROOT executed.'
User: root
Sep 14 16:34:25 student-virtual-machine sudo[14001]:  student : TTY=pts/0 ; PWD=/home/student ; USER=root ; COMMAND=/usr/bin/cat /var/ossec/bin/manage_agents
tty: pts/0
pwd: /home/student
command: /usr/bin/cat /var/ossec/bin/manage_agents

** Alert 1757867666.850812: - pam,syslog,pci_dss_10.2.5,gpg13_7.8,gpg13_7.9,gdpr_IV_32.2,hipaa_164.312.b,nist_800_53_AU.14,nist_800_53_AC.7,tsc_CC6.8,tsc_CC7.2,tsc_CC7.3,
2025 Sep 14 18:34:26 student-virtual-machine->journald
Rule: 5502 (level 3) -> 'PAM: Login session closed.'
User: root
Sep 14 16:34:25 student-virtual-machine sudo[14001]: pam_unix(sudo:session): session closed for user root

** Alert 1757867690.851209: - syslog,sudo,pci_dss_10.2.5,pci_dss_10.2.2,gpg13_7.6,gpg13_7.8,gpg13_7.13,gdpr_IV_32.2,hipaa_164.312.b,nist_800_53_AU.14,nist_800_53_AC.7,nist_800_53_AC.6,tsc_CC6.8,tsc_CC7.2,tsc_CC7.3,
2025 Sep 14 18:34:50 student-virtual-machine->journald
Rule: 5402 (level 3) -> 'Successful sudo to ROOT executed.'
User: root
Sep 14 16:34:49 student-virtual-machine sudo[14020]:  student : TTY=pts/0 ; PWD=/home/student ; USER=root ; COMMAND=/usr/bin/sudo !
tty: pts/0
pwd: /home/student
command: /usr/bin/sudo !

** Alert 1757867690.851738: - pam,syslog,authentication_success,pci_dss_10.2.5,gpg13_7.8,gpg13_7.9,gdpr_IV_32.2,hipaa_164.312.b,nist_800_53_AU.14,nist_800_53_AC.7,tsc_CC6.8,tsc_CC7.2,tsc_CC7.3,
2025 Sep 14 18:34:50 student-virtual-machine->journald
Rule: 5501 (level 3) -> 'PAM: Login session opened.'
User: root(uid=0)
Sep 14 16:34:49 student-virtual-machine sudo[14020]: pam_unix(sudo:session): session opened for user root(uid=0) by (uid=1000)
uid: 1000

** Alert 1757867690.852196: - pam,syslog,pci_dss_10.2.5,gpg13_7.8,gpg13_7.9,gdpr_IV_32.2,hipaa_164.312.b,nist_800_53_AU.14,nist_800_53_AC.7,tsc_CC6.8,tsc_CC7.2,tsc_CC7.3,
2025 Sep 14 18:34:50 student-virtual-machine->journald
Rule: 5502 (level 3) -> 'PAM: Login session closed.'
User: root
Sep 14 16:34:49 student-virtual-machine sudo[14020]: pam_unix(sudo:session): session closed for user root

** Alert 1757867692.852593: - syslog,sudo,pci_dss_10.2.5,pci_dss_10.2.2,gpg13_7.6,gpg13_7.8,gpg13_7.13,gdpr_IV_32.2,hipaa_164.312.b,nist_800_53_AU.14,nist_800_53_AC.7,nist_800_53_AC.6,tsc_CC6.8,tsc_CC7.2,tsc_CC7.3,
2025 Sep 14 18:34:52 student-virtual-machine->journald
Rule: 5402 (level 3) -> 'Successful sudo to ROOT executed.'
User: root
Sep 14 16:34:52 student-virtual-machine sudo[14023]:  student : TTY=pts/0 ; PWD=/home/student ; USER=root ; COMMAND=/usr/bin/sudo sudo sudo !!
tty: pts/0
pwd: /home/student
command: /usr/bin/sudo sudo sudo !!

** Alert 1757867692.853144: - pam,syslog,authentication_success,pci_dss_10.2.5,gpg13_7.8,gpg13_7.9,gdpr_IV_32.2,hipaa_164.312.b,nist_800_53_AU.14,nist_800_53_AC.7,tsc_CC6.8,tsc_CC7.2,tsc_CC7.3,
2025 Sep 14 18:34:52 student-virtual-machine->journald
Rule: 5501 (level 3) -> 'PAM: Login session opened.'
User: root(uid=0)
Sep 14 16:34:52 student-virtual-machine sudo[14023]: pam_unix(sudo:session): session opened for user root(uid=0) by (uid=1000)
uid: 1000

** Alert 1757867694.853602: - syslog,sudo,
2025 Sep 14 18:34:54 student-virtual-machine->journald
Rule: 5403 (level 4) -> 'First time user executed sudo.'
User: root
Sep 14 16:34:52 student-virtual-machine sudo[14025]:     root : TTY=pts/1 ; PWD=/home/student ; USER=root ; COMMAND=/usr/bin/sudo sudo !!
tty: pts/1
pwd: /home/student
command: /usr/bin/sudo sudo !!

** Alert 1757867694.853968: - pam,syslog,authentication_success,pci_dss_10.2.5,gpg13_7.8,gpg13_7.9,gdpr_IV_32.2,hipaa_164.312.b,nist_800_53_AU.14,nist_800_53_AC.7,tsc_CC6.8,tsc_CC7.2,tsc_CC7.3,
2025 Sep 14 18:34:54 student-virtual-machine->journald
Rule: 5501 (level 3) -> 'PAM: Login session opened.'
User: root(uid=0)
Sep 14 16:34:52 student-virtual-machine sudo[14025]: pam_unix(sudo:session): session opened for user root(uid=0) by student(uid=0)
uid: 0

** Alert 1757867694.854427: - pam,syslog,pci_dss_10.2.5,gpg13_7.8,gpg13_7.9,gdpr_IV_32.2,hipaa_164.312.b,nist_800_53_AU.14,nist_800_53_AC.7,tsc_CC6.8,tsc_CC7.2,tsc_CC7.3,
2025 Sep 14 18:34:54 student-virtual-machine->journald
Rule: 5502 (level 3) -> 'PAM: Login session closed.'
User: root
Sep 14 16:34:52 student-virtual-machine sudo[14023]: pam_unix(sudo:session): session closed for user root

** Alert 1757867694.854824: - pam,syslog,pci_dss_10.2.5,gpg13_7.8,gpg13_7.9,gdpr_IV_32.2,hipaa_164.312.b,nist_800_53_AU.14,nist_800_53_AC.7,tsc_CC6.8,tsc_CC7.2,tsc_CC7.3,
2025 Sep 14 18:34:54 student-virtual-machine->journald
Rule: 5502 (level 3) -> 'PAM: Login session closed.'
User: root
Sep 14 16:34:52 student-virtual-machine sudo[14027]: pam_unix(sudo:session): session closed for user root

** Alert 1757867694.855221: - syslog,sudo,pci_dss_10.2.5,pci_dss_10.2.2,gpg13_7.6,gpg13_7.8,gpg13_7.13,gdpr_IV_32.2,hipaa_164.312.b,nist_800_53_AU.14,nist_800_53_AC.7,nist_800_53_AC.6,tsc_CC6.8,tsc_CC7.2,tsc_CC7.3,
2025 Sep 14 18:34:54 student-virtual-machine->journald
Rule: 5402 (level 3) -> 'Successful sudo to ROOT executed.'
User: root
Sep 14 16:34:52 student-virtual-machine sudo[14027]:     root : TTY=pts/2 ; PWD=/home/student ; USER=root ; COMMAND=/usr/bin/sudo !!
tty: pts/2
pwd: /home/student
command: /usr/bin/sudo !!

** Alert 1757867694.855752: - pam,syslog,authentication_success,pci_dss_10.2.5,gpg13_7.8,gpg13_7.9,gdpr_IV_32.2,hipaa_164.312.b,nist_800_53_AU.14,nist_800_53_AC.7,tsc_CC6.8,tsc_CC7.2,tsc_CC7.3,
2025 Sep 14 18:34:54 student-virtual-machine->journald
Rule: 5501 (level 3) -> 'PAM: Login session opened.'
User: root(uid=0)
Sep 14 16:34:52 student-virtual-machine sudo[14027]: pam_unix(sudo:session): session opened for user root(uid=0) by root(uid=0)
uid: 0

** Alert 1757867694.856208: - pam,syslog,pci_dss_10.2.5,gpg13_7.8,gpg13_7.9,gdpr_IV_32.2,hipaa_164.312.b,nist_800_53_AU.14,nist_800_53_AC.7,tsc_CC6.8,tsc_CC7.2,tsc_CC7.3,
2025 Sep 14 18:34:54 student-virtual-machine->journald
Rule: 5502 (level 3) -> 'PAM: Login session closed.'
User: root
Sep 14 16:34:52 student-virtual-machine sudo[14025]: pam_unix(sudo:session): session closed for user root

** Alert 1757867827.856605: - syslog,sudo,pci_dss_10.2.5,pci_dss_10.2.2,gpg13_7.6,gpg13_7.8,gpg13_7.13,gdpr_IV_32.2,hipaa_164.312.b,nist_800_53_AU.14,nist_800_53_AC.7,nist_800_53_AC.6,tsc_CC6.8,tsc_CC7.2,tsc_CC7.3,
2025 Sep 14 18:37:07 student-virtual-machine->journald
Rule: 5402 (level 3) -> 'Successful sudo to ROOT executed.'
User: root
Sep 14 16:37:05 student-virtual-machine sudo[14069]:  student : TTY=pts/0 ; PWD=/home/student ; USER=root ; COMMAND=/var/ossec/bin/manage_agents
tty: pts/0
pwd: /home/student
command: /var/ossec/bin/manage_agents

** Alert 1757867827.857160: - pam,syslog,authentication_success,pci_dss_10.2.5,gpg13_7.8,gpg13_7.9,gdpr_IV_32.2,hipaa_164.312.b,nist_800_53_AU.14,nist_800_53_AC.7,tsc_CC6.8,tsc_CC7.2,tsc_CC7.3,
2025 Sep 14 18:37:07 student-virtual-machine->journald
Rule: 5501 (level 3) -> 'PAM: Login session opened.'
User: root(uid=0)
Sep 14 16:37:05 student-virtual-machine sudo[14069]: pam_unix(sudo:session): session opened for user root(uid=0) by (uid=1000)
uid: 1000

** Alert 1757868127.857618: - pam,syslog,pci_dss_10.2.5,gpg13_7.8,gpg13_7.9,gdpr_IV_32.2,hipaa_164.312.b,nist_800_53_AU.14,nist_800_53_AC.7,tsc_CC6.8,tsc_CC7.2,tsc_CC7.3,
2025 Sep 14 18:42:07 student-virtual-machine->journald
Rule: 5502 (level 3) -> 'PAM: Login session closed.'
User: root
Sep 14 16:42:06 student-virtual-machine sudo[14069]: pam_unix(sudo:session): session closed for user root

